<?xml version="1.0" encoding="utf-8"?>
<COLLADA xmlns="http://www.collada.org/2005/11/COLLADASchema" version="1.4.1" xmlns:xsi="http://www.w3.org/2001/XMLSchema-instance">
  <asset>
    <contributor>
      <author>Blender User</author>
      <authoring_tool>Blender 2.90.1 commit date:2020-09-23, commit time:06:43, hash:3e85bb34d0d7</authoring_tool>
    </contributor>
    <created>2024-01-04T13:02:08</created>
    <modified>2024-01-04T13:02:08</modified>
    <unit name="meter" meter="1"/>
    <up_axis>Z_UP</up_axis>
  </asset>
  <library_effects>
    <effect id="fob_engy-effect">
      <profile_COMMON>
        <newparam sid="fob_engy_png-surface">
          <surface type="2D">
            <init_from>fob_engy_png</init_from>
          </surface>
        </newparam>
        <newparam sid="fob_engy_png-sampler">
          <sampler2D>
            <source>fob_engy_png-surface</source>
          </sampler2D>
        </newparam>
        <technique sid="common">
          <lambert>
            <emission>
              <color sid="emission">0 0 0 1</color>
            </emission>
            <diffuse>
              <texture texture="fob_engy_png-sampler" texcoord="UVMap"/>
            </diffuse>
            <index_of_refraction>
              <float sid="ior">1.45</float>
            </index_of_refraction>
          </lambert>
        </technique>
      </profile_COMMON>
    </effect>
    <effect id="fob_engy_illum-effect">
      <profile_COMMON>
        <newparam sid="fob_engy_png-surface">
          <surface type="2D">
            <init_from>fob_engy_png</init_from>
          </surface>
        </newparam>
        <newparam sid="fob_engy_png-sampler">
          <sampler2D>
            <source>fob_engy_png-surface</source>
          </sampler2D>
        </newparam>
        <technique sid="common">
          <lambert>
            <emission>
              <color sid="emission">0 0 0 1</color>
            </emission>
            <diffuse>
              <texture texture="fob_engy_png-sampler" texcoord="UVMap"/>
            </diffuse>
            <index_of_refraction>
              <float sid="ior">1.45</float>
            </index_of_refraction>
          </lambert>
        </technique>
      </profile_COMMON>
    </effect>
    <effect id="chain_sniper-effect">
      <profile_COMMON>
        <newparam sid="chain_sniper_png-surface">
          <surface type="2D">
            <init_from>chain_sniper_png</init_from>
          </surface>
        </newparam>
        <newparam sid="chain_sniper_png-sampler">
          <sampler2D>
            <source>chain_sniper_png-surface</source>
          </sampler2D>
        </newparam>
        <technique sid="common">
          <lambert>
            <emission>
              <color sid="emission">0 0 0 1</color>
            </emission>
            <diffuse>
              <texture texture="chain_sniper_png-sampler" texcoord="UVMap"/>
            </diffuse>
            <index_of_refraction>
              <float sid="ior">1.45</float>
            </index_of_refraction>
          </lambert>
        </technique>
      </profile_COMMON>
    </effect>
  </library_effects>
  <library_images>
    <image id="chain_sniper_png" name="chain_sniper_png">
      <init_from>chain_sniper.png</init_from>
    </image>
    <image id="fob_engy_png" name="fob_engy_png">
      <init_from>fob_engy.png</init_from>
    </image>
  </library_images>
  <library_materials>
    <material id="fob_engy-material" name="fob_engy">
      <instance_effect url="#fob_engy-effect"/>
    </material>
    <material id="fob_engy_illum-material" name="fob_engy_illum">
      <instance_effect url="#fob_engy_illum-effect"/>
    </material>
    <material id="chain_sniper-material" name="chain_sniper">
      <instance_effect url="#chain_sniper-effect"/>
    </material>
  </library_materials>
  <library_geometries>
    <geometry id="fob_e_sniperrifle-mesh" name="fob_e_sniperrifle">
      <mesh>
        <source id="fob_e_sniperrifle-mesh-positions">
          <float_array id="fob_e_sniperrifle-mesh-positions-array" count="4890">-1.189415 -13.06061 34.3565 -1.006117 -13.64972 34.31274 -1.116796 -13.64332 34.31007 -2.519913 -11.18038 33.25463 -0.933513 -11.3327 34.02355 -0.89549 -10.21623 33.16626 -1.052493 -11.55259 34.13995 -2.665179 -11.07705 26.25982 -2.658297 -12.29762 25.76474 -3.986594 -12.53811 27.33525 -3.837812 -11.32197 27.64501 -4.31329 -12.82305 29.55467 -4.157728 -11.70416 29.74731 -3.706101 -12.08872 31.83124 -3.390635 -10.90541 31.78682 -2.059878 -10.09664 32.55944 -0.86063 -9.245812 31.99505 -2.465951 -9.969838 26.63503 -3.512887 -10.23195 28.1101 -0.835956 -9.113789 27.13714 -2.012137 -9.21256 27.72445 -0.853482 -9.850584 25.91811 -0.883221 -10.90709 25.25778 -0.922518 -12.24348 24.81873 -2.785991 -12.71592 23.52292 -1.31976 -12.69837 23.27914 -0.891893 -12.70218 23.2827 -3.884788 -10.5671 29.95726 -2.82812 -9.892987 31.47706 -1.238433 -9.19581 31.65044 -0.845539 -8.88153 31.08231 -1.659848 -9.079702 31.0368 -0.835337 -8.653069 30.3364 -1.803665 -8.898244 30.28208 -1.644823 -8.801436 29.51496 -3.092851 -9.645199 30.13314 -2.801629 -9.402359 28.79385 -0.830487 -8.6028 29.55796 -1.211356 -8.694374 28.90818 -0.826867 -8.620527 28.5755 2.309103 -14.68911 32.08143 2.201213 -15.34084 33.51914 2.219995 -15.16433 32.01042 2.280985 -14.93298 33.57598 2.201213 -14.52819 33.65174 2.219995 -14.21595 32.16516 1.947094 -13.83367 32.2475 1.956765 -14.20271 33.73482 1.547982 -13.56195 32.32104 1.599304 -13.97281 33.81591 1.078241 -13.48993 32.36716 1.178559 -13.91477 33.8768 0.608485 -13.57288 32.38799 0.757839 -13.98932 33.91572 0.209374 -13.85388 32.37134 0.400531 -14.23314 33.91946 -0.063524 -14.2425 32.3279 0.15621 -14.56801 33.89442 -0.152638 -14.71774 32.25688 0.07651698 -14.97567 33.83765 0.15621 -15.38023 33.7619 -0.063524 -15.19088 32.17316 0.400534 -15.70569 33.67919 0.209374 -15.57317 32.09082 0.757833 -15.93567 33.59815 0.608479 -15.84487 32.01728 1.178559 -15.99408 33.53753 1.078241 -15.91703 31.97114 1.59931 -15.9196 33.49826 1.547989 -15.83394 31.95033 1.956765 -15.67585 33.49446 1.947094 -15.55296 31.96697 0.73187 -16.82018 28.65097 2.790482 -16.97049 29.152 1.401753 -17.62418 32.80872 0.902317 -17.68524 33.17516 0.360346 -17.716 33.3221 -0.335862 -17.74675 33.46904 -1.377836 -16.82024 28.65107 -1.032074 -17.716 33.3221 -1.574042 -17.68524 33.17516 -2.073478 -17.62418 32.80872 -3.437672 -16.97049 29.152 2.253954 -18.92599 28.76829 0.668244 -18.9231 28.76672 -2.925681 -18.92599 28.76829 -1.339975 -18.9231 28.76672 0.884876 -15.64741 33.69501 0.632652 -15.48452 33.75221 1.184874 -15.68782 33.65105 1.485024 -15.63573 33.62371 1.737187 -15.46307 33.62098 1.908318 -15.23058 33.63892 0.46169 -15.25866 33.8108 1.962761 -14.94961 33.67794 1.908318 -14.67079 33.73026 1.737187 -14.44466 33.78715 1.485028 -14.2818 33.84462 1.184874 -14.24113 33.8871 0.884876 -14.29341 33.91594 0.632652 -14.46602 33.91839 0.46169 -14.69879 33.90215 0.407188 -14.97976 33.86277 -2.103956 -14.95118 33.26551 -2.947012 -15.92657 32.17183 -2.057261 -16.00347 32.64312 -3.081901 -13.57167 32.57038 -3.600979 -14.99093 30.69668 -3.772774 -13.3422 30.88433 -4.001059 -14.62757 28.46978 -3.961574 -13.04816 28.72389 -3.236483 -12.62736 26.50323 -3.691876 -14.20232 26.04794 -1.276909 -16.08588 33.14824 -0.806539 -15.56232 33.35708 -0.568455 -15.06537 33.52069 -0.335862 -15.00205 33.57724 -0.335862 -15.01587 33.56727 -0.103273 -15.06537 33.52069 1.432228 -14.95118 33.26551 0.134811 -15.56232 33.35708 0.605178 -16.08588 33.14824 1.385536 -16.00347 32.64312 2.275288 -15.92657 32.17183 2.41017 -13.57167 32.57038 1.206208 -13.68951 33.43626 -0.335862 -13.73235 33.75107 -1.877939 -13.68951 33.43626 -3.475322 -18.33745 25.53198 -1.39366 -18.2302 24.82874 -1.42502 -15.94007 25.55846 2.803594 -18.33745 25.53198 0.721931 -18.2302 24.82874 0.786446 -15.94007 25.55846 0.542904 -12.37074 34.10816 0.05681997 -12.98834 34.25843 0.170162 -13.1183 34.33156 0.367291 -12.36567 34.07235 -0.04482996 -12.87178 34.10534 0.209794 -12.36112 33.95273 0.094599 -11.78665 34.07898 0.2155179 -11.67559 34.11613 -0.01384699 -11.88626 33.95817 2.069304 -13.53428 33.30621 2.407331 -14.26574 34.07904 3.486404 -14.07465 32.05882 0.153515 -13.66005 34.3224 0.500108 -14.32919 35.0896 0.682567 -9.212893 31.66645 0.31409 -8.891847 31.09197 0.298996 -9.256128 32.00471 1.425858 -10.12688 32.59362 0.26414 -10.22655 33.17592 1.846141 -11.21826 33.27618 0.226116 -11.34301 34.03321 1.990196 -12.41875 33.40457 3.045171 -13.34409 31.79148 3.951713 -13.62877 29.52172 3.554155 -12.91283 29.62029 3.263978 -12.62315 27.39571 3.183224 -11.38449 27.70357 2.038376 -11.11896 26.29907 1.904207 -10.00874 26.67146 0.306151 -9.860888 25.92777 0.276411 -10.9174 25.26745 1.960558 -12.33881 25.80331 0.237112 -12.25379 24.8284 2.081273 -12.75903 23.56336 0.619149 -12.71561 23.2953 2.487399 -12.87436 24.4588 3.5652 -13.35953 26.94796 -0.519943 -11.3039 34.09172 -1.044853 -11.27638 34.13287 -1.052493 -11.50713 34.22973 -1.006267 -10.13256 33.25968 0.196409 -9.072214 32.20937 -0.858911 -8.960809 32.26906 0.209457 -8.755285 31.43484 -0.844697 -8.60503 31.4112 -0.516248 -11.63235 33.9415 -0.517995 -11.47705 34.05865 -0.961576 -11.6842 34.09883 -0.880038 -11.80224 33.97445 -3.506682 -16.04732 26.2617 -3.628989 -14.73326 29.73036 -3.582388 -14.18235 26.10356 -2.927175 -15.54825 31.93547 -3.297869 -14.92986 30.70664 2.957261 -14.73326 29.73036 2.868109 -16.04732 26.2617 2.91066 -14.18235 26.10356 2.255451 -15.54825 31.93547 2.643104 -14.92986 30.70664 0.006068944 -13.23338 34.23918 -0.195851 -13.07969 34.23569 -0.180328 -13.12183 34.38279 -0.322918 -13.21888 34.41539 -0.402023 -13.22 34.28269 -0.327528 -13.46041 34.31523 -0.271393 -13.38516 34.43788 -0.07531195 -13.46868 34.28833 -0.09694695 -13.39091 34.41921 -0.04064595 -13.22815 34.38515 -0.506114 -13.2037 34.2962 -0.505679 -13.37685 34.37691 -0.506504 -13.0484 34.13632 -1.117223 -13.59533 34.41246 -1.064147 -12.94738 34.28112 -0.949425 -12.84463 34.12606 -0.841957 -8.949822 31.03582 -0.843766 -8.355472 31.21966 -1.284281 -8.770458 31.08695 -0.696999 -8.525186 31.16716 0.004985988 -7.343815 30.84534 -0.662692 -6.951411 30.96209 0.182649 -6.951411 30.96209 -0.485035 -7.343819 30.84534 -0.845952 -7.675829 30.76186 -1.284701 -7.584466 30.7945 -0.843989 -8.18361 30.62568 -1.285922 -8.567544 30.51614 -0.69723 -8.350854 30.57447 -0.842131 -8.793447 30.43896 -1.28301 -7.737919 31.37875 -0.662023 -7.105221 31.54284 -0.84577 -7.833216 31.36232 -0.484971 -7.503048 31.45235 0.004921972 -7.503052 31.45236 0.181978 -7.105219 31.54284 0.325398 -7.833213 31.36232 0.762634 -7.737919 31.37875 0.323356 -8.365989 31.2164 0.763929 -8.792772 31.08021 0.321575 -8.949819 31.03583 0.76557 -8.589887 30.50938 0.321756 -8.793447 30.43895 0.323582 -8.194143 30.62245 0.764325 -7.584469 30.7945 0.325577 -7.675829 30.76186 0.166783 -8.359336 30.57187 0.166548 -8.53366 31.16454 3.461581 -11.77204 29.81088 2.921813 -10.2892 28.16373 3.257188 -10.63065 30.01679 2.256304 -9.447339 28.836 2.521035 -9.69513 30.17992 1.488062 -9.243685 27.75362 0.709647 -8.711465 28.92418 1.131105 -8.82612 29.53809 1.27738 -8.925645 30.30776 0.32367 -9.124097 27.1468 0.332765 -8.630844 28.58516 0.329142 -8.613111 29.56763 0.324289 -8.663381 30.34606 1.116079 -9.104387 31.05993 2.209934 -9.944806 31.55735 2.744946 -10.96211 31.83505 2.968902 -12.14822 31.88696 -3.840751 -13.39624 27.36036 -4.695015 -13.78482 29.42515 -4.250875 -13.5234 26.8814 -2.878533 -13.09312 25.77946 -0.295693 -11.78336 26.12943 -0.355943 -12.92341 24.96347 2.156679 -13.16155 25.82142 3.094227 -13.49526 27.41819 3.199714 -12.63809 29.90211 3.457199 -13.70702 29.55263 -3.165298 -12.98625 24.44471 -2.766206 -12.86661 23.57181 -1.329509 -12.84756 23.34348 -0.885972 -12.8515 23.34717 0.619188 -12.86488 23.35972 2.051817 -12.90928 23.61183 2.439102 -13.04743 24.49142 3.484152 -13.62483 26.9459 3.890138 -13.89395 29.49673 3.056037 -14.19003 31.65902 2.089362 -14.34489 33.33952 -0.36746 -13.13696 33.66103 -0.43758 -14.33337 34.26148 3.443403 -14.31099 32.0247 2.359474 -14.44877 34.03689 0.521914 -14.49443 35.01024 -1.044919 -14.46359 34.99718 -1.426787 -14.48242 34.994 -2.94585 -14.27686 33.29757 -3.24493 -14.38263 33.9902 -4.291616 -14.20891 31.96021 -3.878938 -14.09009 31.6012 -4.238343 -13.60469 29.48847 -3.862561 -12.54846 29.84325 -0.29154 -12.31717 30.13928 -1.226358 -12.34636 33.85862 -0.531335 -12.33506 32.39314 0.229797 -8.357366 29.52841 -0.829316 -8.27107 30.18886 0.225558 -8.404632 30.18503 -0.824999 -8.222316 29.52683 0.23733 -8.304861 28.13484 -0.817238 -8.178678 28.09624 -0.833543 -8.889717 26.92454 0.220553 -9.005692 27.00099 -0.962651 -9.762602 25.82913 -0.992706 -10.85113 25.14504 -1.032067 -12.16224 24.7402 -1.919049 -21.80715 31.02633 -2.975358 -17.64554 30.40193 -2.226537 -18.73229 32.16803 -2.890678 -19.74976 27.50078 -3.217609 -16.85252 27.23612 -3.381989 -16.50633 30.23576 -3.31364 -16.15885 27.40422 -3.49259 -15.91309 29.975 -3.592906 -15.48064 29.37823 -3.400638 -15.80732 27.63301 -3.588329 -15.4259 28.23081 -3.577115 -15.33054 28.69485 0.213128 -8.397159 31.27329 -0.84202 -8.269065 31.30598 0.224238 -8.150398 30.4459 -0.830715 -8.017906 30.45963 1.200248 -21.82089 31.05057 0.720307 -19.01764 32.6374 1.458693 -18.77216 32.2335 0.563524 -21.98541 31.34181 -0.335862 -19.11692 32.80706 -0.335863 -22.01339 31.40552 -1.217134 -21.93504 31.25642 -1.414994 -19.00702 32.61998 -4.324142 -13.97484 31.99369 -3.284096 -14.20019 34.03162 -2.901531 -13.47843 33.26476 -4.744387 -13.52463 29.44921 -3.847271 -13.25944 31.73397 -2.757456 -12.37645 33.36496 -1.559469 -12.34914 33.97039 -1.397051 -14.31641 35.07379 -1.08469 -14.30469 35.0764 -3.203986 -12.81574 24.41137 -4.319618 -13.26082 26.88222 -1.383856 -12.34767 33.95759 2.238475 -17.64554 30.40193 2.171278 -19.74483 27.49336 2.526282 -16.85052 27.2329 2.618879 -16.50648 30.23574 2.633446 -16.158 27.40281 2.72757 -15.91323 29.97489 2.899853 -15.4783 29.37468 2.719454 -15.80636 27.63144 2.889921 -15.42314 28.22631 2.887099 -15.3286 28.69181 -3.991164 -15.46753 28.29866 -4.039158 -16.23227 27.52471 -4.00242 -16.93221 27.36527 -4.024064 -15.8705 27.73707 -3.627143 -17.64554 30.40193 -2.501619 -21.94173 31.2451 -2.716604 -19.04602 32.65986 -3.612792 -19.82442 27.61313 -3.834785 -16.50556 30.23585 -3.913834 -15.91263 29.97534 -3.935556 -15.51823 29.43532 -3.967134 -15.3719 28.75972 -1.39018 -19.39541 33.26611 -0.335862 -19.45448 33.35884 0.718452 -19.39541 33.26611 2.04488 -19.04602 32.65986 2.955413 -17.64554 30.40193 3.319433 -15.46753 28.29866 3.367434 -16.23227 27.52471 3.352336 -15.8705 27.73707 3.330696 -16.93221 27.36527 1.829894 -21.94173 31.2451 2.941064 -19.82442 27.61313 3.163054 -16.50556 30.23585 3.242103 -15.91263 29.97534 3.263828 -15.51823 29.43532 3.295403 -15.3719 28.75972 -3.498889 -15.66154 28.98514 -4.623691 -15.82429 28.64396 -4.581338 -15.79143 29.09712 -3.547893 -15.68469 28.51699 -4.633095 -16.04945 28.24716 -3.57144 -15.91033 28.09988 -4.607682 -16.42232 27.98532 -3.564859 -16.29374 27.8164 -4.55249 -16.86903 27.9103 -3.529455 -16.759 27.72272 -3.472239 -17.21395 27.8374 -4.478445 -17.30113 28.03696 -3.404547 -17.56849 28.13769 -4.400217 -17.63301 28.34021 -3.339779 -17.75239 28.56415 -4.3333 -17.79896 28.75999 -3.290772 -17.72923 29.0323 -4.290947 -17.76611 29.21315 -3.267225 -17.5036 29.44942 -4.281543 -17.54094 29.60995 -3.273807 -17.12018 29.73289 -4.306952 -17.16809 29.87178 -3.309213 -16.65492 29.82657 -4.362144 -16.72137 29.94679 -3.36643 -16.19998 29.7119 -4.43619 -16.28927 29.82014 -3.434121 -15.84544 29.4116 -4.514418 -15.95739 29.51688 -4.694143 -16.29819 28.7921 -4.487797 -16.35821 28.79775 -4.468999 -16.34362 28.99886 -4.699159 -16.41829 28.58045 -4.491971 -16.45813 28.62165 -4.685604 -16.61717 28.44078 -4.48069 -16.6236 28.50546 -4.456199 -16.82185 28.47216 -4.656161 -16.85546 28.40077 -4.423342 -17.01361 28.52837 -4.616666 -17.08593 28.46833 -4.574942 -17.26296 28.63008 -4.388622 -17.1609 28.66296 -4.539245 -17.35149 28.85399 -4.358922 -17.23455 28.84924 -4.516654 -17.33395 29.09571 -4.340126 -17.21997 29.05036 -4.335953 -17.12005 29.22644 -4.511638 -17.21385 29.30736 -4.347231 -16.95457 29.34265 -4.525193 -17.01497 29.44702 -4.371727 -16.75633 29.37594 -4.554633 -16.77669 29.48703 -4.404585 -16.56456 29.31974 -4.594127 -16.54621 29.41948 -4.635852 -16.36918 29.25772 -4.439301 -16.41727 29.18515 -4.671549 -16.28066 29.03381 -1.334698 -22.26181 31.81046 -0.335862 -22.30943 31.90937 0.66297 -22.26181 31.81046 -3.946268 -18.43204 29.75135 -3.219764 -17.03186 29.64726 -4.105271 -17.20547 29.71179 -2.826112 -18.37129 29.61272 -2.955788 -18.25782 28.97838 -4.030406 -18.47427 29.11583 -4.038862 -18.53041 28.47526 -3.074196 -18.29335 28.34811 -4.242031 -17.41756 28.33262 -3.420638 -17.17307 28.25854 3.570304 -17.41756 28.33262 3.358677 -18.47427 29.11583 3.367134 -18.53041 28.47526 3.531313 -17.31204 29.07979 3.274538 -18.43204 29.75135 3.433547 -17.20547 29.71179 2.641916 -17.09986 29.00575 2.548033 -17.03186 29.64726 2.74891 -17.17307 28.25854 2.154384 -18.37129 29.61271 2.402468 -18.29335 28.34811 -0.335862 -14.94041 33.10476 -0.140893 -14.9898 33.05755 0.09719097 -15.48675 32.89394 0.470055 -15.9611 32.38348 -0.530835 -14.9898 33.05755 -2.872941 -15.34084 33.51914 -2.98083 -14.68911 32.08143 -2.89172 -15.16433 32.01042 -2.952709 -14.93298 33.57598 -2.872941 -14.52819 33.65174 -2.89172 -14.21595 32.16516 -2.618825 -13.83367 32.2475 -2.628493 -14.20271 33.73482 -2.21971 -13.56195 32.32104 -2.271035 -13.97281 33.81591 -1.749969 -13.48993 32.36716 -1.850287 -13.91477 33.8768 -1.280213 -13.57288 32.38799 -1.429564 -13.98932 33.91572 -0.881105 -13.85388 32.37134 -1.072263 -14.23314 33.91946 -0.608204 -14.2425 32.3279 -0.827939 -14.56801 33.89442 -0.51909 -14.71774 32.25688 -0.748242 -14.97567 33.83765 -0.827942 -15.38023 33.7619 -0.608204 -15.19088 32.17316 -1.072263 -15.70569 33.67919 -0.881105 -15.57317 32.09082 -1.429561 -15.93567 33.59815 -1.280207 -15.84487 32.01728 -1.850287 -15.99408 33.53753 -1.749969 -15.91703 31.97114 -2.271038 -15.9196 33.49826 -2.219717 -15.83394 31.95033 -2.628493 -15.67585 33.49446 -2.618825 -15.55296 31.96697 -4.41396 -16.78909 28.92405 -4.203041 -17.31204 29.07979 -1.556604 -15.64741 33.69501 -1.30438 -15.48452 33.75221 -1.856605 -15.68782 33.65105 -2.156752 -15.63573 33.62371 -2.408915 -15.46307 33.62098 -2.580046 -15.23058 33.63892 -1.133417 -15.25866 33.8108 -1.133418 -14.69879 33.90215 -1.078916 -14.97976 33.86277 -1.30438 -14.46602 33.91839 -1.556604 -14.29341 33.91593 -1.856605 -14.24113 33.8871 -2.156752 -14.2818 33.84462 -2.408915 -14.44466 33.78715 -2.580046 -14.67079 33.73026 -2.634489 -14.94961 33.67794 -3.313644 -17.09986 29.00575 -0.142166 -13.63917 34.45559 -0.163018 -13.74572 34.59351 -0.003741979 -13.79363 34.64963 0.115573 -13.7167 34.54635 0.03000098 -13.62123 34.42642 0.177451 -13.83209 34.46652 0.05376398 -13.69414 34.2931 -0.195147 -13.72017 34.33517 -0.225297 -13.87419 34.53459 0.004980981 -13.94337 34.61577 3.797274 -16.34362 28.99886 3.816069 -16.35821 28.79775 4.022415 -16.29819 28.7921 4.027428 -16.41829 28.58045 3.820243 -16.45813 28.62165 3.808967 -16.6236 28.50546 4.013874 -16.61717 28.44078 3.984434 -16.85546 28.40077 3.784468 -16.82185 28.47216 3.751611 -17.01361 28.52837 3.944942 -17.08593 28.46833 3.903211 -17.26296 28.63008 3.716891 -17.1609 28.66295 3.687197 -17.23455 28.84924 3.867517 -17.35149 28.85399 3.844923 -17.33395 29.09571 3.668398 -17.21997 29.05036 3.664225 -17.12005 29.22644 3.83991 -17.21385 29.30736 3.675504 -16.95457 29.34265 3.853465 -17.01497 29.44702 3.699996 -16.75633 29.37594 3.882905 -16.77669 29.48703 3.732857 -16.56456 29.31973 3.9224 -16.54621 29.41948 3.964128 -16.36918 29.25772 3.767574 -16.41727 29.18515 3.999821 -16.28066 29.03381 -1.155084 -14.5228 35.10091 -1.194911 -14.27378 35.16586 -1.153622 -14.4696 34.99143 -1.194286 -14.30136 35.07166 -0.996856 -12.85495 23.34658 -1.002797 -12.70415 23.28139 -0.994118 -10.90409 25.25822 -1.033428 -12.24216 24.81799 -0.964154 -9.845192 25.9217 -0.83506 -8.992494 26.99682 -0.724374 -8.997291 26.99312 -0.707597 -8.296459 28.12696 -0.818527 -8.295099 28.12696 3.951967 -15.82429 28.64396 3.961368 -16.04945 28.24716 3.935957 -16.42232 27.98532 3.880763 -16.86903 27.9103 3.80672 -17.30113 28.03696 3.728492 -17.63301 28.34021 3.661572 -17.79896 28.75999 3.619215 -17.76611 29.21315 3.609815 -17.54094 29.60994 3.635225 -17.16809 29.87177 3.690419 -16.72137 29.94679 3.764462 -16.28927 29.82014 3.84269 -15.95739 29.51688 3.909611 -15.79143 29.09712 -1.000153 -12.69717 23.1196 -0.719371 -8.396268 30.17761 -0.83162 -8.140989 30.43711 -0.830285 -8.395063 30.17403 -0.72069 -8.142002 30.43802 -0.731796 -8.388763 31.26542 -0.842726 -8.387626 31.26415 -0.734411 -8.721233 31.36428 -0.845499 -8.724437 31.3744 3.742235 -16.78909 28.92405 -0.996339 -12.90481 23.23101 -0.335862 -10.3012 28.96703 -1.735574 -10.44427 29.0562 -1.555709 -10.75746 30.97566 -0.335862 -10.6407 31.04776 0.883978 -10.75746 30.97566 1.063843 -10.44427 29.0562 0.803952 -11.93937 32.69039 1.693854 -11.8354 32.05313 2.204514 -11.63292 30.81226 2.344057 -11.37349 29.22225 2.078486 -11.12228 27.56355 1.092303 -11.0211 27.06247 -0.335862 -10.97258 26.76509 -1.764037 -11.0211 27.06247 -2.750217 -11.12228 27.56355 -3.015788 -11.37349 29.22225 -2.876238 -11.63292 30.81226 -2.365585 -11.8354 32.05314 -1.475684 -11.93937 32.69039 -0.335862 -11.97717 32.92209 -0.859188 -9.059463 32.19696 -1.006149 -10.2113 33.16151 -1.044407 -11.32996 34.02188 -0.82606 -8.347974 29.51993 2.284058 -18.25782 28.97838 0.379347 -15.79193 33.01108 -0.321976 -15.85711 33.31504 -1.051078 -15.79193 33.01108 -1.961985 -15.68445 32.46379 -1.054069 -15.48879 32.96208 -0.739697 -14.93817 33.1128 -0.321976 -14.75466 33.2254 0.06796896 -14.93865 33.11574 0.382341 -15.48879 32.96208 1.290257 -15.68445 32.46379 -1.054365 -13.96828 34.92818 -1.065752 -14.06317 35.0754 -0.902898 -14.10555 35.12538 -0.790842 -14.03684 35.009 -0.884477 -13.952 34.88712 -0.732809 -14.15814 34.93526 -0.868156 -14.03555 34.75902 -1.113782 -14.05918 34.8183 -1.130243 -14.19637 35.03117 -0.894787 -14.25751 35.10346 2.92925 -14.99093 30.69668 3.101046 -13.3422 30.88433 3.329329 -14.62757 28.46978 3.289843 -13.04816 28.72389 2.564752 -12.62736 26.50323 3.020145 -14.20232 26.04794 -0.60282 -12.19898 24.48515 -0.576863 -12.26189 24.32332 -0.733284 -12.27598 24.24488 -0.855884 -12.22176 24.35821 -0.77526 -12.17418 24.5067 -0.81854 -12.28019 24.61036 -0.569233 -12.31592 24.57916 -0.531713 -12.40681 24.34521 -0.757838 -12.42725 24.23181 -0.935099 -12.34899 24.39569 -0.768919 -15.48675 32.89394 -1.141783 -15.9611 32.38348 -0.801594 -11.59182 24.79838 -0.863192 -11.43396 24.84418 -0.728616 -11.33851 24.90409 -0.583822 -11.43737 24.89531 -0.62892 -11.59394 24.82996 -0.612624 -11.69086 24.94769 -0.862261 -11.68785 24.90208 -0.951345 -11.45967 24.96842 -0.756783 -11.32166 25.05502 -0.547436 -11.46454 25.04221 -0.747994 -10.35494 25.32865 -0.830272 -10.22173 25.40803 -0.709127 -10.12317 25.48815 -0.551961 -10.19543 25.45829 -0.575977 -10.33869 25.3597 -0.542612 -10.45565 25.45309 -0.791295 -10.47921 25.40826 -0.910262 -10.28671 25.52313 -0.735117 -10.1442 25.63894 -0.507895 -10.2486 25.59566 -0.630576 -9.318798 26.26174 -0.734833 -9.220472 26.3631 -0.63501 -9.144084 26.48563 -0.469041 -9.195194 26.45999 -0.466291 -9.303177 26.32161 -0.433794 -9.440823 26.3809 -0.671299 -9.46348 26.29438 -0.822056 -9.321424 26.441 -0.677731 -9.210982 26.61812 -0.437769 -9.284765 26.58098 0.03355497 -13.9823 34.82546 0.02216899 -14.0772 34.97269 0.1850219 -14.11957 35.02265 0.297079 -14.05087 34.90628 0.203443 -13.96603 34.7844 0.355112 -14.17216 34.83254 0.219765 -14.04958 34.6563 -0.02586096 -14.07321 34.71557 -0.04232299 -14.21039 34.92845 0.193134 -14.27155 35.00074 -0.715126 -8.348964 29.52054 0.285822 -12.62004 23.30834 0.163222 -12.56581 23.42167 0.243847 -12.51824 23.57016 0.416286 -12.54304 23.54861 0.442243 -12.60595 23.38678 0.487393 -12.75087 23.40867 0.261268 -12.7713 23.29527 0.08400696 -12.69304 23.45915 0.2005659 -12.62424 23.67382 0.449873 -12.65997 23.64262 0.02451199 -12.28951 24.35191 -0.09808695 -12.2353 24.46525 -0.01745998 -12.18772 24.61373 0.15498 -12.21252 24.59218 0.180934 -12.27544 24.43035 0.22608 -12.42036 24.45224 -3.8e-5 -12.44078 24.33885 -0.177302 -12.36254 24.50272 -0.06074398 -12.29373 24.71739 0.188567 -12.32946 24.68619 0.01245194 -10.44172 25.39023 -0.06982296 -10.30852 25.46961 0.05132198 -10.20995 25.54973 0.208486 -10.28221 25.51987 0.184472 -10.42548 25.42128 0.217838 -10.54244 25.51467 -0.03084498 -10.566 25.46984 -0.149815 -10.3735 25.58471 0.02533298 -10.23098 25.70052 0.252554 -10.33538 25.65724 -0.748515 -9.063812 32.2015 -0.335862 -12.30231 25.43276 -2.217005 -12.43941 25.8422 -2.101258 -12.39914 26.08529 -3.058007 -12.57553 26.70565 -3.738483 -12.97044 28.78967 -3.561301 -13.24638 30.81718 -2.912937 -13.46174 32.39949 -1.783057 -13.57233 33.21209 -0.335862 -13.61254 33.50753 1.111326 -13.57233 33.21209 2.241206 -13.46174 32.39949 2.889573 -13.24638 30.81718 3.066753 -12.97044 28.78967 2.386277 -12.57553 26.70565 1.545281 -12.43941 25.8422 1.429533 -12.39914 26.08529 -0.335862 -12.27048 25.70104 1.766558 -14.33979 26.70609 2.145673 -14.62757 28.46978 2.1601 -15.00372 30.7751 1.792525 -15.85929 31.75952 1.308942 -15.90071 32.01332 -1.980673 -15.90071 32.01332 -2.464252 -15.85929 31.75952 -2.831828 -15.00372 30.7751 -2.817401 -14.62757 28.46978 -2.438286 -14.33979 26.70609 -2.280071 -14.12707 25.40231 -2.258659 -14.29088 26.40624 -0.335862 -14.27216 26.29154 -0.335862 -14.07264 25.0687 1.608347 -14.12707 25.40231 1.586928 -14.29088 26.40624 2.732817 -17.56849 28.13769 2.800511 -17.21395 27.8374 2.668051 -17.75239 28.56415 2.619042 -17.72923 29.0323 2.5955 -17.5036 29.44942 2.602082 -17.12018 29.73289 2.637486 -16.65492 29.82657 2.694702 -16.19998 29.7119 2.762393 -15.84544 29.4116 2.827162 -15.66154 28.98514 2.876168 -15.68469 28.51699 2.899713 -15.91033 28.09988 2.893131 -16.29374 27.8164 2.857724 -16.759 27.72272 0.814958 -14.09621 25.36886 -1.486686 -14.09621 25.36886 -1.011 -13.24808 34.46878 -0.845819 -13.30744 34.47103 -0.739008 -13.17182 34.43908 -0.68131 -13.20029 34.29988 -0.835704 -13.39635 34.34599 -1.074527 -13.31058 34.34261 -1.006302 -13.07581 34.43546 -1.067735 -13.06151 34.29443 -0.82471 -12.99335 34.26801 -0.838213 -13.02866 34.4171 0.06438195 -10.62641 33.47612 -0.176905 -10.68736 33.52582 -0.117918 -10.6425 33.66138 -0.176977 -10.89716 33.6686 -0.117967 -10.78763 33.76013 0.06426495 -10.96587 33.70715 0.04889094 -10.83522 33.78673 0.213434 -10.79854 33.58819 0.152086 -10.71949 33.7044 0.04897195 -10.6004 33.62693 -0.775751 -12.48122 23.44343 -0.605105 -12.49916 23.40639 -0.591329 -12.56029 23.24239 -0.538855 -12.70343 23.25901 -0.558761 -12.61512 23.49609 -0.805471 -12.5893 23.5497 -0.867446 -12.53125 23.30236 -0.938032 -12.66165 23.34575 -0.773261 -12.73219 23.16608 -0.753482 -12.58013 23.17811 -0.100792 -9.657424 32.86346 0.06397795 -9.714236 32.88433 0.169163 -9.612341 32.7875 0.218092 -9.703883 32.67461 0.06604897 -9.85122 32.81452 -0.172192 -9.769171 32.78427 -0.09746599 -9.520428 32.75376 -0.167387 -9.571125 32.62566 0.07382196 -9.530766 32.55789 0.06936198 -9.492569 32.7068 -0.582282 -8.364179 27.63714 -0.413843 -8.410415 27.61973 -0.396526 -8.495887 27.46737 -0.367411 -8.640943 27.50775 -0.39245 -8.517429 27.72804 -0.63599 -8.450689 27.75328 -0.669075 -8.421054 27.49557 -0.76147 -8.532936 27.54861 -0.595482 -8.65052 27.39685 -0.554285 -8.502466 27.39064 -0.111805 -8.810068 31.84917 0.05511796 -8.846456 31.88949 0.155403 -8.798753 31.75352 0.2060739 -8.931068 31.69483 0.06110697 -9.000095 31.89137 -0.180238 -8.947589 31.83304 -0.114705 -8.739868 31.68832 -0.184431 -8.846132 31.60047 0.05431699 -8.835908 31.51505 0.05042397 -8.732885 31.62919 -0.636875 -8.145946 28.97193 -0.463654 -8.165227 28.99283 -0.388209 -8.152565 28.83482 -0.337398 -8.294164 28.80502 -0.44646 -8.312528 29.03343 -0.696904 -8.28478 29.00321 -0.668499 -8.121372 28.80103 -0.742626 -8.249273 28.75613 -0.520444 -8.255071 28.63364 -0.514832 -8.125473 28.71628 -0.08764797 -8.190479 30.98544 0.08029299 -8.226692 31.02146 0.175462 -8.190517 30.87844 0.221796 -8.327527 30.82743 0.08422595 -8.379877 31.03416 -0.158598 -8.327623 30.98207 -0.09629398 -8.13191 30.8202 -0.171094 -8.242984 30.74315 0.06399798 -8.242916 30.64757 0.06630295 -8.13195 30.75405 -0.605079 -8.225692 30.1104 -0.432723 -8.250848 30.13217 -0.355667 -8.237426 29.975 -0.309111 -8.379938 29.94271 -0.4205 -8.399402 30.16991 -0.669697 -8.363151 30.13843 -0.634557 -8.196702 29.93981 -0.712321 -8.321273 29.89179 -0.489468 -8.331642 29.77082 -0.480428 -8.203979 29.85612 -0.084634 -8.280813 30.07527 0.087722 -8.305974 30.09704 0.1647779 -8.292554 29.93987 0.211334 -8.435058 29.90758 0.099945 -8.45453 30.13478 -0.149255 -8.418266 30.1033 -0.114113 -8.251825 29.90468 -0.191879 -8.376394 29.85666 0.03097695 -8.386762 29.7357 0.04001694 -8.259092 29.82099 -0.693151 -8.102752 31.03097 -0.525209 -8.138959 31.06698 -0.430038 -8.10279 30.92396 -0.383707 -8.239795 30.87295 -0.521277 -8.292142 31.07968 -0.764097 -8.239896 31.02759 -0.701793 -8.044178 30.86572 -0.776597 -8.15525 30.78867 -0.541505 -8.155183 30.69309 -0.539197 -8.044216 30.79957 -0.060148 -8.237495 28.927 0.113073 -8.256764 28.9479 0.188518 -8.244108 28.78989 0.239328 -8.385707 28.76009 0.130267 -8.404071 28.9885 -0.120177 -8.376323 28.95828 -0.09177196 -8.212915 28.75609 -0.165899 -8.34081 28.7112 0.05628299 -8.346607 28.5887 0.06189495 -8.21701 28.67135 -0.682256 -8.717699 31.89398 -0.515333 -8.754086 31.9343 -0.415048 -8.706378 31.79833 -0.364377 -8.838693 31.73964 -0.50934 -8.907714 31.93617 -0.750689 -8.855222 31.87785 -0.685156 -8.6475 31.73312 -0.754882 -8.753758 31.64528 -0.516131 -8.743539 31.55986 -0.520027 -8.64051 31.67399 -0.05066597 -8.461093 27.59194 0.117832 -8.502412 27.56521 0.128919 -8.589183 27.413 0.164811 -8.732781 27.45314 0.148782 -8.607397 27.6732 -0.09483498 -8.547761 27.71192 -0.1437219 -8.52231 27.45627 -0.229372 -8.636293 27.51579 -0.06890499 -8.750634 27.35585 -0.03274595 -8.601486 27.34569 -0.779039 -9.579337 32.91047 -0.614265 -9.636147 32.93134 -0.509083 -9.534251 32.83451 -0.460151 -9.625786 32.72162 -0.612198 -9.773131 32.86153 -0.850438 -9.691082 32.83128 -0.775712 -9.442339 32.80078 -0.845633 -9.493035 32.67267 -0.604424 -9.452669 32.6049 -0.608884 -9.414473 32.75382 0.01136195 -9.233143 26.47245 0.17733 -9.284247 26.44682 0.180081 -9.39223 26.30843 0.212577 -9.529881 26.36772 0.2086 -9.373818 26.56781 -0.03135895 -9.300034 26.60495 -0.08846199 -9.309525 26.34992 -0.1756809 -9.410485 26.42782 -0.02492696 -9.552532 26.2812 0.01579499 -9.407858 26.24856 -0.892029 -10.72224 33.8091 -0.725175 -10.76982 33.83571 -0.621976 -10.65409 33.75337 -0.560629 -10.73314 33.63716 -0.709798 -10.90048 33.75613 -0.951039 -10.83177 33.71757 -0.891981 -10.57711 33.71036 -0.950968 -10.62197 33.5748 -0.709681 -10.56101 33.5251 -0.725091 -10.535 33.6759 0.02269595 -11.42263 24.95666 0.171669 -11.51428 24.94178 0.131777 -11.67252 24.87705 0.157155 -11.76916 24.99339 0.214823 -11.54044 25.08702 -5.59e-4 -11.40797 25.10865 -0.109262 -11.52419 24.90112 -0.191339 -11.55482 25.02838 -0.09387201 -11.77804 24.95714 -0.04186397 -11.67863 24.85193 -1.006006 -13.73492 34.63895 -0.843156 -13.7773 34.68892 -0.7311 -13.70859 34.57254 -0.673066 -13.82989 34.4988 -0.835044 -13.92927 34.667 -1.070498 -13.86812 34.59471 -0.994623 -13.64003 34.49172 -1.05404 -13.73093 34.38184 -0.80841 -13.70731 34.32257 -0.824732 -13.62375 34.45066 -1.375453 -14.46621 33.65137 -1.592375 -14.32316 33.67473 -1.848255 -14.27292 33.68294 -2.104135 -14.32316 33.67476 -2.321064 -14.46621 33.65143 -2.466014 -14.68031 33.61651 -1.230513 -14.68032 33.61642 -2.516918 -14.93285 33.57531 -2.466024 -15.18539 33.5341 -2.321083 -15.39948 33.49916 -2.104161 -15.54254 33.4758 -1.848281 -15.59278 33.46759 -1.592398 -15.54254 33.47577 -1.37547 -15.39949 33.49909 -1.230523 -15.1854 33.53401 -1.179618 -14.93286 33.57522 1.444048 -15.20943 33.6092 1.526052 -15.08829 33.62897 1.17654 -14.95446 33.70769 1.176534 -14.57204 33.71318 1.031763 -14.60046 33.70853 0.909033 -14.68141 33.69532 0.827028 -14.80253 33.67555 0.798236 -14.94542 33.65223 0.827032 -15.08829 33.62892 0.909043 -15.20942 33.60916 1.031776 -15.29036 33.59597 0.703745 -15.39949 33.49909 0.558792 -15.1854 33.53401 0.92067 -15.54254 33.47577 1.176547 -15.31878 33.59134 1.321318 -15.29036 33.59598 1.649355 -15.39948 33.49916 1.794296 -15.18539 33.5341 1.845187 -14.93285 33.57531 1.554845 -14.94541 33.65229 1.526046 -14.80253 33.6756 1.444038 -14.6814 33.69535 1.321305 -14.60046 33.70855 1.43243 -15.54254 33.4758 1.176553 -15.59278 33.46759 1.794286 -14.68031 33.61651 1.649336 -14.46621 33.65143 1.432411 -14.32316 33.67476 1.176527 -14.27292 33.68294 0.920647 -14.32316 33.67472 0.703725 -14.46621 33.65137 0.558785 -14.68032 33.61642 0.507894 -14.93286 33.57522 -1.498763 -15.08829 33.62892 -1.580771 -15.20942 33.60916 -1.993046 -15.29036 33.59598 -2.115776 -15.20943 33.6092 -1.848275 -15.31878 33.59134 -1.703504 -15.29036 33.59597 -1.848269 -14.95446 33.70769 -1.469961 -14.94542 33.65223 -1.498756 -14.80253 33.67555 -1.580761 -14.68141 33.69532 -1.703491 -14.60046 33.70853 -1.848262 -14.57204 33.71318 -1.993033 -14.60046 33.70855 -2.115766 -14.6814 33.69536 -2.197774 -14.80253 33.6756 -2.226576 -14.94541 33.65229 -2.19778 -15.08829 33.62897 -1.091283 -3.486224 30.75325 1.138221 -3.779458 30.75325 -1.091283 -3.779458 30.75325 1.138221 -3.486224 30.75325 1.025451 0.05861896 20.8801 -0.978515 1.28419 19.48522 1.025451 1.284189 19.48522 -0.978515 0.05861699 20.88011 1.025451 -0.469832 21.0678 -0.978515 -0.469832 21.0678 -0.978514 1.429756 19.58249 1.025449 1.357087 19.21715 -0.978511 1.357086 19.21714 1.025451 1.429758 19.58249 1.025451 0.110247 21.11796 -0.978514 0.110245 21.11796 1.025451 -0.40805 21.10908 -0.978514 -0.408051 21.10908 1.527437 -0.137373 20.43842 1.449335 -0.107848 20.28999 1.449335 0.179751 20.3472 1.527436 0.150227 20.49563 1.582624 -0.108047 21.01602 1.582625 -0.351863 20.8531 1.582624 -0.601193 21.75406 1.582625 -0.845007 21.59114 1.527437 -1.17006 21.93195 1.527436 -1.007147 22.17577 1.449335 -1.13298 22.25984 1.449335 -1.295891 22.01603 -1.103557 1.872197 18.71914 -1.127532 1.364337 19.20629 -0.963478 1.713895 18.68314 -1.243635 1.778364 18.58666 -1.267612 1.458173 19.33877 -1.061311 1.305773 19.29394 1.192487 1.109666 19.31453 1.314549 1.206037 19.1703 1.454626 1.299868 19.30278 1.276721 1.165696 19.50358 1.025452 1.126515 19.56222 1.192484 1.361805 19.483 1.025451 1.33682 19.52039 1.108249 1.305773 19.29394 1.025449 1.294987 19.31009 -0.978511 1.294985 19.31009 -0.978514 1.336818 19.52039 -1.145548 1.361803 19.483 -1.40769 1.299868 19.30278 -1.267612 1.206037 19.1703 -1.103557 1.620062 18.55067 0.971538 1.77246 18.5955 1.177839 1.620062 18.55067 1.03776 1.713895 18.68314 1.174471 1.364337 19.20629 1.025453 1.084683 19.35192 -0.978514 1.084683 19.35192 -0.978516 1.126514 19.56222 -1.145548 1.109666 19.31453 -1.229784 1.165696 19.50358 -0.981494 1.716432 18.40644 -1.06573 1.912536 18.38586 -0.981494 1.968566 18.57491 -0.897256 1.77246 18.5955 -0.81446 1.993551 18.53752 -0.814457 1.783247 18.57935 0.88874 1.993551 18.53752 -0.814461 1.951718 18.32722 0.888741 1.951718 18.32722 -0.81446 1.741416 18.36905 0.888742 1.741417 18.36905 0.888738 1.783248 18.57935 1.055776 1.71643 18.40644 1.317915 1.778364 18.58666 1.314548 1.458171 19.33877 1.177837 1.872197 18.71914 1.055773 1.968566 18.57491 1.14001 1.912537 18.38586 -0.978515 -1.992539 39.19215 1.025452 -2.574162 39.01425 -0.978515 -2.574162 39.01425 1.025452 -1.992539 39.19215 -0.978515 -1.494225 39.525 1.025452 -1.494225 39.525 1.138221 -0.601192 21.75406 1.138221 -1.006299 22.1752 1.309251 -1.22943 22.32429 1.13822 -1.274987 22.35473 -1.091283 -1.006299 22.1752 -1.091284 -1.274987 22.35473 -1.262314 -1.22943 22.32429 -1.402397 -1.13298 22.25984 -1.480499 -1.007147 22.17577 -1.091283 -0.601192 21.75406 -1.535687 -0.601192 21.75405 1.138221 -0.108047 21.01602 -1.091283 -0.108047 21.01601 -1.535687 -0.108047 21.01601 -1.480499 0.150227 20.49563 -1.091283 0.150028 20.49663 -1.402397 0.179752 20.3472 -1.262314 0.202382 20.23343 -1.091283 0.213071 20.17969 1.138219 0.213071 20.1797 1.138221 0.150028 20.49663 1.30925 0.202382 20.23343 -1.402396 -0.107847 20.29 -1.480498 -0.137371 20.43843 -1.535685 -0.351862 20.8531 -1.535685 -0.845007 21.59114 -1.480497 -1.170059 21.93195 -1.402396 -1.295891 22.01603 1.138221 -0.351862 20.8531 -1.091283 -0.351862 20.8531 1.138221 -0.845007 21.59114 -1.091283 -0.845007 21.59114 -0.978515 1.137313 19.38709 1.025452 1.137313 19.38709 1.210451 3.760336 19.02879 0.862792 2.921013 19.02879 0.862792 2.921013 18.01548 1.210451 3.760336 18.01548 0.862792 4.59966 18.01548 0.862792 4.59966 19.02879 0.02346795 4.947319 18.01548 0.02346795 4.947319 19.02879 -0.815856 4.59966 18.01548 -0.815856 4.59966 19.02879 -1.163515 3.760336 19.02879 -1.163515 3.760336 18.01547 -0.815856 2.921013 18.01548 -0.815856 2.921013 19.02879 0.02346795 2.573353 18.01548 0.02346795 2.573353 19.02879 -0.978514 -2.58897 39.20488 1.025453 -2.58897 39.20488 1.025451 1.28419 42.87261 -0.978515 1.137313 42.97075 -0.978515 1.28419 42.87261 1.025452 1.137313 42.97075 -0.978514 0.991744 43.06801 1.025449 1.357088 43.14069 -0.978511 1.357086 43.14069 1.025453 0.991744 43.06802 1.015842 -4.536403 30.93063 1.002764 -5.469153 31.49165 1.01432 -4.537454 31.4956 1.004062 -5.467986 30.92827 0.393497 -6.140719 30.92804 0.391865 -6.142229 31.48715 -0.480242 -6.151081 30.92666 -0.482136 -6.152525 31.4853 -1.088825 -5.494725 30.92479 -1.090856 -5.495826 31.48747 -1.093891 -4.59514 30.92604 -1.095688 -4.596214 31.49249 -0.314916 -3.916546 31.35896 -0.31388 -3.915931 31.03326 0.243732 -3.916276 31.36014 0.244713 -3.915701 31.03399 1.025453 -2.046896 39.37546 -0.978514 -2.046896 39.37546 1.025453 -1.593517 39.66514 -0.978514 -1.593517 39.66514 1.025453 -0.92736 40.36696 -0.978514 -0.92736 40.36696 -0.435833 -3.679057 31.37821 -1.481002 -4.324148 30.90026 -1.48536 -4.324898 31.51679 -0.434167 -3.679682 31.01465 -0.704031 -6.565078 31.51462 0.549078 -6.563668 31.51687 1.395866 -5.671339 31.51991 1.398369 -4.351631 31.52263 0.346289 -3.672338 31.37992 -1.488878 -5.70829 31.51378 -1.484457 -5.706587 30.89651 -0.701075 -6.561333 30.89531 0.549998 -6.55988 30.89789 1.395101 -5.669518 30.90222 1.397592 -4.350832 30.90625 0.346763 -3.672938 31.01578 0.882086 -2.389496 37.4745 -0.830142 -2.492665 37.50426 0.882086 -2.492665 37.50426 -0.830142 -2.389496 37.4745 0.870067 -3.006923 35.57284 0.870067 -3.110092 35.6026 -0.826429 -3.110092 35.6026 -0.826428 -3.006923 35.57284 1.160189 -3.038664 33.2557 -1.113253 -3.832244 33.25554 1.160189 -3.832244 33.25554 -1.113253 -3.038662 33.2557 1.160189 -3.089993 32.64807 -1.113253 -3.807794 32.64786 -1.113253 -3.089992 32.64808 1.160189 -3.807794 32.64786 -0.978515 -1.466779 22.79598 1.025452 -2.206086 23.20624 1.025452 -1.466778 22.79598 -0.978515 -2.206086 23.20624 1.025453 -0.927361 21.98869 -0.978514 -1.585478 22.67185 -0.978514 -0.927361 21.98869 1.025453 -1.585478 22.67185 -0.978514 -2.23862 23.01783 1.025453 -2.23862 23.01783 -1.262312 -1.392341 22.08048 -1.091281 -1.437898 22.11092 1.138222 -1.437898 22.11092 1.309252 -1.392341 22.08048 1.138221 -1.169212 21.93139 -1.091283 -1.169212 21.93139 -1.262312 -0.08521598 20.17623 -1.09128 -0.07452696 20.12249 1.138221 -0.07452797 20.12249 1.309252 -0.08521699 20.17623 -0.978514 -3.006923 35.57284 -0.978514 -3.470162 34.14601 1.025453 -2.389496 37.4745 1.025452 -3.006923 35.57284 1.025452 -3.470162 34.14601 1.025451 -3.567154 32.0457 -0.978515 -3.567156 32.0457 1.025451 -4.236482 31.63946 -0.978516 -4.236482 31.63946 -0.978515 -4.439973 31.16342 1.025451 -4.439973 31.16342 -0.978515 -4.230878 30.7128 1.025451 -4.230878 30.7128 -0.978515 -3.816037 30.52413 1.025452 -3.816038 30.52413 -0.978515 -3.511954 30.51668 1.025452 -3.511956 30.51668 1.025453 -1.941207 38.84963 1.025453 0.08375597 41.83465 -0.978514 0.083754 41.83465 1.025453 -0.391937 41.68953 -0.978514 -0.391941 41.68954 -0.978514 -0.80951 41.30105 1.025453 -0.80951 41.30105 -0.978514 -0.990252 40.79409 1.025453 -0.990252 40.79409 -0.978514 -1.941207 38.84963 -0.978514 -2.389496 37.4745 -1.091283 -0.13757 20.43942 1.138221 -0.137571 20.43942 1.025452 -3.298452 34.11186 1.025452 -3.366776 31.88666 -0.978514 -3.366776 31.88666 -0.978515 -3.298452 34.11186 -0.978515 -2.845292 35.52097 1.025452 -2.845292 35.52097 -0.978515 -2.241296 37.39903 1.025452 -2.241296 37.39903 -0.978515 -1.80272 38.7571 1.025452 -1.80272 38.7571 -0.978515 -0.672393 40.38787 1.025452 -0.672393 40.38787 1.025452 -0.733901 40.86263 -0.978515 -0.733901 40.86263 -0.978515 -0.634174 41.19126 1.025452 -0.634174 41.19126 -0.978515 -0.357156 41.42647 1.025452 -0.357156 41.42647 1.025452 0.06215095 41.4872 -0.978515 0.06215095 41.4872 -1.127533 1.364337 43.15154 -1.103557 1.872197 43.6387 -0.963478 1.713895 43.67469 -1.267612 1.458173 43.01906 -1.061311 1.305773 43.06389 -1.243635 1.778364 43.77118 -1.103557 1.620062 43.80717 -1.267612 1.206037 43.18754 -1.40769 1.299868 43.05506 -1.145548 1.361803 42.87484 -0.978514 1.336818 42.83745 -0.978511 1.294985 43.04775 1.025451 1.33682 42.83745 1.025448 1.294987 43.04775 1.108249 1.305773 43.06389 1.192484 1.361805 42.87484 1.314548 1.458171 43.01906 1.454626 1.299869 43.05506 1.317915 1.778364 43.77118 1.314549 1.206037 43.18754 1.177839 1.620062 43.80717 -1.145548 1.109667 43.04331 -1.229784 1.165696 42.85425 -0.978516 1.126515 42.79561 -0.978514 1.084683 43.00592 1.025453 1.084683 43.00592 1.192487 1.109667 43.04331 1.27672 1.165696 42.85425 1.025452 1.126515 42.79561 1.174471 1.364337 43.15154 1.03776 1.713895 43.67469 0.971538 1.77246 43.76234 1.055776 1.71643 43.9514 0.888742 1.741417 43.98879 0.888741 1.951718 44.03062 -0.81446 1.741416 43.98879 -0.814461 1.951718 44.03062 -0.981494 1.716432 43.9514 -1.06573 1.912537 43.97198 -0.981494 1.968566 43.78292 -0.897256 1.77246 43.76234 0.888738 1.783248 43.77849 -0.814457 1.783247 43.77849 0.88874 1.993551 43.82032 -0.81446 1.993551 43.82032 1.055773 1.968566 43.78292 1.177837 1.872197 43.6387 1.14001 1.912537 43.97198 1.025451 -4.395458 34.77909 -0.978515 -4.395458 34.77909 -0.978514 -4.472137 34.59396 1.025452 -4.472137 34.59396 -0.978514 -4.029912 34.13214 1.025452 -4.029912 34.13214 -1.091283 -1.006299 40.18045 1.138221 -1.169211 40.42426 1.138221 -1.006299 40.18045 -1.091283 -1.169211 40.42426 -1.262314 0.202383 42.12221 -1.402398 0.179753 42.00844 -1.402396 -0.107847 42.06565 -1.262312 -0.08521598 42.17942 -1.091283 0.213072 42.17595 -1.09128 -0.07452696 42.23316 1.138219 0.213072 42.17595 1.138221 -0.07452696 42.23316 1.30925 0.202383 42.12221 1.309252 -0.08521598 42.17942 1.449335 0.179752 42.00844 1.449335 -0.107848 42.06565 -1.091283 -0.13757 41.91622 1.138221 0.150029 41.85902 1.138221 -0.13757 41.91622 -1.091283 0.150029 41.85902 1.138221 -0.601192 40.60159 1.138221 -0.845007 40.76451 1.138221 -0.108047 41.33963 1.138221 -0.351862 41.50254 -1.091283 -0.601192 40.60159 -1.091283 -0.845007 40.76451 -1.091283 -0.108047 41.33963 -1.091283 -0.351862 41.50254 1.582625 -0.845007 40.7645 1.527437 -1.170059 40.4237 1.449335 -1.29589 40.33962 1.309252 -1.392341 40.27517 1.138221 -1.437898 40.24473 -1.091281 -1.437898 40.24473 -1.262312 -1.392341 40.27517 -1.402396 -1.29589 40.33962 -1.480498 -1.170059 40.4237 -1.535685 -0.845007 40.76451 -1.535685 -0.351862 41.50254 -1.480498 -0.137371 41.91722 1.527437 -0.137372 41.91722 1.582625 -0.351862 41.50254 -1.535687 -0.601192 40.60159 -1.480499 -1.007146 40.17988 -1.402397 -1.13298 40.0958 -1.262314 -1.22943 40.03136 -1.091284 -1.274987 40.00092 1.13822 -1.274987 40.00092 1.309251 -1.22943 40.03136 1.449335 -1.13298 40.0958 1.527436 -1.007146 40.17988 1.582624 -0.601192 40.60159 1.582624 -0.108047 41.33963 1.527436 0.150228 41.86001 -1.480499 0.150227 41.86001 -1.535687 -0.108047 41.33963 1.30925 -3.691781 29.93009 1.449335 -3.64739 30.03726 1.449335 -3.9183 30.14946 1.309252 -3.962691 30.0423 1.138221 -3.983659 29.99168 1.138219 -3.712749 29.87946 -1.091281 -3.983659 29.99168 -1.091284 -3.712749 29.87946 -1.262312 -3.962693 30.0423 -1.262314 -3.691781 29.93009 -1.402396 -3.9183 30.14946 -1.402397 -3.64739 30.03726 -1.091283 -3.589084 30.17801 1.138221 -3.859995 30.29023 1.13822 -3.589084 30.17801 -1.091283 -3.859997 30.29023 -1.091283 -3.83111 32.1039 1.138221 -3.560198 32.21611 1.13822 -3.83111 32.1039 -1.091283 -3.560198 32.21611 1.13822 -3.486223 31.64088 1.138221 -3.779457 31.64088 -1.091283 -3.486223 31.64088 -1.091283 -3.779457 31.64088 -1.535687 -3.486225 30.75325 -1.535687 -3.486224 31.64088 -1.480499 -3.560587 32.21705 -1.402397 -3.6185 32.35687 -1.262314 -3.662891 32.46404 -1.091283 -3.683859 32.51465 1.13822 -3.683858 32.51465 1.309251 -3.66289 32.46404 1.449335 -3.618501 32.35687 1.527435 -3.560586 32.21705 1.582623 -3.486223 31.64088 1.582623 -3.486224 30.75325 1.527437 -3.589473 30.17707 -1.480499 -3.589473 30.17707 0.193885 -5.645209 31.70154 0.323653 -5.60201 31.05369 -0.256557 -5.580669 30.93821 -0.386592 -5.623966 31.58737 -0.493726 -6.304679 32.00381 0.08986699 -6.324733 32.11766 -0.516038 -7.420805 31.9249 0.06756097 -7.440189 32.03881 0.145624 -8.058035 31.53101 -0.434904 -8.039914 31.41658 0.19925 -7.648896 31.39254 0.160633 -7.319366 31.62813 0.17922 -6.390212 31.6938 0.231567 -6.032628 31.50679 0.293667 -6.011958 31.19681 0.404604 -6.219954 30.54644 0.3262 -6.341275 30.96003 0.307621 -7.270435 30.89434 0.382298 -7.335412 30.46759 0.261347 -7.628222 31.08256 0.275404 -8.01483 30.88313 -0.178324 -6.199684 30.42931 -0.20064 -7.315814 30.35041 -0.290415 -7.250125 30.77572 -0.271832 -6.320897 30.8414 -0.310462 -5.991251 31.07712 -0.372581 -6.011932 31.38722 -0.418886 -6.369856 31.57553 -0.437468 -7.299085 31.50986 -0.404907 -7.628521 31.27294 -0.342785 -7.607844 30.96283 -0.30487 -7.996626 30.76742 0.527606 2.921012 18.85206 0.396636 1.821475 18.31488 0.527606 2.921012 18.19222 0.396636 1.821475 18.72939 0.37516 1.641174 18.42633 0.37516 1.641174 18.61795 1.025451 -0.408049 41.24657 1.025451 0.05861896 41.47554 1.025451 -0.469831 41.28784 1.025451 0.110247 41.23768 1.025451 1.429758 42.77534 1.025452 -3.791253 30.70772 1.025452 -4.098684 30.88045 1.025452 -3.596987 30.7286 1.025452 -3.285471 30.90056 1.025452 -3.458586 30.97159 1.025452 -3.225268 31.50521 1.025452 -3.381374 31.50521 1.025452 -3.036158 34.05012 1.025452 -3.189264 34.08058 1.025451 -1.572626 38.60335 1.025451 -1.718195 38.70062 1.025451 -0.672393 40.38787 1.025451 -0.405671 40.46556 1.025451 -0.598735 40.96118 1.025451 -0.660517 41.00246 1.025452 -4.042061 31.45887 1.025452 -4.233191 31.1573 -0.978515 0.05861794 41.47554 -0.978515 -0.469831 41.28784 -0.3497 1.821475 43.62844 -0.328224 1.641174 43.73988 -0.328224 1.641174 43.93151 -0.3497 1.821475 44.04295 -0.480669 2.921012 44.16562 -0.480669 2.921012 43.50578 -0.3497 1.821475 18.31488 -0.480669 2.921012 18.19221 -0.328224 1.641174 18.42633 -0.328224 1.641174 18.61795 -0.3497 1.821475 18.72939 -0.480669 2.921012 18.85206 -0.978514 1.429756 42.77535 -0.978514 0.110245 41.23768 -0.978514 -0.408051 41.24657 -0.978514 -0.598737 40.96118 -0.978514 -0.405673 40.46556 -0.978514 -1.572628 38.60335 -0.978514 -3.036158 34.05012 -0.978514 -3.225268 31.50521 -0.978514 -3.285471 30.90056 0.527606 2.921012 43.50578 0.396636 1.821475 43.62844 0.37516 1.641174 43.73988 0.37516 1.641174 43.93151 0.396636 1.821475 44.04295 0.527606 2.921012 44.16562 -1.262312 -3.933801 32.35181 -1.402396 -3.889412 32.24465 -1.09128 -3.954771 32.40244 1.138221 -3.954771 32.40244 1.309251 -3.933803 32.35181 1.449335 -3.889414 32.24465 -1.480497 -3.831498 32.10484 -1.535685 -3.779457 31.64088 1.527438 -3.831501 32.10484 1.582624 -3.779457 31.64088 1.582625 -3.779458 30.75325 1.527436 -3.860387 30.28928 -1.480498 -3.860387 30.28928 -1.535685 -3.779458 30.75325 0.862792 2.921013 44.34235 0.02346795 2.573353 43.32904 0.862792 2.921013 43.32904 0.02346795 2.573353 44.34235 -0.815856 2.921013 43.32904 -0.815856 2.921013 44.34235 -1.163515 3.760336 44.34235 -1.163515 3.760336 43.32904 -0.815856 4.59966 44.34235 -0.815856 4.59966 43.32904 0.02346795 4.94732 43.32904 0.02346795 4.94732 44.34235 0.862792 4.59966 43.32904 0.862792 4.59966 44.34235 1.210451 3.760336 43.32904 1.210451 3.760336 44.34235 1.025452 -3.575987 30.19402 -0.978514 -4.366332 30.53456 -0.978514 -3.575986 30.19402 1.025452 -4.366333 30.53456 1.025452 -4.646132 31.16342 -0.978514 -4.646132 31.16342 1.025452 -4.388408 31.7869 -0.978514 -4.388408 31.7869 1.025452 -3.725503 32.16667 -0.978514 -3.725503 32.16667 1.025452 -3.770852 33.53387 -0.978514 -3.770852 33.53387 -0.978514 0.991744 19.28982 1.025453 0.991744 19.28982 1.025453 0.08375495 20.52099 -0.978514 0.08375298 20.52099 1.025453 -0.391938 20.66612 -0.978514 -0.391941 20.66611 1.025453 -0.80951 21.0546 -0.978514 -0.80951 21.0546 1.025453 -0.990252 21.56155 -0.978514 -0.990252 21.56155 -0.978514 -1.941207 23.50602 1.025453 -1.941207 23.50602 -0.978514 -3.515479 28.61463 1.025452 -3.515479 28.61463 1.025451 -3.888223 34.27383 1.025451 -3.574323 33.57297 1.025452 -3.558893 32.05535 1.025452 -4.248158 31.64379 1.025451 -4.445753 31.16342 1.025452 -4.246252 30.69036 1.025452 -3.375607 30.35306 1.025452 -3.277739 28.64879 1.025452 -1.736691 23.59855 1.025452 -0.672393 21.96777 1.025452 -0.733902 21.49302 1.025452 -0.634174 21.16439 1.025452 -0.357156 20.92918 1.025452 0.06215095 20.86845 -0.978515 -0.672393 21.96777 -0.978515 -1.736691 23.59855 -0.978515 -0.733902 21.49302 -0.978515 -0.634174 21.16439 -0.978515 -0.357156 20.92918 -0.978515 0.06215095 20.86844 -0.978515 -3.888223 34.27383 -0.978515 -3.574323 33.57297 -0.978515 -3.558893 32.05535 -0.978515 -4.248158 31.64379 -0.978515 -4.445753 31.16342 -0.978515 -4.246252 30.69036 -0.978515 -3.375607 30.35306 -0.978515 -3.277739 28.64879 -0.978515 -4.098684 30.88045 -0.978515 -3.791253 30.70772 -0.978514 -3.596987 30.7286 -0.978514 -3.458586 30.97159 -0.978514 -3.381374 31.50521 -0.978514 -3.189264 34.08058 -0.978515 -1.718195 38.70062 -0.978515 -4.042061 31.45887 -0.978515 -4.233191 31.1573 -0.978515 -0.660517 41.00246</float_array>
          <technique_common>
            <accessor source="#fob_e_sniperrifle-mesh-positions-array" count="1630" stride="3">
              <param name="X" type="float"/>
              <param name="Y" type="float"/>
              <param name="Z" type="float"/>
            </accessor>
          </technique_common>
        </source>
        <source id="fob_e_sniperrifle-mesh-normals">
          <float_array id="fob_e_sniperrifle-mesh-normals-array" count="8133">0.02975487 0.08295601 -0.996109 0.02975487 0.08295601 -0.996109 0.02975487 0.08295607 -0.996109 -0.535866 0.4413192 0.7197813 -0.3126133 0.5825406 0.7502796 -0.2945762 0.686173 0.6651251 -0.2594748 0.1715735 0.9503871 -0.6226015 0.347199 -0.701299 -0.5446825 0.7075855 -0.4501597 -0.8536537 0.4414083 -0.2764674 -0.8937903 0.2767364 -0.352925 -0.9396257 0.334533 0.07205003 -0.9788683 0.1936466 0.06570988 -0.9053192 0.1522303 0.3965138 -0.8157399 0.4034933 0.4144416 -0.4167384 0.6987774 0.5814115 -0.2520579 0.847385 0.4673388 -0.547405 0.6310507 -0.5496572 -0.7984303 0.5467142 -0.2522157 -0.2781591 0.8826497 -0.3788893 -0.3912014 0.870684 -0.2981121 -0.3765679 0.6511035 -0.6589848 -0.4576292 0.3670231 -0.8098579 -0.2125005 0.8415288 -0.4966616 -0.3007903 0.9373827 -0.1756101 -0.04081267 0.9606706 -0.2746751 0.01090735 0.9581902 -0.2859244 -0.8867725 0.4499843 0.1055881 -0.5925641 0.7069681 0.386088 -0.3029252 0.8361407 0.4572802 -0.2367957 0.9202957 0.3114222 -0.3454948 0.8771 0.33366 -0.2463063 0.953815 0.17196 -0.3749827 0.9125621 0.1631518 -0.3421608 0.9396048 -0.008299529 -0.645103 0.7507284 0.142299 -0.568089 0.8160003 -0.1068581 -0.2341462 0.9717395 0.02996557 -0.2971187 0.9448642 -0.137667 -0.2460709 0.9587788 -0.1421 0.9998025 -0.003203332 0.01961809 0.9198311 -0.3908917 -0.03338301 0.9198418 -0.3908665 -0.03338283 0.9998059 -0.003175437 0.01944714 0.9198547 0.3811759 0.09258687 0.9198409 0.3812069 0.09259754 0.7025699 0.69175 0.1669658 0.7025717 0.6917484 0.1669645 0.3784552 0.8960422 0.2321208 0.3785685 0.8960075 0.2320697 -0.01024264 0.963033 0.2691891 -0.01024818 0.9630334 0.2691873 -0.3595914 0.891044 0.2770105 -0.359597 0.8910133 0.2771016 -0.6876645 0.6809387 0.2518731 -0.6875749 0.6810515 0.2518128 -0.9082995 0.3650122 0.2043483 -0.9083308 0.3649132 0.2043861 -0.9896296 -0.02313381 0.141768 -0.9897723 -0.02297508 0.1407946 -0.9083436 -0.4109216 0.0778169 -0.9082691 -0.4111146 0.07766574 -0.6876018 -0.7257457 0.02229309 -0.68763 -0.7257181 0.02232432 -0.3597263 -0.9328319 -0.02053874 -0.3597459 -0.9328238 -0.02056193 -0.01026886 -0.9986512 -0.05089473 -0.01025176 -0.9986515 -0.0508939 0.3786372 -0.923275 -0.06478643 0.3786173 -0.9232839 -0.0647763 0.7025377 -0.708977 -0.06158238 0.7026304 -0.7088823 -0.06161636 -0.01496011 -0.9859388 -0.1664363 -0.01494598 -0.9859425 -0.1664152 -0.01495915 -0.9859383 -0.1664387 -0.01496398 -0.9859401 -0.1664279 -0.01495575 -0.9859377 -0.1664431 -0.01496899 -0.9859409 -0.1664227 -0.01497995 -0.9859412 -0.1664198 -0.01497626 -0.9859439 -0.1664041 -0.01496607 -0.9859396 -0.1664307 0.02447003 -0.9822751 -0.1858409 0.02440929 -0.9822748 -0.1858509 -0.1438222 -0.01568496 0.9894793 -0.1438208 -0.01565384 0.98948 -0.14383 -0.01566195 0.9894785 -0.1438339 -0.01566284 0.9894779 0.143958 -0.01563411 0.9894603 0.143964 -0.01565057 0.9894592 0.1439674 -0.0156579 0.9894586 0.1439669 -0.01565319 0.9894587 0.01673936 -0.2992827 0.9540177 0.07791602 -0.3432095 0.9360216 0.01670658 -0.2992811 0.9540187 0.07792592 -0.3432129 0.9360195 0.117193 -0.3488557 0.9298202 0.1170994 -0.3489218 0.9298072 0.1835463 -0.3366147 0.9235808 0.183548 -0.3366125 0.9235812 0.2494976 -0.2934643 0.9228379 0.2499698 -0.2929562 0.9228716 0.3193125 -0.2448341 0.9154757 0.3193326 -0.2448436 0.9154661 -0.05904716 -0.2378633 0.9695022 -0.05948555 -0.2375766 0.9695458 0.309214 -0.1531414 0.9385811 0.3097462 -0.153118 0.9384094 0.29146 -0.07670593 0.9535027 0.2918526 -0.0770424 0.9533554 0.2497048 -0.01542532 0.9681992 0.2498528 -0.01557815 0.9681586 0.1835867 0.02551698 0.9826724 0.1836029 0.02552664 0.9826691 0.1171913 0.03523951 0.992484 0.1170933 0.03536957 0.9924909 0.07792675 0.02787655 0.9965693 0.07794225 0.0278809 0.996568 0.01672887 -0.01948261 0.9996703 0.01674145 -0.01948457 0.99967 -0.05936717 -0.08313459 0.9947685 -0.05911141 -0.08287322 0.9948055 -0.07720041 -0.1605536 0.9840034 -0.07674157 -0.1605595 0.9840384 -0.3193027 -0.2448254 0.9154815 -0.8062923 -0.1540541 0.5711044 -0.5812886 -0.3176626 0.7491289 -0.8062931 -0.1540677 0.5710996 -0.9668003 -0.09065711 0.2389109 -0.966796 -0.09067034 0.2389235 -0.9972503 0.06846052 -0.02837407 -0.9972506 0.06846398 -0.02835732 -0.9647835 0.1918423 -0.1799709 -0.9647846 0.1918284 -0.1799789 -0.3560146 -0.3490694 0.8668358 -0.1879498 -0.2345266 0.9537673 -0.1879346 -0.2345191 0.9537723 4.36977e-6 -0.1735991 0.9848164 -6.89179e-6 -0.2284051 0.9735662 0.1880918 -0.2345436 0.9537352 0.3193022 -0.2448226 0.9154824 0.1880983 -0.2345402 0.9537348 0.3560126 -0.3490687 0.8668369 0.5812865 -0.3176611 0.7491312 0.8062928 -0.1540515 0.5711044 0.8063042 -0.1540136 0.5710985 0.4231031 -0.1506123 0.8934763 2.07329e-7 -0.1181365 0.9929974 -0.4231025 -0.150613 0.8934764 -0.01496744 -0.9859396 -0.1664307 -0.01499134 -0.9859423 -0.1664123 -0.01497977 -0.9859411 -0.1664208 -0.01499605 -0.9859437 -0.1664034 0.9997953 0.01728355 -0.01051443 0.9997979 0.01715975 -0.01046878 0.9998011 0.0170089 -0.01041311 0.9997925 0.01741963 -0.01056468 -0.01499086 -0.9859416 -0.1664167 -0.0149672 -0.9859389 -0.1664351 -0.01497489 -0.9859409 -0.1664228 -0.01495951 -0.9859385 -0.1664378 -0.9995114 0.03008162 -0.00849986 -0.9994871 0.03080248 -0.008766472 -0.9995102 0.03011399 -0.008510947 -0.9994944 0.03058862 -0.008686065 1.14532e-5 -0.9618063 -0.273731 6.87136e-6 -0.961807 -0.2737287 0 -0.9618079 -0.2737253 1.85573e-5 -0.9618053 -0.2737345 -0.1944236 0.1313827 0.9720793 -0.2628129 0.5021783 0.8238607 0.1543641 0.1533862 0.9760351 -0.4020594 0.1200904 0.907704 -0.3798844 0.5968729 0.7067041 -0.5997706 0.1020545 0.7936373 -0.3190816 -0.2990294 0.8993156 -0.1643629 -0.1472048 0.9753541 -0.4592571 -0.4375803 0.7730501 0.5945262 0.3084463 0.7425628 0.4585617 0.7219354 0.5181993 0.7324969 0.5818647 0.3533865 0.2429106 0.1897898 0.9513013 0.4430544 0.07516896 0.8933379 0.2692699 0.7690475 0.5797066 0.3134158 0.827234 0.4663203 0.2503611 0.9148545 0.3167973 0.2620658 0.8403351 0.4745087 0.4240301 0.6834871 0.5941751 0.2998121 0.6743129 0.6748443 0.5481045 0.3481333 0.7605162 0.2318513 0.420233 0.8772966 0.3086664 0.2060487 0.9285845 0.6602307 0.08535534 0.746197 0.8632029 0.3186396 0.3915986 0.8674173 0.4879461 0.09744727 0.9547748 0.2858726 0.08174425 0.8771852 0.3962358 -0.2711886 0.9106462 0.2235342 -0.3474997 0.6438441 0.3099946 -0.6995486 0.5748991 0.604889 -0.5509995 0.4022857 0.6332744 -0.6611579 0.4793389 0.3396822 -0.8092282 0.5762221 0.68255 -0.4495484 0.3562185 0.719804 -0.595811 0.3307388 0.9275086 -0.174183 0.1205809 0.9650304 -0.2327588 0.5817549 0.7929878 -0.1809191 0.7776813 0.6092823 -0.1548776 0.09322738 0.413878 0.9055461 0.09941554 0.6208364 0.7776109 0.09446156 0.4969463 0.8626247 0.09323018 0.4138801 0.9055448 0.09942781 0.6211377 0.7773687 0.1151121 0.8004866 0.5881925 0.115128 0.8005088 0.5881592 0.1199952 0.9173068 0.3796703 0.1203585 0.9170891 0.3800808 0.00910902 -0.6021399 0.7983387 0.01682281 -0.4005782 0.9161083 0.02329146 -0.1872534 0.9820356 0.1851049 -0.2064585 0.9607868 0.2826756 -0.3684271 0.8856388 0.332487 -0.5655774 0.7547017 -0.9942511 -0.1036848 0.02672684 -0.9706851 -0.1685603 0.1713411 -0.9978992 -0.06384527 -0.0109989 -0.94134 -0.2726704 0.1988214 -0.9413393 -0.2726588 0.1988407 -0.9406279 -0.2182823 0.2599461 -0.9842229 -0.1245847 0.1256342 -0.987589 -0.1432561 0.06438857 -0.987589 -0.14326 0.06437939 0.9709427 -0.1639537 0.1743254 0.9942572 -0.1032967 0.02797496 0.9987134 -0.05027717 -0.006622016 0.9857912 -0.1559354 0.06244897 0.9857925 -0.1559188 0.06247001 0.9841652 -0.1215194 0.1290422 0.940086 -0.2181248 0.2620304 0.939743 -0.2805342 0.1954064 0.9397485 -0.2805221 0.1953976 0.9709466 -0.1639478 0.1743099 0.9397453 -0.2805259 0.1954073 0.9063112 0.3177047 0.2786822 0.06142169 0.9612147 0.2688753 0.09305977 0.775393 0.6245843 -0.5337335 0.346419 0.7714419 -0.7975482 0.3752542 0.472336 -0.4868663 -0.6273869 0.6077392 -0.3071898 -0.3849573 0.8703117 0.5651653 -0.664821 0.4884684 0.4613432 -0.4130173 0.7852256 0.7113026 0.3060072 0.6327782 0.0365777 0.5760415 0.8166016 0.04693073 0.1830077 0.9819908 0.03866612 0.7154422 0.6976011 0.04449975 0.03790903 0.99829 0.09427505 0.2651653 0.9595831 0.243468 0.5594946 0.7922684 0.2998235 0.6742994 0.6748527 -0.1555058 -0.8561937 0.492697 0.648252 0.04899853 0.7598478 -0.5578494 -0.5414857 0.6289653 0.2878538 0.3665695 0.8847412 -0.264701 -0.4007768 -0.877104 -0.271109 0.7960191 -0.5411595 0.2806234 0.7898007 -0.5454041 0.2480363 -0.41332 -0.8761534 0.6180348 -0.0591222 -0.7839245 -0.6364253 0.438171 -0.6347985 0.6556052 0.4094855 -0.6344316 -0.550126 -0.1141728 -0.82724 0.2806268 0.7898175 -0.5453779 -0.1610573 -0.4496434 -0.8785679 -0.6418313 0.05826091 0.7646295 -0.2703502 0.4261221 0.8633254 0.6107511 -0.4484232 0.65261 0.2481598 -0.7900703 0.5605405 -0.2648332 -0.7796015 0.5675255 0.2913509 0.4167325 0.8610742 -0.6226072 -0.4314293 0.6528623 0.6482371 0.04899919 0.7598605 -0.6418148 0.05826389 0.7646431 0.5458895 -0.5515353 0.6307246 0.1409802 -0.8603987 0.4897333 0.5381042 -0.1212196 -0.8341161 0.146296 -0.4548316 -0.8784793 -0.6364415 0.4381743 -0.6347799 0.6555939 0.409477 -0.6344488 -0.6296882 -0.04392403 -0.7756053 -0.2711331 0.7960453 -0.5411087 -0.2703639 0.3763608 0.8861467 0.9881878 0.1344271 0.07358247 0.8254354 0.506591 -0.2490425 0.9077363 0.40381 0.1138077 0.5960838 0.7961674 -0.1039307 0.6691359 0.7275661 0.1513436 0.4177814 0.8580439 -0.2986963 0.3201557 0.9374426 -0.1367543 0.3644655 0.931201 -0.005456507 0.395278 0.9027613 0.1696389 0.3030887 0.8737816 -0.3803197 0.2828819 0.9526171 -0.1117967 0.2530025 0.9669365 0.03199362 0.2638764 0.9483613 0.1760121 0.3606387 0.8674487 0.3427428 0.6072252 0.6863613 0.4002322 0.8284985 0.3603723 0.4286283 0.9084891 0.09554845 0.4068394 0.4160277 -0.8112421 0.4108618 0.5325409 -0.8436929 0.06769472 0.3011385 -0.9448511 -0.1287324 0.2954033 -0.9537311 -0.05598294 0.230592 -0.9636033 0.1352634 -0.0184434 -0.9557871 0.2934808 -0.01266604 -0.9800752 0.1982225 -0.2614039 -0.9558722 0.1340766 -0.5731837 -0.8165985 0.06802648 -0.6196357 -0.772018 -0.1415627 -0.7402654 -0.6646991 -0.1009069 0.1618225 -0.98276 -0.08942288 0.05467367 -0.9943532 -0.09095275 0.008364498 -0.9979756 -0.06304556 -0.008923053 -0.9931448 0.1165501 -0.008926451 -0.993146 0.1165393 -0.07674962 -0.9920592 -0.09964019 -0.1846438 -0.9778485 -0.09858524 -0.3194663 -0.9456244 -0.06112229 -0.3229846 -0.9370771 -0.1325426 -0.5267678 -0.7902458 -0.3130932 -0.2724637 -0.8489336 -0.4528523 -0.009510338 -0.8006083 -0.5991128 0.002110719 -0.9015085 -0.4327564 -0.1885305 -0.9643489 -0.1857079 -0.08138871 -0.9870242 -0.1384165 -0.02598404 -0.9596911 -0.2798537 -0.02597743 -0.9596887 -0.2798622 0.0408287 -0.9891686 -0.1409913 0.2531289 -0.858949 -0.4451209 0.04079914 -0.9891533 -0.1411076 0.1720542 -0.9673346 -0.1861754 0.4945563 -0.8147586 -0.3026263 0.6961237 -0.7114075 -0.09649527 0.5742968 -0.8072331 -0.136228 -0.0118857 -0.9837059 -0.1793923 0.9032434 0.0223897 0.4285444 0.5697093 0.7410514 0.3553508 -0.02149397 0.07697176 0.9968016 0.0397852 0.9249716 0.3779481 -0.5925694 0.7069625 0.3860903 -0.9012665 0.05872088 0.4292674 -0.6587427 -0.6369309 0.4004713 -0.009017527 -0.9055765 0.4240872 0.6009684 -0.7079215 0.3710583 0.1260449 0.9893464 0.07284569 0.1261902 0.9893094 0.07309621 0.1258919 0.9893836 0.07260459 0.1260448 0.989346 0.07285255 0.1205557 0.9650386 -0.2327376 0.1205631 0.9650376 -0.2327383 0.1221398 0.8118205 -0.5709897 0.1221012 0.8118775 -0.570917 0.1145954 0.6600687 -0.7424131 0.1145783 0.6599985 -0.7424782 0.1032629 0.415901 -0.9035283 0.103286 0.4159851 -0.9034869 0.0975815 0.299427 -0.9491162 0.09740293 0.2995997 -0.9490799 0.9590063 0.2158723 -0.1835928 0.9746001 0.1963133 -0.1077767 0.9590174 0.215893 -0.18351 0.9745946 0.1963327 -0.1077905 0.9883723 0.1513838 0.01426064 0.9883728 0.1513828 0.01423305 0.9770302 0.2079527 0.04655706 0.977035 0.2079311 0.04655528 0.9587202 0.2823086 0.03401982 0.9587156 0.2823246 0.03402018 0.9587117 0.2823385 0.03401285 0.9587185 0.2823144 0.03402185 0.09742778 0.7288084 0.677751 0.05122011 0.3578872 0.932359 0.05121457 0.3578952 0.9323563 0.097395 0.7288323 0.6777299 0.1205661 0.965041 -0.2327228 0.1205706 0.9650231 -0.2327943 0.08520263 0.7209674 -0.6877112 0.08519101 0.7210004 -0.6876779 -0.5040783 0.3584852 -0.7857439 -0.3255306 0.3953841 -0.8588954 -0.5041064 0.3584702 -0.7857326 -0.3255503 0.3953767 -0.8588914 0.02949017 0.4273765 -0.9035927 0.02942466 0.4273573 -0.9036039 0.330616 0.4044478 -0.8527105 0.3305995 0.4044557 -0.8527131 0.4619484 0.3744226 -0.8039972 0.4619495 0.3744233 -0.8039962 -0.7141686 0.6111142 0.3413249 -0.4440121 0.7371731 0.5093418 -0.6116983 0.3070031 0.7290914 -0.845973 0.5259472 0.08780366 -0.8522604 0.3607349 0.3788439 -0.6804212 0.1301057 0.7211793 -0.2289221 0.1272838 0.9650873 -0.3395665 0.1296303 0.9316065 0.2434822 0.5594917 0.7922661 -0.3026238 0.5131248 0.8031948 -0.1472706 0.7738605 0.6159964 -0.033908 0.7603431 0.6486359 -0.5467586 0.8168342 -0.1839484 -0.7485642 0.6435761 -0.1595664 0.2972984 0.1110892 0.9483001 0.2826336 -0.3684115 0.8856588 0.4747182 -0.4616587 0.7493423 0.5244169 0.07897049 0.8477916 0.3992803 0.6141042 0.6807727 -0.974318 0.1925591 -0.1167288 -0.9597014 0.2095457 -0.1872534 -0.9596999 0.2095514 -0.1872549 -0.9743209 0.1925499 -0.1167199 -0.9852201 0.1706288 -0.01507616 -0.9852154 0.1706563 -0.01506692 -0.9696705 0.2438454 0.01668733 -0.9696584 0.243889 0.01675897 -0.9526805 0.3033166 0.01997685 -0.9526715 0.3033451 0.0199666 -0.9526687 0.3033539 0.01996749 -0.9526714 0.3033466 0.01995611 -0.9971682 -0.04561662 0.05979055 -0.997168 -0.04560822 0.05979883 -0.9930004 -0.09136408 0.07485222 -0.9971686 -0.04560518 0.05979198 -0.9737495 -0.1743074 0.1463859 -0.956345 -0.2108278 0.2023755 -0.9563471 -0.2108296 0.2023641 -0.9737492 -0.1742861 0.1464133 -0.9930015 -0.09133499 0.07487225 -0.9971687 -0.04560047 0.0597949 -0.9971693 -0.04559248 0.05979073 -0.9971694 -0.04559439 0.05978715 0.007713258 0.8513399 0.5245578 0.007714629 0.8513423 0.524554 0.007742881 0.851337 0.5245622 0.007736742 0.8513426 0.5245532 0.007704615 0.8513371 0.5245624 0.007688939 0.8513437 0.5245521 0.007735669 0.8513234 0.5245844 0.007697582 0.8513395 0.5245589 0.007713437 0.8513179 0.5245937 0.007704377 0.8513182 0.5245932 0.007649898 0.8513769 0.5244988 0.007696211 0.8513455 0.5245489 0.007707774 0.8513399 0.524558 0.007728457 0.8513376 0.5245615 0.9971681 -0.04561346 0.05979269 0.9971673 -0.04561555 0.05980533 0.9971692 -0.04559212 0.05979114 0.9930002 -0.09136486 0.07485461 0.956353 -0.2108375 0.2023279 0.9737495 -0.1743072 0.1463869 0.9563474 -0.2108291 0.2023627 0.9737546 -0.1742957 0.1463662 0.9929986 -0.09137976 0.07485789 0.9971685 -0.04560309 0.05979442 0.9971687 -0.04560226 0.05979228 0.9971674 -0.0456227 0.05979764 -0.09877115 0.9795001 0.1755678 -0.154967 0.9513459 -0.2663199 -0.09876275 0.9794924 0.1756147 -0.1549866 0.9513553 -0.2662746 -0.1874952 0.7347003 -0.6519672 -0.1875233 0.7347236 -0.6519327 -0.1939687 0.373938 -0.9069435 -0.1939632 0.3739349 -0.906946 -0.1740121 -0.06127697 -0.9828352 -0.1742109 -0.0613771 -0.9827938 -0.1286668 -0.4868694 -0.8639463 -0.128655 -0.4868248 -0.8639732 -0.06234538 -0.8176388 -0.572346 -0.06234169 -0.8176219 -0.5723705 -0.01435768 -0.9860466 -0.1658492 -0.01439327 -0.9860469 -0.165845 0.08477008 -0.9581207 0.2735306 0.08476942 -0.958118 0.27354 0.1306625 -0.7414267 0.6581898 0.1306661 -0.7414406 0.6581735 0.1396239 -0.3808156 0.9140485 0.1396209 -0.3808084 0.9140521 0.0980854 0.02306848 0.9949107 0.09808874 0.02306765 0.9949104 0.04907703 0.4794893 0.8761744 0.04904586 0.4795411 0.8761478 -0.02622824 0.8109459 0.5845332 -0.02620422 0.8109204 0.5845695 -0.2743179 -0.9154058 0.2945878 -0.2743174 -0.9154028 0.2945976 -0.3116734 -0.9443748 -0.104957 -0.2660183 -0.7168834 0.6444475 -0.2660208 -0.716883 0.6444469 -0.2884386 -0.3881301 0.8753047 -0.2884492 -0.3881245 0.8753038 -0.3371177 0.005733788 0.9414451 -0.3371047 0.005739629 0.9414497 -0.4023989 0.3867336 0.8297665 -0.4023819 0.3867402 0.8297716 -0.4713647 0.679353 0.562401 -0.4713743 0.6793496 0.5623972 -0.530371 0.8256714 0.1922843 -0.5303652 0.8256741 0.1922892 -0.5677044 0.7967066 -0.2072932 -0.5676986 0.7967104 -0.2072947 -0.5759944 0.5981951 -0.5571292 -0.57599 0.5981862 -0.5571436 -0.553595 0.2694276 -0.7879984 -0.5535879 0.2694204 -0.7880057 -0.5049406 -0.1244317 -0.854138 -0.5049307 -0.1244412 -0.8541424 -0.4396368 -0.50542 -0.7424757 -0.4396266 -0.5054238 -0.7424792 -0.3706542 -0.798062 -0.4750922 -0.3706616 -0.7980638 -0.4750833 -0.3116645 -0.9443765 -0.1049675 -0.009427428 -0.8623223 -0.5062721 -0.009417474 -0.8623234 -0.5062705 -0.009429216 -0.8623224 -0.5062718 -0.009402334 -0.862323 -0.5062716 -0.009439766 -0.8623226 -0.5062714 -0.009441614 -0.8623226 -0.5062713 -0.009433627 -0.8623232 -0.5062703 -0.009401738 -0.8623229 -0.5062717 -0.009378254 -0.8623033 -0.5063055 -0.009371995 -0.8623014 -0.5063087 -0.009152829 -0.8623407 -0.5062457 -0.009179532 -0.8624572 -0.5060468 -0.00946325 -0.8623266 -0.5062641 -0.00947237 -0.8623257 -0.5062654 -0.9883728 0.1513831 0.0142343 -0.9883719 0.1513886 0.0142374 -0.9759895 0.1609863 0.1467239 -0.9911214 0.08555835 -0.1017749 -0.9911215 0.0855568 -0.1017755 -0.9836916 -0.02345544 -0.1783277 -0.9836921 -0.02345389 -0.1783255 -0.9675559 -0.1540563 -0.2002555 -0.9675568 -0.1540544 -0.2002524 -0.9459083 -0.2803827 -0.1632274 -0.9459099 -0.2803815 -0.1632195 -0.9230371 -0.3774152 -0.07456827 -0.9230363 -0.3774154 -0.07457727 -0.9034727 -0.425932 0.04815822 -0.9034734 -0.4259308 0.04815441 -0.8910936 -0.416318 0.1806418 -0.8910938 -0.4163181 0.1806409 -0.8883442 -0.3504885 0.2966518 -0.888346 -0.3504899 0.2966451 -0.895771 -0.241482 0.3732033 -0.8957706 -0.2414857 0.373202 -0.9119056 -0.1108869 0.3951359 -0.9119054 -0.1108846 0.395137 -0.9335566 0.01543956 0.3580973 -0.9335561 0.01543593 0.3580989 -0.9564265 0.1124702 0.2694417 -0.9564273 0.1124694 0.2694391 -0.9759907 0.160982 0.1467216 0.2965757 -0.4388983 0.8481812 0.4757818 -0.4099661 0.778177 0.4757072 -0.4100145 0.7781971 0.2966219 -0.4387472 0.8482432 0 -0.4533132 0.8913514 0 -0.4536827 0.8911634 -0.2966221 -0.4387467 0.8482434 -0.2965818 -0.4389426 0.848156 -0.475705 -0.4100164 0.7781974 -0.4757873 -0.4099634 0.7781752 0.0980764 0.02307409 0.9949114 0.09807729 0.02307599 0.9949113 0.09807676 0.02307474 0.9949114 0.09806144 0.02308332 0.9949126 0.09806144 0.0230832 0.9949127 0.0980618 0.02308398 0.9949126 0.1156367 -0.9904518 -0.07505631 0.1697719 -0.9853899 -0.01357454 0.1156626 -0.9904511 -0.07502526 0.1697795 -0.9853889 -0.01355105 0.22277 -0.97369 0.04797279 0.2227457 -0.973693 0.04802507 -0.07851123 -0.1222026 -0.9893951 -0.07851213 -0.1222019 -0.9893951 -0.07851165 -0.1222022 -0.9893951 -0.07849979 -0.1221826 -0.9893985 -0.07849806 -0.122184 -0.9893984 -0.07849913 -0.1221832 -0.9893984 0.985934 -0.1587835 0.05217188 0.9850304 -0.1388766 0.1021194 0.9859355 -0.1587668 0.05219578 0.9850314 -0.138857 0.1021363 0.9790492 -0.1309748 0.1559116 0.9790524 -0.1310009 0.1558691 0.2414883 0.9657793 -0.09462535 0.2414927 0.9657783 -0.09462326 0.241503 0.9657754 -0.09462714 0.2414993 0.9657763 -0.09462773 0.2414875 0.9657795 -0.09462505 0.2415007 0.9657762 -0.09462493 -0.09798526 0.0231232 0.9949193 -0.09814506 0.0230391 0.9949054 -0.09806191 0.02308309 0.9949126 -0.09811854 0.02305281 0.9949078 0.07847213 -0.1221495 -0.9894047 0.07861536 -0.1223394 -0.9893699 0.07849794 -0.1221839 -0.9893984 0.07851165 -0.1222024 -0.9893951 -0.01497447 -0.9859344 -0.1664605 -0.2531473 -0.9563812 -0.1457793 -0.01499152 -0.9859361 -0.1664493 -0.2531818 -0.9563751 -0.1457589 -0.9015049 -0.4327609 0.002613782 -0.839136 -0.5439169 0.00229758 -0.9015048 -0.4327612 0.00261265 -0.8391343 -0.5439196 0.002282917 -0.7630699 -0.6463141 0.001585185 -0.7631358 -0.6462354 0.00189799 0.2531846 -0.9563753 -0.1457537 0.2531728 -0.9563774 -0.1457597 -0.919833 -0.3908874 -0.03338283 -0.9998044 -0.003186821 0.01951682 -0.9198635 -0.3908156 -0.03338611 -0.9998079 -0.003159105 0.01934659 -0.9198362 0.381217 0.09260135 -0.9198624 0.3811594 0.0925793 -0.7025722 0.6917477 0.1669658 -0.7025724 0.6917476 0.1669652 -0.3784546 0.8960424 0.2321211 -0.37857 0.8960071 0.2320689 -0.01018357 0.9630202 0.2692367 -0.01020884 0.9630347 0.2691839 0.3595519 0.8910669 0.2769883 0.3595448 0.8909898 0.2772449 0.687633 0.6809762 0.2518577 0.6876036 0.681014 0.251836 0.9082666 0.3651087 0.204322 0.9083424 0.3648731 0.2044056 0.9896295 -0.02313452 0.1417686 0.9897577 -0.02299368 0.140894 0.9083145 -0.4109986 0.07774895 0.9083003 -0.4110353 0.07772207 0.6876034 -0.7257442 0.02229404 0.6876291 -0.7257189 0.02232325 0.3597803 -0.9328079 -0.02068352 0.3597894 -0.9328076 -0.02053552 -0.01029086 -0.998651 -0.0508939 -0.01030975 -0.9986498 -0.05091547 -0.3786368 -0.9232752 -0.06478637 -0.378794 -0.9232063 -0.06484812 -0.702573 -0.7089415 -0.06158912 -0.7025649 -0.7089498 -0.0615856 -0.9850321 -0.1388472 0.1021441 -0.9850304 -0.1388561 0.1021473 -0.985032 -0.1388543 0.1021353 -0.9850314 -0.1388568 0.1021375 -0.9850324 -0.1388549 0.1021307 -0.9850324 -0.1388542 0.1021307 -0.9850322 -0.1388587 0.1021271 -0.985033 -0.138854 0.102126 -0.9850337 -0.138849 0.1021262 -0.9850322 -0.1388546 0.1021324 -0.9850311 -0.1388575 0.1021388 -0.9850311 -0.1388567 0.1021412 -0.9850307 -0.1388632 0.1021358 -0.9850316 -0.1388567 0.1021352 -0.9850333 -0.1388409 0.102141 -0.9850317 -0.1388545 0.1021372 -0.9790528 -0.1309958 0.1558709 -0.9790526 -0.1309943 0.1558737 -0.9850307 -0.1388752 0.1021183 -0.985934 -0.1587841 0.05217123 -0.9859356 -0.158766 0.05219537 -0.07781261 -0.3432118 0.9360294 0.01644861 -0.2999159 0.9538239 0.01695013 -0.2992627 0.9540202 -0.0778222 -0.3432155 0.9360272 -0.1171919 -0.3488557 0.9298202 -0.1170918 -0.3490136 0.9297737 -0.1868309 -0.3320556 0.924572 -0.1860893 -0.3321638 0.9246827 -0.2494969 -0.2934634 0.9228383 -0.2500168 -0.2929514 0.9228604 -0.3193148 -0.2448338 0.9154751 -0.3193328 -0.2448449 0.9154658 0.05904924 -0.2378639 0.9695019 0.05948591 -0.2375766 0.9695458 0.05941706 -0.08321917 0.9947584 0.07720208 -0.1605536 0.9840033 0.05911523 -0.08287382 0.9948052 0.07674491 -0.1605595 0.9840381 0.01647782 -0.01886612 0.9996863 0.01699727 -0.01950699 0.9996653 -0.07782548 0.02789187 0.9965767 -0.07783794 0.02789151 0.9965758 -0.1171907 0.03523653 0.9924841 -0.1170933 0.03537064 0.9924909 -0.1859779 0.02131795 0.9823226 -0.1863921 0.02123469 0.9822459 -0.249655 -0.01534169 0.9682133 -0.2498511 -0.01557809 0.968159 -0.2919611 -0.07751512 0.9532839 -0.291438 -0.07697218 0.953488 -0.3092144 -0.1531416 0.9385809 -0.3087688 -0.1531613 0.9387245 -0.2414942 0.9657781 -0.09462177 -0.2414885 0.9657791 -0.09462618 -0.241504 0.9657751 -0.09462708 -0.2414889 0.9657776 -0.0946412 -0.2414956 0.9657773 -0.09462612 -0.2415014 0.9657759 -0.09462594 -0.241501 0.965776 -0.09462666 -0.2414992 0.965776 -0.0946303 -0.4645346 0.8778353 0.1166747 -0.5563542 0.4091413 0.7232382 0.1447202 0.194261 0.9702158 0.6732377 0.5324414 0.5130861 0.2936952 0.9557752 -0.01539671 0.9072715 0.2552444 0.3342289 0.3890103 0.83569 -0.3876767 -0.6496344 0.731735 -0.2062505 -0.7754499 0.08925747 0.6250684 0.184926 -0.2064794 0.9608166 0.3116726 -0.9443759 -0.10495 0.2743191 -0.9154028 0.2945959 0.2743217 -0.9154054 0.2945855 0.2660236 -0.7168802 0.6444488 0.2660081 -0.7168818 0.6444534 0.2884394 -0.3881268 0.875306 0.288452 -0.3881284 0.875301 0.3371068 0.005742132 0.9414489 0.3371143 0.005733191 0.9414463 0.4023873 0.3867358 0.829771 0.4023703 0.3867409 0.8297768 0.471359 0.6793566 0.5624015 0.4713671 0.6793556 0.5623959 0.5303687 0.8256731 0.1922839 0.530374 0.8256705 0.1922801 0.5677093 0.7967038 -0.2072903 0.5677027 0.7967073 -0.2072948 0.5760041 0.5981907 -0.5571242 0.575998 0.5981799 -0.557142 0.5535911 0.2694298 -0.7880004 0.5535835 0.2694222 -0.7880083 0.5049324 -0.1244339 -0.8541426 0.5049305 -0.1244408 -0.8541427 0.4396395 -0.5054237 -0.7424716 0.4396342 -0.5054278 -0.742472 0.3706555 -0.7980609 -0.4750931 0.3706638 -0.7980629 -0.4750832 0.3116667 -0.9443764 -0.1049633 0.04421639 -0.3227743 0.9454426 0.04421412 -0.322766 0.9454456 0.04421758 -0.3227865 0.9454384 0.04422271 -0.3227872 0.9454379 -0.007177054 -0.8651338 -0.50149 -0.007189989 -0.8651279 -0.5014998 0.03749215 0.4452854 -0.8946035 0.03758943 0.4452511 -0.8946165 0.03754472 0.4452672 -0.8946103 0.03755176 0.4452656 -0.8946108 -0.01764827 0.3960044 0.918079 -0.01747554 0.3959013 0.9181269 -0.0177648 0.3960753 0.9180462 -0.01719498 0.3957353 0.9182036 -0.007538259 -0.312127 0.9500106 0.01682823 -0.4005743 0.9161098 -0.007519125 -0.3121261 0.9500109 0.01680243 -0.400601 0.9160987 -0.01029682 -0.6659485 0.7459267 -0.01036399 -0.6659544 0.7459205 -0.01488 -0.817989 0.5750413 -0.0148707 -0.8179756 0.5750607 -0.01483833 -0.8506274 0.5255597 -0.01480221 -0.8506297 0.5255569 0.9759896 0.1609861 0.1467228 0.9883734 0.151378 0.01423716 0.9883737 0.1513766 0.01423561 0.9911223 0.08555209 -0.1017721 0.9911225 0.08554762 -0.1017736 0.9836939 -0.02345192 -0.1783155 0.9836932 -0.02345472 -0.1783189 0.9675574 -0.1540507 -0.2002524 0.9675567 -0.1540532 -0.2002542 0.9459098 -0.2803812 -0.1632211 0.9459098 -0.2803806 -0.1632224 0.9230376 -0.3774148 -0.07456284 0.9230393 -0.3774111 -0.07456237 0.9034744 -0.4259278 0.04816353 0.9034731 -0.4259307 0.0481593 0.8910925 -0.4163208 0.1806412 0.8910937 -0.416319 0.1806393 0.8883447 -0.3504912 0.2966474 0.8883453 -0.3504955 0.2966409 0.8957711 -0.2414854 0.3732012 0.895772 -0.2414861 0.3731985 0.9119073 -0.1108875 0.3951318 0.9119086 -0.1108859 0.395129 0.9335554 0.01544076 0.3581004 0.9335561 0.01543951 0.3580987 0.9564257 0.1124715 0.2694439 0.9564259 0.1124773 0.2694411 0.9759905 0.1609784 0.1467256 0.06333428 0.9539011 -0.2933624 0.06305593 0.9539754 -0.2931807 0.06311488 0.9539591 -0.2932214 0.06310969 0.953961 -0.2932161 -0.01843255 -0.9557898 0.2934727 -0.01843029 -0.9557874 0.2934804 -0.01844531 -0.9557868 0.2934816 -0.01844793 -0.955785 0.293487 0.06721252 0.7525801 0.6550616 0.06721156 0.7525804 0.6550614 0.06720066 0.7525925 0.6550486 0.06721156 0.7525826 0.6550589 -0.01152366 -0.7572349 -0.653041 -0.01147341 -0.7572354 -0.6530414 -0.01148033 -0.757235 -0.6530416 -0.01149982 -0.7572356 -0.6530407 -0.02128332 -0.7173079 0.6964312 -0.01610803 -0.9711387 0.2379714 -0.02126348 -0.7173038 0.696436 -0.01605802 -0.9711388 0.237974 -0.02361649 -0.711471 -0.7023186 -0.02361655 -0.7114729 -0.7023166 -0.03523266 -0.297765 -0.9539889 -0.0352379 -0.297766 -0.9539884 0.9850315 -0.1388581 0.1021345 0.9850317 -0.1388563 0.102135 0.9850317 -0.1388608 0.1021286 0.9850328 -0.1388531 0.1021288 0.9850315 -0.1388546 0.1021388 0.9850314 -0.1388588 0.1021338 0.9850317 -0.1388553 0.1021356 0.9850318 -0.138852 0.10214 0.9850316 -0.1388548 0.1021375 0.9850314 -0.1388542 0.1021416 0.9850314 -0.1388572 0.1021361 0.9850324 -0.1388542 0.1021307 0.9850322 -0.1388494 0.1021394 0.9850307 -0.1388638 0.1021353 0.9850316 -0.138862 0.1021284 0.08705174 -0.4394904 -0.8940193 0.087049 -0.4394667 -0.8940311 0.08705073 -0.4394671 -0.8940307 0.08704942 -0.4394535 -0.8940375 -0.009038925 -0.9055685 0.4241037 -0.00902307 -0.9055732 0.424094 -5.23723e-7 0.9981352 -0.0610432 -0.3128625 0.9497306 -0.01135724 -0.310745 0.8807563 0.3573597 2.31175e-7 0.9252021 0.3794749 0.3107473 0.8807559 0.3573588 0.312838 0.9497381 -0.01140588 0.2725721 0.8090372 0.5207334 0.4354004 0.7786832 0.4517512 0.5035163 0.8022023 0.320847 0.5058001 0.8618167 0.03792357 0.4376427 0.8926421 -0.1079773 0.2755361 0.9404358 -0.1991494 0 0.9586776 -0.284495 -0.275536 0.940436 -0.199149 -0.4376378 0.8926454 -0.1079698 -0.5058007 0.8618164 0.03792393 -0.5035191 0.8022006 0.3208472 -0.4353994 0.7786839 0.4517509 -0.2725707 0.8090374 0.520734 0 0.8174924 0.5759396 -0.9902245 -0.1278383 0.05579274 -0.9996075 -0.02591431 0.01064652 -0.9996069 -0.02590554 0.01072424 -0.9981019 -0.0514279 -0.03387904 -0.9981018 -0.05142778 -0.03388142 -0.9804153 -0.1948252 -0.02879482 -0.9804145 -0.1948291 -0.02879422 -0.9998693 0.00970149 -0.0129345 -0.9998768 0.009607076 -0.01241993 -0.9998789 0.00958395 -0.01226454 -0.9998757 0.009620666 -0.01249217 -0.9998763 0.009613871 -0.01245301 -0.9998765 0.009619355 -0.01243197 -0.9980826 0.0446161 -0.04290175 -0.9980829 0.0446133 -0.04289978 -0.9980849 0.04447883 -0.04299145 -0.998085 0.04448473 -0.04298496 -0.9998758 0.00963062 -0.01248306 -0.9998758 0.009634256 -0.012483 -0.9998756 0.009646236 -0.01248455 -0.9998757 0.009646773 -0.01248192 -0.9998761 0.009599328 -0.01247906 -0.9996082 -0.02589094 0.01063406 -0.9996082 -0.0258972 0.01062142 -0.9998761 0.009593605 -0.01248157 -0.9998759 0.009615421 -0.01248621 -0.9998762 0.009628295 -0.01245117 -0.9998759 0.009620189 -0.01247775 -0.9998759 0.009619772 -0.0124787 -0.9982905 0.04857057 0.0325123 -0.9982903 0.04858207 0.03250265 -0.9982868 0.04871779 0.03240615 -0.9982872 0.04870367 0.03241336 -0.9998762 0.009619951 -0.012461 -0.9998761 0.00962007 -0.0124666 -0.9998763 0.009614706 -0.01245081 -0.9998764 0.009613275 -0.01244378 -0.9998762 0.009615421 -0.01246702 -0.9998767 0.009603261 -0.01243358 0.004129588 -0.396228 -0.918143 -0.07106071 -0.3760804 -0.9238582 0.004130601 -0.3962287 -0.9181426 -0.07103425 -0.3760743 -0.9238627 -0.5593305 -0.3451363 -0.7536779 -0.5593024 -0.345129 -0.7537022 -0.8628316 -0.2574098 -0.4350424 -0.8628289 -0.2574214 -0.4350409 -0.9211804 -0.2299223 -0.3139469 -0.9211808 -0.2299503 -0.3139248 -0.980417 -0.1948171 -0.02878952 -0.980425 -0.1947802 -0.02877122 -0.9376729 -0.2046203 0.2808915 -0.9376761 -0.2046025 0.2808941 -0.704235 -0.2755159 0.6543272 -0.7042302 -0.2755137 0.6543334 -0.2392337 -0.3826224 0.8923943 -0.2391754 -0.3826397 0.8924024 0.0119149 -0.4390957 0.8983613 0.01186889 -0.4391846 0.8983185 -0.1156367 -0.9904518 -0.07505643 -0.1156627 -0.990451 -0.07502609 -0.1697719 -0.9853899 -0.01357609 -0.1697794 -0.9853889 -0.01355195 -0.2227715 -0.9736897 0.04797112 -0.2227473 -0.9736927 0.04802298 0.4502375 -0.3240227 0.8320431 0.6826114 -0.3076443 0.6628702 0.4502388 -0.3239935 0.8320537 0.6825961 -0.307637 0.6628891 0.9246076 -0.2449682 0.2917044 0.924605 -0.2449711 0.2917103 0.9717075 -0.2354643 -0.01847505 0.9717162 -0.2354288 -0.01846438 0.9142084 -0.2677794 -0.3041664 0.9142012 -0.2677847 -0.3041837 0.854155 -0.2969819 -0.4268738 0.8541512 -0.2969925 -0.4268739 0.5557304 -0.3720933 -0.743445 0.5557412 -0.3721053 -0.7434309 0.1542569 -0.3616792 -0.9194526 0.1542584 -0.3616697 -0.9194561 0.3990063 0.1240257 0.9085217 0.3541955 0.1520009 0.9227358 0.4681121 0.1679969 0.8675529 0.005064427 0.09093809 0.9958437 0.005043923 0.09087431 0.9958496 -0.3514912 0.1532025 0.9235708 -0.3943207 0.1244103 0.9105126 -0.4681118 0.1679964 0.8675533 -0.4682765 0.1670763 0.867642 -0.4680919 0.1679977 0.8675637 -0.4680946 0.1680002 0.8675617 -0.4360461 0.09524697 0.8948698 -0.3703682 0.05632454 0.9271758 6.74902e-5 0.0432012 0.9990665 0.3838379 0.05724269 0.9216246 0.4426467 0.09561502 0.8915839 0.4680912 0.1679971 0.8675643 0.4681073 0.1679993 0.8675552 0.4680917 0.1680011 0.8675632 -0.4650956 0.8822849 0.07252168 -0.5358723 0.4413054 0.719785 0.2015833 0.2742874 0.9402823 0.6980054 0.5761215 0.4252912 0.2828899 0.9526027 -0.1118999 0.9233838 0.286264 0.2557641 0.3562909 0.8027161 -0.4782298 -0.6496297 0.7317383 -0.206253 -0.7368455 0.1369308 0.6620488 0.2258282 -0.09944182 0.9690784 0.9668006 -0.09065645 0.2389106 0.9667958 -0.0906701 0.2389248 0.9972502 0.06846088 -0.02837461 0.9972505 0.06846469 -0.02835804 0.9647834 0.1918424 -0.1799708 0.9647847 0.1918284 -0.1799788 0.5369894 0.8227453 0.1863669 0.6529263 0.5426679 -0.5283927 -0.03919881 0.4828865 -0.8748052 -0.5777052 0.725039 -0.3749335 -0.2231751 0.9342228 0.2782458 -0.359712 0.7283881 0.583145 0.6804935 0.5677718 0.4632105 0.8380014 0.1834588 -0.5139033 -0.1078139 0.1028598 -0.9888358 -0.8536478 0.441412 -0.2764794 0.8391261 -0.5439323 0.00227952 0.9015053 -0.4327601 0.002613067 0.8391354 -0.543918 0.002280175 0.8391602 -0.5438798 0.002295434 0.9015048 -0.4327613 0.002614378 0.7631341 -0.6462375 0.00190401 0.7631337 -0.6462379 0.001906454 -0.2471207 -0.2510412 -0.9359005 -0.4929049 0.4518451 -0.7435595 0.09889489 0.8717196 -0.4799216 0.7377517 0.4365878 -0.5148917 0.5392596 -0.2569147 -0.8019937 0.6330745 -0.5523391 -0.5423451 -0.4112015 -0.5523774 -0.7251155 -0.7793034 0.4184761 -0.4664376 0.03181415 0.9939569 -0.1050601 0.9056186 0.3963139 -0.1509651 -0.213156 -0.06226122 -0.9750324 -0.5734827 0.5271871 -0.6270497 -0.04078698 0.9607095 -0.274543 0.6525872 0.642066 -0.4023448 0.5474812 0.007290363 -0.8367863 0.6900869 -0.3210907 -0.6485993 -0.3497457 -0.4159678 -0.8394336 -0.8441883 0.3922954 -0.3653086 -0.1138169 0.9864794 0.1179159 0.8347237 0.5478469 -0.05568194 -0.08079099 0.2227302 -0.9715268 -0.5380564 0.6590691 -0.5254745 -0.09911108 0.9949844 0.01353108 0.6326034 0.7685158 -0.09589868 0.6438423 0.3099933 -0.6995508 0.79469 -0.07202434 -0.6027274 -0.1982439 -0.1623365 -0.9666159 -0.8252413 0.4368382 -0.3579795 -0.2234729 0.8972285 0.3808422 0.7776787 0.5844012 0.2317132 -0.4651029 0.8822817 0.0725153 -0.53588 0.4412947 0.7197858 0.2015833 0.2743071 0.9402765 0.6980153 0.5761128 0.4252868 0.282887 0.9526097 -0.1118475 0.9233861 0.2862583 0.2557624 0.3562921 0.8027154 -0.4782302 -0.6496351 0.731732 -0.2062584 -0.7368744 0.1369555 0.6620116 0.2258293 -0.09944188 0.9690782 0.008375465 -0.9979759 -0.06303983 0.008358538 -0.9979767 -0.06303066 0.00837177 -0.9979752 -0.06305116 0.00838983 -0.9979753 -0.063048 0.008378684 -0.9979771 -0.06302058 0.00837779 -0.997977 -0.06302201 -0.03921711 0.4828454 -0.8748272 -0.5776837 0.7250533 -0.374939 -0.2231562 0.9342358 0.2782174 0.5369896 0.8227456 0.1863653 0.6529035 0.5426976 -0.5283905 0.8380042 0.183453 -0.5139009 -0.1078062 0.1028586 -0.9888367 -0.8536512 0.4414129 -0.2764678 -0.3597238 0.7283602 0.5831726 0.6804815 0.5677773 0.4632212 -0.03921097 0.4828563 -0.8748214 -0.5776618 0.7250682 -0.374944 -0.2231572 0.934235 0.2782191 0.536993 0.8227412 0.1863752 0.6529184 0.5426779 -0.5283921 0.8379998 0.1834415 -0.5139122 -0.107802 0.102858 -0.9888372 -0.8536534 0.4414131 -0.2764606 -0.3597099 0.7283933 0.5831398 0.6804987 0.5677694 0.4632056 -0.21316 -0.06226491 -0.9750313 -0.5734816 0.5271869 -0.627051 -0.04079222 0.9607145 -0.2745246 0.6525789 0.6420664 -0.4023575 0.5475018 0.007256448 -0.836773 0.6900781 -0.3210765 -0.6486155 -0.3497425 -0.4159693 -0.8394342 -0.8441878 0.3922993 -0.3653056 -0.1138234 0.9864791 0.1179123 0.8347264 0.5478423 -0.05568438 0.9182438 0.3419581 -0.1997327 0.877179 0.3962592 -0.2711747 0.9182387 0.3419662 -0.1997422 0.954854 0.2909967 -0.0597909 0.9548556 0.2909979 -0.05975973 0.9375981 0.3471394 0.02010363 0.9376014 0.3471301 0.02010536 0.9488129 0.3015644 -0.09387814 0.9644842 0.2610797 -0.04009687 0.9759433 0.2044419 -0.07575041 0.9769005 0.1412802 0.1603289 0.9650883 0.2085498 0.1584663 0.9530792 0.2235815 0.2040867 0.9340893 0.2980793 0.1965348 0.934082 0.2981864 0.1964072 0.9365764 0.255665 0.2397085 -0.009521663 -0.8005772 -0.5991541 -0.01427483 -0.9256423 -0.3781307 -0.01431143 -0.9256435 -0.3781263 -0.009520173 -0.8005763 -0.5991552 0.003904759 -0.6260413 -0.7797802 0.003863453 -0.6260346 -0.7797857 0.001889765 -0.5408768 -0.8410998 0.001826703 -0.5408734 -0.841102 0.001670539 -0.4685601 -0.8834301 0 0.9930365 -0.1178074 -0.157848 0.9835577 -0.08774024 -0.1575706 0.98359 -0.08787745 -0.2823756 0.9592981 0.003356754 -0.2824136 0.9592868 0.00339353 -0.3559842 0.9278757 0.1110048 -0.3559251 0.9279301 0.1107394 -0.3481227 0.9140977 0.2079331 -0.3480622 0.9140824 0.2081017 -0.2618912 0.9085474 0.325507 -0.2618421 0.9085446 0.3255542 -0.1292352 0.9001991 0.4158602 -0.1284905 0.9001678 0.4161587 0 0.8972878 0.4414461 0 0.897288 0.4414457 0.1287649 0.90018 0.4160476 0.1288675 0.9001843 0.4160064 0.2618409 0.9085447 0.3255549 0.2618901 0.9085472 0.3255082 0.3481066 0.9140931 0.2079799 0.3480955 0.9140904 0.2080102 0.3559253 0.9279301 0.1107395 0.3559845 0.9278755 0.1110049 0.2824131 0.9592869 0.003392934 0.2823818 0.9592963 0.003362476 0.1578471 0.9835579 -0.0877403 0.1575692 0.9835901 -0.08787781 0 0.9930363 -0.1178085 -6.41678e-4 0.2759457 0.9611731 -8.10091e-4 0.1443243 0.9895302 -8.59299e-4 0.144258 0.9895398 -6.4454e-4 0.2758881 0.9611896 -0.002965033 0.6275692 0.7785552 -0.00296384 0.627577 0.778549 -0.03302782 0.9116649 0.4096054 -0.03303426 0.9116783 0.4095748 -0.1042124 0.9945129 0.0091663 -0.1042104 0.9945129 0.009181499 -0.1591969 0.9070082 -0.3898623 -0.1591963 0.9070233 -0.3898274 -0.1881573 0.667303 -0.7206272 -0.1881957 0.6672347 -0.7206804 -0.1939574 0.3739215 -0.9069527 -0.1939632 0.373946 -0.9069414 -0.1655843 0.0524435 -0.9848003 -0.1655328 0.05239593 -0.9848115 -0.1468749 -0.1052382 -0.9835409 -0.1468656 -0.1052395 -0.9835422 -6.40814e-4 0.2759196 0.9611806 -7.3614e-4 0.1441618 0.9895538 -1.22387e-4 0.14434 0.9895282 -6.40351e-4 0.2759136 0.9611822 -0.002963542 0.6275564 0.7785655 -0.002965509 0.6275703 0.7785543 0.03315514 0.9117202 0.4094716 0.03316402 0.9117361 0.4094356 0.1042272 0.994512 0.0090909 0.1042253 0.9945122 0.009094715 0.1592106 0.9070243 -0.3898189 0.159215 0.9069934 -0.3898893 0.1880844 0.6674336 -0.7205252 0.1882136 0.667217 -0.7206921 0.1939568 0.3739184 -0.9069542 0.1939591 0.3739274 -0.90695 0.1655411 0.05241811 -0.9848089 0.1654863 0.0523231 -0.9848231 0.1465702 -0.1053128 -0.9835785 0.1466627 -0.1052985 -0.9835662 -0.01500636 -0.9859367 -0.1664449 -0.01499694 -0.985938 -0.1664375 -0.01497364 -0.9859386 -0.1664365 -0.0149846 -0.9859367 -0.1664466 0.05735808 -0.928615 -0.3665847 0.05736929 -0.9286134 -0.366587 0.05733627 -0.9286146 -0.3665889 0.05735796 -0.9286136 -0.3665882 -0.01498478 -0.9859365 -0.1664474 -0.0149843 -0.9859364 -0.1664478 -0.01498401 -0.9859365 -0.1664479 -0.01498466 -0.9859365 -0.1664472 -0.0149827 -0.9859369 -0.1664457 -0.0149821 -0.9859366 -0.1664472 -0.01498246 -0.9859368 -0.1664463 -0.01498293 -0.9859367 -0.1664471 -0.01498305 -0.9859366 -0.1664476 -0.01498329 -0.9859366 -0.1664469 -0.05733704 -0.9286152 -0.3665876 -0.05735963 -0.9286112 -0.3665943 -0.05736988 -0.9286133 -0.3665872 -0.05735868 -0.928615 -0.3665845 -0.01498454 -0.9859365 -0.1664476 -0.01500999 -0.9859359 -0.1664484 -0.01520544 -0.9859711 -0.1662223 -0.01490628 -0.9859476 -0.1663888 -0.01500201 -0.9859333 -0.166465 -0.01500326 -0.9859351 -0.1664539 -0.01498335 -0.9859367 -0.1664466 -0.01498275 -0.9859365 -0.1664474 -0.01495581 -0.9859387 -0.166437 -0.01496773 -0.985938 -0.1664406 0.3202171 0.2794447 -0.9051916 0.476446 0.3022378 -0.8256219 0.476451 0.30224 -0.8256183 0.320204 0.2794075 -0.9052077 0 0.2297428 -0.9732514 -1.40676e-6 0.2299295 -0.9732073 -0.3408481 0.2672291 -0.9013385 -0.3408616 0.2672174 -0.901337 -0.4764438 0.3022381 -0.8256232 -0.4764494 0.3022397 -0.8256193 0.128656 -0.4868256 -0.8639725 0.06234419 -0.8176396 -0.572345 0.1286679 -0.4868691 -0.8639463 0.06233924 -0.8176213 -0.5723716 -0.01438117 -0.9860457 -0.1658529 -0.01438105 -0.9860479 -0.1658399 -0.08477056 -0.9581199 0.2735332 -0.08476996 -0.9581322 0.2734901 -0.1306698 -0.7414577 0.6581535 -0.1306714 -0.7414736 0.6581353 -0.1396242 -0.3808146 0.914049 -0.1396215 -0.3808093 0.9140515 -0.09808552 0.02306932 0.9949105 -0.09808516 0.0230664 0.9949107 -0.04907625 0.4794897 0.8761742 -0.04904645 0.4795408 0.8761479 0.02622848 0.8109459 0.5845331 0.02620416 0.8109205 0.5845694 0.09877079 0.9794994 0.1755718 0.09876322 0.9794918 0.175618 0.1549668 0.951346 -0.2663199 0.1549874 0.951356 -0.2662721 0.1875248 0.734723 -0.651933 0.1875228 0.7347226 -0.651934 0.1939688 0.3739382 -0.9069434 0.1939619 0.3739323 -0.9069474 0.1740023 -0.06132769 -0.9828338 0.1740007 -0.0613597 -0.982832 0.3201985 0.2794135 -0.9052078 0.3201987 0.2794129 -0.9052078 0.2196536 0.02832251 -0.9751667 0.3259415 0.09413826 -0.9406913 0.3201447 -0.0945701 -0.9426367 0.2196613 0.02833688 -0.9751647 0.1622006 -0.09971767 -0.9817065 0.3200642 -0.09446132 -0.9426749 -0.219784 0.02801191 -0.9751464 -0.1619966 -0.1026074 -0.9814422 -0.3197581 -0.1002756 -0.9421782 -0.3260493 0.09343272 -0.9407243 -0.3408706 0.2672138 -0.9013347 -0.3408697 0.2672116 -0.9013357 -0.8536492 0.4414244 -0.2764556 -0.8965233 0.3928883 -0.204658 -0.8965194 0.3928959 -0.2046602 -0.9361378 0.3451663 -0.06712943 -0.936143 0.3451509 -0.06713646 -0.9170684 0.3985502 0.01197999 -0.9170621 0.3985647 0.01197808 -0.9311355 0.3445231 -0.1195439 -0.9517543 0.3003261 -0.06299209 -0.9656902 0.2371305 -0.1058847 -0.9704302 0.1561822 0.1840446 -0.9564791 0.2362957 0.1712083 -0.9403173 0.2491 0.2318457 -0.9180132 0.3502873 0.185878 -0.9180161 0.3502819 0.1858736 -0.9230864 0.309196 0.2287124 -0.4989959 -0.2174599 0.8388768 0.2281594 -0.4817399 0.846091 0.7014113 0.1168697 0.7031101 0.9261724 0.0464428 0.3742299 0.2798539 -0.7715959 0.5712457 -0.7162647 -0.4107066 0.5641676 -0.478268 0.5402352 0.6923912 -0.6879393 0.6282145 0.3634365 0.3255206 0.913035 0.2457714 0.2616963 0.7494796 0.6081081 0.3201717 0.9374389 -0.1367425 -0.7143009 0.6951488 0.08088546 -0.5085893 0.7521781 0.4190048 -0.7146822 -0.1797925 0.6759468 -0.5088714 0.1138473 0.8532812 0.2918077 -0.4722908 0.831739 0.2258102 -0.09937429 0.9690896 0.9072647 0.2551575 0.3343137 0.6831468 0.4106741 0.6038686 0.2261402 0.9377804 0.2634928 -0.2231289 0.9342579 0.2781648 0.5194137 0.8422558 0.1442729 0.5815793 0.5701883 -0.5802164 0.7809594 0.2183507 -0.5851714 0.6980012 0.5761326 0.425283 -0.3334643 0.7060362 0.6247516 -0.6364246 0.7035791 -0.3161334 -0.8965225 0.3928886 -0.2046614 -0.1997861 0.1030159 -0.9744092 -0.1359193 0.4848422 -0.8639758 -0.447415 0.2119361 0.8688515 0.2777836 -0.04204165 0.9597233 0.7436795 0.4067751 0.530542 0.9475611 0.1855108 0.2602186 0.3111507 -0.4277755 0.8486422 -0.6820887 -0.07929086 0.726958 -0.4326801 0.8145132 0.3864667 -0.6617533 0.746833 0.0657497 0.343872 0.9119858 -0.2236829 0.3015193 0.9370997 0.1758705 -0.1372817 0.9788077 0.1519515 0.6261332 0.775346 0.08243721 0.7036182 0.3956115 -0.5902653 0.8485148 0.02302855 -0.5286703 0.7433361 0.543376 0.3901206 -0.2690716 0.8250493 0.4968844 -0.4978286 0.7308152 -0.4669859 -0.7955701 0.4849471 -0.3631728 -0.1054793 -0.01241976 -0.994344 0.005893766 0.3690339 -0.9293973 -0.4434789 0.5807647 0.6826704 0.2913353 0.4167535 0.8610693 0.7356668 0.6255829 0.2596929 0.9437003 0.3091302 0.1177638 0.3368819 0.0245952 0.9412257 -0.6695064 0.2511824 0.6990485 -0.4561348 0.8895646 -0.02481693 -0.6869447 0.6744905 -0.2704988 0.308451 0.7112938 -0.6316005 0.2705805 0.9184619 -0.2884686 -0.3597042 0.7284229 0.5831063 0.3992848 0.6140972 0.6807763 0.7192296 0.6939737 -0.03330695 0.926135 0.3575681 -0.1200804 0.4715464 0.2533444 0.844666 -0.5562964 0.4091752 0.7232636 -0.5173355 0.8365505 -0.1804084 -0.7658482 0.5568462 -0.3215573 0.183275 0.5370399 -0.8234066 0.1585324 0.8158234 -0.5561472 -0.4064655 0.6354424 0.6565049 0.3328028 0.4722519 0.8162234 0.7545192 0.6300204 0.1837803 0.9547714 0.2858905 0.08172047 0.3762275 0.08612704 0.9225156 -0.6116955 0.3069856 0.7291012 -0.4443355 0.8931013 -0.07025623 -0.6868614 0.6745175 -0.2706432 0.2915819 0.6590628 -0.693265 0.271001 0.8908159 -0.364699 -0.3596605 0.7284563 0.5830916 0.3992769 0.6141078 0.6807714 0.7409737 0.6713883 -0.01399189 0.9488213 0.3015528 -0.0938304 0.4713875 0.2533411 0.8447558 -0.556298 0.4091684 0.7232661 -0.489282 0.855948 -0.1672008 -0.7453355 0.5871403 -0.3158184 0.1832782 0.5370505 -0.823399 0.1885678 0.821326 -0.5383918 -0.3596429 0.7284715 0.5830834 0.3992778 0.6141033 0.6807749 0.7409887 0.6713717 -0.01399707 0.9488219 0.3015509 -0.09383076 0.4713866 0.2533414 0.8447561 -0.5563308 0.4091776 0.7232356 -0.4892477 0.8559702 -0.1671879 -0.7452988 0.587149 -0.3158888 0.1833357 0.5370417 -0.823392 0.188571 0.8213384 -0.538372 -0.4064831 0.6354268 0.6565092 0.3328037 0.4722172 0.816243 0.7544858 0.6300566 0.1837935 0.9547711 0.2858947 0.0817089 0.3762803 0.0861271 0.9224941 -0.6116981 0.3069853 0.7290992 -0.4443264 0.8931063 -0.07025098 -0.6868579 0.6745309 -0.2706183 0.29158 0.6590631 -0.6932655 0.2710025 0.8908242 -0.364678 -0.3597031 0.7284231 0.5831069 0.3992711 0.6141278 0.6807567 0.7192333 0.6939699 -0.03330737 0.9261406 0.3575589 -0.1200642 0.4715461 0.2533456 0.8446658 -0.5563139 0.4091732 0.7232511 -0.517329 0.8365553 -0.1804055 -0.7658255 0.5568521 -0.3216011 0.1832855 0.5370443 -0.8234015 0.1585271 0.8158015 -0.556181 -0.4434384 0.580801 0.6826658 0.2913361 0.4167445 0.8610734 0.7356647 0.6255847 0.2596945 0.9437003 0.3091357 0.1177496 0.3368799 0.02459502 0.9412264 -0.6695436 0.2512052 0.6990045 -0.456144 0.8895598 -0.02482289 -0.686943 0.6744925 -0.270498 0.3084484 0.7112943 -0.6316012 0.2705799 0.9184591 -0.2884777 -0.1372885 0.9788016 0.1519845 0.6055191 0.7949442 0.03755801 0.6555821 0.409493 -0.6344507 0.8149043 0.04206693 -0.578067 0.7325307 0.5818392 0.353358 -0.2690562 0.8250434 0.4969025 -0.5447093 0.707556 -0.4501739 -0.829961 0.4561325 -0.3211041 -0.1622879 -0.02790695 -0.9863488 -0.05947649 0.3575789 -0.9319871 -0.4474191 0.2119314 0.8688505 0.2777825 -0.04204338 0.9597235 0.7436995 0.4067613 0.5305247 0.9475541 0.1855185 0.2602388 0.3111273 -0.4277798 0.8486484 -0.6820901 -0.07928931 0.726957 -0.4326837 0.814513 0.3864631 -0.6617618 0.746825 0.06575489 0.343813 0.9120063 -0.22369 0.3015198 0.9370954 0.1758927 -0.09910166 0.9949856 0.01351177 0.6326107 0.7685115 -0.0958842 0.643836 0.3099623 -0.6995704 0.7946963 -0.07202923 -0.6027186 0.7776793 0.5844008 0.2317128 -0.2234656 0.8972292 0.3808451 -0.5380798 0.6590595 -0.5254625 -0.8252406 0.4368326 -0.3579878 -0.1982427 -0.1623366 -0.9666162 -0.0808019 0.222712 -0.9715299 -0.5088774 0.1138414 0.8532783 0.2258118 -0.09938031 0.9690886 0.6831343 0.4106807 0.6038782 0.9072611 0.2551671 0.334316 0.2918557 -0.4722788 0.8317289 -0.7147242 -0.1797468 0.6759146 -0.5085927 0.7521771 0.4190027 -0.714299 0.6951509 0.08088433 0.3201602 0.9374428 -0.1367428 0.2261402 0.9377852 0.2634761 0.03853178 0.8779963 -0.4771143 0.6958746 0.4746623 -0.538938 0.5205223 -0.226099 -0.8233686 0.6382198 -0.518013 -0.569507 0.8790729 0.4406561 -0.1818048 -0.01989889 0.9948856 -0.09902954 -0.541774 0.4313066 -0.7214261 -0.8155567 0.3828184 -0.4339556 -0.411209 -0.5523598 -0.7251247 -0.2471404 -0.2510491 -0.9358932 -0.535887 0.4412922 0.7197821 0.2015833 0.2743048 0.9402772 0.698005 0.5761212 0.425292 0.9233845 0.2862498 0.2557777 0.2258249 -0.09943479 0.9690799 -0.7368721 0.1369537 0.6620146 -0.4650897 0.8822876 0.07252883 -0.6496381 0.7317287 -0.2062609 0.3562772 0.8027184 -0.478236 0.2828912 0.9526019 -0.1119037 -0.6752893 -0.7115195 0.1942279 -0.3724317 -0.9146039 0.1574624 -0.3723928 -0.9146189 0.1574679 -0.6752936 -0.7115083 0.194254 -0.02321916 -0.9831647 0.1812407 -0.02320736 -0.9831657 0.1812364 0.3052551 -0.9036862 0.3002843 0.305239 -0.90369 0.3002891 0.5433608 -0.6905599 0.4773743 0.5433591 -0.6905637 0.4773705 0.6467348 -0.4115689 0.6421411 0.6467282 -0.411562 0.6421521 -0.8729344 -0.4115986 0.2618632 -0.8729341 -0.4115925 0.2618736 0.6707489 -0.1194415 0.7320039 0.6467657 0.1861102 0.7396332 0.6467579 0.1860969 0.7396433 0.6707901 -0.1194351 0.7319672 0.5433856 0.503031 0.6720803 0.543385 0.5030147 0.672093 0.3052983 0.7613992 0.5718955 0.3052948 0.7613896 0.5719101 -0.02319991 0.8745733 0.484338 -0.02320116 0.874565 0.4843533 -0.3724395 0.8171244 0.4399961 -0.3723744 0.8171442 0.4400146 -0.6752898 0.6128451 0.4103713 -0.6752638 0.6128969 0.4103368 -0.8729308 0.3070397 0.3791022 -0.8729224 0.3070599 0.3791054 -0.9432564 -0.05346691 0.3277329 -0.9431304 -0.05352091 0.3280865 0.1439974 -0.2997236 0.9430963 0.1879523 -0.2345282 0.9537665 4.01866e-7 -0.1735985 0.9848165 6.48162e-5 0.04322814 0.9990652 -0.07778775 0.0278393 0.9965812 -0.1439265 -0.01568943 0.9894641 -0.1879801 -0.08084678 0.9788398 -0.2034587 -0.1576604 0.9663063 -0.1879668 -0.2344844 0.9537744 -0.1438809 -0.2996233 0.9431459 -0.07782453 -0.3432346 0.93602 -0.1863662 -0.3322154 0.9246084 -0.2394719 -0.2535191 0.93722 -0.09936696 -0.3921244 0.9145298 6.31942e-5 -0.3585382 0.9335151 0.0779398 -0.3432163 0.9360172 0.1839961 -0.336605 0.9234947 0.2403517 -0.2535303 0.9369918 0.2594447 -0.1555172 0.9531543 0.2035959 -0.1576667 0.9662763 0.1879875 -0.08078002 0.9788439 0.143963 -0.01565009 0.9894594 0.07794648 0.027888 0.9965674 0.09924441 -0.3921262 0.9145423 -6.11621e-5 -0.4116188 0.9113562 0.2403528 -0.05754214 0.9689787 0.1834244 0.02557933 0.982701 0.1002563 0.08100581 0.9916586 0.00502789 0.09095025 0.9958428 -0.0993753 0.081092 0.9917402 -0.1862745 0.02123665 0.9822683 -0.2398081 -0.05751794 0.969115 -0.2587565 -0.1555128 0.9533419 0.8728952 0.3071013 0.3791344 0.6752613 0.6128988 0.4103381 0.6752883 0.6128435 0.4103763 0.8729312 0.3070175 0.3791192 0.3723719 0.8171443 0.4400165 0.3724401 0.8171225 0.4399991 0.02318608 0.8745536 0.4843743 0.02320134 0.8745641 0.4843547 -0.3052933 0.7613902 0.57191 -0.3052955 0.7613993 0.5718965 -0.5433843 0.5030153 0.6720931 -0.5433846 0.503031 0.6720811 -0.6467558 0.1860941 0.7396458 -0.6467628 0.1861041 0.7396371 -0.6708138 -0.1194323 0.7319459 -0.6467323 -0.4115592 0.6421499 -0.6467381 -0.4115588 0.6421443 -0.6708186 -0.1194313 0.7319416 -0.5433614 -0.6905623 0.4773702 -0.5433619 -0.6905573 0.4773766 -0.3052626 -0.9036951 0.3002497 -0.3052564 -0.9036856 0.3002848 0.02320688 -0.9831578 0.1812791 0.0232312 -0.9831592 0.1812686 0.3724275 -0.9146087 0.157445 0.3723976 -0.9146186 0.1574576 0.6753017 -0.7114744 0.1943499 0.6752641 -0.7115349 0.1942589 0.8729364 -0.4115929 0.2618653 0.8729345 -0.4115894 0.2618771 0.9429479 -0.05359959 0.3285976 0.9431707 -0.05350548 0.327973 0.1879782 -0.234493 0.9537701 0.183547 -0.3366155 0.9235803 0.2398017 -0.2535312 0.9371324 0.144024 -0.299748 0.9430845 0.09936791 -0.3921247 0.9145296 -0.07783377 -0.3432603 0.9360098 -0.1438287 -0.2996779 0.9431365 -0.1863325 -0.332269 0.9245959 -0.09924781 -0.3921255 0.9145422 6.35914e-5 -0.3585373 0.9335155 6.16183e-5 -0.41162 0.9113557 0.07792824 -0.343191 0.9360273 -7.567e-7 -0.1735985 0.9848166 0.2035425 -0.15766 0.9662887 0.2595533 -0.1555192 0.9531243 0.2398089 -0.05751675 0.9691148 0.1879796 -0.08084654 0.9788399 0.1439673 -0.01565694 0.9894587 0.07794266 0.02788192 0.996568 4.47036e-5 0.04322749 0.9990653 -0.07777625 0.02785086 0.9965818 -0.1438805 -0.01557374 0.9894725 -0.1879184 -0.08082145 0.9788537 0.1835511 0.02556139 0.9826778 0.0993697 0.08108329 0.9917415 0.005034208 0.09093862 0.9958438 -0.09923821 0.08110493 0.9917529 -0.1863076 0.02118414 0.9822631 -0.2396873 -0.05750799 0.9691454 -0.2034316 -0.1576613 0.9663118 -0.1879621 -0.2345235 0.9537657 -0.2396962 -0.2535285 0.9371601 -0.2594573 -0.1555174 0.9531507 0 0 -1 1.65863e-7 -0.5555106 -0.8315095 0 -0.751228 -0.6600429 0 -0.7512274 -0.6600435 -6.92723e-7 -0.555516 -0.8315058 0 -0.3262817 -0.9452726 -1.69715e-6 -0.3263254 -0.9452576 -8.41727e-7 0.9672134 0.2539651 -6.03121e-7 0.9807855 -0.1950893 -3.33982e-7 0.9807862 -0.1950857 -1.61934e-6 0.9672139 0.2539634 -1.25181e-6 0.409479 0.9123196 1.09859e-5 0.4094558 0.91233 -1.1369e-6 -1.85538e-5 1 1.35554e-6 2.93814e-5 1 -4.88797e-6 0.4094825 0.912318 1.84373e-6 2.93516e-5 1 0.9582378 0.06598186 -0.2782565 0.7789545 0.1223414 -0.6150306 0.7789524 0.122341 -0.6150333 0.9582355 0.06599146 -0.2782624 0.9986162 0.02023875 -0.04853922 0.9986155 0.02014094 -0.04859733 0.9986455 -0.03675645 0.03682631 0.9986439 -0.03679496 0.03683191 0.958401 -0.2314379 0.1670449 0.9583907 -0.2314608 0.1670726 0.778956 -0.5213962 0.3483875 0.7789541 -0.5213983 0.3483886 -0.004277765 0.8307934 0.5565645 0.9849277 0.09608274 -0.1438252 0.916401 -0.2223755 0.3328037 -0.9167166 0.2219685 -0.3322059 -0.004259824 0.8307875 0.5565736 0.5706128 0.4562368 -0.6828243 -0.004236638 -0.8321426 -0.5545455 -0.004288256 -0.8321248 -0.5545719 0.9750157 -0.1234142 0.1846979 0.5769143 -0.4537948 0.6791467 0.1271322 -0.5510665 0.8247202 -0.004261493 0.8307764 0.5565901 -0.004257798 0.8307783 0.5565872 -0.5706549 0.4562249 -0.6827972 -0.1357561 0.5504254 -0.8237733 0.1358146 0.550423 -0.8237652 -0.004266321 0.8307822 0.5565813 -0.004266381 0.8307705 0.5565988 -0.9787097 -0.1140299 0.1706593 -0.004265964 -0.8321332 -0.5545594 -0.004272103 -0.8321292 -0.5545653 -0.5768348 -0.4538266 0.679193 -0.004270672 -0.8321306 -0.5545633 -0.9238577 -0.2126415 0.3182306 -0.9812546 0.1070537 -0.1602463 -0.00426197 -0.832132 -0.5545613 -0.004272699 -0.8321453 -0.5545412 -0.1267717 -0.5510914 0.824759 -0.004291534 -0.8321432 -0.5545443 -0.576861 -0.4538157 0.6791779 -0.004263162 -0.8321229 -0.554575 -0.5706379 0.4562314 -0.682807 -0.004277646 0.830797 0.5565593 0.5767403 -0.4538626 0.6792492 -0.004262268 0.8307992 0.5565562 0.1271514 -0.5510653 0.8247179 -0.004269897 0.8307779 0.5565878 -0.1357231 0.5504286 -0.8237765 0.1357842 0.5504266 -0.8237677 -0.004259526 -0.8321451 -0.5545418 -0.00425142 -0.8321162 -0.554585 -0.127153 -0.5510652 0.8247178 -0.004256308 -0.832132 -0.5545613 0.9230955 0.213656 -0.319759 -0.004235982 0.830784 0.5565791 -0.004263043 0.8307865 0.5565749 -0.004248619 0.8307873 0.5565739 0.5706349 0.4562363 -0.6828063 -1.06861e-5 0.4097732 -0.9121875 0 0.2924782 -0.9562722 0 0.292478 -0.9562724 0 0.409775 -0.9121867 0 0.556159 -0.831076 -4.59545e-7 0.5562388 -0.8310226 1.11039e-6 0.8092921 0.5874065 -1.31108e-4 0.6417686 0.7668983 -1.2591e-4 0.7791438 0.6268453 -4.8411e-5 0.5907561 0.8068503 -8.17588e-6 0.5555534 0.831481 -8.45734e-6 0.5555657 0.8314726 -3.84153e-6 0.5555651 0.8314731 -5.12008e-5 0.59076 0.8068473 3.84156e-6 0.5555651 0.8314732 1.2809e-5 0.5555659 0.8314726 1.1653e-5 0.5555536 0.8314808 -1.29395e-4 0.6417675 0.7668992 1.01203e-6 0.8092847 0.5874167 -1.26408e-4 0.7791411 0.6268486 8.52791e-5 0.854427 0.5195714 -8.63109e-5 0.854427 0.5195716 0 0.8544154 0.5195906 -1.59536e-4 0.9464836 0.322752 -3.05714e-6 0.967212 0.2539708 3.78253e-6 0.9807846 0.1950938 3.52041e-6 0.9807848 0.1950927 2.40097e-7 0.9807849 0.1950926 -4.80198e-7 0.9807846 0.1950937 -8.71063e-7 0.9672179 0.2539485 -5.13218e-7 0.9807844 0.195095 -1.17469e-6 0.9807852 0.1950913 -1.61238e-4 0.9464842 0.3227503 -1.06937e-4 0.8544216 0.5195804 -0.9582238 0.06596583 -0.2783087 -0.7789498 0.1223301 -0.6150387 -0.778952 0.1223316 -0.6150357 -0.958235 0.0659784 -0.2782673 -0.9986162 0.02022987 -0.04854393 -0.9986155 0.02013134 -0.04860097 -0.9986461 -0.03672158 0.03684335 -0.9986439 -0.03680086 0.03682601 -0.9583868 -0.2314747 0.1670761 -0.9584003 -0.2314181 0.1670764 -0.7789568 -0.5213983 0.3483821 -0.7789564 -0.5213978 0.348384 1.21444e-7 0.5555674 -0.8314715 1.33729e-6 0.5555748 -0.8314666 0 0.5555666 -0.831472 1.45873e-6 0.5555756 -0.8314661 0 -0.5365002 0.8439002 1.08998e-6 -0.5364597 0.843926 0 -0.5364598 0.843926 -1.09515e-6 -0.5364597 0.843926 -1 5.35225e-6 1.60275e-5 -1 0 4.27595e-6 -1 1.73227e-6 3.91894e-6 -1 2.65759e-6 3.74155e-6 -1 4.51114e-6 3.8214e-6 -1 4.53148e-6 3.85356e-6 -1 1.55108e-5 -1.11926e-5 -1.49198e-6 -0.5364927 0.8439051 0 -0.5364927 0.8439051 -1.38289e-7 -0.5364927 0.8439051 -1.37049e-6 -0.5364754 0.843916 6.28233e-6 -0.5364754 0.8439159 -3.14089e-7 -0.5364754 0.8439159 1 -1.00626e-6 0 0.7071063 -0.7071073 0 0.7071076 -0.7071061 0 1 5.134e-7 0 0.7071073 0.7071063 0 0.7071074 0.7071062 0 3.79915e-7 1 0 0 1 0 -0.7071074 0.7071063 0 -0.7071069 0.7071067 0 -1 1.43751e-7 0 -1 8.83051e-7 0 -0.7071084 -0.7071052 0 -0.7071071 -0.7071066 0 4.51791e-7 -1 0 4.31255e-7 -1 0 0 -0.9969968 -0.07744395 0 -0.9969965 -0.07744801 0 -0.9969965 -0.07744824 0 -0.9969968 -0.07744371 0 -0.5555732 -0.8314676 0 -0.5555731 -0.8314678 0 -0.5555731 -0.8314679 -3.14858e-7 -0.5364923 0.8439052 0 -0.1950879 0.9807857 -8.33064e-7 -0.1950973 0.9807839 0 -0.5364887 0.8439075 -0.6441219 -0.2672572 -0.7167152 -0.6603903 0.2575298 0.7053815 -0.6532779 -0.2627427 0.7100664 -0.6565619 0.2605587 -0.7078388 -0.2856195 0.6411356 -0.7122969 -0.2887131 0.63861 0.7133177 0.277045 0.644753 -0.7124181 0.2741332 0.6415448 0.7164295 0.658259 0.2605862 -0.7062507 0.6544669 0.2570132 0.7110678 0.6545027 -0.2596913 -0.710061 0.6560408 -0.2549676 0.7103535 0.2782065 -0.6444795 0.712213 0.273411 -0.6470437 -0.711745 -0.2697301 -0.6520086 0.7086117 -0.2592885 -0.6540107 -0.7106614 0 -0.4229599 0.9061485 1.32057e-6 -0.3262906 0.9452696 -9.23183e-6 -0.3262908 0.9452695 0 -0.4229599 0.9061484 1.38194e-4 -0.643555 0.7653998 1.38377e-4 -0.6435654 0.7653912 0 -0.7252966 0.6884366 0 -0.7252967 0.6884364 -0.1522755 0.6655539 0.7306506 -0.5252051 0.3411034 -0.7796205 -0.5253159 0.348006 0.7764889 -0.156237 0.6603649 -0.7345123 -0.2642693 -0.5970567 0.7574201 0.2558492 -0.6000493 0.757946 0.6074053 -0.2457157 0.7554354 0.5267786 0.3411048 0.7785575 0.1498115 0.6627325 0.7337181 -0.61589 -0.2401297 0.7503448 -0.6094411 -0.2354027 -0.7570781 -0.2601281 -0.5913143 -0.7633354 0.258145 -0.5950304 -0.7611176 0.6090228 -0.2414957 -0.755494 0.5347344 0.3345379 -0.7759792 0.1595317 0.657841 -0.7360671 1 4.38688e-6 -3.89646e-6 1 3.83297e-6 -4.27323e-6 1 3.70995e-6 -4.29789e-6 1 2.27522e-6 -4.56292e-6 1 2.11824e-6 -4.58741e-6 1 1.5384e-6 -4.86351e-6 1 1.57537e-6 -4.88677e-6 -1 -4.38688e-6 4.13999e-6 -1 -3.12238e-6 4.90063e-6 -1 -2.27673e-6 4.84811e-6 -1 -3.22871e-6 4.97702e-6 -1 -2.11827e-6 4.87412e-6 -1 -1.58817e-6 5.16747e-6 -1 -1.57537e-6 5.19219e-6 0 0.2771459 0.9608278 0 0.2771773 0.9608188 0 0.2771445 0.9608283 0 0.2771787 0.9608184 1 -6.33648e-6 -2.16306e-5 1 7.09163e-6 2.48102e-5 1 6.74848e-6 2.44742e-5 1 7.34208e-6 2.47546e-5 5.23527e-6 -0.2771775 -0.9608188 0 -0.2771459 -0.9608279 -1 3.22182e-6 1.10989e-5 -1 3.12721e-6 1.11258e-5 -1 3.17548e-6 1.11102e-5 -1 3.0183e-6 1.01738e-5 -1 3.04789e-6 1.01633e-5 -1 2.94696e-6 1.01943e-5 1.69309e-4 -0.9437516 0.3306556 1.38597e-4 -0.9437515 0.3306556 1.71287e-4 -0.9437514 0.3306559 1.69645e-4 -0.9437518 0.330655 0 -2.06699e-4 1 1.59257e-6 1.28866e-4 1 0 1.2887e-4 1 1.60886e-6 1.28866e-4 1 -4.55123e-7 -4.2241e-5 -1 2.08803e-7 -3.89896e-5 -1 1.38526e-6 -1.81762e-4 -1 0 -1.87091e-4 -1 -1.13948e-4 -0.999312 -0.0370903 -1.13799e-4 -0.999312 -0.03709119 -1.13948e-4 -0.9993119 -0.03709006 -1.1365e-4 -0.9993119 -0.03709143 1 0 0 1 0 0 1 0 0 1 0 0 0 0.996571 -0.08274358 0 0.996575 -0.08269411 4.84186e-7 0.9965749 -0.08269625 0 0.996575 -0.08269363 -1 0 0 -1 0 0 -1 -2.45606e-7 0 -1 2.47223e-7 0 -2.25138e-6 0.485224 0.8743899 0 0.4852243 0.8743898 0 -0.7201871 -0.69378 0 -0.5915113 -0.8062968 0 -0.720187 -0.6937801 5.63827e-5 -0.5915091 -0.8062983 5.61513e-5 -0.591497 -0.8063071 0 -0.4680956 -0.883678 0 -0.4680957 -0.8836778 -3.78418e-6 -0.9807859 0.1950873 -1.25636e-6 -0.9807857 0.1950885 -9.76265e-6 -0.980786 0.1950873 -1.26474e-7 -0.9807857 0.1950886 -0.4801542 -0.7293524 0.4873369 -0.4801502 -0.7293542 0.4873379 -0.1543958 -0.821498 0.5489109 -0.1543922 -0.8214979 0.5489119 0.1543906 -0.8214964 0.5489146 0.1543945 -0.8214966 0.5489133 0.4801526 -0.72935 0.4873418 0.4801524 -0.7293512 0.4873402 -0.004198253 0.8307989 -0.556557 -0.004198133 0.8307989 -0.5565569 -0.004244327 0.8307913 -0.5565679 -0.004244208 0.8307915 -0.5565678 -0.4801549 0.1711224 -0.8603304 -0.4801518 0.1711171 -0.8603332 -0.1544052 0.1927466 -0.9690241 -0.1544069 0.1927503 -0.9690232 0.1543995 0.1927582 -0.9690227 0.1543961 0.1927546 -0.969024 0.4801502 0.1711323 -0.8603311 0.4801477 0.1711304 -0.8603329 1.69094e-4 -0.9437457 0.3306723 1.68698e-4 -0.9437563 0.330642 -5.3659e-6 -0.9807841 0.1950965 1.69275e-4 -0.9437516 0.3306555 1.38597e-4 -0.9437515 0.3306558 1.71257e-4 -0.9437517 0.3306553 1.69356e-4 -0.9437495 0.3306614 -0.006911098 -0.9437222 0.330667 0 -0.9437589 0.3306346 0 -0.9437534 0.3306503 0 -0.9807839 0.1950971 5.47114e-7 -0.8734273 0.4869546 5.68301e-7 -0.8734176 0.486972 0 -0.7517953 0.6593967 0 -0.7517749 0.65942 5.85121e-6 -1 2.36435e-5 0 -1 1.58781e-5 -8.54741e-7 -0.7201746 -0.6937929 9.62781e-7 -0.7201973 -0.6937693 -1.45305e-6 -0.1950826 -0.9807869 -9.0958e-6 -0.1950937 -0.9807847 7.34363e-6 0.4638116 -0.8859339 1.48865e-7 0.4638112 -0.8859341 0 -0.8995357 0.4368473 -3.5641e-7 -0.5778975 0.8161094 1.77389e-6 -0.5778936 0.8161122 0 -0.4992341 0.8664671 1.96398e-6 -0.4992347 0.8664668 -0.004286646 -0.8321166 0.5545843 -0.004286944 -0.8321169 0.5545839 0 -0.9951882 0.0979833 0 -0.9951881 0.09798336 0 -0.968348 0.2496042 7.43587e-5 -0.968348 0.2496041 4.75871e-5 -0.9683575 0.2495673 0 -0.9683575 0.2495673 0 -0.8995357 0.4368472 1.69956e-4 -0.9437585 0.3306357 -0.00930953 -0.9437273 0.3305939 1.69634e-4 -0.9437515 0.3306557 -1.21445e-7 -0.1950913 0.9807851 -1.3373e-6 -0.1950907 0.9807853 0 -0.1950913 0.9807851 -1.45874e-6 -0.1950907 0.9807852 -1 0 0 -1 -1.40414e-7 0 -1 -2.19498e-7 0 -1 0 0 -1 0 0 -1 1.29706e-7 0 -1 1.81569e-7 0 1 -1.52525e-7 0 1 1.3109e-7 0 1 -4.38997e-7 0 1 3.56104e-7 0 1 0 0 1 1.41568e-7 0 1 2.19503e-7 0 0 0.9807856 -0.1950888 0 0.8544271 -0.5195714 -1.04431e-4 0.854433 -0.5195618 0 0.9807854 -0.1950897 -1.57679e-4 0.9464792 -0.3227652 0 0.9464789 -0.3227659 -1.585e-4 0.9464843 -0.3227499 0 0.946484 -0.3227508 0 0.8963932 -0.4432599 0 0.8963932 -0.4432598 -8.54174e-6 0.9672973 -0.2536455 0 0.9672912 -0.2536687 0 0.9965663 -0.08279949 0 0.9965662 -0.08279961 -0.004255473 0.8308013 -0.5565529 -0.004253447 0.8308039 -0.556549 -2.60387e-6 0.4095954 -0.9122674 0 0.4096207 -0.912256 0 0.5173507 -0.8557736 0 0.5173507 -0.8557736 0 0.8097174 -0.5868201 0 0.8097175 -0.5868201 0.9849339 0.09607309 0.1437892 -0.004278421 0.8307906 -0.5565688 0.9164254 -0.2223405 -0.33276 -0.004255175 0.8307949 -0.5565626 0.5706162 0.4562442 0.6828166 -0.9167162 0.2219687 0.3322069 -0.004270076 -0.8321354 0.5545561 -0.004255115 -0.8321296 0.5545649 -0.9787095 -0.1140349 -0.1706568 -0.004285275 0.8307801 -0.5565843 -0.004270672 0.8307859 -0.5565757 0.1357679 0.5504268 0.8237704 -0.004263818 0.8307775 -0.5565884 -0.1357431 0.550427 0.8237743 -0.5706092 0.4562429 0.6828234 -0.004260182 0.8307794 -0.5565856 -0.004292309 0.8307807 -0.5565834 0.975002 -0.1234468 -0.1847488 0.9231187 0.2136186 0.3197172 -0.004233598 -0.8321316 0.5545621 -0.004268229 -0.8321356 0.554556 -0.004278123 -0.8321419 0.5545464 -0.5768683 -0.453813 -0.6791736 -0.1275903 -0.5510419 -0.8246659 -0.004266142 -0.8321481 0.5545373 -0.004268109 -0.8321335 0.5545591 -0.004250288 -0.8321416 0.5545469 0.5768658 -0.4538071 -0.6791797 0.1275632 -0.5510395 -0.8246715 -0.9812628 0.1070436 0.160203 -0.9237943 -0.2127265 -0.3183577 -0.5769555 -0.4537751 -0.6791249 -0.004252314 -0.8321324 0.5545608 -0.004260182 -0.8321177 0.554583 0.1357896 0.5504242 0.8237685 -0.004266917 -0.8321162 0.5545851 -0.1357234 0.5504289 0.8237763 -0.004264712 -0.8321214 0.5545771 -0.5706398 0.4562321 0.682805 -0.004271149 0.830798 -0.5565576 0.5769602 -0.4537773 -0.6791195 -0.1272164 -0.5510617 -0.8247104 0.1272246 -0.5510677 -0.8247051 -0.004277169 0.8307795 -0.5565853 -0.004267215 0.8307982 -0.5565574 -0.00426948 0.8307963 -0.5565604 -0.004264175 0.8307842 -0.5565784 0.5707443 0.4561924 0.682744 0 -0.9238871 0.3826653 0 -0.9238845 0.3826718 0 -0.9807906 -0.1950635 0 -0.9807919 -0.1950575 -0.004344701 -0.832116 -0.5545848 -0.004385769 -0.832107 -0.5545979 -0.004197239 0.8307985 0.5565575 -0.00419712 0.8307983 0.5565579 -0.004243254 0.8307911 0.5565685 -0.004243254 0.8307911 0.5565685 -0.4801442 0.1711228 0.8603363 -0.778958 0.1223306 0.6150282 -0.7789458 0.1223309 0.6150437 -0.480154 0.1711257 0.8603302 -0.1543957 0.1927524 0.9690245 -0.1544111 0.1927555 0.9690214 0.1543868 0.1927589 0.9690247 0.1544083 0.1927543 0.9690222 0.4801514 0.1711324 0.8603304 0.4801771 0.1711272 0.8603172 0.7789614 0.1223387 0.6150222 0.7789471 0.1223428 0.6150397 0 -0.1950844 -0.9807865 0 -0.1950844 -0.9807865 0 -0.1950844 -0.9807866 0 -0.1950844 -0.9807866 -1 -2.80824e-7 0 -1 -1.24234e-7 0 -1 -4.38991e-7 0 -1 2.18665e-7 0 -1 0 0 -1 -1.81568e-7 0 -1 4.39003e-7 0 1 -1.52521e-7 0 1 1.31094e-7 0 1 3.56107e-7 0 1 -4.38991e-7 0 1 0 0 1 -2.63723e-7 0 1 4.39003e-7 0 1 -5.44703e-7 0 -1.07305e-4 -0.8515178 0.5243259 -2.24636e-4 -0.8515139 0.5243322 8.34157e-5 -0.7982079 0.6023821 4.28543e-4 -0.7982146 0.602373 8.83896e-5 -0.7981987 0.6023944 1.39089e-4 -0.6435694 0.7653879 1.75304e-6 -0.5778957 0.8161106 -2.30037e-7 -0.536498 0.8439017 -8.73581e-7 -0.5364888 0.8439075 -4.84753e-7 -0.5364866 0.8439089 4.78017e-7 -0.5364868 0.8439087 1.93528e-4 -0.5778923 0.8161132 0 -0.5364893 0.8439072 -4.49829e-7 -0.5364981 0.8439015 1.38675e-4 -0.6435687 0.7653884 8.80195e-5 -0.7982145 0.6023735 -3.53813e-6 -0.8734487 0.4869164 1.68886e-4 -0.9437598 0.3306322 6.76329e-5 -0.9683465 0.2496097 0 -0.9807847 0.1950935 -1.02643e-6 -0.9807847 0.1950936 -9.6037e-7 -0.9807851 0.1950916 -2.45689e-4 -0.9683483 0.2496026 9.60379e-7 -0.9807851 0.1950914 -3.32537e-6 -0.9807842 0.1950964 -3.47717e-6 -0.980785 0.195092 1.70772e-4 -0.9437447 0.330675 0 -0.8734269 0.4869552 -8.43718e-5 0.8544269 -0.5195717 8.45613e-5 0.8544267 -0.519572 0 0.8097222 -0.5868135 0 0.8097023 -0.586841 -1.43175e-4 0.7789509 -0.627085 -1.29856e-4 0.6417708 -0.7668965 -5.27646e-5 0.590759 -0.8068481 -4.51104e-6 0.5555604 -0.8314763 -5.08948e-6 0.5555638 -0.831474 1.15248e-5 0.5555609 -0.8314759 -1.15246e-5 0.5555612 -0.8314757 -5.13628e-5 0.5907552 -0.806851 5.0895e-6 0.5555638 -0.831474 4.511e-6 0.5555599 -0.8314766 -1.30539e-4 0.6417723 -0.7668953 -1.42963e-4 0.778956 -0.6270787 0 0.8544469 -0.5195389 -1.56817e-4 0.9464839 -0.3227511 -2.16096e-6 0.9673063 -0.2536113 0 0.9807852 -0.1950913 -2.56609e-6 0.9807844 -0.1950948 -2.40099e-6 0.9807847 -0.1950938 -6.80651e-7 0.9673126 -0.253587 2.401e-6 0.9807846 -0.1950937 4.74194e-6 0.9807848 -0.1950932 1.73855e-6 0.980784 -0.1950967 -1.57242e-4 0.9464834 -0.3227526 -1.05647e-4 0.8544419 -0.519547 0 0.5555756 0.8314661 0 0.5555756 0.831466 0 0.5555756 0.831466 0 -0.5555757 -0.831466 0 -0.5555756 -0.831466 0 -0.5555757 -0.8314661 0 -0.5555757 -0.8314661 0.4801613 -0.3356723 -0.8104131 0.7789547 -0.2399649 -0.5793501 0.7789524 -0.2399647 -0.5793533 0.4801486 -0.3356729 -0.8104203 0.1544047 -0.3780871 -0.9128031 0.1544196 -0.3780882 -0.9128001 -0.1544026 -0.3780909 -0.9128018 -0.1544008 -0.3780888 -0.9128029 -0.4801525 -0.3356789 -0.8104155 -0.4801527 -0.3356747 -0.8104171 -0.7789513 -0.2399689 -0.5793529 -0.7789565 -0.2399646 -0.5793478 1 4.02777e-6 3.85563e-6 1 2.86074e-6 5.01679e-6 1 2.58094e-6 4.67177e-6 1 2.92799e-6 5.09972e-6 1 2.53812e-6 4.61896e-6 9.83072e-7 0.40947 0.9123235 -1.43777e-7 0.4094718 0.9123228 -1.43003e-6 0.4094719 0.9123227 -4.44018e-7 0.4094699 0.9123237 0 0.4097889 -0.9121805 -1.37988e-6 0.4097887 -0.9121806 -1.30805e-6 0.4097886 -0.9121806 -2.83116e-6 0.4097889 -0.9121804 -1 -9.62265e-7 8.632e-7 -1 -1.91492e-6 1.71778e-6 -1 -2.67073e-6 2.39578e-6 -1 -1.04019e-6 -9.57255e-7 -1 1.46126e-6 8.31983e-7 -1 3.44979e-6 2.25433e-6 -1 -3.51199e-6 -2.72529e-6 1 -1.28933e-7 0 1 -2.59412e-7 0 1 -3.63136e-7 0 8.5458e-5 0.9990885 0.04268759 4.95049e-7 0.9965657 -0.08280646 -7.19447e-5 0.9965639 -0.08282929 -8.67883e-5 0.9990885 0.04268759 -2.89469e-6 0.996568 -0.08277869 0 0.9965651 0.08281439 -5.90458e-7 0.9672133 0.2539654 -1.60553e-4 0.946482 0.3227569 2.86626e-6 0.9238814 0.3826793 9.60681e-6 0.9238809 0.3826804 2.67071e-6 0.9238806 0.3826808 -9.79687e-7 0.9238818 0.3826783 -1.59184e-4 0.946481 0.3227595 -5.37812e-6 0.9238831 0.3826748 -5.82649e-6 0.9238806 0.3826809 -9.81381e-7 0.9672121 0.2539702 0 0.9965658 0.08280611 0 0.9965673 -0.0827881 -4.57629e-6 0.9673247 -0.2535406 -1.59106e-4 0.9464763 -0.3227734 3.4771e-6 0.9238739 -0.3826972 9.48388e-6 0.9238756 -0.382693 4.80189e-6 0.9238755 -0.3826932 -1.57859e-4 0.946483 -0.3227542 -4.80192e-6 0.9238755 -0.3826932 -9.48393e-6 0.9238761 -0.3826921 -3.47714e-6 0.9238738 -0.3826974 4.14031e-7 0.9673249 -0.2535405 -1 -4.39392e-6 -4.09659e-6 -1 -3.74144e-6 -4.80238e-6 -1 -3.75429e-6 -4.70472e-6 -1 -2.78158e-6 -4.96383e-6 -1 -2.73342e-6 -4.90774e-6 0.4801613 -0.7293474 -0.4873374 0.7789561 -0.5213956 -0.348388 0.7789553 -0.5213978 -0.3483864 0.4801452 -0.7293543 -0.4873428 0.1543951 -0.8214978 -0.5489114 0.1543776 -0.8215004 -0.5489122 -0.1543756 -0.8215022 -0.5489102 -0.1543934 -0.8214997 -0.5489089 -0.4801383 -0.7293604 -0.4873405 -0.4801575 -0.7293511 -0.4873353 -0.7789527 -0.5214021 -0.3483858 -0.7789562 -0.5213983 -0.3483839 0.9582362 0.06598454 0.2782617 0.9582293 0.06597882 0.2782868 0.9986163 0.02023857 0.04853928 0.9986155 0.02014082 0.04859721 0.9986463 -0.03671312 -0.03685045 0.9986438 -0.03679502 -0.03683358 0.9583864 -0.2314701 -0.167084 0.9583922 -0.2314555 -0.1670717 0 0 1 0.6759623 0.5545783 0.4853019 0.7959647 0.5945448 -0.113829 -0.6499786 0.6455463 -0.4009961 -0.7703643 0.6054612 0.199889 -0.8395965 0.1698248 0.515982 0.5887783 0.1213304 0.7991365 -0.8471378 -0.2071653 0.4893261 0.569859 -0.2816318 0.7719743 0.6520127 -0.6437599 0.4005656 -0.7943933 -0.5964309 0.1149337 0.8193004 0.5607385 -0.119663 0.8379628 0.2337568 -0.4931289 0.8293665 -0.1952397 -0.5234813 0.7967099 -0.5704465 -0.1996103 0.6735064 -0.6114817 0.4153063 0.837958 0.2337633 -0.4931342 0.6073915 -0.2457188 0.7554455 0.5887622 0.1213385 0.7991472 0.8293715 -0.1952483 -0.5234701 0.6961224 0.5197201 0.4952824 0.772014 -0.6038038 -0.1985332 -0.5675997 0.2823058 -0.7733913 -0.5761688 -0.1479345 -0.8038314 -0.8396191 0.1698225 0.5159461 -0.8471589 -0.2071568 0.4892933 -0.8195393 -0.5604258 0.1194924 -0.6964019 -0.5194371 -0.4951863 -0.5761839 -0.1479377 -0.80382 -0.5675699 0.282314 -0.7734102 -0.6737841 0.6112109 -0.4152544 -0.7969301 0.5702117 0.199402 -0.6740218 -0.5563765 -0.4859424 -0.9583861 -0.2314761 -0.1670783 -0.9583913 -0.2314616 -0.1670678 -0.9986461 -0.0367214 -0.03684365 -0.998644 -0.03680086 -0.03682446 -0.9986154 0.02013093 0.04860126 -0.9986162 0.02023059 0.04854416 -0.9582214 0.06599885 0.2783091 -0.9582378 0.06599009 0.2782546 0.9929805 -0.1182784 0 0.9929807 -0.1182771 0 0.9929808 -0.1182765 0 0.9929807 -0.1182765 0 0.9929808 -0.1182758 0 0.9929809 -0.1182752 0 1 -2.30003e-7 0 1 0 0 1 0 0 1 0 0 1 1.37244e-6 2.11478e-6 1 3.82582e-6 3.47249e-6 1 7.87444e-6 4.98786e-6 1 8.02226e-6 2.07456e-6 1 6.37638e-6 -5.85521e-7 1 2.80809e-6 -2.94368e-6 1 1.48813e-6 -3.02975e-6 1 1.47333e-6 -3.23855e-6 1 1.92758e-6 -3.42044e-6 1 3.84871e-6 -2.45023e-6 1 4.15546e-6 -2.55012e-6 1 3.87372e-6 -6.7628e-7 1 3.69387e-6 -2.23115e-7 1 -1.25141e-6 -4.63359e-7 1 -3.86614e-6 -3.34275e-6 1 -3.6914e-6 -2.686e-6 1 -1.27015e-6 1.53495e-7 1 -1.62391e-7 0 1 -3.25129e-7 0 1 0 0 1 2.77555e-7 0 1 0 0 1 3.36679e-7 0 1 3.18161e-7 0 1 -6.22746e-7 0 1 -5.21018e-7 0 1 -2.37891e-7 0 1 -4.31638e-7 0 1 0 0 1 3.93203e-6 -6.81264e-7 1 4.06458e-6 -1.37008e-6 1 5.37382e-6 -2.44604e-6 1 5.2868e-6 -2.57605e-6 1 5.3851e-6 -1.98424e-6 1 5.25756e-6 -1.96546e-6 1 0 0 1 -1.89192e-7 0 1 -2.21769e-7 -2.37631e-7 1 0 -2.50215e-7 1 -4.5529e-6 1.81152e-6 1 -4.47952e-6 2.20884e-6 1 -2.78611e-6 2.9261e-6 1 -2.78763e-6 2.91422e-6 1 -4.95676e-6 -1.51643e-7 1 -5.0095e-6 0 1.22911e-6 -0.7517405 0.6594591 5.72219e-7 -0.536502 0.8438991 0 -0.7517407 0.6594589 1.21822e-6 -0.5364764 0.8439153 0 -0.6143124 0.7890629 0 -0.6143127 0.7890627 -0.9929806 -0.1182773 0 -0.9929804 -0.1182792 0 -0.9929808 -0.1182764 0 -0.9929807 -0.1182767 0 -0.9929807 -0.118277 0 -0.9929807 -0.1182769 0 1.52364e-6 -0.3262557 -0.9452816 6.83935e-6 -0.1108759 -0.9938343 -2.41585e-6 -0.3262742 -0.9452752 0 -0.1108714 -0.9938347 0 -0.3262328 -0.9452895 0 -0.8734214 -0.4869651 0 -0.873433 -0.4869444 0 -0.8734495 0.4869147 0 -0.8734499 0.4869141 0 -0.3262758 0.9452747 0 -0.3262827 0.9452722 0 -0.1108731 0.9938346 0 0.9807859 0.1950877 -1.27756e-6 0.9807862 0.1950863 -1.02384e-6 0.9673026 -0.253625 -6.50622e-7 0.967303 -0.2536236 1.30632e-6 0.4098001 -0.9121754 -1.00986e-6 0.4097999 -0.9121755 1.5847e-6 0.463824 -0.8859274 -1.39212e-6 0.4638246 -0.885927 -9.34802e-7 0.9965652 -0.08281326 -8.58204e-7 0.9965682 -0.08277642 -3.78682e-7 0.9965683 -0.08277469 -1.18861e-6 0.9965681 -0.08277726 -4.7893e-7 0.8963896 -0.4432672 -2.93424e-7 0.8963901 -0.443266 -1.85864e-6 0.9808046 -0.1949934 0 0.9808003 -0.195015 -1.45963e-6 0.9965659 -0.08280289 0 0.9965697 -0.0827583 0 0.9464772 -0.3227708 -1.58223e-4 0.946471 -0.322789 -5.13904e-6 -0.3262531 -0.9452825 0 -0.1108731 -0.9938346 -2.49408e-6 -0.3262659 -0.9452781 0 -0.1108731 -0.9938346 0 -0.3262268 -0.9452915 0 -0.8734223 -0.4869637 0 -0.873422 -0.4869642 0 -0.8734486 0.4869165 0 -0.8734329 0.4869444 1.78698e-7 -0.3262826 0.9452723 0 -0.3262894 0.94527 -0.4801566 -0.335694 0.8104069 -0.7789543 -0.2399847 0.5793423 -0.7789424 -0.2399842 0.5793586 -0.4801529 -0.3357129 0.8104013 -0.1543951 -0.3781009 0.9127989 -0.1544085 -0.378089 0.9128016 0.154386 -0.3780862 0.9128066 0.1544076 -0.3780957 0.9127991 0.4801612 -0.3356937 0.8104043 0.4801715 -0.3356967 0.810397 0.778953 -0.2399764 0.5793476 0.7789382 -0.2399829 0.5793648 -3.62131e-4 -0.9993112 -0.03710961 6.71919e-5 -0.9683514 -0.2495908 0 -0.9969982 -0.07742452 1.70223e-4 -0.9437499 -0.3306601 -5.82667e-6 -0.923878 -0.3826872 -1.27263e-6 -0.9238792 -0.3826845 2.88109e-6 -0.9238805 -0.3826814 -2.46712e-4 -0.9437466 -0.3306698 -7.68306e-6 -0.9238798 -0.382683 -6.0355e-6 -0.9238772 -0.3826891 -2.96038e-6 -0.923877 -0.3826897 6.61463e-5 -0.9683516 -0.2495903 -1.08019e-4 -0.9993109 -0.03711915 0 -0.9969981 -0.07742768 8.39306e-5 -0.9983513 0.0574007 7.49713e-4 -0.9983518 0.05738556 0 -0.9951909 0.09795475 6.58019e-5 -0.9683455 0.249614 1.69769e-4 -0.9437427 0.3306809 4.69855e-6 -0.9238827 0.3826759 0 -0.9238805 0.3826813 0 -0.9238824 0.3826767 3.4187e-6 -0.9238839 0.382673 1.90076e-4 -0.9437492 0.3306623 -1.27235e-6 -0.9238803 0.3826815 -1.0525e-5 -0.923883 0.3826753 6.77258e-5 -0.9683464 0.2496105 0 -0.9951864 0.09800064 -0.9584009 -0.09962898 -0.2674729 -0.9583932 -0.09962767 -0.2675013 -0.998645 -0.03679841 -0.03679937 -0.998645 -0.03678655 -0.03681045 -0.9986153 0.02009212 0.04862147 -0.9986162 0.02008736 0.04860371 -0.9582206 -0.09974789 0.2680743 -0.9582349 -0.0997312 0.2680292 0.7071059 -0.7071077 0 -9.24119e-7 -1 0 0.7071088 -0.7071049 0 -8.83046e-7 -1 0 -0.7071081 -0.7071055 0 -0.7071053 -0.7071083 0 -1 2.87504e-7 0 -1 2.75182e-6 0 -0.7071079 0.7071057 0 -0.7071082 0.7071054 0 0 1 0 0 1 0 0.7071082 0.7071054 0 0.7071079 0.7071056 0 1 2.83397e-6 0 1 2.0536e-7 0 -0.004276216 -0.8321538 -0.5545285 0 -0.7201786 -0.6937888 -0.004271805 -0.832144 -0.5545433 -3.20342e-7 -0.7202053 -0.6937611 0 -1 7.40867e-6 5.23245e-6 -1 3.12272e-6 0 -0.7514706 0.6597666 0 -0.7514361 0.659806 0 -0.8733804 0.4870386 0 -0.8733806 0.4870384 6.72924e-5 -0.9683551 -0.2495766 0 -0.9683576 -0.2495667 0 -0.1950889 -0.9807856 0 -0.555572 -0.8314685 0 -0.1951023 -0.9807829 -6.73027e-7 -0.5555986 -0.8314508 -2.38142e-7 -0.5555464 -0.8314856 1.47385e-6 -0.5555647 -0.8314734 1.56525e-6 -0.499234 -0.8664673 1.24992e-6 -0.4992343 -0.8664671 -0.004257023 -0.8321388 -0.5545513 -0.004253745 -0.8321417 -0.5545468 0 -0.9969949 -0.07746845 7.28954e-6 -0.9969962 -0.07745015 5.60893e-5 -0.9683472 -0.2496073 0 -0.9683474 -0.2496065 0 -0.9683577 -0.2495663 0 -0.9030463 -0.4295432 6.33353e-5 -0.9683578 -0.2495663 0 -0.9030463 -0.4295433 -1.75132e-7 -0.9807897 -0.1950684 -1.06246e-5 -0.9807886 -0.1950737 1 4.50513e-6 3.1525e-6 1 3.59494e-6 4.10283e-6 1 3.75781e-6 4.04142e-6 1 4.75655e-6 2.93245e-6 1 6.0381e-6 1.20287e-6 1 6.46363e-6 1.19209e-6 1 5.44695e-7 3.51772e-7 1 2.74223e-7 3.29489e-7 1 3.18067e-7 -3.53604e-7 1 0 0 1 4.30198e-6 0 1 5.61624e-6 0 1 8.86872e-7 3.47354e-7 1 4.49106e-7 0 1 0 0 1 -1.57319e-7 0 1 -2.31023e-7 0 1 3.61358e-6 1.79695e-6 1 3.67326e-6 1.83161e-6 1 3.46216e-6 1.25588e-6 1 3.53232e-6 6.41459e-7 1 3.83115e-6 2.23131e-7 1 4.00455e-6 6.76286e-7 1 3.57899e-6 2.45027e-6 1 3.6184e-6 2.55019e-6 1 1.78808e-6 3.42042e-6 1 1.39648e-6 3.23854e-6 1 1.58852e-6 3.02964e-6 1 3.06659e-6 2.94349e-6 1 7.84996e-6 -2.0743e-6 1 5.77959e-6 5.88992e-7 1 8.00652e-6 -4.98795e-6 1 3.82643e-6 -3.47194e-6 1 1.2231e-6 -2.11546e-6 1 0 0 1 7.27746e-7 0 1 8.92042e-7 0 -0.9929808 -0.1182762 0 -0.9929807 -0.118277 0 -0.9929807 -0.1182773 0 -0.9929808 -0.118276 0 -0.9929808 -0.1182757 0 -0.9929808 -0.1182757 0 0.9929807 -0.1182767 0 0.9929807 -0.1182766 0 0.9929805 -0.1182788 0 0.9929807 -0.1182767 0 0.9929805 -0.1182784 0 0.9929804 -0.118279 0 -1.0872e-5 0.9807907 0.195063 0 0.9059424 0.4234011 0 0.9059424 0.423401 0 0.9807922 0.1950559 0 0.9965662 0.08279991 0 0.9965661 0.08280092 -0.004251837 0.8308008 0.5565537 -0.00424993 0.830803 0.5565504 -1.01315e-6 0.4094789 0.9123197 0 0.409507 0.912307 -7.26174e-7 0.5170502 0.8559551 -1.48524e-6 0.5170519 0.8559541 -5.49933e-7 0.8093048 0.587389 0 0.8093045 0.5873893 -0.004261255 0.8307871 0.5565742 0 0.7278838 0.6857005 0 0.7278836 0.6857008 -0.004263758 0.8307917 0.5565672 0 0.9807916 0.195059 0 0.9807891 0.195071 0 0.872174 -0.4891959 0 0.872174 -0.4891959 -1.36105e-4 0.779067 -0.6269409 0 0.7790808 -0.6269237 0 1 1.51857e-5 0 1 1.34921e-5 0 0.6966077 0.7174522 0 0.696608 0.7174521 0 0.8092122 0.5875166 0 0.8091908 0.587546 0 0.9807779 0.1951276 0 0.9807822 0.1951059 -1 1.24508e-7 0 -1 1.50695e-7 0 -1 -4.62583e-7 -1.02768e-6 -1 2.40257e-6 -3.44285e-7 -1 1.35251e-6 1.18825e-6 -1 0 2.92861e-6 -1 -7.13753e-7 4.42672e-6 -1 -4.36816e-7 7.71092e-7 -1 0 0 -1 0 0 -1 1.84767e-7 0 -1 5.71847e-6 -2.4595e-6 -1 5.50458e-6 -2.58639e-6 -1 4.64004e-6 -1.50136e-6 -1 3.99118e-6 0 -1 -3.83222e-6 2.60338e-6 -1 -4.22141e-6 7.18546e-7 -1 -4.14856e-6 2.37058e-7 -1 -3.90194e-6 7.2384e-7 -1 -3.92946e-6 1.45571e-6 -1 -6.46439e-6 2.59892e-6 -1 -6.47674e-6 2.73705e-6 -1 -6.07572e-6 1.90241e-6 -1 -6.08359e-6 1.89891e-6 -1 -5.63126e-6 1.82854e-6 -1 -5.59431e-6 1.82753e-6 -1 -5.28557e-6 1.22826e-6 -1 -5.59514e-6 1.27984e-6 -1 3.77687e-6 -1.43575e-6 -1 3.77479e-6 -1.6774e-6 -1 3.24084e-6 -2.13524e-6 -1 2.57262e-6 -2.1192e-6 -1 0 -9.98929e-7 -1 1.20502e-5 -2.89452e-6 -1 1.27174e-5 -4.7492e-6 -1 9.6475e-6 -1.072e-5 -1 7.36514e-6 -1.14783e-5 -1 2.72208e-6 -4.12733e-6 -1 1.73098e-6 -3.91872e-6 -1 7.4447e-6 1.45447e-6 -1 9.10241e-6 6.3196e-6 -1 9.26277e-6 1.37434e-5 -1 2.68562e-6 1.16763e-5 -1 -1.90353e-6 8.07475e-6 -1 -3.06135e-6 3.12764e-6 -1 -1.57234e-6 3.2191e-6 -1 -1.64464e-6 3.44095e-6 -1 -2.15079e-6 3.63418e-6 -1 -3.7258e-6 2.70951e-6 0 0 1 0 1.82875e-6 1 0 -2.74314e-6 1 0 9.14377e-7 1 -4.78625e-7 0 1 -1.86915e-7 0 1 1.12813e-6 0 1 1.76905e-6 -0.8734489 -0.486916 -9.06163e-5 -0.798215 -0.6023728 -8.38514e-5 -0.7982081 -0.6023818 1.37938e-4 -0.6435697 -0.7653876 -1.92887e-4 -0.591523 -0.8062881 -4.69873e-6 -0.5555746 -0.8314667 -2.05286e-6 -0.5555707 -0.8314694 -1.92078e-6 -0.555572 -0.8314685 1.92076e-6 -0.555572 -0.8314686 5.68508e-5 -0.591504 -0.8063021 2.05286e-6 -0.5555711 -0.8314691 4.69872e-6 -0.5555735 -0.8314675 1.36093e-4 -0.6436024 -0.7653601 8.44253e-5 -0.7982082 -0.6023818 -9.00398e-5 -0.7982153 -0.6023724 0 -0.8734474 -0.4869186 -3.62646e-4 -0.851513 -0.5243335 1.68753e-4 -0.9437593 -0.3306332 2.39007e-4 -0.9683583 -0.249564 -2.3494e-6 -0.9807848 -0.1950927 -5.13214e-6 -0.9807843 -0.1950957 -4.94126e-6 -0.9807848 -0.1950926 6.78463e-5 -0.9683597 -0.2495585 2.69757e-6 -0.9807848 -0.1950927 3.07928e-6 -0.9807842 -0.195096 -1.17468e-6 -0.9807844 -0.1950952 1.69917e-4 -0.9437592 -0.330634 -1.05769e-4 -0.8515179 -0.5243257 -9.2988e-7 -1.33907e-6 -1 0 5.68121e-6 -1 4.46717e-6 -3.52754e-6 -1 2.39313e-6 -5.15346e-6 -1 -3.73829e-7 -1.82875e-6 -1 0 -2.27248e-6 -1 -1.30731e-5 -2.27248e-6 -1 1.69776e-4 -0.9437562 0.3306422 0 -0.9437535 0.33065 0 -0.968348 0.2496041 6.67643e-5 -0.9683495 0.2495987 7.85079e-6 -0.8995491 0.4368198 0 -0.8995344 0.4368501 -2.3988e-6 -0.9807828 0.1951032 0 -0.9807949 0.1950421 0 -0.9951869 0.09799468 0 -0.9951856 0.09800887 1.70489e-4 -0.9437482 0.3306652 1.71245e-4 -0.9437393 0.3306906 0 -0.5364985 0.8439013 0 -0.5364922 0.8439053 0 0.2010233 0.9795866 0 0.2010265 0.9795858 0 0.7278748 0.6857101 0 0.7278751 0.6857098 1.0184e-5 0.9965668 -0.08279299 0 0.9965664 -0.08279746 0 0.7070335 -0.7071801 0 0.7070351 -0.7071784 -1 -3.19493e-6 -3.12748e-6 -1 -4.07559e-6 -3.41931e-6 -1 -4.06596e-6 -3.43899e-6 -1 -1.6944e-6 -3.21901e-6 -1 -1.66832e-6 -3.44092e-6 -1 -2.09846e-6 -3.63417e-6 -1 -3.76737e-6 -2.60339e-6 -1 -3.62063e-6 -2.70957e-6 -1 -4.22141e-6 -7.18546e-7 -1 -4.17495e-6 -2.37062e-7 -1 -3.94909e-6 -6.81545e-7 -1 -3.93992e-6 -1.33437e-6 -1 -4.04243e-6 -1.94609e-6 -1 -4.06394e-6 -1.92598e-6 -1 -4.43549e-6 -7.26526e-7 -1 -4.42223e-6 -7.0021e-7 -1 -3.25377e-6 -2.24247e-6 -1 -3.14361e-6 -2.36297e-6 -1 -3.97674e-6 -3.49911e-6 -1 -3.79638e-6 -3.75955e-6 -1 -4.94763e-6 0 -1 -4.67711e-6 0 -1 -4.17048e-6 3.27949e-6 -1 -4.08427e-6 3.39022e-6 -1 -4.71162e-6 2.259e-6 -1 -4.50841e-6 2.55287e-6 -1 -5.61826e-6 -1.10985e-6 -1 -5.67801e-6 -1.12586e-6 -1 -4.47698e-6 -2.76954e-6 -1 -4.28937e-6 -2.97737e-6 -1 -3.68619e-6 -3.81689e-6 -1 -3.59494e-6 -3.87489e-6 -1.93718e-6 -3.78747e-6 -1 -8.94764e-6 -4.54497e-6 -1 -1.30731e-5 -4.54497e-6 -1 1.12149e-6 -3.65751e-6 -1 4.78626e-6 -2.27248e-6 -1 2.55267e-6 -3.91744e-6 -1 0 -7.57494e-6 -1 0.9582349 -0.09972882 0.2680301 0.9582371 -0.09971535 0.2680271 0.9986162 0.02009862 0.04860037 0.9986153 0.02010029 0.04861587 0.998645 -0.03678959 -0.03680604 0.9986449 -0.03677779 -0.03682029 0.9583873 -0.09962987 -0.2675218 0.958393 -0.09962528 -0.2675026 1.27634e-6 3.78747e-6 1 0 7.57494e-6 1 -2.55267e-6 3.91744e-6 1 0 2.27248e-6 1 7.47659e-7 3.65751e-6 1 -2.33369e-6 4.54497e-6 1 1.30731e-5 4.54497e-6 1</float_array>
          <technique_common>
            <accessor source="#fob_e_sniperrifle-mesh-normals-array" count="2711" stride="3">
              <param name="X" type="float"/>
              <param name="Y" type="float"/>
              <param name="Z" type="float"/>
            </accessor>
          </technique_common>
        </source>
        <source id="fob_e_sniperrifle-mesh-map-0">
          <float_array id="fob_e_sniperrifle-mesh-map-0-array" count="17214">0.79156 0.902348 0.786812 0.924571 0.777123 0.924571 0.858532 0.758259 0.783294 0.810598 0.778875 0.721822 0.788719 0.8259 0.783294 0.810598 0.858532 0.758259 0.864418 0.233877 0.87731 0.19438 0.953565 0.330964 0.864418 0.233877 0.953565 0.330964 0.934201 0.354293 0.934201 0.354293 0.953565 0.330964 0.968285 0.50699 0.934201 0.354293 0.968285 0.50699 0.948006 0.509533 0.968285 0.50699 0.924732 0.684387 0.948006 0.509533 0.948006 0.509533 0.924732 0.684387 0.898789 0.651773 0.924732 0.684387 0.858532 0.758259 0.898789 0.651773 0.898789 0.651773 0.858532 0.758259 0.825899 0.682491 0.858532 0.758259 0.778875 0.721822 0.825899 0.682491 0.825899 0.682491 0.778875 0.721822 0.784519 0.641942 0.85075 0.271251 0.934201 0.354293 0.906878 0.381534 0.85075 0.271251 0.864418 0.233877 0.934201 0.354293 0.781799 0.301504 0.85075 0.271251 0.826968 0.34446 0.781799 0.301504 0.776891 0.2145079 0.85075 0.271251 0.776891 0.2145079 0.864418 0.233877 0.85075 0.271251 0.776891 0.2145079 0.781679 0.160659 0.864418 0.233877 0.781679 0.160659 0.87731 0.19438 0.864418 0.233877 0.781679 0.160659 0.7827 0.130227 0.87731 0.19438 0.885248 0.04050797 0.87731 0.19438 0.7827 0.130227 0.885248 0.04050797 0.7827 0.130227 0.79717 0.01789599 0.79717 0.01789599 0.7827 0.130227 0.781011 0.01737397 0.906878 0.381534 0.934201 0.354293 0.948006 0.509533 0.906878 0.381534 0.948006 0.509533 0.922335 0.509622 0.948006 0.509533 0.898789 0.651773 0.922335 0.509622 0.922335 0.509622 0.898789 0.651773 0.856287 0.608079 0.898789 0.651773 0.825899 0.682491 0.856287 0.608079 0.856287 0.608079 0.825899 0.682491 0.798214 0.616651 0.825899 0.682491 0.784519 0.641942 0.798214 0.616651 0.784519 0.569589 0.798214 0.616651 0.784519 0.641942 0.784519 0.569589 0.81706 0.570739 0.798214 0.616651 0.784519 0.50934 0.81706 0.570739 0.784519 0.569589 0.784519 0.50934 0.823817 0.50934 0.81706 0.570739 0.81744 0.455042 0.823817 0.50934 0.784519 0.50934 0.81744 0.455042 0.867344 0.508758 0.823817 0.50934 0.81744 0.455042 0.85688 0.420485 0.867344 0.508758 0.85688 0.420485 0.922335 0.509622 0.867344 0.508758 0.85688 0.420485 0.906878 0.381534 0.922335 0.509622 0.826968 0.34446 0.906878 0.381534 0.85688 0.420485 0.826968 0.34446 0.85075 0.271251 0.906878 0.381534 0.922335 0.509622 0.856287 0.608079 0.867344 0.508758 0.867344 0.508758 0.81706 0.570739 0.823817 0.50934 0.867344 0.508758 0.856287 0.608079 0.81706 0.570739 0.856287 0.608079 0.798214 0.616651 0.81706 0.570739 0.81744 0.455042 0.784519 0.50934 0.784519 0.4537 0.798899 0.40817 0.81744 0.455042 0.784519 0.4537 0.798899 0.40817 0.85688 0.420485 0.81744 0.455042 0.798899 0.40817 0.826968 0.34446 0.85688 0.420485 0.784519 0.381973 0.826968 0.34446 0.798899 0.40817 0.784519 0.381973 0.781799 0.301504 0.826968 0.34446 0.798899 0.40817 0.784519 0.4537 0.784519 0.381973 0.122156 0.597135 0.142915 0.671491 0.143344 0.597135 0.122156 0.597135 0.122121 0.671491 0.142915 0.671491 0.122156 0.597135 0.101467 0.671491 0.122121 0.671491 0.122156 0.597135 0.10106 0.597135 0.101467 0.671491 0.08063095 0.597135 0.101467 0.671491 0.10106 0.597135 0.08063095 0.597135 0.081263 0.671491 0.101467 0.671491 0.081263 0.671491 0.08063095 0.597135 0.05990499 0.597135 0.081263 0.671491 0.05990499 0.597135 0.06051498 0.671491 0.06051498 0.671491 0.05990499 0.597135 0.040012 0.597135 0.06051498 0.671491 0.040012 0.597135 0.04041898 0.671491 0.02048099 0.597135 0.04041898 0.671491 0.040012 0.597135 0.02048099 0.597135 0.02072095 0.671491 0.04041898 0.671491 0.00109297 0.597135 0.02072095 0.671491 0.02048099 0.597135 0.00109297 0.597135 0.001432955 0.671491 0.02072095 0.671491 0.308315 0.597135 0.327175 0.671491 0.327396 0.597135 0.308315 0.597135 0.308 0.671491 0.327175 0.671491 0.288292 0.597135 0.308 0.671491 0.308315 0.597135 0.288292 0.597135 0.288323 0.671491 0.308 0.671491 0.288292 0.597135 0.268425 0.671491 0.288323 0.671491 0.288292 0.597135 0.267936 0.597135 0.268425 0.671491 0.267936 0.597135 0.248463 0.671491 0.268425 0.671491 0.267936 0.597135 0.247745 0.597135 0.248463 0.671491 0.247745 0.597135 0.227455 0.671491 0.248463 0.671491 0.247745 0.597135 0.226828 0.597135 0.227455 0.671491 0.226828 0.597135 0.20636 0.671491 0.227455 0.671491 0.226828 0.597135 0.206151 0.597135 0.20636 0.671491 0.185119 0.671491 0.20636 0.671491 0.206151 0.597135 0.185119 0.671491 0.206151 0.597135 0.185377 0.597135 0.163591 0.671491 0.185119 0.671491 0.185377 0.597135 0.163591 0.671491 0.185377 0.597135 0.164094 0.597135 0.164094 0.597135 0.142915 0.671491 0.163591 0.671491 0.164094 0.597135 0.143344 0.597135 0.142915 0.671491 0.291964 0.33537 0.311888 0.322996 0.298448 0.234387 0.291964 0.33537 0.298448 0.234387 0.293614 0.225524 0.288369 0.221946 0.291964 0.33537 0.293614 0.225524 0.281631 0.218369 0.291964 0.33537 0.288369 0.221946 0.271546 0.335367 0.291964 0.33537 0.281631 0.218369 0.271546 0.335367 0.281631 0.218369 0.274892 0.221946 0.274892 0.221946 0.269647 0.225524 0.271546 0.335367 0.264813 0.234387 0.271546 0.335367 0.269647 0.225524 0.264813 0.234387 0.25161 0.322996 0.271546 0.335367 0.320523 0.338275 0.367315 0.2154639 0.38381 0.334239 0.320523 0.338275 0.318567 0.215619 0.367315 0.2154639 0.255665 0.338272 0.2080799 0.2154639 0.256828 0.215619 0.255665 0.338272 0.19234 0.334239 0.2080799 0.2154639 0.06538796 0.216035 0.05307495 0.217431 0.06000298 0.227759 0.06538796 0.216035 0.05591499 0.203408 0.05307495 0.217431 0.05307495 0.217431 0.04409295 0.198658 0.04408597 0.21343 0.05307495 0.217431 0.05588299 0.203395 0.04409295 0.198658 0.04407596 0.1986899 0.03272294 0.2179329 0.04408597 0.21343 0.04407596 0.1986899 0.02914196 0.203941 0.03272294 0.2179329 0.03272294 0.2179329 0.01831597 0.2180449 0.02489095 0.229277 0.03272294 0.2179329 0.02912896 0.2039459 0.01831597 0.2180449 0.01827597 0.218042 0.02032995 0.244369 0.02489095 0.229277 0.01827597 0.218042 0.01157099 0.237847 0.02032995 0.244369 0.065472 0.24263 0.06544899 0.216021 0.06000298 0.227759 0.065472 0.24263 0.07339996 0.235103 0.06544899 0.216021 0.02032995 0.244369 0.01156097 0.237877 0.009764969 0.262175 0.02032995 0.244369 0.009764969 0.262175 0.01918596 0.262179 0.009764969 0.262175 0.02187198 0.283696 0.01918596 0.262179 0.009764969 0.262175 0.01373797 0.291357 0.02187198 0.283696 0.02187198 0.283696 0.02195596 0.309763 0.02750694 0.297801 0.02187198 0.283696 0.01374995 0.291385 0.02195596 0.309763 0.02199095 0.309754 0.03477799 0.307764 0.02750694 0.297801 0.02199095 0.309754 0.03190594 0.321946 0.03477799 0.307764 0.03477799 0.307764 0.044016 0.325776 0.04403799 0.311024 0.03477799 0.307764 0.03191697 0.321949 0.044016 0.325776 0.04402995 0.325805 0.05521994 0.305499 0.04403799 0.311024 0.04402995 0.325805 0.05873197 0.319341 0.05521994 0.305499 0.05521994 0.305499 0.06914997 0.304569 0.06273198 0.29355 0.05521994 0.305499 0.05877196 0.319323 0.06914997 0.304569 0.06921899 0.304572 0.06680196 0.278778 0.06273198 0.29355 0.06921899 0.304572 0.075356 0.285168 0.06680196 0.278778 0.07686996 0.262201 0.07341796 0.2351469 0.065472 0.24263 0.07686996 0.262201 0.065472 0.24263 0.06767898 0.262198 0.06680196 0.278778 0.07686996 0.262201 0.06767898 0.262198 0.06680196 0.278778 0.07537096 0.285123 0.07686996 0.262201 0.361896 0.532843 0.316236 0.456973 0.365493 0.46397 0.361896 0.532843 0.314781 0.585541 0.316236 0.456973 0.314781 0.585541 0.256451 0.459688 0.316236 0.456973 0.314781 0.585541 0.256338 0.585541 0.256451 0.459688 0.256338 0.585541 0.176418 0.460045 0.256451 0.459688 0.256338 0.585541 0.175715 0.585541 0.176418 0.460045 0.176418 0.460045 0.175715 0.585541 0.09667998 0.585541 0.176418 0.460045 0.09667998 0.585541 0.09667998 0.456418 0.365493 0.46397 0.381521 0.46632 0.361896 0.532843 0.381521 0.46632 0.395416 0.497397 0.361896 0.532843 0.361896 0.532843 0.395416 0.497397 0.40519 0.526767 0.40519 0.526767 0.413471 0.532843 0.361896 0.532843 0.40519 0.526767 0.41344 0.531905 0.413471 0.532843 0.413471 0.532843 0.41344 0.531905 0.421864 0.528512 0.413471 0.532843 0.421864 0.528512 0.465047 0.532843 0.465047 0.532843 0.421864 0.528512 0.430455 0.497255 0.447428 0.46397 0.465047 0.532843 0.430455 0.497255 0.46145 0.46397 0.465047 0.532843 0.447428 0.46397 0.465047 0.532843 0.46145 0.46397 0.507691 0.46397 0.465047 0.532843 0.507691 0.46397 0.512558 0.585541 0.465047 0.532843 0.512558 0.585541 0.464455 0.585541 0.464455 0.585541 0.413471 0.532843 0.465047 0.532843 0.464455 0.585541 0.413471 0.585541 0.413471 0.532843 0.362487 0.585541 0.413471 0.532843 0.413471 0.585541 0.362487 0.585541 0.361896 0.532843 0.413471 0.532843 0.361896 0.532843 0.362487 0.585541 0.314781 0.585541 0.513163 0.675904 0.495886 0.590106 0.513163 0.597588 0.513163 0.675904 0.486739 0.682386 0.495886 0.590106 0.04223996 0.93733 0.06355297 0.99071 0.04302495 0.990614 0.04223996 0.93733 0.05906897 0.924998 0.06355297 0.99071 0.462006 0.590242 0.44479 0.676088 0.44479 0.597776 0.462006 0.590242 0.471218 0.682498 0.44479 0.676088 0.003614962 0.992227 0.02422499 0.937819 0.02414095 0.991124 0.003614962 0.992227 0.00723499 0.926315 0.02422499 0.937819 0.02422499 0.937819 0.04302495 0.990614 0.02414095 0.991124 0.02422499 0.937819 0.04223996 0.93733 0.04302495 0.990614 0.677402 0.857437 0.707309 0.901166 0.695706 0.904516 0.677402 0.857437 0.689906 0.859283 0.707309 0.901166 0.689906 0.859283 0.717714 0.891426 0.707309 0.901166 0.689906 0.859283 0.703044 0.856941 0.717714 0.891426 0.69896 0.820484 0.703044 0.856941 0.689906 0.859283 0.688094 0.824776 0.69896 0.820484 0.689906 0.859283 0.688094 0.824776 0.689906 0.859283 0.677402 0.857437 0.69896 0.820484 0.710982 0.823978 0.703044 0.856941 0.622195 0.832908 0.606567 0.890841 0.553826 0.722634 0.606567 0.890841 0.622195 0.832908 0.692339 0.924571 0.692339 0.924571 0.622195 0.832908 0.695706 0.904516 0.677402 0.857437 0.695706 0.904516 0.622195 0.832908 0.606567 0.890841 0.692339 0.924571 0.70183 0.977699 0.696108 0.614488 0.712334 0.568284 0.712334 0.640637 0.672875 0.679218 0.696108 0.614488 0.712334 0.640637 0.672875 0.679218 0.712334 0.640637 0.716664 0.721822 0.643744 0.752436 0.672875 0.679218 0.716664 0.721822 0.643744 0.752436 0.716664 0.721822 0.713973 0.810851 0.713973 0.810851 0.688094 0.824776 0.643744 0.752436 0.677402 0.857437 0.643744 0.752436 0.688094 0.824776 0.677402 0.857437 0.631605 0.79814 0.643744 0.752436 0.677402 0.857437 0.622195 0.832908 0.631605 0.79814 0.631605 0.79814 0.622195 0.832908 0.573701 0.700021 0.622195 0.832908 0.553826 0.722634 0.573701 0.700021 0.573701 0.700021 0.553826 0.722634 0.53249 0.509455 0.573701 0.700021 0.53249 0.509455 0.549504 0.50699 0.53249 0.509455 0.566203 0.321687 0.549504 0.50699 0.57852 0.346094 0.549504 0.50699 0.566203 0.321687 0.634613 0.237352 0.57852 0.346094 0.566203 0.321687 0.645764 0.266493 0.57852 0.346094 0.634613 0.237352 0.720168 0.2145079 0.645764 0.266493 0.634613 0.237352 0.720168 0.2145079 0.634613 0.237352 0.716721 0.159165 0.716721 0.159165 0.634613 0.237352 0.633981 0.188476 0.634613 0.237352 0.566203 0.321687 0.633981 0.188476 0.716721 0.159165 0.633981 0.188476 0.71553 0.128733 0.71553 0.128733 0.631988 0.03455895 0.705859 0.015531 0.71553 0.128733 0.633981 0.188476 0.631988 0.03455895 0.610711 0.106055 0.631988 0.03455895 0.633981 0.188476 0.554239 0.306092 0.610711 0.106055 0.633981 0.188476 0.554239 0.306092 0.633981 0.188476 0.566203 0.321687 0.53249 0.509455 0.554239 0.306092 0.566203 0.321687 0.744642 0.810851 0.713973 0.810851 0.716664 0.721822 0.713973 0.810851 0.744642 0.810851 0.713475 0.828228 0.744642 0.810851 0.76622 0.810851 0.76622 0.81573 0.744642 0.810851 0.760789 0.721822 0.76622 0.810851 0.744642 0.810851 0.716664 0.721822 0.760789 0.721822 0.72022 0.653074 0.760789 0.721822 0.716664 0.721822 0.72022 0.653074 0.757726 0.653074 0.760789 0.721822 0.72022 0.59156 0.757726 0.653074 0.72022 0.653074 0.72022 0.59156 0.757726 0.586745 0.757726 0.653074 0.713475 0.828228 0.744642 0.810851 0.713475 0.828228 0.713475 0.828228 0.744642 0.810851 0.744642 0.810851 0.713475 0.828228 0.744642 0.810851 0.713475 0.828228 0.713475 0.828228 0.744642 0.810851 0.744642 0.810851 0.76622 0.82014 0.744642 0.810851 0.744642 0.810851 0.76622 0.82014 0.76622 0.82014 0.744642 0.810851 0.76622 0.82014 0.744642 0.810851 0.744642 0.810851 0.76622 0.82014 0.76622 0.82014 0.744642 0.810851 0.09300196 0.136004 0.162708 0.185012 0.08808696 0.209636 0.162708 0.185012 0.211889 0.169389 0.185912 0.177641 0.162708 0.185012 0.231522 0.05870199 0.211889 0.169389 0.231522 0.05870199 0.162708 0.185012 0.152253 0.09669899 0.09300196 0.136004 0.152253 0.09669899 0.162708 0.185012 0.09300196 0.136004 0.144167 0.01581096 0.152253 0.09669899 0.09300196 0.136004 0.07700997 0.04488295 0.144167 0.01581096 0.377809 0.185012 0.447558 0.136865 0.452355 0.2104769 0.397582 0.01619499 0.464602 0.04643595 0.447558 0.136865 0.397582 0.01619499 0.447558 0.136865 0.388419 0.09690499 0.377809 0.185012 0.388419 0.09690499 0.447558 0.136865 0.388419 0.09690499 0.377809 0.185012 0.308995 0.05870199 0.328628 0.169389 0.308995 0.05870199 0.377809 0.185012 0.328628 0.169389 0.377809 0.185012 0.355793 0.178019 0.306396 0.925256 0.329975 0.933049 0.323017 0.938103 0.329975 0.933049 0.323017 0.953075 0.323017 0.938103 0.329975 0.933049 0.329975 0.958269 0.323017 0.953075 0.306396 0.966063 0.323017 0.953075 0.329975 0.958269 0.306396 0.966063 0.309018 0.957702 0.323017 0.953075 0.291823 0.945659 0.309018 0.957702 0.306396 0.966063 0.291823 0.945659 0.300367 0.945589 0.309018 0.957702 0.306396 0.925256 0.300367 0.945589 0.291823 0.945659 0.306396 0.925256 0.309019 0.933476 0.300367 0.945589 0.306396 0.925256 0.323017 0.938103 0.309019 0.933476 0.323017 0.953075 0.309019 0.933476 0.323017 0.938103 0.323017 0.953075 0.300367 0.945589 0.309019 0.933476 0.323017 0.953075 0.309018 0.957702 0.300367 0.945589 0.703356 0.895375 0.740426 0.896999 0.740031 0.907312 0.703356 0.895375 0.709231 0.88703 0.740426 0.896999 0.709231 0.88703 0.740897 0.884956 0.740426 0.896999 0.709231 0.88703 0.715125 0.876797 0.740897 0.884956 0.703356 0.895375 0.740031 0.907312 0.710754 0.924571 0.710754 0.924571 0.740031 0.907312 0.76622 0.924571 0.740031 0.907312 0.773325 0.900046 0.76622 0.924571 0.773325 0.900046 0.740031 0.907312 0.740426 0.896999 0.773325 0.900046 0.740426 0.896999 0.768912 0.891012 0.768912 0.891012 0.740426 0.896999 0.740897 0.884956 0.768912 0.891012 0.740897 0.884956 0.764345 0.880064 0.160892 0.563182 0.160932 0.556575 0.16734 0.56146 0.160892 0.563182 0.160921 0.558462 0.160932 0.556575 0.119449 0.543777 0.11066 0.538839 0.122 0.538888 0.119449 0.543777 0.113152 0.54375 0.11066 0.538839 0.108837 0.549026 0.11066 0.538839 0.113152 0.54375 0.108837 0.549026 0.102382 0.547745 0.11066 0.538839 0.102382 0.547745 0.108837 0.549026 0.108794 0.556182 0.102382 0.547745 0.108794 0.556182 0.102303 0.560746 0.102303 0.560746 0.108794 0.556182 0.108782 0.55804 0.102303 0.560746 0.108782 0.55804 0.108753 0.562956 0.102303 0.560746 0.108753 0.562956 0.160892 0.563182 0.102303 0.560746 0.160892 0.563182 0.09277999 0.56142 0.102303 0.560746 0.09277999 0.56142 0.09286397 0.547491 0.102303 0.560746 0.09286397 0.547491 0.102382 0.547745 0.09286397 0.547491 0.102441 0.537868 0.102382 0.547745 0.09286397 0.547491 0.09292197 0.537849 0.102441 0.537868 0.160932 0.556575 0.167419 0.54825 0.16734 0.56146 0.160932 0.556575 0.1609759 0.549253 0.167419 0.54825 0.159267 0.539071 0.167419 0.54825 0.1609759 0.549253 0.159267 0.539071 0.1609759 0.549253 0.156727 0.543941 0.150432 0.543914 0.159267 0.539071 0.156727 0.543941 0.150432 0.543914 0.1479499 0.539022 0.159267 0.539071 0.1461189 0.549188 0.1479499 0.539022 0.150432 0.543914 0.1461189 0.549188 0.139689 0.547912 0.1479499 0.539022 0.139689 0.547912 0.1461189 0.549188 0.1460739 0.556627 0.139689 0.547912 0.1460739 0.556627 0.1396059 0.561741 0.1460739 0.556627 0.146035 0.563117 0.1396059 0.561741 0.1300899 0.561127 0.1396059 0.561741 0.146035 0.563117 0.1300899 0.561127 0.146035 0.563117 0.123616 0.56302 0.123616 0.56302 0.123656 0.556363 0.1300899 0.561127 0.123656 0.556363 0.13017 0.547866 0.1300899 0.561127 0.123656 0.556363 0.1237 0.549091 0.13017 0.547866 0.122 0.538888 0.13017 0.547866 0.1237 0.549091 0.122 0.538888 0.1237 0.549091 0.119449 0.543777 0.139689 0.547912 0.1396059 0.561741 0.1300899 0.561127 0.139689 0.547912 0.1300899 0.561127 0.13017 0.547866 0.130355 0.53799 0.139689 0.547912 0.13017 0.547866 0.123616 0.56302 0.123645 0.558198 0.123656 0.556363 0.1460739 0.556627 0.146063 0.558491 0.146035 0.563117 0.130355 0.53799 0.1396239 0.538051 0.139689 0.547912 0.1396239 0.538051 0.130355 0.53799 0.130582 0.528365 0.1396239 0.538051 0.130582 0.528365 0.139601 0.528443 0.57852 0.346094 0.563557 0.509533 0.549504 0.50699 0.598873 0.374525 0.563557 0.509533 0.57852 0.346094 0.598873 0.374525 0.582464 0.509622 0.563557 0.509533 0.643002 0.415249 0.582464 0.509622 0.598873 0.374525 0.643002 0.415249 0.631944 0.508757 0.582464 0.509622 0.645764 0.266493 0.598873 0.374525 0.57852 0.346094 0.673389 0.340836 0.598873 0.374525 0.645764 0.266493 0.673389 0.340836 0.643002 0.415249 0.598873 0.374525 0.696793 0.406009 0.643002 0.415249 0.673389 0.340836 0.696793 0.406009 0.677943 0.451918 0.643002 0.415249 0.677943 0.451918 0.631944 0.508757 0.643002 0.415249 0.677943 0.451918 0.670974 0.50934 0.631944 0.508757 0.715832 0.300304 0.645764 0.266493 0.720168 0.2145079 0.715832 0.300304 0.673389 0.340836 0.645764 0.266493 0.712334 0.380668 0.673389 0.340836 0.715832 0.300304 0.712334 0.380668 0.696793 0.406009 0.673389 0.340836 0.712334 0.452396 0.696793 0.406009 0.712334 0.380668 0.712334 0.452396 0.677943 0.451918 0.696793 0.406009 0.677943 0.451918 0.712334 0.452396 0.712334 0.50934 0.677943 0.451918 0.712334 0.50934 0.670974 0.50934 0.712334 0.50934 0.677562 0.567615 0.670974 0.50934 0.631944 0.508757 0.670974 0.50934 0.677562 0.567615 0.631944 0.508757 0.677562 0.567615 0.643155 0.605539 0.582464 0.509622 0.631944 0.508757 0.643155 0.605539 0.582464 0.509622 0.643155 0.605539 0.604266 0.644913 0.604266 0.644913 0.563557 0.509533 0.582464 0.509622 0.604266 0.644913 0.585688 0.676596 0.563557 0.509533 0.585688 0.676596 0.549504 0.50699 0.563557 0.509533 0.585688 0.676596 0.573701 0.700021 0.549504 0.50699 0.631605 0.79814 0.573701 0.700021 0.585688 0.676596 0.643744 0.752436 0.631605 0.79814 0.585688 0.676596 0.643744 0.752436 0.585688 0.676596 0.604266 0.644913 0.604266 0.644913 0.672875 0.679218 0.643744 0.752436 0.604266 0.644913 0.643155 0.605539 0.672875 0.679218 0.643155 0.605539 0.696108 0.614488 0.672875 0.679218 0.643155 0.605539 0.677562 0.567615 0.696108 0.614488 0.696108 0.614488 0.677562 0.567615 0.712334 0.568284 0.712334 0.50934 0.712334 0.568284 0.677562 0.567615 0.744642 0.810851 0.76622 0.81573 0.76622 0.82014 0.427205 0.807077 0.448862 0.786589 0.423024 0.796371 0.409458 0.830219 0.427205 0.807077 0.423024 0.796371 0.427205 0.807077 0.409458 0.830219 0.407691 0.892487 0.409458 0.830219 0.399793 0.892487 0.407691 0.892487 0.399793 0.892487 0.408401 0.955385 0.407691 0.892487 0.42575 0.979468 0.407691 0.892487 0.408401 0.955385 0.42575 0.979468 0.448862 0.98452 0.407691 0.892487 0.42575 0.979468 0.448862 0.989516 0.448862 0.98452 0.409458 0.830219 0.423024 0.796371 0.395698 0.822186 0.395698 0.822186 0.385999 0.831661 0.409458 0.830219 0.399793 0.892487 0.409458 0.830219 0.385999 0.831661 0.399793 0.892487 0.385999 0.831661 0.383035 0.86726 0.383035 0.86726 0.382941 0.878286 0.399793 0.892487 0.399793 0.892487 0.382941 0.878286 0.382625 0.915701 0.399793 0.892487 0.382625 0.915701 0.384986 0.951428 0.399793 0.892487 0.384986 0.951428 0.408401 0.955385 0.408401 0.955385 0.384986 0.951428 0.394522 0.961501 0.408401 0.955385 0.394522 0.961501 0.421402 0.988649 0.408401 0.955385 0.421402 0.988649 0.42575 0.979468 0.42575 0.979468 0.421402 0.988649 0.448862 1 0.42575 0.979468 0.448862 1 0.448862 0.989516 0.448862 1 0.472975 0.980484 0.448862 0.989516 0.448862 0.989516 0.472975 0.980484 0.448862 0.98452 0.492091 0.957204 0.448862 0.98452 0.472975 0.980484 0.492091 0.957204 0.492015 0.892487 0.448862 0.98452 0.492091 0.957204 0.503179 0.892487 0.492015 0.892487 0.448862 1 0.477599 0.99009 0.472975 0.980484 0.477599 0.99009 0.492091 0.957204 0.472975 0.980484 0.477599 0.99009 0.500359 0.964074 0.492091 0.957204 0.492091 0.957204 0.500359 0.964074 0.511809 0.918837 0.492091 0.957204 0.511809 0.918837 0.503179 0.892487 0.511809 0.918837 0.512138 0.879889 0.503179 0.892487 0.503179 0.892487 0.512138 0.879889 0.512218 0.870396 0.492015 0.892487 0.503179 0.892487 0.493147 0.832038 0.512218 0.870396 0.493147 0.832038 0.503179 0.892487 0.512218 0.870396 0.501535 0.824759 0.493147 0.832038 0.493147 0.832038 0.501535 0.824759 0.479221 0.797812 0.493147 0.832038 0.479221 0.797812 0.474429 0.808093 0.474429 0.808093 0.479221 0.797812 0.448862 0.786589 0.474429 0.808093 0.448862 0.786589 0.448862 0.79822 0.427205 0.807077 0.448862 0.79822 0.448862 0.786589 0.448862 0.79822 0.427205 0.807077 0.448862 0.808965 0.427205 0.807077 0.407691 0.892487 0.448862 0.808965 0.448862 0.808965 0.407691 0.892487 0.448862 0.892487 0.407691 0.892487 0.448862 0.98452 0.448862 0.892487 0.448862 0.892487 0.448862 0.98452 0.492015 0.892487 0.448862 0.892487 0.492015 0.892487 0.448862 0.808965 0.448862 0.808965 0.492015 0.892487 0.493147 0.832038 0.448862 0.808965 0.493147 0.832038 0.474429 0.808093 0.448862 0.808965 0.474429 0.808093 0.448862 0.79822 0.28543 0.81338 0.294849 0.794263 0.308095 0.811784 0.294849 0.794263 0.308095 0.787741 0.308095 0.811784 0.308095 0.787741 0.323961 0.792562 0.308095 0.811784 0.323961 0.792562 0.333592 0.809241 0.308095 0.811784 0.333592 0.809241 0.327298 0.825981 0.308095 0.811784 0.327298 0.825981 0.31109 0.835903 0.308095 0.811784 0.31109 0.835903 0.296075 0.830223 0.308095 0.811784 0.296075 0.830223 0.28543 0.81338 0.308095 0.811784 0.101708 0.578456 0.101716 0.569204 0.107002 0.569204 0.101708 0.578456 0.107002 0.569204 0.1069959 0.578456 0.112599 0.569204 0.1069959 0.578456 0.107002 0.569204 0.112599 0.569204 0.112595 0.578456 0.1069959 0.578456 0.112599 0.569204 0.120162 0.578456 0.112595 0.578456 0.112599 0.569204 0.120341 0.569204 0.120162 0.578456 0.120162 0.578456 0.120341 0.569204 0.122336 0.569204 0.120162 0.578456 0.122336 0.569204 0.122126 0.578456 0.122126 0.578456 0.122336 0.569204 0.122336 0.569204 0.122126 0.578456 0.122336 0.569204 0.122126 0.578456 0.1273249 0.578456 0.122126 0.578456 0.122126 0.578456 0.1273249 0.578456 0.122126 0.578456 0.1273249 0.578456 0.1273249 0.578456 0.1273249 0.578456 0.127327 0.569204 0.1273249 0.578456 0.127327 0.569204 0.127327 0.569204 0.127327 0.569204 0.127327 0.569204 0.122336 0.569204 0.127327 0.569204 0.122336 0.569204 0.122336 0.569204 0.72022 0.445885 0.757726 0.493817 0.72022 0.49427 0.72022 0.445885 0.757726 0.445885 0.757726 0.493817 0.72022 0.366751 0.757726 0.445885 0.72022 0.445885 0.72022 0.366751 0.757726 0.366751 0.757726 0.445885 0.72022 0.366751 0.756007 0.289027 0.757726 0.366751 0.72022 0.366751 0.722812 0.289027 0.756007 0.289027 0.720168 0.2145079 0.756007 0.289027 0.722812 0.289027 0.720168 0.2145079 0.758804 0.2145079 0.756007 0.289027 0.716721 0.159165 0.758804 0.2145079 0.720168 0.2145079 0.716721 0.159165 0.763592 0.160659 0.758804 0.2145079 0.764613 0.130227 0.763592 0.160659 0.716721 0.159165 0.764613 0.130227 0.716721 0.159165 0.71553 0.128733 0.25311 0.214016 0.176373 0.342054 0.237357 0.342271 0.25311 0.214016 0.1471329 0.214016 0.176373 0.342054 0.109247 0.307243 0.176373 0.342054 0.1471329 0.214016 0.109247 0.307243 0.159364 0.385521 0.176373 0.342054 0.104904 0.335581 0.159364 0.385521 0.109247 0.307243 0.104904 0.335581 0.1481429 0.400858 0.159364 0.385521 0.1323429 0.406454 0.1481429 0.400858 0.104904 0.335581 0.1323429 0.406454 0.104904 0.335581 0.1051959 0.359151 0.1323429 0.406454 0.1051959 0.359151 0.111159 0.385177 0.1323429 0.406454 0.111159 0.385177 0.1185899 0.397426 0.72022 0.574252 0.757726 0.586745 0.72022 0.59156 0.72022 0.574252 0.757726 0.574252 0.757726 0.586745 0.72022 0.50934 0.757726 0.574252 0.72022 0.574252 0.72022 0.50934 0.757726 0.50934 0.757726 0.574252 0.72022 0.50934 0.757726 0.493817 0.757726 0.50934 0.72022 0.50934 0.72022 0.49427 0.757726 0.493817 0.322801 0.214016 0.317806 0.342437 0.3401 0.342292 0.322801 0.214016 0.307666 0.214016 0.317806 0.342437 0.307666 0.214016 0.290502 0.342619 0.317806 0.342437 0.307666 0.214016 0.288629 0.214016 0.290502 0.342619 0.269326 0.214016 0.290502 0.342619 0.288629 0.214016 0.269326 0.214016 0.262345 0.342432 0.290502 0.342619 0.25311 0.214016 0.262345 0.342432 0.269326 0.214016 0.25311 0.214016 0.237357 0.342271 0.262345 0.342432 0.965345 0.732159 0.911341 0.897785 0.89345 0.839268 0.988614 0.509455 0.965345 0.732159 0.942824 0.708834 0.965345 0.732159 0.89345 0.839268 0.942824 0.708834 0.942824 0.708834 0.89345 0.839268 0.877974 0.803683 0.82269 0.849262 0.877974 0.803683 0.89345 0.839268 0.82269 0.849262 0.79156 0.902348 0.791133 0.89116 0.82269 0.849262 0.89345 0.839268 0.79156 0.902348 0.89345 0.839268 0.786812 0.924571 0.79156 0.902348 0.786812 0.924571 0.89345 0.839268 0.911341 0.897785 0.786812 0.924571 0.911341 0.897785 0.801522 0.978674 0.801522 0.978674 0.788086 0.978514 0.786812 0.924571 0.905484 0.112999 0.87731 0.19438 0.885248 0.04050797 0.969497 0.315706 0.87731 0.19438 0.905484 0.112999 0.969497 0.315706 0.953565 0.330964 0.87731 0.19438 0.988614 0.509455 0.953565 0.330964 0.969497 0.315706 0.988614 0.509455 0.968285 0.50699 0.953565 0.330964 0.988614 0.509455 0.942824 0.708834 0.968285 0.50699 0.968285 0.50699 0.942824 0.708834 0.924732 0.684387 0.942824 0.708834 0.877974 0.803683 0.924732 0.684387 0.924732 0.684387 0.877974 0.803683 0.858532 0.758259 0.82269 0.849262 0.858532 0.758259 0.877974 0.803683 0.82269 0.849262 0.788719 0.8259 0.858532 0.758259 0.788719 0.8259 0.82269 0.849262 0.811718 0.853671 0.788719 0.8259 0.811718 0.853671 0.789975 0.838306 0.811718 0.853671 0.7883 0.849801 0.789975 0.838306 0.811718 0.853671 0.799117 0.858568 0.7883 0.849801 0.811718 0.853671 0.791414 0.878378 0.799117 0.858568 0.811718 0.853671 0.791133 0.89116 0.791414 0.878378 0.82269 0.849262 0.791133 0.89116 0.811718 0.853671 0.40184 0.352139 0.322801 0.214016 0.3401 0.342292 0.40184 0.352139 0.428605 0.214016 0.322801 0.214016 0.467092 0.314395 0.428605 0.214016 0.40184 0.352139 0.467092 0.314395 0.40184 0.352139 0.418901 0.390868 0.418901 0.390868 0.471242 0.337375 0.467092 0.314395 0.418901 0.390868 0.429934 0.405851 0.471242 0.337375 0.471242 0.337375 0.429934 0.405851 0.44473 0.408046 0.471242 0.337375 0.44473 0.408046 0.470672 0.359198 0.44473 0.408046 0.463095 0.385282 0.470672 0.359198 0.44473 0.408046 0.456014 0.398567 0.463095 0.385282 0.111631 0.383141 0.105447 0.339903 0.109981 0.311624 0.111631 0.383141 0.105539 0.357197 0.105447 0.339903 0.173958 0.34831 0.238147 0.209506 0.233497 0.342283 0.173958 0.34831 0.145861 0.213074 0.238147 0.209506 0.109981 0.311624 0.145861 0.213074 0.173958 0.34831 0.109981 0.311624 0.173958 0.34831 0.158389 0.3859 0.111631 0.383141 0.109981 0.311624 0.158389 0.3859 0.111631 0.383141 0.158389 0.3859 0.14724 0.401847 0.111631 0.383141 0.14724 0.401847 0.133113 0.404688 0.111631 0.383141 0.133113 0.404688 0.119117 0.396034 0.08136898 0.31175 0.064125 0.358747 0.07362496 0.312209 0.08136898 0.31175 0.06977796 0.371344 0.064125 0.358747 0.06977796 0.371344 0.05473595 0.370564 0.064125 0.358747 0.06977796 0.371344 0.05444896 0.387034 0.05473595 0.370564 0.04226595 0.375423 0.05473595 0.370564 0.05444896 0.387034 0.04226595 0.375423 0.05444896 0.387034 0.04226595 0.389499 0.030083 0.387033 0.04226595 0.375423 0.04226595 0.389499 0.030083 0.387033 0.02998596 0.370925 0.04226595 0.375423 0.01475495 0.371342 0.02998596 0.370925 0.030083 0.387033 0.01475495 0.371342 0.02126199 0.360141 0.02998596 0.370925 0.003164947 0.311747 0.02126199 0.360141 0.01475495 0.371342 0.003164947 0.311747 0.01168197 0.312253 0.02126199 0.360141 0.464013 0.383141 0.470197 0.339903 0.470106 0.357197 0.464013 0.383141 0.465663 0.311624 0.470197 0.339903 0.337497 0.209506 0.401687 0.34831 0.342148 0.342283 0.337497 0.209506 0.429783 0.213074 0.401687 0.34831 0.401687 0.34831 0.429783 0.213074 0.465663 0.311624 0.401687 0.34831 0.465663 0.311624 0.417255 0.3859 0.464013 0.383141 0.417255 0.3859 0.465663 0.311624 0.464013 0.383141 0.428405 0.401847 0.417255 0.3859 0.464013 0.383141 0.442531 0.404688 0.428405 0.401847 0.464013 0.383141 0.456527 0.396034 0.442531 0.404688 0.300944 0 0.316246 0.04150295 0.300944 0.04150295 0.300944 0 0.316246 0 0.316246 0.04150295 0.316246 0 0.33155 0.04150295 0.316246 0.04150295 0.316246 0 0.33155 0 0.33155 0.04150295 0.33155 0 0.346853 0.04150295 0.33155 0.04150295 0.33155 0 0.346853 0 0.346853 0.04150295 0.346853 0 0.362156 0.04150295 0.346853 0.04150295 0.346853 0 0.362156 0 0.362156 0.04150295 0.377459 0 0.362156 0.04150295 0.362156 0 0.377459 0 0.377459 0.04150295 0.362156 0.04150295 0.17852 0 0.163217 0.04150295 0.163217 0 0.17852 0 0.17852 0.04150295 0.163217 0.04150295 0.193822 0 0.17852 0.04150295 0.17852 0 0.193822 0 0.193822 0.04150295 0.17852 0.04150295 0.209125 0 0.193822 0.04150295 0.193822 0 0.209125 0 0.209125 0.04150295 0.193822 0.04150295 0.2244279 0 0.209125 0.04150295 0.209125 0 0.2244279 0 0.2244279 0.04150295 0.209125 0.04150295 0.239732 0 0.2244279 0.04150295 0.2244279 0 0.239732 0 0.239732 0.04150295 0.2244279 0.04150295 0.255035 0 0.239732 0.04150295 0.239732 0 0.255035 0 0.255035 0.04150295 0.239732 0.04150295 0.270337 0 0.255035 0.04150295 0.255035 0 0.270337 0 0.270337 0.04150295 0.255035 0.04150295 0.285641 0 0.270337 0.04150295 0.270337 0 0.285641 0 0.285641 0.04150295 0.270337 0.04150295 0.300944 0 0.285641 0.04150295 0.285641 0 0.300944 0 0.300944 0.04150295 0.285641 0.04150295 0.224511 0.863544 0.207421 0.854751 0.207421 0.822135 0.2140409 0.905649 0.207421 0.854751 0.224511 0.863544 0.2140409 0.905649 0.200114 0.884136 0.207421 0.854751 0.195173 0.934788 0.200114 0.884136 0.2140409 0.905649 0.195173 0.934788 0.186947 0.904472 0.200114 0.884136 0.195173 0.934788 0.170526 0.911731 0.186947 0.904472 0.195173 0.934788 0.171645 0.945189 0.170526 0.911731 0.171645 0.945189 0.154107 0.904472 0.170526 0.911731 0.171645 0.945189 0.148117 0.934788 0.154107 0.904472 0.129249 0.905649 0.154107 0.904472 0.148117 0.934788 0.129249 0.905649 0.1409389 0.884136 0.154107 0.904472 0.118778 0.863543 0.1409389 0.884136 0.129249 0.905649 0.118778 0.863543 0.133631 0.854751 0.1409389 0.884136 0.118778 0.816808 0.133631 0.854751 0.118778 0.863543 0.118778 0.816808 0.133631 0.822135 0.133631 0.854751 0.118778 0.816808 0.1409389 0.79275 0.133631 0.822135 0.118778 0.816808 0.129249 0.774702 0.1409389 0.79275 0.129249 0.774702 0.154107 0.772414 0.1409389 0.79275 0.129249 0.774702 0.148117 0.745563 0.154107 0.772414 0.148117 0.745563 0.170526 0.765157 0.154107 0.772414 0.148117 0.745563 0.171645 0.735165 0.170526 0.765157 0.171645 0.735165 0.186947 0.772414 0.170526 0.765157 0.171645 0.735165 0.195173 0.745563 0.186947 0.772414 0.2140409 0.774702 0.186947 0.772414 0.195173 0.745563 0.2140409 0.774702 0.200114 0.79275 0.186947 0.772414 0.224511 0.816808 0.200114 0.79275 0.2140409 0.774702 0.224511 0.816808 0.207421 0.822135 0.200114 0.79275 0.224511 0.863544 0.207421 0.822135 0.224511 0.816808 0.080886 0.115278 0.07237595 0.117235 0.06056499 0.02627599 0.080886 0.115278 0.06056499 0.02627599 0.06729698 0.02098196 0.05381196 0.006411969 0.06729698 0.02098196 0.06056499 0.02627599 0.05381196 0.006411969 0.06056499 0.02627599 0.05245399 0.020271 0.05381196 0.006411969 0.05245399 0.020271 0.04227 0.016559 0.05381196 0.006411969 0.04227 0.016559 0.04227 0.003956973 0.04227 0.016559 0.03072696 0.006410956 0.04227 0.003956973 0.04227 0.016559 0.03187596 0.01813399 0.03072696 0.006410956 0.02451795 0.02565097 0.03072696 0.006410956 0.03187596 0.01813399 0.02451795 0.02565097 0.01724195 0.02098 0.03072696 0.006410956 0.02451795 0.02565097 0.003650963 0.115275 0.01724195 0.02098 0.02451795 0.02565097 0.01272296 0.117362 0.003650963 0.115275 0.251053 0.875274 0.224511 0.863544 0.224511 0.816808 0.235326 0.938519 0.224511 0.863544 0.251053 0.875274 0.235326 0.938519 0.2140409 0.905649 0.224511 0.863544 0.235326 0.938519 0.195173 0.934788 0.2140409 0.905649 0.235326 0.938519 0.206986 0.982288 0.195173 0.934788 0.206986 0.982288 0.171645 0.945189 0.195173 0.934788 0.206986 0.982288 0.171645 0.99791 0.171645 0.945189 0.171645 0.99791 0.148117 0.934788 0.171645 0.945189 0.171645 0.99791 0.136305 0.982287 0.148117 0.934788 0.107964 0.938519 0.148117 0.934788 0.136305 0.982287 0.107964 0.938519 0.129249 0.905649 0.148117 0.934788 0.107964 0.938519 0.118778 0.863543 0.129249 0.905649 0.107964 0.938519 0.09223699 0.875274 0.118778 0.863543 0.09223699 0.875274 0.118778 0.816808 0.118778 0.863543 0.09223699 0.875274 0.09223699 0.805075 0.118778 0.816808 0.107964 0.741831 0.118778 0.816808 0.09223699 0.805075 0.107964 0.741831 0.129249 0.774702 0.118778 0.816808 0.136305 0.698063 0.129249 0.774702 0.107964 0.741831 0.136305 0.698063 0.148117 0.745563 0.129249 0.774702 0.171645 0.682443 0.148117 0.745563 0.136305 0.698063 0.171645 0.682443 0.171645 0.735165 0.148117 0.745563 0.171645 0.682443 0.195173 0.745563 0.171645 0.735165 0.171645 0.682443 0.206986 0.698062 0.195173 0.745563 0.235326 0.741831 0.195173 0.745563 0.206986 0.698062 0.235326 0.741831 0.2140409 0.774702 0.195173 0.745563 0.235326 0.741831 0.224511 0.816808 0.2140409 0.774702 0.235326 0.741831 0.251053 0.805075 0.224511 0.816808 0.251053 0.875274 0.224511 0.816808 0.251053 0.805075 0.310323 0.340874 0.337497 0.209506 0.342148 0.342283 0.310323 0.340874 0.309152 0.208415 0.337497 0.209506 0.287822 0.340433 0.309152 0.208415 0.310323 0.340874 0.287822 0.340433 0.287822 0.20851 0.309152 0.208415 0.287822 0.340433 0.266492 0.208415 0.287822 0.20851 0.287822 0.340433 0.265322 0.340874 0.266492 0.208415 0.238147 0.209506 0.266492 0.208415 0.265322 0.340874 0.238147 0.209506 0.265322 0.340874 0.233497 0.342283 0.360775 0.741222 0.333845 0.641325 0.351455 0.634671 0.360775 0.741222 0.333845 0.745903 0.333845 0.641325 0.360775 0.741222 0.383762 0.783384 0.353637 0.783384 0.360775 0.741222 0.386167 0.739538 0.383762 0.783384 0.413374 0.737733 0.383762 0.783384 0.386167 0.739538 0.413374 0.737733 0.416043 0.783384 0.383762 0.783384 0.41816 0.642458 0.442116 0.736156 0.413374 0.737733 0.41816 0.642458 0.442116 0.646306 0.442116 0.736156 0.41816 0.642458 0.386167 0.739538 0.413374 0.737733 0.41816 0.642458 0.383656 0.63843 0.386167 0.739538 0.383656 0.63843 0.360775 0.741222 0.386167 0.739538 0.383656 0.63843 0.351455 0.634671 0.360775 0.741222 0.351455 0.634671 0.384181 0.59659 0.352249 0.59659 0.351455 0.634671 0.383656 0.63843 0.384181 0.59659 0.383656 0.63843 0.418397 0.59659 0.384181 0.59659 0.383656 0.63843 0.41816 0.642458 0.418397 0.59659 0.360775 0.741222 0.333845 0.641325 0.333845 0.745903 0.360775 0.741222 0.351455 0.634671 0.333845 0.641325 0.41816 0.642458 0.442116 0.736156 0.442116 0.646306 0.41816 0.642458 0.413374 0.737733 0.442116 0.736156 0.03373199 0.876606 0.02263897 0.893898 0.03074496 0.899834 0.03373199 0.876606 0.02947098 0.873602 0.02263897 0.893898 0.02947098 0.873602 0.01363694 0.863611 0.02263897 0.893898 0.02947098 0.873602 0.02305299 0.847998 0.01363694 0.863611 0.02305299 0.847998 5.64e-4 0.831219 0.01363694 0.863611 0.02305299 0.847998 0.01299399 0.818111 5.64e-4 0.831219 0.40519 0.526767 0.415822 0.508416 0.41344 0.531905 0.40519 0.526767 0.411488 0.505831 0.415822 0.508416 0.142915 0.671491 0.122156 0.597135 0.143344 0.597135 0.142915 0.671491 0.122121 0.671491 0.122156 0.597135 0.122156 0.597135 0.122121 0.671491 0.101467 0.671491 0.122156 0.597135 0.101467 0.671491 0.10106 0.597135 0.101467 0.671491 0.08063095 0.597135 0.10106 0.597135 0.101467 0.671491 0.081263 0.671491 0.08063095 0.597135 0.081263 0.671491 0.05990499 0.597135 0.08063095 0.597135 0.081263 0.671491 0.06051498 0.671491 0.05990499 0.597135 0.06051498 0.671491 0.040012 0.597135 0.05990499 0.597135 0.06051498 0.671491 0.04041898 0.671491 0.040012 0.597135 0.02048099 0.597135 0.040012 0.597135 0.04041898 0.671491 0.02048099 0.597135 0.04041898 0.671491 0.02072095 0.671491 0.00109297 0.597135 0.02048099 0.597135 0.02072095 0.671491 0.00109297 0.597135 0.02072095 0.671491 0.001432955 0.671491 0.327175 0.671491 0.308315 0.597135 0.327396 0.597135 0.327175 0.671491 0.308 0.671491 0.308315 0.597135 0.308 0.671491 0.288292 0.597135 0.308315 0.597135 0.308 0.671491 0.288323 0.671491 0.288292 0.597135 0.268425 0.671491 0.288292 0.597135 0.288323 0.671491 0.268425 0.671491 0.267936 0.597135 0.288292 0.597135 0.248463 0.671491 0.267936 0.597135 0.268425 0.671491 0.248463 0.671491 0.247745 0.597135 0.267936 0.597135 0.227455 0.671491 0.247745 0.597135 0.248463 0.671491 0.227455 0.671491 0.226828 0.597135 0.247745 0.597135 0.20636 0.671491 0.226828 0.597135 0.227455 0.671491 0.20636 0.671491 0.206151 0.597135 0.226828 0.597135 0.206151 0.597135 0.20636 0.671491 0.185119 0.671491 0.206151 0.597135 0.185119 0.671491 0.185377 0.597135 0.185377 0.597135 0.185119 0.671491 0.163591 0.671491 0.185377 0.597135 0.163591 0.671491 0.164094 0.597135 0.164094 0.597135 0.163591 0.671491 0.142915 0.671491 0.164094 0.597135 0.142915 0.671491 0.143344 0.597135 0.154107 0.904472 0.1409389 0.884136 0.170526 0.838443 0.1409389 0.884136 0.133631 0.854751 0.170526 0.838443 0.133631 0.854751 0.133631 0.822135 0.170526 0.838443 0.133631 0.822135 0.1409389 0.79275 0.170526 0.838443 0.1409389 0.79275 0.154107 0.772414 0.170526 0.838443 0.154107 0.772414 0.170526 0.765157 0.170526 0.838443 0.170526 0.765157 0.186947 0.772414 0.170526 0.838443 0.186947 0.772414 0.200114 0.79275 0.170526 0.838443 0.200114 0.79275 0.207421 0.822135 0.170526 0.838443 0.207421 0.822135 0.207421 0.854751 0.170526 0.838443 0.207421 0.854751 0.200114 0.884136 0.170526 0.838443 0.200114 0.884136 0.186947 0.904472 0.170526 0.838443 0.186947 0.904472 0.170526 0.911731 0.170526 0.838443 0.170526 0.911731 0.154107 0.904472 0.170526 0.838443 0.383656 0.63843 0.360775 0.741222 0.351455 0.634671 0.383656 0.63843 0.386167 0.739538 0.360775 0.741222 0.41816 0.642458 0.386167 0.739538 0.383656 0.63843 0.41816 0.642458 0.413374 0.737733 0.386167 0.739538 0.05307495 0.217431 0.06538796 0.216035 0.06000298 0.227759 0.05307495 0.217431 0.05591499 0.203408 0.06538796 0.216035 0.05307495 0.217431 0.04409295 0.198658 0.05588299 0.203395 0.05307495 0.217431 0.04408597 0.21343 0.04409295 0.198658 0.03272294 0.2179329 0.04407596 0.1986899 0.04408597 0.21343 0.03272294 0.2179329 0.02914196 0.203941 0.04407596 0.1986899 0.03272294 0.2179329 0.01831597 0.2180449 0.02912896 0.2039459 0.03272294 0.2179329 0.02489095 0.229277 0.01831597 0.2180449 0.02032995 0.244369 0.01827597 0.218042 0.02489095 0.229277 0.02032995 0.244369 0.01157099 0.237847 0.01827597 0.218042 0.065472 0.24263 0.06544899 0.216021 0.07339996 0.235103 0.065472 0.24263 0.06000298 0.227759 0.06544899 0.216021 0.06680196 0.278778 0.07686996 0.262201 0.07537096 0.285123 0.06680196 0.278778 0.06767898 0.262198 0.07686996 0.262201 0.065472 0.24263 0.07686996 0.262201 0.06767898 0.262198 0.065472 0.24263 0.07341796 0.2351469 0.07686996 0.262201 0.06680196 0.278778 0.06921899 0.304572 0.06273198 0.29355 0.06680196 0.278778 0.075356 0.285168 0.06921899 0.304572 0.05521994 0.305499 0.06914997 0.304569 0.05877196 0.319323 0.05521994 0.305499 0.06273198 0.29355 0.06914997 0.304569 0.05521994 0.305499 0.04402995 0.325805 0.04403799 0.311024 0.05521994 0.305499 0.05873197 0.319341 0.04402995 0.325805 0.03477799 0.307764 0.044016 0.325776 0.03191697 0.321949 0.03477799 0.307764 0.04403799 0.311024 0.044016 0.325776 0.03477799 0.307764 0.02199095 0.309754 0.02750694 0.297801 0.03477799 0.307764 0.03190594 0.321946 0.02199095 0.309754 0.02187198 0.283696 0.02195596 0.309763 0.01374995 0.291385 0.02187198 0.283696 0.02750694 0.297801 0.02195596 0.309763 0.02032995 0.244369 0.009764969 0.262175 0.01156097 0.237877 0.02032995 0.244369 0.01918596 0.262179 0.009764969 0.262175 0.02187198 0.283696 0.009764969 0.262175 0.01918596 0.262179 0.02187198 0.283696 0.01373797 0.291357 0.009764969 0.262175 0.384181 0.59659 0.351455 0.634671 0.352249 0.59659 0.384181 0.59659 0.383656 0.63843 0.351455 0.634671 0.418397 0.59659 0.383656 0.63843 0.384181 0.59659 0.418397 0.59659 0.41816 0.642458 0.383656 0.63843 0.323017 0.953075 0.309018 0.957702 0.300367 0.945589 0.323017 0.953075 0.300367 0.945589 0.309019 0.933476 0.323017 0.953075 0.309019 0.933476 0.323017 0.938103 0.306396 0.925256 0.323017 0.938103 0.309019 0.933476 0.306396 0.925256 0.329975 0.933049 0.323017 0.938103 0.329975 0.933049 0.323017 0.953075 0.323017 0.938103 0.329975 0.933049 0.329975 0.958269 0.323017 0.953075 0.306396 0.966063 0.323017 0.953075 0.329975 0.958269 0.306396 0.966063 0.309018 0.957702 0.323017 0.953075 0.291823 0.945659 0.309018 0.957702 0.306396 0.966063 0.291823 0.945659 0.300367 0.945589 0.309018 0.957702 0.306396 0.925256 0.300367 0.945589 0.291823 0.945659 0.306396 0.925256 0.309019 0.933476 0.300367 0.945589 0.207421 0.822135 0.207421 0.854751 0.224511 0.863544 0.207421 0.854751 0.2140409 0.905649 0.224511 0.863544 0.207421 0.854751 0.200114 0.884136 0.2140409 0.905649 0.2140409 0.905649 0.200114 0.884136 0.186947 0.904472 0.2140409 0.905649 0.186947 0.904472 0.195173 0.934788 0.186947 0.904472 0.171645 0.945189 0.195173 0.934788 0.186947 0.904472 0.170526 0.911731 0.171645 0.945189 0.171645 0.945189 0.170526 0.911731 0.154107 0.904472 0.171645 0.945189 0.154107 0.904472 0.148117 0.934788 0.154107 0.904472 0.129249 0.905649 0.148117 0.934788 0.154107 0.904472 0.1409389 0.884136 0.129249 0.905649 0.129249 0.905649 0.1409389 0.884136 0.133631 0.854751 0.129249 0.905649 0.133631 0.854751 0.118778 0.863543 0.133631 0.854751 0.118778 0.816808 0.118778 0.863543 0.133631 0.854751 0.133631 0.822135 0.118778 0.816808 0.118778 0.816808 0.133631 0.822135 0.1409389 0.79275 0.118778 0.816808 0.1409389 0.79275 0.129249 0.774702 0.129249 0.774702 0.1409389 0.79275 0.154107 0.772414 0.129249 0.774702 0.154107 0.772414 0.148117 0.745563 0.148117 0.745563 0.154107 0.772414 0.170526 0.765157 0.148117 0.745563 0.170526 0.765157 0.171645 0.735165 0.171645 0.735165 0.170526 0.765157 0.186947 0.772414 0.171645 0.735165 0.186947 0.772414 0.195173 0.745563 0.186947 0.772414 0.2140409 0.774702 0.195173 0.745563 0.186947 0.772414 0.200114 0.79275 0.2140409 0.774702 0.200114 0.79275 0.224511 0.816808 0.2140409 0.774702 0.200114 0.79275 0.207421 0.822135 0.224511 0.816808 0.207421 0.822135 0.224511 0.863544 0.224511 0.816808 0.70183 0.977699 0.770438 0.993634 0.697776 0.99139 0.70183 0.977699 0.769999 0.978514 0.770438 0.993634 0.770438 0.993634 0.788525 0.992295 0.697776 0.99139 0.770438 0.993634 0.778836 0.992295 0.788525 0.992295 0.788086 0.978514 0.778836 0.992295 0.778396 0.978514 0.788086 0.978514 0.788525 0.992295 0.778836 0.992295 0.781011 0.01737397 0.773182 0.007073998 0.782871 0.007073998 0.781011 0.01737397 0.771322 0.01737397 0.773182 0.007073998 0.7827 0.130227 0.771989 0.160659 0.77301 0.130227 0.7827 0.130227 0.781679 0.160659 0.771989 0.160659 0.776891 0.2145079 0.771989 0.160659 0.781679 0.160659 0.776891 0.2145079 0.767202 0.2145079 0.771989 0.160659 0.776891 0.2145079 0.764405 0.289027 0.767202 0.2145079 0.776891 0.2145079 0.774094 0.289027 0.764405 0.289027 0.775813 0.366751 0.764405 0.289027 0.774094 0.289027 0.775813 0.366751 0.766124 0.366751 0.764405 0.289027 0.224511 0.816808 0.224511 0.863544 0.251053 0.875274 0.224511 0.863544 0.235326 0.938519 0.251053 0.875274 0.224511 0.863544 0.2140409 0.905649 0.235326 0.938519 0.235326 0.938519 0.2140409 0.905649 0.195173 0.934788 0.235326 0.938519 0.195173 0.934788 0.206986 0.982288 0.206986 0.982288 0.195173 0.934788 0.171645 0.945189 0.206986 0.982288 0.171645 0.945189 0.171645 0.99791 0.171645 0.99791 0.171645 0.945189 0.148117 0.934788 0.171645 0.99791 0.148117 0.934788 0.136305 0.982287 0.148117 0.934788 0.107964 0.938519 0.136305 0.982287 0.148117 0.934788 0.129249 0.905649 0.107964 0.938519 0.107964 0.938519 0.129249 0.905649 0.118778 0.863543 0.107964 0.938519 0.118778 0.863543 0.09223699 0.875274 0.09223699 0.875274 0.118778 0.863543 0.118778 0.816808 0.09223699 0.875274 0.118778 0.816808 0.09223699 0.805075 0.118778 0.816808 0.107964 0.741831 0.09223699 0.805075 0.118778 0.816808 0.129249 0.774702 0.107964 0.741831 0.129249 0.774702 0.136305 0.698063 0.107964 0.741831 0.129249 0.774702 0.148117 0.745563 0.136305 0.698063 0.148117 0.745563 0.171645 0.682443 0.136305 0.698063 0.148117 0.745563 0.171645 0.735165 0.171645 0.682443 0.171645 0.682443 0.171645 0.735165 0.195173 0.745563 0.171645 0.682443 0.195173 0.745563 0.206986 0.698062 0.195173 0.745563 0.235326 0.741831 0.206986 0.698062 0.195173 0.745563 0.2140409 0.774702 0.235326 0.741831 0.235326 0.741831 0.2140409 0.774702 0.224511 0.816808 0.235326 0.741831 0.224511 0.816808 0.251053 0.805075 0.224511 0.816808 0.251053 0.875274 0.251053 0.805075 0.762924 0.01737397 0.71553 0.128733 0.705859 0.015531 0.762924 0.01737397 0.764613 0.130227 0.71553 0.128733 0.7827 0.130227 0.771322 0.01737397 0.781011 0.01737397 0.7827 0.130227 0.77301 0.130227 0.771322 0.01737397 0.710754 0.924571 0.76622 0.978514 0.70183 0.977699 0.710754 0.924571 0.76622 0.924571 0.76622 0.978514 0.788086 0.978514 0.777123 0.924571 0.786812 0.924571 0.788086 0.978514 0.778396 0.978514 0.777123 0.924571 0.775813 0.494305 0.766124 0.50934 0.766124 0.494102 0.775813 0.494305 0.775813 0.50934 0.766124 0.50934 0.775813 0.574252 0.766124 0.50934 0.775813 0.50934 0.775813 0.574252 0.766124 0.574252 0.766124 0.50934 0.775813 0.58658 0.766124 0.574252 0.775813 0.574252 0.775813 0.58658 0.766124 0.587528 0.766124 0.574252 0.154107 0.904472 0.170526 0.838443 0.1409389 0.884136 0.1409389 0.884136 0.170526 0.838443 0.133631 0.854751 0.133631 0.854751 0.170526 0.838443 0.133631 0.822135 0.133631 0.822135 0.170526 0.838443 0.1409389 0.79275 0.1409389 0.79275 0.170526 0.838443 0.154107 0.772414 0.154107 0.772414 0.170526 0.838443 0.170526 0.765157 0.170526 0.765157 0.170526 0.838443 0.186947 0.772414 0.186947 0.772414 0.170526 0.838443 0.200114 0.79275 0.200114 0.79275 0.170526 0.838443 0.207421 0.822135 0.207421 0.822135 0.170526 0.838443 0.207421 0.854751 0.207421 0.854751 0.170526 0.838443 0.200114 0.884136 0.200114 0.884136 0.170526 0.838443 0.186947 0.904472 0.186947 0.904472 0.170526 0.838443 0.170526 0.911731 0.170526 0.911731 0.170526 0.838443 0.154107 0.904472 0.705859 0.015531 0.764784 0.007073998 0.762924 0.01737397 0.705859 0.015531 0.703081 0.005167961 0.764784 0.007073998 0.782871 0.007073998 0.764784 0.007073998 0.703081 0.005167961 0.782871 0.007073998 0.773182 0.007073998 0.764784 0.007073998 0.522819 0.129024 0.540349 0.133372 0.53357 0.169263 0.522819 0.129024 0.53357 0.169263 0.51806 0.1686699 0.50285 0.165576 0.522819 0.129024 0.51806 0.1686699 0.50285 0.165576 0.504758 0.1291 0.522819 0.129024 0.498527 0.202998 0.50285 0.165576 0.51806 0.1686699 0.50285 0.165576 0.498527 0.202998 0.487778 0.188729 0.50285 0.165576 0.487778 0.188729 0.483404 0.163691 0.484984 0.1322759 0.50285 0.165576 0.483404 0.163691 0.484984 0.1322759 0.504758 0.1291 0.50285 0.165576 0.504758 0.1291 0.484984 0.1322759 0.492617 0.101023 0.504758 0.1291 0.492617 0.101023 0.507259 0.09146195 0.507259 0.09146195 0.522819 0.129024 0.504758 0.1291 0.507259 0.09146195 0.527713 0.08825099 0.522819 0.129024 0.546826 0.09621196 0.522819 0.129024 0.527713 0.08825099 0.546826 0.09621196 0.540349 0.133372 0.522819 0.129024 0.540349 0.133372 0.546826 0.09621196 0.558789 0.108966 0.540349 0.133372 0.558789 0.108966 0.558808 0.141137 0.558808 0.141137 0.53357 0.169263 0.540349 0.133372 0.558808 0.141137 0.552908 0.172034 0.53357 0.169263 0.53357 0.169263 0.552908 0.172034 0.542734 0.195326 0.53357 0.169263 0.542734 0.195326 0.528914 0.206645 0.528914 0.206645 0.51806 0.1686699 0.53357 0.169263 0.528914 0.206645 0.513193 0.209214 0.51806 0.1686699 0.498527 0.202998 0.51806 0.1686699 0.513193 0.209214 0.79156 0.902348 0.777123 0.924571 0.788772 0.924571 0.778396 0.978514 0.788772 0.924571 0.777123 0.924571 0.778396 0.978514 0.769999 0.978514 0.788772 0.924571 0.778396 0.978514 0.770438 0.993634 0.769999 0.978514 0.778396 0.978514 0.778836 0.992295 0.770438 0.993634 0.158535 0.569204 0.1641319 0.569204 0.164138 0.578456 0.158535 0.569204 0.164138 0.578456 0.1585389 0.578456 0.150849 0.578456 0.158535 0.569204 0.1585389 0.578456 0.150849 0.578456 0.150669 0.569204 0.158535 0.569204 0.150849 0.578456 0.148698 0.569204 0.150669 0.569204 0.150849 0.578456 0.148908 0.578456 0.148698 0.569204 0.766124 0.50934 0.757726 0.574252 0.757726 0.50934 0.766124 0.50934 0.766124 0.574252 0.757726 0.574252 0.766124 0.574252 0.757726 0.586745 0.757726 0.574252 0.766124 0.574252 0.766124 0.587528 0.757726 0.586745 0.757726 0.586745 0.766124 0.587528 0.766124 0.653074 0.757726 0.586745 0.766124 0.653074 0.757726 0.653074 0.766124 0.653074 0.760789 0.721822 0.757726 0.653074 0.766124 0.653074 0.769186 0.721822 0.760789 0.721822 0.7751 0.810851 0.760789 0.721822 0.769186 0.721822 0.7751 0.810851 0.76622 0.810851 0.760789 0.721822 0.7751 0.810851 0.767544 0.826251 0.76622 0.810851 0.7751 0.810851 0.775227 0.8259 0.767544 0.826251 0.771322 0.01737397 0.764784 0.007073998 0.773182 0.007073998 0.771322 0.01737397 0.762924 0.01737397 0.764784 0.007073998 0.771322 0.01737397 0.764613 0.130227 0.762924 0.01737397 0.771322 0.01737397 0.77301 0.130227 0.764613 0.130227 0.771989 0.160659 0.764613 0.130227 0.77301 0.130227 0.771989 0.160659 0.763592 0.160659 0.764613 0.130227 0.767202 0.2145079 0.763592 0.160659 0.771989 0.160659 0.767202 0.2145079 0.758804 0.2145079 0.763592 0.160659 0.767202 0.2145079 0.756007 0.289027 0.758804 0.2145079 0.767202 0.2145079 0.764405 0.289027 0.756007 0.289027 0.766124 0.366751 0.756007 0.289027 0.764405 0.289027 0.766124 0.366751 0.757726 0.366751 0.756007 0.289027 0.766124 0.366751 0.757726 0.445885 0.757726 0.366751 0.766124 0.366751 0.766124 0.445885 0.757726 0.445885 0.766124 0.494102 0.757726 0.445885 0.766124 0.445885 0.766124 0.494102 0.757726 0.493817 0.757726 0.445885 0.766124 0.50934 0.757726 0.493817 0.766124 0.494102 0.766124 0.50934 0.757726 0.50934 0.757726 0.493817 0.782871 0.007073998 0.79717 0.01789599 0.781011 0.01737397 0.782871 0.007073998 0.801054 0.007635951 0.79717 0.01789599 0.801054 0.007635951 0.885248 0.04050797 0.79717 0.01789599 0.801054 0.007635951 0.892198 0.02978795 0.885248 0.04050797 0.905484 0.112999 0.885248 0.04050797 0.892198 0.02978795 0.905484 0.112999 0.892198 0.02978795 0.912713 0.103699 0.912713 0.103699 0.969497 0.315706 0.905484 0.112999 0.912713 0.103699 0.978617 0.311957 0.969497 0.315706 0.978617 0.311957 0.988614 0.509455 0.969497 0.315706 0.978617 0.311957 1 0.509804 0.988614 0.509455 1 0.509804 0.965345 0.732159 0.988614 0.509455 1 0.509804 0.976143 0.740987 0.965345 0.732159 0.976143 0.740987 0.911341 0.897785 0.965345 0.732159 0.976143 0.740987 0.918359 0.911689 0.911341 0.897785 0.806235 0.992516 0.911341 0.897785 0.918359 0.911689 0.806235 0.992516 0.801522 0.978674 0.911341 0.897785 0.788525 0.992295 0.801522 0.978674 0.806235 0.992516 0.788525 0.992295 0.788086 0.978514 0.801522 0.978674 0.360775 0.741222 0.353637 0.783384 0.383762 0.783384 0.360775 0.741222 0.383762 0.783384 0.386167 0.739538 0.383762 0.783384 0.413374 0.737733 0.386167 0.739538 0.383762 0.783384 0.416043 0.783384 0.413374 0.737733 0.697776 0.99139 0.606567 0.890841 0.70183 0.977699 0.697776 0.99139 0.600225 0.904596 0.606567 0.890841 0.543938 0.7312 0.606567 0.890841 0.600225 0.904596 0.543938 0.7312 0.553826 0.722634 0.606567 0.890841 0.522281 0.509804 0.553826 0.722634 0.543938 0.7312 0.522281 0.509804 0.53249 0.509455 0.553826 0.722634 0.53249 0.509455 0.522281 0.509804 0.546413 0.302171 0.53249 0.509455 0.546413 0.302171 0.554239 0.306092 0.604577 0.09660595 0.554239 0.306092 0.546413 0.302171 0.604577 0.09660595 0.610711 0.106055 0.554239 0.306092 0.626163 0.02367597 0.610711 0.106055 0.604577 0.09660595 0.626163 0.02367597 0.631988 0.03455895 0.610711 0.106055 0.705859 0.015531 0.631988 0.03455895 0.626163 0.02367597 0.705859 0.015531 0.626163 0.02367597 0.703081 0.005167961 0.285279 0.130245 0.28491 0.050924 0.296466 0.05311 0.28491 0.050924 0.285279 0.130245 0.270258 0.128048 0.28491 0.050924 0.270258 0.128048 0.270258 0.04852098 0.270258 0.128048 0.255607 0.050924 0.270258 0.04852098 0.270258 0.128048 0.255238 0.130245 0.255607 0.050924 0.244051 0.05311 0.255607 0.050924 0.255238 0.130245 0.231522 0.05870199 0.234411 0.137567 0.211889 0.169389 0.231522 0.05870199 0.244051 0.05311 0.234411 0.137567 0.244051 0.05311 0.255238 0.130245 0.234411 0.137567 0.234411 0.137567 0.255238 0.130245 0.25518 0.1455039 0.270258 0.128048 0.25518 0.1455039 0.255238 0.130245 0.270258 0.128048 0.26162 0.155185 0.25518 0.1455039 0.270258 0.128048 0.270258 0.168909 0.26162 0.155185 0.270258 0.128048 0.278577 0.155145 0.270258 0.168909 0.270258 0.128048 0.285337 0.1455039 0.278577 0.155145 0.270258 0.128048 0.285279 0.130245 0.285337 0.1455039 0.306105 0.137567 0.285337 0.1455039 0.285279 0.130245 0.285279 0.130245 0.296466 0.05311 0.306105 0.137567 0.306105 0.137567 0.296466 0.05311 0.308995 0.05870199 0.306105 0.137567 0.308995 0.05870199 0.328628 0.169389 0.323017 0.953075 0.309018 0.957702 0.300367 0.945589 0.323017 0.953075 0.300367 0.945589 0.309019 0.933476 0.323017 0.953075 0.309019 0.933476 0.323017 0.938103 0.306396 0.925256 0.323017 0.938103 0.309019 0.933476 0.306396 0.925256 0.329975 0.933049 0.323017 0.938103 0.329975 0.933049 0.323017 0.953075 0.323017 0.938103 0.329975 0.933049 0.329975 0.958269 0.323017 0.953075 0.306396 0.966063 0.323017 0.953075 0.329975 0.958269 0.306396 0.966063 0.309018 0.957702 0.323017 0.953075 0.291823 0.945659 0.309018 0.957702 0.306396 0.966063 0.291823 0.945659 0.300367 0.945589 0.309018 0.957702 0.306396 0.925256 0.300367 0.945589 0.291823 0.945659 0.306396 0.925256 0.309019 0.933476 0.300367 0.945589 0.314781 0.585541 0.316236 0.456973 0.256451 0.459688 0.314781 0.585541 0.256451 0.459688 0.256338 0.585541 0.176418 0.460045 0.256338 0.585541 0.256451 0.459688 0.176418 0.460045 0.175715 0.585541 0.256338 0.585541 0.176418 0.460045 0.09667998 0.585541 0.175715 0.585541 0.176418 0.460045 0.09667998 0.456418 0.09667998 0.585541 0.300367 0.945589 0.309019 0.933476 0.323017 0.938103 0.300367 0.945589 0.323017 0.938103 0.323017 0.953075 0.300367 0.945589 0.323017 0.953075 0.309018 0.957702 0.306396 0.966063 0.309018 0.957702 0.323017 0.953075 0.291823 0.945659 0.309018 0.957702 0.306396 0.966063 0.291823 0.945659 0.300367 0.945589 0.309018 0.957702 0.306396 0.925256 0.300367 0.945589 0.291823 0.945659 0.306396 0.925256 0.309019 0.933476 0.300367 0.945589 0.306396 0.925256 0.323017 0.938103 0.309019 0.933476 0.306396 0.925256 0.329975 0.933049 0.323017 0.938103 0.329975 0.933049 0.323017 0.953075 0.323017 0.938103 0.329975 0.933049 0.329975 0.958269 0.323017 0.953075 0.306396 0.966063 0.323017 0.953075 0.329975 0.958269 0.395416 0.497397 0.411488 0.505831 0.40519 0.526767 0.395416 0.497397 0.404415 0.480884 0.411488 0.505831 0.381521 0.46632 0.404415 0.480884 0.395416 0.497397 0.381521 0.46632 0.393596 0.452016 0.404415 0.480884 0.323017 0.938103 0.323017 0.953075 0.309018 0.957702 0.323017 0.938103 0.309018 0.957702 0.300367 0.945589 0.323017 0.938103 0.300367 0.945589 0.309019 0.933476 0.306396 0.925256 0.309019 0.933476 0.300367 0.945589 0.306396 0.925256 0.323017 0.938103 0.309019 0.933476 0.306396 0.925256 0.329975 0.933049 0.323017 0.938103 0.329975 0.933049 0.323017 0.953075 0.323017 0.938103 0.329975 0.933049 0.329975 0.958269 0.323017 0.953075 0.306396 0.966063 0.323017 0.953075 0.329975 0.958269 0.306396 0.966063 0.309018 0.957702 0.323017 0.953075 0.291823 0.945659 0.309018 0.957702 0.306396 0.966063 0.291823 0.945659 0.300367 0.945589 0.309018 0.957702 0.306396 0.925256 0.300367 0.945589 0.291823 0.945659 0.323017 0.938103 0.323017 0.953075 0.309018 0.957702 0.323017 0.938103 0.309018 0.957702 0.300367 0.945589 0.323017 0.938103 0.300367 0.945589 0.309019 0.933476 0.306396 0.925256 0.309019 0.933476 0.300367 0.945589 0.306396 0.925256 0.323017 0.938103 0.309019 0.933476 0.306396 0.925256 0.329975 0.933049 0.323017 0.938103 0.329975 0.933049 0.323017 0.953075 0.323017 0.938103 0.329975 0.933049 0.329975 0.958269 0.323017 0.953075 0.306396 0.966063 0.323017 0.953075 0.329975 0.958269 0.306396 0.966063 0.309018 0.957702 0.323017 0.953075 0.291823 0.945659 0.309018 0.957702 0.306396 0.966063 0.291823 0.945659 0.300367 0.945589 0.309018 0.957702 0.306396 0.925256 0.300367 0.945589 0.291823 0.945659 0.323017 0.938103 0.323017 0.953075 0.309018 0.957702 0.323017 0.938103 0.309018 0.957702 0.300367 0.945589 0.323017 0.938103 0.300367 0.945589 0.309019 0.933476 0.306396 0.925256 0.309019 0.933476 0.300367 0.945589 0.306396 0.925256 0.323017 0.938103 0.309019 0.933476 0.306396 0.925256 0.329975 0.933049 0.323017 0.938103 0.329975 0.933049 0.323017 0.953075 0.323017 0.938103 0.329975 0.933049 0.329975 0.958269 0.323017 0.953075 0.306396 0.966063 0.323017 0.953075 0.329975 0.958269 0.306396 0.966063 0.309018 0.957702 0.323017 0.953075 0.291823 0.945659 0.309018 0.957702 0.306396 0.966063 0.291823 0.945659 0.300367 0.945589 0.309018 0.957702 0.306396 0.925256 0.300367 0.945589 0.291823 0.945659 0.323017 0.953075 0.309018 0.957702 0.300367 0.945589 0.323017 0.953075 0.300367 0.945589 0.309019 0.933476 0.323017 0.953075 0.309019 0.933476 0.323017 0.938103 0.306396 0.925256 0.323017 0.938103 0.309019 0.933476 0.306396 0.925256 0.329975 0.933049 0.323017 0.938103 0.329975 0.933049 0.323017 0.953075 0.323017 0.938103 0.329975 0.933049 0.329975 0.958269 0.323017 0.953075 0.306396 0.966063 0.323017 0.953075 0.329975 0.958269 0.306396 0.966063 0.309018 0.957702 0.323017 0.953075 0.291823 0.945659 0.309018 0.957702 0.306396 0.966063 0.291823 0.945659 0.300367 0.945589 0.309018 0.957702 0.306396 0.925256 0.300367 0.945589 0.291823 0.945659 0.306396 0.925256 0.309019 0.933476 0.300367 0.945589 0.775813 0.445885 0.766124 0.366751 0.775813 0.366751 0.775813 0.445885 0.766124 0.445885 0.766124 0.366751 0.775813 0.445885 0.766124 0.494102 0.766124 0.445885 0.775813 0.445885 0.775813 0.494305 0.766124 0.494102 0.323017 0.938103 0.323017 0.953075 0.309018 0.957702 0.323017 0.938103 0.309018 0.957702 0.300367 0.945589 0.323017 0.938103 0.300367 0.945589 0.309019 0.933476 0.306396 0.925256 0.309019 0.933476 0.300367 0.945589 0.306396 0.925256 0.323017 0.938103 0.309019 0.933476 0.306396 0.925256 0.329975 0.933049 0.323017 0.938103 0.329975 0.933049 0.323017 0.953075 0.323017 0.938103 0.329975 0.933049 0.329975 0.958269 0.323017 0.953075 0.306396 0.966063 0.323017 0.953075 0.329975 0.958269 0.306396 0.966063 0.309018 0.957702 0.323017 0.953075 0.291823 0.945659 0.309018 0.957702 0.306396 0.966063 0.291823 0.945659 0.300367 0.945589 0.309018 0.957702 0.306396 0.925256 0.300367 0.945589 0.291823 0.945659 0.323017 0.938103 0.323017 0.953075 0.309018 0.957702 0.323017 0.938103 0.309018 0.957702 0.300367 0.945589 0.323017 0.938103 0.300367 0.945589 0.309019 0.933476 0.306396 0.925256 0.309019 0.933476 0.300367 0.945589 0.306396 0.925256 0.323017 0.938103 0.309019 0.933476 0.306396 0.925256 0.329975 0.933049 0.323017 0.938103 0.329975 0.933049 0.323017 0.953075 0.323017 0.938103 0.329975 0.933049 0.329975 0.958269 0.323017 0.953075 0.306396 0.966063 0.323017 0.953075 0.329975 0.958269 0.306396 0.966063 0.309018 0.957702 0.323017 0.953075 0.291823 0.945659 0.309018 0.957702 0.306396 0.966063 0.291823 0.945659 0.300367 0.945589 0.309018 0.957702 0.306396 0.925256 0.300367 0.945589 0.291823 0.945659 0.323017 0.938103 0.323017 0.953075 0.309018 0.957702 0.323017 0.938103 0.309018 0.957702 0.300367 0.945589 0.323017 0.938103 0.300367 0.945589 0.309019 0.933476 0.306396 0.925256 0.309019 0.933476 0.300367 0.945589 0.306396 0.925256 0.323017 0.938103 0.309019 0.933476 0.306396 0.925256 0.329975 0.933049 0.323017 0.938103 0.329975 0.933049 0.323017 0.953075 0.323017 0.938103 0.329975 0.933049 0.329975 0.958269 0.323017 0.953075 0.306396 0.966063 0.323017 0.953075 0.329975 0.958269 0.306396 0.966063 0.309018 0.957702 0.323017 0.953075 0.291823 0.945659 0.309018 0.957702 0.306396 0.966063 0.291823 0.945659 0.300367 0.945589 0.309018 0.957702 0.306396 0.925256 0.300367 0.945589 0.291823 0.945659 0.715832 0.300304 0.720168 0.2145079 0.722812 0.289027 0.715832 0.300304 0.722812 0.289027 0.72022 0.366751 0.715832 0.300304 0.72022 0.366751 0.712334 0.380668 0.712334 0.380668 0.72022 0.366751 0.72022 0.445885 0.712334 0.380668 0.72022 0.445885 0.712334 0.452396 0.72022 0.49427 0.712334 0.452396 0.72022 0.445885 0.72022 0.49427 0.712334 0.50934 0.712334 0.452396 0.72022 0.50934 0.712334 0.50934 0.72022 0.49427 0.712334 0.50934 0.72022 0.50934 0.72022 0.574252 0.712334 0.50934 0.72022 0.574252 0.712334 0.568284 0.72022 0.574252 0.72022 0.59156 0.712334 0.568284 0.712334 0.640637 0.712334 0.568284 0.72022 0.59156 0.712334 0.640637 0.72022 0.59156 0.72022 0.653074 0.716664 0.721822 0.712334 0.640637 0.72022 0.653074 0.775813 0.653074 0.766124 0.587528 0.775813 0.58658 0.775813 0.653074 0.766124 0.653074 0.766124 0.587528 0.778875 0.721822 0.766124 0.653074 0.775813 0.653074 0.778875 0.721822 0.769186 0.721822 0.766124 0.653074 0.778875 0.721822 0.786343 0.810851 0.769186 0.721822 0.778875 0.721822 0.783294 0.810598 0.786343 0.810851 0.783294 0.810598 0.788719 0.8259 0.786343 0.810851 0.1679649 0.97013 0.13254 0.956941 0.134719 0.949718 0.13254 0.956941 0.116702 0.929892 0.134719 0.949718 0.13254 0.956941 0.113341 0.935816 0.116702 0.929892 0.09968596 0.865896 0.116702 0.929892 0.113341 0.935816 0.09968596 0.865896 0.103887 0.864274 0.116702 0.929892 0.103241 0.798447 0.103887 0.864274 0.09968596 0.865896 0.103241 0.798447 0.107224 0.800975 0.103887 0.864274 0.103241 0.798447 0.1194339 0.751575 0.107224 0.800975 0.103241 0.798447 0.116252 0.745808 0.1194339 0.751575 0.116252 0.745808 0.140712 0.726206 0.1194339 0.751575 0.116252 0.745808 0.138925 0.718775 0.140712 0.726206 0.138925 0.718775 0.1679649 0.716982 0.140712 0.726206 0.138925 0.718775 0.1679649 0.708947 0.1679649 0.716982 0.197006 0.718775 0.1679649 0.716982 0.1679649 0.708947 0.197006 0.718775 0.195219 0.726206 0.1679649 0.716982 0.2196789 0.745808 0.195219 0.726206 0.197006 0.718775 0.2196789 0.745808 0.216497 0.751575 0.195219 0.726206 0.232689 0.798447 0.216497 0.751575 0.2196789 0.745808 0.232689 0.798447 0.228707 0.800975 0.216497 0.751575 0.232689 0.798447 0.232044 0.864274 0.228707 0.800975 0.232689 0.798447 0.236245 0.865896 0.232044 0.864274 0.236245 0.865896 0.219229 0.929892 0.232044 0.864274 0.236245 0.865896 0.22259 0.935816 0.219229 0.929892 0.203391 0.956941 0.219229 0.929892 0.22259 0.935816 0.203391 0.956941 0.201211 0.949718 0.219229 0.929892 0.1679649 0.97013 0.201211 0.949718 0.203391 0.956941 0.1679649 0.97013 0.1679649 0.962095 0.201211 0.949718 0.1679649 0.97013 0.134719 0.949718 0.1679649 0.962095 0.07872796 0.284847 0.08136898 0.31175 0.07362496 0.312209 0.07872796 0.284847 0.08414798 0.284162 0.08136898 0.31175 0.08130997 0.269155 0.08414798 0.284162 0.07872796 0.284847 0.08130997 0.269155 0.084535 0.268698 0.08414798 0.284162 0.08130997 0.269155 0.08411997 0.252883 0.084535 0.268698 0.08130997 0.269155 0.080136 0.252088 0.08411997 0.252883 0.080136 0.252088 0.08381497 0.236623 0.08411997 0.252883 0.080136 0.252088 0.07935297 0.235927 0.08381497 0.236623 0.07935297 0.235927 0.08373898 0.225461 0.08381497 0.236623 0.07935297 0.235927 0.07916796 0.224907 0.08373898 0.225461 0.07916796 0.224907 0.08390796 0.209188 0.08373898 0.225461 0.07916796 0.224907 0.07686996 0.208759 0.08390796 0.209188 0.07686996 0.208759 0.08419001 0.199324 0.08390796 0.209188 0.07686996 0.208759 0.07597696 0.199138 0.08419001 0.199324 0.07597696 0.199138 0.084239 0.1823959 0.08419001 0.199324 0.07597696 0.199138 0.07525497 0.1827369 0.084239 0.1823959 0.07525497 0.1827369 0.080886 0.115278 0.084239 0.1823959 0.07525497 0.1827369 0.07237595 0.117235 0.080886 0.115278 0.006899952 0.284982 0.01168197 0.312253 0.003164947 0.311747 0.006899952 0.284982 0.003164947 0.311747 3.86e-4 0.284159 3.86e-4 0.284159 0.004326999 0.269308 0.006899952 0.284982 3.86e-4 0.284159 0 0.268695 0.004326999 0.269308 0 0.268695 0.004646956 0.252036 0.004326999 0.269308 0 0.268695 4.15e-4 0.25288 0.004646956 0.252036 0.004646956 0.252036 4.15e-4 0.25288 7.2e-4 0.23662 0.004646956 0.252036 7.2e-4 0.23662 0.005391955 0.235891 7.97e-4 0.225457 0.005391955 0.235891 7.2e-4 0.23662 7.97e-4 0.225457 0.005669951 0.2248679 0.005391955 0.235891 0.005669951 0.2248679 7.97e-4 0.225457 6.28e-4 0.209185 0.005669951 0.2248679 6.28e-4 0.209185 0.007772982 0.20875 3.46e-4 0.19932 0.007772982 0.20875 6.28e-4 0.209185 3.46e-4 0.19932 0.008654952 0.199133 0.007772982 0.20875 0.008654952 0.199133 3.46e-4 0.19932 2.97e-4 0.182393 0.008654952 0.199133 2.97e-4 0.182393 0.009504973 0.182743 0.009504973 0.182743 2.97e-4 0.182393 0.003650963 0.115275 0.009504973 0.182743 0.003650963 0.115275 0.01272296 0.117362 0.176418 0.460045 0.110011 0.409229 0.09667998 0.456418 0.176418 0.460045 0.1763679 0.431683 0.110011 0.409229 0.256451 0.459688 0.1763679 0.431683 0.176418 0.460045 0.256451 0.459688 0.256504 0.431077 0.1763679 0.431683 0.256504 0.431077 0.256451 0.459688 0.316236 0.456973 0.256504 0.431077 0.316236 0.456973 0.299052 0.408854 0.305456 0.388014 0.299052 0.408854 0.316236 0.456973 0.305456 0.388014 0.316236 0.456973 0.327306 0.384863 0.327306 0.384863 0.309747 0.35468 0.305456 0.388014 0.327306 0.384863 0.331924 0.360925 0.309747 0.35468 0.327306 0.384863 0.309747 0.35468 0.331924 0.360925 0.327306 0.384863 0.305456 0.388014 0.309747 0.35468 0.305456 0.388014 0.327306 0.384863 0.316236 0.456973 0.305456 0.388014 0.316236 0.456973 0.299052 0.408854 0.316236 0.456973 0.256504 0.431077 0.299052 0.408854 0.316236 0.456973 0.256451 0.459688 0.256504 0.431077 0.1763679 0.431683 0.256504 0.431077 0.256451 0.459688 0.1763679 0.431683 0.256451 0.459688 0.176418 0.460045 0.176418 0.460045 0.110011 0.409229 0.1763679 0.431683 0.176418 0.460045 0.09667998 0.456418 0.110011 0.409229 0.08486396 0.383946 0.110011 0.409229 0.09667998 0.456418 0.08486396 0.383946 0.102572 0.385978 0.110011 0.409229 0.08486396 0.383946 0.09633499 0.344728 0.102572 0.385978 0.08486396 0.383946 0.07991498 0.346163 0.09633499 0.344728 0.09633499 0.344728 0.07991498 0.346163 0.08486396 0.383946 0.09633499 0.344728 0.08486396 0.383946 0.102572 0.385978 0.110011 0.409229 0.102572 0.385978 0.08486396 0.383946 0.110011 0.409229 0.08486396 0.383946 0.09667998 0.456418 0.04949897 0.446846 0.09667998 0.585541 0.09667998 0.456418 0.04949897 0.446846 0.04949897 0.585541 0.09667998 0.585541 0.002974987 0.446846 0.04949897 0.585541 0.04949897 0.446846 0.002974987 0.446846 0.002974987 0.585541 0.04949897 0.585541 0.002974987 0.446846 0.04949897 0.585541 0.002974987 0.585541 0.002974987 0.446846 0.04949897 0.446846 0.04949897 0.585541 0.04949897 0.446846 0.09667998 0.585541 0.04949897 0.585541 0.04949897 0.446846 0.09667998 0.456418 0.09667998 0.585541 0.163217 0.04150295 0.17852 0 0.163217 0 0.163217 0.04150295 0.17852 0.04150295 0.17852 0 0.17852 0.04150295 0.193822 0 0.17852 0 0.17852 0.04150295 0.193822 0.04150295 0.193822 0 0.193822 0.04150295 0.209125 0 0.193822 0 0.193822 0.04150295 0.209125 0.04150295 0.209125 0 0.209125 0.04150295 0.2244279 0 0.209125 0 0.209125 0.04150295 0.2244279 0.04150295 0.2244279 0 0.2244279 0.04150295 0.239732 0 0.2244279 0 0.2244279 0.04150295 0.239732 0.04150295 0.239732 0 0.239732 0.04150295 0.255035 0 0.239732 0 0.239732 0.04150295 0.255035 0.04150295 0.255035 0 0.255035 0.04150295 0.270337 0 0.255035 0 0.255035 0.04150295 0.270337 0.04150295 0.270337 0 0.270337 0.04150295 0.285641 0 0.270337 0 0.270337 0.04150295 0.285641 0.04150295 0.285641 0 0.285641 0.04150295 0.300944 0 0.285641 0 0.285641 0.04150295 0.300944 0.04150295 0.300944 0 0.300944 0 0.300944 0.04150295 0.316246 0.04150295 0.300944 0 0.316246 0.04150295 0.316246 0 0.316246 0 0.316246 0.04150295 0.33155 0.04150295 0.316246 0 0.33155 0.04150295 0.33155 0 0.33155 0 0.33155 0.04150295 0.346853 0.04150295 0.33155 0 0.346853 0.04150295 0.346853 0 0.346853 0 0.346853 0.04150295 0.362156 0.04150295 0.346853 0 0.362156 0.04150295 0.362156 0 0.362156 0.04150295 0.377459 0 0.362156 0 0.362156 0.04150295 0.377459 0.04150295 0.377459 0 0.44479 0.676088 0.471218 0.682498 0.465424 0.737871 0.44479 0.676088 0.465424 0.737871 0.44479 0.731462 0.465424 0.737871 0.44479 0.760955 0.44479 0.731462 0.465424 0.737871 0.465079 0.767055 0.44479 0.760955 0.492198 0.737871 0.465079 0.767055 0.465424 0.737871 0.492198 0.737871 0.492945 0.767055 0.465079 0.767055 0.513163 0.760877 0.492945 0.767055 0.492198 0.737871 0.513163 0.760877 0.492198 0.737871 0.513163 0.73139 0.492198 0.737871 0.513163 0.675904 0.513163 0.73139 0.492198 0.737871 0.486739 0.682386 0.513163 0.675904 0.776891 0.2145079 0.781799 0.301504 0.774094 0.289027 0.781799 0.301504 0.775813 0.366751 0.774094 0.289027 0.781799 0.301504 0.784519 0.381973 0.775813 0.366751 0.784519 0.381973 0.775813 0.445885 0.775813 0.366751 0.784519 0.381973 0.784519 0.4537 0.775813 0.445885 0.784519 0.4537 0.775813 0.494305 0.775813 0.445885 0.784519 0.4537 0.784519 0.50934 0.775813 0.494305 0.775813 0.50934 0.775813 0.494305 0.784519 0.50934 0.784519 0.50934 0.775813 0.574252 0.775813 0.50934 0.784519 0.50934 0.784519 0.569589 0.775813 0.574252 0.775813 0.574252 0.784519 0.569589 0.775813 0.58658 0.775813 0.58658 0.784519 0.569589 0.784519 0.641942 0.775813 0.58658 0.784519 0.641942 0.775813 0.653074 0.784519 0.641942 0.778875 0.721822 0.775813 0.653074 0.309018 0.957702 0.300367 0.945589 0.309019 0.933476 0.306396 0.925256 0.309019 0.933476 0.300367 0.945589 0.306396 0.925256 0.300367 0.945589 0.291823 0.945659 0.291823 0.945659 0.300367 0.945589 0.309018 0.957702 0.291823 0.945659 0.309018 0.957702 0.306396 0.966063 0.306396 0.966063 0.309018 0.957702 0.323017 0.953075 0.306396 0.966063 0.323017 0.953075 0.329975 0.958269 0.329975 0.933049 0.329975 0.958269 0.323017 0.953075 0.329975 0.933049 0.323017 0.953075 0.323017 0.938103 0.306396 0.925256 0.329975 0.933049 0.323017 0.938103 0.306396 0.925256 0.323017 0.938103 0.309019 0.933476 0.309018 0.957702 0.309019 0.933476 0.323017 0.938103 0.309018 0.957702 0.323017 0.938103 0.323017 0.953075 0.329975 0.933049 0.329975 0.958269 0.323017 0.953075 0.306396 0.966063 0.323017 0.953075 0.329975 0.958269 0.306396 0.966063 0.309018 0.957702 0.323017 0.953075 0.291823 0.945659 0.309018 0.957702 0.306396 0.966063 0.291823 0.945659 0.300367 0.945589 0.309018 0.957702 0.306396 0.925256 0.300367 0.945589 0.291823 0.945659 0.306396 0.925256 0.309019 0.933476 0.300367 0.945589 0.306396 0.925256 0.323017 0.938103 0.309019 0.933476 0.323017 0.938103 0.300367 0.945589 0.309019 0.933476 0.323017 0.938103 0.309018 0.957702 0.300367 0.945589 0.323017 0.938103 0.323017 0.953075 0.309018 0.957702 0.329975 0.933049 0.323017 0.953075 0.323017 0.938103 0.306396 0.925256 0.329975 0.933049 0.323017 0.938103 0.309018 0.957702 0.300367 0.945589 0.309019 0.933476 0.306396 0.925256 0.309019 0.933476 0.300367 0.945589 0.306396 0.925256 0.300367 0.945589 0.291823 0.945659 0.291823 0.945659 0.300367 0.945589 0.309018 0.957702 0.291823 0.945659 0.309018 0.957702 0.306396 0.966063 0.306396 0.966063 0.309018 0.957702 0.323017 0.953075 0.306396 0.966063 0.323017 0.953075 0.329975 0.958269 0.329975 0.933049 0.329975 0.958269 0.323017 0.953075 0.329975 0.933049 0.323017 0.953075 0.323017 0.938103 0.306396 0.925256 0.329975 0.933049 0.323017 0.938103 0.306396 0.925256 0.323017 0.938103 0.309019 0.933476 0.309018 0.957702 0.309019 0.933476 0.323017 0.938103 0.309018 0.957702 0.323017 0.938103 0.323017 0.953075 0.309018 0.957702 0.300367 0.945589 0.309019 0.933476 0.306396 0.925256 0.309019 0.933476 0.300367 0.945589 0.306396 0.925256 0.300367 0.945589 0.291823 0.945659 0.291823 0.945659 0.300367 0.945589 0.309018 0.957702 0.291823 0.945659 0.309018 0.957702 0.306396 0.966063 0.306396 0.966063 0.309018 0.957702 0.323017 0.953075 0.306396 0.966063 0.323017 0.953075 0.329975 0.958269 0.329975 0.933049 0.329975 0.958269 0.323017 0.953075 0.329975 0.933049 0.323017 0.953075 0.323017 0.938103 0.306396 0.925256 0.329975 0.933049 0.323017 0.938103 0.306396 0.925256 0.323017 0.938103 0.309019 0.933476 0.309018 0.957702 0.309019 0.933476 0.323017 0.938103 0.309018 0.957702 0.323017 0.938103 0.323017 0.953075 0.309018 0.957702 0.300367 0.945589 0.309019 0.933476 0.306396 0.925256 0.309019 0.933476 0.300367 0.945589 0.306396 0.925256 0.300367 0.945589 0.291823 0.945659 0.291823 0.945659 0.300367 0.945589 0.309018 0.957702 0.291823 0.945659 0.309018 0.957702 0.306396 0.966063 0.306396 0.966063 0.309018 0.957702 0.323017 0.953075 0.306396 0.966063 0.323017 0.953075 0.329975 0.958269 0.329975 0.933049 0.329975 0.958269 0.323017 0.953075 0.329975 0.933049 0.323017 0.953075 0.323017 0.938103 0.306396 0.925256 0.329975 0.933049 0.323017 0.938103 0.306396 0.925256 0.323017 0.938103 0.309019 0.933476 0.309018 0.957702 0.309019 0.933476 0.323017 0.938103 0.309018 0.957702 0.323017 0.938103 0.323017 0.953075 0.309018 0.957702 0.300367 0.945589 0.309019 0.933476 0.306396 0.925256 0.309019 0.933476 0.300367 0.945589 0.306396 0.925256 0.300367 0.945589 0.291823 0.945659 0.291823 0.945659 0.300367 0.945589 0.309018 0.957702 0.291823 0.945659 0.309018 0.957702 0.306396 0.966063 0.306396 0.966063 0.309018 0.957702 0.323017 0.953075 0.306396 0.966063 0.323017 0.953075 0.329975 0.958269 0.329975 0.933049 0.329975 0.958269 0.323017 0.953075 0.329975 0.933049 0.323017 0.953075 0.323017 0.938103 0.306396 0.925256 0.329975 0.933049 0.323017 0.938103 0.306396 0.925256 0.323017 0.938103 0.309019 0.933476 0.309018 0.957702 0.309019 0.933476 0.323017 0.938103 0.309018 0.957702 0.323017 0.938103 0.323017 0.953075 0.309018 0.957702 0.300367 0.945589 0.309019 0.933476 0.306396 0.925256 0.309019 0.933476 0.300367 0.945589 0.306396 0.925256 0.300367 0.945589 0.291823 0.945659 0.291823 0.945659 0.300367 0.945589 0.309018 0.957702 0.291823 0.945659 0.309018 0.957702 0.306396 0.966063 0.306396 0.966063 0.309018 0.957702 0.323017 0.953075 0.306396 0.966063 0.323017 0.953075 0.329975 0.958269 0.329975 0.933049 0.329975 0.958269 0.323017 0.953075 0.329975 0.933049 0.323017 0.953075 0.323017 0.938103 0.306396 0.925256 0.329975 0.933049 0.323017 0.938103 0.306396 0.925256 0.323017 0.938103 0.309019 0.933476 0.309018 0.957702 0.309019 0.933476 0.323017 0.938103 0.309018 0.957702 0.323017 0.938103 0.323017 0.953075 0.309018 0.957702 0.300367 0.945589 0.309019 0.933476 0.306396 0.925256 0.309019 0.933476 0.300367 0.945589 0.306396 0.925256 0.300367 0.945589 0.291823 0.945659 0.291823 0.945659 0.300367 0.945589 0.309018 0.957702 0.291823 0.945659 0.309018 0.957702 0.306396 0.966063 0.306396 0.966063 0.309018 0.957702 0.323017 0.953075 0.306396 0.966063 0.323017 0.953075 0.329975 0.958269 0.329975 0.933049 0.329975 0.958269 0.323017 0.953075 0.329975 0.933049 0.323017 0.953075 0.323017 0.938103 0.306396 0.925256 0.329975 0.933049 0.323017 0.938103 0.306396 0.925256 0.323017 0.938103 0.309019 0.933476 0.309018 0.957702 0.309019 0.933476 0.323017 0.938103 0.309018 0.957702 0.323017 0.938103 0.323017 0.953075 0.309018 0.957702 0.300367 0.945589 0.309019 0.933476 0.306396 0.925256 0.309019 0.933476 0.300367 0.945589 0.306396 0.925256 0.300367 0.945589 0.291823 0.945659 0.291823 0.945659 0.300367 0.945589 0.309018 0.957702 0.291823 0.945659 0.309018 0.957702 0.306396 0.966063 0.306396 0.966063 0.309018 0.957702 0.323017 0.953075 0.306396 0.966063 0.323017 0.953075 0.329975 0.958269 0.329975 0.933049 0.329975 0.958269 0.323017 0.953075 0.329975 0.933049 0.323017 0.953075 0.323017 0.938103 0.306396 0.925256 0.329975 0.933049 0.323017 0.938103 0.306396 0.925256 0.323017 0.938103 0.309019 0.933476 0.309018 0.957702 0.309019 0.933476 0.323017 0.938103 0.309018 0.957702 0.323017 0.938103 0.323017 0.953075 0.309018 0.957702 0.300367 0.945589 0.309019 0.933476 0.306396 0.925256 0.309019 0.933476 0.300367 0.945589 0.306396 0.925256 0.300367 0.945589 0.291823 0.945659 0.291823 0.945659 0.300367 0.945589 0.309018 0.957702 0.291823 0.945659 0.309018 0.957702 0.306396 0.966063 0.306396 0.966063 0.309018 0.957702 0.323017 0.953075 0.306396 0.966063 0.323017 0.953075 0.329975 0.958269 0.329975 0.933049 0.329975 0.958269 0.323017 0.953075 0.329975 0.933049 0.323017 0.953075 0.323017 0.938103 0.306396 0.925256 0.329975 0.933049 0.323017 0.938103 0.306396 0.925256 0.323017 0.938103 0.309019 0.933476 0.309018 0.957702 0.309019 0.933476 0.323017 0.938103 0.309018 0.957702 0.323017 0.938103 0.323017 0.953075 0.309018 0.957702 0.300367 0.945589 0.309019 0.933476 0.306396 0.925256 0.309019 0.933476 0.300367 0.945589 0.306396 0.925256 0.300367 0.945589 0.291823 0.945659 0.291823 0.945659 0.300367 0.945589 0.309018 0.957702 0.291823 0.945659 0.309018 0.957702 0.306396 0.966063 0.306396 0.966063 0.309018 0.957702 0.323017 0.953075 0.306396 0.966063 0.323017 0.953075 0.329975 0.958269 0.329975 0.933049 0.329975 0.958269 0.323017 0.953075 0.329975 0.933049 0.323017 0.953075 0.323017 0.938103 0.306396 0.925256 0.329975 0.933049 0.323017 0.938103 0.306396 0.925256 0.323017 0.938103 0.309019 0.933476 0.309018 0.957702 0.309019 0.933476 0.323017 0.938103 0.309018 0.957702 0.323017 0.938103 0.323017 0.953075 0.309018 0.957702 0.300367 0.945589 0.309019 0.933476 0.306396 0.925256 0.309019 0.933476 0.300367 0.945589 0.306396 0.925256 0.300367 0.945589 0.291823 0.945659 0.291823 0.945659 0.300367 0.945589 0.309018 0.957702 0.291823 0.945659 0.309018 0.957702 0.306396 0.966063 0.306396 0.966063 0.309018 0.957702 0.323017 0.953075 0.306396 0.966063 0.323017 0.953075 0.329975 0.958269 0.329975 0.933049 0.329975 0.958269 0.323017 0.953075 0.329975 0.933049 0.323017 0.953075 0.323017 0.938103 0.306396 0.925256 0.329975 0.933049 0.323017 0.938103 0.306396 0.925256 0.323017 0.938103 0.309019 0.933476 0.309018 0.957702 0.309019 0.933476 0.323017 0.938103 0.309018 0.957702 0.323017 0.938103 0.323017 0.953075 0.309018 0.957702 0.300367 0.945589 0.309019 0.933476 0.306396 0.925256 0.309019 0.933476 0.300367 0.945589 0.306396 0.925256 0.300367 0.945589 0.291823 0.945659 0.291823 0.945659 0.300367 0.945589 0.309018 0.957702 0.291823 0.945659 0.309018 0.957702 0.306396 0.966063 0.306396 0.966063 0.309018 0.957702 0.323017 0.953075 0.306396 0.966063 0.323017 0.953075 0.329975 0.958269 0.329975 0.933049 0.329975 0.958269 0.323017 0.953075 0.329975 0.933049 0.323017 0.953075 0.323017 0.938103 0.306396 0.925256 0.329975 0.933049 0.323017 0.938103 0.306396 0.925256 0.323017 0.938103 0.309019 0.933476 0.309018 0.957702 0.309019 0.933476 0.323017 0.938103 0.309018 0.957702 0.323017 0.938103 0.323017 0.953075 0.309018 0.957702 0.300367 0.945589 0.309019 0.933476 0.306396 0.925256 0.309019 0.933476 0.300367 0.945589 0.306396 0.925256 0.300367 0.945589 0.291823 0.945659 0.291823 0.945659 0.300367 0.945589 0.309018 0.957702 0.291823 0.945659 0.309018 0.957702 0.306396 0.966063 0.306396 0.966063 0.309018 0.957702 0.323017 0.953075 0.306396 0.966063 0.323017 0.953075 0.329975 0.958269 0.329975 0.933049 0.329975 0.958269 0.323017 0.953075 0.329975 0.933049 0.323017 0.953075 0.323017 0.938103 0.306396 0.925256 0.329975 0.933049 0.323017 0.938103 0.306396 0.925256 0.323017 0.938103 0.309019 0.933476 0.309018 0.957702 0.309019 0.933476 0.323017 0.938103 0.309018 0.957702 0.323017 0.938103 0.323017 0.953075 0.309018 0.957702 0.300367 0.945589 0.309019 0.933476 0.306396 0.925256 0.309019 0.933476 0.300367 0.945589 0.306396 0.925256 0.300367 0.945589 0.291823 0.945659 0.291823 0.945659 0.300367 0.945589 0.309018 0.957702 0.291823 0.945659 0.309018 0.957702 0.306396 0.966063 0.306396 0.966063 0.309018 0.957702 0.323017 0.953075 0.306396 0.966063 0.323017 0.953075 0.329975 0.958269 0.329975 0.933049 0.329975 0.958269 0.323017 0.953075 0.329975 0.933049 0.323017 0.953075 0.323017 0.938103 0.306396 0.925256 0.329975 0.933049 0.323017 0.938103 0.306396 0.925256 0.323017 0.938103 0.309019 0.933476 0.309018 0.957702 0.309019 0.933476 0.323017 0.938103 0.309018 0.957702 0.323017 0.938103 0.323017 0.953075 0.309018 0.957702 0.300367 0.945589 0.309019 0.933476 0.306396 0.925256 0.309019 0.933476 0.300367 0.945589 0.306396 0.925256 0.300367 0.945589 0.291823 0.945659 0.291823 0.945659 0.300367 0.945589 0.309018 0.957702 0.291823 0.945659 0.309018 0.957702 0.306396 0.966063 0.306396 0.966063 0.309018 0.957702 0.323017 0.953075 0.306396 0.966063 0.323017 0.953075 0.329975 0.958269 0.329975 0.933049 0.329975 0.958269 0.323017 0.953075 0.329975 0.933049 0.323017 0.953075 0.323017 0.938103 0.306396 0.925256 0.329975 0.933049 0.323017 0.938103 0.306396 0.925256 0.323017 0.938103 0.309019 0.933476 0.309018 0.957702 0.309019 0.933476 0.323017 0.938103 0.309018 0.957702 0.323017 0.938103 0.323017 0.953075 0.309018 0.957702 0.300367 0.945589 0.309019 0.933476 0.306396 0.925256 0.309019 0.933476 0.300367 0.945589 0.306396 0.925256 0.300367 0.945589 0.291823 0.945659 0.291823 0.945659 0.300367 0.945589 0.309018 0.957702 0.291823 0.945659 0.309018 0.957702 0.306396 0.966063 0.306396 0.966063 0.309018 0.957702 0.323017 0.953075 0.306396 0.966063 0.323017 0.953075 0.329975 0.958269 0.329975 0.933049 0.329975 0.958269 0.323017 0.953075 0.329975 0.933049 0.323017 0.953075 0.323017 0.938103 0.306396 0.925256 0.329975 0.933049 0.323017 0.938103 0.306396 0.925256 0.323017 0.938103 0.309019 0.933476 0.309018 0.957702 0.309019 0.933476 0.323017 0.938103 0.309018 0.957702 0.323017 0.938103 0.323017 0.953075 0.309018 0.957702 0.300367 0.945589 0.309019 0.933476 0.306396 0.925256 0.309019 0.933476 0.300367 0.945589 0.306396 0.925256 0.300367 0.945589 0.291823 0.945659 0.291823 0.945659 0.300367 0.945589 0.309018 0.957702 0.291823 0.945659 0.309018 0.957702 0.306396 0.966063 0.306396 0.966063 0.309018 0.957702 0.323017 0.953075 0.306396 0.966063 0.323017 0.953075 0.329975 0.958269 0.329975 0.933049 0.329975 0.958269 0.323017 0.953075 0.329975 0.933049 0.323017 0.953075 0.323017 0.938103 0.306396 0.925256 0.329975 0.933049 0.323017 0.938103 0.306396 0.925256 0.323017 0.938103 0.309019 0.933476 0.309018 0.957702 0.309019 0.933476 0.323017 0.938103 0.309018 0.957702 0.323017 0.938103 0.323017 0.953075 0.309018 0.957702 0.300367 0.945589 0.309019 0.933476 0.306396 0.925256 0.309019 0.933476 0.300367 0.945589 0.306396 0.925256 0.300367 0.945589 0.291823 0.945659 0.291823 0.945659 0.300367 0.945589 0.309018 0.957702 0.291823 0.945659 0.309018 0.957702 0.306396 0.966063 0.306396 0.966063 0.309018 0.957702 0.323017 0.953075 0.306396 0.966063 0.323017 0.953075 0.329975 0.958269 0.329975 0.933049 0.329975 0.958269 0.323017 0.953075 0.329975 0.933049 0.323017 0.953075 0.323017 0.938103 0.306396 0.925256 0.329975 0.933049 0.323017 0.938103 0.306396 0.925256 0.323017 0.938103 0.309019 0.933476 0.309018 0.957702 0.309019 0.933476 0.323017 0.938103 0.309018 0.957702 0.323017 0.938103 0.323017 0.953075 0.05393797 0.279017 0.05490297 0.303861 0.05001395 0.285957 0.05393797 0.279017 0.06201899 0.292339 0.05490297 0.303861 0.05001395 0.285957 0.04413598 0.309333 0.04387396 0.289312 0.05001395 0.285957 0.05482995 0.303979 0.04413598 0.309333 0.03873997 0.287426 0.04403799 0.309382 0.03519195 0.306242 0.03873997 0.287426 0.04387396 0.289312 0.04403799 0.309382 0.03484398 0.28164 0.03509396 0.306207 0.028162 0.296553 0.03484398 0.28164 0.03873997 0.287426 0.03509396 0.306207 0.03198695 0.273846 0.02811598 0.296489 0.02278095 0.282939 0.03198695 0.273846 0.03484398 0.28164 0.02811598 0.296489 0.055893 0.270909 0.06204396 0.292243 0.05393797 0.279017 0.055893 0.270909 0.06587195 0.278089 0.06204396 0.292243 0.03063499 0.262193 0.02127897 0.2450709 0.03117698 0.252608 0.03063499 0.262193 0.02020698 0.262179 0.02127897 0.2450709 0.03063499 0.262193 0.022753 0.282867 0.02020698 0.262179 0.03063499 0.262193 0.03198695 0.273846 0.022753 0.282867 0.03117698 0.252608 0.02561599 0.2305099 0.03348296 0.244273 0.03117698 0.252608 0.02129799 0.245008 0.02561599 0.2305099 0.03348296 0.244273 0.03311794 0.219469 0.037633 0.2377679 0.03348296 0.244273 0.02566999 0.230431 0.03311794 0.219469 0.037633 0.2377679 0.04408597 0.21507 0.04390096 0.235141 0.037633 0.2377679 0.03322499 0.219426 0.04408597 0.21507 0.04884195 0.237553 0.04417097 0.215109 0.05276298 0.218973 0.04884195 0.237553 0.04390096 0.235141 0.04417097 0.215109 0.05249398 0.243598 0.05282598 0.21907 0.05940496 0.22905 0.05249398 0.243598 0.04884195 0.237553 0.05282598 0.21907 0.05523496 0.251951 0.05944395 0.2291589 0.06460899 0.243443 0.05523496 0.251951 0.05249398 0.243598 0.05944395 0.2291589 0.05624395 0.262203 0.06587499 0.278016 0.055893 0.270909 0.05624395 0.262203 0.06667995 0.262198 0.06587499 0.278016 0.05624395 0.262203 0.06461697 0.243521 0.06667995 0.262198 0.05624395 0.262203 0.05523496 0.251951 0.06461697 0.243521 0.07542896 0.95173 0.07376497 0.95671 0.08105498 0.962355 0.08117097 0.977582 0.08416199 0.976344 0.08105498 0.962355 0.08416199 0.976344 0.086681 0.97298 0.08105498 0.962355 0.086681 0.97298 0.08834397 0.968 0.08105498 0.962355 0.08834397 0.968 0.08889997 0.962163 0.08105498 0.962355 0.08889997 0.962163 0.08825999 0.956347 0.08105498 0.962355 0.08825999 0.956347 0.08652198 0.951448 0.08105498 0.962355 0.08652198 0.951448 0.08395099 0.94821 0.08105498 0.962355 0.09091895 0.942677 0.08825999 0.956347 0.09404897 0.951518 0.09091895 0.942677 0.08652198 0.951448 0.08825999 0.956347 0.08627998 0.936846 0.08652198 0.951448 0.09091895 0.942677 0.08627998 0.936846 0.08395099 0.94821 0.08652198 0.951448 0.08627998 0.936846 0.08093798 0.947128 0.08395099 0.94821 0.08395099 0.94821 0.08093798 0.947128 0.08105498 0.962355 0.08093798 0.947128 0.07794797 0.948366 0.08105498 0.962355 0.07794797 0.948366 0.07542896 0.95173 0.08105498 0.962355 0.070921 0.943216 0.07542896 0.95173 0.07794797 0.948366 0.06792098 0.952188 0.07542896 0.95173 0.070921 0.943216 0.06792098 0.952188 0.07376497 0.95671 0.07542896 0.95173 0.06691497 0.962712 0.07376497 0.95671 0.06792098 0.952188 0.06691497 0.962712 0.07321 0.962547 0.07376497 0.95671 0.07376497 0.95671 0.07321 0.962547 0.08105498 0.962355 0.07321 0.962547 0.07384896 0.968363 0.08105498 0.962355 0.07384896 0.968363 0.07558697 0.973262 0.08105498 0.962355 0.07558697 0.973262 0.07815796 0.9765 0.08105498 0.962355 0.07815796 0.9765 0.08117097 0.977582 0.08105498 0.962355 0.070921 0.943216 0.07794797 0.948366 0.075459 0.93715 0.075459 0.93715 0.07794797 0.948366 0.08093798 0.947128 0.075459 0.93715 0.08093798 0.947128 0.08085095 0.93491 0.08627998 0.936846 0.08085095 0.93491 0.08093798 0.947128 0.06691497 0.962712 0.07384896 0.968363 0.07321 0.962547 0.06691497 0.962712 0.06806099 0.973192 0.07384896 0.968363 0.06806099 0.973192 0.07558697 0.973262 0.07384896 0.968363 0.06806099 0.973192 0.07119095 0.982033 0.07558697 0.973262 0.07119095 0.982033 0.07815796 0.9765 0.07558697 0.973262 0.07119095 0.982033 0.07582998 0.987864 0.07815796 0.9765 0.07582998 0.987864 0.08117097 0.977582 0.07815796 0.9765 0.07582998 0.987864 0.08125799 0.989801 0.08117097 0.977582 0.08125799 0.989801 0.08416199 0.976344 0.08117097 0.977582 0.08125799 0.989801 0.08665096 0.987561 0.08416199 0.976344 0.08665096 0.987561 0.086681 0.97298 0.08416199 0.976344 0.08665096 0.987561 0.09118896 0.981494 0.086681 0.97298 0.09118896 0.981494 0.08834397 0.968 0.086681 0.97298 0.09118896 0.981494 0.09418898 0.972522 0.08834397 0.968 0.09418898 0.972522 0.08889997 0.962163 0.08834397 0.968 0.09418898 0.972522 0.09519499 0.961998 0.08889997 0.962163 0.09519499 0.961998 0.08825999 0.956347 0.08889997 0.962163 0.09519499 0.961998 0.09404897 0.951518 0.08825999 0.956347 0.05523496 0.251951 0.05944395 0.2291589 0.05249398 0.243598 0.05523496 0.251951 0.06460899 0.243443 0.05944395 0.2291589 0.05249398 0.243598 0.05282598 0.21907 0.04884195 0.237553 0.05249398 0.243598 0.05940496 0.22905 0.05282598 0.21907 0.04884195 0.237553 0.04417097 0.215109 0.04390096 0.235141 0.04884195 0.237553 0.05276298 0.218973 0.04417097 0.215109 0.04408597 0.21507 0.037633 0.2377679 0.04390096 0.235141 0.04408597 0.21507 0.03322499 0.219426 0.037633 0.2377679 0.03311794 0.219469 0.03348296 0.244273 0.037633 0.2377679 0.03311794 0.219469 0.02566999 0.230431 0.03348296 0.244273 0.02561599 0.2305099 0.03117698 0.252608 0.03348296 0.244273 0.02561599 0.2305099 0.02129799 0.245008 0.03117698 0.252608 0.03063499 0.262193 0.022753 0.282867 0.03198695 0.273846 0.03063499 0.262193 0.02020698 0.262179 0.022753 0.282867 0.02127897 0.2450709 0.02020698 0.262179 0.03063499 0.262193 0.02127897 0.2450709 0.03063499 0.262193 0.03117698 0.252608 0.03198695 0.273846 0.02811598 0.296489 0.03484398 0.28164 0.03198695 0.273846 0.02278095 0.282939 0.02811598 0.296489 0.03484398 0.28164 0.03509396 0.306207 0.03873997 0.287426 0.03484398 0.28164 0.028162 0.296553 0.03509396 0.306207 0.03873997 0.287426 0.04403799 0.309382 0.04387396 0.289312 0.03873997 0.287426 0.03519195 0.306242 0.04403799 0.309382 0.04413598 0.309333 0.05001395 0.285957 0.04387396 0.289312 0.04413598 0.309333 0.05482995 0.303979 0.05001395 0.285957 0.05490297 0.303861 0.05393797 0.279017 0.05001395 0.285957 0.05490297 0.303861 0.06201899 0.292339 0.05393797 0.279017 0.06204396 0.292243 0.055893 0.270909 0.05393797 0.279017 0.06204396 0.292243 0.06587195 0.278089 0.055893 0.270909 0.06587499 0.278016 0.05624395 0.262203 0.055893 0.270909 0.06587499 0.278016 0.06667995 0.262198 0.05624395 0.262203 0.05624395 0.262203 0.06667995 0.262198 0.06461697 0.243521 0.05624395 0.262203 0.06461697 0.243521 0.05523496 0.251951 0.08825999 0.956347 0.09091895 0.942677 0.09404897 0.951518 0.08825999 0.956347 0.08652198 0.951448 0.09091895 0.942677 0.08652198 0.951448 0.08627998 0.936846 0.09091895 0.942677 0.07794797 0.948366 0.07542896 0.95173 0.070921 0.943216 0.07794797 0.948366 0.070921 0.943216 0.075459 0.93715 0.08093798 0.947128 0.07794797 0.948366 0.075459 0.93715 0.08093798 0.947128 0.075459 0.93715 0.08085095 0.93491 0.08627998 0.936846 0.08093798 0.947128 0.08085095 0.93491 0.08627998 0.936846 0.08395099 0.94821 0.08093798 0.947128 0.08652198 0.951448 0.08395099 0.94821 0.08627998 0.936846 0.08652198 0.951448 0.08105498 0.962355 0.08395099 0.94821 0.08825999 0.956347 0.08105498 0.962355 0.08652198 0.951448 0.08889997 0.962163 0.08105498 0.962355 0.08825999 0.956347 0.08889997 0.962163 0.08825999 0.956347 0.09404897 0.951518 0.08889997 0.962163 0.09404897 0.951518 0.09519499 0.961998 0.09418898 0.972522 0.08889997 0.962163 0.09519499 0.961998 0.09418898 0.972522 0.08834397 0.968 0.08889997 0.962163 0.08834397 0.968 0.08105498 0.962355 0.08889997 0.962163 0.086681 0.97298 0.08105498 0.962355 0.08834397 0.968 0.08416199 0.976344 0.08105498 0.962355 0.086681 0.97298 0.08117097 0.977582 0.08105498 0.962355 0.08416199 0.976344 0.07815796 0.9765 0.08105498 0.962355 0.08117097 0.977582 0.07558697 0.973262 0.08105498 0.962355 0.07815796 0.9765 0.07384896 0.968363 0.08105498 0.962355 0.07558697 0.973262 0.07794797 0.948366 0.08105498 0.962355 0.07542896 0.95173 0.08093798 0.947128 0.08105498 0.962355 0.07794797 0.948366 0.08395099 0.94821 0.08105498 0.962355 0.08093798 0.947128 0.09118896 0.981494 0.08834397 0.968 0.09418898 0.972522 0.09118896 0.981494 0.086681 0.97298 0.08834397 0.968 0.08665096 0.987561 0.086681 0.97298 0.09118896 0.981494 0.08665096 0.987561 0.08416199 0.976344 0.086681 0.97298 0.08125799 0.989801 0.08416199 0.976344 0.08665096 0.987561 0.08125799 0.989801 0.08117097 0.977582 0.08416199 0.976344 0.07582998 0.987864 0.08117097 0.977582 0.08125799 0.989801 0.07582998 0.987864 0.07815796 0.9765 0.08117097 0.977582 0.07119095 0.982033 0.07815796 0.9765 0.07582998 0.987864 0.07119095 0.982033 0.07558697 0.973262 0.07815796 0.9765 0.06806099 0.973192 0.07558697 0.973262 0.07119095 0.982033 0.06806099 0.973192 0.07384896 0.968363 0.07558697 0.973262 0.07321 0.962547 0.07384896 0.968363 0.06806099 0.973192 0.07321 0.962547 0.08105498 0.962355 0.07384896 0.968363 0.07376497 0.95671 0.08105498 0.962355 0.07321 0.962547 0.07542896 0.95173 0.08105498 0.962355 0.07376497 0.95671 0.07542896 0.95173 0.07376497 0.95671 0.06792098 0.952188 0.07542896 0.95173 0.06792098 0.952188 0.070921 0.943216 0.06792098 0.952188 0.07376497 0.95671 0.07321 0.962547 0.06792098 0.952188 0.07321 0.962547 0.06691497 0.962712 0.07321 0.962547 0.06806099 0.973192 0.06691497 0.962712 0.93902 0.757352 0.829878 0.737618 0.93902 0.737618 0.93902 0.757352 0.829878 0.757353 0.829878 0.737618 0.420344 0.946009 0.335541 0.876944 0.420351 0.876955 0.420344 0.946009 0.335534 0.945997 0.335541 0.876944 0.420341 0.97215 0.335534 0.945997 0.420344 0.946009 0.420341 0.97215 0.335532 0.972137 0.335534 0.945997 0.05688399 0.107288 0.1416929 0.12536 0.05688399 0.12536 0.05688399 0.107288 0.141694 0.107288 0.1416929 0.12536 0.1416929 0.03128397 0.141694 0.107288 0.05688399 0.107288 0.1416929 0.03128397 0.05688399 0.107288 0.05688399 0.031277 0.141697 0.00564897 0.1416929 0.03128397 0.05688399 0.031277 0.141697 0.00564897 0.05688399 0.031277 0.05688697 0.005634963 0.810972 0.646657 0.814346 0.637274 0.800855 0.629512 0.810972 0.646657 0.800855 0.629512 0.79793 0.63887 0.810972 0.646657 0.79793 0.63887 0.79392 0.677577 0.810972 0.646657 0.79392 0.677577 0.808198 0.677858 0.79335 0.737311 0.808198 0.677858 0.79392 0.677577 0.79335 0.737311 0.807913 0.737594 0.808198 0.677858 0.79335 0.737311 0.811096 0.768853 0.807913 0.737594 0.79335 0.737311 0.798034 0.776176 0.811096 0.768853 0.811096 0.768853 0.798034 0.776176 0.800779 0.785636 0.811096 0.768853 0.800779 0.785636 0.81438 0.778288 0.632083 0.989269 0.615555 0.966547 0.615555 0.989269 0.64861 0.989269 0.632083 0.966547 0.632083 0.989269 0.632083 0.989269 0.632083 0.966547 0.615555 0.966547 0.615555 0.943826 0.615555 0.966547 0.632083 0.966547 0.665137 0.875661 0.665137 0.852939 0.64861 0.852939 0.665137 0.875661 0.64861 0.852939 0.64861 0.875661 0.665137 0.875661 0.64861 0.875661 0.64861 0.898382 0.64861 0.898382 0.64861 0.875661 0.632083 0.875661 0.64861 0.898382 0.632083 0.875661 0.632083 0.898382 0.632083 0.898382 0.632083 0.875661 0.615555 0.875661 0.632083 0.898382 0.615555 0.875661 0.615555 0.898382 0.632083 0.898382 0.615555 0.898382 0.615555 0.921104 0.632083 0.898382 0.615555 0.921104 0.632083 0.921104 0.632083 0.921104 0.615555 0.921104 0.615555 0.943826 0.632083 0.921104 0.615555 0.943826 0.632083 0.943825 0.615555 0.943826 0.632083 0.966547 0.632083 0.943825 0.632083 0.943825 0.632083 0.966547 0.64861 0.966547 0.64861 0.989269 0.64861 0.966547 0.632083 0.966547 0.64861 0.989269 0.665137 0.966547 0.64861 0.966547 0.64861 0.989269 0.665137 0.989269 0.665137 0.966547 0.665137 0.989269 0.681665 0.966547 0.665137 0.966547 0.665137 0.989269 0.681665 0.989269 0.681665 0.966547 0.681665 0.943825 0.665137 0.966547 0.681665 0.966547 0.681665 0.807496 0.665137 0.830217 0.681665 0.830217 0.665137 0.830217 0.681665 0.852939 0.681665 0.830217 0.665137 0.830217 0.665137 0.852939 0.681665 0.852939 0.681665 0.875661 0.681665 0.852939 0.665137 0.852939 0.681665 0.875661 0.665137 0.852939 0.665137 0.875661 0.681665 0.875661 0.665137 0.875661 0.665137 0.898382 0.665137 0.875661 0.64861 0.898382 0.665137 0.898382 0.665137 0.921104 0.665137 0.898382 0.64861 0.898382 0.665137 0.921104 0.64861 0.898382 0.64861 0.921104 0.64861 0.921104 0.665137 0.943825 0.665137 0.921104 0.64861 0.921104 0.64861 0.943825 0.665137 0.943825 0.665137 0.943825 0.64861 0.943825 0.64861 0.966547 0.632083 0.943825 0.64861 0.966547 0.64861 0.943825 0.64861 0.921104 0.632083 0.943825 0.64861 0.943825 0.64861 0.921104 0.632083 0.921104 0.632083 0.943825 0.64861 0.898382 0.632083 0.921104 0.64861 0.921104 0.64861 0.898382 0.632083 0.898382 0.632083 0.921104 0.681665 0.875661 0.665137 0.898382 0.681665 0.898382 0.681665 0.898382 0.665137 0.898382 0.665137 0.921104 0.681665 0.898382 0.665137 0.921104 0.681665 0.921104 0.665137 0.921104 0.681665 0.943825 0.681665 0.921104 0.665137 0.921104 0.665137 0.943825 0.681665 0.943825 0.681665 0.943825 0.665137 0.943825 0.665137 0.966547 0.665137 0.943825 0.64861 0.966547 0.665137 0.966547 0.665137 0.739331 0.64861 0.716609 0.64861 0.739331 0.64861 0.716609 0.632083 0.739331 0.64861 0.739331 0.64861 0.716609 0.632083 0.71661 0.632083 0.739331 0.632083 0.71661 0.615555 0.739331 0.632083 0.739331 0.632083 0.762053 0.632083 0.739331 0.615555 0.739331 0.632083 0.762053 0.615555 0.739331 0.615555 0.762053 0.615555 0.762053 0.632083 0.784774 0.632083 0.762053 0.64861 0.762053 0.632083 0.762053 0.632083 0.784774 0.64861 0.762053 0.632083 0.784774 0.64861 0.784774 0.665137 0.762053 0.64861 0.762053 0.64861 0.784774 0.665137 0.762053 0.64861 0.784774 0.665137 0.784774 0.665137 0.762053 0.665137 0.784774 0.681665 0.784774 0.665137 0.784774 0.681665 0.807496 0.681665 0.784774 0.665137 0.784774 0.665137 0.807496 0.681665 0.807496 0.681665 0.807496 0.665137 0.807496 0.665137 0.830217 0.665137 0.807496 0.64861 0.830218 0.665137 0.830217 0.64861 0.830218 0.665137 0.852939 0.665137 0.830217 0.64861 0.830218 0.64861 0.852939 0.665137 0.852939 0.64861 0.784774 0.665137 0.807496 0.665137 0.784774 0.632083 0.71661 0.615555 0.71661 0.615555 0.739331 0.64861 0.762053 0.632083 0.739331 0.632083 0.762053 0.64861 0.762053 0.64861 0.739331 0.632083 0.739331 0.665137 0.739331 0.64861 0.739331 0.64861 0.762053 0.665137 0.739331 0.64861 0.762053 0.665137 0.762053 0.681665 0.739331 0.665137 0.739331 0.665137 0.762053 0.681665 0.739331 0.665137 0.762053 0.681665 0.762053 0.665137 0.762053 0.681665 0.784774 0.681665 0.762053 0.632083 0.852939 0.64861 0.830218 0.632083 0.830217 0.632083 0.852939 0.64861 0.852939 0.64861 0.830218 0.665137 0.739331 0.665137 0.71661 0.64861 0.716609 0.681665 0.739331 0.665137 0.71661 0.665137 0.739331 0.681665 0.739331 0.681665 0.71661 0.665137 0.71661 0.615555 0.762053 0.615555 0.784774 0.632083 0.784774 0.632083 0.784774 0.615555 0.784774 0.615555 0.807496 0.632083 0.784774 0.615555 0.807496 0.632083 0.807496 0.64861 0.784774 0.632083 0.784774 0.632083 0.807496 0.64861 0.784774 0.632083 0.807496 0.64861 0.807496 0.64861 0.784774 0.64861 0.807496 0.665137 0.807496 0.665137 0.807496 0.64861 0.807496 0.64861 0.830218 0.632083 0.807496 0.64861 0.830218 0.64861 0.807496 0.632083 0.807496 0.632083 0.830217 0.64861 0.830218 0.615555 0.807496 0.632083 0.830217 0.632083 0.807496 0.615555 0.807496 0.615555 0.830217 0.632083 0.830217 0.615555 0.852939 0.632083 0.830217 0.615555 0.830217 0.615555 0.852939 0.632083 0.852939 0.632083 0.830217 0.632083 0.852939 0.615555 0.852939 0.615555 0.875661 0.632083 0.852939 0.615555 0.875661 0.632083 0.875661 0.64861 0.852939 0.632083 0.852939 0.632083 0.875661 0.64861 0.852939 0.632083 0.875661 0.64861 0.875661 0.654045 0.1600109 0.65404 0.024634 0.654045 0.1600109 0.654045 0.1600109 0.65404 0.024634 0.65404 0.024634 0.611462 0.160009 0.65404 0.024634 0.654045 0.1600109 0.611462 0.160009 0.611464 0.02463299 0.65404 0.024634 0.829878 0.864021 0.810824 0.825091 0.808123 0.863868 0.829878 0.864021 0.829878 0.825001 0.810824 0.825091 0.829878 0.825001 0.814648 0.813592 0.810824 0.825091 0.821505 0.808492 0.814648 0.813592 0.829878 0.825001 0.829878 0.825001 0.829878 0.806083 0.821505 0.808492 0.829878 0.806083 0.829878 0.825001 0.939021 0.825001 0.829878 0.806083 0.939021 0.825001 0.93902 0.806083 0.939021 0.825001 0.947393 0.808492 0.93902 0.806083 0.954251 0.813592 0.947393 0.808492 0.939021 0.825001 0.939021 0.825001 0.958074 0.825091 0.954251 0.813592 0.958074 0.825091 0.939021 0.825001 0.93902 0.864022 0.958074 0.825091 0.93902 0.864022 0.960776 0.863868 0.93902 0.864022 0.829878 0.864021 0.829877 0.923527 0.93902 0.864022 0.829877 0.923527 0.939021 0.923527 0.939021 0.923527 0.960776 0.863868 0.93902 0.864022 0.939021 0.923527 0.960776 0.923607 0.960776 0.863868 0.939021 0.923527 0.958074 0.962383 0.960776 0.923607 0.939021 0.923527 0.93902 0.9624 0.958074 0.962383 0.93902 0.9624 0.954251 0.973882 0.958074 0.962383 0.947393 0.978982 0.954251 0.973882 0.93902 0.9624 0.93902 0.9624 0.93902 0.981391 0.947393 0.978982 0.93902 0.9624 0.829878 0.981391 0.93902 0.981391 0.93902 0.9624 0.829878 0.9624 0.829878 0.981391 0.829878 0.9624 0.821505 0.978982 0.829878 0.981391 0.814648 0.973882 0.821505 0.978982 0.829878 0.9624 0.829878 0.9624 0.810824 0.962383 0.814648 0.973882 0.810824 0.962383 0.829878 0.9624 0.829877 0.923527 0.810824 0.962383 0.829877 0.923527 0.808123 0.923606 0.829878 0.864021 0.808123 0.923606 0.829877 0.923527 0.829878 0.864021 0.808123 0.863868 0.808123 0.923606 0.970968 0.638869 0.968043 0.629512 0.954552 0.637273 0.970968 0.638869 0.954552 0.637273 0.957926 0.646657 0.974978 0.677577 0.970968 0.638869 0.957926 0.646657 0.974978 0.677577 0.957926 0.646657 0.9607 0.677858 0.9607 0.677858 0.975548 0.73731 0.974978 0.677577 0.9607 0.677858 0.960985 0.737593 0.975548 0.73731 0.957803 0.768853 0.975548 0.73731 0.960985 0.737593 0.957803 0.768853 0.970864 0.776175 0.975548 0.73731 0.957803 0.768853 0.968119 0.785635 0.970864 0.776175 0.957803 0.768853 0.954518 0.778288 0.968119 0.785635 0.93902 0.658144 0.829878 0.677879 0.93902 0.677879 0.93902 0.658144 0.829878 0.658145 0.829878 0.677879 0.829878 0.737618 0.93902 0.757352 0.93902 0.737618 0.829878 0.737618 0.829878 0.757353 0.93902 0.757352 0.02821797 0.57803 0.02242296 0.593163 0.02310597 0.577881 0.02821797 0.57803 0.02754998 0.594185 0.02242296 0.593163 0.02242296 0.593163 0.02754998 0.594185 0.02897197 0.652164 0.02242296 0.593163 0.02897197 0.652164 0.02413398 0.651811 0.02897197 0.652164 0.02735894 0.66584 0.02413398 0.651811 0.420351 0.876955 0.335542 0.86968 0.420351 0.869688 0.420351 0.876955 0.335541 0.876944 0.335542 0.86968 0.769474 0.446559 0.769474 0.504055 0.819965 0.504055 0.769474 0.446559 0.819965 0.504055 0.819966 0.447744 0.819965 0.387879 0.769474 0.446559 0.819966 0.447744 0.819965 0.387879 0.769474 0.389063 0.769474 0.446559 0.819966 0.331567 0.769474 0.389063 0.819965 0.387879 0.819966 0.331567 0.769474 0.331566 0.769474 0.389063 0.819966 0.27407 0.769474 0.331566 0.819966 0.331567 0.819966 0.27407 0.769474 0.27407 0.769474 0.331566 0.769474 0.216574 0.769474 0.27407 0.819966 0.27407 0.769474 0.216574 0.819966 0.27407 0.819966 0.216574 0.819966 0.159077 0.769474 0.216574 0.819966 0.216574 0.819966 0.159077 0.769474 0.160262 0.769474 0.216574 0.819965 0.101581 0.769474 0.160262 0.819966 0.159077 0.819965 0.101581 0.769474 0.100398 0.769474 0.160262 0.819965 0.04408496 0.769474 0.100398 0.819965 0.101581 0.819965 0.04408496 0.769473 0.04408597 0.769474 0.100398 0.659968 0.158676 0.65404 0.024634 0.659958 0.02598899 0.659968 0.158676 0.654045 0.1600109 0.65404 0.024634 0.332499 0.14419 0.2426699 0.154927 0.2426699 0.144199 0.332499 0.14419 0.332499 0.154922 0.2426699 0.154927 0.423125 0.03840297 0.512955 0.06365895 0.423127 0.063663 0.423125 0.03840297 0.512953 0.03838598 0.512955 0.06365895 0.827986 0.594108 0.842745 0.568589 0.842745 0.594118 0.827986 0.594108 0.827986 0.568581 0.842745 0.568589 0.827986 0.556767 0.842745 0.568589 0.827986 0.568581 0.827986 0.556767 0.842745 0.556771 0.842745 0.568589 0.827986 0.546965 0.842745 0.556771 0.827986 0.556767 0.827986 0.546965 0.842745 0.546967 0.842745 0.556771 0.827986 0.536873 0.842745 0.546967 0.827986 0.546965 0.827986 0.536873 0.842745 0.536871 0.842745 0.546967 0.842745 0.536871 0.827986 0.536873 0.827986 0.511345 0.842745 0.536871 0.827986 0.511345 0.842745 0.511342 0.827986 0.511345 0.842745 0.499526 0.842745 0.511342 0.827986 0.511345 0.827986 0.49953 0.842745 0.499526 0.827986 0.49953 0.842745 0.489723 0.842745 0.499526 0.827986 0.49953 0.827986 0.489726 0.842745 0.489723 0.827986 0.479635 0.842745 0.489723 0.827986 0.489726 0.827986 0.479635 0.842745 0.479627 0.842745 0.489723 0.659958 0.02598899 0.659968 0.158676 0.659958 0.02598899 0.659958 0.02598899 0.659968 0.158676 0.659968 0.158676 0.69864 0.02340298 0.659968 0.158676 0.659958 0.02598899 0.69864 0.02340298 0.698653 0.161227 0.659968 0.158676 0.744824 0.02571195 0.698653 0.161227 0.69864 0.02340298 0.744824 0.02571195 0.744835 0.158878 0.698653 0.161227 0.940052 0.568274 0.92194 0.545906 0.939613 0.545611 0.940052 0.568274 0.922376 0.568526 0.92194 0.545906 0.958527 0.503657 0.95382 0.493558 0.974371 0.493325 0.958527 0.503657 0.974371 0.493325 0.969938 0.503528 0.98953 0.51213 0.969938 0.503528 0.974371 0.493325 0.98953 0.51213 0.977847 0.514407 0.969938 0.503528 0.977847 0.514407 0.98953 0.51213 0.989975 0.545272 0.977847 0.514407 0.989975 0.545272 0.978235 0.543262 0.978235 0.543262 0.989975 0.545272 0.975326 0.564417 0.978235 0.543262 0.975326 0.564417 0.97062 0.554318 0.959209 0.554448 0.97062 0.554318 0.975326 0.564417 0.959209 0.554448 0.975326 0.564417 0.954775 0.56465 0.954775 0.56465 0.9513 0.543568 0.959209 0.554448 0.954775 0.56465 0.939613 0.545611 0.9513 0.543568 0.939175 0.512937 0.9513 0.543568 0.939613 0.545611 0.939175 0.512937 0.939613 0.545611 0.92194 0.545906 0.939175 0.512937 0.92194 0.545906 0.921113 0.513257 0.91023 0.544255 0.921113 0.513257 0.92194 0.545906 0.91023 0.544255 0.909499 0.515408 0.921113 0.513257 0.921113 0.513257 0.909499 0.515408 0.901464 0.504612 0.939175 0.512937 0.950912 0.514714 0.9513 0.543568 0.958527 0.503657 0.950912 0.514714 0.939175 0.512937 0.958527 0.503657 0.939175 0.512937 0.95382 0.493558 0.921113 0.513257 0.938889 0.492827 0.939175 0.512937 0.921113 0.513257 0.920446 0.493194 0.938889 0.492827 0.938242 0.47366 0.938889 0.492827 0.920446 0.493194 0.938242 0.47366 0.920446 0.493194 0.920184 0.474055 0.921113 0.513257 0.901464 0.504612 0.905759 0.494406 0.901464 0.504612 0.885253 0.494846 0.905759 0.494406 0.901464 0.504612 0.890059 0.504857 0.885253 0.494846 0.890059 0.504857 0.870869 0.514334 0.885253 0.494846 0.890059 0.504857 0.88258 0.515985 0.870869 0.514334 0.871696 0.546983 0.870869 0.514334 0.88258 0.515985 0.871696 0.546983 0.88258 0.515985 0.88331 0.544832 0.88705 0.565834 0.871696 0.546983 0.88331 0.544832 0.88705 0.565834 0.88331 0.544832 0.891345 0.555628 0.90275 0.555383 0.88705 0.565834 0.891345 0.555628 0.90275 0.555383 0.907556 0.565395 0.88705 0.565834 0.91023 0.544255 0.907556 0.565395 0.90275 0.555383 0.91023 0.544255 0.92194 0.545906 0.907556 0.565395 0.872825 0.586179 0.854382 0.586587 0.853924 0.567415 0.872825 0.586179 0.853924 0.567415 0.872368 0.567046 0.871696 0.546983 0.872368 0.567046 0.853924 0.567415 0.871696 0.546983 0.853924 0.567415 0.85363 0.54707 0.853199 0.514864 0.871696 0.546983 0.85363 0.54707 0.853199 0.514864 0.870869 0.514334 0.871696 0.546983 0.853199 0.514864 0.870624 0.491712 0.870869 0.514334 0.853199 0.514864 0.852564 0.49197 0.870624 0.491712 0.744824 0.02571195 0.69864 0.02340298 0.699098 0.01058298 0.699098 0.01058298 0.69864 0.02340298 0.659958 0.02598899 0.699098 0.01058298 0.659958 0.02598899 0.654072 0.01640599 0.65404 0.024634 0.659958 0.02598899 0.65404 0.024634 0.65404 0.024634 0.659958 0.02598899 0.659958 0.02598899 0.744835 0.158878 0.69912 0.174049 0.698653 0.161227 0.69912 0.174049 0.659968 0.158676 0.698653 0.161227 0.69912 0.174049 0.65409 0.168289 0.659968 0.158676 0.654045 0.1600109 0.659968 0.158676 0.659968 0.158676 0.654045 0.1600109 0.654045 0.1600109 0.659968 0.158676 0.824731 0.036309 0.985013 0.06412696 0.840195 0.06412798 0.824731 0.036309 1 0.03630697 0.985013 0.06412696 0.824731 0.350697 0.840195 0.06412798 0.840195 0.323895 0.824731 0.350697 0.824731 0.036309 0.840195 0.06412798 0.985013 0.328696 0.824731 0.350697 0.840195 0.323895 0.985013 0.328696 1 0.356507 0.824731 0.350697 0.985013 0.06412696 1 0.356507 0.985013 0.328696 0.985013 0.06412696 1 0.03630697 1 0.356507 0.985013 0.06412696 0.840195 0.323895 0.840195 0.06412798 0.985013 0.06412696 0.985013 0.328696 0.840195 0.323895 0.72731 0.231784 0.682375 0.41171 0.682375 0.231784 0.72731 0.231784 0.72731 0.41171 0.682375 0.41171 0.607048 0.231784 0.647412 0.41171 0.607048 0.41171 0.607048 0.231784 0.647412 0.231784 0.647412 0.41171 0.682375 0.231784 0.647412 0.41171 0.647412 0.231784 0.682375 0.231784 0.682375 0.41171 0.647412 0.41171 0.682375 0.231784 0.725626 0.183717 0.72731 0.231784 0.682375 0.231784 0.685263 0.183717 0.725626 0.183717 0.72731 0.41171 0.762273 0.231784 0.762273 0.41171 0.72731 0.41171 0.72731 0.231784 0.762273 0.231784 0.682375 0.41171 0.725626 0.459777 0.685263 0.459777 0.682375 0.41171 0.72731 0.41171 0.725626 0.459777 0.611462 0.160009 0.65404 0.024634 0.611464 0.02463299 0.611462 0.160009 0.654045 0.1600109 0.65404 0.024634 0.744824 0.02571195 0.698653 0.161227 0.744835 0.158878 0.744824 0.02571195 0.69864 0.02340298 0.698653 0.161227 0.69864 0.02340298 0.659968 0.158676 0.698653 0.161227 0.69864 0.02340298 0.659958 0.02598899 0.659968 0.158676 0.659968 0.158676 0.65404 0.024634 0.654045 0.1600109 0.659968 0.158676 0.659958 0.02598899 0.65404 0.024634 0.947393 0.808492 0.954251 0.813592 0.954251 0.79327 0.947393 0.808492 0.954251 0.79327 0.947393 0.790283 0.93902 0.806083 0.947393 0.808492 0.947393 0.790283 0.93902 0.806083 0.947393 0.790283 0.93902 0.788872 0.93902 0.788872 0.829878 0.806083 0.93902 0.806083 0.93902 0.788872 0.829878 0.788872 0.829878 0.806083 0.829878 0.788872 0.821505 0.808492 0.829878 0.806083 0.829878 0.788872 0.821505 0.790283 0.821505 0.808492 0.821505 0.790283 0.814648 0.813592 0.821505 0.808492 0.821505 0.790283 0.814648 0.79327 0.814648 0.813592 0.939021 0.825001 0.829878 0.843387 0.93902 0.843387 0.939021 0.825001 0.829878 0.825001 0.829878 0.843387 0.947393 0.997192 0.95425 0.994204 0.954251 0.973882 0.947393 0.997192 0.954251 0.973882 0.947393 0.978982 0.93902 0.981391 0.947393 0.997192 0.947393 0.978982 0.93902 0.981391 0.93902 0.998603 0.947393 0.997192 0.829878 0.981391 0.93902 0.998603 0.93902 0.981391 0.829878 0.981391 0.829878 0.998603 0.93902 0.998603 0.829878 0.998603 0.829878 0.981391 0.821505 0.978982 0.829878 0.998603 0.821505 0.978982 0.821505 0.997192 0.814648 0.973882 0.821505 0.997192 0.821505 0.978982 0.814648 0.973882 0.814647 0.994204 0.821505 0.997192 0.231193 0.410897 0.14833 0.410911 0.148324 0.312279 0.15499 0.542364 0.231193 0.410897 0.231741 0.542352 0.15499 0.542364 0.231741 0.542352 0.238167 0.542351 0.231741 0.542352 0.238158 0.410896 0.238167 0.542351 0.231741 0.542352 0.231193 0.410897 0.238158 0.410896 0.231193 0.410897 0.238152 0.312265 0.238158 0.410896 0.231193 0.410897 0.148324 0.312279 0.238152 0.312265 0.148324 0.312279 0.238142 0.167088 0.238152 0.312265 0.148324 0.312279 0.1483139 0.1671 0.238142 0.167088 0.1483139 0.1671 0.23814 0.120799 0.238142 0.167088 0.1483139 0.1671 0.148311 0.120811 0.23814 0.120799 0.14831 0.08788996 0.23814 0.120799 0.148311 0.120811 0.14831 0.08788996 0.238138 0.08787697 0.23814 0.120799 0.148308 0.05672895 0.238138 0.08787697 0.14831 0.08788996 0.148308 0.05672895 0.2381359 0.05671 0.238138 0.08787697 0.1483049 0.028041 0.2381359 0.05671 0.148308 0.05672895 0.1483049 0.028041 0.238133 0.02801799 0.2381359 0.05671 0.238133 0.02801799 0.1483049 0.028041 0.148302 0.00701195 0.238133 0.02801799 0.148302 0.00701195 0.238131 0.006988942 0.15499 0.542364 0.238167 0.542351 0.238174 0.637408 0.148368 0.953956 0.238189 0.868718 0.238196 0.953939 0.148368 0.953956 0.148361 0.868733 0.238189 0.868718 0.238187 0.835822 0.238189 0.868718 0.148361 0.868733 0.238187 0.835822 0.148361 0.868733 0.148359 0.835834 0.238187 0.835822 0.148359 0.835834 0.148357 0.806956 0.238187 0.835822 0.148357 0.806956 0.238185 0.806943 0.238185 0.806943 0.148357 0.806956 0.148355 0.771897 0.238185 0.806943 0.148355 0.771897 0.238183 0.771882 0.2381809 0.742342 0.238183 0.771882 0.148355 0.771897 0.2381809 0.742342 0.148355 0.771897 0.148353 0.742357 0.2381809 0.742342 0.148353 0.742357 0.148346 0.637422 0.2381809 0.742342 0.148346 0.637422 0.238174 0.637408 0.15499 0.542364 0.238174 0.637408 0.148346 0.637422 0.15499 0.542364 0.148346 0.637422 0.148339 0.542365 0.15499 0.542364 0.148339 0.542365 0.14833 0.410911 0.15499 0.542364 0.14833 0.410911 0.155148 0.41091 0.231193 0.410897 0.155148 0.41091 0.14833 0.410911 0.15499 0.542364 0.155148 0.41091 0.231193 0.410897 0.93902 0.944088 0.829878 0.9624 0.93902 0.9624 0.93902 0.944088 0.829878 0.944087 0.829878 0.9624 0.8439 0.829072 0.829878 0.864021 0.844009 0.860701 0.8439 0.829072 0.829878 0.825001 0.829878 0.864021 0.829877 0.923527 0.843733 0.957314 0.844115 0.925964 0.829877 0.923527 0.829878 0.9624 0.843733 0.957314 0.93902 0.864022 0.924999 0.829072 0.924889 0.860701 0.93902 0.864022 0.939021 0.825001 0.924999 0.829072 0.925165 0.957314 0.939021 0.923527 0.924783 0.925963 0.925165 0.957314 0.93902 0.9624 0.939021 0.923527 0.33256 0.831129 0.332577 0.993616 0.242748 0.993639 0.33256 0.831129 0.242748 0.993639 0.242732 0.831152 0.242722 0.728254 0.33256 0.831129 0.242732 0.831152 0.242722 0.728254 0.33255 0.728231 0.33256 0.831129 0.242708 0.591113 0.33255 0.728231 0.242722 0.728254 0.242708 0.591113 0.332536 0.591089 0.33255 0.728231 0.242698 0.491944 0.332536 0.591089 0.242708 0.591113 0.242698 0.491944 0.332527 0.49192 0.332536 0.591089 0.242686 0.372805 0.332527 0.49192 0.242698 0.491944 0.242686 0.372805 0.332514 0.372781 0.332527 0.49192 0.242686 0.372805 0.332511 0.338097 0.332514 0.372781 0.242686 0.372805 0.2426829 0.338121 0.332511 0.338097 0.24268 0.314113 0.332511 0.338097 0.2426829 0.338121 0.24268 0.314113 0.332509 0.314087 0.332511 0.338097 0.242678 0.293876 0.332509 0.314087 0.24268 0.314113 0.242678 0.293876 0.332506 0.293848 0.332509 0.314087 0.242678 0.293876 0.332502 0.26322 0.332506 0.293848 0.242678 0.293876 0.2426739 0.263238 0.332502 0.26322 0.2426699 0.154927 0.332502 0.26322 0.2426739 0.263238 0.2426699 0.154927 0.332499 0.154922 0.332502 0.26322 0.615555 0.966547 0.632083 0.989269 0.615555 0.989269 0.632083 0.966547 0.615555 0.966547 0.615555 0.943826 0.615555 0.966547 0.632083 0.966547 0.632083 0.989269 0.632083 0.966547 0.64861 0.989269 0.632083 0.989269 0.665137 0.989269 0.681665 0.966547 0.681665 0.989269 0.665137 0.989269 0.665137 0.966547 0.681665 0.966547 0.64861 0.989269 0.665137 0.966547 0.665137 0.989269 0.64861 0.989269 0.64861 0.966547 0.665137 0.966547 0.632083 0.966547 0.64861 0.966547 0.64861 0.989269 0.64861 0.966547 0.632083 0.966547 0.632083 0.943825 0.632083 0.966547 0.615555 0.943826 0.632083 0.943825 0.632083 0.921104 0.632083 0.943825 0.615555 0.943826 0.632083 0.921104 0.615555 0.943826 0.615555 0.921104 0.615555 0.921104 0.632083 0.898382 0.632083 0.921104 0.615555 0.921104 0.615555 0.898382 0.632083 0.898382 0.632083 0.898382 0.615555 0.898382 0.615555 0.875661 0.632083 0.898382 0.615555 0.875661 0.632083 0.875661 0.615555 0.875661 0.632083 0.852939 0.632083 0.875661 0.632083 0.875661 0.632083 0.852939 0.64861 0.852939 0.64861 0.830218 0.64861 0.852939 0.632083 0.852939 0.64861 0.830218 0.665137 0.852939 0.64861 0.852939 0.64861 0.830218 0.665137 0.830217 0.665137 0.852939 0.665137 0.943825 0.64861 0.966547 0.64861 0.943825 0.665137 0.943825 0.665137 0.966547 0.64861 0.966547 0.681665 0.943825 0.665137 0.966547 0.665137 0.943825 0.681665 0.943825 0.681665 0.966547 0.665137 0.966547 0.64861 0.966547 0.632083 0.943825 0.64861 0.943825 0.64861 0.921104 0.64861 0.943825 0.632083 0.943825 0.665137 0.943825 0.64861 0.943825 0.64861 0.921104 0.665137 0.943825 0.64861 0.921104 0.665137 0.921104 0.681665 0.943825 0.665137 0.943825 0.665137 0.921104 0.681665 0.943825 0.665137 0.921104 0.681665 0.921104 0.665137 0.921104 0.681665 0.898382 0.681665 0.921104 0.665137 0.921104 0.665137 0.898382 0.681665 0.898382 0.665137 0.898382 0.681665 0.875661 0.681665 0.898382 0.665137 0.898382 0.665137 0.875661 0.681665 0.875661 0.681665 0.875661 0.665137 0.875661 0.665137 0.852939 0.665137 0.875661 0.64861 0.852939 0.665137 0.852939 0.665137 0.875661 0.64861 0.875661 0.64861 0.852939 0.632083 0.875661 0.64861 0.852939 0.64861 0.875661 0.64861 0.898382 0.632083 0.875661 0.64861 0.875661 0.64861 0.898382 0.632083 0.898382 0.632083 0.875661 0.632083 0.921104 0.632083 0.898382 0.64861 0.898382 0.632083 0.921104 0.64861 0.898382 0.64861 0.921104 0.64861 0.921104 0.632083 0.943825 0.632083 0.921104 0.665137 0.921104 0.64861 0.921104 0.64861 0.898382 0.665137 0.921104 0.64861 0.898382 0.665137 0.898382 0.64861 0.898382 0.665137 0.875661 0.665137 0.898382 0.64861 0.898382 0.64861 0.875661 0.665137 0.875661 0.681665 0.875661 0.665137 0.852939 0.681665 0.852939 0.665137 0.830217 0.681665 0.852939 0.665137 0.852939 0.665137 0.830217 0.681665 0.830217 0.681665 0.852939 0.681665 0.807496 0.681665 0.830217 0.665137 0.830217 0.681665 0.807496 0.665137 0.830217 0.665137 0.807496 0.681665 0.807496 0.665137 0.807496 0.665137 0.784774 0.665137 0.807496 0.64861 0.784774 0.665137 0.784774 0.665137 0.762053 0.665137 0.784774 0.64861 0.784774 0.665137 0.762053 0.64861 0.784774 0.64861 0.762053 0.64861 0.762053 0.665137 0.739331 0.665137 0.762053 0.64861 0.762053 0.64861 0.739331 0.665137 0.739331 0.665137 0.739331 0.64861 0.739331 0.64861 0.716609 0.632083 0.739331 0.64861 0.716609 0.64861 0.739331 0.632083 0.739331 0.632083 0.71661 0.64861 0.716609 0.615555 0.739331 0.632083 0.71661 0.632083 0.739331 0.615555 0.739331 0.615555 0.71661 0.632083 0.71661 0.681665 0.807496 0.665137 0.784774 0.681665 0.784774 0.681665 0.784774 0.665137 0.784774 0.665137 0.762053 0.681665 0.784774 0.665137 0.762053 0.681665 0.762053 0.665137 0.762053 0.681665 0.739331 0.681665 0.762053 0.665137 0.762053 0.665137 0.739331 0.681665 0.739331 0.681665 0.739331 0.665137 0.739331 0.665137 0.71661 0.665137 0.739331 0.64861 0.716609 0.665137 0.71661 0.681665 0.739331 0.665137 0.71661 0.681665 0.71661 0.64861 0.762053 0.64861 0.784774 0.632083 0.784774 0.64861 0.762053 0.632083 0.784774 0.632083 0.762053 0.64861 0.762053 0.632083 0.739331 0.64861 0.739331 0.64861 0.762053 0.632083 0.762053 0.632083 0.739331 0.632083 0.762053 0.615555 0.739331 0.632083 0.739331 0.632083 0.762053 0.615555 0.762053 0.615555 0.739331 0.632083 0.784774 0.615555 0.762053 0.632083 0.762053 0.632083 0.784774 0.615555 0.784774 0.615555 0.762053 0.632083 0.784774 0.615555 0.807496 0.615555 0.784774 0.632083 0.784774 0.632083 0.807496 0.615555 0.807496 0.632083 0.830217 0.615555 0.807496 0.632083 0.807496 0.64861 0.830218 0.632083 0.830217 0.632083 0.807496 0.64861 0.830218 0.632083 0.852939 0.632083 0.830217 0.632083 0.830217 0.632083 0.852939 0.615555 0.852939 0.615555 0.875661 0.615555 0.852939 0.632083 0.852939 0.64861 0.830218 0.632083 0.807496 0.64861 0.807496 0.632083 0.830217 0.615555 0.830217 0.615555 0.807496 0.632083 0.830217 0.615555 0.852939 0.615555 0.830217 0.64861 0.784774 0.632083 0.807496 0.632083 0.784774 0.64861 0.784774 0.64861 0.807496 0.632083 0.807496 0.665137 0.807496 0.64861 0.807496 0.64861 0.784774 0.665137 0.807496 0.64861 0.830218 0.64861 0.807496 0.665137 0.807496 0.665137 0.830217 0.64861 0.830218 0.420344 0.04819399 0.335534 0.04820495 0.335533 0.039047 0.420344 0.04819399 0.335533 0.039047 0.420342 0.03903597 0.335531 0.01620197 0.420342 0.03903597 0.335533 0.039047 0.335531 0.01620197 0.42034 0.016191 0.420342 0.03903597 0.939021 0.825001 0.829878 0.843387 0.829878 0.825001 0.939021 0.825001 0.93902 0.843387 0.829878 0.843387 0.947393 0.978982 0.954251 0.973882 0.95425 0.994204 0.947393 0.978982 0.95425 0.994204 0.947393 0.997192 0.93902 0.981391 0.947393 0.978982 0.947393 0.997192 0.93902 0.981391 0.947393 0.997192 0.93902 0.998603 0.93902 0.998603 0.829878 0.981391 0.93902 0.981391 0.93902 0.998603 0.829878 0.998603 0.829878 0.981391 0.829878 0.998603 0.821505 0.978982 0.829878 0.981391 0.829878 0.998603 0.821505 0.997192 0.821505 0.978982 0.821505 0.997192 0.814648 0.973882 0.821505 0.978982 0.821505 0.997192 0.814647 0.994204 0.814648 0.973882 0.93902 0.944088 0.829878 0.9624 0.829878 0.944087 0.93902 0.944088 0.93902 0.9624 0.829878 0.9624 0.829878 0.864021 0.8439 0.829072 0.844009 0.860701 0.829878 0.864021 0.829878 0.825001 0.8439 0.829072 0.829877 0.923527 0.843733 0.957314 0.829878 0.9624 0.829877 0.923527 0.844115 0.925964 0.843733 0.957314 0.93902 0.864022 0.924999 0.829072 0.939021 0.825001 0.93902 0.864022 0.924889 0.860701 0.924999 0.829072 0.939021 0.923527 0.925165 0.957314 0.924783 0.925963 0.939021 0.923527 0.93902 0.9624 0.925165 0.957314 0.829878 0.677879 0.93902 0.677879 0.93902 0.737618 0.829878 0.677879 0.93902 0.737618 0.829878 0.737618 0.829878 0.677879 0.829878 0.737618 0.807913 0.737594 0.829878 0.737618 0.811096 0.768853 0.807913 0.737594 0.829878 0.737618 0.829878 0.768779 0.811096 0.768853 0.829878 0.768779 0.81438 0.778288 0.811096 0.768853 0.81438 0.778288 0.829878 0.768779 0.821505 0.785465 0.829878 0.768779 0.829878 0.788872 0.821505 0.785465 0.93902 0.788872 0.829878 0.788872 0.829878 0.768779 0.93902 0.788872 0.829878 0.768779 0.93902 0.768779 0.93902 0.768779 0.947393 0.785465 0.93902 0.788872 0.947393 0.785465 0.93902 0.768779 0.954518 0.778288 0.93902 0.768779 0.957803 0.768853 0.954518 0.778288 0.93902 0.737618 0.957803 0.768853 0.93902 0.768779 0.93902 0.737618 0.960985 0.737593 0.957803 0.768853 0.93902 0.737618 0.9607 0.677858 0.960985 0.737593 0.93902 0.737618 0.93902 0.677879 0.9607 0.677858 0.93902 0.677879 0.957926 0.646657 0.9607 0.677858 0.93902 0.677879 0.93902 0.646718 0.957926 0.646657 0.93902 0.646718 0.954552 0.637273 0.957926 0.646657 0.954552 0.637273 0.93902 0.646718 0.947393 0.630032 0.93902 0.646718 0.93902 0.626625 0.947393 0.630032 0.93902 0.626625 0.93902 0.646718 0.829878 0.646718 0.93902 0.626625 0.829878 0.646718 0.829878 0.626625 0.829878 0.646718 0.821505 0.630032 0.829878 0.626625 0.821505 0.630032 0.829878 0.646718 0.814346 0.637274 0.829878 0.646718 0.810972 0.646657 0.814346 0.637274 0.829878 0.677879 0.810972 0.646657 0.829878 0.646718 0.829878 0.677879 0.808198 0.677858 0.810972 0.646657 0.829878 0.677879 0.807913 0.737594 0.808198 0.677858 0.939021 0.923527 0.829877 0.923527 0.829878 0.864021 0.939021 0.923527 0.829878 0.864021 0.93902 0.864022 0.939021 0.923527 0.93902 0.864022 0.960776 0.863868 0.93902 0.864022 0.958074 0.825091 0.960776 0.863868 0.93902 0.864022 0.939021 0.825001 0.958074 0.825091 0.939021 0.825001 0.954251 0.813592 0.958074 0.825091 0.954251 0.813592 0.939021 0.825001 0.947393 0.808492 0.939021 0.825001 0.93902 0.806083 0.947393 0.808492 0.939021 0.825001 0.829878 0.806083 0.93902 0.806083 0.939021 0.825001 0.829878 0.825001 0.829878 0.806083 0.829878 0.825001 0.821505 0.808492 0.829878 0.806083 0.821505 0.808492 0.829878 0.825001 0.814648 0.813592 0.829878 0.825001 0.810824 0.825091 0.814648 0.813592 0.829878 0.864021 0.810824 0.825091 0.829878 0.825001 0.829878 0.864021 0.808123 0.863868 0.810824 0.825091 0.829878 0.864021 0.808123 0.923606 0.808123 0.863868 0.829878 0.864021 0.829877 0.923527 0.808123 0.923606 0.829877 0.923527 0.810824 0.962383 0.808123 0.923606 0.829877 0.923527 0.829878 0.9624 0.810824 0.962383 0.829878 0.9624 0.814648 0.973882 0.810824 0.962383 0.814648 0.973882 0.829878 0.9624 0.821505 0.978982 0.829878 0.9624 0.829878 0.981391 0.821505 0.978982 0.93902 0.9624 0.829878 0.981391 0.829878 0.9624 0.93902 0.9624 0.93902 0.981391 0.829878 0.981391 0.93902 0.9624 0.947393 0.978982 0.93902 0.981391 0.947393 0.978982 0.93902 0.9624 0.954251 0.973882 0.93902 0.9624 0.958074 0.962383 0.954251 0.973882 0.939021 0.923527 0.958074 0.962383 0.93902 0.9624 0.939021 0.923527 0.960776 0.923607 0.958074 0.962383 0.939021 0.923527 0.960776 0.863868 0.960776 0.923607 0.829878 0.677879 0.93902 0.658144 0.93902 0.677879 0.829878 0.677879 0.829878 0.658145 0.93902 0.658144 0.93902 0.757352 0.829878 0.737618 0.93902 0.737618 0.93902 0.757352 0.829878 0.757353 0.829878 0.737618 0.821505 0.808492 0.814648 0.813592 0.814648 0.79327 0.821505 0.808492 0.814648 0.79327 0.821505 0.790283 0.821505 0.808492 0.821505 0.790283 0.829878 0.788872 0.821505 0.808492 0.829878 0.788872 0.829878 0.806083 0.93902 0.788872 0.829878 0.806083 0.829878 0.788872 0.93902 0.788872 0.93902 0.806083 0.829878 0.806083 0.947393 0.790283 0.93902 0.806083 0.93902 0.788872 0.947393 0.790283 0.947393 0.808492 0.93902 0.806083 0.947393 0.808492 0.947393 0.790283 0.954251 0.79327 0.947393 0.808492 0.954251 0.79327 0.954251 0.813592 0.744824 0.02571195 0.699098 0.01058298 0.69864 0.02340298 0.699098 0.01058298 0.659958 0.02598899 0.69864 0.02340298 0.699098 0.01058298 0.654072 0.01640599 0.659958 0.02598899 0.939021 0.825001 0.829878 0.843387 0.829878 0.825001 0.939021 0.825001 0.93902 0.843387 0.829878 0.843387 0.93902 0.944088 0.829878 0.9624 0.829878 0.944087 0.93902 0.944088 0.93902 0.9624 0.829878 0.9624 0.829878 0.864021 0.8439 0.829072 0.844009 0.860701 0.829878 0.864021 0.829878 0.825001 0.8439 0.829072 0.829877 0.923527 0.843733 0.957314 0.829878 0.9624 0.829877 0.923527 0.844115 0.925964 0.843733 0.957314 0.93902 0.864022 0.924999 0.829072 0.939021 0.825001 0.93902 0.864022 0.924889 0.860701 0.924999 0.829072 0.939021 0.923527 0.925165 0.957314 0.924783 0.925963 0.939021 0.923527 0.93902 0.9624 0.925165 0.957314 0.829877 0.923527 0.829878 0.864021 0.93902 0.864022 0.829877 0.923527 0.93902 0.864022 0.939021 0.923527 0.939021 0.923527 0.93902 0.864022 0.960776 0.863868 0.939021 0.923527 0.960776 0.863868 0.960776 0.923607 0.939021 0.923527 0.960776 0.923607 0.958074 0.962383 0.939021 0.923527 0.958074 0.962383 0.93902 0.9624 0.93902 0.9624 0.958074 0.962383 0.954251 0.973882 0.947393 0.978982 0.93902 0.9624 0.954251 0.973882 0.93902 0.9624 0.947393 0.978982 0.93902 0.981391 0.93902 0.9624 0.93902 0.981391 0.829878 0.981391 0.93902 0.9624 0.829878 0.981391 0.829878 0.9624 0.829878 0.9624 0.829878 0.981391 0.821505 0.978982 0.814648 0.973882 0.829878 0.9624 0.821505 0.978982 0.829878 0.9624 0.814648 0.973882 0.810824 0.962383 0.829877 0.923527 0.829878 0.9624 0.810824 0.962383 0.829877 0.923527 0.810824 0.962383 0.808123 0.923606 0.829878 0.864021 0.829877 0.923527 0.808123 0.923606 0.829878 0.864021 0.808123 0.923606 0.808123 0.863868 0.829878 0.864021 0.808123 0.863868 0.810824 0.825091 0.829878 0.864021 0.810824 0.825091 0.829878 0.825001 0.829878 0.825001 0.810824 0.825091 0.814648 0.813592 0.821505 0.808492 0.829878 0.825001 0.814648 0.813592 0.829878 0.825001 0.821505 0.808492 0.829878 0.806083 0.939021 0.825001 0.829878 0.825001 0.829878 0.806083 0.939021 0.825001 0.829878 0.806083 0.93902 0.806083 0.939021 0.825001 0.93902 0.806083 0.947393 0.808492 0.954251 0.813592 0.939021 0.825001 0.947393 0.808492 0.939021 0.825001 0.954251 0.813592 0.958074 0.825091 0.93902 0.864022 0.939021 0.825001 0.958074 0.825091 0.93902 0.864022 0.958074 0.825091 0.960776 0.863868 0.744835 0.158878 0.698653 0.161227 0.69912 0.174049 0.659968 0.158676 0.69912 0.174049 0.698653 0.161227 0.659968 0.158676 0.65409 0.168289 0.69912 0.174049 0.821505 0.790283 0.814648 0.813592 0.814648 0.79327 0.821505 0.790283 0.821505 0.808492 0.814648 0.813592 0.821505 0.808492 0.821505 0.790283 0.829878 0.788872 0.821505 0.808492 0.829878 0.788872 0.829878 0.806083 0.93902 0.788872 0.829878 0.806083 0.829878 0.788872 0.93902 0.788872 0.93902 0.806083 0.829878 0.806083 0.947393 0.790283 0.93902 0.806083 0.93902 0.788872 0.947393 0.790283 0.947393 0.808492 0.93902 0.806083 0.947393 0.808492 0.947393 0.790283 0.954251 0.79327 0.947393 0.808492 0.954251 0.79327 0.954251 0.813592 0.800855 0.629512 0.814346 0.637274 0.810972 0.646657 0.800855 0.629512 0.810972 0.646657 0.79793 0.63887 0.79392 0.677577 0.79793 0.63887 0.810972 0.646657 0.79392 0.677577 0.810972 0.646657 0.808198 0.677858 0.808198 0.677858 0.79335 0.737311 0.79392 0.677577 0.808198 0.677858 0.807913 0.737594 0.79335 0.737311 0.79335 0.737311 0.807913 0.737594 0.811096 0.768853 0.79335 0.737311 0.811096 0.768853 0.798034 0.776176 0.811096 0.768853 0.800779 0.785636 0.798034 0.776176 0.811096 0.768853 0.81438 0.778288 0.800779 0.785636 0.93902 0.677879 0.829878 0.658145 0.93902 0.658144 0.93902 0.677879 0.829878 0.677879 0.829878 0.658145 0.846865 0.45302 0.847321 0.472102 0.828928 0.472509 0.846865 0.45302 0.828928 0.472509 0.828471 0.453388 0.828178 0.433099 0.846865 0.45302 0.828471 0.453388 0.828178 0.433099 0.846195 0.433011 0.846865 0.45302 0.827748 0.400979 0.846195 0.433011 0.828178 0.433099 0.827748 0.400979 0.84537 0.400451 0.846195 0.433011 0.827748 0.400979 0.845126 0.37789 0.84537 0.400451 0.827748 0.400979 0.827114 0.378147 0.845126 0.37789 0.864509 0.390999 0.84537 0.400451 0.859715 0.381015 0.864509 0.390999 0.857049 0.402097 0.84537 0.400451 0.846195 0.433011 0.84537 0.400451 0.857049 0.402097 0.846195 0.433011 0.857049 0.402097 0.857778 0.430866 0.846195 0.433011 0.857778 0.430866 0.86579 0.441633 0.846195 0.433011 0.86579 0.441633 0.861508 0.451812 0.881958 0.451374 0.861508 0.451812 0.86579 0.441633 0.881958 0.451374 0.86579 0.441633 0.877165 0.441389 0.877165 0.441389 0.896303 0.431937 0.881958 0.451374 0.877165 0.441389 0.884624 0.430291 0.896303 0.431937 0.883896 0.401522 0.896303 0.431937 0.884624 0.430291 0.883896 0.401522 0.895479 0.399377 0.896303 0.431937 0.895479 0.399377 0.883896 0.401522 0.875883 0.390755 0.895479 0.399377 0.875883 0.390755 0.880166 0.380577 0.880166 0.380577 0.864509 0.390999 0.859715 0.381015 0.880166 0.380577 0.875883 0.390755 0.864509 0.390999 0.895479 0.399377 0.913929 0.431643 0.896303 0.431937 0.913929 0.431643 0.896738 0.454496 0.896303 0.431937 0.913929 0.431643 0.914367 0.454245 0.896738 0.454496 0.913492 0.399057 0.895479 0.399377 0.894813 0.379367 0.895479 0.399377 0.913492 0.399057 0.913929 0.431643 0.913929 0.431643 0.913492 0.399057 0.925197 0.400829 0.913929 0.431643 0.925197 0.400829 0.925584 0.429606 0.913929 0.431643 0.925584 0.429606 0.933472 0.440456 0.913929 0.431643 0.933472 0.440456 0.92905 0.450631 0.933472 0.440456 0.949546 0.450398 0.92905 0.450631 0.933472 0.440456 0.944852 0.440327 0.949546 0.450398 0.944852 0.440327 0.964155 0.431305 0.949546 0.450398 0.944852 0.440327 0.952446 0.4293 0.964155 0.431305 0.952446 0.4293 0.963711 0.398253 0.964155 0.431305 0.952446 0.4293 0.95206 0.400524 0.963711 0.398253 0.963711 0.398253 0.95206 0.400524 0.944172 0.389673 0.963711 0.398253 0.944172 0.389673 0.948593 0.379498 0.932791 0.389803 0.948593 0.379498 0.944172 0.389673 0.932791 0.389803 0.928098 0.379731 0.948593 0.379498 0.932791 0.389803 0.913492 0.399057 0.928098 0.379731 0.932791 0.389803 0.925197 0.400829 0.913492 0.399057 0.913492 0.399057 0.894813 0.379367 0.913206 0.379002 0.912561 0.359886 0.913206 0.379002 0.894813 0.379367 0.912561 0.359886 0.894813 0.379367 0.894552 0.36028 0.993143 0.36682 0.978424 0.376892 0.978424 0.366828 0.993143 0.36682 0.993143 0.376889 0.978424 0.376892 0.993143 0.386665 0.978424 0.376892 0.993143 0.376889 0.993143 0.386665 0.978424 0.386669 0.978424 0.376892 0.978424 0.386669 0.993143 0.386665 0.993143 0.39845 0.978424 0.386669 0.993143 0.39845 0.978424 0.398453 0.993143 0.42391 0.978424 0.398453 0.993143 0.39845 0.993143 0.42391 0.978424 0.423912 0.978424 0.398453 0.993143 0.42391 0.978424 0.433977 0.978424 0.423912 0.993143 0.42391 0.993143 0.433978 0.978424 0.433977 0.993143 0.433978 0.978424 0.443752 0.978424 0.433977 0.993143 0.433978 0.993143 0.443756 0.978424 0.443752 0.978424 0.443752 0.993143 0.443756 0.993143 0.455543 0.978424 0.443752 0.993143 0.455543 0.978424 0.455534 0.978424 0.455534 0.993143 0.455543 0.993143 0.481003 0.978424 0.455534 0.993143 0.481003 0.978424 0.480993 0.968119 0.785635 0.954518 0.778288 0.957803 0.768853 0.968119 0.785635 0.957803 0.768853 0.970864 0.776175 0.975548 0.73731 0.970864 0.776175 0.957803 0.768853 0.975548 0.73731 0.957803 0.768853 0.960985 0.737593 0.9607 0.677858 0.975548 0.73731 0.960985 0.737593 0.9607 0.677858 0.974978 0.677577 0.975548 0.73731 0.974978 0.677577 0.9607 0.677858 0.957926 0.646657 0.974978 0.677577 0.957926 0.646657 0.970968 0.638869 0.957926 0.646657 0.968043 0.629512 0.970968 0.638869 0.957926 0.646657 0.954552 0.637273 0.968043 0.629512 0.797866 0.863763 0.758588 0.816694 0.766963 0.87339 0.797866 0.863763 0.777137 0.810839 0.758588 0.816694 0.777137 0.810839 0.758714 0.806743 0.758588 0.816694 0.777137 0.810839 0.769491 0.803496 0.758714 0.806743 0.01728999 0.755577 0.01313894 0.773844 0.01192098 0.754982 0.01728999 0.755577 0.01787698 0.768555 0.01313894 0.773844 0.01797097 0.836515 0.01313894 0.773844 0.01787698 0.768555 0.01797097 0.836515 0.01359695 0.835997 0.01313894 0.773844 0.01797097 0.836515 0.01720595 0.845549 0.01359695 0.835997 0.01720595 0.845549 0.01280695 0.854689 0.01359695 0.835997 0.01711398 0.855861 0.01280695 0.854689 0.01720595 0.845549 0.01280695 0.854689 0.01711398 0.855861 0.01601696 0.914824 0.01280695 0.854689 0.01601696 0.914824 0.01024597 0.914396 0.01024597 0.914396 0.01601696 0.914824 0.01675796 0.922083 0.01024597 0.914396 0.01675796 0.922083 0.010104 0.922208 0.010104 0.922208 0.01675796 0.922083 0.01577395 0.93499 0.010104 0.922208 0.01577395 0.93499 0.01060098 0.935784 0.01577395 0.93499 0.009311974 0.953287 0.01060098 0.935784 0.01577395 0.93499 0.01490294 0.953583 0.009311974 0.953287 0.01195597 0.37301 0.01240599 0.360196 0.01774698 0.359691 0.01195597 0.37301 0.01774698 0.359691 0.01657396 0.373707 0.01657396 0.373707 0.01162594 0.384085 0.01195597 0.37301 0.01657396 0.373707 0.01734495 0.384465 0.01162594 0.384085 0.01162594 0.384085 0.01734495 0.384465 0.01665794 0.39727 0.01162594 0.384085 0.01665794 0.39727 0.01202094 0.396282 0.01202094 0.396282 0.01665794 0.39727 0.01655095 0.412435 0.01202094 0.396282 0.01655095 0.412435 0.01278698 0.410957 0.01278698 0.410957 0.01655095 0.412435 0.01644694 0.4959 0.01278698 0.410957 0.01644694 0.4959 0.012546 0.49546 0.01631295 0.659019 0.012546 0.49546 0.01644694 0.4959 0.01631295 0.659019 0.01213395 0.660865 0.012546 0.49546 0.01631295 0.659019 0.01191395 0.732522 0.01213395 0.660865 0.01631295 0.659019 0.01688295 0.733453 0.01191395 0.732522 0.01723694 0.743745 0.01191395 0.732522 0.01688295 0.733453 0.01723694 0.743745 0.011868 0.743149 0.01191395 0.732522 0.01723694 0.743745 0.01192098 0.754982 0.011868 0.743149 0.01723694 0.743745 0.01728999 0.755577 0.01192098 0.754982 0.01210695 0.01643794 0.01038599 1.05e-4 0.01703995 0 0.01210695 0.01643794 0.01703995 0 0.01840597 0.01476496 0.01840597 0.01476496 0.01025998 0.07850897 0.01210695 0.01643794 0.01840597 0.01476496 0.01425397 0.07683098 0.01025998 0.07850897 0.01025998 0.07850897 0.01425397 0.07683098 0.01452499 0.1267099 0.01025998 0.07850897 0.01452499 0.1267099 0.01042097 0.1277289 0.01042097 0.1277289 0.01452499 0.1267099 0.01490098 0.195689 0.01042097 0.1277289 0.01490098 0.195689 0.01064497 0.195796 0.01490098 0.195689 0.01081299 0.246867 0.01064497 0.195796 0.01490098 0.195689 0.01518297 0.247444 0.01081299 0.246867 0.01081299 0.246867 0.01518297 0.247444 0.01855397 0.313407 0.01081299 0.246867 0.01855397 0.313407 0.01259398 0.31667 0.01855397 0.313407 0.012465 0.330279 0.01259398 0.31667 0.01855397 0.313407 0.017609 0.330803 0.012465 0.330279 0.01218795 0.348817 0.012465 0.330279 0.017609 0.330803 0.01218795 0.348817 0.017609 0.330803 0.01728695 0.350125 0.01240599 0.360196 0.01218795 0.348817 0.01728695 0.350125 0.01240599 0.360196 0.01728695 0.350125 0.01774698 0.359691 0.2426699 0.144199 0.332493 0.04219996 0.332499 0.14419 0.2426699 0.144199 0.2426649 0.04221498 0.332493 0.04219996 0.2426649 0.04221498 0.33249 0.003591954 0.332493 0.04219996 0.2426649 0.04221498 0.242662 0.003608942 0.33249 0.003591954 0.70585 0.812624 0.711211 0.804437 0.723377 0.807513 0.70585 0.812624 0.723377 0.807513 0.723882 0.81745 0.717669 0.874463 0.70585 0.812624 0.723882 0.81745 0.717669 0.874463 0.686249 0.866055 0.70585 0.812624 0.723882 0.81745 0.717669 0.874463 0.766963 0.87339 0.723882 0.81745 0.766963 0.87339 0.758588 0.816694 0.758588 0.816694 0.723377 0.807513 0.723882 0.81745 0.758588 0.816694 0.758714 0.806743 0.723377 0.807513 0.758213 0.796812 0.723377 0.807513 0.758714 0.806743 0.758213 0.796812 0.7235 0.797569 0.723377 0.807513 0.7235 0.797569 0.758213 0.796812 0.759482 0.787443 0.7235 0.797569 0.759482 0.787443 0.724037 0.787621 0.765315 0.73035 0.724037 0.787621 0.759482 0.787443 0.765315 0.73035 0.716228 0.730833 0.724037 0.787621 0.423127 0.063663 0.512955 0.06365895 0.512954 0.08893197 0.423127 0.063663 0.512954 0.08893197 0.423126 0.08892297 0.51295 0.1951979 0.423126 0.08892297 0.512954 0.08893197 0.51295 0.1951979 0.423122 0.19519 0.423126 0.08892297 0.423122 0.19519 0.51295 0.1951979 0.512949 0.23104 0.423122 0.19519 0.512949 0.23104 0.42312 0.231036 0.42312 0.250775 0.42312 0.231036 0.512949 0.23104 0.42312 0.250775 0.512949 0.23104 0.512949 0.250775 0.42312 0.285051 0.42312 0.250775 0.512949 0.250775 0.42312 0.285051 0.512949 0.250775 0.512949 0.285051 0.42312 0.413837 0.42312 0.285051 0.512949 0.285051 0.42312 0.413837 0.512949 0.285051 0.512949 0.413837 0.512949 0.413837 0.42312 0.728579 0.42312 0.413837 0.512949 0.413837 0.512949 0.728579 0.42312 0.728579 0.512949 0.904505 0.42312 0.728579 0.512949 0.728579 0.512949 0.904505 0.42312 0.904505 0.42312 0.728579 0.512949 0.946322 0.42312 0.904505 0.512949 0.904505 0.512949 0.946322 0.42312 0.946322 0.42312 0.904505 0.512949 0.972869 0.42312 0.946322 0.512949 0.946322 0.512949 0.972869 0.42312 0.972869 0.42312 0.946322 0.724037 0.787621 0.716228 0.730833 0.765315 0.73035 0.724037 0.787621 0.765315 0.73035 0.759482 0.787443 0.759482 0.787443 0.7235 0.797569 0.724037 0.787621 0.759482 0.787443 0.758213 0.796812 0.7235 0.797569 0.758213 0.796812 0.723377 0.807513 0.7235 0.797569 0.758213 0.796812 0.758714 0.806743 0.723377 0.807513 0.758588 0.816694 0.723377 0.807513 0.758714 0.806743 0.758588 0.816694 0.723882 0.81745 0.723377 0.807513 0.766963 0.87339 0.723882 0.81745 0.758588 0.816694 0.766963 0.87339 0.717669 0.874463 0.723882 0.81745 0.947393 0.997192 0.954251 0.973882 0.95425 0.994204 0.947393 0.997192 0.947393 0.978982 0.954251 0.973882 0.93902 0.981391 0.947393 0.978982 0.947393 0.997192 0.93902 0.981391 0.947393 0.997192 0.93902 0.998603 0.93902 0.998603 0.829878 0.981391 0.93902 0.981391 0.93902 0.998603 0.829878 0.998603 0.829878 0.981391 0.829878 0.998603 0.821505 0.978982 0.829878 0.981391 0.829878 0.998603 0.821505 0.997192 0.821505 0.978982 0.821505 0.997192 0.814648 0.973882 0.821505 0.978982 0.821505 0.997192 0.814647 0.994204 0.814648 0.973882 0.93902 0.677879 0.957926 0.646657 0.9607 0.677858 0.93902 0.677879 0.93902 0.646718 0.957926 0.646657 0.93902 0.646718 0.954552 0.637273 0.957926 0.646657 0.954552 0.637273 0.93902 0.646718 0.947393 0.630032 0.93902 0.646718 0.93902 0.626625 0.947393 0.630032 0.93902 0.626625 0.93902 0.646718 0.829878 0.646718 0.93902 0.626625 0.829878 0.646718 0.829878 0.626625 0.829878 0.646718 0.821505 0.630032 0.829878 0.626625 0.821505 0.630032 0.829878 0.646718 0.814346 0.637274 0.829878 0.646718 0.810972 0.646657 0.814346 0.637274 0.829878 0.677879 0.810972 0.646657 0.829878 0.646718 0.829878 0.677879 0.808198 0.677858 0.810972 0.646657 0.829878 0.677879 0.93902 0.677879 0.93902 0.737618 0.829878 0.677879 0.93902 0.737618 0.829878 0.737618 0.829878 0.737618 0.808198 0.677858 0.829878 0.677879 0.829878 0.737618 0.807913 0.737594 0.808198 0.677858 0.829878 0.737618 0.811096 0.768853 0.807913 0.737594 0.829878 0.737618 0.829878 0.768779 0.811096 0.768853 0.829878 0.768779 0.81438 0.778288 0.811096 0.768853 0.81438 0.778288 0.829878 0.768779 0.821505 0.785465 0.829878 0.768779 0.829878 0.788872 0.821505 0.785465 0.93902 0.788872 0.829878 0.788872 0.829878 0.768779 0.93902 0.788872 0.829878 0.768779 0.93902 0.768779 0.93902 0.768779 0.947393 0.785465 0.93902 0.788872 0.947393 0.785465 0.93902 0.768779 0.954518 0.778288 0.93902 0.768779 0.957803 0.768853 0.954518 0.778288 0.93902 0.737618 0.957803 0.768853 0.93902 0.768779 0.93902 0.737618 0.960985 0.737593 0.957803 0.768853 0.93902 0.737618 0.9607 0.677858 0.960985 0.737593 0.93902 0.737618 0.93902 0.677879 0.9607 0.677858 0.968119 0.785635 0.954518 0.778288 0.957803 0.768853 0.968119 0.785635 0.957803 0.768853 0.970864 0.776175 0.975548 0.73731 0.970864 0.776175 0.957803 0.768853 0.975548 0.73731 0.957803 0.768853 0.960985 0.737593 0.9607 0.677858 0.975548 0.73731 0.960985 0.737593 0.9607 0.677858 0.974978 0.677577 0.975548 0.73731 0.974978 0.677577 0.9607 0.677858 0.957926 0.646657 0.974978 0.677577 0.957926 0.646657 0.970968 0.638869 0.957926 0.646657 0.968043 0.629512 0.970968 0.638869 0.957926 0.646657 0.954552 0.637273 0.968043 0.629512 0.819965 0.04408496 0.769474 0.100398 0.769473 0.04408597 0.819965 0.04408496 0.819965 0.101581 0.769474 0.100398 0.819965 0.101581 0.769474 0.160262 0.769474 0.100398 0.819965 0.101581 0.819966 0.159077 0.769474 0.160262 0.819966 0.216574 0.769474 0.160262 0.819966 0.159077 0.819966 0.216574 0.769474 0.216574 0.769474 0.160262 0.819966 0.27407 0.769474 0.216574 0.819966 0.216574 0.819966 0.27407 0.769474 0.27407 0.769474 0.216574 0.819966 0.27407 0.769474 0.331566 0.769474 0.27407 0.819966 0.27407 0.819966 0.331567 0.769474 0.331566 0.819966 0.331567 0.769474 0.389063 0.769474 0.331566 0.819966 0.331567 0.819965 0.387879 0.769474 0.389063 0.819965 0.387879 0.769474 0.446559 0.769474 0.389063 0.819965 0.387879 0.819966 0.447744 0.769474 0.446559 0.819966 0.447744 0.769474 0.504055 0.769474 0.446559 0.819966 0.447744 0.819965 0.504055 0.769474 0.504055 0.141737 0.700822 0.05693095 0.739929 0.05692696 0.700833 0.141737 0.700822 0.141741 0.739917 0.05693095 0.739929 0.05693095 0.739929 0.141741 0.739917 0.141745 0.771024 0.05693095 0.739929 0.141745 0.771024 0.05693495 0.771037 0.05693495 0.771037 0.141745 0.771024 0.141748 0.801865 0.05693495 0.771037 0.141748 0.801865 0.05693894 0.801878 0.05693894 0.801878 0.141748 0.801865 0.141752 0.834562 0.05693894 0.801878 0.141752 0.834562 0.05694198 0.834573 0.05694198 0.834573 0.141752 0.834562 0.141758 0.902151 0.05694198 0.834573 0.141758 0.902151 0.05694895 0.902162 0.05694895 0.902162 0.141758 0.902151 0.141761 0.931745 0.05694895 0.902162 0.141761 0.931745 0.05695098 0.931756 0.1416929 0.12536 0.05688399 0.143433 0.05688399 0.12536 0.1416929 0.12536 0.141694 0.143431 0.05688399 0.143433 0.141695 0.204384 0.05688399 0.143433 0.141694 0.143431 0.141695 0.204384 0.056885 0.20439 0.05688399 0.143433 0.141697 0.227913 0.056885 0.20439 0.141695 0.204384 0.141697 0.227913 0.05688798 0.227923 0.056885 0.20439 0.141699 0.248569 0.05688798 0.227923 0.141697 0.227913 0.141699 0.248569 0.05688899 0.248579 0.05688798 0.227923 0.141701 0.273646 0.05688899 0.248579 0.141699 0.248569 0.141701 0.273646 0.05689197 0.273656 0.05688899 0.248579 0.141703 0.294775 0.05689197 0.273656 0.141701 0.273646 0.141703 0.294775 0.05689299 0.294785 0.05689197 0.273656 0.141703 0.294775 0.05689996 0.369841 0.05689299 0.294785 0.141703 0.294775 0.141709 0.369832 0.05689996 0.369841 0.141709 0.369832 0.056921 0.622652 0.05689996 0.369841 0.141709 0.369832 0.141731 0.622643 0.056921 0.622652 0.141737 0.700822 0.056921 0.622652 0.141731 0.622643 0.141737 0.700822 0.05692696 0.700833 0.056921 0.622652 0.03919899 0.597932 0.03867298 0.61841 0.03409397 0.616703 0.03919899 0.597932 0.03409397 0.616703 0.03474897 0.59567 0.03901696 0.572938 0.03919899 0.597932 0.03474897 0.59567 0.03901696 0.572938 0.03474897 0.59567 0.03440296 0.574455 0.03494095 0.545089 0.03901696 0.572938 0.03440296 0.574455 0.03494095 0.545089 0.03941196 0.547269 0.03901696 0.572938 0.03749299 0.521328 0.03941196 0.547269 0.03494095 0.545089 0.03749299 0.521328 0.03494095 0.545089 0.03279197 0.520454 0.03366595 0.485823 0.03749299 0.521328 0.03279197 0.520454 0.03366595 0.485823 0.03840297 0.486167 0.03749299 0.521328 0.03797197 0.459835 0.03840297 0.486167 0.03366595 0.485823 0.03797197 0.459835 0.03366595 0.485823 0.033324 0.46023 0.03288996 0.416483 0.03797197 0.459835 0.033324 0.46023 0.03288996 0.416483 0.03846997 0.419722 0.03797197 0.459835 0.03288996 0.416483 0.03964096 0.366131 0.03846997 0.419722 0.03288996 0.416483 0.03400099 0.367134 0.03964096 0.366131 0.03964096 0.366131 0.03400099 0.367134 0.03361594 0.194613 0.03964096 0.366131 0.03361594 0.194613 0.03886795 0.195731 0.03886795 0.195731 0.03361594 0.194613 0.03542 0.138188 0.03886795 0.195731 0.03542 0.138188 0.041103 0.135308 0.041103 0.135308 0.03542 0.138188 0.03505098 0.118041 0.041103 0.135308 0.03505098 0.118041 0.04105395 0.115494 0.04105395 0.115494 0.03505098 0.118041 0.03624397 0.103089 0.04105395 0.115494 0.03624397 0.103089 0.04113799 0.102829 0.04191797 0.08269298 0.04113799 0.102829 0.03624397 0.103089 0.04191797 0.08269298 0.03624397 0.103089 0.03564298 0.08224797 0.03564298 0.08224797 0.04254996 0.06881499 0.04191797 0.08269298 0.03564298 0.08224797 0.03512799 0.06626296 0.04254996 0.06881499 0.04050397 0.01843595 0.04254996 0.06881499 0.03512799 0.06626296 0.04050397 0.01843595 0.03512799 0.06626296 0.03635895 0.01846295 0.03635895 0.01846295 0.04256498 0.009848952 0.04050397 0.01843595 0.04256498 0.009848952 0.04468595 0.018408 0.04050397 0.01843595 0.04883098 0.01837998 0.04468595 0.018408 0.04256498 0.009848952 0.04639095 0.03590595 0.04468595 0.018408 0.04883098 0.01837998 0.04639095 0.03590595 0.04883098 0.01837998 0.05213099 0.03521299 0.05037897 0.05191195 0.04639095 0.03590595 0.05213099 0.03521299 0.05037897 0.05191195 0.04922497 0.05373895 0.04639095 0.03590595 0.723882 0.81745 0.686249 0.866055 0.717669 0.874463 0.723882 0.81745 0.70585 0.812624 0.686249 0.866055 0.723377 0.807513 0.70585 0.812624 0.723882 0.81745 0.723377 0.807513 0.711211 0.804437 0.70585 0.812624 0.777137 0.810839 0.758714 0.806743 0.769491 0.803496 0.777137 0.810839 0.758588 0.816694 0.758714 0.806743 0.797866 0.863763 0.758588 0.816694 0.777137 0.810839 0.797866 0.863763 0.766963 0.87339 0.758588 0.816694 0.335548 0.722168 0.335548 0.641499 0.420358 0.641499 0.335548 0.722168 0.420358 0.641499 0.420358 0.722168 0.420358 0.722168 0.335548 0.745652 0.335548 0.722168 0.420358 0.722168 0.420358 0.745653 0.335548 0.745652 0.335548 0.761907 0.335548 0.745652 0.420358 0.745653 0.335548 0.761907 0.420358 0.745653 0.420358 0.76191 0.335547 0.775608 0.335548 0.761907 0.420358 0.76191 0.335547 0.775608 0.420358 0.76191 0.420357 0.775615 0.335547 0.775608 0.420357 0.775615 0.420356 0.796357 0.335547 0.775608 0.420356 0.796357 0.335546 0.79635 0.335546 0.79635 0.420356 0.796357 0.420351 0.869688 0.335546 0.79635 0.420351 0.869688 0.335542 0.86968 0.420346 0.07328498 0.335534 0.04820495 0.420344 0.04819399 0.420346 0.07328498 0.335536 0.07329499 0.335534 0.04820495 0.420348 0.107955 0.335536 0.07329499 0.420346 0.07328498 0.420348 0.107955 0.335539 0.107963 0.335536 0.07329499 0.420354 0.182985 0.335539 0.107963 0.420348 0.107955 0.420354 0.182985 0.335544 0.182992 0.335539 0.107963 0.420356 0.216986 0.335544 0.182992 0.420354 0.182985 0.420356 0.216986 0.335546 0.216991 0.335544 0.182992 0.420356 0.240748 0.335546 0.216991 0.420356 0.216986 0.420356 0.240748 0.335546 0.240752 0.335546 0.216991 0.420357 0.264149 0.335546 0.240752 0.420356 0.240748 0.420357 0.264149 0.335548 0.264152 0.335546 0.240752 0.420358 0.307218 0.335548 0.264152 0.420357 0.264149 0.420358 0.307218 0.335548 0.307219 0.335548 0.264152 0.420358 0.307218 0.335548 0.391576 0.335548 0.307219 0.420358 0.307218 0.420358 0.391576 0.335548 0.391576 0.335548 0.641499 0.335548 0.391576 0.420358 0.391576 0.335548 0.641499 0.420358 0.391576 0.420358 0.641499 0.007027983 0.607981 0.001993954 0.608723 0.001996994 0.589584 0.007556974 0.629861 0.001993954 0.608723 0.007027983 0.607981 0.007556974 0.629861 0.003192961 0.629179 0.001993954 0.608723 0.003192961 0.629179 0.007556974 0.629861 0.007995963 0.645282 0.003192961 0.629179 0.007995963 0.645282 0.002598941 0.64467 0.007995963 0.645282 0.00366497 0.655971 0.002598941 0.64467 0.007995963 0.645282 0.008071959 0.656687 0.00366497 0.655971 0.008071959 0.656687 0.003415942 0.675435 0.00366497 0.655971 0.008071959 0.656687 0.006981968 0.674068 0.003415942 0.675435 0.006981968 0.674068 0.002731978 0.755334 0.003415942 0.675435 0.006981968 0.674068 0.00642395 0.75495 0.002731978 0.755334 0.002145946 0.909587 0.002731978 0.755334 0.00642395 0.75495 0.002145946 0.909587 0.00642395 0.75495 0.006088972 0.91137 0.007386982 0.974396 0.002145946 0.909587 0.006088972 0.91137 0.007386982 0.974396 0.00178498 0.979162 0.002145946 0.909587 5.37e-4 0.2444429 0.006501972 0.256589 3.72e-4 0.258544 3.72e-4 0.258544 0.006501972 0.256589 0.007156968 0.27577 3.72e-4 0.258544 0.007156968 0.27577 0 0.276193 0 0.276193 0.007156968 0.27577 0.005353987 0.335222 0 0.276193 0.005353987 0.335222 0.001583993 0.333601 0.005353987 0.335222 0.001731991 0.380248 0.001583993 0.333601 0.005353987 0.335222 0.005608975 0.381246 0.001731991 0.380248 0.005608975 0.381246 0.001936972 0.444756 0.001731991 0.380248 0.005608975 0.381246 0.005960941 0.444892 0.001936972 0.444756 0.001936972 0.444756 0.005960941 0.444892 0.006224989 0.492646 0.001936972 0.444756 0.006224989 0.492646 0.002089977 0.493157 0.006224989 0.492646 0.001344978 0.558308 0.002089977 0.493157 0.006224989 0.492646 0.006967961 0.56144 0.001344978 0.558308 0.007216989 0.575431 0.001344978 0.558308 0.006967961 0.56144 0.007216989 0.575431 0.001007974 0.574027 0.001344978 0.558308 0.006712973 0.587724 0.001007974 0.574027 0.007216989 0.575431 0.006712973 0.587724 0.001996994 0.589584 0.001007974 0.574027 0.007027983 0.607981 0.001996994 0.589584 0.006712973 0.587724 0.00613296 0.04603999 0.001529991 0.06445795 9.15e-4 0.05156898 0.00613296 0.04603999 0.006923973 0.063811 0.001529991 0.06445795 0.001529991 0.06445795 0.006923973 0.063811 0.007593989 0.07496297 0.001529991 0.06445795 0.007593989 0.07496297 0.002199947 0.07560998 0.002199947 0.07560998 0.007593989 0.07496297 0.00741595 0.091461 0.002199947 0.07560998 0.00741595 0.091461 0.002948999 0.086438 0.00741595 0.091461 0.002691984 0.150705 0.002948999 0.086438 0.00741595 0.091461 0.006828963 0.1502349 0.002691984 0.150705 0.002691984 0.150705 0.006828963 0.1502349 0.003044962 0.156978 0.003044962 0.156978 0.006828963 0.1502349 0.006962954 0.164828 0.002814948 0.164568 0.003044962 0.156978 0.006962954 0.164828 0.006962954 0.164828 4.51e-4 0.208432 0.002814948 0.164568 0.006962954 0.164828 0.008530974 0.210757 4.51e-4 0.208432 0.008530974 0.210757 0.001305997 0.225879 4.51e-4 0.208432 0.008530974 0.210757 0.007713973 0.225634 0.001305997 0.225879 0.007713973 0.225634 5.37e-4 0.2444429 0.001305997 0.225879 0.007713973 0.225634 0.007207989 0.2430689 5.37e-4 0.2444429 5.37e-4 0.2444429 0.007207989 0.2430689 0.006501972 0.256589 0.789563 0.95802 0.715181 0.990983 0.758752 0.990985 0.789563 0.95802 0.684372 0.958014 0.715181 0.990983 0.789563 0.95802 0.684374 0.911392 0.684372 0.958014 0.789563 0.95802 0.716015 0.878426 0.684374 0.911392 0.789563 0.95802 0.757928 0.878428 0.716015 0.878426 0.789563 0.95802 0.789566 0.911397 0.757928 0.878428 0.808198 0.677858 0.807913 0.737594 0.829878 0.737618 0.811096 0.768853 0.829878 0.737618 0.807913 0.737594 0.811096 0.768853 0.829878 0.768779 0.829878 0.737618 0.829878 0.768779 0.811096 0.768853 0.81438 0.778288 0.81438 0.778288 0.821505 0.785465 0.829878 0.768779 0.829878 0.768779 0.821505 0.785465 0.829878 0.788872 0.829878 0.768779 0.829878 0.788872 0.93902 0.788872 0.829878 0.768779 0.93902 0.788872 0.93902 0.768779 0.93902 0.768779 0.93902 0.788872 0.947393 0.785465 0.947393 0.785465 0.954518 0.778288 0.93902 0.768779 0.93902 0.768779 0.954518 0.778288 0.957803 0.768853 0.93902 0.737618 0.93902 0.768779 0.957803 0.768853 0.93902 0.737618 0.957803 0.768853 0.960985 0.737593 0.93902 0.737618 0.960985 0.737593 0.9607 0.677858 0.93902 0.737618 0.9607 0.677858 0.93902 0.677879 0.957926 0.646657 0.93902 0.677879 0.9607 0.677858 0.957926 0.646657 0.93902 0.646718 0.93902 0.677879 0.93902 0.646718 0.957926 0.646657 0.954552 0.637273 0.954552 0.637273 0.947393 0.630032 0.93902 0.646718 0.93902 0.646718 0.947393 0.630032 0.93902 0.626625 0.93902 0.626625 0.829878 0.646718 0.93902 0.646718 0.93902 0.626625 0.829878 0.626625 0.829878 0.646718 0.829878 0.646718 0.829878 0.626625 0.821505 0.630032 0.821505 0.630032 0.814346 0.637274 0.829878 0.646718 0.829878 0.646718 0.814346 0.637274 0.810972 0.646657 0.829878 0.677879 0.829878 0.646718 0.810972 0.646657 0.829878 0.677879 0.810972 0.646657 0.808198 0.677858 0.808198 0.677858 0.829878 0.737618 0.829878 0.677879 0.829878 0.677879 0.829878 0.737618 0.93902 0.737618 0.829878 0.677879 0.93902 0.737618 0.93902 0.677879 0.717513 0.724354 0.685885 0.644759 0.685878 0.691382 0.717513 0.724354 0.716699 0.611797 0.685885 0.644759 0.717513 0.724354 0.760271 0.611804 0.716699 0.611797 0.717513 0.724354 0.791076 0.644776 0.760271 0.611804 0.717513 0.724354 0.791069 0.691399 0.791076 0.644776 0.717513 0.724354 0.759426 0.724361 0.791069 0.691399 0.604475 0.977505 0.514646 0.977505 0.514646 0.956656 0.604475 0.977505 0.514646 0.956656 0.604475 0.956656 0.604475 0.956656 0.514646 0.956656 0.514646 0.911756 0.604475 0.956656 0.514646 0.911756 0.604475 0.911756 0.604475 0.911756 0.514646 0.911756 0.514646 0.788491 0.604475 0.911756 0.514646 0.788491 0.604475 0.788491 0.604475 0.788491 0.514646 0.788491 0.514646 0.451123 0.604475 0.788491 0.514646 0.451123 0.604475 0.451123 0.514646 0.263054 0.604475 0.451123 0.514646 0.451123 0.514646 0.263054 0.604475 0.263054 0.604475 0.451123 0.604475 0.2240689 0.604475 0.263054 0.514646 0.263054 0.604475 0.2240689 0.514646 0.263054 0.514646 0.2240689 0.514646 0.206318 0.604475 0.2240689 0.514646 0.2240689 0.514646 0.206318 0.604475 0.206318 0.604475 0.2240689 0.604475 0.192126 0.604475 0.206318 0.514646 0.206318 0.604475 0.192126 0.514646 0.206318 0.514646 0.192125 0.604475 0.192126 0.514646 0.192125 0.514647 0.169669 0.604475 0.192126 0.514647 0.169669 0.604475 0.1696619 0.604475 0.1696619 0.514647 0.169669 0.514645 0.149448 0.604475 0.1696619 0.514645 0.149448 0.604474 0.149432 0.514645 0.149448 0.604472 0.127398 0.604474 0.149432 0.514645 0.149448 0.514644 0.127418 0.604472 0.127398 0.604472 0.127398 0.514644 0.127418 0.514639 0.07808595 0.604472 0.127398 0.514639 0.07808595 0.604467 0.07806199 0.02185195 0.529329 0.02725797 0.57326 0.023184 0.572212 0.02185195 0.529329 0.03000497 0.527662 0.02725797 0.57326 0.02306699 0.509153 0.03000497 0.527662 0.02185195 0.529329 0.02306699 0.509153 0.02848994 0.504792 0.03000497 0.527662 0.02347898 0.4927 0.02848994 0.504792 0.02306699 0.509153 0.02347898 0.4927 0.02837699 0.49267 0.02848994 0.504792 0.02347898 0.4927 0.029706 0.477579 0.02837699 0.49267 0.02347898 0.4927 0.02342295 0.477514 0.029706 0.477579 0.02999097 0.465255 0.029706 0.477579 0.02342295 0.477514 0.02999097 0.465255 0.02342295 0.477514 0.02427995 0.462483 0.02427995 0.462483 0.02841299 0.406329 0.02999097 0.465255 0.02427995 0.462483 0.02317297 0.407546 0.02841299 0.406329 0.02317297 0.407546 0.02843397 0.235931 0.02841299 0.406329 0.02317297 0.407546 0.02278494 0.235034 0.02843397 0.235931 0.02182197 0.184262 0.02843397 0.235931 0.02278494 0.235034 0.02182197 0.184262 0.02736896 0.180918 0.02843397 0.235931 0.02182197 0.184262 0.02644097 0.1538709 0.02736896 0.180918 0.02182197 0.184262 0.02275198 0.157779 0.02644097 0.1538709 0.02644097 0.1538709 0.02275198 0.157779 0.02251899 0.135666 0.02644097 0.1538709 0.02251899 0.135666 0.027107 0.137327 0.02251899 0.135666 0.02721697 0.116863 0.027107 0.137327 0.02251899 0.135666 0.02252095 0.117795 0.02721697 0.116863 0.02721697 0.116863 0.02252095 0.117795 0.022125 0.09471297 0.02721697 0.116863 0.022125 0.09471297 0.02663195 0.09674799 0.022125 0.09471297 0.02772295 0.05404895 0.02663195 0.09674799 0.022125 0.09471297 0.02323895 0.05192095 0.02772295 0.05404895 0.02772295 0.05404895 0.02323895 0.05192095 0.02318495 0.03085398 0.02772295 0.05404895 0.02318495 0.03085398 0.02777397 0.02919799 0.02777397 0.02919799 0.02318495 0.03085398 0.02306097 0.007826983 0.02777397 0.02919799 0.02306097 0.007826983 0.02765399 0.009455978 0.684374 0.911392 0.715181 0.990983 0.684372 0.958014 0.684374 0.911392 0.758752 0.990985 0.715181 0.990983 0.684374 0.911392 0.789563 0.95802 0.758752 0.990985 0.684374 0.911392 0.789566 0.911397 0.789563 0.95802 0.684374 0.911392 0.757928 0.878428 0.789566 0.911397 0.684374 0.911392 0.716015 0.878426 0.757928 0.878428 0.800855 0.629512 0.814346 0.637274 0.810972 0.646657 0.800855 0.629512 0.810972 0.646657 0.79793 0.63887 0.79392 0.677577 0.79793 0.63887 0.810972 0.646657 0.79392 0.677577 0.810972 0.646657 0.808198 0.677858 0.808198 0.677858 0.79335 0.737311 0.79392 0.677577 0.808198 0.677858 0.807913 0.737594 0.79335 0.737311 0.79335 0.737311 0.807913 0.737594 0.811096 0.768853 0.79335 0.737311 0.811096 0.768853 0.798034 0.776176 0.811096 0.768853 0.800779 0.785636 0.798034 0.776176 0.811096 0.768853 0.81438 0.778288 0.800779 0.785636 0.685885 0.644759 0.717513 0.724354 0.685878 0.691382 0.685885 0.644759 0.759426 0.724361 0.717513 0.724354 0.685885 0.644759 0.791069 0.691399 0.759426 0.724361 0.685885 0.644759 0.791076 0.644776 0.791069 0.691399 0.685885 0.644759 0.760271 0.611804 0.791076 0.644776 0.685885 0.644759 0.716699 0.611797 0.760271 0.611804</float_array>
          <technique_common>
            <accessor source="#fob_e_sniperrifle-mesh-map-0-array" count="8607" stride="2">
              <param name="S" type="float"/>
              <param name="T" type="float"/>
            </accessor>
          </technique_common>
        </source>
        <vertices id="fob_e_sniperrifle-mesh-vertices">
          <input semantic="POSITION" source="#fob_e_sniperrifle-mesh-positions"/>
        </vertices>
        <triangles material="fob_engy-material" count="1531">
          <input semantic="VERTEX" source="#fob_e_sniperrifle-mesh-vertices" offset="0"/>
          <input semantic="NORMAL" source="#fob_e_sniperrifle-mesh-normals" offset="1"/>
          <input semantic="TEXCOORD" source="#fob_e_sniperrifle-mesh-map-0" offset="2" set="0"/>
          <p>0 0 0 1 1 1 2 2 2 3 3 3 4 4 4 5 5 5 6 6 6 4 4 7 3 3 8 7 7 9 8 8 10 9 9 11 7 7 12 9 9 13 10 10 14 10 10 15 9 9 16 11 11 17 10 10 18 11 11 19 12 12 20 11 11 21 13 13 22 12 12 23 12 12 24 13 13 25 14 14 26 13 13 27 3 3 28 14 14 29 14 14 30 3 3 31 15 15 32 3 3 33 5 5 34 15 15 35 15 15 36 5 5 37 16 16 38 17 17 39 10 10 40 18 18 41 17 17 42 7 7 43 10 10 44 19 19 45 17 17 46 20 20 47 19 19 48 21 21 49 17 17 50 21 21 51 7 7 52 17 17 53 21 21 54 22 22 55 7 7 56 22 22 57 8 8 58 7 7 59 22 22 60 23 23 61 8 8 62 24 24 63 8 8 64 23 23 65 24 24 66 23 23 67 25 25 68 25 25 69 23 23 70 26 26 71 18 18 72 10 10 73 12 12 74 18 18 75 12 12 76 27 27 77 12 12 78 14 14 79 27 27 80 27 27 81 14 14 82 28 28 83 14 14 84 15 15 85 28 28 86 28 28 87 15 15 88 29 29 89 15 15 90 16 16 91 29 29 92 30 30 93 29 29 94 16 16 95 30 30 96 31 31 97 29 29 98 32 32 99 31 31 100 30 30 101 32 32 102 33 33 103 31 31 104 34 34 105 33 33 106 32 32 107 34 34 108 35 35 109 33 33 110 34 34 111 36 36 112 35 35 113 36 36 114 27 27 115 35 35 116 36 36 117 18 18 118 27 27 119 20 20 120 18 18 121 36 36 122 20 20 123 17 17 124 18 18 125 27 27 126 28 28 127 35 35 128 35 35 129 31 31 130 33 33 131 35 35 132 28 28 133 31 31 134 28 28 135 29 29 136 31 31 137 34 34 138 32 32 139 37 37 140 38 38 141 34 34 142 37 37 143 38 38 144 36 36 145 34 34 146 38 38 147 20 20 148 36 36 149 39 39 150 20 20 151 38 38 152 39 39 153 19 19 154 20 20 155 38 38 156 37 37 157 39 39 158 40 40 159 41 41 160 42 42 161 40 40 162 43 43 163 41 41 164 40 40 165 44 44 166 43 43 167 40 40 168 45 45 169 44 44 170 46 46 171 44 44 172 45 45 173 46 46 174 47 47 175 44 44 176 47 47 177 46 46 178 48 48 179 47 47 180 48 48 181 49 49 182 49 49 183 48 48 184 50 50 185 49 49 186 50 50 187 51 51 188 52 52 189 51 51 190 50 50 191 52 52 192 53 53 193 51 51 194 54 54 195 53 53 196 52 52 197 54 54 198 55 55 199 53 53 200 56 56 201 55 55 202 54 54 203 56 56 204 57 57 205 55 55 206 58 58 207 57 57 208 56 56 209 58 58 210 59 59 211 57 57 212 58 58 213 60 60 214 59 59 215 58 58 216 61 61 217 60 60 218 61 61 219 62 62 220 60 60 221 61 61 222 63 63 223 62 62 224 63 63 225 64 64 226 62 62 227 63 63 228 65 65 229 64 64 230 65 65 231 66 66 232 64 64 233 65 65 234 67 67 235 66 66 236 68 68 237 66 66 238 67 67 239 68 68 240 67 67 241 69 69 242 70 70 243 68 68 244 69 69 245 70 70 246 69 69 247 71 71 248 71 71 249 41 41 250 70 70 251 71 71 252 42 42 253 41 41 254 72 72 255 73 73 256 74 74 257 72 72 258 74 74 259 75 75 260 76 76 261 72 72 262 75 75 263 77 77 264 72 72 265 76 76 266 78 78 267 72 72 268 77 77 269 78 78 270 77 77 271 79 79 272 79 79 273 80 80 274 78 78 275 81 81 276 78 78 277 80 80 278 81 81 279 82 82 280 78 78 281 72 83 282 83 84 283 73 85 284 72 83 285 84 86 286 83 84 287 78 87 288 85 88 289 86 89 290 78 87 291 82 90 292 85 88 293 62 91 294 87 92 295 88 93 296 62 91 297 64 94 298 87 92 299 87 92 300 66 95 301 89 96 302 87 92 303 64 94 304 66 95 305 66 95 306 90 97 307 89 96 308 66 95 309 68 98 310 90 97 311 90 97 312 70 99 313 91 100 314 90 97 315 68 98 316 70 99 317 70 99 318 92 101 319 91 100 320 70 99 321 41 102 322 92 101 323 93 103 324 62 91 325 88 93 326 93 103 327 60 104 328 62 91 329 92 101 330 41 102 331 43 105 332 92 101 333 43 105 334 94 106 335 43 105 336 95 107 337 94 106 338 43 105 339 44 108 340 95 107 341 95 107 342 47 109 343 96 110 344 95 107 345 44 108 346 47 109 347 47 109 348 97 111 349 96 110 350 47 109 351 49 112 352 97 111 353 97 111 354 51 113 355 98 114 356 97 111 357 49 112 358 51 113 359 51 113 360 99 115 361 98 114 362 51 113 363 53 116 364 99 115 365 99 115 366 55 117 367 100 118 368 99 115 369 53 116 370 55 117 371 55 117 372 101 119 373 100 118 374 55 117 375 57 120 376 101 119 377 59 121 378 60 104 379 93 103 380 59 121 381 93 103 382 102 122 383 101 119 384 59 121 385 102 122 386 101 119 387 57 120 388 59 121 389 103 123 390 104 124 391 105 125 392 103 123 393 106 126 394 104 124 395 106 126 396 107 127 397 104 124 398 106 126 399 108 128 400 107 127 401 108 128 402 109 129 403 107 127 404 108 128 405 110 130 406 109 129 407 109 129 408 110 130 409 111 131 410 109 129 411 111 131 412 112 132 413 105 125 414 113 133 415 103 123 416 113 133 417 114 134 418 103 123 419 103 123 420 114 134 421 115 135 422 115 135 423 116 136 424 103 123 425 115 135 426 117 137 427 116 136 428 116 136 429 117 137 430 118 138 431 116 136 432 118 138 433 119 139 434 119 139 435 118 138 436 120 140 437 121 141 438 119 139 439 120 140 440 122 142 441 119 139 442 121 141 443 119 139 444 122 142 445 123 143 446 119 139 447 123 143 448 124 144 449 119 139 450 124 144 451 125 145 452 125 145 453 116 136 454 119 139 455 125 145 456 126 146 457 116 136 458 127 147 459 116 136 460 126 146 461 127 147 462 103 123 463 116 136 464 103 123 465 127 147 466 106 126 467 128 148 468 86 149 469 85 150 470 128 148 471 129 151 472 86 149 473 78 152 474 129 153 475 130 154 476 78 152 477 86 155 478 129 153 479 84 156 480 131 157 481 83 158 482 84 156 483 132 159 484 131 157 485 132 160 486 72 161 487 133 162 488 132 160 489 84 163 490 72 161 491 72 164 492 130 165 493 133 166 494 72 164 495 78 167 496 130 165 497 134 168 498 135 169 499 136 170 500 134 168 501 137 171 502 135 169 503 137 171 504 138 172 505 135 169 506 137 171 507 139 173 508 138 172 509 140 174 510 139 173 511 137 171 512 141 175 513 140 174 514 137 171 515 141 175 516 137 171 517 134 168 518 140 174 519 142 176 520 139 173 521 143 177 522 144 178 523 145 179 524 144 178 525 143 177 526 146 180 527 146 180 528 143 177 529 136 170 530 134 181 531 136 170 532 143 177 533 144 178 534 146 180 535 147 182 536 148 183 537 149 184 538 150 185 539 151 186 540 148 183 541 150 185 542 151 186 543 150 185 544 152 187 545 153 188 546 151 186 547 152 187 548 153 188 549 152 187 550 154 189 551 154 189 552 141 190 553 153 188 554 134 181 555 153 188 556 141 190 557 134 181 558 155 191 559 153 188 560 134 181 561 143 177 562 155 191 563 155 191 564 143 177 565 156 192 566 143 177 567 145 179 568 156 192 569 156 192 570 145 179 571 157 193 572 156 192 573 157 193 574 158 194 575 157 193 576 159 195 577 158 194 578 160 196 579 158 194 580 159 195 581 161 197 582 160 196 583 159 195 584 162 198 585 160 196 586 161 197 587 163 199 588 162 198 589 161 197 590 163 199 591 161 197 592 164 200 593 164 200 594 161 197 595 165 201 596 161 197 597 159 195 598 165 201 599 164 200 600 165 201 601 166 202 602 166 202 603 167 203 604 168 204 605 166 202 606 165 201 607 167 203 608 169 205 609 167 203 610 165 201 611 170 206 612 169 205 613 165 201 614 170 206 615 165 201 616 159 195 617 157 193 618 170 206 619 159 195 620 171 207 621 154 189 622 152 208 623 154 189 624 171 207 625 141 190 626 171 207 627 172 209 628 173 210 629 171 207 630 174 211 631 172 209 632 171 207 633 152 208 634 174 211 635 175 212 636 174 211 637 152 208 638 175 212 639 176 213 640 174 211 641 177 214 642 176 213 643 175 212 644 177 214 645 178 215 646 176 213 647 140 174 648 179 216 649 142 176 650 140 174 651 180 217 652 179 216 653 141 175 654 180 217 655 140 174 656 141 175 657 171 218 658 180 217 659 6 219 660 180 217 661 171 218 662 6 219 663 181 220 664 180 217 665 181 220 666 179 216 667 180 217 668 181 220 669 182 221 670 179 216 671 183 222 672 184 223 673 185 224 674 184 223 675 186 225 676 187 226 677 184 223 678 81 227 679 186 225 680 81 227 681 184 223 682 82 228 683 183 222 684 82 228 685 184 223 686 183 222 687 85 229 688 82 228 689 183 222 690 128 230 691 85 229 692 188 231 693 189 232 694 190 233 695 83 234 696 131 235 697 189 232 698 83 234 699 189 232 700 73 236 701 188 231 702 73 236 703 189 232 704 73 236 705 188 231 706 74 237 707 191 238 708 74 237 709 188 231 710 191 239 711 188 240 712 192 241 713 193 242 714 194 243 715 195 244 716 194 243 717 196 245 718 195 244 719 194 243 720 197 246 721 196 245 722 198 247 723 196 245 724 197 246 725 198 247 726 199 248 727 196 245 728 200 249 729 199 248 730 198 247 731 200 249 732 201 250 733 199 248 734 193 242 735 201 250 736 200 249 737 193 242 738 202 251 739 201 250 740 193 242 741 195 244 742 202 251 743 196 245 744 202 251 745 195 244 746 196 245 747 201 250 748 202 251 749 196 245 750 199 248 751 201 250 752 136 170 753 203 252 754 204 253 755 136 170 756 135 169 757 203 252 758 135 169 759 205 254 760 203 252 761 135 169 762 138 172 763 205 254 764 136 170 765 204 253 766 146 180 767 146 180 768 204 253 769 206 255 770 204 253 771 0 256 772 206 255 773 0 256 774 204 253 775 203 252 776 0 256 777 203 252 778 207 257 779 207 257 780 203 252 781 205 254 782 207 257 783 205 254 784 208 258 785 209 259 786 210 260 787 211 261 788 209 259 789 212 262 790 210 260 791 213 263 792 214 264 793 215 265 794 213 263 795 216 266 796 214 264 797 217 267 798 214 264 799 216 266 800 217 267 801 218 268 802 214 264 803 218 268 804 217 267 805 219 269 806 218 268 807 219 269 808 220 270 809 220 270 810 219 269 811 221 271 812 220 270 813 221 271 814 222 272 815 220 270 816 222 272 817 209 259 818 220 270 819 209 259 820 211 261 821 220 270 822 211 261 823 223 273 824 220 270 825 223 273 826 218 268 827 223 273 828 214 264 829 218 268 830 223 273 831 224 274 832 214 264 833 210 260 834 223 273 835 211 261 836 210 260 837 225 275 838 223 273 839 224 274 840 223 273 841 225 275 842 224 274 843 225 275 844 226 276 845 227 277 846 224 274 847 226 276 848 227 277 849 228 278 850 224 274 851 229 279 852 228 278 853 227 277 854 229 279 855 230 280 856 228 278 857 230 280 858 229 279 859 231 281 860 230 280 861 231 281 862 232 282 863 231 281 864 233 283 865 232 282 866 234 284 867 232 282 868 233 283 869 234 284 870 233 283 871 235 285 872 235 285 873 236 286 874 234 284 875 236 286 876 237 287 877 234 284 878 236 286 879 238 288 880 237 287 881 215 265 882 237 287 883 238 288 884 215 265 885 238 288 886 213 263 887 230 280 888 232 282 889 234 284 890 230 280 891 234 284 892 237 287 893 215 265 894 230 280 895 237 287 896 235 285 897 239 289 898 236 286 899 231 281 900 240 290 901 233 283 902 215 265 903 228 278 904 230 280 905 228 278 906 215 265 907 214 264 908 228 278 909 214 264 910 224 274 911 160 196 912 241 291 913 158 194 914 242 292 915 241 291 916 160 196 917 242 292 918 243 293 919 241 291 920 244 294 921 243 293 922 242 292 923 244 294 924 245 295 925 243 293 926 162 198 927 242 292 928 160 196 929 246 296 930 242 292 931 162 198 932 246 296 933 244 294 934 242 292 935 247 297 936 244 294 937 246 296 938 247 297 939 248 298 940 244 294 941 248 298 942 245 295 943 244 294 944 248 298 945 249 299 946 245 295 947 250 300 948 162 198 949 163 199 950 250 300 951 246 296 952 162 198 953 251 301 954 246 296 955 250 300 956 251 301 957 247 297 958 246 296 959 252 302 960 247 297 961 251 301 962 252 302 963 248 298 964 247 297 965 248 298 966 252 302 967 253 303 968 248 298 969 253 303 970 249 299 971 253 303 972 254 304 973 249 299 974 245 295 975 249 299 976 254 304 977 245 295 978 254 304 979 255 305 980 243 293 981 245 295 982 255 305 983 243 293 984 255 305 985 256 306 986 256 306 987 241 291 988 243 293 989 256 306 990 257 307 991 241 291 992 257 307 993 158 194 994 241 291 995 257 307 996 156 192 997 158 194 998 155 191 999 156 192 1000 257 307 1001 153 188 1002 155 191 1003 257 307 1004 153 188 1005 257 307 1006 256 306 1007 256 306 1008 151 186 1009 153 188 1010 256 306 1011 255 305 1012 151 186 1013 255 305 1014 148 183 1015 151 186 1016 255 305 1017 254 304 1018 148 183 1019 148 183 1020 254 304 1021 149 184 1022 253 303 1023 149 184 1024 254 304 1025 171 308 1026 173 308 1027 6 308 1028 258 309 1029 259 310 1030 260 311 1031 261 312 1032 258 309 1033 260 311 1034 258 309 1035 261 312 1036 262 313 1037 261 312 1038 263 314 1039 262 313 1040 263 314 1041 264 315 1042 262 313 1043 265 316 1044 262 313 1045 264 315 1046 265 316 1047 266 317 1048 262 313 1049 265 316 1050 267 318 1051 266 317 1052 261 312 1053 260 311 1054 268 319 1055 268 319 1056 269 320 1057 261 312 1058 263 314 1059 261 312 1060 269 320 1061 263 314 1062 269 320 1063 270 321 1064 270 321 1065 271 322 1066 263 314 1067 263 314 1068 271 322 1069 272 323 1070 263 314 1071 272 323 1072 273 324 1073 263 314 1074 273 324 1075 264 315 1076 264 315 1077 273 324 1078 274 325 1079 264 315 1080 274 325 1081 275 326 1082 264 315 1083 275 326 1084 265 316 1085 265 316 1086 275 326 1087 276 327 1088 265 316 1089 276 327 1090 267 318 1091 276 327 1092 277 328 1093 267 318 1094 267 318 1095 277 328 1096 266 317 1097 278 329 1098 266 317 1099 277 328 1100 278 329 1101 279 330 1102 266 317 1103 278 329 1104 280 331 1105 279 330 1106 276 327 1107 281 332 1108 277 328 1109 281 332 1110 278 329 1111 277 328 1112 281 332 1113 282 333 1114 278 329 1115 278 329 1116 282 333 1117 283 334 1118 278 329 1119 283 334 1120 280 331 1121 283 334 1122 284 335 1123 280 331 1124 280 331 1125 284 335 1126 285 336 1127 279 330 1128 280 331 1129 286 337 1130 285 336 1131 286 337 1132 280 331 1133 285 336 1134 287 338 1135 286 337 1136 286 337 1137 287 338 1138 288 339 1139 286 337 1140 288 339 1141 289 340 1142 289 340 1143 288 339 1144 259 310 1145 289 340 1146 259 310 1147 290 341 1148 258 309 1149 290 341 1150 259 310 1151 290 341 1152 258 309 1153 291 342 1154 258 309 1155 262 313 1156 291 342 1157 291 342 1158 262 313 1159 292 343 1160 262 313 1161 266 317 1162 292 343 1163 292 343 1164 266 317 1165 279 330 1166 292 343 1167 279 330 1168 291 342 1169 291 342 1170 279 330 1171 286 337 1172 291 342 1173 286 337 1174 289 340 1175 291 342 1176 289 340 1177 290 341 1178 293 344 1179 208 345 1180 294 346 1181 208 345 1182 205 347 1183 294 346 1184 205 347 1185 138 348 1186 294 346 1187 138 348 1188 139 349 1189 294 346 1190 139 349 1191 142 350 1192 294 346 1193 142 350 1194 179 351 1195 294 346 1196 179 351 1197 182 352 1198 294 346 1199 182 352 1200 293 344 1201 294 346 1202 213 263 1203 227 277 1204 226 276 1205 213 263 1206 226 276 1207 216 266 1208 225 275 1209 216 266 1210 226 276 1211 225 275 1212 217 267 1213 216 266 1214 225 275 1215 219 269 1216 217 267 1217 225 275 1218 210 260 1219 219 269 1220 219 269 1221 210 260 1222 212 262 1223 219 269 1224 212 262 1225 221 271 1226 221 271 1227 212 262 1228 240 290 1229 221 271 1230 240 290 1231 239 289 1232 222 272 1233 221 271 1234 239 289 1235 222 272 1236 239 289 1237 235 285 1238 222 272 1239 235 285 1240 233 283 1241 222 272 1242 233 283 1243 209 259 1244 209 259 1245 233 283 1246 240 290 1247 209 259 1248 240 290 1249 212 262 1250 295 353 1251 296 354 1252 297 355 1253 295 353 1254 298 356 1255 296 354 1256 299 357 1257 298 356 1258 295 353 1259 299 357 1260 300 358 1261 298 356 1262 299 357 1263 301 359 1264 300 358 1265 299 357 1266 302 360 1267 301 359 1268 163 361 1269 301 359 1270 302 360 1271 163 361 1272 303 362 1273 301 359 1274 164 363 1275 303 362 1276 163 361 1277 164 363 1278 304 364 1279 303 362 1280 305 365 1281 304 364 1282 164 363 1283 305 365 1284 164 363 1285 166 366 1286 306 367 1287 307 368 1288 308 369 1289 306 367 1290 309 370 1291 307 368 1292 310 371 1293 307 368 1294 309 370 1295 310 371 1296 311 372 1297 307 368 1298 312 373 1299 311 372 1300 310 371 1301 312 373 1302 313 374 1303 311 372 1304 314 375 1305 313 374 1306 312 373 1307 314 375 1308 312 373 1309 315 376 1310 314 375 1311 315 376 1312 316 377 1313 314 375 1314 316 377 1315 317 378 1316 318 379 1317 178 380 1318 177 381 1319 318 379 1320 319 382 1321 178 380 1322 320 383 1323 319 382 1324 318 379 1325 320 383 1326 321 384 1327 319 382 1328 320 383 1329 296 385 1330 321 384 1331 320 383 1332 297 386 1333 296 385 1334 322 387 1335 323 388 1336 324 389 1337 322 387 1338 325 390 1339 323 388 1340 325 390 1341 326 391 1342 323 388 1343 325 390 1344 327 392 1345 326 391 1346 328 393 1347 326 391 1348 327 392 1349 328 393 1350 329 394 1351 326 391 1352 306 395 1353 329 394 1354 328 393 1355 306 395 1356 308 396 1357 329 394 1358 330 397 1359 331 398 1360 332 399 1361 333 400 1362 330 397 1363 334 401 1364 330 397 1365 332 399 1366 334 401 1367 334 401 1368 332 399 1369 335 402 1370 336 403 1371 335 402 1372 332 399 1373 336 403 1374 0 404 1375 207 405 1376 336 403 1377 332 399 1378 0 404 1379 332 399 1380 1 406 1381 0 404 1382 1 406 1383 332 399 1384 331 398 1385 1 406 1386 331 398 1387 337 407 1388 337 407 1389 338 408 1390 1 406 1391 339 409 1392 8 8 1393 24 24 1394 340 410 1395 8 8 1396 339 409 1397 340 410 1398 9 9 1399 8 8 1400 333 400 1401 9 9 1402 340 410 1403 333 400 1404 11 11 1405 9 9 1406 333 400 1407 334 401 1408 11 11 1409 11 11 1410 334 401 1411 13 13 1412 334 401 1413 335 402 1414 13 13 1415 13 13 1416 335 402 1417 3 3 1418 336 403 1419 3 3 1420 335 402 1421 336 403 1422 6 6 1423 3 3 1424 6 6 1425 336 403 1426 341 411 1427 6 6 1428 341 411 1429 181 412 1430 341 411 1431 182 413 1432 181 412 1433 341 411 1434 293 414 1435 182 413 1436 341 411 1437 208 415 1438 293 414 1439 341 411 1440 207 405 1441 208 415 1442 336 403 1443 207 405 1444 341 411 1445 342 416 1446 322 417 1447 324 418 1448 342 416 1449 343 419 1450 322 417 1451 344 420 1452 343 419 1453 342 416 1454 344 420 1455 342 416 1456 345 421 1457 345 421 1458 346 422 1459 344 420 1460 345 421 1461 347 423 1462 346 422 1463 346 422 1464 347 423 1465 348 424 1466 346 422 1467 348 424 1468 349 425 1469 348 424 1470 350 426 1471 349 425 1472 348 424 1473 351 427 1474 350 426 1475 352 428 1476 353 429 1477 354 430 1478 352 428 1479 355 431 1480 353 429 1481 356 432 1482 357 433 1483 358 434 1484 356 432 1485 359 435 1486 357 433 1487 354 430 1488 359 435 1489 356 432 1490 354 430 1491 356 432 1492 360 436 1493 352 428 1494 354 430 1495 360 436 1496 352 428 1497 360 436 1498 361 437 1499 352 428 1500 361 437 1501 362 438 1502 352 428 1503 362 438 1504 363 439 1505 356 440 1506 308 441 1507 307 442 1508 356 440 1509 358 443 1510 308 441 1511 358 443 1512 329 444 1513 308 441 1514 358 443 1515 364 445 1516 329 444 1517 326 446 1518 329 444 1519 364 445 1520 326 446 1521 364 445 1522 365 447 1523 366 448 1524 326 446 1525 365 447 1526 366 448 1527 323 449 1528 326 446 1529 367 450 1530 323 449 1531 366 448 1532 367 450 1533 324 451 1534 323 449 1535 368 452 1536 324 451 1537 367 450 1538 368 452 1539 342 453 1540 324 451 1541 369 454 1542 370 455 1543 371 456 1544 369 454 1545 372 457 1546 370 455 1547 373 458 1548 368 459 1549 367 460 1550 373 458 1551 374 461 1552 368 459 1553 368 459 1554 374 461 1555 372 457 1556 368 459 1557 372 457 1558 375 462 1559 369 454 1560 375 462 1561 372 457 1562 369 454 1563 376 463 1564 375 462 1565 369 454 1566 377 464 1567 376 463 1568 369 454 1569 378 465 1570 377 464 1571 379 466 1572 380 467 1573 381 468 1574 379 466 1575 382 469 1576 380 467 1577 382 469 1578 383 470 1579 380 467 1580 382 469 1581 384 471 1582 383 470 1583 384 471 1584 385 472 1585 383 470 1586 384 471 1587 386 473 1588 385 472 1589 386 473 1590 387 474 1591 385 472 1592 386 473 1593 388 475 1594 387 474 1595 389 476 1596 387 474 1597 388 475 1598 389 476 1599 390 477 1600 387 474 1601 391 478 1602 390 477 1603 389 476 1604 391 478 1605 392 479 1606 390 477 1607 393 480 1608 392 479 1609 391 478 1610 393 480 1611 394 481 1612 392 479 1613 395 482 1614 394 481 1615 393 480 1616 395 482 1617 396 483 1618 394 481 1619 397 484 1620 396 483 1621 395 482 1622 397 484 1623 398 485 1624 396 483 1625 399 486 1626 398 485 1627 397 484 1628 399 486 1629 400 487 1630 398 485 1631 401 488 1632 400 487 1633 399 486 1634 401 488 1635 402 489 1636 400 487 1637 403 490 1638 402 489 1639 401 488 1640 403 490 1641 404 491 1642 402 489 1643 405 492 1644 404 491 1645 403 490 1646 405 492 1647 406 493 1648 404 491 1649 379 466 1650 406 493 1651 405 492 1652 379 466 1653 381 468 1654 406 493 1655 407 494 1656 408 495 1657 409 496 1658 410 497 1659 408 495 1660 407 494 1661 410 497 1662 411 498 1663 408 495 1664 412 499 1665 411 498 1666 410 497 1667 412 499 1668 413 500 1669 411 498 1670 412 499 1671 414 501 1672 413 500 1673 412 499 1674 415 502 1675 414 501 1676 415 502 1677 416 503 1678 414 501 1679 415 502 1680 417 504 1681 416 503 1682 418 505 1683 416 503 1684 417 504 1685 418 505 1686 419 506 1687 416 503 1688 420 507 1689 419 506 1690 418 505 1691 420 507 1692 421 508 1693 419 506 1694 422 509 1695 421 508 1696 420 507 1697 422 509 1698 423 510 1699 421 508 1700 422 509 1701 424 511 1702 423 510 1703 422 509 1704 425 512 1705 424 511 1706 425 512 1707 426 513 1708 424 511 1709 425 512 1710 427 514 1711 426 513 1712 427 514 1713 428 515 1714 426 513 1715 427 514 1716 429 516 1717 428 515 1718 429 516 1719 430 517 1720 428 515 1721 429 516 1722 431 518 1723 430 517 1724 432 519 1725 430 517 1726 431 518 1727 432 519 1728 433 520 1729 430 517 1730 434 521 1731 433 520 1732 432 519 1733 434 521 1734 409 496 1735 433 520 1736 407 494 1737 409 496 1738 434 521 1739 359 522 1740 309 523 1741 306 524 1742 359 522 1743 306 524 1744 357 525 1745 435 526 1746 357 525 1747 306 524 1748 435 526 1749 306 524 1750 328 527 1751 435 526 1752 328 527 1753 327 528 1754 435 526 1755 327 528 1756 436 529 1757 327 528 1758 437 530 1759 436 529 1760 327 528 1761 325 531 1762 437 530 1763 322 532 1764 437 530 1765 325 531 1766 322 532 1767 373 533 1768 437 530 1769 322 532 1770 374 534 1771 373 533 1772 322 532 1773 343 535 1774 374 534 1775 380 536 1776 407 537 1777 434 538 1778 383 539 1779 407 537 1780 380 536 1781 383 539 1782 410 540 1783 407 537 1784 383 539 1785 412 541 1786 410 540 1787 383 539 1788 385 542 1789 412 541 1790 385 542 1791 415 543 1792 412 541 1793 385 542 1794 387 544 1795 415 543 1796 387 544 1797 417 545 1798 415 543 1799 387 544 1800 390 546 1801 417 545 1802 392 547 1803 417 545 1804 390 546 1805 392 547 1806 418 548 1807 417 545 1808 392 547 1809 420 549 1810 418 548 1811 392 547 1812 394 550 1813 420 549 1814 394 550 1815 422 551 1816 420 549 1817 394 550 1818 396 552 1819 422 551 1820 398 553 1821 422 551 1822 396 552 1823 398 553 1824 425 554 1825 422 551 1826 400 555 1827 425 554 1828 398 553 1829 400 555 1830 427 556 1831 425 554 1832 402 557 1833 427 556 1834 400 555 1835 402 557 1836 429 558 1837 427 556 1838 402 557 1839 431 559 1840 429 558 1841 402 557 1842 404 560 1843 431 559 1844 406 561 1845 431 559 1846 404 560 1847 406 561 1848 432 562 1849 431 559 1850 406 561 1851 434 538 1852 432 562 1853 406 561 1854 381 563 1855 434 538 1856 380 536 1857 434 538 1858 381 563 1859 366 564 1860 373 565 1861 367 566 1862 366 564 1863 437 567 1864 373 565 1865 365 568 1866 437 567 1867 366 564 1868 365 568 1869 436 569 1870 437 567 1871 365 568 1872 435 570 1873 436 569 1874 365 568 1875 364 571 1876 435 570 1877 357 572 1878 435 570 1879 364 571 1880 357 572 1881 364 571 1882 358 573 1883 438 574 1884 439 575 1885 440 576 1886 438 577 1887 441 578 1888 439 579 1889 438 580 1890 442 581 1891 441 582 1892 438 580 1893 443 583 1894 442 581 1895 444 584 1896 442 581 1897 443 583 1898 444 584 1899 445 585 1900 442 581 1901 446 586 1902 445 587 1903 444 588 1904 446 589 1905 447 590 1906 445 591 1907 448 592 1908 449 593 1909 450 594 1910 448 592 1911 451 595 1912 449 593 1913 451 595 1914 452 596 1915 449 593 1916 451 595 1917 453 597 1918 452 596 1919 453 598 1920 454 599 1921 455 600 1922 453 598 1923 451 601 1924 454 599 1925 451 601 1926 456 602 1927 454 599 1928 451 601 1929 448 603 1930 456 602 1931 452 604 1932 455 605 1933 457 606 1934 452 604 1935 453 607 1936 455 605 1937 448 608 1938 458 609 1939 456 610 1940 448 608 1941 450 611 1942 458 609 1943 459 612 1944 118 613 1945 117 614 1946 459 612 1947 460 615 1948 118 613 1949 460 616 1950 120 617 1951 118 618 1952 460 616 1953 461 619 1954 120 617 1955 461 619 1956 121 620 1957 120 617 1958 461 619 1959 462 621 1960 121 620 1961 115 622 1962 459 612 1963 117 614 1964 115 622 1965 463 623 1966 459 612 1967 464 624 1968 465 625 1969 466 626 1970 464 624 1971 467 627 1972 465 625 1973 465 625 1974 467 627 1975 468 628 1976 465 625 1977 468 628 1978 469 629 1979 468 628 1980 470 630 1981 469 629 1982 468 628 1983 471 631 1984 470 630 1985 471 631 1986 472 632 1987 470 630 1988 471 631 1989 473 633 1990 472 632 1991 473 633 1992 474 634 1993 472 632 1994 473 633 1995 475 635 1996 474 634 1997 476 636 1998 474 634 1999 475 635 2000 476 636 2001 475 635 2002 477 637 2003 478 638 2004 476 636 2005 477 637 2006 478 638 2007 477 637 2008 479 639 2009 479 639 2010 480 640 2011 478 638 2012 479 639 2013 481 641 2014 480 640 2015 481 641 2016 482 642 2017 480 640 2018 481 641 2019 483 643 2020 482 642 2021 484 644 2022 482 642 2023 483 643 2024 484 644 2025 485 645 2026 482 642 2027 486 646 2028 485 645 2029 484 644 2030 486 646 2031 487 647 2032 485 645 2033 488 648 2034 487 647 2035 486 646 2036 488 648 2037 489 649 2038 487 647 2039 490 650 2040 489 649 2041 488 648 2042 490 650 2043 491 651 2044 489 649 2045 491 651 2046 490 650 2047 492 652 2048 491 651 2049 492 652 2050 493 653 2051 493 653 2052 492 652 2053 494 654 2054 493 653 2055 494 654 2056 495 655 2057 495 655 2058 494 654 2059 464 624 2060 495 655 2061 464 624 2062 466 626 2063 416 656 2064 419 657 2065 496 658 2066 419 657 2067 421 659 2068 496 658 2069 421 659 2070 423 660 2071 496 658 2072 423 660 2073 424 661 2074 496 658 2075 424 661 2076 426 662 2077 496 658 2078 426 662 2079 428 663 2080 496 658 2081 428 663 2082 430 664 2083 496 658 2084 430 664 2085 433 665 2086 496 658 2087 433 665 2088 409 666 2089 496 658 2090 409 666 2091 408 667 2092 496 658 2093 408 667 2094 411 668 2095 496 658 2096 411 668 2097 413 669 2098 496 658 2099 413 669 2100 414 670 2101 496 658 2102 414 670 2103 416 656 2104 496 658 2105 497 671 2106 438 672 2107 440 673 2108 497 671 2109 443 674 2110 438 672 2111 446 675 2112 443 674 2113 497 671 2114 446 675 2115 444 676 2116 443 674 2117 498 677 2118 486 678 2119 499 679 2120 498 677 2121 488 680 2122 486 678 2123 498 677 2124 490 681 2125 488 680 2126 498 677 2127 500 682 2128 490 681 2129 501 683 2130 490 681 2131 500 682 2132 501 683 2133 492 684 2134 490 681 2135 501 683 2136 494 685 2137 492 684 2138 501 683 2139 502 686 2140 494 685 2141 503 687 2142 494 685 2143 502 686 2144 503 687 2145 464 688 2146 494 685 2147 504 689 2148 486 678 2149 484 690 2150 504 689 2151 499 679 2152 486 678 2153 505 691 2154 483 692 2155 481 693 2156 505 691 2157 506 694 2158 483 692 2159 504 689 2160 483 692 2161 506 694 2162 504 689 2163 484 690 2164 483 692 2165 505 691 2166 479 695 2167 507 696 2168 505 691 2169 481 693 2170 479 695 2171 508 697 2172 479 695 2173 477 698 2174 508 697 2175 507 696 2176 479 695 2177 508 697 2178 475 699 2179 509 700 2180 508 697 2181 477 698 2182 475 699 2183 510 701 2184 475 699 2185 473 702 2186 510 701 2187 509 700 2188 475 699 2189 510 701 2190 471 703 2191 511 704 2192 510 701 2193 473 702 2194 471 703 2195 512 705 2196 471 703 2197 468 706 2198 512 705 2199 511 704 2200 471 703 2201 503 687 2202 467 707 2203 464 688 2204 503 687 2205 513 708 2206 467 707 2207 512 705 2208 467 707 2209 513 708 2210 512 705 2211 468 706 2212 467 707 2213 514 709 2214 440 710 2215 439 711 2216 514 709 2217 497 712 2218 440 710 2219 447 713 2220 497 712 2221 514 709 2222 447 714 2223 446 715 2224 497 716 2225 515 717 2226 516 718 2227 517 719 2228 515 717 2229 517 719 2230 518 720 2231 515 717 2232 518 720 2233 519 721 2234 520 722 2235 519 721 2236 518 720 2237 520 722 2238 521 723 2239 519 721 2240 521 723 2241 515 717 2242 519 721 2243 521 723 2244 522 724 2245 515 717 2246 523 725 2247 515 717 2248 522 724 2249 523 725 2250 516 718 2251 515 717 2252 524 726 2253 516 718 2254 523 725 2255 524 726 2256 517 719 2257 516 718 2258 520 722 2259 517 719 2260 524 726 2261 520 722 2262 518 720 2263 517 719 2264 525 727 2265 526 728 2266 527 729 2267 526 728 2268 528 730 2269 527 729 2270 526 728 2271 529 731 2272 528 730 2273 528 730 2274 529 731 2275 530 732 2276 528 730 2277 530 732 2278 531 733 2279 530 732 2280 532 734 2281 531 733 2282 530 732 2283 533 735 2284 532 734 2285 532 734 2286 533 735 2287 534 736 2288 532 734 2289 534 736 2290 535 737 2291 534 736 2292 536 738 2293 535 737 2294 534 736 2295 537 739 2296 536 738 2297 536 738 2298 537 739 2299 538 740 2300 536 738 2301 538 740 2302 539 741 2303 538 740 2304 540 742 2305 539 741 2306 538 740 2307 541 743 2308 540 742 2309 540 742 2310 541 743 2311 542 744 2312 540 742 2313 542 744 2314 543 745 2315 543 745 2316 542 744 2317 544 746 2318 543 745 2319 544 746 2320 545 747 2321 545 747 2322 544 746 2323 546 748 2324 545 747 2325 546 748 2326 547 749 2327 547 749 2328 546 748 2329 548 750 2330 547 749 2331 548 750 2332 549 751 2333 548 750 2334 550 752 2335 549 751 2336 548 750 2337 551 753 2338 550 752 2339 551 753 2340 552 754 2341 550 752 2342 551 753 2343 525 727 2344 552 754 2345 525 727 2346 527 729 2347 552 754 2348 147 755 2349 553 756 2350 283 757 2351 147 755 2352 554 758 2353 553 756 2354 553 759 2355 284 335 2356 283 334 2357 553 759 2358 555 760 2359 284 335 2360 338 761 2361 555 762 2362 556 763 2363 338 761 2364 284 764 2365 555 762 2366 26 765 2367 557 766 2368 271 767 2369 26 765 2370 558 768 2371 557 766 2372 23 769 2373 559 770 2374 560 771 2375 23 769 2376 22 772 2377 559 770 2378 21 773 2379 559 770 2380 22 772 2381 21 773 2382 561 774 2383 559 770 2384 21 773 2385 562 775 2386 561 774 2387 21 773 2388 563 776 2389 562 775 2390 564 777 2391 562 775 2392 563 776 2393 564 777 2394 565 778 2395 562 775 2396 552 779 2397 527 780 2398 566 781 2399 527 780 2400 567 782 2401 566 781 2402 527 780 2403 528 783 2404 567 782 2405 567 782 2406 528 783 2407 531 784 2408 567 782 2409 531 784 2410 568 785 2411 568 785 2412 531 784 2413 532 786 2414 568 785 2415 532 786 2416 569 787 2417 569 787 2418 532 786 2419 535 788 2420 569 787 2421 535 788 2422 570 789 2423 535 788 2424 571 790 2425 570 789 2426 535 788 2427 536 791 2428 571 790 2429 571 790 2430 536 791 2431 539 792 2432 571 790 2433 539 792 2434 572 793 2435 572 793 2436 539 792 2437 540 794 2438 572 793 2439 540 794 2440 573 795 2441 540 794 2442 574 796 2443 573 795 2444 540 794 2445 543 797 2446 574 796 2447 543 797 2448 575 798 2449 574 796 2450 543 797 2451 545 799 2452 575 798 2453 545 799 2454 576 800 2455 575 798 2456 545 799 2457 547 801 2458 576 800 2459 576 800 2460 547 801 2461 549 802 2462 576 800 2463 549 802 2464 577 803 2465 549 802 2466 578 804 2467 577 803 2468 549 802 2469 550 805 2470 578 804 2471 578 804 2472 550 805 2473 552 779 2474 578 804 2475 552 779 2476 579 806 2477 552 779 2478 566 781 2479 579 806 2480 580 807 2481 166 808 2482 168 809 2483 580 807 2484 305 810 2485 166 808 2486 23 811 2487 558 812 2488 26 813 2489 23 811 2490 560 814 2491 558 812 2492 146 815 2493 554 816 2494 147 817 2495 146 815 2496 206 818 2497 554 816 2498 338 819 2499 2 820 2500 1 821 2501 338 819 2502 556 822 2503 2 820 2504 581 823 2505 582 824 2506 583 825 2507 581 823 2508 584 826 2509 582 824 2510 585 827 2511 582 824 2512 584 826 2513 585 827 2514 586 828 2515 582 824 2516 587 829 2517 586 828 2518 585 827 2519 587 829 2520 588 830 2521 586 828 2522 534 831 2523 589 832 2524 537 833 2525 537 833 2526 589 832 2527 538 834 2528 538 834 2529 589 832 2530 541 835 2531 541 835 2532 589 832 2533 542 836 2534 542 836 2535 589 832 2536 544 837 2537 544 837 2538 589 832 2539 546 838 2540 546 838 2541 589 832 2542 548 839 2543 548 839 2544 589 832 2545 551 840 2546 551 840 2547 589 832 2548 525 841 2549 525 841 2550 589 832 2551 526 842 2552 526 842 2553 589 832 2554 529 843 2555 529 843 2556 589 832 2557 530 844 2558 530 844 2559 589 832 2560 533 845 2561 533 845 2562 589 832 2563 534 831 2564 168 846 2565 590 847 2566 580 848 2567 168 846 2568 272 849 2569 590 847 2570 271 322 2571 590 850 2572 272 323 2573 271 322 2574 557 851 2575 590 850 2576 591 852 2577 592 853 2578 593 854 2579 591 852 2580 593 854 2581 594 855 2582 595 856 2583 591 852 2584 594 855 2585 595 856 2586 596 857 2587 591 852 2588 597 858 2589 595 856 2590 594 855 2591 595 856 2592 597 858 2593 598 859 2594 595 856 2595 598 859 2596 599 860 2597 600 861 2598 595 856 2599 599 860 2600 600 861 2601 596 857 2602 595 856 2603 596 857 2604 600 861 2605 601 862 2606 596 857 2607 601 862 2608 602 863 2609 602 863 2610 591 852 2611 596 857 2612 602 863 2613 603 864 2614 591 852 2615 604 865 2616 591 852 2617 603 864 2618 604 865 2619 592 853 2620 591 852 2621 592 853 2622 604 865 2623 605 866 2624 592 853 2625 605 866 2626 606 867 2627 606 867 2628 593 854 2629 592 853 2630 606 867 2631 607 868 2632 593 854 2633 593 854 2634 607 868 2635 608 869 2636 593 854 2637 608 869 2638 609 870 2639 609 870 2640 594 855 2641 593 854 2642 609 870 2643 610 871 2644 594 855 2645 597 858 2646 594 855 2647 610 871 2648 0 872 2649 2 873 2650 206 874 2651 556 875 2652 206 874 2653 2 873 2654 556 875 2655 554 876 2656 206 874 2657 556 875 2658 553 877 2659 554 876 2660 556 875 2661 555 878 2662 553 877 2663 229 279 2664 227 277 2665 213 263 2666 229 279 2667 213 263 2668 238 288 2669 236 286 2670 229 279 2671 238 288 2672 236 286 2673 231 281 2674 229 279 2675 236 286 2676 240 290 2677 231 281 2678 236 286 2679 239 289 2680 240 290 2681 582 879 2682 319 880 2683 321 881 2684 582 879 2685 586 882 2686 319 880 2687 586 882 2688 178 883 2689 319 880 2690 586 882 2691 588 884 2692 178 883 2693 178 883 2694 588 884 2695 611 885 2696 178 883 2697 611 885 2698 176 886 2699 611 885 2700 174 887 2701 176 886 2702 611 885 2703 612 888 2704 174 887 2705 613 889 2706 174 887 2707 612 888 2708 613 889 2709 172 890 2710 174 887 2711 613 889 2712 173 891 2713 172 890 2714 613 889 2715 6 892 2716 173 891 2717 558 893 2718 590 894 2719 557 895 2720 558 893 2721 580 896 2722 590 894 2723 558 893 2724 305 897 2725 580 896 2726 558 893 2727 560 898 2728 305 897 2729 559 899 2730 305 897 2731 560 898 2732 559 899 2733 304 900 2734 305 897 2735 561 901 2736 304 900 2737 559 899 2738 561 901 2739 303 902 2740 304 900 2741 561 901 2742 301 903 2743 303 902 2744 561 901 2745 562 904 2746 301 903 2747 565 905 2748 301 903 2749 562 904 2750 565 905 2751 300 906 2752 301 903 2753 565 905 2754 298 907 2755 300 906 2756 565 905 2757 614 908 2758 298 907 2759 583 909 2760 298 907 2761 614 908 2762 583 909 2763 296 910 2764 298 907 2765 582 879 2766 296 910 2767 583 909 2768 582 879 2769 321 881 2770 296 910 2771 271 911 2772 25 912 2773 26 913 2774 271 911 2775 270 914 2776 25 912 2777 270 914 2778 24 915 2779 25 912 2780 270 914 2781 269 916 2782 24 915 2783 339 917 2784 24 915 2785 269 916 2786 339 917 2787 269 916 2788 268 918 2789 268 918 2790 340 919 2791 339 917 2792 268 918 2793 260 920 2794 340 919 2795 260 920 2796 333 921 2797 340 919 2798 260 920 2799 259 922 2800 333 921 2801 259 922 2802 330 923 2803 333 921 2804 259 922 2805 288 924 2806 330 923 2807 288 924 2808 331 925 2809 330 923 2810 288 924 2811 287 926 2812 331 925 2813 285 927 2814 331 925 2815 287 926 2816 285 927 2817 337 928 2818 331 925 2819 284 929 2820 337 928 2821 285 927 2822 284 929 2823 338 930 2824 337 928 2825 452 931 2826 457 932 2827 615 933 2828 452 931 2829 615 933 2830 449 934 2831 615 933 2832 450 935 2833 449 934 2834 615 933 2835 458 936 2836 450 935 2837 283 937 2838 144 938 2839 147 939 2840 283 937 2841 282 940 2842 144 938 2843 281 941 2844 144 938 2845 282 940 2846 281 941 2847 145 942 2848 144 938 2849 276 943 2850 145 942 2851 281 941 2852 276 943 2853 157 944 2854 145 942 2855 157 944 2856 276 943 2857 275 945 2858 157 944 2859 275 945 2860 170 946 2861 274 947 2862 170 946 2863 275 945 2864 274 947 2865 169 948 2866 170 946 2867 273 949 2868 169 948 2869 274 947 2870 273 949 2871 167 950 2872 169 948 2873 168 951 2874 167 950 2875 273 949 2876 168 951 2877 273 949 2878 272 952 2879 616 953 2880 76 954 2881 75 955 2882 76 954 2883 616 953 2884 617 956 2885 76 954 2886 617 956 2887 77 957 2888 617 956 2889 79 958 2890 77 957 2891 617 956 2892 618 959 2893 79 958 2894 80 960 2895 79 958 2896 618 959 2897 81 961 2898 619 962 2899 186 963 2900 81 961 2901 80 960 2902 619 962 2903 80 960 2904 618 959 2905 619 962 2906 619 962 2907 618 959 2908 620 964 2909 617 956 2910 620 964 2911 618 959 2912 617 956 2913 621 965 2914 620 964 2915 617 956 2916 622 966 2917 621 965 2918 617 956 2919 623 967 2920 622 966 2921 617 956 2922 624 968 2923 623 967 2924 617 956 2925 616 953 2926 624 968 2927 625 969 2928 624 968 2929 616 953 2930 616 953 2931 75 955 2932 625 969 2933 625 969 2934 75 955 2935 74 970 2936 625 969 2937 74 970 2938 191 971 2939 626 972 2940 627 973 2941 628 974 2942 626 972 2943 628 974 2944 629 975 2945 626 972 2946 629 975 2947 630 976 2948 631 977 2949 630 976 2950 629 975 2951 631 977 2952 632 978 2953 630 976 2954 632 978 2955 626 972 2956 630 976 2957 632 978 2958 633 979 2959 626 972 2960 634 980 2961 626 972 2962 633 979 2963 634 980 2964 627 973 2965 626 972 2966 635 981 2967 627 973 2968 634 980 2969 635 981 2970 628 974 2971 627 973 2972 631 977 2973 628 974 2974 635 981 2975 631 977 2976 629 975 2977 628 974 2978 124 144 2979 123 143 2980 636 982 2981 124 144 2982 636 982 2983 637 983 2984 638 984 2985 637 983 2986 636 982 2987 638 984 2988 639 985 2989 637 983 2990 638 984 2991 640 986 2992 639 985 2993 638 984 2994 641 987 2995 640 986 2996 642 988 2997 643 989 2998 644 990 2999 642 988 3000 644 990 3001 645 991 3002 642 988 3003 645 991 3004 646 992 3005 647 993 3006 646 992 3007 645 991 3008 648 994 3009 646 992 3010 647 993 3011 648 994 3012 642 988 3013 646 992 3014 649 995 3015 642 988 3016 648 994 3017 649 995 3018 643 989 3019 642 988 3020 649 995 3021 644 990 3022 643 989 3023 649 995 3024 650 996 3025 644 990 3026 650 996 3027 645 991 3028 644 990 3029 650 996 3030 651 997 3031 645 991 3032 647 993 3033 645 991 3034 651 997 3035 114 998 3036 463 999 3037 115 999 3038 114 1000 3039 652 1001 3040 463 1002 3041 113 1003 3042 652 1001 3043 114 1000 3044 113 1003 3045 653 1004 3046 652 1001 3047 654 1005 3048 655 1006 3049 656 1007 3050 654 1005 3051 656 1007 3052 657 1008 3053 654 1005 3054 657 1008 3055 658 1009 3056 659 1010 3057 658 1009 3058 657 1008 3059 659 1010 3060 654 1005 3061 658 1009 3062 659 1010 3063 660 1011 3064 654 1005 3065 660 1011 3066 655 1006 3067 654 1005 3068 660 1011 3069 661 1012 3070 655 1006 3071 662 1013 3072 655 1006 3073 661 1012 3074 662 1013 3075 656 1007 3076 655 1006 3077 663 1014 3078 656 1007 3079 662 1013 3080 663 1014 3081 657 1008 3082 656 1007 3083 659 1010 3084 657 1008 3085 663 1014 3086 664 1015 3087 665 1016 3088 666 1017 3089 664 1015 3090 666 1017 3091 667 1018 3092 664 1015 3093 667 1018 3094 668 1019 3095 669 1020 3096 668 1019 3097 667 1018 3098 669 1020 3099 664 1015 3100 668 1019 3101 669 1020 3102 670 1021 3103 664 1015 3104 670 1021 3105 665 1016 3106 664 1015 3107 670 1021 3108 671 1022 3109 665 1016 3110 672 1023 3111 665 1016 3112 671 1022 3113 672 1023 3114 666 1017 3115 665 1016 3116 673 1024 3117 666 1017 3118 672 1023 3119 673 1024 3120 667 1018 3121 666 1017 3122 669 1020 3123 667 1018 3124 673 1024 3125 674 1025 3126 675 1026 3127 676 1027 3128 674 1025 3129 676 1027 3130 677 1028 3131 674 1025 3132 677 1028 3133 678 1029 3134 679 1030 3135 678 1029 3136 677 1028 3137 679 1030 3138 674 1025 3139 678 1029 3140 679 1030 3141 680 1031 3142 674 1025 3143 680 1031 3144 675 1026 3145 674 1025 3146 680 1031 3147 681 1032 3148 675 1026 3149 682 1033 3150 675 1026 3151 681 1032 3152 682 1033 3153 676 1027 3154 675 1026 3155 683 1034 3156 676 1027 3157 682 1033 3158 683 1034 3159 677 1028 3160 676 1027 3161 679 1030 3162 677 1028 3163 683 1034 3164 684 1035 3165 685 1036 3166 686 1037 3167 684 1035 3168 686 1037 3169 687 1038 3170 684 1035 3171 687 1038 3172 688 1039 3173 689 1040 3174 688 1039 3175 687 1038 3176 689 1040 3177 690 1041 3178 688 1039 3179 690 1041 3180 684 1035 3181 688 1039 3182 690 1041 3183 691 1042 3184 684 1035 3185 692 1043 3186 684 1035 3187 691 1042 3188 692 1043 3189 685 1036 3190 684 1035 3191 693 1044 3192 685 1036 3193 692 1043 3194 693 1044 3195 686 1037 3196 685 1036 3197 689 1040 3198 686 1037 3199 693 1044 3200 689 1040 3201 687 1038 3202 686 1037 3203 694 1045 3204 565 1046 3205 564 1047 3206 694 1045 3207 614 1048 3208 565 1046 3209 694 1045 3210 583 1049 3211 614 1048 3212 694 1045 3213 581 1050 3214 583 1049 3215 695 1051 3216 696 1052 3217 697 1053 3218 695 1051 3219 697 1053 3220 698 1054 3221 695 1051 3222 698 1054 3223 699 1055 3224 700 1056 3225 699 1055 3226 698 1054 3227 700 1056 3228 695 1051 3229 699 1055 3230 700 1056 3231 701 1057 3232 695 1051 3233 701 1057 3234 696 1052 3235 695 1051 3236 701 1057 3237 702 1058 3238 696 1052 3239 703 1059 3240 696 1052 3241 702 1058 3242 703 1059 3243 697 1053 3244 696 1052 3245 704 1060 3246 697 1053 3247 703 1059 3248 704 1060 3249 698 1054 3250 697 1053 3251 700 1056 3252 698 1054 3253 704 1060 3254 705 1061 3255 706 1062 3256 707 1063 3257 705 1061 3258 707 1063 3259 708 1064 3260 705 1061 3261 708 1064 3262 709 1065 3263 710 1066 3264 709 1065 3265 708 1064 3266 710 1066 3267 705 1061 3268 709 1065 3269 710 1066 3270 711 1067 3271 705 1061 3272 711 1067 3273 706 1062 3274 705 1061 3275 711 1067 3276 712 1068 3277 706 1062 3278 713 1069 3279 706 1062 3280 712 1068 3281 713 1069 3282 707 1063 3283 706 1062 3284 714 1070 3285 707 1063 3286 713 1069 3287 714 1070 3288 708 1064 3289 707 1063 3290 710 1066 3291 708 1064 3292 714 1070 3293 715 1071 3294 716 1072 3295 717 1073 3296 715 1071 3297 717 1073 3298 718 1074 3299 715 1071 3300 718 1074 3301 719 1075 3302 720 1076 3303 719 1075 3304 718 1074 3305 720 1076 3306 715 1071 3307 719 1075 3308 720 1076 3309 721 1077 3310 715 1071 3311 721 1077 3312 716 1072 3313 715 1071 3314 721 1077 3315 722 1078 3316 716 1072 3317 723 1079 3318 716 1072 3319 722 1078 3320 723 1079 3321 717 1073 3322 716 1072 3323 724 1080 3324 717 1073 3325 723 1079 3326 724 1080 3327 718 1074 3328 717 1073 3329 720 1076 3330 718 1074 3331 724 1080 3332 250 1081 3333 163 1082 3334 302 1083 3335 250 1081 3336 302 1083 3337 299 1084 3338 250 1081 3339 299 1084 3340 251 1085 3341 251 1085 3342 299 1084 3343 295 1086 3344 251 1085 3345 295 1086 3346 252 1087 3347 297 1088 3348 252 1087 3349 295 1086 3350 297 1088 3351 253 1089 3352 252 1087 3353 320 1090 3354 253 1089 3355 297 1088 3356 253 1089 3357 320 1090 3358 318 1091 3359 253 1089 3360 318 1091 3361 149 1092 3362 318 1091 3363 177 1093 3364 149 1092 3365 150 1094 3366 149 1092 3367 177 1093 3368 150 1094 3369 177 1093 3370 175 1095 3371 152 1096 3372 150 1094 3373 175 1095 3374 725 1097 3375 588 1098 3376 587 1099 3377 725 1097 3378 611 1100 3379 588 1098 3380 5 1101 3381 611 1100 3382 725 1097 3383 5 1101 3384 612 1102 3385 611 1100 3386 5 1101 3387 613 1103 3388 612 1102 3389 5 1101 3390 4 1104 3391 613 1103 3392 4 1104 3393 6 1105 3394 613 1103 3395 726 1106 3396 727 1107 3397 728 1108 3398 727 1107 3399 729 1109 3400 728 1108 3401 727 1107 3402 111 1110 3403 729 1109 3404 110 1111 3405 729 1109 3406 111 1110 3407 110 1111 3408 730 1112 3409 729 1109 3410 108 1113 3411 730 1112 3412 110 1111 3413 108 1113 3414 731 1114 3415 730 1112 3416 108 1113 3417 732 1115 3418 731 1114 3419 108 1113 3420 106 1116 3421 732 1115 3422 106 1116 3423 733 1117 3424 732 1115 3425 106 1116 3426 127 1118 3427 733 1117 3428 127 1118 3429 734 1119 3430 733 1117 3431 127 1118 3432 126 1120 3433 734 1119 3434 125 1121 3435 734 1119 3436 126 1120 3437 125 1121 3438 735 1122 3439 734 1119 3440 124 1123 3441 735 1122 3442 125 1121 3443 124 1123 3444 736 1124 3445 735 1122 3446 637 1125 3447 736 1124 3448 124 1123 3449 637 1125 3450 737 1126 3451 736 1124 3452 637 1125 3453 738 1127 3454 737 1126 3455 637 1125 3456 639 1128 3457 738 1127 3458 639 1128 3459 739 1129 3460 738 1127 3461 639 1128 3462 640 1130 3463 739 1129 3464 740 1131 3465 739 1129 3466 640 1130 3467 740 1131 3468 741 1132 3469 739 1129 3470 726 1106 3471 741 1132 3472 740 1131 3473 726 1106 3474 742 1133 3475 741 1132 3476 726 1106 3477 728 1108 3478 742 1133 3479 311 1134 3480 356 1135 3481 307 1136 3482 311 1134 3483 360 1137 3484 356 1135 3485 313 1138 3486 360 1137 3487 311 1134 3488 313 1138 3489 361 1139 3490 360 1137 3491 313 1138 3492 362 1140 3493 361 1139 3494 313 1138 3495 314 1141 3496 362 1140 3497 314 1141 3498 363 1142 3499 362 1140 3500 314 1141 3501 317 1143 3502 363 1142 3503 317 1143 3504 352 1144 3505 363 1142 3506 317 1143 3507 316 1145 3508 352 1144 3509 316 1145 3510 355 1146 3511 352 1144 3512 316 1145 3513 315 1147 3514 355 1146 3515 315 1147 3516 353 1148 3517 355 1146 3518 315 1147 3519 312 1149 3520 353 1148 3521 312 1149 3522 354 1150 3523 353 1148 3524 312 1149 3525 310 1151 3526 354 1150 3527 310 1151 3528 359 1152 3529 354 1150 3530 310 1151 3531 309 1153 3532 359 1152 3533 345 1154 3534 342 1155 3535 368 1156 3536 345 1154 3537 368 1156 3538 375 1157 3539 375 1157 3540 347 1158 3541 345 1154 3542 375 1157 3543 376 1159 3544 347 1158 3545 376 1159 3546 348 1160 3547 347 1158 3548 376 1159 3549 377 1161 3550 348 1160 3551 348 1160 3552 377 1161 3553 378 1162 3554 348 1160 3555 378 1162 3556 351 1163 3557 369 1164 3558 351 1163 3559 378 1162 3560 369 1164 3561 350 1165 3562 351 1163 3563 350 1165 3564 369 1164 3565 371 1166 3566 350 1165 3567 371 1166 3568 349 1167 3569 370 1168 3570 349 1167 3571 371 1166 3572 370 1168 3573 346 1169 3574 349 1167 3575 346 1169 3576 370 1168 3577 372 1170 3578 346 1169 3579 372 1170 3580 344 1171 3581 344 1171 3582 372 1170 3583 374 1172 3584 344 1171 3585 374 1172 3586 343 1173 3587 638 1174 3588 743 1175 3589 641 1176 3590 638 1174 3591 744 1177 3592 743 1175 3593 636 1178 3594 744 1177 3595 638 1174 3596 636 1178 3597 745 1179 3598 744 1177 3599 745 1179 3600 636 1178 3601 123 1180 3602 745 1179 3603 123 1180 3604 746 1181 3605 747 1182 3606 746 1181 3607 123 1180 3608 747 1182 3609 123 1180 3610 122 1183 3611 122 1183 3612 462 1184 3613 747 1182 3614 122 1183 3615 121 1185 3616 462 1184 3617 105 1186 3618 653 1187 3619 113 1188 3620 105 1189 3621 748 1190 3622 653 1191 3623 748 1190 3624 105 1189 3625 104 1192 3626 748 1190 3627 104 1192 3628 749 1193 3629 104 1192 3630 750 1194 3631 749 1193 3632 104 1192 3633 107 1195 3634 750 1194 3635 751 1196 3636 750 1194 3637 107 1195 3638 751 1196 3639 107 1195 3640 109 1197 3641 109 1197 3642 752 1198 3643 751 1196 3644 109 1197 3645 112 1199 3646 752 1198 3647 753 1200 3648 752 1198 3649 112 1199 3650 753 1200 3651 754 1201 3652 752 1198 3653 753 1200 3654 755 1202 3655 754 1201 3656 753 1200 3657 756 1203 3658 755 1202 3659 755 1202 3660 756 1203 3661 757 1204 3662 755 1202 3663 757 1204 3664 758 1205 3665 743 1175 3666 758 1205 3667 757 1204 3668 743 1175 3669 757 1204 3670 641 1176 3671 757 1206 3672 640 1207 3673 641 1208 3674 757 1206 3675 740 1209 3676 640 1207 3677 756 1210 3678 740 1209 3679 757 1206 3680 756 1210 3681 726 1211 3682 740 1209 3683 756 1210 3684 727 1212 3685 726 1211 3686 756 1210 3687 753 1213 3688 727 1212 3689 753 1213 3690 111 1214 3691 727 1212 3692 753 1213 3693 112 1215 3694 111 1214 3695 570 1216 3696 759 1217 3697 760 1218 3698 570 1216 3699 571 1219 3700 759 1217 3701 571 1219 3702 761 1220 3703 759 1217 3704 571 1219 3705 572 1221 3706 761 1220 3707 572 1221 3708 762 1222 3709 761 1220 3710 572 1221 3711 573 1223 3712 762 1222 3713 573 1223 3714 763 1224 3715 762 1222 3716 573 1223 3717 574 1225 3718 763 1224 3719 574 1225 3720 764 1226 3721 763 1224 3722 574 1225 3723 575 1227 3724 764 1226 3725 575 1227 3726 765 1228 3727 764 1226 3728 575 1227 3729 576 1229 3730 765 1228 3731 576 1229 3732 766 1230 3733 765 1228 3734 576 1229 3735 577 1231 3736 766 1230 3737 577 1231 3738 767 1232 3739 766 1230 3740 577 1231 3741 578 1233 3742 767 1232 3743 578 1233 3744 768 1234 3745 767 1232 3746 578 1233 3747 579 1235 3748 768 1234 3749 768 1234 3750 579 1235 3751 566 1236 3752 768 1234 3753 566 1236 3754 769 1237 3755 769 1237 3756 566 1236 3757 567 1238 3758 769 1237 3759 567 1238 3760 770 1239 3761 770 1239 3762 567 1238 3763 568 1240 3764 770 1239 3765 568 1240 3766 771 1241 3767 771 1241 3768 568 1240 3769 569 1242 3770 771 1241 3771 569 1242 3772 772 1243 3773 569 1242 3774 760 1218 3775 772 1243 3776 569 1242 3777 570 1216 3778 760 1218 3779 131 1244 3780 132 1245 3781 133 1246 3782 131 1244 3783 133 1246 3784 189 1247 3785 133 1246 3786 190 1248 3787 189 1247 3788 133 1249 3789 773 1250 3790 190 1251 3791 130 1252 3792 773 1250 3793 133 1249 3794 130 1252 3795 774 1253 3796 773 1250 3797 185 1254 3798 774 1253 3799 130 1252 3800 185 1254 3801 130 1252 3802 183 1255 3803 130 1252 3804 128 1256 3805 183 1255 3806 130 1252 3807 129 1257 3808 128 1256 3809 21 1258 3810 19 1259 3811 563 1260 3812 19 1259 3813 564 1261 3814 563 1260 3815 19 1259 3816 39 1262 3817 564 1261 3818 39 1262 3819 694 1263 3820 564 1261 3821 39 1262 3822 37 1264 3823 694 1263 3824 37 1264 3825 581 1265 3826 694 1263 3827 37 1264 3828 32 1266 3829 581 1265 3830 584 1267 3831 581 1265 3832 32 1266 3833 32 1266 3834 585 1268 3835 584 1267 3836 32 1266 3837 30 1269 3838 585 1268 3839 585 1268 3840 30 1269 3841 587 1270 3842 587 1270 3843 30 1269 3844 16 1271 3845 587 1270 3846 16 1271 3847 725 1272 3848 16 1271 3849 5 1273 3850 725 1272 3851 775 1274 3852 776 1275 3853 777 1276 3854 778 1277 3855 777 1276 3856 776 1275 3857 778 1277 3858 776 1275 3859 779 1278 3860 779 1278 3861 776 1275 3862 775 1274 3863 779 1278 3864 775 1274 3865 780 1279 3866 780 1279 3867 775 1274 3868 781 1280 3869 780 1279 3870 781 1280 3871 782 1281 3872 783 1282 3873 782 1281 3874 781 1280 3875 783 1282 3876 781 1280 3877 784 1283 3878 778 1277 3879 783 1282 3880 784 1283 3881 778 1277 3882 784 1283 3883 777 1276 3884 775 1274 3885 777 1276 3886 784 1283 3887 775 1274 3888 784 1283 3889 781 1280 3890 785 1284 3891 786 1285 3892 787 1286 3893 788 1287 3894 787 1286 3895 786 1285 3896 788 1287 3897 789 1288 3898 787 1286 3899 790 1289 3900 789 1288 3901 788 1287 3902 790 1289 3903 791 1290 3904 789 1288 3905 792 1291 3906 791 1290 3907 790 1289 3908 792 1291 3909 793 1292 3910 791 1290 3911 792 1291 3912 794 1293 3913 793 1292 3914 794 1293 3915 791 1290 3916 793 1292 3917 794 1293 3918 789 1288 3919 791 1290 3920 794 1293 3921 787 1286 3922 789 1288 3923 785 1284 3924 787 1286 3925 794 1293 3926 792 1291 3927 785 1284 3928 794 1293 3929 795 1294 3930 796 1295 3931 797 1296 3932 798 1297 3933 797 1296 3934 796 1295 3935 798 1297 3936 796 1295 3937 799 1298 3938 799 1298 3939 796 1295 3940 795 1294 3941 799 1298 3942 795 1294 3943 800 1299 3944 800 1299 3945 795 1294 3946 801 1300 3947 800 1299 3948 801 1300 3949 802 1301 3950 803 1302 3951 802 1301 3952 801 1300 3953 803 1302 3954 801 1300 3955 804 1303 3956 798 1297 3957 803 1302 3958 804 1303 3959 798 1297 3960 804 1303 3961 797 1296 3962 795 1294 3963 797 1296 3964 804 1303 3965 795 1294 3966 804 1303 3967 801 1300 3968 805 1304 3969 806 1305 3970 807 1306 3971 808 1307 3972 807 1306 3973 806 1305 3974 808 1307 3975 806 1305 3976 809 1308 3977 809 1308 3978 806 1305 3979 805 1304 3980 809 1308 3981 805 1304 3982 810 1309 3983 810 1309 3984 805 1304 3985 811 1310 3986 810 1309 3987 811 1310 3988 812 1311 3989 813 1312 3990 812 1311 3991 811 1310 3992 813 1312 3993 811 1310 3994 814 1313 3995 808 1307 3996 813 1312 3997 814 1313 3998 808 1307 3999 814 1313 4000 807 1306 4001 805 1304 4002 807 1306 4003 814 1313 4004 805 1304 4005 814 1313 4006 811 1310 4007 815 1314 4008 816 1315 4009 817 1316 4010 818 1317 4011 817 1316 4012 816 1315 4013 818 1317 4014 816 1315 4015 819 1318 4016 819 1318 4017 816 1315 4018 815 1314 4019 819 1318 4020 815 1314 4021 820 1319 4022 820 1319 4023 815 1314 4024 821 1320 4025 820 1319 4026 821 1320 4027 822 1321 4028 823 1322 4029 822 1321 4030 821 1320 4031 823 1322 4032 821 1320 4033 824 1323 4034 818 1317 4035 823 1322 4036 824 1323 4037 818 1317 4038 824 1323 4039 817 1316 4040 815 1314 4041 817 1316 4042 824 1323 4043 815 1314 4044 824 1323 4045 821 1320 4046 825 1324 4047 826 1325 4048 827 1326 4049 828 1327 4050 827 1326 4051 826 1325 4052 828 1327 4053 826 1325 4054 829 1328 4055 829 1328 4056 826 1325 4057 825 1324 4058 829 1328 4059 825 1324 4060 830 1329 4061 830 1329 4062 825 1324 4063 831 1330 4064 830 1329 4065 831 1330 4066 832 1331 4067 833 1332 4068 832 1331 4069 831 1330 4070 833 1332 4071 831 1330 4072 834 1333 4073 828 1327 4074 833 1332 4075 834 1333 4076 828 1327 4077 834 1333 4078 827 1326 4079 825 1324 4080 827 1326 4081 834 1333 4082 825 1324 4083 834 1333 4084 831 1330 4085 835 1334 4086 836 1335 4087 837 1336 4088 838 1337 4089 837 1336 4090 836 1335 4091 838 1337 4092 836 1335 4093 839 1338 4094 839 1338 4095 836 1335 4096 835 1334 4097 839 1338 4098 835 1334 4099 840 1339 4100 840 1339 4101 835 1334 4102 841 1340 4103 840 1339 4104 841 1340 4105 842 1341 4106 843 1342 4107 842 1341 4108 841 1340 4109 843 1342 4110 841 1340 4111 844 1343 4112 838 1337 4113 843 1342 4114 844 1343 4115 838 1337 4116 844 1343 4117 837 1336 4118 835 1334 4119 837 1336 4120 844 1343 4121 835 1334 4122 844 1343 4123 841 1340 4124 845 1344 4125 846 1345 4126 847 1346 4127 848 1347 4128 847 1346 4129 846 1345 4130 848 1347 4131 846 1345 4132 849 1348 4133 849 1348 4134 846 1345 4135 845 1344 4136 849 1348 4137 845 1344 4138 850 1349 4139 850 1349 4140 845 1344 4141 851 1350 4142 850 1349 4143 851 1350 4144 852 1351 4145 853 1352 4146 852 1351 4147 851 1350 4148 853 1352 4149 851 1350 4150 854 1353 4151 848 1347 4152 853 1352 4153 854 1353 4154 848 1347 4155 854 1353 4156 847 1346 4157 845 1344 4158 847 1346 4159 854 1353 4160 845 1344 4161 854 1353 4162 851 1350 4163 855 1354 4164 856 1355 4165 857 1356 4166 858 1357 4167 857 1356 4168 856 1355 4169 858 1357 4170 856 1355 4171 859 1358 4172 859 1358 4173 856 1355 4174 855 1354 4175 859 1358 4176 855 1354 4177 860 1359 4178 860 1359 4179 855 1354 4180 861 1360 4181 860 1359 4182 861 1360 4183 862 1361 4184 863 1362 4185 862 1361 4186 861 1360 4187 863 1362 4188 861 1360 4189 864 1363 4190 858 1357 4191 863 1362 4192 864 1363 4193 858 1357 4194 864 1363 4195 857 1356 4196 855 1354 4197 857 1356 4198 864 1363 4199 855 1354 4200 864 1363 4201 861 1360 4202 865 1364 4203 866 1365 4204 867 1366 4205 868 1367 4206 867 1366 4207 866 1365 4208 868 1367 4209 866 1365 4210 869 1368 4211 869 1368 4212 866 1365 4213 865 1364 4214 869 1368 4215 865 1364 4216 870 1369 4217 870 1369 4218 865 1364 4219 871 1370 4220 870 1369 4221 871 1370 4222 872 1371 4223 873 1372 4224 872 1371 4225 871 1370 4226 873 1372 4227 871 1370 4228 874 1373 4229 868 1367 4230 873 1372 4231 874 1373 4232 868 1367 4233 874 1373 4234 867 1366 4235 865 1364 4236 867 1366 4237 874 1373 4238 865 1364 4239 874 1373 4240 871 1370 4241 875 1374 4242 876 1375 4243 877 1376 4244 878 1377 4245 877 1376 4246 876 1375 4247 878 1377 4248 876 1375 4249 879 1378 4250 879 1378 4251 876 1375 4252 875 1374 4253 879 1378 4254 875 1374 4255 880 1379 4256 880 1379 4257 875 1374 4258 881 1380 4259 880 1379 4260 881 1380 4261 882 1381 4262 883 1382 4263 882 1381 4264 881 1380 4265 883 1382 4266 881 1380 4267 884 1383 4268 878 1377 4269 883 1382 4270 884 1383 4271 878 1377 4272 884 1383 4273 877 1376 4274 875 1374 4275 877 1376 4276 884 1383 4277 875 1374 4278 884 1383 4279 881 1380 4280 885 1384 4281 886 1385 4282 887 1386 4283 888 1387 4284 887 1386 4285 886 1385 4286 888 1387 4287 886 1385 4288 889 1388 4289 889 1388 4290 886 1385 4291 885 1384 4292 889 1388 4293 885 1384 4294 890 1389 4295 890 1389 4296 885 1384 4297 891 1390 4298 890 1389 4299 891 1390 4300 892 1391 4301 893 1392 4302 892 1391 4303 891 1390 4304 893 1392 4305 891 1390 4306 894 1393 4307 888 1387 4308 893 1392 4309 894 1393 4310 888 1387 4311 894 1393 4312 887 1386 4313 885 1384 4314 887 1386 4315 894 1393 4316 885 1384 4317 894 1393 4318 891 1390 4319 895 1394 4320 896 1395 4321 897 1396 4322 898 1397 4323 897 1396 4324 896 1395 4325 898 1397 4326 896 1395 4327 899 1398 4328 899 1398 4329 896 1395 4330 895 1394 4331 899 1398 4332 895 1394 4333 900 1399 4334 900 1399 4335 895 1394 4336 901 1400 4337 900 1399 4338 901 1400 4339 902 1401 4340 903 1402 4341 902 1401 4342 901 1400 4343 903 1402 4344 901 1400 4345 904 1403 4346 898 1397 4347 903 1402 4348 904 1403 4349 898 1397 4350 904 1403 4351 897 1396 4352 895 1394 4353 897 1396 4354 904 1403 4355 895 1394 4356 904 1403 4357 901 1400 4358 905 1404 4359 906 1405 4360 907 1406 4361 908 1407 4362 907 1406 4363 906 1405 4364 908 1407 4365 906 1405 4366 909 1408 4367 909 1408 4368 906 1405 4369 905 1404 4370 909 1408 4371 905 1404 4372 910 1409 4373 910 1409 4374 905 1404 4375 911 1410 4376 910 1409 4377 911 1410 4378 912 1411 4379 913 1412 4380 912 1411 4381 911 1410 4382 913 1412 4383 911 1410 4384 914 1413 4385 908 1407 4386 913 1412 4387 914 1413 4388 908 1407 4389 914 1413 4390 907 1406 4391 905 1404 4392 907 1406 4393 914 1413 4394 905 1404 4395 914 1413 4396 911 1410 4397 915 1414 4398 916 1415 4399 917 1416 4400 918 1417 4401 917 1416 4402 916 1415 4403 918 1417 4404 916 1415 4405 919 1418 4406 919 1418 4407 916 1415 4408 915 1414 4409 919 1418 4410 915 1414 4411 920 1419 4412 920 1419 4413 915 1414 4414 921 1420 4415 920 1419 4416 921 1420 4417 922 1421 4418 923 1422 4419 922 1421 4420 921 1420 4421 923 1422 4422 921 1420 4423 924 1423 4424 918 1417 4425 923 1422 4426 924 1423 4427 918 1417 4428 924 1423 4429 917 1416 4430 915 1414 4431 917 1416 4432 924 1423 4433 915 1414 4434 924 1423 4435 921 1420 4436 925 1424 4437 926 1425 4438 927 1426 4439 928 1427 4440 927 1426 4441 926 1425 4442 928 1427 4443 926 1425 4444 929 1428 4445 929 1428 4446 926 1425 4447 925 1424 4448 929 1428 4449 925 1424 4450 930 1429 4451 930 1429 4452 925 1424 4453 931 1430 4454 930 1429 4455 931 1430 4456 932 1431 4457 933 1432 4458 932 1431 4459 931 1430 4460 933 1432 4461 931 1430 4462 934 1433 4463 928 1427 4464 933 1432 4465 934 1433 4466 928 1427 4467 934 1433 4468 927 1426 4469 925 1424 4470 927 1426 4471 934 1433 4472 925 1424 4473 934 1433 4474 931 1430 4475 935 1434 4476 936 1435 4477 937 1436 4478 938 1437 4479 937 1436 4480 936 1435 4481 938 1437 4482 936 1435 4483 939 1438 4484 939 1438 4485 936 1435 4486 935 1434 4487 939 1438 4488 935 1434 4489 940 1439 4490 940 1439 4491 935 1434 4492 941 1440 4493 940 1439 4494 941 1440 4495 942 1441 4496 943 1442 4497 942 1441 4498 941 1440 4499 943 1442 4500 941 1440 4501 944 1443 4502 938 1437 4503 943 1442 4504 944 1443 4505 938 1437 4506 944 1443 4507 937 1436 4508 935 1434 4509 937 1436 4510 944 1443 4511 935 1434 4512 944 1443 4513 941 1440 4514 945 1444 4515 946 1445 4516 947 1446 4517 948 1447 4518 947 1446 4519 946 1445 4520 948 1447 4521 946 1445 4522 949 1448 4523 949 1448 4524 946 1445 4525 945 1444 4526 949 1448 4527 945 1444 4528 950 1449 4529 950 1449 4530 945 1444 4531 951 1450 4532 950 1449 4533 951 1450 4534 952 1451 4535 953 1452 4536 952 1451 4537 951 1450 4538 953 1452 4539 951 1450 4540 954 1453 4541 948 1447 4542 953 1452 4543 954 1453 4544 948 1447 4545 954 1453 4546 947 1446 4547 945 1444 4548 947 1446 4549 954 1453 4550 945 1444 4551 954 1453 4552 951 1450 4553 955 1454 4554 956 1455 4555 957 1456 4556 958 1457 4557 957 1456 4558 956 1455 4559 958 1457 4560 956 1455 4561 959 1458 4562 959 1458 4563 956 1455 4564 955 1454 4565 959 1458 4566 955 1454 4567 960 1459 4568 960 1459 4569 955 1454 4570 961 1460 4571 960 1459 4572 961 1460 4573 962 1461 4574 963 1462 4575 962 1461 4576 961 1460 4577 963 1462 4578 961 1460 4579 964 1463 4580 958 1457 4581 963 1462 4582 964 1463 4583 958 1457 4584 964 1463 4585 957 1456 4586 955 1454 4587 957 1456 4588 964 1463 4589 955 1454 4590 964 1463 4591 961 1460 4592</p>
        </triangles>
        <triangles material="fob_engy_illum-material" count="160">
          <input semantic="VERTEX" source="#fob_e_sniperrifle-mesh-vertices" offset="0"/>
          <input semantic="NORMAL" source="#fob_e_sniperrifle-mesh-normals" offset="1"/>
          <input semantic="TEXCOORD" source="#fob_e_sniperrifle-mesh-map-0" offset="2" set="0"/>
          <p>965 1464 4593 508 1465 4594 966 1466 4595 965 1464 4596 507 1467 4597 508 1465 4598 966 1466 4599 509 1468 4600 967 1469 4601 966 1466 4602 508 1465 4603 509 1468 4604 968 1470 4605 509 1468 4606 510 1471 4607 968 1470 4608 967 1469 4609 509 1468 4610 969 1472 4611 510 1471 4612 511 1473 4613 969 1472 4614 968 1470 4615 510 1471 4616 970 1474 4617 511 1473 4618 512 1475 4619 970 1474 4620 969 1472 4621 511 1473 4622 971 1476 4623 507 1467 4624 965 1464 4625 971 1476 4626 505 1477 4627 507 1467 4628 972 1478 4629 503 1479 4630 973 1480 4631 972 1478 4632 513 1481 4633 503 1479 4634 972 1478 4635 512 1475 4636 513 1481 4637 972 1478 4638 970 1474 4639 512 1475 4640 973 1480 4641 502 1482 4642 974 1483 4643 973 1480 4644 503 1479 4645 502 1482 4646 974 1483 4647 501 1484 4648 975 1485 4649 974 1483 4650 502 1482 4651 501 1484 4652 975 1485 4653 500 1486 4654 976 1487 4655 975 1485 4656 501 1484 4657 500 1486 4658 977 1488 4659 500 1486 4660 498 1489 4661 977 1488 4662 976 1487 4663 500 1486 4664 978 1490 4665 498 1489 4666 499 1491 4667 978 1490 4668 977 1488 4669 498 1489 4670 979 1492 4671 499 1491 4672 504 1493 4673 979 1492 4674 978 1490 4675 499 1491 4676 980 1494 4677 505 1477 4678 971 1476 4679 980 1494 4680 506 1495 4681 505 1477 4682 980 1494 4683 504 1493 4684 506 1495 4685 980 1494 4686 979 1492 4687 504 1493 4688 981 1496 4689 982 1497 4690 983 1498 4691 984 1499 4692 985 1500 4693 983 1498 4694 985 1500 4695 986 1501 4696 983 1498 4697 986 1501 4698 987 1502 4699 983 1498 4700 987 1502 4701 988 1503 4702 983 1498 4703 988 1503 4704 989 1504 4705 983 1498 4706 989 1504 4707 990 1505 4708 983 1498 4709 990 1505 4710 991 1506 4711 983 1498 4712 992 1507 4713 989 1504 4714 993 1508 4715 992 1507 4716 990 1505 4717 989 1504 4718 994 1509 4719 990 1505 4720 992 1507 4721 994 1509 4722 991 1506 4723 990 1505 4724 994 1509 4725 995 1510 4726 991 1506 4727 991 1506 4728 995 1510 4729 983 1498 4730 995 1510 4731 996 1511 4732 983 1498 4733 996 1511 4734 981 1496 4735 983 1498 4736 997 1512 4737 981 1496 4738 996 1511 4739 998 1513 4740 981 1496 4741 997 1512 4742 998 1513 4743 982 1497 4744 981 1496 4745 999 1514 4746 982 1497 4747 998 1513 4748 999 1514 4749 1000 1515 4750 982 1497 4751 982 1497 4752 1000 1515 4753 983 1498 4754 1000 1515 4755 1001 1516 4756 983 1498 4757 1001 1516 4758 1002 1517 4759 983 1498 4760 1002 1517 4761 1003 1518 4762 983 1498 4763 1003 1518 4764 984 1499 4765 983 1498 4766 997 1512 4767 996 1511 4768 1004 1519 4769 1004 1519 4770 996 1511 4771 995 1510 4772 1004 1519 4773 995 1510 4774 1005 1520 4775 994 1509 4776 1005 1520 4777 995 1510 4778 999 1514 4779 1001 1516 4780 1000 1515 4781 999 1514 4782 1006 1521 4783 1001 1516 4784 1006 1521 4785 1002 1517 4786 1001 1516 4787 1006 1521 4788 1007 1522 4789 1002 1517 4790 1007 1522 4791 1003 1518 4792 1002 1517 4793 1007 1522 4794 1008 1523 4795 1003 1518 4796 1008 1523 4797 984 1499 4798 1003 1518 4799 1008 1523 4800 1009 1524 4801 984 1499 4802 1009 1524 4803 985 1500 4804 984 1499 4805 1009 1524 4806 1010 1525 4807 985 1500 4808 1010 1525 4809 986 1501 4810 985 1500 4811 1010 1525 4812 1011 1526 4813 986 1501 4814 1011 1526 4815 987 1502 4816 986 1501 4817 1011 1526 4818 1012 1527 4819 987 1502 4820 1012 1527 4821 988 1503 4822 987 1502 4823 1012 1527 4824 1013 1528 4825 988 1503 4826 1013 1528 4827 989 1504 4828 988 1503 4829 1013 1528 4830 993 1508 4831 989 1504 4832 993 1529 4833 88 1530 4834 992 1531 4835 993 1529 4836 93 1532 4837 88 1530 4838 992 1531 4839 87 1533 4840 994 1534 4841 992 1531 4842 88 1530 4843 87 1533 4844 994 1534 4845 89 1535 4846 1005 1536 4847 994 1534 4848 87 1533 4849 89 1535 4850 89 1535 4851 1004 1537 4852 1005 1536 4853 89 1535 4854 90 1538 4855 1004 1537 4856 90 1538 4857 997 1539 4858 1004 1537 4859 90 1538 4860 91 1540 4861 997 1539 4862 91 1540 4863 998 1541 4864 997 1539 4865 91 1540 4866 92 1542 4867 998 1541 4868 999 1543 4869 95 1544 4870 1006 1545 4871 999 1543 4872 94 1546 4873 95 1544 4874 92 1542 4875 94 1546 4876 999 1543 4877 92 1542 4878 999 1543 4879 998 1541 4880 1006 1545 4881 96 1547 4882 1007 1548 4883 1006 1545 4884 95 1544 4885 96 1547 4886 1007 1548 4887 97 1549 4888 1008 1550 4889 1007 1548 4890 96 1547 4891 97 1549 4892 1008 1550 4893 98 1551 4894 1009 1552 4895 1008 1550 4896 97 1549 4897 98 1551 4898 98 1551 4899 1010 1553 4900 1009 1552 4901 98 1551 4902 99 1554 4903 1010 1553 4904 99 1554 4905 1011 1555 4906 1010 1553 4907 99 1554 4908 100 1556 4909 1011 1555 4910 100 1556 4911 1012 1557 4912 1011 1555 4913 100 1556 4914 101 1558 4915 1012 1557 4916 101 1558 4917 1013 1559 4918 1012 1557 4919 101 1558 4920 102 1560 4921 1013 1559 4922 1013 1559 4923 102 1560 4924 93 1532 4925 1013 1559 4926 93 1532 4927 993 1529 4928 1014 1561 4929 978 1562 4930 979 1563 4931 1014 1561 4932 1015 1564 4933 978 1562 4934 1015 1564 4935 977 1565 4936 978 1562 4937 1016 1566 4938 1017 1567 4939 974 1568 4940 1016 1566 4941 974 1568 4942 975 1569 4943 1018 1570 4944 1016 1566 4945 975 1569 4946 1018 1570 4947 975 1569 4948 976 1571 4949 977 1565 4950 1018 1570 4951 976 1571 4952 977 1565 4953 1019 1572 4954 1018 1570 4955 1015 1564 4956 1019 1572 4957 977 1565 4958 1015 1564 4959 1020 1573 4960 1019 1572 4961 1014 1561 4962 1020 1573 4963 1015 1564 4964 1021 1574 4965 1020 1573 4966 1014 1561 4967 1021 1574 4968 1014 1561 4969 979 1563 4970 1021 1574 4971 979 1563 4972 980 1575 4973 971 1576 4974 1021 1574 4975 980 1575 4976 971 1576 4977 1022 1577 4978 1021 1574 4979 1022 1577 4980 1020 1573 4981 1021 1574 4982 1023 1578 4983 1020 1573 4984 1022 1577 4985 1024 1579 4986 1020 1573 4987 1023 1578 4988 1025 1580 4989 1020 1573 4990 1024 1579 4991 1026 1581 4992 1020 1573 4993 1025 1580 4994 1027 1582 4995 1020 1573 4996 1026 1581 4997 1028 1583 4998 1020 1573 4999 1027 1582 5000 1016 1566 5001 1020 1573 5002 1017 1567 5003 1018 1570 5004 1020 1573 5005 1016 1566 5006 1019 1572 5007 1020 1573 5008 1018 1570 5009 965 1584 5010 1022 1577 5011 971 1576 5012 965 1584 5013 1023 1578 5014 1022 1577 5015 966 1585 5016 1023 1578 5017 965 1584 5018 966 1585 5019 1024 1579 5020 1023 1578 5021 967 1586 5022 1024 1579 5023 966 1585 5024 967 1586 5025 1025 1580 5026 1024 1579 5027 968 1587 5028 1025 1580 5029 967 1586 5030 968 1587 5031 1026 1581 5032 1025 1580 5033 969 1588 5034 1026 1581 5035 968 1587 5036 969 1588 5037 1027 1582 5038 1026 1581 5039 970 1589 5040 1027 1582 5041 969 1588 5042 970 1589 5043 1028 1583 5044 1027 1582 5045 1029 1590 5046 1028 1583 5047 970 1589 5048 1029 1590 5049 1020 1573 5050 1028 1583 5051 1030 1591 5052 1020 1573 5053 1029 1590 5054 1017 1567 5055 1020 1573 5056 1030 1591 5057 1017 1567 5058 1030 1591 5059 973 1592 5060 1017 1567 5061 973 1592 5062 974 1568 5063 973 1592 5064 1030 1591 5065 1029 1590 5066 973 1592 5067 1029 1590 5068 972 1593 5069 1029 1590 5070 970 1589 5071 972 1593 5072</p>
        </triangles>
        <triangles material="chain_sniper-material" count="1178">
          <input semantic="VERTEX" source="#fob_e_sniperrifle-mesh-vertices" offset="0"/>
          <input semantic="NORMAL" source="#fob_e_sniperrifle-mesh-normals" offset="1"/>
          <input semantic="TEXCOORD" source="#fob_e_sniperrifle-mesh-map-0" offset="2" set="0"/>
          <p>1031 1594 5073 1032 1594 5074 1033 1594 5075 1031 1594 5076 1034 1594 5077 1032 1594 5078 1035 1595 5079 1036 1596 5080 1037 1597 5081 1035 1595 5082 1038 1598 5083 1036 1596 5084 1039 1599 5085 1038 1598 5086 1035 1595 5087 1039 1599 5088 1040 1600 5089 1038 1598 5090 1041 1601 5091 1042 1602 5092 1043 1603 5093 1041 1601 5094 1044 1604 5095 1042 1602 5096 1045 1605 5097 1044 1604 5098 1041 1601 5099 1045 1605 5100 1041 1601 5101 1046 1606 5102 1047 1607 5103 1045 1605 5104 1046 1606 5105 1047 1608 5106 1046 1609 5107 1048 1610 5108 1049 1611 5109 1050 1612 5110 1051 1613 5111 1049 1611 5112 1051 1613 5113 1052 1614 5114 1049 1611 5115 1052 1614 5116 1053 1615 5117 1049 1611 5118 1053 1615 5119 1054 1616 5120 1055 1617 5121 1054 1616 5122 1053 1615 5123 1055 1617 5124 1056 1618 5125 1054 1616 5126 1055 1617 5127 1057 1619 5128 1056 1618 5129 1055 1617 5130 1058 1620 5131 1057 1619 5132 1057 1619 5133 1058 1620 5134 1059 1621 5135 1057 1619 5136 1059 1621 5137 1060 1622 5138 1061 1623 5139 1062 1624 5140 1063 1625 5141 1064 1626 5142 1065 1627 5143 1061 1623 5144 1061 1623 5145 1065 1627 5146 1062 1624 5147 1066 1628 5148 1062 1624 5149 1065 1627 5150 1067 1629 5151 1068 1630 5152 1069 1631 5153 1067 1629 5154 1069 1631 5155 1070 1632 5156 1067 1629 5157 1070 1632 5158 1071 1633 5159 1071 1633 5160 1070 1632 5161 1072 1634 5162 1071 1633 5163 1072 1634 5164 1073 1635 5165 1073 1635 5166 1072 1634 5167 1074 1636 5168 1073 1635 5169 1074 1636 5170 1075 1637 5171 1073 1635 5172 1075 1637 5173 1076 1638 5174 1073 1635 5175 1076 1638 5176 1077 1639 5177 1077 1639 5178 1076 1638 5179 1066 1628 5180 1077 1639 5181 1066 1628 5182 1078 1640 5183 1066 1628 5184 1065 1627 5185 1078 1640 5186 1078 1640 5187 1065 1627 5188 1079 1641 5189 1064 1626 5190 1079 1641 5191 1065 1627 5192 1064 1626 5193 1080 1642 5194 1079 1641 5195 1064 1626 5196 1081 1643 5197 1080 1642 5198 1081 1643 5199 1062 1624 5200 1080 1642 5201 1081 1643 5202 1063 1625 5203 1062 1624 5204 1066 1628 5205 1080 1642 5206 1062 1624 5207 1082 1644 5208 1083 1645 5209 1084 1646 5210 1083 1645 5211 1085 1647 5212 1084 1646 5213 1083 1645 5214 1068 1630 5215 1085 1647 5216 1074 1636 5217 1085 1647 5218 1068 1630 5219 1074 1636 5220 1068 1630 5221 1067 1629 5222 1074 1636 5223 1067 1629 5224 1086 1648 5225 1067 1629 5226 1071 1633 5227 1086 1648 5228 1087 1649 5229 1086 1648 5230 1071 1633 5231 1087 1649 5232 1071 1633 5233 1088 1650 5234 1088 1650 5235 1089 1651 5236 1087 1649 5237 1088 1650 5238 1090 1652 5239 1089 1651 5240 1089 1651 5241 1090 1652 5242 1079 1641 5243 1078 1640 5244 1079 1641 5245 1090 1652 5246 1088 1650 5247 1078 1640 5248 1090 1652 5249 1088 1650 5250 1077 1639 5251 1078 1640 5252 1071 1633 5253 1077 1639 5254 1088 1650 5255 1071 1633 5256 1073 1635 5257 1077 1639 5258 1074 1636 5259 1086 1648 5260 1075 1637 5261 1075 1637 5262 1086 1648 5263 1087 1649 5264 1075 1637 5265 1087 1649 5266 1076 1638 5267 1087 1649 5268 1066 1628 5269 1076 1638 5270 1087 1649 5271 1089 1651 5272 1066 1628 5273 1066 1628 5274 1089 1651 5275 1080 1642 5276 1089 1651 5277 1079 1641 5278 1080 1642 5279 1091 1653 5280 1064 1626 5281 1092 1654 5282 1064 1626 5283 1093 1655 5284 1092 1654 5285 1064 1626 5286 1061 1623 5287 1093 1655 5288 1061 1623 5289 1094 1656 5290 1093 1655 5291 1095 1657 5292 1093 1655 5293 1094 1656 5294 1095 1657 5295 1094 1656 5296 1096 1658 5297 1096 1658 5298 1097 1659 5299 1095 1657 5300 1098 1660 5301 1095 1657 5302 1097 1659 5303 1098 1660 5304 1097 1659 5305 1099 1661 5306 1100 1662 5307 1098 1660 5308 1099 1661 5309 1100 1662 5310 1099 1661 5311 1101 1663 5312 1100 1662 5313 1101 1663 5314 1102 1664 5315 1101 1663 5316 1082 1644 5317 1102 1664 5318 1101 1663 5319 1103 1665 5320 1082 1644 5321 1082 1644 5322 1103 1665 5323 1083 1645 5324 1103 1665 5325 1104 1666 5326 1083 1645 5327 1104 1666 5328 1068 1630 5329 1083 1645 5330 1104 1666 5331 1069 1631 5332 1068 1630 5333 1099 1661 5334 1103 1665 5335 1101 1663 5336 1061 1623 5337 1063 1625 5338 1094 1656 5339 1098 1660 5340 1093 1655 5341 1095 1657 5342 1098 1660 5343 1092 1654 5344 1093 1655 5345 1091 1653 5346 1092 1654 5347 1098 1660 5348 1091 1653 5349 1098 1660 5350 1100 1662 5351 1094 1656 5352 1091 1653 5353 1100 1662 5354 1094 1656 5355 1100 1662 5356 1096 1658 5357 1100 1662 5358 1102 1664 5359 1096 1658 5360 1105 1667 5361 1104 1666 5362 1106 1668 5363 1105 1667 5364 1069 1631 5365 1104 1666 5366 1091 1653 5367 1081 1643 5368 1064 1626 5369 1094 1656 5370 1081 1643 5371 1091 1653 5372 1094 1656 5373 1063 1625 5374 1081 1643 5375 1096 1658 5376 1102 1664 5377 1097 1659 5378 1097 1659 5379 1102 1664 5380 1082 1644 5381 1097 1659 5382 1082 1644 5383 1107 1669 5384 1099 1661 5385 1097 1659 5386 1107 1669 5387 1099 1661 5388 1107 1669 5389 1108 1670 5390 1099 1661 5391 1108 1670 5392 1103 1665 5393 1103 1665 5394 1108 1670 5395 1104 1666 5396 1107 1669 5397 1104 1666 5398 1108 1670 5399 1107 1669 5400 1106 1668 5401 1104 1666 5402 1082 1644 5403 1106 1668 5404 1107 1669 5405 1082 1644 5406 1084 1646 5407 1106 1668 5408 1085 1647 5409 1106 1668 5410 1084 1646 5411 1085 1647 5412 1105 1667 5413 1106 1668 5414 1105 1667 5415 1085 1647 5416 1074 1636 5417 1105 1667 5418 1074 1636 5419 1072 1634 5420 1069 1631 5421 1105 1667 5422 1072 1634 5423 1069 1631 5424 1072 1634 5425 1070 1632 5426 1109 1671 5427 1110 1672 5428 1111 1673 5429 1109 1671 5430 1112 1674 5431 1110 1672 5432 1113 1675 5433 1112 1674 5434 1109 1671 5435 1113 1675 5436 1114 1676 5437 1112 1674 5438 1115 1677 5439 1058 1678 5440 1055 1679 5441 1115 1677 5442 1116 1680 5443 1058 1678 5444 1116 1680 5445 1059 1681 5446 1058 1678 5447 1117 1682 5448 1059 1681 5449 1116 1680 5450 1116 1680 5451 1118 1683 5452 1117 1682 5453 1118 1683 5454 1116 1680 5455 1119 1684 5456 1118 1683 5457 1119 1684 5458 1120 1685 5459 1119 1684 5460 1121 1686 5461 1120 1685 5462 1122 1687 5463 1121 1686 5464 1119 1684 5465 1119 1684 5466 1123 1688 5467 1122 1687 5468 1123 1688 5469 1119 1684 5470 1124 1689 5471 1123 1688 5472 1124 1689 5473 1125 1690 5474 1124 1689 5475 1115 1677 5476 1126 1691 5477 1124 1689 5478 1126 1691 5479 1127 1692 5480 1127 1692 5481 1125 1690 5482 1124 1689 5483 1127 1692 5484 1128 1693 5485 1125 1690 5486 1127 1692 5487 1129 1694 5488 1128 1693 5489 1127 1692 5490 1130 1695 5491 1129 1694 5492 1130 1695 5493 1131 1696 5494 1129 1694 5495 1132 1697 5496 1131 1696 5497 1130 1695 5498 1130 1695 5499 1133 1698 5500 1132 1697 5501 1130 1695 5502 1134 1699 5503 1133 1698 5504 1130 1695 5505 1135 1700 5506 1134 1699 5507 1135 1700 5508 1136 1701 5509 1134 1699 5510 1051 1702 5511 1136 1701 5512 1135 1700 5513 1135 1700 5514 1052 1703 5515 1051 1702 5516 1052 1703 5517 1135 1700 5518 1126 1691 5519 1052 1703 5520 1126 1691 5521 1053 1704 5522 1115 1677 5523 1053 1704 5524 1126 1691 5525 1115 1677 5526 1055 1679 5527 1053 1704 5528 1129 1705 5529 1131 1706 5530 1137 1707 5531 1129 1705 5532 1137 1707 5533 1138 1708 5534 1128 1709 5535 1129 1705 5536 1138 1708 5537 1128 1709 5538 1138 1708 5539 1139 1710 5540 1139 1710 5541 1125 1711 5542 1128 1709 5543 1139 1710 5544 1140 1712 5545 1125 1711 5546 1141 1713 5547 1125 1711 5548 1140 1712 5549 1141 1713 5550 1123 1714 5551 1125 1711 5552 1141 1713 5553 1122 1715 5554 1123 1714 5555 1141 1713 5556 1142 1716 5557 1122 1715 5558 1127 1717 5559 1143 1718 5560 1144 1719 5561 1127 1717 5562 1126 1720 5563 1143 1718 5564 1145 1721 5565 1124 1722 5566 1146 1723 5567 1145 1721 5568 1115 1724 5569 1124 1722 5570 1048 1725 5571 1038 1725 5572 1040 1725 5573 1048 1726 5574 1046 1727 5575 1038 1728 5576 1038 1728 5577 1046 1727 5578 1041 1729 5579 1038 1728 5580 1041 1729 5581 1036 1730 5582 1041 1731 5583 1043 1731 5584 1036 1731 5585 1037 1732 5586 1147 1733 5587 1148 1734 5588 1037 1735 5589 1036 1736 5590 1147 1737 5591 1149 1738 5592 1150 1739 5593 1151 1740 5594 1149 1738 5595 1151 1740 5596 1152 1741 5597 1153 1742 5598 1149 1738 5599 1152 1741 5600 1153 1742 5601 1154 1743 5602 1149 1738 5603 1155 1744 5604 1154 1743 5605 1153 1742 5606 1155 1744 5607 1156 1745 5608 1154 1743 5609 1157 1746 5610 1156 1745 5611 1155 1744 5612 1157 1746 5613 1158 1747 5614 1156 1745 5615 1159 1748 5616 1158 1747 5617 1157 1746 5618 1159 1748 5619 1157 1746 5620 1160 1749 5621 1161 1750 5622 1159 1748 5623 1160 1749 5624 1161 1750 5625 1162 1751 5626 1159 1748 5627 1163 1752 5628 1162 1751 5629 1161 1750 5630 1163 1752 5631 1164 1753 5632 1162 1751 5633 1151 1740 5634 1164 1753 5635 1163 1752 5636 1151 1740 5637 1150 1739 5638 1164 1753 5639 1165 1754 5640 1110 1755 5641 1166 1756 5642 1165 1754 5643 1111 1757 5644 1110 1755 5645 1167 1758 5646 1168 1759 5647 1169 1760 5648 1167 1758 5649 1170 1758 5650 1168 1759 5651 1171 1761 5652 1172 1762 5653 1173 1763 5654 1171 1761 5655 1174 1764 5656 1172 1762 5657 1175 1765 5658 1176 1766 5659 1177 1767 5660 1175 1765 5661 1178 1768 5662 1176 1766 5663 1179 1769 5664 1176 1766 5665 1178 1768 5666 1179 1769 5667 1180 1770 5668 1176 1766 5669 1181 1771 5670 1180 1770 5671 1179 1769 5672 1181 1771 5673 1182 1772 5674 1180 1770 5675 1183 1773 5676 1182 1772 5677 1181 1771 5678 1183 1773 5679 1184 1774 5680 1182 1772 5681 1184 1774 5682 1183 1773 5683 1185 1775 5684 1184 1774 5685 1185 1775 5686 1186 1776 5687 1185 1775 5688 1187 1777 5689 1186 1776 5690 1185 1775 5691 1188 1778 5692 1187 1777 5693 1188 1778 5694 1189 1779 5695 1187 1777 5696 1188 1778 5697 1190 1780 5698 1189 1779 5699 1175 1765 5700 1189 1779 5701 1190 1780 5702 1175 1765 5703 1177 1767 5704 1189 1779 5705 1191 1781 5706 1165 1782 5707 1166 1783 5708 1191 1781 5709 1192 1784 5710 1165 1782 5711 1193 1785 5712 1192 1784 5713 1191 1781 5714 1193 1785 5715 1194 1786 5716 1192 1784 5717 1195 1787 5718 1194 1786 5719 1193 1785 5720 1195 1787 5721 1196 1788 5722 1194 1786 5723 1197 1789 5724 1198 1790 5725 1199 1791 5726 1197 1789 5727 1200 1792 5728 1198 1790 5729 1182 1772 5730 1201 1793 5731 1202 1794 5732 1182 1772 5733 1202 1794 5734 1180 1770 5735 1203 1795 5736 1180 1770 5737 1202 1794 5738 1203 1795 5739 1176 1766 5740 1180 1770 5741 1176 1766 5742 1203 1795 5743 1204 1796 5744 1176 1766 5745 1204 1796 5746 1177 1767 5747 1177 1767 5748 1204 1796 5749 1205 1797 5750 1177 1767 5751 1205 1797 5752 1189 1779 5753 1187 1777 5754 1189 1779 5755 1205 1797 5756 1187 1777 5757 1205 1797 5758 1197 1789 5759 1197 1789 5760 1186 1776 5761 1187 1777 5762 1197 1789 5763 1199 1791 5764 1186 1776 5765 1206 1798 5766 1186 1776 5767 1199 1791 5768 1206 1798 5769 1199 1791 5770 1198 1790 5771 1206 1798 5772 1198 1790 5773 1207 1799 5774 1185 1775 5775 1207 1799 5776 1198 1790 5777 1185 1775 5778 1183 1773 5779 1207 1799 5780 1207 1799 5781 1183 1773 5782 1181 1771 5783 1206 1798 5784 1184 1774 5785 1186 1776 5786 1182 1772 5787 1184 1774 5788 1206 1798 5789 1182 1772 5790 1206 1798 5791 1201 1793 5792 1207 1799 5793 1201 1793 5794 1206 1798 5795 1207 1799 5796 1208 1800 5797 1201 1793 5798 1202 1794 5799 1201 1793 5800 1208 1800 5801 1202 1794 5802 1208 1800 5803 1209 1801 5804 1207 1799 5805 1181 1771 5806 1208 1800 5807 1181 1771 5808 1209 1801 5809 1208 1800 5810 1181 1771 5811 1179 1769 5812 1209 1801 5813 1179 1769 5814 1210 1802 5815 1209 1801 5816 1179 1769 5817 1178 1768 5818 1210 1802 5819 1211 1803 5820 1210 1802 5821 1178 1768 5822 1211 1803 5823 1178 1768 5824 1175 1765 5825 1212 1804 5826 1211 1803 5827 1175 1765 5828 1212 1804 5829 1175 1765 5830 1190 1780 5831 1188 1778 5832 1212 1804 5833 1190 1780 5834 1188 1778 5835 1200 1792 5836 1212 1804 5837 1185 1775 5838 1200 1792 5839 1188 1778 5840 1185 1775 5841 1198 1790 5842 1200 1792 5843 1200 1792 5844 1197 1789 5845 1205 1797 5846 1200 1792 5847 1205 1797 5848 1212 1804 5849 1211 1803 5850 1212 1804 5851 1205 1797 5852 1211 1803 5853 1205 1797 5854 1204 1796 5855 1203 1795 5856 1211 1803 5857 1204 1796 5858 1203 1795 5859 1210 1802 5860 1211 1803 5861 1203 1795 5862 1209 1801 5863 1210 1802 5864 1203 1795 5865 1202 1794 5866 1209 1801 5867 1195 1805 5868 1193 1806 5869 1114 1807 5870 1114 1807 5871 1193 1806 5872 1191 1808 5873 1114 1807 5874 1191 1808 5875 1112 1809 5876 1112 1809 5877 1166 1810 5878 1110 1811 5879 1112 1809 5880 1191 1808 5881 1166 1810 5882 1196 1812 5883 1113 1812 5884 1194 1812 5885 1113 1813 5886 1192 1814 5887 1194 1815 5888 1113 1813 5889 1109 1816 5890 1192 1814 5891 1109 1816 5892 1165 1817 5893 1192 1814 5894 1109 1816 5895 1111 1818 5896 1165 1817 5897 1213 1819 5898 1214 1820 5899 1215 1821 5900 1213 1819 5901 1216 1822 5902 1214 1820 5903 1217 1823 5904 1215 1824 5905 1218 1825 5906 1217 1823 5907 1213 1826 5908 1215 1824 5909 1219 1827 5910 1217 1827 5911 1218 1827 5912 1219 1828 5913 1220 1828 5914 1217 1828 5915 1214 1829 5916 1220 1830 5917 1219 1831 5918 1214 1832 5919 1216 1833 5920 1220 1834 5921 1214 1835 5922 1218 1836 5923 1215 1837 5924 1214 1835 5925 1219 1838 5926 1218 1836 5927 1221 1839 5928 1222 1840 5929 1223 1841 5930 1221 1839 5931 1224 1842 5932 1222 1840 5933 1225 1843 5934 1226 1844 5935 1227 1845 5936 1225 1843 5937 1228 1846 5938 1226 1844 5939 1223 1847 5940 1226 1848 5941 1228 1849 5942 1223 1847 5943 1222 1850 5944 1226 1848 5945 1223 1851 5946 1225 1852 5947 1221 1853 5948 1223 1851 5949 1228 1854 5950 1225 1852 5951 1224 1855 5952 1225 1856 5953 1227 1857 5954 1224 1855 5955 1221 1858 5956 1225 1856 5957 1222 1859 5958 1227 1860 5959 1226 1861 5960 1222 1859 5961 1224 1862 5962 1227 1860 5963 1229 1863 5964 1230 1863 5965 1231 1863 5966 1229 1864 5967 1232 1864 5968 1230 1864 5969 1233 1865 5970 1234 1866 5971 1235 1865 5972 1233 1867 5973 1236 1868 5974 1234 1869 5975 1236 1868 5976 1237 1870 5977 1234 1869 5978 1236 1868 5979 1238 1871 5980 1237 1870 5981 1237 1872 5982 1230 1873 5983 1232 1874 5984 1237 1872 5985 1238 1875 5986 1230 1873 5987 1121 1876 5988 1122 1715 5989 1142 1716 5990 1121 1876 5991 1142 1716 5992 1239 1877 5993 1120 1878 5994 1121 1876 5995 1239 1877 5996 1120 1878 5997 1239 1877 5998 1240 1879 5999 1240 1879 6000 1118 1880 6001 1120 1878 6002 1240 1879 6003 1241 1881 6004 1118 1880 6005 1241 1881 6006 1117 1882 6007 1118 1880 6008 1241 1881 6009 1242 1883 6010 1117 1882 6011 1242 1883 6012 1059 1621 6013 1117 1882 6014 1242 1883 6015 1060 1622 6016 1059 1621 6017 1119 1884 6018 1243 1885 6019 1244 1886 6020 1119 1884 6021 1116 1887 6022 1243 1885 6023 1245 1888 6024 1137 1707 6025 1131 1706 6026 1245 1888 6027 1131 1706 6028 1132 1889 6029 1133 1890 6030 1245 1888 6031 1132 1889 6032 1133 1890 6033 1246 1891 6034 1245 1888 6035 1134 1892 6036 1246 1891 6037 1133 1890 6038 1134 1892 6039 1247 1893 6040 1246 1891 6041 1247 1893 6042 1134 1892 6043 1136 1894 6044 1247 1893 6045 1136 1894 6046 1248 1895 6047 1051 1613 6048 1248 1895 6049 1136 1894 6050 1051 1613 6051 1050 1612 6052 1248 1895 6053 1217 1896 6054 1249 1897 6055 1250 1898 6056 1216 1899 6057 1217 1900 6058 1213 1901 6059 1216 1902 6060 1213 1903 6061 1251 1904 6062 1213 1903 6063 1252 1905 6064 1251 1904 6065 1213 1903 6066 1217 1896 6067 1252 1905 6068 1217 1896 6069 1253 1906 6070 1252 1905 6071 1217 1896 6072 1250 1898 6073 1253 1906 6074 1250 1898 6075 1254 1907 6076 1253 1906 6077 1250 1898 6078 1255 1908 6079 1254 1907 6080 1255 1908 6081 1256 1909 6082 1254 1907 6083 1255 1908 6084 1257 1910 6085 1256 1909 6086 1258 1911 6087 1256 1909 6088 1257 1910 6089 1258 1911 6090 1259 1912 6091 1256 1909 6092 1260 1913 6093 1259 1912 6094 1258 1911 6095 1260 1913 6096 1261 1914 6097 1259 1912 6098 1262 1915 6099 1261 1914 6100 1260 1913 6101 1262 1915 6102 1263 1916 6103 1261 1914 6104 1263 1916 6105 1262 1915 6106 1264 1917 6107 1263 1916 6108 1264 1917 6109 1265 1918 6110 1216 1902 6111 1251 1904 6112 1266 1919 6113 1171 1761 6114 1267 1920 6115 1174 1764 6116 1171 1761 6117 1268 1921 6118 1267 1920 6119 1269 1922 6120 1267 1920 6121 1268 1921 6122 1269 1922 6123 1268 1921 6124 1270 1923 6125 1269 1922 6126 1270 1923 6127 1271 1924 6128 1269 1922 6129 1271 1924 6130 1272 1925 6131 1272 1925 6132 1271 1924 6133 1273 1926 6134 1272 1925 6135 1273 1926 6136 1274 1927 6137 1195 1928 6138 1274 1927 6139 1273 1926 6140 1195 1928 6141 1273 1926 6142 1196 1929 6143 1195 1930 6144 1196 1931 6145 1275 1932 6146 1195 1930 6147 1275 1932 6148 1266 1919 6149 1216 1902 6150 1266 1919 6151 1275 1932 6152 1216 1902 6153 1275 1932 6154 1276 1933 6155 1216 1902 6156 1276 1933 6157 1249 1897 6158 1216 1902 6159 1249 1897 6160 1220 1934 6161 1217 1896 6162 1220 1934 6163 1249 1897 6164 1216 1899 6165 1220 1935 6166 1217 1900 6167 1277 1936 6168 1135 1937 6169 1130 1938 6170 1277 1936 6171 1278 1939 6172 1135 1937 6173 1243 1940 6174 1115 1941 6175 1145 1942 6176 1243 1940 6177 1116 1943 6178 1115 1941 6179 1126 1944 6180 1278 1945 6181 1143 1943 6182 1126 1944 6183 1135 1946 6184 1278 1945 6185 1124 1947 6186 1244 1948 6187 1146 1949 6188 1124 1947 6189 1119 1950 6190 1244 1948 6191 1277 1951 6192 1127 1952 6193 1144 1953 6194 1277 1951 6195 1130 1853 6196 1127 1952 6197 1279 1954 6198 1280 1955 6199 1281 1956 6200 1279 1954 6201 1281 1956 6202 1282 1957 6203 1283 1958 6204 1279 1954 6205 1282 1957 6206 1283 1958 6207 1284 1959 6208 1279 1954 6209 1285 1960 6210 1284 1959 6211 1283 1958 6212 1285 1960 6213 1286 1961 6214 1284 1959 6215 1287 1962 6216 1286 1961 6217 1285 1960 6218 1287 1962 6219 1288 1963 6220 1286 1961 6221 1289 1964 6222 1288 1963 6223 1287 1962 6224 1289 1964 6225 1290 1965 6226 1288 1963 6227 1289 1964 6228 1291 1966 6229 1290 1965 6230 1289 1964 6231 1292 1967 6232 1291 1966 6233 1293 1968 6234 1291 1966 6235 1292 1967 6236 1293 1968 6237 1294 1969 6238 1291 1966 6239 1295 1970 6240 1294 1969 6241 1293 1968 6242 1295 1970 6243 1296 1971 6244 1294 1969 6245 1295 1970 6246 1297 1972 6247 1296 1971 6248 1295 1970 6249 1298 1973 6250 1297 1972 6251 1168 1974 6252 1297 1972 6253 1298 1973 6254 1168 1974 6255 1170 1975 6256 1297 1972 6257 1299 1976 6258 1300 1977 6259 1301 1978 6260 1302 1979 6261 1299 1976 6262 1303 1980 6263 1299 1976 6264 1302 1979 6265 1300 1977 6266 1302 1979 6267 1304 1981 6268 1300 1977 6269 1305 1982 6270 1299 1976 6271 1301 1978 6272 1305 1982 6273 1306 1983 6274 1299 1976 6275 1304 1981 6276 1306 1983 6277 1305 1982 6278 1304 1981 6279 1307 1984 6280 1306 1983 6281 1302 1979 6282 1307 1984 6283 1304 1981 6284 1307 1984 6285 1302 1979 6286 1308 1985 6287 1302 1979 6288 1303 1980 6289 1308 1985 6290 1309 1986 6291 1308 1985 6292 1303 1980 6293 1309 1986 6294 1303 1980 6295 1310 1987 6296 1310 1987 6297 1311 1988 6298 1309 1986 6299 1310 1987 6300 1312 1989 6301 1311 1988 6302 1311 1988 6303 1312 1989 6304 1313 1990 6305 1311 1988 6306 1313 1990 6307 1314 1991 6308 1313 1990 6309 1315 1992 6310 1314 1991 6311 1314 1991 6312 1315 1992 6313 1316 1993 6314 1317 1994 6315 1316 1993 6316 1315 1992 6317 1317 1994 6318 1318 1995 6319 1316 1993 6320 1317 1994 6321 1319 1996 6322 1318 1995 6323 1320 1997 6324 1307 1984 6325 1321 1998 6326 1320 1997 6327 1306 1983 6328 1307 1984 6329 1303 1980 6330 1306 1983 6331 1320 1997 6332 1303 1980 6333 1299 1976 6334 1306 1983 6335 1307 1984 6336 1308 1985 6337 1321 1998 6338 1322 1999 6339 1321 1998 6340 1308 1985 6341 1320 1997 6342 1321 1998 6343 1322 1999 6344 1320 1997 6345 1322 1999 6346 1323 2000 6347 1303 1980 6348 1320 1997 6349 1323 2000 6350 1303 1980 6351 1323 2000 6352 1310 1987 6353 1323 2000 6354 1312 1989 6355 1310 1987 6356 1323 2000 6357 1324 2001 6358 1312 1989 6359 1324 2001 6360 1313 1990 6361 1312 1989 6362 1324 2001 6363 1325 2002 6364 1313 1990 6365 1313 1990 6366 1325 2002 6367 1318 1995 6368 1325 2002 6369 1316 1993 6370 1318 1995 6371 1325 2002 6372 1326 2003 6373 1316 1993 6374 1314 1991 6375 1316 1993 6376 1326 2003 6377 1327 2004 6378 1314 1991 6379 1326 2003 6380 1327 2004 6381 1311 1988 6382 1314 1991 6383 1309 1986 6384 1311 1988 6385 1327 2004 6386 1309 1986 6387 1327 2004 6388 1322 1999 6389 1322 1999 6390 1308 1985 6391 1309 1986 6392 1323 2000 6393 1322 1999 6394 1327 2004 6395 1323 2000 6396 1327 2004 6397 1324 2001 6398 1327 2004 6399 1325 2002 6400 1324 2001 6401 1327 2004 6402 1326 2003 6403 1325 2002 6404 1313 1990 6405 1318 1995 6406 1328 2005 6407 1319 1996 6408 1328 2005 6409 1318 1995 6410 1319 1996 6411 1329 2006 6412 1328 2005 6413 1330 2007 6414 1329 2006 6415 1319 1996 6416 1330 2007 6417 1319 1996 6418 1331 2008 6419 1330 2007 6420 1331 2008 6421 1332 2009 6422 1331 2008 6423 1333 2010 6424 1332 2009 6425 1334 2011 6426 1332 2009 6427 1333 2010 6428 1334 2011 6429 1333 2010 6430 1335 2012 6431 1335 2012 6432 1336 2013 6433 1334 2011 6434 1335 2012 6435 1337 2014 6436 1336 2013 6437 1336 2013 6438 1337 2014 6439 1304 1981 6440 1338 2015 6441 1304 1981 6442 1337 2014 6443 1338 2015 6444 1300 1977 6445 1304 1981 6446 1339 2016 6447 1300 1977 6448 1338 2015 6449 1339 2016 6450 1301 1978 6451 1300 1977 6452 1330 2007 6453 1332 2009 6454 1340 2017 6455 1340 2017 6456 1332 2009 6457 1334 2011 6458 1340 2017 6459 1334 2011 6460 1341 2018 6461 1334 2011 6462 1339 2016 6463 1341 2018 6464 1334 2011 6465 1336 2013 6466 1339 2016 6467 1339 2016 6468 1336 2013 6469 1305 1982 6470 1336 2013 6471 1304 1981 6472 1305 1982 6473 1339 2016 6474 1305 1982 6475 1301 1978 6476 1335 2012 6477 1333 2010 6478 1342 2019 6479 1335 2012 6480 1342 2019 6481 1343 2020 6482 1335 2012 6483 1338 2015 6484 1337 2014 6485 1335 2012 6486 1343 2020 6487 1338 2015 6488 1343 2020 6489 1339 2016 6490 1338 2015 6491 1343 2020 6492 1341 2018 6493 1339 2016 6494 1342 2019 6495 1341 2018 6496 1343 2020 6497 1342 2019 6498 1340 2017 6499 1341 2018 6500 1342 2019 6501 1330 2007 6502 1340 2017 6503 1342 2019 6504 1344 2021 6505 1330 2007 6506 1345 2022 6507 1330 2007 6508 1344 2021 6509 1317 1994 6510 1345 2022 6511 1344 2021 6512 1317 1994 6513 1315 1992 6514 1345 2022 6515 1345 2022 6516 1315 1992 6517 1328 2005 6518 1313 1990 6519 1328 2005 6520 1315 1992 6521 1317 1994 6522 1344 2021 6523 1346 2023 6524 1345 2022 6525 1329 2006 6526 1330 2007 6527 1345 2022 6528 1328 2005 6529 1329 2006 6530 1333 2010 6531 1344 2021 6532 1342 2019 6533 1333 2010 6534 1346 2023 6535 1344 2021 6536 1331 2008 6537 1346 2023 6538 1333 2010 6539 1331 2008 6540 1317 1994 6541 1346 2023 6542 1331 2008 6543 1319 1996 6544 1317 1994 6545 1347 2024 6546 1348 2025 6547 1349 2026 6548 1347 2024 6549 1349 2026 6550 1350 2027 6551 1351 2028 6552 1350 2027 6553 1349 2026 6554 1351 2028 6555 1352 2029 6556 1350 2027 6557 1353 2030 6558 1354 2031 6559 1355 2032 6560 1353 2030 6561 1356 2033 6562 1354 2031 6563 1357 2034 6564 1358 2035 6565 1359 2036 6566 1357 2034 6567 1359 2036 6568 1360 2037 6569 1361 2038 6570 1357 2034 6571 1360 2037 6572 1361 2038 6573 1360 2037 6574 1362 2039 6575 1362 2039 6576 1363 2040 6577 1361 2038 6578 1362 2039 6579 1364 2041 6580 1363 2040 6581 1364 2041 6582 1365 2042 6583 1363 2040 6584 1364 2041 6585 1366 2043 6586 1365 2042 6587 1366 2043 6588 1367 2044 6589 1365 2042 6590 1366 2043 6591 1368 2045 6592 1367 2044 6593 1369 2046 6594 1370 2047 6595 1371 2048 6596 1369 2046 6597 1372 2049 6598 1370 2047 6599 1373 2050 6600 1354 2051 6601 1374 2052 6602 1373 2050 6603 1355 1943 6604 1354 2051 6605 1375 2053 6606 1371 2054 6607 1370 2055 6608 1375 2053 6609 1376 2056 6610 1371 2054 6611 1377 2057 6612 1356 2058 6613 1353 2059 6614 1377 2057 6615 1378 2060 6616 1356 2058 6617 1379 2061 6618 1369 2062 6619 1380 2063 6620 1379 2061 6621 1372 2064 6622 1369 2062 6623 1376 2065 6624 1380 2066 6625 1378 2067 6626 1376 2065 6627 1378 2067 6628 1374 2068 6629 1376 2065 6630 1374 2068 6631 1381 2069 6632 1374 2068 6633 1382 2070 6634 1381 2069 6635 1374 2068 6636 1354 2071 6637 1382 2070 6638 1354 2071 6639 1383 2072 6640 1382 2070 6641 1383 2072 6642 1354 2071 6643 1384 2073 6644 1354 2071 6645 1385 2074 6646 1384 2073 6647 1386 2075 6648 1385 2074 6649 1354 2071 6650 1386 2075 6651 1354 2071 6652 1356 2076 6653 1356 2076 6654 1387 2077 6655 1386 2075 6656 1387 2077 6657 1356 2076 6658 1388 2078 6659 1356 2076 6660 1389 2079 6661 1388 2078 6662 1378 2067 6663 1389 2079 6664 1356 2076 6665 1378 2067 6666 1390 2080 6667 1389 2079 6668 1378 2067 6669 1391 2081 6670 1390 2080 6671 1378 2067 6672 1380 2066 6673 1391 2081 6674 1380 2066 6675 1392 2082 6676 1391 2081 6677 1380 2066 6678 1369 2083 6679 1392 2082 6680 1369 2083 6681 1359 2084 6682 1392 2082 6683 1359 2084 6684 1369 2083 6685 1360 2085 6686 1369 2083 6687 1362 2086 6688 1360 2085 6689 1362 2086 6690 1369 2083 6691 1371 2087 6692 1362 2086 6693 1371 2087 6694 1364 2088 6695 1371 2087 6696 1366 2089 6697 1364 2088 6698 1366 2089 6699 1371 2087 6700 1368 2090 6701 1371 2087 6702 1393 2091 6703 1368 2090 6704 1376 2065 6705 1393 2091 6706 1371 2087 6707 1376 2065 6708 1394 2092 6709 1393 2091 6710 1376 2065 6711 1381 2069 6712 1394 2092 6713 1379 2093 6714 1375 2094 6715 1373 2095 6716 1379 2093 6717 1373 2095 6718 1377 2096 6719 1379 2093 6720 1377 2096 6721 1395 2097 6722 1377 2096 6723 1396 2098 6724 1395 2097 6725 1377 2096 6726 1353 2099 6727 1396 2098 6728 1353 2099 6729 1397 2100 6730 1396 2098 6731 1397 2100 6732 1353 2099 6733 1398 2101 6734 1353 2099 6735 1399 2102 6736 1398 2101 6737 1353 2099 6738 1400 2103 6739 1399 2102 6740 1353 2099 6741 1355 2104 6742 1400 2103 6743 1355 2104 6744 1401 2105 6745 1400 2103 6746 1401 2105 6747 1355 2104 6748 1402 2106 6749 1355 2104 6750 1403 2107 6751 1402 2106 6752 1373 2095 6753 1403 2107 6754 1355 2104 6755 1373 2095 6756 1404 2108 6757 1403 2107 6758 1373 2095 6759 1405 2109 6760 1404 2108 6761 1373 2095 6762 1375 2094 6763 1405 2109 6764 1375 2094 6765 1406 2110 6766 1405 2109 6767 1375 2094 6768 1370 2111 6769 1406 2110 6770 1370 2111 6771 1367 2112 6772 1406 2110 6773 1367 2112 6774 1370 2111 6775 1365 2113 6776 1370 2111 6777 1363 2114 6778 1365 2113 6779 1372 2115 6780 1363 2114 6781 1370 2111 6782 1372 2115 6783 1361 2116 6784 1363 2114 6785 1372 2115 6786 1357 2117 6787 1361 2116 6788 1357 2117 6789 1372 2115 6790 1358 2118 6791 1372 2115 6792 1407 2119 6793 1358 2118 6794 1379 2093 6795 1407 2119 6796 1372 2115 6797 1379 2093 6798 1408 2120 6799 1407 2119 6800 1379 2093 6801 1395 2097 6802 1408 2120 6803 1376 2121 6804 1379 2122 6805 1380 2123 6806 1376 2121 6807 1375 2121 6808 1379 2122 6809 1377 2124 6810 1374 2125 6811 1378 2126 6812 1377 2124 6813 1373 2127 6814 1374 2125 6815 1409 2128 6816 1410 2129 6817 1411 2130 6818 1409 2128 6819 1411 2130 6820 1412 2131 6821 1409 2128 6822 1412 2131 6823 1413 2132 6824 1409 2128 6825 1413 2132 6826 1414 2133 6827 1415 2134 6828 1414 2133 6829 1413 2132 6830 1415 2134 6831 1416 2135 6832 1414 2133 6833 1417 2136 6834 1416 2135 6835 1415 2134 6836 1417 2136 6837 1418 2137 6838 1416 2135 6839 1418 2137 6840 1417 2136 6841 1419 2138 6842 1418 2137 6843 1419 2138 6844 1420 2139 6845 1233 2140 6846 1231 2140 6847 1236 2140 6848 1231 2141 6849 1238 2142 6850 1236 2143 6851 1231 2141 6852 1230 2144 6853 1238 2142 6854 1421 2145 6855 1422 2146 6856 1423 2147 6857 1421 2145 6858 1424 2148 6859 1422 2146 6860 1425 2149 6861 1426 2150 6862 1427 2151 6863 1425 2149 6864 1428 2152 6865 1426 2150 6866 1034 2153 6867 1422 2154 6868 1032 1943 6869 1034 2153 6870 1423 2155 6871 1422 2154 6872 1429 2156 6873 1427 2157 6874 1426 2158 6875 1429 2156 6876 1430 2159 6877 1427 2157 6878 1031 1853 6879 1424 1853 6880 1421 1853 6881 1031 1853 6882 1033 1853 6883 1424 1853 6884 1431 2160 6885 1425 2161 6886 1432 1853 6887 1431 2160 6888 1428 2162 6889 1425 2161 6890 1429 2163 6891 1034 2164 6892 1031 2165 6893 1429 2163 6894 1031 2165 6895 1431 2166 6896 1431 2166 6897 1031 2165 6898 1433 2167 6899 1431 2166 6900 1433 2167 6901 1434 2168 6902 1431 2166 6903 1434 2168 6904 1435 2169 6905 1431 2166 6906 1435 2169 6907 1428 2170 6908 1428 2170 6909 1435 2169 6910 1436 2171 6911 1437 2172 6912 1428 2170 6913 1436 2171 6914 1428 2170 6915 1437 2172 6916 1438 2173 6917 1428 2170 6918 1438 2173 6919 1439 2174 6920 1428 2170 6921 1439 2174 6922 1426 2175 6923 1426 2175 6924 1439 2174 6925 1440 2176 6926 1441 2177 6927 1426 2175 6928 1440 2176 6929 1426 2175 6930 1441 2177 6931 1442 2178 6932 1429 2163 6933 1426 2175 6934 1442 2178 6935 1429 2163 6936 1442 2178 6937 1443 2179 6938 1034 2164 6939 1429 2163 6940 1443 2179 6941 1034 2164 6942 1443 2179 6943 1444 2180 6944 1034 2164 6945 1444 2180 6946 1445 2181 6947 1034 2164 6948 1445 2181 6949 1423 2182 6950 1423 2182 6951 1445 2181 6952 1410 2183 6953 1409 2184 6954 1423 2182 6955 1410 2183 6956 1423 2182 6957 1409 2184 6958 1414 2185 6959 1421 2186 6960 1423 2182 6961 1414 2185 6962 1421 2186 6963 1414 2185 6964 1416 2187 6965 1421 2186 6966 1416 2187 6967 1418 2188 6968 1420 2189 6969 1421 2186 6970 1418 2188 6971 1421 2186 6972 1420 2189 6973 1446 2190 6974 1031 2165 6975 1421 2186 6976 1446 2190 6977 1031 2165 6978 1446 2190 6979 1433 2167 6980 1235 2191 6981 1234 2192 6982 1229 2193 6983 1237 2194 6984 1229 2193 6985 1234 2192 6986 1237 2194 6987 1232 2195 6988 1229 2193 6989 1384 2196 6990 1402 2197 6991 1383 2198 6992 1384 2196 6993 1401 2199 6994 1402 2197 6995 1401 2199 6996 1384 2196 6997 1385 2200 6998 1401 2199 6999 1385 2200 7000 1400 2201 7001 1386 2202 7002 1400 2201 7003 1385 2200 7004 1386 2202 7005 1399 2203 7006 1400 2201 7007 1387 2204 7008 1399 2203 7009 1386 2202 7010 1387 2204 7011 1398 2205 7012 1399 2203 7013 1398 2205 7014 1387 2204 7015 1388 2206 7016 1398 2205 7017 1388 2206 7018 1397 2207 7019 1367 2044 7020 1368 2045 7021 1393 2208 7022 1367 2044 7023 1393 2208 7024 1406 2209 7025 1405 2210 7026 1406 2209 7027 1393 2208 7028 1405 2210 7029 1393 2208 7030 1394 2211 7031 1394 2211 7032 1404 2212 7033 1405 2210 7034 1394 2211 7035 1381 2213 7036 1404 2212 7037 1404 2212 7038 1381 2213 7039 1382 2214 7040 1404 2212 7041 1382 2214 7042 1403 2215 7043 1382 2214 7044 1402 2197 7045 1403 2215 7046 1382 2214 7047 1383 2198 7048 1402 2197 7049 1432 2216 7050 1429 2216 7051 1431 2216 7052 1432 2216 7053 1430 2216 7054 1429 2216 7055 1447 2217 7056 1448 2218 7057 1449 2219 7058 1447 2217 7059 1449 2219 7060 1450 2220 7061 1451 2221 7062 1447 2217 7063 1450 2220 7064 1451 2221 7065 1452 2222 7066 1447 2217 7067 1453 2223 7068 1452 2222 7069 1451 2221 7070 1453 2223 7071 1454 2224 7072 1452 2222 7073 1453 2223 7074 1455 2225 7075 1454 2224 7076 1453 2223 7077 1456 2226 7078 1455 2225 7079 1457 2227 7080 1454 2224 7081 1455 2225 7082 1457 2227 7083 1458 2228 7084 1454 2224 7085 1452 2222 7086 1454 2224 7087 1458 2228 7088 1452 2222 7089 1458 2228 7090 1459 2229 7091 1452 2222 7092 1459 2229 7093 1460 2230 7094 1452 2222 7095 1460 2230 7096 1447 2217 7097 1448 2218 7098 1447 2217 7099 1460 2230 7100 1448 2218 7101 1460 2230 7102 1461 2231 7103 1461 2231 7104 1462 2232 7105 1448 2218 7106 1461 2231 7107 1463 2233 7108 1462 2232 7109 1464 2234 7110 1462 2232 7111 1463 2233 7112 1464 2234 7113 1465 2235 7114 1462 2232 7115 1465 2235 7116 1464 2234 7117 1466 2236 7118 1465 2235 7119 1466 2236 7120 1467 2237 7121 1467 2237 7122 1457 2227 7123 1455 2225 7124 1467 2237 7125 1466 2236 7126 1457 2227 7127 1465 2235 7128 1468 2238 7129 1462 2232 7130 1468 2238 7131 1448 2218 7132 1462 2232 7133 1468 2238 7134 1449 2219 7135 1448 2218 7136 1469 2239 7137 1465 2235 7138 1467 2237 7139 1465 2235 7140 1469 2239 7141 1468 2238 7142 1468 2238 7143 1469 2239 7144 1470 2240 7145 1468 2238 7146 1470 2240 7147 1471 2241 7148 1468 2238 7149 1471 2241 7150 1472 2242 7151 1468 2238 7152 1472 2242 7153 1449 2219 7154 1472 2242 7155 1450 2220 7156 1449 2219 7157 1472 2242 7158 1473 2243 7159 1450 2220 7160 1473 2243 7161 1451 2221 7162 1450 2220 7163 1473 2243 7164 1474 2244 7165 1451 2221 7166 1474 2244 7167 1453 2223 7168 1451 2221 7169 1474 2244 7170 1475 2245 7171 1453 2223 7172 1453 2223 7173 1475 2245 7174 1476 2246 7175 1453 2223 7176 1476 2246 7177 1456 2226 7178 1477 2247 7179 1456 2226 7180 1476 2246 7181 1477 2247 7182 1478 2248 7183 1456 2226 7184 1477 2247 7185 1469 2239 7186 1478 2248 7187 1477 2247 7188 1470 2240 7189 1469 2239 7190 1469 2239 7191 1467 2237 7192 1478 2248 7193 1456 2226 7194 1478 2248 7195 1467 2237 7196 1456 2226 7197 1467 2237 7198 1455 2225 7199 1474 2244 7200 1460 2230 7201 1459 2229 7202 1474 2244 7203 1473 2243 7204 1460 2230 7205 1472 2242 7206 1460 2230 7207 1473 2243 7208 1472 2242 7209 1461 2231 7210 1460 2230 7211 1461 2231 7212 1472 2242 7213 1471 2241 7214 1461 2231 7215 1471 2241 7216 1463 2233 7217 1470 2240 7218 1463 2233 7219 1471 2241 7220 1470 2240 7221 1464 2234 7222 1463 2233 7223 1470 2240 7224 1466 2236 7225 1464 2234 7226 1470 2240 7227 1477 2247 7228 1466 2236 7229 1477 2247 7230 1457 2227 7231 1466 2236 7232 1477 2247 7233 1476 2246 7234 1457 2227 7235 1457 2227 7236 1476 2246 7237 1475 2245 7238 1457 2227 7239 1475 2245 7240 1458 2228 7241 1458 2228 7242 1475 2245 7243 1474 2244 7244 1458 2228 7245 1474 2244 7246 1459 2229 7247 1397 2207 7248 1388 2206 7249 1389 2249 7250 1397 2207 7251 1389 2249 7252 1396 2250 7253 1395 2251 7254 1396 2250 7255 1389 2249 7256 1395 2251 7257 1389 2249 7258 1390 2252 7259 1391 2253 7260 1395 2251 7261 1390 2252 7262 1391 2253 7263 1408 2254 7264 1395 2251 7265 1408 2254 7266 1391 2253 7267 1392 2255 7268 1408 2254 7269 1392 2255 7270 1407 2256 7271 1392 2255 7272 1358 2035 7273 1407 2256 7274 1392 2255 7275 1359 2036 7276 1358 2035 7277 1479 2257 7278 1480 2257 7279 1481 2257 7280 1479 2258 7281 1482 2259 7282 1480 2260 7283 1482 2259 7284 1483 2261 7285 1480 2260 7286 1482 2259 7287 1484 2262 7288 1483 2261 7289 1485 2263 7290 1486 2264 7291 1487 2265 7292 1485 2263 7293 1488 2266 7294 1486 2264 7295 1489 2267 7296 1486 2264 7297 1488 2266 7298 1489 2267 7299 1167 2268 7300 1486 2264 7301 1489 2267 7302 1172 2269 7303 1167 2268 7304 1172 2269 7305 1170 2270 7306 1167 2268 7307 1174 2271 7308 1170 2270 7309 1172 2269 7310 1170 2270 7311 1174 2271 7312 1267 2272 7313 1170 2270 7314 1267 2272 7315 1297 2273 7316 1297 2273 7317 1267 2272 7318 1269 2274 7319 1297 2273 7320 1269 2274 7321 1296 2275 7322 1296 2275 7323 1269 2274 7324 1272 2276 7325 1296 2275 7326 1272 2276 7327 1294 2277 7328 1272 2276 7329 1291 2278 7330 1294 2277 7331 1272 2276 7332 1274 2279 7333 1291 2278 7334 1490 2280 7335 1491 2281 7336 1261 2282 7337 1490 2280 7338 1261 2282 7339 1263 2283 7340 1263 2283 7341 1492 2284 7342 1490 2280 7343 1263 2283 7344 1265 2285 7345 1492 2284 7346 1492 2284 7347 1265 2285 7348 1493 2286 7349 1492 2284 7350 1493 2286 7351 1494 2287 7352 1494 2287 7353 1493 2286 7354 1495 1853 7355 1494 2287 7356 1495 1853 7357 1496 2288 7358 1496 2288 7359 1495 1853 7360 1497 2289 7361 1496 2288 7362 1497 2289 7363 1498 2290 7364 1499 2291 7365 1498 2290 7366 1497 2289 7367 1499 2291 7368 1500 2292 7369 1498 2290 7370 1499 2291 7371 1501 2293 7372 1500 2292 7373 1499 2291 7374 1502 2294 7375 1501 2293 7376 1503 2295 7377 1501 2293 7378 1502 2294 7379 1503 2295 7380 1504 1853 7381 1501 2293 7382 1503 2295 7383 1487 2265 7384 1504 1853 7385 1503 2295 7386 1485 2263 7387 1487 2265 7388 1290 2296 7389 1291 2278 7390 1274 2279 7391 1290 2296 7392 1274 2279 7393 1195 2297 7394 1195 2297 7395 1288 2298 7396 1290 2296 7397 1195 2297 7398 1266 2299 7399 1288 2298 7400 1288 2298 7401 1266 2299 7402 1251 2300 7403 1288 2298 7404 1251 2300 7405 1286 2301 7406 1286 2301 7407 1251 2300 7408 1252 2302 7409 1286 2301 7410 1252 2302 7411 1284 2303 7412 1252 2302 7413 1279 2304 7414 1284 2303 7415 1252 2302 7416 1253 2305 7417 1279 2304 7418 1279 2304 7419 1253 2305 7420 1254 2306 7421 1279 2304 7422 1254 2306 7423 1280 2307 7424 1254 2306 7425 1505 2308 7426 1280 2307 7427 1254 2306 7428 1256 2309 7429 1505 2308 7430 1506 2310 7431 1505 2308 7432 1256 2309 7433 1506 2310 7434 1256 2309 7435 1259 2311 7436 1491 2281 7437 1506 2310 7438 1259 2311 7439 1491 2281 7440 1259 2311 7441 1261 2282 7442 1169 2312 7443 1486 2313 7444 1167 2314 7445 1169 2312 7446 1507 2315 7447 1486 2313 7448 1507 2315 7449 1487 2316 7450 1486 2313 7451 1507 2315 7452 1508 2317 7453 1487 2316 7454 1509 2318 7455 1510 2319 7456 1511 2320 7457 1509 2318 7458 1511 2320 7459 1512 2321 7460 1513 2322 7461 1509 2318 7462 1512 2321 7463 1513 2322 7464 1514 2323 7465 1509 2318 7466 1515 2324 7467 1516 2325 7468 1481 2325 7469 1515 2326 7470 1481 2327 7471 1480 2328 7472 1480 2328 7473 1517 2329 7474 1515 2326 7475 1480 2328 7476 1483 2330 7477 1517 2329 7478 1484 2331 7479 1517 2329 7480 1483 2330 7481 1484 2331 7482 1518 2332 7483 1517 2329 7484 1518 2332 7485 1484 2331 7486 1482 2333 7487 1518 2332 7488 1482 2333 7489 1519 2334 7490 1479 2335 7491 1519 2334 7492 1482 2333 7493 1479 2335 7494 1520 2335 7495 1519 2334 7496 1173 2336 7497 1172 2337 7498 1489 2338 7499 1173 2336 7500 1489 2338 7501 1521 2339 7502 1488 2340 7503 1521 2339 7504 1489 2338 7505 1488 2340 7506 1522 2341 7507 1521 2339 7508 1522 2341 7509 1488 2340 7510 1485 2342 7511 1522 2341 7512 1485 2342 7513 1523 2343 7514 1524 2344 7515 1523 2343 7516 1485 2342 7517 1524 2344 7518 1485 2342 7519 1503 2345 7520 1525 2346 7521 1524 2344 7522 1503 2345 7523 1525 2346 7524 1503 2345 7525 1502 2347 7526 1526 2348 7527 1525 2346 7528 1502 2347 7529 1526 2348 7530 1502 2347 7531 1499 2349 7532 1499 2349 7533 1527 2350 7534 1526 2348 7535 1499 2349 7536 1497 2351 7537 1527 2350 7538 1495 2352 7539 1527 2350 7540 1497 2351 7541 1495 2352 7542 1528 2353 7543 1527 2350 7544 1493 2354 7545 1528 2353 7546 1495 2352 7547 1493 2354 7548 1529 2355 7549 1528 2353 7550 1265 1918 7551 1529 2355 7552 1493 2354 7553 1265 1918 7554 1264 1917 7555 1529 2355 7556 1509 2356 7557 1514 2357 7558 1530 2357 7559 1509 2358 7560 1530 2359 7561 1531 2360 7562 1531 2360 7563 1510 2361 7564 1509 2358 7565 1531 2360 7566 1532 2362 7567 1510 2361 7568 1532 2362 7569 1511 2363 7570 1510 2361 7571 1532 2362 7572 1533 2364 7573 1511 2363 7574 1534 2365 7575 1511 2363 7576 1533 2364 7577 1534 2365 7578 1512 2366 7579 1511 2363 7580 1535 2335 7581 1512 2366 7582 1534 2365 7583 1535 2335 7584 1513 2335 7585 1512 2366 7586 1536 2367 7587 1436 2368 7588 1537 2369 7589 1536 2367 7590 1437 2370 7591 1436 2368 7592 1438 2371 7593 1437 2370 7594 1536 2367 7595 1438 2371 7596 1536 2367 7597 1538 2372 7598 1538 2372 7599 1439 2373 7600 1438 2371 7601 1538 2372 7602 1539 2374 7603 1439 2373 7604 1539 2374 7605 1440 2375 7606 1439 2373 7607 1539 2374 7608 1540 2376 7609 1440 2375 7610 1540 2376 7611 1441 2377 7612 1440 2375 7613 1540 2376 7614 1541 2378 7615 1441 2377 7616 1432 2379 7617 1542 2380 7618 1543 2381 7619 1432 2379 7620 1425 2382 7621 1542 2380 7622 1425 2382 7623 1537 2383 7624 1542 2380 7625 1537 2383 7626 1425 2382 7627 1536 2384 7628 1425 2382 7629 1538 2385 7630 1536 2384 7631 1538 2385 7632 1425 2382 7633 1427 2386 7634 1538 2385 7635 1427 2386 7636 1539 2387 7637 1427 2386 7638 1540 2388 7639 1539 2387 7640 1540 2388 7641 1427 2386 7642 1541 2389 7643 1427 2386 7644 1544 2390 7645 1541 2389 7646 1430 2391 7647 1544 2390 7648 1427 2386 7649 1430 2391 7650 1545 2392 7651 1544 2390 7652 1430 2391 7653 1432 2379 7654 1033 2393 7655 1430 2391 7656 1033 2393 7657 1032 2394 7658 1032 2394 7659 1545 2392 7660 1430 2391 7661 1032 2394 7662 1546 2395 7663 1545 2392 7664 1032 2394 7665 1547 2396 7666 1546 2395 7667 1032 2394 7668 1422 2397 7669 1547 2396 7670 1422 2397 7671 1411 2398 7672 1547 2396 7673 1411 2398 7674 1422 2397 7675 1412 2399 7676 1422 2397 7677 1413 2400 7678 1412 2399 7679 1415 2401 7680 1413 2400 7681 1422 2397 7682 1415 2401 7683 1422 2397 7684 1424 2402 7685 1424 2402 7686 1417 2403 7687 1415 2401 7688 1417 2403 7689 1424 2402 7690 1419 2404 7691 1424 2402 7692 1548 2405 7693 1419 2404 7694 1033 2393 7695 1548 2405 7696 1424 2402 7697 1033 2393 7698 1549 2406 7699 1548 2405 7700 1033 2393 7701 1543 2381 7702 1549 2406 7703 1033 2393 7704 1432 2379 7705 1543 2381 7706 1420 2139 7707 1419 2138 7708 1548 2407 7709 1420 2139 7710 1548 2407 7711 1446 2408 7712 1433 2409 7713 1446 2408 7714 1548 2407 7715 1433 2409 7716 1548 2407 7717 1549 2410 7718 1543 2411 7719 1433 2409 7720 1549 2410 7721 1543 2411 7722 1434 2412 7723 1433 2409 7724 1434 2412 7725 1543 2411 7726 1542 2413 7727 1434 2412 7728 1542 2413 7729 1435 2414 7730 1542 2413 7731 1436 2368 7732 1435 2414 7733 1542 2413 7734 1537 2369 7735 1436 2368 7736 1550 2415 7737 1551 2416 7738 1552 2417 7739 1550 2415 7740 1553 2418 7741 1551 2416 7742 1553 2418 7743 1554 2419 7744 1551 2416 7745 1553 2418 7746 1555 2420 7747 1554 2419 7748 1556 2421 7749 1554 2419 7750 1555 2420 7751 1556 2421 7752 1557 2422 7753 1554 2419 7754 1558 2423 7755 1557 2422 7756 1556 2421 7757 1558 2423 7758 1559 2424 7759 1557 2422 7760 1558 2423 7761 1560 2425 7762 1559 2424 7763 1558 2423 7764 1561 2426 7765 1560 2425 7766 1561 2426 7767 1562 2427 7768 1560 2425 7769 1561 2426 7770 1563 2428 7771 1562 2427 7772 1563 2428 7773 1564 2429 7774 1562 2427 7775 1563 2428 7776 1565 2430 7777 1564 2429 7778 1565 2430 7779 1552 2417 7780 1564 2429 7781 1565 2430 7782 1550 2415 7783 1552 2417 7784 1566 2431 7785 1567 2432 7786 1568 2433 7787 1566 2431 7788 1569 2434 7789 1567 2432 7790 1567 2432 7791 1569 2434 7792 1570 2435 7793 1567 2432 7794 1570 2435 7795 1571 2436 7796 1571 2436 7797 1570 2435 7798 1572 2437 7799 1571 2436 7800 1572 2437 7801 1573 2438 7802 1573 2438 7803 1572 2437 7804 1574 2439 7805 1573 2438 7806 1574 2439 7807 1575 2440 7808 1575 2440 7809 1574 2439 7810 1576 2441 7811 1575 2440 7812 1576 2441 7813 1577 2442 7814 1577 2442 7815 1576 2441 7816 1352 2029 7817 1577 2442 7818 1352 2029 7819 1351 2028 7820 1042 2443 7821 1578 2444 7822 1043 2445 7823 1042 2443 7824 1579 2446 7825 1578 2444 7826 1580 2447 7827 1578 2444 7828 1579 2446 7829 1580 2447 7830 1581 2448 7831 1578 2444 7832 1582 2449 7833 1581 2448 7834 1580 2447 7835 1582 2449 7836 1583 2450 7837 1581 2448 7838 1584 2451 7839 1583 2450 7840 1582 2449 7841 1584 2451 7842 1585 2452 7843 1583 2450 7844 1586 2453 7845 1585 2452 7846 1584 2451 7847 1586 2453 7848 1587 2454 7849 1585 2452 7850 1233 2455 7851 1587 2454 7852 1586 2453 7853 1233 2455 7854 1235 2456 7855 1587 2454 7856 1233 2457 7857 1588 2458 7858 1235 2459 7859 1233 2457 7860 1589 2460 7861 1588 2458 7862 1589 2460 7863 1590 2461 7864 1588 2458 7865 1589 2460 7866 1591 2462 7867 1590 2461 7868 1566 2431 7869 1590 2461 7870 1591 2462 7871 1566 2431 7872 1568 2433 7873 1590 2461 7874 1592 2463 7875 1347 2464 7876 1350 2465 7877 1592 2463 7878 1350 2465 7879 1352 2466 7880 1593 2467 7881 1592 2463 7882 1352 2466 7883 1593 2467 7884 1352 2466 7885 1576 2468 7886 1574 2469 7887 1593 2467 7888 1576 2468 7889 1574 2469 7890 1594 2470 7891 1593 2467 7892 1595 2471 7893 1594 2470 7894 1574 2469 7895 1595 2471 7896 1574 2469 7897 1572 2472 7898 1570 2473 7899 1595 2471 7900 1572 2472 7901 1570 2473 7902 1596 2474 7903 1595 2471 7904 1597 2475 7905 1596 2474 7906 1570 2473 7907 1597 2475 7908 1570 2473 7909 1569 2476 7910 1566 2477 7911 1597 2475 7912 1569 2476 7913 1566 2477 7914 1598 1853 7915 1597 2475 7916 1566 2477 7917 1599 2478 7918 1598 1853 7919 1566 2477 7920 1591 2479 7921 1599 2478 7922 1599 2478 7923 1591 2479 7924 1589 2480 7925 1599 2478 7926 1589 2480 7927 1600 2481 7928 1600 2481 7929 1589 2480 7930 1233 2482 7931 1600 2481 7932 1233 2482 7933 1601 2483 7934 1601 2483 7935 1233 2482 7936 1586 2484 7937 1601 2483 7938 1586 2484 7939 1602 2485 7940 1602 2485 7941 1586 2484 7942 1584 2486 7943 1602 2485 7944 1584 2486 7945 1603 2487 7946 1604 2488 7947 1603 2487 7948 1584 2486 7949 1604 2488 7950 1584 2486 7951 1582 2489 7952 1582 2489 7953 1605 2490 7954 1604 2488 7955 1582 2489 7956 1580 2491 7957 1605 2490 7958 1148 2492 7959 1605 2490 7960 1580 2491 7961 1148 2492 7962 1580 2491 7963 1579 2493 7964 1579 2493 7965 1042 2494 7966 1148 2492 7967 1042 2494 7968 1037 2495 7969 1148 2492 7970 1044 2496 7971 1037 2495 7972 1042 2494 7973 1035 2497 7974 1037 2495 7975 1044 2496 7976 1035 2497 7977 1044 2496 7978 1045 1853 7979 1047 2498 7980 1035 2497 7981 1045 1853 7982 1047 2498 7983 1039 2499 7984 1035 2497 7985 1515 2500 7986 1520 2501 7987 1516 2502 7988 1515 2500 7989 1519 2503 7990 1520 2501 7991 1517 2504 7992 1519 2503 7993 1515 2500 7994 1517 2504 7995 1518 2505 7996 1519 2503 7997 1531 2506 7998 1533 2507 7999 1532 2508 8000 1531 2506 8001 1534 2509 8002 1533 2507 8003 1530 2510 8004 1534 2509 8005 1531 2506 8006 1530 2510 8007 1535 2511 8008 1534 2509 8009 1606 2512 8010 1607 2513 8011 1600 2514 8012 1606 2512 8013 1600 2514 8014 1601 2515 8015 1601 2515 8016 1608 2516 8017 1606 2512 8018 1601 2515 8019 1602 2517 8020 1608 2516 8021 1609 2518 8022 1608 2516 8023 1602 2517 8024 1609 2518 8025 1602 2517 8026 1603 2519 8027 1610 2520 8028 1609 2518 8029 1603 2519 8030 1610 2520 8031 1603 2519 8032 1604 2521 8033 1610 2520 8034 1604 2521 8035 1605 2522 8036 1610 2520 8037 1605 2522 8038 1611 2523 8039 1611 2523 8040 1605 2522 8041 1148 2524 8042 1611 2523 8043 1148 2524 8044 1147 2525 8045 1592 2526 8046 1348 2527 8047 1347 2528 8048 1592 2526 8049 1612 2529 8050 1348 2527 8051 1593 2530 8052 1612 2529 8053 1592 2526 8054 1593 2530 8055 1613 2531 8056 1612 2529 8057 1594 2532 8058 1613 2531 8059 1593 2530 8060 1594 2532 8061 1614 2533 8062 1613 2531 8063 1595 2534 8064 1614 2533 8065 1594 2532 8066 1595 2534 8067 1615 2535 8068 1614 2533 8069 1596 2536 8070 1615 2535 8071 1595 2534 8072 1596 2536 8073 1616 2537 8074 1615 2535 8075 1597 2538 8076 1616 2537 8077 1596 2536 8078 1597 2538 8079 1617 2539 8080 1616 2537 8081 1598 2540 8082 1617 2539 8083 1597 2538 8084 1598 2540 8085 1618 2541 8086 1617 2539 8087 1598 2540 8088 1619 2542 8089 1618 2541 8090 1598 2540 8091 1599 2543 8092 1619 2542 8093 1607 2513 8094 1619 2542 8095 1599 2543 8096 1607 2513 8097 1599 2543 8098 1600 2514 8099 1620 2544 8100 1260 2545 8101 1258 2546 8102 1621 2547 8103 1260 2545 8104 1620 2544 8105 1621 2547 8106 1262 2548 8107 1260 2545 8108 1262 2548 8109 1621 2547 8110 1622 2549 8111 1262 2548 8112 1622 2549 8113 1264 2550 8114 1622 2549 8115 1529 2551 8116 1264 2550 8117 1622 2549 8118 1623 1943 8119 1529 2551 8120 1623 1943 8121 1528 1943 8122 1529 2551 8123 1623 1943 8124 1624 2552 8125 1528 1943 8126 1624 2552 8127 1527 2553 8128 1528 1943 8129 1624 2552 8130 1625 2554 8131 1527 2553 8132 1526 2555 8133 1527 2553 8134 1625 2554 8135 1526 2555 8136 1625 2554 8137 1626 2556 8138 1289 2557 8139 1526 2555 8140 1626 2556 8141 1289 2557 8142 1525 2558 8143 1526 2555 8144 1271 2559 8145 1292 2560 8146 1273 2561 8147 1273 2561 8148 1292 2560 8149 1289 2562 8150 1273 2561 8151 1289 2562 8152 1196 2563 8153 1196 2563 8154 1289 2562 8155 1287 2564 8156 1196 2563 8157 1287 2564 8158 1275 2565 8159 1287 2564 8160 1276 2566 8161 1275 2565 8162 1287 2564 8163 1285 2567 8164 1276 2566 8165 1285 2567 8166 1249 2568 8167 1276 2566 8168 1285 2567 8169 1283 2569 8170 1249 2568 8171 1249 2568 8172 1283 2569 8173 1282 2570 8174 1249 2568 8175 1282 2570 8176 1250 2571 8177 1282 2570 8178 1255 2572 8179 1250 2571 8180 1282 2570 8181 1281 2573 8182 1255 2572 8183 1627 2574 8184 1255 2572 8185 1281 2573 8186 1627 2574 8187 1257 2575 8188 1255 2572 8189 1628 2576 8190 1257 2575 8191 1627 2574 8192 1628 2576 8193 1258 2546 8194 1257 2575 8195 1620 2544 8196 1258 2546 8197 1628 2576 8198 1289 2557 8199 1524 2577 8200 1525 2558 8201 1289 2557 8202 1629 2578 8203 1524 2577 8204 1524 2577 8205 1629 2578 8206 1508 2579 8207 1524 2577 8208 1508 2579 8209 1523 2580 8210 1523 2580 8211 1508 2579 8212 1507 2581 8213 1523 2580 8214 1507 2581 8215 1522 2582 8216 1507 2581 8217 1521 2583 8218 1522 2582 8219 1507 2581 8220 1169 2584 8221 1521 2583 8222 1521 2583 8223 1169 2584 8224 1173 2585 8225 1173 2585 8226 1169 2584 8227 1168 2586 8228 1171 2587 8229 1173 2585 8230 1168 2586 8231 1168 2586 8232 1268 2588 8233 1171 2587 8234 1168 2586 8235 1298 2589 8236 1268 2588 8237 1298 2589 8238 1270 2590 8239 1268 2588 8240 1298 2589 8241 1295 2591 8242 1270 2590 8243 1295 2591 8244 1271 2559 8245 1270 2590 8246 1295 2591 8247 1293 2592 8248 1271 2559 8249 1271 2559 8250 1293 2592 8251 1292 2560 8252 1158 2593 8253 1154 2594 8254 1156 2595 8255 1158 2593 8256 1149 2596 8257 1154 2594 8258 1158 2593 8259 1150 2597 8260 1149 2596 8261 1158 2593 8262 1164 2598 8263 1150 2597 8264 1158 2593 8265 1162 2599 8266 1164 2598 8267 1158 2593 8268 1159 2216 8269 1162 2599 8270 1054 2600 8271 1056 2601 8272 1145 2602 8273 1057 2603 8274 1145 2602 8275 1056 2601 8276 1057 2603 8277 1243 2604 8278 1145 2602 8279 1243 2604 8280 1057 2603 8281 1060 2605 8282 1060 2605 8283 1242 2606 8284 1243 2604 8285 1243 2604 8286 1242 2606 8287 1241 2607 8288 1243 2604 8289 1241 2607 8290 1240 2608 8291 1243 2604 8292 1240 2608 8293 1244 2609 8294 1244 2609 8295 1240 2608 8296 1239 2610 8297 1239 2610 8298 1142 2611 8299 1244 2609 8300 1244 2609 8301 1142 2611 8302 1141 2612 8303 1146 2613 8304 1244 2609 8305 1141 2612 8306 1146 2613 8307 1141 2612 8308 1140 2614 8309 1146 2613 8310 1140 2614 8311 1139 2615 8312 1146 2613 8313 1139 2615 8314 1144 2616 8315 1138 2617 8316 1144 2616 8317 1139 2615 8318 1138 2617 8319 1277 2618 8320 1144 2616 8321 1277 2618 8322 1138 2617 8323 1137 2619 8324 1137 2619 8325 1245 2620 8326 1277 2618 8327 1277 2618 8328 1245 2620 8329 1246 2621 8330 1246 2621 8331 1278 2622 8332 1277 2618 8333 1246 2621 8334 1247 2623 8335 1278 2622 8336 1278 2622 8337 1247 2623 8338 1248 2624 8339 1248 2624 8340 1050 2625 8341 1278 2622 8342 1278 2622 8343 1050 2625 8344 1049 2626 8345 1143 2627 8346 1278 2622 8347 1049 2626 8348 1143 2627 8349 1049 2626 8350 1054 2600 8351 1054 2600 8352 1145 2602 8353 1143 2627 8354 1143 2627 8355 1145 2602 8356 1146 2613 8357 1143 2627 8358 1146 2613 8359 1144 2616 8360 1153 2628 8361 1157 2629 8362 1155 1594 8363 1153 2628 8364 1160 2630 8365 1157 2629 8366 1153 2628 8367 1161 2631 8368 1160 2630 8369 1153 2628 8370 1163 2632 8371 1161 2631 8372 1153 2628 8373 1151 2633 8374 1163 2632 8375 1153 2628 8376 1152 2634 8377 1151 2633 8378 1487 2316 8379 1508 2317 8380 1629 2635 8381 1487 2316 8382 1629 2635 8383 1504 2636 8384 1504 2636 8385 1629 2635 8386 1289 2637 8387 1504 2636 8388 1289 2637 8389 1501 2638 8390 1501 2638 8391 1289 2637 8392 1626 2639 8393 1501 2638 8394 1626 2639 8395 1500 2640 8396 1500 2640 8397 1626 2639 8398 1625 2641 8399 1500 2640 8400 1625 2641 8401 1498 2642 8402 1624 2643 8403 1498 2642 8404 1625 2641 8405 1624 2643 8406 1496 2644 8407 1498 2642 8408 1494 2645 8409 1496 2644 8410 1624 2643 8411 1494 2645 8412 1624 2643 8413 1623 2646 8414 1622 2647 8415 1494 2645 8416 1623 2646 8417 1622 2647 8418 1492 2648 8419 1494 2645 8420 1490 2649 8421 1492 2648 8422 1622 2647 8423 1490 2649 8424 1622 2647 8425 1621 2650 8426 1490 2649 8427 1621 2650 8428 1620 2651 8429 1490 2649 8430 1620 2651 8431 1491 2652 8432 1491 2652 8433 1620 2651 8434 1628 2653 8435 1491 2652 8436 1628 2653 8437 1506 2654 8438 1628 2653 8439 1505 2655 8440 1506 2654 8441 1628 2653 8442 1627 2656 8443 1505 2655 8444 1505 2655 8445 1627 2656 8446 1281 1956 8447 1505 2655 8448 1281 1956 8449 1280 1955 8450 1581 2657 8451 1147 2658 8452 1578 2659 8453 1581 2657 8454 1611 2660 8455 1147 2658 8456 1583 2661 8457 1611 2660 8458 1581 2657 8459 1583 2661 8460 1610 2662 8461 1611 2660 8462 1585 2663 8463 1610 2662 8464 1583 2661 8465 1585 2663 8466 1609 2664 8467 1610 2662 8468 1585 2663 8469 1608 2665 8470 1609 2664 8471 1585 2663 8472 1587 2666 8473 1608 2665 8474 1606 2667 8475 1608 2665 8476 1587 2666 8477 1606 2667 8478 1587 2666 8479 1235 2668 8480 1235 2668 8481 1607 2669 8482 1606 2667 8483 1235 2668 8484 1588 2670 8485 1607 2669 8486 1588 2670 8487 1619 2671 8488 1607 2669 8489 1588 2670 8490 1590 2672 8491 1619 2671 8492 1568 2673 8493 1619 2671 8494 1590 2672 8495 1568 2673 8496 1618 2674 8497 1619 2671 8498 1568 2673 8499 1617 2675 8500 1618 2674 8501 1568 2673 8502 1567 2676 8503 1617 2675 8504 1617 2675 8505 1567 2676 8506 1571 2677 8507 1617 2675 8508 1571 2677 8509 1616 2678 8510 1571 2677 8511 1615 2679 8512 1616 2678 8513 1571 2677 8514 1573 2680 8515 1615 2679 8516 1615 2679 8517 1573 2680 8518 1575 2681 8519 1615 2679 8520 1575 2681 8521 1614 2682 8522 1575 2681 8523 1613 2683 8524 1614 2682 8525 1575 2681 8526 1577 2684 8527 1613 2683 8528 1613 2683 8529 1577 2684 8530 1351 2685 8531 1613 2683 8532 1351 2685 8533 1612 2686 8534 1612 2686 8535 1351 2685 8536 1349 2687 8537 1612 2686 8538 1349 2687 8539 1348 2688 8540 1552 2689 8541 1562 2690 8542 1564 2691 8543 1552 2689 8544 1560 2692 8545 1562 2690 8546 1552 2689 8547 1559 2693 8548 1560 2692 8549 1552 2689 8550 1557 2694 8551 1559 2693 8552 1552 2689 8553 1554 2695 8554 1557 2694 8555 1552 2689 8556 1551 1594 8557 1554 2695 8558 1441 2377 8559 1541 2378 8560 1544 2696 8561 1441 2377 8562 1544 2696 8563 1442 2697 8564 1443 2698 8565 1442 2697 8566 1544 2696 8567 1443 2698 8568 1544 2696 8569 1545 2699 8570 1545 2699 8571 1444 2700 8572 1443 2698 8573 1545 2699 8574 1546 2701 8575 1444 2700 8576 1444 2700 8577 1546 2701 8578 1547 2702 8579 1444 2700 8580 1547 2702 8581 1445 2703 8582 1547 2702 8583 1410 2129 8584 1445 2703 8585 1547 2702 8586 1411 2130 8587 1410 2129 8588 1558 2704 8589 1563 2705 8590 1561 2216 8591 1558 2704 8592 1565 2706 8593 1563 2705 8594 1558 2704 8595 1550 2707 8596 1565 2706 8597 1558 2704 8598 1553 2708 8599 1550 2707 8600 1558 2704 8601 1555 2709 8602 1553 2708 8603 1558 2704 8604 1556 2710 8605 1555 2709 8606</p>
        </triangles>
      </mesh>
    </geometry>
  </library_geometries>
  <library_controllers>
    <controller id="fob_e_sniperrifle_qc_skeleton_fob_e_sniperrifle-skin" name="fob_e_sniperrifle.qc_skeleton">
      <skin source="#fob_e_sniperrifle-mesh">
        <bind_shape_matrix>1 0 0 0 0 1 0 0 0 0 1 0 0 0 0 1</bind_shape_matrix>
        <source id="fob_e_sniperrifle_qc_skeleton_fob_e_sniperrifle-skin-joints">
          <Name_array id="fob_e_sniperrifle_qc_skeleton_fob_e_sniperrifle-skin-joints-array" count="7">weapon_bone vm_weapon_bone vm_weapon_bone_3 vm_weapon_bone_2 vm_weapon_bone_1 chain4 fob</Name_array>
          <technique_common>
            <accessor source="#fob_e_sniperrifle_qc_skeleton_fob_e_sniperrifle-skin-joints-array" count="7" stride="1">
              <param name="JOINT" type="name"/>
            </accessor>
          </technique_common>
        </source>
        <source id="fob_e_sniperrifle_qc_skeleton_fob_e_sniperrifle-skin-bind_poses">
          <float_array id="fob_e_sniperrifle_qc_skeleton_fob_e_sniperrifle-skin-bind_poses-array" count="112">1 0 0 0 0 1 0 0 0 0 1 0 0 0 0 1 1 0 0 5.6e-5 0 1 0 -3.796269 0 0 1 -2.333208 0 0 0 1 0.9834207 0.06640112 0.1687437 -5.984712 -0.07670336 0.9955204 0.05527937 -14.27906 -0.1643172 -0.0673061 0.9841087 -3.895222 0 0 0 1 1 0 0 0 0 1 0 -12.2902 0 0 1 -20.26597 0 0 0 1 -1 -3.25841e-7 1.50996e-7 2.09801e-7 -3.25841e-7 1 0 -3.796269 -1.50996e-7 0 -1 6.802701 0 0 0 1 0.9989202 0.002786874 -0.04637748 1.43485 0.04646116 -0.0599265 0.997121 -31.35458 -3.91156e-7 -0.9981991 -0.05999124 -1.587604 0 0 0 1 0.9989203 0.01246738 -0.04475617 1.46273 0.04646021 -0.2680524 0.9622835 -31.95459 1.92784e-7 -0.9633238 -0.2683421 1.291328 0 0 0 1</float_array>
          <technique_common>
            <accessor source="#fob_e_sniperrifle_qc_skeleton_fob_e_sniperrifle-skin-bind_poses-array" count="7" stride="16">
              <param name="TRANSFORM" type="float4x4"/>
            </accessor>
          </technique_common>
        </source>
        <source id="fob_e_sniperrifle_qc_skeleton_fob_e_sniperrifle-skin-weights">
          <float_array id="fob_e_sniperrifle_qc_skeleton_fob_e_sniperrifle-skin-weights-array" count="1885">1 1 1 1 1 1 1 1 1 1 1 1 1 1 1 1 1 1 1 1 1 1 1 1 1 1 1 1 1 1 1 1 1 1 1 1 1 1 1 1 1 1 1 1 1 1 1 1 1 1 1 1 1 1 1 1 1 1 1 1 1 1 1 1 1 1 1 1 1 1 1 1 1 1 1 1 1 1 1 1 1 1 1 1 1 1 1 1 1 1 1 1 1 1 1 1 1 1 1 1 1 1 1 1 1 1 1 1 1 1 1 1 1 1 1 1 1 1 1 1 1 1 1 1 1 1 1 1 1 1 1 1 1 1 1 1 1 1 1 1 1 1 1 1 1 1 1 1 1 1 1 1 1 1 1 1 1 1 1 1 1 1 1 1 1 1 1 1 1 1 1 1 1 1 1 1 1 1 1 1 1 1 1 1 1 1 1 1 1 1 1 1 1 1 1 1 1 1 1 1 1 1 1 1 1 1 1 1 1 1 1 1 1 1 1 1 1 1 1 1 1 1 1 1 1 1 1 1 1 1 1 1 1 1 1 1 1 1 1 1 1 1 1 1 1 1 1 1 1 1 1 1 1 1 1 1 1 1 1 1 1 1 1 1 1 1 1 1 1 1 1 1 1 1 1 1 1 1 1 1 1 1 1 1 1 1 1 1 1 1 1 1 1 1 1 1 1 1 1 1 1 1 1 1 1 1 1 1 1 1 1 1 1 1 1 1 1 1 1 1 1 1 1 1 1 1 1 1 1 1 1 1 1 1 1 1 1 1 1 1 1 1 1 1 1 1 1 1 1 1 1 1 1 1 1 1 1 1 1 1 1 1 1 1 1 1 1 1 1 1 1 1 1 1 1 1 1 1 1 1 1 1 1 1 1 1 1 1 1 1 1 1 1 1 1 1 1 1 1 1 1 1 1 1 1 1 1 1 1 1 1 1 1 1 1 1 1 1 1 1 1 1 1 1 1 1 1 1 1 1 1 1 1 1 1 1 1 1 1 1 1 1 1 1 1 1 1 1 1 1 1 1 1 1 1 1 1 1 1 1 1 1 1 1 1 1 1 1 1 1 1 1 1 1 1 1 1 1 1 1 1 1 1 1 1 1 1 1 1 1 1 1 1 1 1 1 1 1 1 1 1 1 1 1 1 1 1 1 1 1 1 1 1 1 1 1 1 1 1 1 1 1 1 1 1 1 1 1 1 1 1 1 1 1 1 1 1 1 1 1 1 1 1 1 1 1 1 1 1 1 1 1 1 1 1 1 1 1 1 1 1 1 1 1 1 1 1 1 1 1 1 1 1 1 1 1 1 1 1 1 1 1 1 1 1 1 1 1 1 1 1 1 1 1 1 1 1 1 1 1 1 1 1 1 1 1 1 1 1 1 1 1 1 1 1 1 1 1 1 1 1 1 1 1 1 1 1 1 1 1 1 1 1 1 1 1 1 1 1 1 1 1 1 1 1 1 1 1 1 1 1 1 1 1 1 1 1 1 1 1 1 1 1 1 1 1 1 1 1 1 1 1 1 1 1 1 1 1 1 1 1 1 1 1 1 1 1 1 1 1 1 1 1 1 1 1 1 1 1 1 1 1 1 1 1 1 1 1 1 1 1 1 1 1 1 1 1 1 1 1 1 1 1 1 1 1 1 1 1 1 1 1 1 1 1 1 1 1 1 1 1 1 1 1 1 1 1 1 1 1 1 1 1 1 1 1 1 1 1 1 1 1 1 1 1 1 1 1 1 1 1 1 1 1 1 1 1 1 1 1 1 1 1 1 1 1 1 1 1 1 1 1 1 1 1 1 1 1 1 1 1 1 1 1 1 1 1 1 1 1 1 1 1 1 1 1 1 1 1 1 1 1 1 1 1 1 1 1 1 1 1 1 1 1 1 1 1 1 1 1 1 1 1 1 1 1 1 1 1 1 1 1 1 1 1 1 1 1 1 1 1 1 1 1 1 1 1 1 1 1 1 1 1 1 1 1 1 1 1 1 1 1 1 1 1 1 1 1 1 1 1 1 1 1 1 1 1 1 1 1 1 1 1 1 1 1 1 1 1 1 1 1 1 1 1 1 1 1 1 1 1 1 1 1 1 1 1 1 1 1 1 1 1 1 1 1 1 1 1 1 1 1 1 1 1 1 1 1 1 1 1 1 1 1 1 1 1 1 1 1 1 1 1 1 1 1 1 1 1 1 1 1 1 1 1 1 1 1 1 1 1 1 1 1 1 1 1 1 1 1 1 1 1 1 1 1 1 1 1 1 1 1 1 1 1 1 1 1 1 1 1 1 1 1 1 1 1 1 1 1 1 1 1 1 1 1 1 1 1 1 1 1 1 1 1 0.75 0.25 1 1 0.75 0.25 0.75 0.25 0.75 0.25 1 1 1 1 0.75 0.25 0.75 0.25 0.75 0.25 0.75 0.25 0.75 0.25 0.75 0.25 0.75 0.25 0.75 0.25 0.75 0.25 0.75 0.25 0.75 0.25 0.75 0.25 0.75 0.25 0.75 0.25 0.75 0.25 0.75 0.25 1 1 1 1 1 1 1 1 1 1 1 1 1 1 1 1 1 1 1 1 1 1 1 1 1 1 1 1 1 1 1 1 1 1 1 1 1 1 1 1 1 1 1 1 1 1 1 1 0.75 0.25 0.75 0.25 0.75 0.25 0.75 0.25 0.75 0.25 0.75 0.25 0.75 0.25 0.75 0.25 0.75 0.25 0.75 0.25 0.75 0.25 0.75 0.25 0.75 0.25 0.75 0.25 0.75 0.25 0.75 0.25 0.75 0.25 0.75 0.25 0.75 0.25 0.75 0.25 0.75 0.25 0.75 0.25 0.75 0.25 0.75 0.25 0.75 0.25 0.75 0.25 0.75 0.25 0.75 0.25 0.75 0.25 0.75 0.25 0.75 0.25 0.75 0.25 0.75 0.25 0.75 0.25 0.75 0.25 0.75 0.25 0.75 0.25 0.75 0.25 1 1 1 1 1 1 1 1 1 1 1 1 1 1 1 1 1 1 0.75 0.25 0.75 0.25 1 1 1 1 1 1 1 1 1 1 1 1 1 1 1 1 1 1 1 1 1 1 1 1 0.75 0.25 0.75 0.25 0.75 0.25 0.75 0.25 0.75 0.25 0.75 0.25 1 1 1 1 1 1 1 1 1 1 1 1 1 1 1 1 0.6 0.4 0.6 0.4 0.6 0.4 0.6 0.4 0.4 0.6 0.4 0.6 0.4 0.6 0.4 0.6 0.1821399 0.81786 0.14368 0.85632 0.14368 0.85632 0.1821399 0.81786 0.11692 0.88308 0.06771999 0.93228 0.11692 0.88308 0.06771999 0.93228 0.75 0.25 0.75 0.25 0.75 0.25 0.75 0.25 0.75 0.25 0.75 0.25 0.75 0.25 0.75 0.25 0.75 0.25 0.75 0.25 0.75 0.25 0.75 0.25 0.75 0.25 0.75 0.25 0.75 0.25 0.75 0.25 0.75 0.25 0.75 0.25 0.75 0.25 0.75 0.25 0.4 0.6 0.25 0.75 0.6 0.4 0.4 0.6 0.25 0.75 1 1 1 1 1 1 1 1 1 1 1 1 0.75 0.25 0.75 0.25 0.75 0.25 0.75 0.25 0.75 0.25 0.75 0.25 0.75 0.25 0.75 0.25 0.75 0.25 0.75 0.25 0.6 0.4 0.75 0.25 0.75 0.25 0.25 0.75 1 1 0.25 0.75 0.4 0.6 0.4 0.6 0.6 0.4 0.6 0.4 0.75 0.25 0.75 0.25 0.75 0.25 0.75 0.25 0.75 0.25 0.75 0.25 0.75 0.25 0.75 0.25 0.75 0.25 0.75 0.25 0.75 0.25 0.75 0.25 1 1 1 1 1 1 1 1 1 1 1 1 1 1 1 1 1 1 1 1 1 1 1 1 1 1 1 1 1 1 1 1 1 1 1 1 1 1 1 1 1 1 1 1 1 1 1 1 0.2 0.8 0.2 0.8 0.2 0.8 0.2 0.8 0.2 0.8 0.2 0.8 0.75 0.25 0.75 0.25 0.75 0.25 0.75 0.25 0.75 0.25 0.75 0.25 0.75 0.25 0.75 0.25 0.75 0.25 0.75 0.25 0.75 0.25 0.75 0.25 0.75 0.25 0.75 0.25 0.75 0.25 0.75 0.25 0.75 0.25 0.75 0.25 0.75 0.25 0.75 0.25 0.75 0.25 0.75 0.25 0.75 0.25 0.75 0.25 0.75 0.25 0.75 0.25 0.75 0.25 0.75 0.25 0.75 0.25 0.75 0.25 0.75 0.25 0.75 0.25 0.75 0.25 0.75 0.25 0.75 0.25 0.75 0.25 0.75 0.25 0.75 0.25 0.75 0.25 0.75 0.25 0.75 0.25 0.75 0.25 0.75 0.25 0.75 0.25 0.75 0.25 0.75 0.25 0.75 0.25 0.75 0.25 0.75 0.25 0.75 0.25 0.75 0.25 0.75 0.25 0.75 0.25 0.75 0.25 0.75 0.25 0.75 0.25 1 1 1 1 1 1 1 1 1 1 1 1 1 1 1 1 1 1 1 1 1 1 1 1 1 1 1 1 1 1 1 1 1 1 1 1 1 1 1 1 1 1 1 1 1 1 1 1 1 1 1 1 1 1 1 1 1 1 1 1 1 1 1 1 1 1 1 1 1 1 1 1 1 1 1 1 0.75 0.25 0.75 0.25 0.75 0.25 0.75 0.25 1 1 1 1 1 1 1 1 0.25 0.75 0.25 0.75 0.75 0.25 0.75 0.25 0.75 0.25 0.75 0.25 0.75 0.25 0.75 0.25 1 1 0.75 0.25 0.75 0.25 1 1 1 1 1 1 1 1 1 1 1 1 1 0.75 0.25 0.75 0.25 0.75 0.25 0.75 0.25 0.75 0.25 0.25 0.75 1 1 1 1 1 1 1 1 1 1 1 1 1 1 1 1 1 1 1 1 1 1 1 1 1 1 1 1 1 1 1 1 1 1 1 1 1 1 1 1 1 1 1 1 1 1 1 1 0.2 0.8 0.2 0.8 1 1 0.75 0.25 0.75 0.25 0.75 0.25 0.75 0.25 0.75 0.25 0.75 0.25 0.75 0.25 0.75 0.25 0.75 0.25 0.75 0.25 0.25 0.75 0.25 0.75 0.2 0.8 0.2 0.8 1 1 1 1 1 0.25 0.75 0.75 0.25 0.75 0.25 0.75 0.25 0.75 0.25 0.75 0.25 0.75 0.25 0.75 0.25 0.75 0.25 0.75 0.25 0.75 0.25 0.75 0.25 0.75 0.25 0.2 0.8 0.2 0.8 1 1 1 1 1 0.25 0.75 1 1 1 1 1 0.25 0.75 0.75 0.25 1 1 0.75 0.25</float_array>
          <technique_common>
            <accessor source="#fob_e_sniperrifle_qc_skeleton_fob_e_sniperrifle-skin-weights-array" count="1885" stride="1">
              <param name="WEIGHT" type="float"/>
            </accessor>
          </technique_common>
        </source>
        <joints>
          <input semantic="JOINT" source="#fob_e_sniperrifle_qc_skeleton_fob_e_sniperrifle-skin-joints"/>
          <input semantic="INV_BIND_MATRIX" source="#fob_e_sniperrifle_qc_skeleton_fob_e_sniperrifle-skin-bind_poses"/>
        </joints>
        <vertex_weights count="1630">
          <input semantic="JOINT" source="#fob_e_sniperrifle_qc_skeleton_fob_e_sniperrifle-skin-joints" offset="0"/>
          <input semantic="WEIGHT" source="#fob_e_sniperrifle_qc_skeleton_fob_e_sniperrifle-skin-weights" offset="1"/>
          <vcount>1 1 1 1 1 1 1 1 1 1 1 1 1 1 1 1 1 1 1 1 1 1 1 1 1 1 1 1 1 1 1 1 1 1 1 1 1 1 1 1 1 1 1 1 1 1 1 1 1 1 1 1 1 1 1 1 1 1 1 1 1 1 1 1 1 1 1 1 1 1 1 1 1 1 1 1 1 1 1 1 1 1 1 1 1 1 1 1 1 1 1 1 1 1 1 1 1 1 1 1 1 1 1 1 1 1 1 1 1 1 1 1 1 1 1 1 1 1 1 1 1 1 1 1 1 1 1 1 1 1 1 1 1 1 1 1 1 1 1 1 1 1 1 1 1 1 1 1 1 1 1 1 1 1 1 1 1 1 1 1 1 1 1 1 1 1 1 1 1 1 1 1 1 1 1 1 1 1 1 1 1 1 1 1 1 1 1 1 1 1 1 1 1 1 1 1 1 1 1 1 1 1 1 1 1 1 1 1 1 1 1 1 1 1 1 1 1 1 1 1 1 1 1 1 1 1 1 1 1 1 1 1 1 1 1 1 1 1 1 1 1 1 1 1 1 1 1 1 1 1 1 1 1 1 1 1 1 1 1 1 1 1 1 1 1 1 1 1 1 1 1 1 1 1 1 1 1 1 1 1 1 1 1 1 1 1 1 1 1 1 1 1 1 1 1 1 1 1 1 1 1 1 1 1 1 1 1 1 1 1 1 1 1 1 1 1 1 1 1 1 1 1 1 1 1 1 1 1 1 1 1 1 1 1 1 1 1 1 1 1 1 1 1 1 1 1 1 1 1 1 1 1 1 1 1 1 1 1 1 1 1 1 1 1 1 1 1 1 1 1 1 1 1 1 1 1 1 1 1 1 1 1 1 1 1 1 1 1 1 1 1 1 1 1 1 1 1 1 1 1 1 1 1 1 1 1 1 1 1 1 1 1 1 1 1 1 1 1 1 1 1 1 1 1 1 1 1 1 1 1 1 1 1 1 1 1 1 1 1 1 1 1 1 1 1 1 1 1 1 1 1 1 1 1 1 1 1 1 1 1 1 1 1 1 1 1 1 1 1 1 1 1 1 1 1 1 1 1 1 1 1 1 1 1 1 1 1 1 1 1 1 1 1 1 1 1 1 1 1 1 1 1 1 1 1 1 1 1 1 1 1 1 1 1 1 1 1 1 1 1 1 1 1 1 1 1 1 1 1 1 1 1 1 1 1 1 1 1 1 1 1 1 1 1 1 1 1 1 1 1 1 1 1 1 1 1 1 1 1 1 1 1 1 1 1 1 1 1 1 1 1 1 1 1 1 1 1 1 1 1 1 1 1 1 1 1 1 1 1 1 1 1 1 1 1 1 1 1 1 1 1 1 1 1 1 1 1 1 1 1 1 1 1 1 1 1 1 1 1 1 1 1 1 1 1 1 1 1 1 1 1 1 1 1 1 1 1 1 1 1 1 1 1 1 1 1 1 1 1 1 1 1 1 1 1 1 1 1 1 1 1 1 1 1 1 1 1 1 1 1 1 1 1 1 1 1 1 1 1 1 1 1 1 1 1 1 1 1 1 1 1 1 1 1 1 1 1 1 1 1 1 1 1 1 1 1 1 1 1 1 1 1 1 1 1 1 1 1 1 1 1 1 1 1 1 1 1 1 1 1 1 1 1 1 1 1 1 1 1 1 1 1 1 1 1 1 1 1 1 1 1 1 1 1 1 1 1 1 1 1 1 1 1 1 1 1 1 1 1 1 1 1 1 1 1 1 1 1 1 1 1 1 1 1 1 1 1 1 1 1 1 1 1 1 1 1 1 1 1 1 1 1 1 1 1 1 1 1 1 1 1 1 1 1 1 1 1 1 1 1 1 1 1 1 1 1 1 1 1 1 1 1 1 1 1 1 1 1 1 1 1 1 1 1 1 1 1 1 1 1 1 1 1 1 1 1 1 1 1 1 1 1 1 1 1 1 1 1 1 1 1 1 1 1 1 1 1 1 1 1 1 1 1 1 1 1 1 1 1 1 1 1 1 1 1 1 1 1 1 1 1 1 1 1 1 1 1 1 1 1 1 1 1 1 1 1 1 1 1 1 1 1 1 1 1 1 1 1 1 1 1 1 1 1 1 1 1 1 1 1 1 1 1 1 1 1 1 1 1 1 1 1 1 1 1 1 1 1 1 1 1 1 1 1 1 1 1 1 1 1 1 1 1 1 1 1 1 1 1 1 1 1 1 1 1 1 1 1 1 1 1 1 1 1 1 1 1 1 1 1 1 1 1 1 1 1 1 1 1 1 1 1 1 1 1 1 1 1 1 1 1 1 1 1 1 1 1 1 1 1 1 1 1 1 1 2 1 1 2 2 2 1 1 1 1 2 2 2 2 2 2 2 2 2 2 2 2 2 2 2 2 1 1 1 1 1 1 1 1 1 1 1 1 1 1 1 1 1 1 1 1 1 1 1 1 1 1 1 1 1 1 1 1 1 1 1 1 1 1 1 1 1 1 1 1 1 1 1 1 2 2 2 2 2 2 2 2 2 2 2 2 2 2 2 2 2 2 2 2 2 2 2 2 2 2 2 2 2 2 2 2 2 2 2 2 2 2 1 1 1 1 1 1 1 1 1 1 1 1 1 1 1 1 1 1 2 2 1 1 1 1 1 1 1 1 1 1 1 1 1 1 1 1 1 1 1 1 1 1 1 1 2 2 2 2 2 2 1 1 1 1 1 1 1 1 1 1 1 1 1 1 1 1 2 2 2 2 2 2 2 2 2 2 2 2 2 2 2 2 2 2 2 2 2 2 2 2 2 2 2 2 2 2 2 2 2 2 2 2 2 2 2 2 2 1 1 1 1 1 1 1 1 1 1 1 1 2 2 2 2 2 2 2 2 2 2 2 2 2 2 1 1 2 2 2 2 2 2 2 2 2 2 2 2 2 2 2 2 2 1 1 1 1 1 1 1 1 1 1 1 1 1 1 1 1 1 1 1 1 1 1 1 1 1 1 1 1 1 1 1 1 1 1 1 1 1 1 1 1 1 1 1 1 1 1 1 1 2 2 2 2 2 2 2 2 2 2 2 2 2 2 2 2 2 2 2 2 2 2 2 2 2 2 2 2 2 2 2 2 2 2 2 2 2 2 2 2 2 2 2 2 2 2 2 2 2 2 2 2 2 2 2 2 2 2 2 2 2 2 1 1 1 1 1 1 1 1 1 1 1 1 1 1 1 1 1 1 1 1 1 1 1 1 1 1 1 1 1 1 1 1 1 1 1 1 1 1 1 1 1 1 1 1 1 1 1 1 1 1 1 1 1 1 1 1 1 1 1 1 1 1 1 1 1 1 1 1 1 1 1 1 1 1 1 1 2 2 2 2 1 1 1 1 1 1 1 1 2 2 2 2 2 2 2 2 1 1 2 2 1 1 1 1 1 1 1 1 1 1 1 1 1 2 2 2 2 2 2 1 1 1 1 1 1 1 1 1 1 1 1 1 1 1 1 1 1 1 1 1 1 1 1 1 1 1 1 1 1 1 1 1 1 1 1 1 1 1 1 1 1 1 1 1 1 1 1 2 2 1 1 2 2 2 2 2 2 2 2 2 2 2 2 2 2 1 1 1 1 1 2 2 2 2 2 2 2 2 2 2 2 2 2 2 2 1 1 1 1 1 2 1 1 1 1 1 2 2 1 1 2 </vcount>
          <v>6 0 6 1 6 2 6 3 6 4 6 5 6 6 6 7 6 8 6 9 6 10 6 11 6 12 6 13 6 14 6 15 6 16 6 17 6 18 6 19 6 20 6 21 6 22 6 23 6 24 6 25 6 26 6 27 6 28 6 29 6 30 6 31 6 32 6 33 6 34 6 35 6 36 6 37 6 38 6 39 6 40 6 41 6 42 6 43 6 44 6 45 6 46 6 47 6 48 6 49 6 50 6 51 6 52 6 53 6 54 6 55 6 56 6 57 6 58 6 59 6 60 6 61 6 62 6 63 6 64 6 65 6 66 6 67 6 68 6 69 6 70 6 71 6 72 6 73 6 74 6 75 6 76 6 77 6 78 6 79 6 80 6 81 6 82 6 83 6 84 6 85 6 86 6 87 6 88 6 89 6 90 6 91 6 92 6 93 6 94 6 95 6 96 6 97 6 98 6 99 6 100 6 101 6 102 6 103 6 104 6 105 6 106 6 107 6 108 6 109 6 110 6 111 6 112 6 113 6 114 6 115 6 116 6 117 6 118 6 119 6 120 6 121 6 122 6 123 6 124 6 125 6 126 6 127 6 128 6 129 6 130 6 131 6 132 6 133 6 134 6 135 6 136 6 137 6 138 6 139 6 140 6 141 6 142 6 143 6 144 6 145 6 146 6 147 6 148 6 149 6 150 6 151 6 152 6 153 6 154 6 155 6 156 6 157 6 158 6 159 6 160 6 161 6 162 6 163 6 164 6 165 6 166 6 167 6 168 6 169 6 170 6 171 6 172 6 173 6 174 6 175 6 176 6 177 6 178 6 179 6 180 6 181 6 182 6 183 6 184 6 185 6 186 6 187 6 188 6 189 6 190 6 191 6 192 6 193 6 194 6 195 6 196 6 197 6 198 6 199 6 200 6 201 6 202 6 203 6 204 6 205 6 206 6 207 6 208 6 209 6 210 6 211 6 212 6 213 6 214 6 215 6 216 6 217 6 218 6 219 6 220 6 221 6 222 6 223 6 224 6 225 6 226 6 227 6 228 6 229 6 230 6 231 6 232 6 233 6 234 6 235 6 236 6 237 6 238 6 239 6 240 6 241 6 242 6 243 6 244 6 245 6 246 6 247 6 248 6 249 6 250 6 251 6 252 6 253 6 254 6 255 6 256 6 257 6 258 6 259 6 260 6 261 6 262 6 263 6 264 6 265 6 266 6 267 6 268 6 269 6 270 6 271 6 272 6 273 6 274 6 275 6 276 6 277 6 278 6 279 6 280 6 281 6 282 6 283 6 284 6 285 6 286 6 287 6 288 6 289 6 290 6 291 6 292 6 293 6 294 6 295 6 296 6 297 6 298 6 299 6 300 6 301 6 302 6 303 6 304 6 305 6 306 6 307 6 308 6 309 6 310 6 311 6 312 6 313 6 314 6 315 6 316 6 317 6 318 6 319 6 320 6 321 6 322 6 323 6 324 6 325 6 326 6 327 6 328 6 329 6 330 6 331 6 332 6 333 6 334 6 335 6 336 6 337 6 338 6 339 6 340 6 341 6 342 6 343 6 344 6 345 6 346 6 347 6 348 6 349 6 350 6 351 6 352 6 353 6 354 6 355 6 356 6 357 6 358 6 359 6 360 6 361 6 362 6 363 6 364 6 365 6 366 6 367 6 368 6 369 6 370 6 371 6 372 6 373 6 374 6 375 6 376 6 377 6 378 6 379 6 380 6 381 6 382 6 383 6 384 6 385 6 386 6 387 6 388 6 389 6 390 6 391 6 392 6 393 6 394 6 395 6 396 6 397 6 398 6 399 6 400 6 401 6 402 6 403 6 404 6 405 6 406 6 407 6 408 6 409 6 410 6 411 6 412 6 413 6 414 6 415 6 416 6 417 6 418 6 419 6 420 6 421 6 422 6 423 6 424 6 425 6 426 6 427 6 428 6 429 6 430 6 431 6 432 6 433 6 434 6 435 6 436 6 437 6 438 6 439 6 440 6 441 6 442 6 443 6 444 6 445 6 446 6 447 6 448 6 449 6 450 6 451 6 452 6 453 6 454 6 455 6 456 6 457 6 458 6 459 6 460 6 461 6 462 6 463 6 464 6 465 6 466 6 467 6 468 6 469 6 470 6 471 6 472 6 473 6 474 6 475 6 476 6 477 6 478 6 479 6 480 6 481 6 482 6 483 6 484 6 485 6 486 6 487 6 488 6 489 6 490 6 491 6 492 6 493 6 494 6 495 6 496 6 497 6 498 6 499 6 500 6 501 6 502 6 503 6 504 6 505 6 506 6 507 6 508 6 509 6 510 6 511 6 512 6 513 6 514 6 515 6 516 6 517 6 518 6 519 6 520 6 521 6 522 6 523 6 524 6 525 6 526 6 527 6 528 6 529 6 530 6 531 6 532 6 533 6 534 6 535 6 536 6 537 6 538 6 539 6 540 6 541 6 542 6 543 6 544 6 545 6 546 6 547 6 548 6 549 6 550 6 551 6 552 6 553 6 554 6 555 6 556 6 557 6 558 6 559 6 560 6 561 6 562 6 563 6 564 6 565 6 566 6 567 6 568 6 569 6 570 6 571 6 572 6 573 6 574 6 575 6 576 6 577 6 578 6 579 6 580 6 581 6 582 6 583 6 584 6 585 6 586 6 587 6 588 6 589 6 590 6 591 6 592 6 593 6 594 6 595 6 596 6 597 6 598 6 599 6 600 6 601 6 602 6 603 6 604 6 605 6 606 6 607 6 608 6 609 6 610 6 611 6 612 6 613 6 614 6 615 6 616 6 617 6 618 6 619 6 620 6 621 6 622 6 623 6 624 6 625 6 626 6 627 6 628 6 629 6 630 6 631 6 632 6 633 6 634 6 635 6 636 6 637 6 638 6 639 6 640 6 641 6 642 6 643 6 644 6 645 6 646 6 647 6 648 6 649 6 650 6 651 6 652 6 653 6 654 6 655 6 656 6 657 6 658 6 659 6 660 6 661 6 662 6 663 6 664 6 665 6 666 6 667 6 668 6 669 6 670 6 671 6 672 6 673 6 674 6 675 6 676 6 677 6 678 6 679 6 680 6 681 6 682 6 683 6 684 6 685 6 686 6 687 6 688 6 689 6 690 6 691 6 692 6 693 6 694 6 695 6 696 6 697 6 698 6 699 6 700 6 701 6 702 6 703 6 704 6 705 6 706 6 707 6 708 6 709 6 710 6 711 6 712 6 713 6 714 6 715 6 716 6 717 6 718 6 719 6 720 6 721 6 722 6 723 6 724 6 725 6 726 6 727 6 728 6 729 6 730 6 731 6 732 6 733 6 734 6 735 6 736 6 737 6 738 6 739 6 740 6 741 6 742 6 743 6 744 6 745 6 746 6 747 6 748 6 749 6 750 6 751 6 752 6 753 6 754 6 755 6 756 6 757 6 758 6 759 6 760 6 761 6 762 6 763 6 764 6 765 6 766 6 767 6 768 6 769 6 770 6 771 6 772 6 773 6 774 6 775 6 776 6 777 6 778 6 779 6 780 6 781 6 782 6 783 6 784 6 785 6 786 6 787 6 788 6 789 6 790 6 791 6 792 6 793 6 794 6 795 6 796 6 797 6 798 6 799 6 800 6 801 6 802 6 803 6 804 6 805 6 806 6 807 6 808 6 809 6 810 6 811 6 812 6 813 6 814 6 815 6 816 6 817 6 818 6 819 6 820 6 821 6 822 6 823 6 824 6 825 6 826 6 827 6 828 6 829 6 830 6 831 6 832 6 833 6 834 6 835 6 836 6 837 6 838 6 839 6 840 6 841 6 842 6 843 6 844 6 845 6 846 6 847 6 848 6 849 6 850 6 851 6 852 6 853 6 854 6 855 6 856 6 857 6 858 6 859 6 860 6 861 6 862 6 863 6 864 6 865 6 866 6 867 6 868 6 869 6 870 6 871 6 872 6 873 6 874 6 875 6 876 6 877 6 878 6 879 6 880 6 881 6 882 6 883 6 884 6 885 6 886 6 887 6 888 6 889 6 890 6 891 6 892 6 893 6 894 6 895 6 896 6 897 6 898 6 899 6 900 6 901 6 902 6 903 6 904 6 905 6 906 6 907 6 908 6 909 6 910 6 911 6 912 6 913 6 914 6 915 6 916 6 917 6 918 6 919 6 920 6 921 6 922 6 923 6 924 6 925 6 926 6 927 6 928 6 929 6 930 6 931 6 932 6 933 6 934 6 935 6 936 6 937 6 938 6 939 6 940 6 941 6 942 6 943 6 944 6 945 6 946 6 947 6 948 6 949 6 950 6 951 6 952 6 953 6 954 6 955 6 956 6 957 6 958 6 959 6 960 6 961 6 962 6 963 6 964 6 965 6 966 6 967 6 968 6 969 6 970 6 971 6 972 6 973 6 974 6 975 6 976 6 977 6 978 6 979 6 980 6 981 6 982 6 983 6 984 6 985 6 986 6 987 6 988 6 989 6 990 6 991 6 992 6 993 6 994 6 995 6 996 6 997 6 998 6 999 6 1000 6 1001 6 1002 6 1003 6 1004 6 1005 6 1006 6 1007 6 1008 6 1009 6 1010 6 1011 6 1012 6 1013 6 1014 6 1015 6 1016 6 1017 6 1018 6 1019 6 1020 6 1021 6 1022 6 1023 6 1024 6 1025 6 1026 6 1027 6 1028 6 1029 6 1030 5 1031 5 1032 5 1033 5 1034 0 1035 5 1036 0 1037 0 1038 0 1039 5 1040 0 1041 5 1042 0 1043 5 1044 0 1045 0 1046 0 1047 0 1048 0 1049 5 1050 0 1051 5 1052 0 1053 5 1054 0 1055 5 1056 0 1057 5 1058 0 1059 5 1060 0 1061 5 1062 0 1063 5 1064 0 1065 5 1066 0 1067 5 1068 0 1069 5 1070 0 1071 5 1072 0 1073 5 1074 0 1075 5 1076 0 1077 5 1078 0 1079 5 1080 0 1081 0 1082 0 1083 0 1084 0 1085 0 1086 0 1087 0 1088 0 1089 0 1090 0 1091 0 1092 0 1093 0 1094 0 1095 0 1096 0 1097 0 1098 0 1099 0 1100 0 1101 0 1102 0 1103 0 1104 0 1105 0 1106 0 1107 0 1108 0 1109 0 1110 0 1111 0 1112 0 1113 0 1114 0 1115 0 1116 0 1117 0 1118 0 1119 0 1120 0 1121 0 1122 0 1123 0 1124 0 1125 0 1126 0 1127 0 1128 0 1129 5 1130 0 1131 5 1132 0 1133 5 1134 0 1135 5 1136 0 1137 5 1138 0 1139 5 1140 0 1141 5 1142 0 1143 5 1144 0 1145 5 1146 0 1147 5 1148 0 1149 5 1150 0 1151 5 1152 0 1153 5 1154 0 1155 5 1156 0 1157 5 1158 0 1159 5 1160 0 1161 5 1162 0 1163 5 1164 0 1165 5 1166 0 1167 5 1168 0 1169 5 1170 0 1171 5 1172 0 1173 5 1174 0 1175 5 1176 0 1177 5 1178 0 1179 5 1180 0 1181 5 1182 0 1183 5 1184 0 1185 5 1186 0 1187 5 1188 0 1189 5 1190 0 1191 5 1192 0 1193 5 1194 0 1195 5 1196 0 1197 5 1198 0 1199 5 1200 0 1201 5 1202 0 1203 5 1204 0 1205 0 1206 0 1207 0 1208 0 1209 0 1210 0 1211 0 1212 0 1213 0 1214 0 1215 0 1216 0 1217 0 1218 0 1219 0 1220 0 1221 0 1222 0 1223 5 1224 0 1225 5 1226 0 1227 0 1228 0 1229 0 1230 0 1231 0 1232 0 1233 0 1234 5 1235 5 1236 5 1237 5 1238 5 1239 5 1240 5 1241 5 1242 5 1243 5 1244 5 1245 5 1246 5 1247 5 1248 5 1249 5 1250 0 1251 5 1252 0 1253 5 1254 0 1255 5 1256 0 1257 5 1258 0 1259 5 1260 0 1261 5 1262 5 1263 5 1264 5 1265 5 1266 5 1267 5 1268 5 1269 5 1270 5 1271 5 1272 5 1273 5 1274 5 1275 5 1276 5 1277 5 1278 0 1279 5 1280 0 1281 5 1282 0 1283 5 1284 0 1285 5 1286 0 1287 5 1288 0 1289 5 1290 0 1291 5 1292 0 1293 5 1294 0 1295 5 1296 0 1297 5 1298 0 1299 5 1300 0 1301 5 1302 0 1303 5 1304 0 1305 5 1306 0 1307 5 1308 0 1309 5 1310 0 1311 5 1312 0 1313 5 1314 0 1315 5 1316 0 1317 5 1318 0 1319 5 1320 0 1321 5 1322 0 1323 5 1324 0 1325 5 1326 0 1327 5 1328 0 1329 5 1330 0 1331 5 1332 0 1333 5 1334 0 1335 5 1336 0 1337 5 1338 0 1339 5 1340 0 1341 5 1342 0 1343 5 1344 0 1345 5 1346 0 1347 5 1348 0 1349 5 1350 0 1351 5 1352 0 1353 5 1354 0 1355 5 1356 0 1357 5 1358 0 1359 5 1360 5 1361 5 1362 5 1363 5 1364 5 1365 5 1366 5 1367 5 1368 5 1369 5 1370 5 1371 5 1372 0 1373 5 1374 0 1375 5 1376 0 1377 5 1378 0 1379 5 1380 0 1381 5 1382 0 1383 5 1384 0 1385 5 1386 0 1387 5 1388 0 1389 5 1390 0 1391 5 1392 0 1393 5 1394 0 1395 5 1396 0 1397 5 1398 0 1399 5 1400 5 1401 5 1402 0 1403 5 1404 0 1405 5 1406 0 1407 5 1408 0 1409 5 1410 0 1411 5 1412 0 1413 5 1414 0 1415 5 1416 0 1417 5 1418 0 1419 5 1420 0 1421 5 1422 0 1423 5 1424 0 1425 5 1426 0 1427 5 1428 0 1429 5 1430 0 1431 5 1432 0 1433 5 1434 0 1435 5 1436 0 1437 0 1438 0 1439 0 1440 0 1441 0 1442 0 1443 0 1444 0 1445 0 1446 0 1447 0 1448 0 1449 0 1450 0 1451 0 1452 0 1453 0 1454 0 1455 0 1456 0 1457 0 1458 0 1459 0 1460 0 1461 0 1462 0 1463 0 1464 0 1465 0 1466 0 1467 0 1468 0 1469 0 1470 0 1471 0 1472 0 1473 0 1474 0 1475 0 1476 0 1477 0 1478 0 1479 0 1480 0 1481 0 1482 0 1483 0 1484 0 1485 5 1486 0 1487 5 1488 0 1489 5 1490 0 1491 5 1492 0 1493 5 1494 0 1495 5 1496 0 1497 5 1498 0 1499 5 1500 0 1501 5 1502 0 1503 5 1504 0 1505 5 1506 0 1507 5 1508 0 1509 5 1510 0 1511 5 1512 0 1513 5 1514 0 1515 5 1516 0 1517 5 1518 0 1519 5 1520 0 1521 5 1522 0 1523 5 1524 0 1525 5 1526 0 1527 5 1528 0 1529 5 1530 0 1531 5 1532 0 1533 5 1534 0 1535 5 1536 0 1537 5 1538 0 1539 5 1540 0 1541 5 1542 0 1543 5 1544 0 1545 5 1546 0 1547 5 1548 0 1549 5 1550 0 1551 5 1552 0 1553 5 1554 0 1555 5 1556 0 1557 5 1558 0 1559 5 1560 0 1561 5 1562 0 1563 5 1564 0 1565 5 1566 0 1567 5 1568 0 1569 5 1570 0 1571 5 1572 0 1573 5 1574 0 1575 5 1576 0 1577 5 1578 0 1579 5 1580 0 1581 5 1582 0 1583 5 1584 0 1585 5 1586 0 1587 5 1588 0 1589 5 1590 0 1591 5 1592 0 1593 5 1594 0 1595 5 1596 0 1597 5 1598 0 1599 5 1600 0 1601 5 1602 0 1603 5 1604 0 1605 5 1606 0 1607 5 1608 5 1609 5 1610 5 1611 5 1612 5 1613 5 1614 5 1615 5 1616 5 1617 5 1618 5 1619 5 1620 5 1621 5 1622 5 1623 5 1624 5 1625 5 1626 5 1627 5 1628 5 1629 5 1630 5 1631 5 1632 5 1633 5 1634 5 1635 5 1636 5 1637 5 1638 5 1639 5 1640 5 1641 5 1642 5 1643 5 1644 5 1645 5 1646 5 1647 5 1648 5 1649 5 1650 5 1651 5 1652 5 1653 5 1654 5 1655 5 1656 5 1657 5 1658 5 1659 5 1660 5 1661 5 1662 5 1663 5 1664 5 1665 5 1666 5 1667 5 1668 5 1669 5 1670 5 1671 5 1672 5 1673 5 1674 5 1675 5 1676 5 1677 5 1678 0 1679 0 1680 0 1681 0 1682 0 1683 0 1684 0 1685 5 1686 0 1687 5 1688 0 1689 5 1690 0 1691 5 1692 0 1693 5 1694 5 1695 5 1696 5 1697 5 1698 5 1699 5 1700 0 1701 5 1702 0 1703 5 1704 0 1705 5 1706 0 1707 5 1708 0 1709 5 1710 0 1711 5 1712 0 1713 5 1714 0 1715 5 1716 5 1717 5 1718 0 1719 5 1720 0 1721 5 1722 0 1723 0 1724 0 1725 0 1726 0 1727 0 1728 0 1729 0 1730 0 1731 0 1732 0 1733 0 1734 0 1735 0 1736 5 1737 0 1738 5 1739 0 1740 5 1741 0 1742 5 1743 0 1744 5 1745 0 1746 5 1747 5 1748 5 1749 0 1750 0 1751 0 1752 0 1753 0 1754 0 1755 5 1756 5 1757 5 1758 5 1759 5 1760 5 1761 5 1762 5 1763 5 1764 5 1765 5 1766 5 1767 5 1768 5 1769 0 1770 0 1771 0 1772 0 1773 0 1774 0 1775 0 1776 0 1777 0 1778 0 1779 0 1780 0 1781 0 1782 0 1783 0 1784 0 1785 5 1786 5 1787 5 1788 5 1789 5 1790 5 1791 5 1792 5 1793 5 1794 5 1795 0 1796 5 1797 0 1798 5 1799 0 1800 0 1801 0 1802 5 1803 0 1804 5 1805 0 1806 5 1807 0 1808 5 1809 0 1810 5 1811 0 1812 5 1813 0 1814 5 1815 0 1816 5 1817 0 1818 5 1819 0 1820 5 1821 0 1822 5 1823 0 1824 5 1825 0 1826 5 1827 0 1828 5 1829 5 1830 5 1831 5 1832 5 1833 5 1834 0 1835 5 1836 0 1837 5 1838 0 1839 5 1840 0 1841 5 1842 0 1843 5 1844 0 1845 5 1846 0 1847 5 1848 0 1849 5 1850 0 1851 5 1852 0 1853 5 1854 0 1855 5 1856 0 1857 5 1858 0 1859 5 1860 0 1861 5 1862 0 1863 5 1864 5 1865 5 1866 5 1867 5 1868 5 1869 0 1870 5 1871 5 1872 5 1873 5 1874 5 1875 5 1876 0 1877 5 1878 0 1879 5 1880 5 1881 5 1882 0 1883 5 1884</v>
        </vertex_weights>
      </skin>
    </controller>
  </library_controllers>
  <library_animations>
    <animation id="action_container-fob_e_sniperrifle_qc_skeleton" name="fob_e_sniperrifle.qc_skeleton"/>
  </library_animations>
  <library_visual_scenes>
    <visual_scene id="fob_h_sniperrifle_diamond_qc" name="fob_h_sniperrifle_diamond.qc">
      <node id="fob_e_sniperrifle_qc_skeleton" name="fob_e_sniperrifle.qc_skeleton" type="NODE">
        <matrix sid="transform">1 0 0 0 0 1 0 0 0 0 1 0 0 0 0 1</matrix>
        <node id="fob_e_sniperrifle_qc_skeleton_weapon_bone" name="weapon_bone" sid="weapon_bone" type="JOINT">
          <matrix sid="transform">1 0 0 0 0 1 0 0 0 0 1 0 0 0 0 1</matrix>
          <node id="fob_e_sniperrifle_qc_skeleton_vm_weapon_bone" name="vm_weapon_bone" sid="vm_weapon_bone" type="JOINT">
            <matrix sid="transform">1 0 0 -5.6e-5 0 1 0 3.796269 0 0 1 2.333208 0 0 0 1</matrix>
            <extra>
              <technique profile="blender">
                <layer sid="layer" type="string">0</layer>
                <tip_x sid="tip_x" type="float">0</tip_x>
                <tip_y sid="tip_y" type="float">0.09512662</tip_y>
                <tip_z sid="tip_z" type="float">0</tip_z>
              </technique>
            </extra>
          </node>
          <node id="fob_e_sniperrifle_qc_skeleton_vm_weapon_bone_3" name="vm_weapon_bone_3" sid="vm_weapon_bone_3" type="JOINT">
            <matrix sid="transform">0.9834209 -0.07670341 -0.1643172 4.150186 0.06640113 0.9955203 -0.06730612 14.35032 0.1687437 0.05527939 0.9841086 5.632542 0 0 0 1</matrix>
            <extra>
              <technique profile="blender">
                <layer sid="layer" type="string">0</layer>
                <roll sid="roll" type="float">-0.1676891</roll>
                <tip_x sid="tip_x" type="float">-0.007296562</tip_x>
                <tip_y sid="tip_y" type="float">0.09470081</tip_y>
                <tip_z sid="tip_z" type="float">0.00525856</tip_z>
              </technique>
            </extra>
          </node>
          <node id="fob_e_sniperrifle_qc_skeleton_vm_weapon_bone_2" name="vm_weapon_bone_2" sid="vm_weapon_bone_2" type="JOINT">
            <matrix sid="transform">1 0 0 0 0 0.9999999 0 12.2902 0 0 1 20.26597 0 0 0 1</matrix>
            <extra>
              <technique profile="blender">
                <layer sid="layer" type="string">0</layer>
                <tip_x sid="tip_x" type="float">0</tip_x>
                <tip_y sid="tip_y" type="float">0.09512615</tip_y>
                <tip_z sid="tip_z" type="float">0</tip_z>
              </technique>
            </extra>
          </node>
          <node id="fob_e_sniperrifle_qc_skeleton_vm_weapon_bone_1" name="vm_weapon_bone_1" sid="vm_weapon_bone_1" type="JOINT">
            <matrix sid="transform">-1 -3.25841e-7 -1.50996e-7 0 -3.25841e-7 1 -4.92007e-14 3.796269 1.50996e-7 0 -1 6.802701 0 0 0 1</matrix>
            <extra>
              <technique profile="blender">
                <layer sid="layer" type="string">0</layer>
                <roll sid="roll" type="float">3.141593</roll>
                <tip_x sid="tip_x" type="float">0</tip_x>
                <tip_y sid="tip_y" type="float">0.09512662</tip_y>
                <tip_z sid="tip_z" type="float">0</tip_z>
              </technique>
            </extra>
          </node>
          <node id="fob_e_sniperrifle_qc_skeleton_chain4" name="chain4" sid="chain4" type="JOINT">
            <matrix sid="transform">0.9989201 0.04646116 -3.88813e-7 0.023469 0.002786874 -0.05992651 -0.9981989 -3.467713 -0.0463775 0.997121 -0.05999131 31.23561 0 0 0 1</matrix>
            <node id="fob_e_sniperrifle_qc_skeleton_fob" name="fob" sid="fob" type="JOINT">
              <matrix sid="transform">0.999952 0.001034744 0.009760568 -0.007348537 0.001036506 0.9777351 -0.2098409 0.1579917 -0.009760382 0.2098409 0.9776869 3.869538 0 0 0 1</matrix>
              <extra>
                <technique profile="blender">
                  <layer sid="layer" type="string">0</layer>
                  <roll sid="roll" type="float">0.06118512</roll>
                  <tip_x sid="tip_x" type="float">0.004419624</tip_x>
                  <tip_y sid="tip_y" type="float">-0.02549934</tip_y>
                  <tip_z sid="tip_z" type="float">0.09153938</tip_z>
                </technique>
              </extra>
            </node>
            <extra>
              <technique profile="blender">
                <layer sid="layer" type="string">0</layer>
                <roll sid="roll" type="float">0.04935348</roll>
                <tip_x sid="tip_x" type="float">0.004419624</tip_x>
                <tip_y sid="tip_y" type="float">-0.005700588</tip_y>
                <tip_z sid="tip_z" type="float">0.09485244</tip_z>
              </technique>
            </extra>
          </node>
          <extra>
            <technique profile="blender">
              <layer sid="layer" type="string">0</layer>
              <tip_x sid="tip_x" type="float">0</tip_x>
              <tip_y sid="tip_y" type="float">0.09512656</tip_y>
              <tip_z sid="tip_z" type="float">0</tip_z>
            </technique>
          </extra>
        </node>
        <node id="fob_e_sniperrifle" name="fob_e_sniperrifle" type="NODE">
          <matrix sid="transform">1 0 0 0 0 1 0 0 0 0 1 0 0 0 0 1</matrix>
          <instance_controller url="#fob_e_sniperrifle_qc_skeleton_fob_e_sniperrifle-skin">
            <skeleton>#fob_e_sniperrifle_qc_skeleton_weapon_bone</skeleton>
            <bind_material>
              <technique_common>
                <instance_material symbol="fob_engy-material" target="#fob_engy-material">
                  <bind_vertex_input semantic="UVMap" input_semantic="TEXCOORD" input_set="0"/>
                </instance_material>
                <instance_material symbol="fob_engy_illum-material" target="#fob_engy_illum-material">
                  <bind_vertex_input semantic="UVMap" input_semantic="TEXCOORD" input_set="0"/>
                </instance_material>
                <instance_material symbol="chain_sniper-material" target="#chain_sniper-material">
                  <bind_vertex_input semantic="UVMap" input_semantic="TEXCOORD" input_set="0"/>
                </instance_material>
              </technique_common>
            </bind_material>
          </instance_controller>
        </node>
      </node>
    </visual_scene>
  </library_visual_scenes>
  <scene>
    <instance_visual_scene url="#fob_h_sniperrifle_diamond_qc"/>
  </scene>
</COLLADA>