<?xml version="1.0" encoding="utf-8"?>
<COLLADA xmlns="http://www.collada.org/2005/11/COLLADASchema" version="1.4.1" xmlns:xsi="http://www.w3.org/2001/XMLSchema-instance">
  <asset>
    <contributor>
      <author>Blender User</author>
      <authoring_tool>Blender 2.90.1 commit date:2020-09-23, commit time:06:43, hash:3e85bb34d0d7</authoring_tool>
    </contributor>
    <created>2024-01-04T13:01:06</created>
    <modified>2024-01-04T13:01:06</modified>
    <unit name="meter" meter="1"/>
    <up_axis>Z_UP</up_axis>
  </asset>
  <library_effects>
    <effect id="fob_diamond-effect">
      <profile_COMMON>
        <newparam sid="fob_heavy_diamond_png-surface">
          <surface type="2D">
            <init_from>fob_heavy_diamond_png</init_from>
          </surface>
        </newparam>
        <newparam sid="fob_heavy_diamond_png-sampler">
          <sampler2D>
            <source>fob_heavy_diamond_png-surface</source>
          </sampler2D>
        </newparam>
        <technique sid="common">
          <lambert>
            <emission>
              <color sid="emission">0 0 0 1</color>
            </emission>
            <diffuse>
              <texture texture="fob_heavy_diamond_png-sampler" texcoord="UVMap"/>
            </diffuse>
            <index_of_refraction>
              <float sid="ior">1.45</float>
            </index_of_refraction>
          </lambert>
        </technique>
      </profile_COMMON>
    </effect>
    <effect id="fob_diamond_top-effect">
      <profile_COMMON>
        <newparam sid="fob_heavy_diamond_png-surface">
          <surface type="2D">
            <init_from>fob_heavy_diamond_png</init_from>
          </surface>
        </newparam>
        <newparam sid="fob_heavy_diamond_png-sampler">
          <sampler2D>
            <source>fob_heavy_diamond_png-surface</source>
          </sampler2D>
        </newparam>
        <technique sid="common">
          <lambert>
            <emission>
              <color sid="emission">0 0 0 1</color>
            </emission>
            <diffuse>
              <texture texture="fob_heavy_diamond_png-sampler" texcoord="UVMap"/>
            </diffuse>
            <index_of_refraction>
              <float sid="ior">1.45</float>
            </index_of_refraction>
          </lambert>
        </technique>
      </profile_COMMON>
    </effect>
    <effect id="chain_sniper-effect">
      <profile_COMMON>
        <newparam sid="chain_sniper_png-surface">
          <surface type="2D">
            <init_from>chain_sniper_png</init_from>
          </surface>
        </newparam>
        <newparam sid="chain_sniper_png-sampler">
          <sampler2D>
            <source>chain_sniper_png-surface</source>
          </sampler2D>
        </newparam>
        <technique sid="common">
          <lambert>
            <emission>
              <color sid="emission">0 0 0 1</color>
            </emission>
            <diffuse>
              <texture texture="chain_sniper_png-sampler" texcoord="UVMap"/>
            </diffuse>
            <index_of_refraction>
              <float sid="ior">1.45</float>
            </index_of_refraction>
          </lambert>
        </technique>
      </profile_COMMON>
    </effect>
  </library_effects>
  <library_images>
    <image id="chain_sniper_png" name="chain_sniper_png">
      <init_from>chain_sniper.png</init_from>
    </image>
    <image id="fob_heavy_diamond_png" name="fob_heavy_diamond_png">
      <init_from>fob_heavy_diamond.png</init_from>
    </image>
  </library_images>
  <library_materials>
    <material id="fob_diamond-material" name="fob_diamond">
      <instance_effect url="#fob_diamond-effect"/>
    </material>
    <material id="fob_diamond_top-material" name="fob_diamond_top">
      <instance_effect url="#fob_diamond_top-effect"/>
    </material>
    <material id="chain_sniper-material" name="chain_sniper">
      <instance_effect url="#chain_sniper-effect"/>
    </material>
  </library_materials>
  <library_geometries>
    <geometry id="fob_h_sniperrifle_diamond-mesh" name="fob_h_sniperrifle_diamond">
      <mesh>
        <source id="fob_h_sniperrifle_diamond-mesh-positions">
          <float_array id="fob_h_sniperrifle_diamond-mesh-positions-array" count="3030">-2.575765 -14.31241 29.29758 -3.080355 -14.12897 28.07262 -3.437565 -17.18294 26.92545 4.094658 -17.27637 27.86768 2.767088 -15.51073 30.12195 3.702028 -14.27651 28.76377 3.377307 -18.47444 29.01485 2.19391 -17.53559 30.90913 2.523424 -19.49799 30.23355 1.191605 -20.43804 31.98667 1.029157 -17.58914 32.75655 -1.442106 -20.45788 31.93188 0.876393 -20.32304 31.26416 -1.09889 -20.33792 31.22307 -2.713877 -19.53746 30.1246 -1.899548 -19.67312 29.80807 -2.338855 -18.80846 28.60382 -3.53166 -18.52649 28.87113 -3.664743 -12.90652 28.851 -3.399679 -14.50568 29.59399 -3.908847 -14.33386 28.60544 -3.59128 -12.853 29.89082 -4.218649 -17.33901 27.69474 -3.014176 -12.73062 28.32457 -2.442335 -17.57052 30.81268 -1.354741 -17.60711 32.70696 2.457457 -11.5578 27.09339 -3.002448 -12.3247 28.66884 -2.961706 -11.55036 27.26002 2.58266 -12.33261 28.49775 0.412377 -11.32567 25.91707 -2.290821 -11.34697 26.55888 -1.001842 -11.31794 25.95453 1.744404 -11.35602 26.43848 -2.840942 -12.37529 29.06225 2.475624 -12.38229 28.89856 2.348195 -12.49737 30.04746 -2.696291 -12.49043 30.20504 1.87412 -15.18818 30.39415 -2.552164 -14.28203 30.14258 2.18382 -14.28115 29.97808 -2.216862 -15.18415 30.54485 1.360554 -17.07055 31.0022 -1.703561 -17.05747 31.14617 -0.951906 -16.76131 32.25275 0.732652 -16.76142 32.17313 -2.683855 -15.271 30.22111 -3.271976 -14.26002 30.03403 2.306082 -15.26695 30.05187 2.879226 -14.26036 29.82828 1.718526 -17.24009 30.78618 -2.109741 -17.24102 30.94585 0.984274 -17.14102 32.7236 -1.178056 -17.13878 32.82667 -3.073825 -11.00092 30.23288 -2.333656 -9.360636 29.67645 -3.168161 -11.10044 28.78681 -2.447227 -9.722346 30.59273 -2.96652 -12.39996 31.15296 -3.243224 -11.85469 29.72101 -3.31108 -12.63177 30.09687 -0.778766 -13.6389 32.88391 -1.797933 -14.83726 32.41757 -0.876853 -14.74327 32.63854 -2.226197 -13.65567 32.34866 -2.469287 -14.47404 31.70151 -2.459452 -13.64611 31.93347 2.049753 -13.60451 32.19227 2.249419 -12.80167 32.04708 1.900009 -13.08686 32.9736 2.238291 -13.65197 31.78848 1.049785 -12.52949 33.72342 1.058416 -13.26874 33.73295 1.670844 -12.30882 33.18069 -1.157519 -13.26863 33.78966 -1.800293 -12.30487 33.28763 -2.035149 -13.09592 33.08922 -1.147841 -12.52795 33.7914 -2.452542 -12.79677 32.19195 -0.95287 -9.346861 26.85114 -1.300691 -8.802823 28.34917 -0.753236 -8.631984 28.00483 -1.882476 -9.690188 27.26689 -1.983723 -9.047699 28.906 -2.868958 -10.26832 27.87349 -3.047323 -13.74973 30.72376 -3.36419 -13.57023 30.27066 -1.212059 -11.23297 25.33377 -2.697084 -11.26033 26.0484 -3.675354 -12.5243 29.14473 -3.529128 -12.17369 28.91918 -3.490529 -11.98519 28.40405 -3.489937 -11.47996 26.99888 -1.177215 -15.97305 32.48736 -1.351291 -15.97371 32.21162 -1.34365 -17.08378 32.09603 -1.930292 -15.72991 31.43301 -0.385099 -13.3515 33.881 -0.04439198 -12.58548 33.91902 -2.516006 -11.96911 32.4678 -2.937141 -11.38937 31.43556 -1.896058 -10.32627 32.26053 -2.289729 -10.06497 31.48865 -0.718855 -10.60647 33.16878 -0.06808596 -10.6368 33.25863 -1.341304 -10.50604 32.83463 2.752033 -13.75766 30.55076 2.945359 -12.63949 29.90018 2.699111 -12.40717 30.98131 3.019585 -13.57681 30.07948 2.889575 -11.86034 29.53103 3.282548 -12.53343 28.93023 3.124821 -12.18208 28.71252 2.762878 -11.10842 28.6044 3.054348 -11.99411 28.20264 2.411466 -10.27603 27.71216 2.118536 -11.26957 25.90292 1.385544 -9.700588 27.17288 2.969166 -11.48882 26.80022 0.577502 -11.24365 25.28676 0.417141 -9.355107 26.81558 0.1723639 -13.91451 33.62586 0.286772 -13.3524 33.86849 -0.290428 -13.91262 33.63285 0.1527799 -15.85805 33.89951 -0.948258 -15.68987 32.68701 0.770448 -15.6922 32.63377 -0.254914 -15.85748 33.912 -0.255066 -14.68619 33.90509 0.159201 -14.68624 33.89239 0.98501 -15.97524 32.41734 1.604119 -14.84515 32.31182 0.710289 -14.74346 32.58563 1.142132 -15.97502 32.13618 2.231768 -14.48085 31.5578 1.168838 -17.0801 32.04635 2.335754 -11.97556 32.31857 2.757781 -11.00725 30.05407 0.621543 -13.58416 32.83566 1.67064 -15.72838 31.33305 2.694296 -11.39682 31.26239 0.575963 -10.60813 33.12894 1.176928 -10.50926 32.75716 1.695777 -10.33087 32.1501 1.004513 -13.39574 32.92435 1.402472 -13.54276 33.48408 1.389191 -13.2156 33.03781 1.030501 -13.71696 33.37437 1.766519 -13.71796 33.35172 1.765674 -13.39679 32.90092 1.757478 -13.75813 32.65058 1.758595 -14.06737 33.10964 1.372798 -13.93828 32.53712 1.386623 -14.24157 32.99993 1.022575 -14.06637 33.13229 0.996314 -13.75708 32.674 -0.964936 -17.14551 32.26709 1.434057 -17.34498 30.87306 -1.790022 -17.34383 31.0317 0.74332 -17.14456 32.18452 -3.497268 -12.65183 30.09207 -2.864224 -12.75128 29.04331 -3.755097 -12.75006 29.07072 -2.734062 -12.65288 30.06859 2.49835 -12.7586 28.87835 3.132781 -12.66098 29.88596 3.357314 -12.75976 28.85192 2.376489 -12.65994 29.90923 -2.735147 -13.5495 30.10117 -3.49861 -13.54846 30.12466 2.385581 -13.55372 29.94109 3.144644 -13.55475 29.91773 2.928133 -14.29312 29.60443 2.216206 -14.29215 29.62634 -3.330597 -14.29441 29.81523 -2.608016 -14.29539 29.79301 -2.912768 -15.34982 30.20931 -2.283409 -15.35068 30.18995 2.535657 -15.35452 30.01543 1.916156 -15.35368 30.03449 1.903501 -17.34563 30.85862 -2.279709 -17.34316 31.04677 1.013782 -17.29777 32.77714 -1.202649 -17.29803 32.87535 -2.812936 -9.48992 29.49417 -3.317469 -10.92104 30.29262 -3.402768 -10.96895 28.85649 -2.940107 -9.904684 30.52734 -3.3347 -12.39327 31.24 -3.620444 -11.82533 29.76657 -0.912367 -14.76143 32.92858 -0.342073 -13.96108 33.87125 -0.334372 -14.66595 34.15287 -0.927468 -13.83046 33.06604 -1.994707 -14.9074 32.70301 -2.392147 -13.7744 32.62232 -2.781568 -14.58318 31.8741 -2.778286 -13.70717 32.13103 2.228247 -13.72718 32.45214 2.582761 -12.83844 32.22314 2.567852 -13.71446 31.96656 1.96692 -13.23831 33.15994 1.142782 -12.41859 33.91044 1.176159 -13.44582 33.90288 1.845381 -12.20796 33.32695 -2.094767 -13.24134 33.28782 -1.232894 -12.41535 33.98353 -1.269473 -13.44248 33.97812 -1.969453 -12.20276 33.4443 -2.775004 -12.83113 32.38796 -1.577388 -8.778912 27.93255 -1.006208 -9.159359 26.75456 -0.877717 -8.58187 27.52252 -2.019847 -9.496398 27.2082 -2.379132 -9.095082 28.60488 -3.049081 -10.10148 27.89197 -3.412985 -13.82067 30.78587 -1.258738 -11.23753 25.14246 -2.811089 -11.27256 25.8885 -3.789641 -12.29508 28.86361 -3.786894 -11.93609 28.39646 -3.680247 -11.51264 26.90027 -0.339397 -15.9534 34.04665 -0.987477 -15.822 32.88137 -1.243644 -16.03011 32.8233 -1.604257 -16.07054 32.45297 -1.503518 -17.23048 32.20251 -2.715384 -11.87208 32.59226 -3.16391 -11.30094 31.51569 -2.279157 -10.55863 32.4724 -2.74657 -10.27604 31.56792 -0.03920495 -12.48997 34.14039 -0.861741 -10.85525 33.54356 -0.05177396 -10.89129 33.66046 -1.622745 -10.74803 33.14429 -2.254275 -15.85079 31.58104 3.118358 -13.82958 30.58495 3.072029 -12.40202 31.0429 3.268212 -11.83473 29.55466 3.380303 -12.30486 28.64303 2.997342 -10.97769 28.65959 3.349826 -11.94583 28.17691 2.58734 -10.10935 27.71876 2.221764 -11.2819 25.73619 3.152568 -11.52197 26.69007 1.513748 -9.506349 27.1047 0.612514 -11.24728 25.09219 0.462538 -9.167013 26.7151 0.242533 -13.96188 33.85327 -0.455927 -13.50968 34.12942 0.37327 -13.51081 34.10391 0.751618 -14.76369 32.87739 0.250233 -14.66675 34.13488 0.778329 -13.77683 32.99646 0.245208 -15.95419 34.02867 0.820792 -15.82447 32.82574 1.072337 -16.03327 32.75205 1.817645 -14.9126 32.58573 1.409391 -16.07466 32.36026 2.552948 -14.59046 31.71 1.320074 -17.23715 32.12496 3.000612 -10.92967 30.09826 2.568632 -11.87332 26.92731 1.811958 -11.69222 26.28084 0.443036 -11.65038 25.71533 -1.046134 -11.64263 25.75533 2.005183 -15.85661 31.45001 2.538426 -11.87926 32.43064 2.921486 -11.30925 31.32849 2.099267 -10.56461 32.33771 2.51097 -10.28322 31.40617 2.641191 -9.912306 30.35564 2.451884 -9.497107 29.33221 1.964922 -9.101635 28.47187 1.115685 -8.788462 27.85566 0.383636 -8.58844 27.48863 0.74957 -10.85745 33.49399 1.484882 -10.75227 33.04869 -1.158164 -13.39278 32.99091 -1.521363 -13.53876 33.57404 -1.157315 -13.71399 33.44166 -1.534651 -13.21162 33.12773 -1.919323 -13.39175 33.01429 -1.893332 -13.71302 33.46434 -1.901261 -14.0624 33.2222 -1.927519 -13.7531 32.76394 -1.551034 -13.93431 32.62704 -1.537208 -14.23757 33.0899 -1.166355 -13.75412 32.74056 -1.16524 -14.06339 33.1996 -3.441206 -13.06556 28.91749 -2.817065 -12.95175 29.79829 -3.50874 -12.93668 29.72242 -3.024107 -12.90522 28.42701 3.202709 -13.01535 29.05596 2.541057 -12.91117 29.90976 2.804117 -12.86144 28.54813 3.234872 -12.88596 29.86272 -2.85555 -14.36434 29.28431 -3.145742 -14.1933 28.2642 2.619404 -14.32203 29.40267 2.957758 -14.14476 28.39826 -3.566412 -17.15218 27.10638 -3.565732 -14.35581 28.62306 -3.977335 -17.27782 27.82873 -1.335066 -20.21536 31.847 -2.319039 -17.70178 30.62186 -1.263767 -17.78692 32.55922 -2.479638 -19.33225 30.09604 0.947046 -17.77025 32.60525 1.084402 -20.19722 31.89733 -2.678352 -12.84586 29.84495 3.426455 -12.85309 28.99851 2.39878 -12.8076 29.95057 2.795765 -12.68685 28.44543 3.309016 -12.80101 30.03437 2.341144 -14.27536 29.39987 2.893419 -14.08396 28.19689 3.339561 -17.08957 27.26361 1.998044 -15.44615 29.63359 2.534544 -18.28076 28.278 -2.687404 -13.62588 30.46705 2.360735 -13.63139 30.30828 2.041933 -10.07048 31.35555 2.145025 -9.72819 30.45155 1.976414 -9.366278 29.54408 1.581417 -9.053286 28.79793 0.858491 -8.811742 28.28957 0.280079 -8.638396 27.97818 -3.083793 -11.8656 27.10119 -2.369423 -11.68306 26.40597 -1.876158 -17.68043 30.30928 -2.040063 -19.52301 29.97251 -1.189607 -20.19542 31.4255 -0.955299 -17.68283 31.99491 0.956177 -20.17915 31.47002 1.648762 -17.65283 30.3854 0.66094 -17.67066 32.02846 1.856463 -19.49213 30.06325 3.469155 -17.05231 27.47101 3.062246 -14.45971 29.44867 2.080307 -17.66933 30.71413 -3.295159 -14.50797 29.3166 2.290506 -19.3016 30.19664 3.863503 -17.22502 28.00259 3.364076 -14.30145 28.76952 -2.225088 -15.47797 29.54574 -1.674933 -17.51446 30.32096 1.446863 -17.49094 30.3859 1.725098 -19.64581 29.88347 -0.864548 -17.47072 31.85916 0.572645 -17.45988 31.88907 3.154837 -14.4563 29.73034 -3.012714 -15.55427 30.00172 -1.525104 -13.98538 33.47215 2.698101 -12.61135 28.32331 -3.129221 -12.6034 28.50257 1.398727 -13.98937 33.38217 0.004920959 -7.503023 31.45237 0.004984974 -7.343787 30.84536 0.219312 -7.675802 30.76187 0.219133 -7.833183 31.36234 0.2154909 -8.585854 30.52533 0.215309 -8.742224 31.12221 -0.522276 -7.833187 31.36234 -0.518463 -8.742226 31.1222 -0.518637 -8.585854 30.52534 -0.522458 -7.675802 30.76188 -0.308064 -7.503019 31.45236 -0.308129 -7.343791 30.84536 -0.961207 -7.584438 30.79451 -0.485116 -7.105191 31.54286 -0.485785 -6.951382 30.96211 -0.959516 -7.73789 31.37877 -0.962751 -8.655661 30.51287 -0.961054 -8.808936 31.09906 0.182647 -6.951382 30.96211 0.658059 -7.584442 30.79451 0.659603 -8.655661 30.51288 0.656369 -7.73789 31.37877 0.657907 -8.808936 31.09905 0.181976 -7.10519 31.54286 -1.609831 -8.675482 27.87252 -0.894264 -8.473963 27.45317 -2.429792 -8.998838 28.56012 -2.873451 -9.402646 29.46962 -3.003512 -9.826832 30.52627 -2.805577 -10.20662 31.59049 -2.327545 -10.49564 32.51552 -1.656218 -10.68934 33.20267 -0.877924 -10.799 33.61101 -0.049555 -10.83585 33.73058 0.769996 -10.80125 33.56032 1.522014 -10.69367 33.1049 2.150359 -10.50175 32.37776 2.571416 -10.21397 31.42507 2.704596 -9.834628 30.35067 2.510988 -9.409996 29.30398 2.012962 -9.005539 28.4241 1.14443 -8.68525 27.79388 0.395748 -8.480685 27.41852 1.322567 -8.5427 30.42592 1.357585 -8.979819 31.58369 0.824712 -9.332688 32.5376 -0.07251995 -9.466532 32.92331 -0.991395 -9.330214 32.59347 -0.125758 -8.455233 31.14784 -1.580931 -8.975808 31.67409 -1.615952 -8.538693 30.51632 -1.083077 -8.185809 29.5624 0.733029 -8.188288 29.50654 -1.091283 -3.486224 30.75325 1.138221 -3.779458 30.75325 -1.091283 -3.779458 30.75325 1.138221 -3.486224 30.75325 1.025451 0.05861896 20.8801 -0.978515 1.28419 19.48522 1.025451 1.284189 19.48522 -0.978515 0.05861699 20.88011 1.025451 -0.469832 21.0678 -0.978515 -0.469832 21.0678 -0.978514 1.429756 19.58249 1.025449 1.357087 19.21715 -0.978511 1.357086 19.21714 1.025451 1.429758 19.58249 1.025451 0.110247 21.11796 -0.978514 0.110245 21.11796 1.025451 -0.40805 21.10908 -0.978514 -0.408051 21.10908 1.527437 -0.137373 20.43842 1.449335 -0.107848 20.28999 1.449335 0.179751 20.3472 1.527436 0.150227 20.49563 1.582624 -0.108047 21.01602 1.582625 -0.351863 20.8531 1.582624 -0.601193 21.75406 1.582625 -0.845007 21.59114 1.527437 -1.17006 21.93195 1.527436 -1.007147 22.17577 1.449335 -1.13298 22.25984 1.449335 -1.295891 22.01603 -1.103557 1.872197 18.71914 -1.127532 1.364337 19.20629 -0.963478 1.713895 18.68314 -1.243635 1.778364 18.58666 -1.267612 1.458173 19.33877 -1.061311 1.305773 19.29394 1.192487 1.109666 19.31453 1.314549 1.206037 19.1703 1.454626 1.299868 19.30278 1.276721 1.165696 19.50358 1.025452 1.126515 19.56222 1.192484 1.361805 19.483 1.025451 1.33682 19.52039 1.108249 1.305773 19.29394 1.025449 1.294987 19.31009 -0.978511 1.294985 19.31009 -0.978514 1.336818 19.52039 -1.145548 1.361803 19.483 -1.40769 1.299868 19.30278 -1.267612 1.206037 19.1703 -1.103557 1.620062 18.55067 0.971538 1.77246 18.5955 1.177839 1.620062 18.55067 1.03776 1.713895 18.68314 1.174471 1.364337 19.20629 1.025453 1.084683 19.35192 -0.978514 1.084683 19.35192 -0.978516 1.126514 19.56222 -1.145548 1.109666 19.31453 -1.229784 1.165696 19.50358 -0.981494 1.716432 18.40644 -1.06573 1.912536 18.38586 -0.981494 1.968566 18.57491 -0.897256 1.77246 18.5955 -0.81446 1.993551 18.53752 -0.814457 1.783247 18.57935 0.88874 1.993551 18.53752 -0.814461 1.951718 18.32722 0.888741 1.951718 18.32722 -0.81446 1.741416 18.36905 0.888742 1.741417 18.36905 0.888738 1.783248 18.57935 1.055776 1.71643 18.40644 1.317915 1.778364 18.58666 1.314548 1.458171 19.33877 1.177837 1.872197 18.71914 1.055773 1.968566 18.57491 1.14001 1.912537 18.38586 -0.978515 -1.992539 39.19215 1.025452 -2.574162 39.01425 -0.978515 -2.574162 39.01425 1.025452 -1.992539 39.19215 -0.978515 -1.494225 39.525 1.025452 -1.494225 39.525 1.138221 -0.601192 21.75406 1.138221 -1.006299 22.1752 1.309251 -1.22943 22.32429 1.13822 -1.274987 22.35473 -1.091283 -1.006299 22.1752 -1.091284 -1.274987 22.35473 -1.262314 -1.22943 22.32429 -1.402397 -1.13298 22.25984 -1.480499 -1.007147 22.17577 -1.091283 -0.601192 21.75406 -1.535687 -0.601192 21.75405 1.138221 -0.108047 21.01602 -1.091283 -0.108047 21.01601 -1.535687 -0.108047 21.01601 -1.480499 0.150227 20.49563 -1.091283 0.150028 20.49663 -1.402397 0.179752 20.3472 -1.262314 0.202382 20.23343 -1.091283 0.213071 20.17969 1.138219 0.213071 20.1797 1.138221 0.150028 20.49663 1.30925 0.202382 20.23343 -1.402396 -0.107847 20.29 -1.480498 -0.137371 20.43843 -1.535685 -0.351862 20.8531 -1.535685 -0.845007 21.59114 -1.480497 -1.170059 21.93195 -1.402396 -1.295891 22.01603 1.138221 -0.351862 20.8531 -1.091283 -0.351862 20.8531 1.138221 -0.845007 21.59114 -1.091283 -0.845007 21.59114 -0.978515 1.137313 19.38709 1.025452 1.137313 19.38709 1.210451 3.760336 19.02879 0.862792 2.921013 19.02879 0.862792 2.921013 18.01548 1.210451 3.760336 18.01548 0.862792 4.59966 18.01548 0.862792 4.59966 19.02879 0.02346795 4.947319 18.01548 0.02346795 4.947319 19.02879 -0.815856 4.59966 18.01548 -0.815856 4.59966 19.02879 -1.163515 3.760336 19.02879 -1.163515 3.760336 18.01547 -0.815856 2.921013 18.01548 -0.815856 2.921013 19.02879 0.02346795 2.573353 18.01548 0.02346795 2.573353 19.02879 -0.978514 -2.58897 39.20488 1.025453 -2.58897 39.20488 1.025451 1.28419 42.87261 -0.978515 1.137313 42.97075 -0.978515 1.28419 42.87261 1.025452 1.137313 42.97075 -0.978514 0.991744 43.06801 1.025449 1.357088 43.14069 -0.978511 1.357086 43.14069 1.025453 0.991744 43.06802 1.015842 -4.536403 30.93063 1.002764 -5.469153 31.49165 1.01432 -4.537454 31.4956 1.004062 -5.467986 30.92827 0.393497 -6.140719 30.92804 0.391865 -6.142229 31.48715 -0.480242 -6.151081 30.92666 -0.482136 -6.152525 31.4853 -1.088825 -5.494725 30.92479 -1.090856 -5.495826 31.48747 -1.093891 -4.59514 30.92604 -1.095688 -4.596214 31.49249 -0.314916 -3.916546 31.35896 -0.31388 -3.915931 31.03326 0.243732 -3.916276 31.36014 0.244713 -3.915701 31.03399 1.025453 -2.046896 39.37546 -0.978514 -2.046896 39.37546 1.025453 -1.593517 39.66514 -0.978514 -1.593517 39.66514 1.025453 -0.92736 40.36696 -0.978514 -0.92736 40.36696 -0.435833 -3.679057 31.37821 -1.481002 -4.324148 30.90026 -1.48536 -4.324898 31.51679 -0.434167 -3.679682 31.01465 -0.704031 -6.565078 31.51462 0.549078 -6.563668 31.51687 1.395866 -5.671339 31.51991 1.398369 -4.351631 31.52263 0.346289 -3.672338 31.37992 -1.488878 -5.70829 31.51378 -1.484457 -5.706587 30.89651 -0.701075 -6.561333 30.89531 0.549998 -6.55988 30.89789 1.395101 -5.669518 30.90222 1.397592 -4.350832 30.90625 0.346763 -3.672938 31.01578 0.882086 -2.389496 37.4745 -0.830142 -2.492665 37.50426 0.882086 -2.492665 37.50426 -0.830142 -2.389496 37.4745 0.870067 -3.006923 35.57284 0.870067 -3.110092 35.6026 -0.826429 -3.110092 35.6026 -0.826428 -3.006923 35.57284 1.160189 -3.038664 33.2557 -1.113253 -3.832244 33.25554 1.160189 -3.832244 33.25554 -1.113253 -3.038662 33.2557 1.160189 -3.089993 32.64807 -1.113253 -3.807794 32.64786 -1.113253 -3.089992 32.64808 1.160189 -3.807794 32.64786 -0.978515 -1.466779 22.79598 1.025452 -2.206086 23.20624 1.025452 -1.466778 22.79598 -0.978515 -2.206086 23.20624 1.025453 -0.927361 21.98869 -0.978514 -1.585478 22.67185 -0.978514 -0.927361 21.98869 1.025453 -1.585478 22.67185 -0.978514 -2.23862 23.01783 1.025453 -2.23862 23.01783 -1.262312 -1.392341 22.08048 -1.091281 -1.437898 22.11092 1.138222 -1.437898 22.11092 1.309252 -1.392341 22.08048 1.138221 -1.169212 21.93139 -1.091283 -1.169212 21.93139 -1.262312 -0.08521598 20.17623 -1.09128 -0.07452696 20.12249 1.138221 -0.07452797 20.12249 1.309252 -0.08521699 20.17623 -0.978514 -3.006923 35.57284 -0.978514 -3.470162 34.14601 1.025453 -2.389496 37.4745 1.025452 -3.006923 35.57284 1.025452 -3.470162 34.14601 1.025451 -3.567154 32.0457 -0.978515 -3.567156 32.0457 1.025451 -4.236482 31.63946 -0.978516 -4.236482 31.63946 -0.978515 -4.439973 31.16342 1.025451 -4.439973 31.16342 -0.978515 -4.230878 30.7128 1.025451 -4.230878 30.7128 -0.978515 -3.816037 30.52413 1.025452 -3.816038 30.52413 -0.978515 -3.511954 30.51668 1.025452 -3.511956 30.51668 1.025453 -1.941207 38.84963 1.025453 0.08375597 41.83465 -0.978514 0.083754 41.83465 1.025453 -0.391937 41.68953 -0.978514 -0.391941 41.68954 -0.978514 -0.80951 41.30105 1.025453 -0.80951 41.30105 -0.978514 -0.990252 40.79409 1.025453 -0.990252 40.79409 -0.978514 -1.941207 38.84963 -0.978514 -2.389496 37.4745 -1.091283 -0.13757 20.43942 1.138221 -0.137571 20.43942 1.025452 -3.298452 34.11186 1.025452 -3.366776 31.88666 -0.978514 -3.366776 31.88666 -0.978515 -3.298452 34.11186 -0.978515 -2.845292 35.52097 1.025452 -2.845292 35.52097 -0.978515 -2.241296 37.39903 1.025452 -2.241296 37.39903 -0.978515 -1.80272 38.7571 1.025452 -1.80272 38.7571 -0.978515 -0.672393 40.38787 1.025452 -0.672393 40.38787 1.025452 -0.733901 40.86263 -0.978515 -0.733901 40.86263 -0.978515 -0.634174 41.19126 1.025452 -0.634174 41.19126 -0.978515 -0.357156 41.42647 1.025452 -0.357156 41.42647 1.025452 0.06215095 41.4872 -0.978515 0.06215095 41.4872 -1.127533 1.364337 43.15154 -1.103557 1.872197 43.6387 -0.963478 1.713895 43.67469 -1.267612 1.458173 43.01906 -1.061311 1.305773 43.06389 -1.243635 1.778364 43.77118 -1.103557 1.620062 43.80717 -1.267612 1.206037 43.18754 -1.40769 1.299868 43.05506 -1.145548 1.361803 42.87484 -0.978514 1.336818 42.83745 -0.978511 1.294985 43.04775 1.025451 1.33682 42.83745 1.025448 1.294987 43.04775 1.108249 1.305773 43.06389 1.192484 1.361805 42.87484 1.314548 1.458171 43.01906 1.454626 1.299869 43.05506 1.317915 1.778364 43.77118 1.314549 1.206037 43.18754 1.177839 1.620062 43.80717 -1.145548 1.109667 43.04331 -1.229784 1.165696 42.85425 -0.978516 1.126515 42.79561 -0.978514 1.084683 43.00592 1.025453 1.084683 43.00592 1.192487 1.109667 43.04331 1.27672 1.165696 42.85425 1.025452 1.126515 42.79561 1.174471 1.364337 43.15154 1.03776 1.713895 43.67469 0.971538 1.77246 43.76234 1.055776 1.71643 43.9514 0.888742 1.741417 43.98879 0.888741 1.951718 44.03062 -0.81446 1.741416 43.98879 -0.814461 1.951718 44.03062 -0.981494 1.716432 43.9514 -1.06573 1.912537 43.97198 -0.981494 1.968566 43.78292 -0.897256 1.77246 43.76234 0.888738 1.783248 43.77849 -0.814457 1.783247 43.77849 0.88874 1.993551 43.82032 -0.81446 1.993551 43.82032 1.055773 1.968566 43.78292 1.177837 1.872197 43.6387 1.14001 1.912537 43.97198 1.025451 -4.395458 34.77909 -0.978515 -4.395458 34.77909 -0.978514 -4.472137 34.59396 1.025452 -4.472137 34.59396 -0.978514 -4.029912 34.13214 1.025452 -4.029912 34.13214 -1.091283 -1.006299 40.18045 1.138221 -1.169211 40.42426 1.138221 -1.006299 40.18045 -1.091283 -1.169211 40.42426 -1.262314 0.202383 42.12221 -1.402398 0.179753 42.00844 -1.402396 -0.107847 42.06565 -1.262312 -0.08521598 42.17942 -1.091283 0.213072 42.17595 -1.09128 -0.07452696 42.23316 1.138219 0.213072 42.17595 1.138221 -0.07452696 42.23316 1.30925 0.202383 42.12221 1.309252 -0.08521598 42.17942 1.449335 0.179752 42.00844 1.449335 -0.107848 42.06565 -1.091283 -0.13757 41.91622 1.138221 0.150029 41.85902 1.138221 -0.13757 41.91622 -1.091283 0.150029 41.85902 1.138221 -0.601192 40.60159 1.138221 -0.845007 40.76451 1.138221 -0.108047 41.33963 1.138221 -0.351862 41.50254 -1.091283 -0.601192 40.60159 -1.091283 -0.845007 40.76451 -1.091283 -0.108047 41.33963 -1.091283 -0.351862 41.50254 1.582625 -0.845007 40.7645 1.527437 -1.170059 40.4237 1.449335 -1.29589 40.33962 1.309252 -1.392341 40.27517 1.138221 -1.437898 40.24473 -1.091281 -1.437898 40.24473 -1.262312 -1.392341 40.27517 -1.402396 -1.29589 40.33962 -1.480498 -1.170059 40.4237 -1.535685 -0.845007 40.76451 -1.535685 -0.351862 41.50254 -1.480498 -0.137371 41.91722 1.527437 -0.137372 41.91722 1.582625 -0.351862 41.50254 -1.535687 -0.601192 40.60159 -1.480499 -1.007146 40.17988 -1.402397 -1.13298 40.0958 -1.262314 -1.22943 40.03136 -1.091284 -1.274987 40.00092 1.13822 -1.274987 40.00092 1.309251 -1.22943 40.03136 1.449335 -1.13298 40.0958 1.527436 -1.007146 40.17988 1.582624 -0.601192 40.60159 1.582624 -0.108047 41.33963 1.527436 0.150228 41.86001 -1.480499 0.150227 41.86001 -1.535687 -0.108047 41.33963 1.30925 -3.691781 29.93009 1.449335 -3.64739 30.03726 1.449335 -3.9183 30.14946 1.309252 -3.962691 30.0423 1.138221 -3.983659 29.99168 1.138219 -3.712749 29.87946 -1.091281 -3.983659 29.99168 -1.091284 -3.712749 29.87946 -1.262312 -3.962693 30.0423 -1.262314 -3.691781 29.93009 -1.402396 -3.9183 30.14946 -1.402397 -3.64739 30.03726 -1.091283 -3.589084 30.17801 1.138221 -3.859995 30.29023 1.13822 -3.589084 30.17801 -1.091283 -3.859997 30.29023 -1.091283 -3.83111 32.1039 1.138221 -3.560198 32.21611 1.13822 -3.83111 32.1039 -1.091283 -3.560198 32.21611 1.13822 -3.486223 31.64088 1.138221 -3.779457 31.64088 -1.091283 -3.486223 31.64088 -1.091283 -3.779457 31.64088 -1.535687 -3.486225 30.75325 -1.535687 -3.486224 31.64088 -1.480499 -3.560587 32.21705 -1.402397 -3.6185 32.35687 -1.262314 -3.662891 32.46404 -1.091283 -3.683859 32.51465 1.13822 -3.683858 32.51465 1.309251 -3.66289 32.46404 1.449335 -3.618501 32.35687 1.527435 -3.560586 32.21705 1.582623 -3.486223 31.64088 1.582623 -3.486224 30.75325 1.527437 -3.589473 30.17707 -1.480499 -3.589473 30.17707 0.193885 -5.645209 31.70154 0.323653 -5.60201 31.05369 -0.256557 -5.580669 30.93821 -0.386592 -5.623966 31.58737 -0.493726 -6.304679 32.00381 0.08986699 -6.324733 32.11766 -0.516038 -7.420805 31.9249 0.06756097 -7.440189 32.03881 0.145624 -8.058035 31.53101 -0.434904 -8.039914 31.41658 0.19925 -7.648896 31.39254 0.160633 -7.319366 31.62813 0.17922 -6.390212 31.6938 0.231567 -6.032628 31.50679 0.293667 -6.011958 31.19681 0.404604 -6.219954 30.54644 0.3262 -6.341275 30.96003 0.307621 -7.270435 30.89434 0.382298 -7.335412 30.46759 0.261347 -7.628222 31.08256 0.275404 -8.01483 30.88313 -0.178324 -6.199684 30.42931 -0.20064 -7.315814 30.35041 -0.290415 -7.250125 30.77572 -0.271832 -6.320897 30.8414 -0.310462 -5.991251 31.07712 -0.372581 -6.011932 31.38722 -0.418886 -6.369856 31.57553 -0.437468 -7.299085 31.50986 -0.404907 -7.628521 31.27294 -0.342785 -7.607844 30.96283 -0.30487 -7.996626 30.76742 0.527606 2.921012 18.85206 0.396636 1.821475 18.31488 0.527606 2.921012 18.19222 0.396636 1.821475 18.72939 0.37516 1.641174 18.42633 0.37516 1.641174 18.61795 1.025451 -0.408049 41.24657 1.025451 0.05861896 41.47554 1.025451 -0.469831 41.28784 1.025451 0.110247 41.23768 1.025451 1.429758 42.77534 1.025452 -3.791253 30.70772 1.025452 -4.098684 30.88045 1.025452 -3.596987 30.7286 1.025452 -3.285471 30.90056 1.025452 -3.458586 30.97159 1.025452 -3.225268 31.50521 1.025452 -3.381374 31.50521 1.025452 -3.036158 34.05012 1.025452 -3.189264 34.08058 1.025451 -1.572626 38.60335 1.025451 -1.718195 38.70062 1.025451 -0.672393 40.38787 1.025451 -0.405671 40.46556 1.025451 -0.598735 40.96118 1.025451 -0.660517 41.00246 1.025452 -4.042061 31.45887 1.025452 -4.233191 31.1573 -0.978515 0.05861794 41.47554 -0.978515 -0.469831 41.28784 -0.3497 1.821475 43.62844 -0.328224 1.641174 43.73988 -0.328224 1.641174 43.93151 -0.3497 1.821475 44.04295 -0.480669 2.921012 44.16562 -0.480669 2.921012 43.50578 -0.3497 1.821475 18.31488 -0.480669 2.921012 18.19221 -0.328224 1.641174 18.42633 -0.328224 1.641174 18.61795 -0.3497 1.821475 18.72939 -0.480669 2.921012 18.85206 -0.978514 1.429756 42.77535 -0.978514 0.110245 41.23768 -0.978514 -0.408051 41.24657 -0.978514 -0.598737 40.96118 -0.978514 -0.405673 40.46556 -0.978514 -1.572628 38.60335 -0.978514 -3.036158 34.05012 -0.978514 -3.225268 31.50521 -0.978514 -3.285471 30.90056 0.527606 2.921012 43.50578 0.396636 1.821475 43.62844 0.37516 1.641174 43.73988 0.37516 1.641174 43.93151 0.396636 1.821475 44.04295 0.527606 2.921012 44.16562 -1.262312 -3.933801 32.35181 -1.402396 -3.889412 32.24465 -1.09128 -3.954771 32.40244 1.138221 -3.954771 32.40244 1.309251 -3.933803 32.35181 1.449335 -3.889414 32.24465 -1.480497 -3.831498 32.10484 -1.535685 -3.779457 31.64088 1.527438 -3.831501 32.10484 1.582624 -3.779457 31.64088 1.582625 -3.779458 30.75325 1.527436 -3.860387 30.28928 -1.480498 -3.860387 30.28928 -1.535685 -3.779458 30.75325 0.862792 2.921013 44.34235 0.02346795 2.573353 43.32904 0.862792 2.921013 43.32904 0.02346795 2.573353 44.34235 -0.815856 2.921013 43.32904 -0.815856 2.921013 44.34235 -1.163515 3.760336 44.34235 -1.163515 3.760336 43.32904 -0.815856 4.59966 44.34235 -0.815856 4.59966 43.32904 0.02346795 4.94732 43.32904 0.02346795 4.94732 44.34235 0.862792 4.59966 43.32904 0.862792 4.59966 44.34235 1.210451 3.760336 43.32904 1.210451 3.760336 44.34235 1.025452 -3.575987 30.19402 -0.978514 -4.366332 30.53456 -0.978514 -3.575986 30.19402 1.025452 -4.366333 30.53456 1.025452 -4.646132 31.16342 -0.978514 -4.646132 31.16342 1.025452 -4.388408 31.7869 -0.978514 -4.388408 31.7869 1.025452 -3.725503 32.16667 -0.978514 -3.725503 32.16667 1.025452 -3.770852 33.53387 -0.978514 -3.770852 33.53387 -0.978514 0.991744 19.28982 1.025453 0.991744 19.28982 1.025453 0.08375495 20.52099 -0.978514 0.08375298 20.52099 1.025453 -0.391938 20.66612 -0.978514 -0.391941 20.66611 1.025453 -0.80951 21.0546 -0.978514 -0.80951 21.0546 1.025453 -0.990252 21.56155 -0.978514 -0.990252 21.56155 -0.978514 -1.941207 23.50602 1.025453 -1.941207 23.50602 -0.978514 -3.515479 28.61463 1.025452 -3.515479 28.61463 1.025451 -3.888223 34.27383 1.025451 -3.574323 33.57297 1.025452 -3.558893 32.05535 1.025452 -4.248158 31.64379 1.025451 -4.445753 31.16342 1.025452 -4.246252 30.69036 1.025452 -3.375607 30.35306 1.025452 -3.277739 28.64879 1.025452 -1.736691 23.59855 1.025452 -0.672393 21.96777 1.025452 -0.733902 21.49302 1.025452 -0.634174 21.16439 1.025452 -0.357156 20.92918 1.025452 0.06215095 20.86845 -0.978515 -0.672393 21.96777 -0.978515 -1.736691 23.59855 -0.978515 -0.733902 21.49302 -0.978515 -0.634174 21.16439 -0.978515 -0.357156 20.92918 -0.978515 0.06215095 20.86844 -0.978515 -3.888223 34.27383 -0.978515 -3.574323 33.57297 -0.978515 -3.558893 32.05535 -0.978515 -4.248158 31.64379 -0.978515 -4.445753 31.16342 -0.978515 -4.246252 30.69036 -0.978515 -3.375607 30.35306 -0.978515 -3.277739 28.64879 -0.978515 -4.098684 30.88045 -0.978515 -3.791253 30.70772 -0.978514 -3.596987 30.7286 -0.978514 -3.458586 30.97159 -0.978514 -3.381374 31.50521 -0.978514 -3.189264 34.08058 -0.978515 -1.718195 38.70062 -0.978515 -4.042061 31.45887 -0.978515 -4.233191 31.1573 -0.978515 -0.660517 41.00246</float_array>
          <technique_common>
            <accessor source="#fob_h_sniperrifle_diamond-mesh-positions-array" count="1010" stride="3">
              <param name="X" type="float"/>
              <param name="Y" type="float"/>
              <param name="Z" type="float"/>
            </accessor>
          </technique_common>
        </source>
        <source id="fob_h_sniperrifle_diamond-mesh-normals">
          <float_array id="fob_h_sniperrifle_diamond-mesh-normals-array" count="7299">-0.9192944 -0.04688626 0.3907679 -0.9192947 -0.04688751 0.3907669 -0.9192945 -0.04688692 0.3907674 -0.8492549 0.03414356 -0.5268781 -0.8492128 0.03418928 -0.5269429 -0.8492451 0.03416872 -0.5268922 -0.8492289 0.03416109 -0.5269187 -0.8492319 0.03417736 -0.5269129 -0.8492278 0.03419363 -0.5269185 -0.8293611 0.08118152 -0.5527838 -0.8294191 0.08123701 -0.5526884 -0.8294069 0.08122515 -0.5527086 -0.8294259 0.08124351 -0.5526773 -0.0107997 0.9867686 0.1617752 -0.01080042 0.9867696 0.1617689 -0.0107994 0.9867681 0.1617782 -0.0108006 0.9867699 0.1617672 0.2638881 0.921858 0.2837977 0.263889 0.9218584 0.2837952 0.2638877 0.9218577 0.2837985 0.2638895 0.9218586 0.2837941 0.3089368 0.825704 0.4719861 0.3093792 0.8255249 0.4720097 0.3091732 0.8256085 0.4719987 0.309025 0.8256682 0.4719911 0.9611452 0.03191858 -0.2741919 0.9611341 0.03190124 -0.2742329 0.9611405 0.03190791 -0.2742093 0.9611418 0.03191518 -0.2742043 0.3357529 0.7674368 0.5461784 0.3357824 0.7674282 0.5461725 0.3357636 0.7674335 0.5461763 0.3357688 0.7674304 0.5461776 0.6040943 -0.2020598 0.7708709 0.6040892 -0.2020631 0.7708741 0.6040974 -0.2020571 0.7708692 0.6041045 -0.2020506 0.7708653 0.63905 -0.3094974 0.7041496 0.6390438 -0.3095037 0.7041524 0.6390573 -0.3094945 0.7041441 0.6390597 -0.3094968 0.704141 0.8503667 0.09389269 -0.5177459 0.8503755 0.09390211 -0.5177296 0.8503553 0.09388124 -0.5177665 0.850373 0.09389865 -0.5177345 0.01810204 0.2617991 -0.9649527 0.01810264 0.261799 -0.9649526 0.01810508 0.2617989 -0.9649527 0.01809942 0.2617992 -0.9649527 -0.01600736 -0.8760669 -0.4819238 -0.01602011 -0.8760479 -0.481958 -0.01602387 -0.8760423 -0.4819681 -0.01600384 -0.8760721 -0.4819145 -0.004595279 -0.9986102 -0.0525031 -0.004587709 -0.9986119 -0.0524708 -0.004601001 -0.998609 -0.05252718 -0.004601657 -0.9986088 -0.05252867 -0.01042556 -0.9580656 -0.2863593 -0.01028567 -0.9582905 -0.285611 -0.01031076 -0.9582506 -0.285744 -0.01040768 -0.9580945 -0.2862633 -0.009161949 -0.9912154 -0.1319404 -0.009178102 -0.9912106 -0.1319755 -0.009153902 -0.9912167 -0.1319308 -0.009177267 -0.9912101 -0.1319794 -0.009174883 -0.9912115 -0.1319687 -0.00917387 -0.9912126 -0.1319604 -0.03270071 -0.4124712 -0.9103837 -0.03263074 -0.4121685 -0.9105232 -0.03268325 -0.412396 -0.9104183 -0.03264188 -0.4122171 -0.9105007 -0.03993153 -0.3063159 -0.9510921 -0.03985464 -0.3061811 -0.9511387 -0.03991794 -0.3062922 -0.9511002 -0.03990286 -0.3062662 -0.9511093 0.009479343 -0.9664914 0.2565242 0.009347856 -0.966553 0.2562968 0.00937736 -0.9665392 0.2563476 0.009398937 -0.966529 0.2563853 0.3455797 -0.1199152 -0.9306961 0.3455429 -0.1199098 -0.9307104 0.3455455 -0.1199154 -0.9307087 0.3455716 -0.119918 -0.9306986 -0.4023566 -0.11786 -0.9078646 -0.4023181 -0.1178483 -0.9078832 -0.4023483 -0.1178526 -0.9078693 -0.4023196 -0.1178499 -0.9078824 -0.596062 -0.106846 -0.7957978 -0.5960158 -0.1068555 -0.7958311 -0.59605 -0.106851 -0.7958061 -0.5960515 -0.1068477 -0.7958053 0.5401093 -0.1338623 -0.8308807 0.5401019 -0.1338619 -0.8308857 0.5401172 -0.1338626 -0.8308756 0.5401278 -0.1338544 -0.83087 -0.02699148 -0.8294603 -0.5579133 -0.02704066 -0.829547 -0.5577818 -0.02698373 -0.8294464 -0.5579342 -0.02701747 -0.8295062 -0.5578438 -0.9057007 0.4220776 0.03945612 -0.9057005 0.4220783 0.03945589 -0.9057007 0.4220779 0.03945606 -0.9057002 0.4220786 0.03946125 -0.9056997 0.4220793 0.03946095 -0.9056994 0.42208 0.03946077 -0.965035 0.1209638 0.2325407 -0.9649931 0.1211671 0.2326089 -0.9650309 0.1209788 0.23255 -0.9650266 0.1210034 0.2325553 -0.297166 -0.1160776 0.9477438 -0.2971845 -0.1160595 0.9477403 -0.297178 -0.1160637 0.9477418 -0.2971546 -0.1160883 0.9477461 -0.796144 -0.2117679 0.5668416 -0.7962346 -0.2116669 0.566752 -0.7961409 -0.2117676 0.5668458 -0.7961491 -0.2117566 0.5668384 0.9239995 -0.1676429 0.3436872 0.9239618 -0.1676143 0.3438023 0.9239996 -0.1676416 0.3436877 0.9239955 -0.1676403 0.343699 0.6618391 0.02679324 0.749167 0.661843 0.0267657 0.7491646 0.661851 0.02677857 0.749157 0.6618384 0.02679181 0.7491676 -0.6190479 -0.003779053 0.7853443 -0.6191079 -0.003843963 0.7852966 -0.6190519 -0.003783464 0.785341 -0.6190421 -0.003772914 0.7853487 -0.8987165 -0.1625202 0.4073033 -0.8987258 -0.1625261 0.4072802 -0.8987112 -0.1625143 0.4073174 -0.8987136 -0.1625171 0.4073108 -0.4769096 0.784817 -0.3957516 -0.4768186 0.784873 -0.3957505 -0.4768422 0.7848585 -0.395751 -0.4768877 0.7848303 -0.3957518 -0.5909185 0.7380235 -0.3257864 -0.5908401 0.7380785 -0.3258039 -0.5908684 0.7380585 -0.3257979 -0.5908836 0.7380483 -0.3257934 -0.9159763 0.008831143 0.4011353 -0.9160006 0.008797645 0.4010803 -0.9159834 0.008838415 0.4011191 -0.9159827 0.008828401 0.4011209 -0.4037976 0.6416341 -0.6521145 -0.4037863 0.6416391 -0.6521166 -0.4037984 0.6416376 -0.6521106 -0.4037791 0.6416488 -0.6521114 -0.898258 0.3270719 0.2935244 -0.8982563 0.3270609 0.293542 -0.8982582 0.3270843 0.2935103 -0.8982573 0.3270719 0.293527 -0.9327318 0.3312659 0.142388 -0.9327414 0.3312624 0.1423332 -0.9327421 0.3312617 0.1423301 -0.9327393 0.3312627 0.1423466 -0.6471033 0.6426264 -0.41023 -0.6470887 0.6426382 -0.4102348 -0.6471042 0.642626 -0.4102293 -0.6470957 0.6426327 -0.4102324 -0.3960887 -0.1609187 0.9040017 -0.3961216 -0.1609396 0.9039835 -0.3960851 -0.160933 0.9040006 -0.3961213 -0.1609376 0.903984 -0.9466222 0.02872645 0.3210627 -0.9466332 0.0287407 0.3210291 -0.9466282 0.02873027 0.3210448 -0.9466243 0.02872675 0.3210563 -0.9273004 0.3633998 0.08974826 -0.9273892 0.3631566 0.08981555 -0.9272862 0.3634385 0.08973729 -0.9272816 0.3634512 0.08973473 0.02442097 -0.9734297 -0.2276802 0.0244261 -0.9734299 -0.2276786 0.02441793 -0.9734299 -0.2276799 0.02442222 -0.9734298 -0.2276796 -0.7739745 -0.4138491 0.4792625 -0.7738327 -0.413989 0.4793707 -0.7739031 -0.4139208 0.4793157 -0.773929 -0.4138945 0.4792966 -0.8685253 -0.3728286 0.3265928 -0.8684398 -0.3729713 0.3266569 -0.8684733 -0.3729158 0.3266314 -0.8684677 -0.3729256 0.3266352 -0.7958514 -0.3330816 0.5056455 -0.7960032 -0.332876 0.5055418 -0.7958623 -0.3330701 0.5056359 -0.7958399 -0.3330976 0.505653 -0.1158261 7.8267e-4 0.9932692 -0.1161497 4.78424e-4 0.9932316 -0.1160111 6.11361e-4 0.9932478 -0.115603 9.9434e-4 0.993295 -0.8579922 -0.06246387 0.5098506 -0.8579862 -0.0624932 0.5098571 -0.8579915 -0.06246763 0.5098515 -0.8579936 -0.0624597 0.5098488 -0.9250801 -0.1260089 0.3582577 -0.9250884 -0.1259748 0.3582485 -0.9250802 -0.1260092 0.3582577 -0.9250883 -0.1259765 0.358248 -0.8662824 0.4995219 0.005718648 -0.8662882 0.4995118 0.005721867 -0.8662899 0.4995089 0.005724132 -0.8662868 0.4995143 0.005723774 -0.776641 0.3587154 0.5178341 -0.7766113 0.358578 0.5179737 -0.776775 0.3593181 0.5172149 -0.7765008 0.3580543 0.5185015 -0.88295 0.390939 0.2599349 -0.8829625 0.3908737 0.2599904 -0.8829572 0.3909 0.2599688 -0.8829541 0.3909214 0.2599475 -0.100558 0.3225368 0.9412004 -0.1005578 0.3225363 0.9412006 -0.1005581 0.3225372 0.9412003 -0.1005337 0.3225464 0.9411997 -0.1005331 0.3225448 0.9412003 -0.1005333 0.3225454 0.9412001 -0.4525628 0.3456835 0.8220035 -0.452544 0.3456742 0.8220179 -0.4525523 0.3456776 0.8220119 -0.4525508 0.3456739 0.8220142 -0.6325842 0.3325303 0.6994719 -0.632488 0.3324181 0.6996122 -0.6325305 0.3324682 0.69955 -0.6325798 0.3325253 0.6994783 -0.8191825 -0.07660394 0.5683941 -0.8194091 -0.07688015 0.5680301 -0.8194312 -0.07690697 0.5679947 -0.8194222 -0.07689619 0.5680091 0.9493727 0.01832711 0.313617 0.9493736 0.01832699 0.3136143 0.9493798 0.01831245 0.3135969 0.9493727 0.01832371 0.3136175 0.9167369 0.3062848 0.2564824 0.9167357 0.3062837 0.2564879 0.9167355 0.3062911 0.2564795 0.9167369 0.3062785 0.2564901 0.9416629 0.3259047 0.08400732 0.9416636 0.3259049 0.08399838 0.9416654 0.3259041 0.08398222 0.9416625 0.3259059 0.08400672 0.6186095 0.6421201 -0.4527739 0.6185749 0.6421468 -0.4527831 0.6185644 0.6421548 -0.4527862 0.6185742 0.6421475 -0.4527834 0.3580805 0.64161 -0.6783177 0.3580932 0.641605 -0.6783158 0.3580849 0.641604 -0.6783212 0.3580783 0.6416129 -0.6783162 -0.01652264 0.6281685 -0.777902 -0.01659542 0.6282066 -0.7778696 -0.01740133 0.6286296 -0.7775102 -0.01565629 0.6277166 -0.7782847 0.02796179 -0.3776098 0.9255425 0.02796268 -0.3776105 0.9255422 0.02796059 -0.3776153 0.9255403 0.02794277 -0.3776414 0.9255302 -0.009094059 -0.9912109 -0.131978 -0.009142756 -0.9912115 -0.1319708 -0.009096622 -0.9912109 -0.1319779 -0.009090721 -0.9912109 -0.1319788 0.0307815 0.03594678 0.9988796 0.03078144 0.03595131 0.9988794 0.03078228 0.03594505 0.9988797 0.03078079 0.03595268 0.9988794 0.018 -0.6141814 0.7889597 0.0179876 -0.614214 0.7889346 0.01799535 -0.6141825 0.7889589 0.01798796 -0.6142123 0.7889359 0.4482769 -0.1635102 0.8788129 0.4482863 -0.1635331 0.878804 0.4482936 -0.1635326 0.8788003 0.4482885 -0.1635423 0.8788011 0.8253565 -0.2084714 0.5247157 0.8253174 -0.2085147 0.5247597 0.82532 -0.2085095 0.524758 0.8253214 -0.2085065 0.5247567 0.9401885 0.04295492 0.3379359 0.940196 0.04297202 0.3379124 0.94019 0.04295766 0.3379313 0.9401873 0.04294592 0.33794 0.03881102 0.2666111 0.9630225 0.03884238 0.2666661 0.963006 0.03881365 0.2666168 0.9630208 0.03881114 0.2666118 0.9630223 0.884463 -0.08636659 0.458548 0.8844487 -0.08636265 0.4585762 0.8844596 -0.08636379 0.4585551 0.8844661 -0.08636224 0.4585425 0.9223687 -0.09939384 0.3733054 0.9223966 -0.09946054 0.3732186 0.9223707 -0.09940087 0.3732987 0.9223679 -0.09939229 0.3733077 0.9814017 0.09720361 0.1655368 0.9814158 0.09711515 0.1655046 0.981406 0.09717381 0.1655283 0.9814071 0.09717273 0.1655222 0.9331485 0.3581364 0.03118389 0.9330898 0.3582925 0.03114455 0.9331728 0.3580715 0.03120154 0.9331671 0.3580865 0.03119617 -0.03927874 -0.9736682 -0.2245604 -0.03920686 -0.9736665 -0.2245808 -0.03924286 -0.9736673 -0.2245709 -0.03924536 -0.9736673 -0.2245708 0.03147804 -0.9911965 -0.1286025 0.0315634 -0.9911829 -0.1286872 0.03148245 -0.9911959 -0.1286064 0.03153538 -0.9911874 -0.1286591 0.3606686 -0.1040048 0.9268771 0.3606638 -0.104009 0.9268786 0.3606482 -0.1040235 0.9268829 0.3606404 -0.1040306 0.9268853 0.8004156 -0.4169688 0.4306647 0.8003638 -0.4170221 0.4307093 0.800402 -0.4169831 0.4306761 0.800386 -0.4169986 0.4306909 0.8875278 -0.3890336 0.2468751 0.8875431 -0.389007 0.2468619 0.8875432 -0.3890073 0.2468616 0.8875442 -0.389005 0.2468615 0.8419579 -0.3619794 0.4000974 0.8419604 -0.3619751 0.4000958 0.8419526 -0.3619862 0.4001023 0.841958 -0.3619783 0.400098 0.1739233 0.01232284 0.9846821 0.1742267 0.0120421 0.984632 0.1737126 0.01252955 0.9847168 0.1739164 0.01233416 0.9846833 0.944959 -0.1320188 0.299372 0.9449526 -0.1320473 0.2993794 0.9449563 -0.1320304 0.2993757 0.9449561 -0.1320297 0.2993761 0.1588335 0.3229602 0.9329891 0.15888 0.3229451 0.9329865 0.1588867 0.3229421 0.9329863 0.1588305 0.3229616 0.9329892 0.5019697 0.3472642 0.7921073 0.5019699 0.347264 0.7921073 0.5019686 0.347266 0.7921073 0.5019585 0.3472543 0.7921187 0.5019602 0.3472518 0.7921188 0.5019568 0.3472571 0.7921187 0.6733011 0.3349534 0.6591448 0.6733007 0.334954 0.6591449 0.6733009 0.3349537 0.6591449 0.6733118 0.3349676 0.6591267 0.6733115 0.334968 0.6591268 0.6733117 0.3349678 0.6591268 0.8844467 -0.08633869 0.4585844 0.8844637 -0.08636647 0.4585463 0.8844638 -0.08636665 0.4585462 0.8844595 -0.08635675 0.4585565 -0.4829289 0.6992958 0.5270343 -0.482935 0.6992874 0.5270398 0.5163415 0.6979261 0.4962769 0.5163228 0.6979288 0.4962925 0.9998248 -0.0143125 -0.0120725 0.9998247 -0.01431143 -0.0120725 0.9998247 -0.01430857 -0.0120725 0.9998247 -0.0143153 -0.0120725 0.4840539 -0.7251842 -0.4896937 0.484052 -0.7251871 -0.4896912 0.4840467 -0.7251951 -0.4896845 0.484059 -0.7251763 -0.4897001 -0.5152297 -0.7238118 -0.4589498 -0.5152111 -0.723827 -0.4589467 -0.9987114 -0.0115723 0.04941296 -0.9987114 -0.01157999 0.04941332 -0.007939219 0.9878795 -0.1550201 -0.007106423 0.9881047 -0.1536189 -0.007819712 0.987912 -0.1548184 -0.007301092 0.9880524 -0.1539461 -0.001576781 0.9954439 -0.09533679 -0.001572787 0.9954437 -0.09533858 -0.001578688 0.9954338 -0.09544199 -0.001577079 0.9954337 -0.0954433 -0.001582205 0.995434 -0.09543925 -0.001573324 0.9954333 -0.09544628 0.03079104 0.03534525 0.9989008 0.03079307 0.03534448 0.9989007 0.0307824 0.03530091 0.9989026 0.03080379 0.03529334 0.9989022 0.03078287 0.03592175 0.9988804 0.0307846 0.03592014 0.9988805 0.02795827 -0.3776162 0.92554 0.02795958 -0.3776162 0.92554 0.02796059 -0.3776164 0.92554 0.02796 -0.3776161 0.92554 0.02795875 -0.3776172 0.9255397 0.02795851 -0.3776168 0.9255398 0.02926903 0.3514739 0.9357401 0.02926939 0.3514739 0.9357401 0.02926921 0.3514739 0.9357401 0.02926957 0.3514739 0.9357401 0.02926915 0.3514739 0.9357401 0.02926933 0.3514739 0.9357401 0.02926784 0.3515104 0.9357265 0.02926748 0.3515096 0.9357267 0.02926814 0.3515111 0.9357261 0.02926719 0.3515089 0.935727 0.02878791 0.3949273 0.9182612 0.02878719 0.3949275 0.9182612 0.02878606 0.3949273 0.9182614 0.028786 0.3949275 0.9182612 0.02878385 0.3949312 0.9182597 0.028786 0.394931 0.9182597 0.009296894 0.9656906 0.2595289 0.009295701 0.965687 0.2595427 0.009293794 0.9656857 0.2595471 0.009290635 0.9656786 0.2595739 0.9249843 -0.3791263 -0.02583515 0.9249897 -0.3791126 -0.02583968 0.9249968 -0.3790953 -0.02584475 0.9249895 -0.3791134 -0.02584105 0.9730119 -0.07584846 -0.2179335 0.9730259 -0.07575899 -0.217902 0.9730145 -0.07581955 -0.2179318 0.9730175 -0.07581859 -0.217919 0.8668981 -0.03178423 -0.4974712 0.866894 -0.03176951 -0.4974794 0.8668853 -0.03174394 -0.497496 0.8668907 -0.03176033 -0.4974857 0.2508461 0.07669836 -0.9649838 0.2508895 0.07665133 -0.9649762 0.250866 0.07667809 -0.9649802 0.2508731 0.07666355 -0.9649795 0.7609906 0.2034879 -0.6160243 0.7610754 0.2033824 -0.6159545 0.7611038 0.2033467 -0.6159312 0.7610823 0.2033708 -0.6159498 -0.8389801 0.2047561 -0.50417 -0.8389968 0.2047713 -0.5041362 -0.8389793 0.2047536 -0.5041724 -0.8389787 0.2047551 -0.5041727 -0.6588052 0.004059612 -0.7523027 -0.6588169 0.004077434 -0.7522923 -0.658814 0.004084885 -0.7522948 -0.6588178 0.004083871 -0.7522915 0.6204758 0.01300865 -0.7841177 0.6205784 0.01283651 -0.7840394 0.6205925 0.01281166 -0.7840287 0.620588 0.01282036 -0.7840321 0.8079776 0.188141 -0.5583685 0.8079926 0.1881113 -0.5583568 0.8079735 0.1881423 -0.558374 0.8079786 0.1881477 -0.5583646 0.4696123 -0.7478525 0.4692346 0.4696127 -0.7478528 0.4692336 0.4696127 -0.7478529 0.4692334 0.4696913 -0.7477915 0.4692525 0.4696916 -0.7477917 0.4692521 0.4696918 -0.7477919 0.4692515 0.6181305 -0.6988853 0.3598254 0.6181309 -0.6988857 0.3598237 0.61813 -0.6988848 0.3598268 0.6181598 -0.6988588 0.3598263 0.6181598 -0.6988588 0.3598262 0.6181596 -0.6988585 0.3598272 0.9907281 -0.009026706 -0.1355595 0.990678 -0.009238719 -0.1359112 0.9906433 -0.009385347 -0.1361532 0.9906767 -0.00924474 -0.1359209 0.4041682 -0.620571 0.671967 0.4041555 -0.6205767 0.6719695 0.4041746 -0.6205675 0.6719664 0.4041666 -0.6205714 0.6719676 0.9741888 0.0268085 -0.2241371 0.9742006 0.0267716 -0.2240902 0.9741994 0.02677577 -0.2240952 0.9741982 0.02677893 -0.2241001 0.9556383 -0.279292 -0.09355008 0.955619 -0.2792887 -0.09375542 0.9556397 -0.2792947 -0.09352701 0.9556433 -0.2792915 -0.0934993 0.6610436 -0.6109372 0.4356343 0.6610689 -0.6109164 0.4356249 0.6610499 -0.6109323 0.4356317 0.6610884 -0.6109003 0.4356181 0.8897113 -5.40489e-4 -0.4565234 0.8897051 -5.5503e-4 -0.4565353 0.8897204 -5.19423e-4 -0.4565054 0.8897073 -5.50737e-4 -0.4565312 0.3618609 0.1433954 -0.9211376 0.3618859 0.143401 -0.921127 0.3618818 0.1433964 -0.9211292 0.3618809 0.1433604 -0.9211353 0.8419849 0.09259456 -0.5314956 0.8419867 0.0925945 -0.531493 0.8419933 0.09258824 -0.5314837 0.8419893 0.09260034 -0.5314876 0.7830379 0.03963941 -0.6207097 0.7830536 0.03959149 -0.6206928 0.7830426 0.03962379 -0.6207047 0.7830432 0.03962242 -0.6207041 0.9099292 -0.005193412 -0.414731 0.9099149 -0.005089521 -0.4147639 0.909925 -0.005153357 -0.4147409 0.909928 -0.005187153 -0.4147338 0.8793244 -0.4734708 0.0511282 0.8793225 -0.4734757 0.05111527 0.8793239 -0.4734721 0.05112463 0.8793185 -0.4734828 0.05111819 0.8793199 -0.4734793 0.05112731 0.8793207 -0.4734771 0.05113273 0.8056749 -0.3086854 -0.5055705 0.805675 -0.3086853 -0.5055703 0.805675 -0.3086852 -0.5055703 0.8056777 -0.3087294 -0.505539 0.8056778 -0.3087293 -0.5055388 0.8056781 -0.3087291 -0.5055385 0.9142684 -0.3212516 -0.2468011 0.9142683 -0.3212517 -0.2468012 0.9142678 -0.3212522 -0.2468023 0.9142649 -0.3212614 -0.2468014 0.9142659 -0.3212601 -0.246799 0.9142656 -0.3212605 -0.2467997 0.1137554 -0.2897279 -0.950325 0.1139115 -0.2896511 -0.9503296 0.1138839 -0.289665 -0.9503287 0.1138334 -0.2896896 -0.9503272 0.4554546 -0.3130186 -0.8334149 0.4554533 -0.3130204 -0.833415 0.4554553 -0.3130181 -0.8334149 0.4554575 -0.3130189 -0.8334133 0.455456 -0.3130208 -0.8334133 0.4554565 -0.3130205 -0.8334131 0.6525939 -0.2907223 -0.6997156 0.6525929 -0.2907234 -0.699716 0.6525931 -0.2907232 -0.699716 0.6525847 -0.2907083 -0.6997299 0.6525851 -0.290708 -0.6997297 0.6525847 -0.2907083 -0.6997298 0.8080043 0.1881844 -0.558315 0.8079854 0.1881585 -0.5583512 0.8079639 0.1881282 -0.5583925 0.8079687 0.1881349 -0.5583834 -0.998753 -0.01596826 -0.04730486 -0.9987267 -0.01624226 -0.04776251 -0.9987305 -0.01620262 -0.04769724 -0.9987115 -0.0163989 -0.04802513 -0.9821468 0.04428994 -0.1828281 -0.9821285 0.04435527 -0.1829106 -0.9821369 0.04432439 -0.182873 -0.9821313 0.04434335 -0.1828985 -0.9603479 -0.2766831 -0.03432714 -0.9603408 -0.276679 -0.0345605 -0.9603403 -0.2766777 -0.0345841 -0.9603407 -0.2766786 -0.0345627 -0.6308561 -0.6112865 0.4778592 -0.6309342 -0.6112239 0.4778361 -0.630892 -0.6112576 0.477849 -0.6309007 -0.6112504 0.4778467 -0.3581831 -0.6207615 0.6973952 -0.3581928 -0.6207581 0.6973932 -0.3582091 -0.620749 0.6973931 -0.3582003 -0.620752 0.6973948 0.01799482 -0.6141952 0.7889491 0.01799458 -0.6141946 0.7889496 0.0179944 -0.6141939 0.78895 0.01799505 -0.614196 0.7889485 -0.02610903 0.4913187 -0.8705885 -0.02610582 0.4913186 -0.8705886 -0.02611541 0.491319 -0.8705881 -0.02609723 0.4913182 -0.8705891 -0.8967925 -0.03232514 -0.441269 -0.8967973 -0.03233903 -0.4412582 -0.8967887 -0.03231501 -0.4412774 -0.8967938 -0.03232765 -0.4412661 -0.02905678 -0.3711259 -0.9281279 -0.02905595 -0.3711264 -0.9281277 -0.02905893 -0.3711246 -0.9281283 -0.02905386 -0.3711277 -0.9281272 -0.9161021 0.00195825 -0.4009402 -0.9160832 0.001908063 -0.4009836 -0.9160848 0.001910507 -0.4009803 -0.9160972 0.001945972 -0.4009516 0.004723072 0.9939805 0.109456 0.004722356 0.9939804 0.1094567 0.004725039 0.9939807 0.109454 0.004718065 0.99398 0.109461 -0.0305404 0.08229982 -0.9961396 -0.03053265 0.08230125 -0.9961398 -0.03052806 0.08230215 -0.9961398 -0.03054493 0.08229899 -0.9961395 -0.02890664 0.3015002 -0.9530279 -0.02890926 0.3014997 -0.9530279 -0.02890938 0.3014997 -0.953028 -0.02890616 0.3015003 -0.9530279 -0.4174094 0.1444609 -0.8971625 -0.417429 0.1444664 -0.8971526 -0.4174013 0.1444795 -0.8971633 -0.417421 0.1444606 -0.8971571 -0.792387 0.1979941 -0.5769932 -0.7922382 0.1981742 -0.5771358 -0.7924017 0.1979763 -0.5769791 -0.7923966 0.1979833 -0.5769839 -0.8481264 0.09679025 -0.5208773 -0.8481263 0.09679102 -0.5208776 -0.8481241 0.09677797 -0.5208836 -0.8481251 0.0967977 -0.5208784 -0.03740429 -0.0302326 -0.9988429 -0.03731948 -0.03008234 -0.9988506 -0.03737586 -0.03018152 -0.9988455 -0.03734171 -0.0301209 -0.9988485 -0.9867946 -0.05675047 -0.1517102 -0.9868147 -0.05656909 -0.1516462 -0.9867977 -0.05672246 -0.1517003 -0.9867972 -0.05673784 -0.1516978 -0.9374016 -0.3475864 0.02149349 -0.9374092 -0.3475665 0.02148294 -0.9374026 -0.3475835 0.02149951 -0.9374044 -0.3475797 0.02148228 -0.2551202 0.8343829 0.4885888 -0.2551215 0.8343851 0.4885841 -0.2551211 0.8343844 0.4885858 -0.2550945 0.8343939 0.4885835 -0.2550938 0.8343927 0.4885858 -0.2550943 0.8343936 0.4885839 -0.1815391 0.8467073 0.5001304 -0.1815392 0.8467074 0.5001304 -0.1815391 0.8467072 0.5001304 -0.1810353 0.8470417 0.4997467 -0.1810352 0.8470416 0.4997467 -0.1810352 0.8470416 0.4997469 0.01904553 0.8371104 0.5467025 0.01904714 0.8371086 0.546705 0.01904445 0.8371114 0.5467008 0.01904791 0.837108 0.5467062 -0.3127822 0.05665022 -0.948134 -0.3133592 0.05606651 -0.9479781 -0.3128051 0.05662894 -0.9481278 -0.3127945 0.05664187 -0.9481304 -0.7878863 0.4033413 -0.4653505 -0.7879928 0.4032251 -0.4652711 -0.7879775 0.4032422 -0.4652817 -0.787958 0.4032624 -0.4652974 -0.8925629 0.4144124 -0.1777464 -0.8924754 0.4145701 -0.1778183 -0.8925755 0.41439 -0.177736 -0.8926262 0.4142987 -0.1776942 -0.9462514 0.321905 0.03139567 -0.9463238 0.3216799 0.03151804 -0.9462617 0.3218727 0.03141641 -0.946258 0.3218839 0.03141176 -0.2103888 -0.02488404 -0.9773011 -0.2102374 -0.02499622 -0.9773308 -0.2104954 -0.02480298 -0.9772802 -0.2104986 -0.02480226 -0.9772795 -0.9337068 -0.002632915 -0.3580291 -0.9337105 -0.002662777 -0.3580191 -0.9337056 -0.002627551 -0.3580322 -0.9337068 -0.002637147 -0.3580289 -0.836079 -0.3066253 -0.4549207 -0.8360826 -0.3067846 -0.4548068 -0.8360744 -0.3064272 -0.4550629 -0.8360756 -0.3064743 -0.4550289 -0.9285066 -0.3190874 -0.1898916 -0.9286113 -0.3186217 -0.1901613 -0.9285897 -0.3187184 -0.1901044 -0.9285885 -0.3187243 -0.1901011 -0.9374092 -0.3475652 0.02150779 -0.9374095 -0.3475643 0.02150732 -0.9374094 -0.3475645 0.02150744 -0.9374058 -0.3475755 0.02148437 -0.9374057 -0.3475758 0.02148455 -0.9374056 -0.3475762 0.02148479 -0.8756459 -0.4713267 0.1053356 -0.8756353 -0.4713447 0.1053424 -0.8756456 -0.4713273 0.1053351 -0.8756445 -0.4713273 0.1053444 -0.5907081 -0.6995952 0.402033 -0.5906484 -0.6996477 0.4020292 -0.590601 -0.6996881 0.4020287 -0.5906151 -0.6996768 0.4020277 -0.4375827 -0.7480955 0.4988732 -0.4376732 -0.7480241 0.4989011 -0.4378836 -0.7478571 0.4989666 -0.4379209 -0.7478275 0.4989781 0.0119422 -0.8001419 0.5996919 0.01194107 -0.8001419 0.5996921 -0.1728667 -0.2892761 -0.9415076 -0.1728669 -0.2892767 -0.9415074 -0.1728667 -0.2892762 -0.9415075 -0.1728376 -0.2892909 -0.9415084 -0.1728375 -0.2892907 -0.9415085 -0.1728374 -0.2892907 -0.9415084 -0.5066734 -0.3116977 -0.80382 -0.5066635 -0.3116883 -0.80383 -0.5066744 -0.3116989 -0.803819 -0.5066748 -0.3116972 -0.8038194 -0.6951208 -0.2887852 -0.658339 -0.6952447 -0.2890324 -0.6580996 -0.695165 -0.2888735 -0.6582536 -0.695155 -0.2888536 -0.6582728 -0.8649076 0.2052838 -0.458032 -0.8648491 0.2051784 -0.45819 -0.8648383 0.2051625 -0.4582175 -0.8648408 0.2051671 -0.4582107 0.5162883 0.6979563 0.4962897 0.5163122 0.6979321 0.4962988 0.5163778 0.6978659 0.4963237 0.5162242 0.6980211 0.4962654 -0.4828992 0.6993512 0.526988 -0.483004 0.6992381 0.527042 -0.9987114 -0.01157939 0.04941046 -0.9987114 -0.01157945 0.04941052 -0.9987114 -0.01157969 0.04941082 -0.9987115 -0.01157921 0.04941016 -0.5152599 -0.723765 -0.4589897 -0.5151005 -0.7239197 -0.4589245 0.4841557 -0.7251793 -0.4896002 0.4840068 -0.7251746 -0.4897543 0.9998248 -0.01430523 -0.01207268 0.9998248 -0.01430749 -0.01207256 0.9998247 -0.01431363 -0.01207214 0.999825 -0.01429927 -0.01207309 0.1402889 -0.9897013 0.0284689 0.1403018 -0.9896996 0.02846211 0.1403191 -0.9896976 0.02844613 0.1403276 -0.9896962 0.02845811 -0.1265256 -0.991698 0.0229457 -0.1264972 -0.9917012 0.02296149 -0.1265237 -0.9916983 0.02294224 -0.1265105 -0.9916995 0.02295941 -0.9788315 0.007103621 0.2045446 -0.9789174 0.006857752 0.2041417 -0.9789087 0.006879389 0.204183 -0.9789169 0.006859242 0.2041441 0.968482 0.02264773 0.248052 0.9684 0.02283406 0.2483547 0.9683997 0.02282983 0.2483566 0.968403 0.02283394 0.2483434 0.794672 -0.2895617 0.5335265 0.7946802 -0.289561 0.5335146 0.7946792 -0.2895566 0.5335186 0.7946657 -0.2895719 0.5335303 0.8503763 0.09389686 -0.5177294 0.8503584 0.09388941 -0.5177602 0.8503675 0.09389317 -0.5177444 0.8503608 0.09391939 -0.5177507 0.01810294 0.2617561 -0.9649643 0.01810139 0.2618026 -0.9649516 0.01810157 0.2617999 -0.9649525 0.01810169 0.2618049 -0.9649511 0.09709477 -0.9939357 -0.05161887 0.09709745 -0.9939363 -0.0516029 0.09711259 -0.9939334 -0.05163031 0.0971167 -0.9939333 -0.05162531 -0.07993119 -0.9952642 -0.0553193 -0.07989293 -0.9952693 -0.05528306 -0.08032572 -0.9952602 -0.05481648 -0.07991015 -0.9952662 -0.05531513 -0.9549553 -0.09091407 0.2824798 -0.9549634 -0.09093797 0.2824454 -0.9549679 -0.0909534 0.2824251 -0.9549674 -0.09095352 0.2824266 0.9436854 -0.07671177 0.321828 0.9436634 -0.0766583 0.3219054 0.9436579 -0.07664811 0.3219236 0.9436473 -0.076622 0.3219614 0.8288763 -0.113403 0.5478173 0.828878 -0.1133985 0.5478157 0.8288746 -0.1134054 0.5478196 0.8288612 -0.1134395 0.5478326 0.1967399 -0.968796 -0.1507568 0.1968145 -0.9687864 -0.1507222 0.1967597 -0.9687933 -0.1507489 0.1967968 -0.9687887 -0.1507304 -0.2138082 -0.9656471 -0.1476888 -0.2138888 -0.9656353 -0.1476482 -0.2138536 -0.9656403 -0.1476669 -0.2138202 -0.9656453 -0.1476833 0.2374905 -0.204618 -0.9495946 0.2374932 -0.2046164 -0.9495942 0.2374744 -0.2046284 -0.9495964 0.2374942 -0.2046159 -0.9495941 -0.2939186 -0.2103835 -0.9323898 -0.2937781 -0.2104764 -0.9324131 -0.2938621 -0.2104212 -0.9323992 -0.2938253 -0.2104442 -0.9324055 -0.2645508 0.4377079 -0.8593165 -0.2646002 0.43767 -0.8593206 -0.2646104 0.4376598 -0.8593226 -0.264582 0.4376794 -0.8593213 0.2166034 0.4064463 -0.8876285 0.2163218 0.4066799 -0.8875902 0.2164237 0.4066014 -0.8876013 0.2164278 0.4065952 -0.8876033 0.02928406 0.35154 0.9357148 0.02926892 0.3515098 0.9357266 0.02944225 0.3515153 0.9357191 0.02929061 0.351543 0.9357135 0.8047322 0.3620221 0.4704744 0.8047322 0.3620222 0.4704744 0.8047322 0.3620222 0.4704744 0.8047087 0.3618677 0.4706334 0.8047087 0.3618678 0.4706334 0.8047087 0.3618678 0.4706334 0.8947523 0.3954069 0.2075374 0.8947524 0.3954069 0.2075374 0.894752 0.3954073 0.207538 0.8947549 0.3953983 0.2075427 0.8947531 0.3954007 0.207546 0.8947533 0.3954003 0.2075456 0.904639 0.4258913 -0.0156508 0.9046234 0.4259301 -0.01550126 0.9046375 0.425895 -0.01563578 0.9046412 0.4258858 -0.0156725 0.8643606 0.5009859 -0.04351997 0.8643611 0.500985 -0.043522 0.8643617 0.5009835 -0.04352498 0.8643574 0.5009908 -0.04352521 0.8643583 0.5009893 -0.04352825 0.8643563 0.5009934 -0.04351997 0.5640682 0.7414891 -0.363347 0.564069 0.7414916 -0.3633406 0.5640687 0.7414905 -0.3633435 0.5640335 0.7415145 -0.3633491 0.5640333 0.7415142 -0.3633502 0.5640332 0.7415137 -0.363351 0.4474673 0.7872902 -0.424202 0.4474669 0.7872896 -0.4242032 0.4474668 0.7872895 -0.4242038 0.4474499 0.7873004 -0.4242015 0.4474499 0.7873002 -0.4242018 0.4474502 0.7873005 -0.4242009 -0.008625209 0.8508185 -0.5253888 -0.008625209 0.8508186 -0.5253889 -0.008625209 0.8508185 -0.5253889 -0.008167564 0.8505979 -0.5257533 -0.008167564 0.850598 -0.5257534 -0.008167564 0.850598 -0.5257534 0.9249817 -0.3791257 -0.02593696 0.9249837 -0.379122 -0.02592045 0.924994 -0.3791024 -0.0258367 0.9249965 -0.3790978 -0.0258131 0.2864215 0.8337059 0.4721201 0.2864183 0.8337063 0.472121 0.2864168 0.8337076 0.4721199 0.2864215 0.8337038 0.4721237 0.2142006 0.8467957 0.4868831 0.21424 0.8467707 0.4869093 0.2142647 0.8467552 0.4869254 0.2142983 0.8467341 0.4869473 0.759003 0.4011089 -0.5128609 0.7588918 0.4012259 -0.5129336 0.7589586 0.4011558 -0.5128898 0.7589649 0.4011484 -0.5128862 0.8791203 0.4027912 -0.2547681 0.8793098 0.4024635 -0.2546321 0.8794232 0.4022663 -0.2545522 0.8794322 0.4022518 -0.2545436 0.9496379 0.305744 -0.06861954 0.949688 0.3056045 -0.06854552 0.9496698 0.3056553 -0.06857281 0.9496716 0.3056502 -0.06857037 0.1500362 -0.02523458 -0.9883584 0.1501505 -0.02515125 -0.9883432 0.1499223 -0.02531832 -0.9883736 0.1499527 -0.02529865 -0.9883695 -0.8204648 0.03898614 -0.5703663 -0.8204762 0.03894937 -0.5703524 -0.8204777 0.03894466 -0.5703507 -0.8204752 0.03895109 -0.5703538 -0.8869565 -0.07951337 0.454957 -0.8869566 -0.0795226 0.4549552 -0.8869568 -0.07950222 0.4549585 -0.8869553 -0.07950866 0.4549602 -0.8800013 -0.02804869 0.4741426 -0.8799979 -0.02804499 0.4741492 -0.8800026 -0.02804487 0.4741405 -0.8800028 -0.02804929 0.4741398 0.859844 -0.01493799 0.5103382 0.8598346 -0.01493501 0.5103542 0.8598253 -0.01492768 0.5103701 0.8598417 -0.0149374 0.5103422 0.8598433 -0.01495063 0.5103392 0.8598242 -0.01492685 0.5103721 0.8598391 -0.01492691 0.5103471 -0.01869106 -0.2151801 0.9763955 -0.01869076 -0.2151767 0.9763963 -0.0186907 -0.2151876 0.9763939 -0.0186907 -0.2151705 0.9763977 0.3039042 -0.3895804 -0.8694075 0.30391 -0.3895929 -0.8694 0.3038878 -0.3895764 -0.869415 0.303888 -0.3895733 -0.8694164 0.003315389 0.2947589 -0.9555659 0.003303945 0.2947565 -0.9555668 0.003308176 0.2947537 -0.9555676 0.003327906 0.2947447 -0.9555702 -0.07991427 -0.995265 -0.05533015 -0.07990556 -0.9952669 -0.05530828 -0.07991021 -0.9952653 -0.05533164 -0.07991355 -0.9952659 -0.05531454 0.01062816 -0.9881973 -0.152818 0.01062899 -0.9881961 -0.1528255 0.0106278 -0.9881958 -0.1528276 0.01062852 -0.9881916 -0.1528548 -0.2692924 -0.3952516 -0.8782129 -0.2692909 -0.3952578 -0.8782106 -0.269327 -0.3952541 -0.8782011 -0.2692962 -0.3952429 -0.8782156 0.003291547 0.29475 -0.9555687 0.003290891 0.2947527 -0.955568 0.003294706 0.2947499 -0.9555688 0.003299832 0.2947545 -0.9555673 0.09711003 -0.993934 -0.05162358 0.09711104 -0.9939342 -0.05161792 0.09711593 -0.9939327 -0.05163574 0.09710258 -0.9939346 -0.05162596 -0.4316033 0.8878344 0.1595895 -0.4314994 0.887862 0.1597164 -0.4315075 0.8878598 0.1597072 -0.4315749 0.8878419 0.1596239 -0.3983227 0.7845553 0.475197 -0.3983169 0.7845549 0.4752023 -0.3983325 0.7845566 0.4751865 -0.3983123 0.7845544 0.4752072 -0.7567922 -0.1985336 0.622776 -0.7567815 -0.1985417 0.6227865 -0.7567754 -0.1985461 0.6227924 -0.7567828 -0.1985384 0.6227859 -0.7655224 -0.298336 0.5700625 -0.7655226 -0.2986342 0.5699061 -0.7655486 -0.298324 0.5700336 -0.7655398 -0.2983214 0.5700466 -0.9829851 0.0473383 -0.1774812 -0.9829824 0.04733622 -0.1774961 -0.9829844 0.04734158 -0.1774841 -0.9829865 0.04734349 -0.1774716 -0.829419 0.08123511 -0.5526889 -0.8294232 0.08123677 -0.5526822 -0.8294079 0.08122897 -0.5527064 -0.8294166 0.08125948 -0.5526888 -0.008485019 0.9989781 0.04439312 -0.008429408 0.9989634 0.04473447 -0.008495807 0.998981 0.04432713 -0.008422255 0.9989615 0.04477864 0.4198219 0.8912924 0.1713111 0.4198698 0.8912799 0.171259 0.4198274 0.8912907 0.1713067 0.4198358 0.8912888 0.1712961 0.4637975 0.7875821 0.4057171 0.4638047 0.7875815 0.4057103 0.4638029 0.7875814 0.4057121 0.4638041 0.7875815 0.4057111 0.9890843 0.06333911 -0.1330439 0.9890885 0.063344 -0.1330096 0.9890874 0.06333583 -0.1330216 0.9890874 0.06333637 -0.1330223 0.734218 -0.1858912 0.6529691 0.7342198 -0.185889 0.6529675 0.734201 -0.1859048 0.6529843 0.7342149 -0.185895 0.6529715 -0.8689876 -0.1198644 0.4800969 -0.8689996 -0.1198344 0.4800829 -0.8689913 -0.1198557 0.4800924 -0.8689911 -0.1198574 0.4800924 -0.9192869 -0.04690307 0.3907836 -0.9192761 -0.04693979 0.3908047 -0.9192882 -0.04689645 0.3907813 -0.9192863 -0.04690474 0.3907846 0.8837018 -0.02967095 0.4671092 0.883709 -0.02963066 0.4670982 0.883711 -0.02961963 0.467095 0.8837049 -0.02965772 0.4671043 -0.8800027 -0.02804851 0.4741397 -0.8799937 -0.02804154 0.4741569 -0.8799818 -0.02803105 0.4741799 -0.8799839 -0.02803403 0.4741756 -0.01869338 -0.2150931 0.9764147 -0.0186935 -0.2150928 0.9764147 -0.0186932 -0.2150934 0.9764146 -0.01869362 -0.2150926 0.9764148 0.382722 -0.3642961 -0.8490067 0.3827076 -0.3643051 -0.8490093 0.3827462 -0.3642913 -0.8489978 0.382739 -0.3642894 -0.8490019 0.2496935 0.2398267 -0.9381558 0.2497023 0.2398321 -0.9381521 0.2496868 0.2398322 -0.9381562 0.2497152 0.2398357 -0.9381477 0.4815332 -0.4233338 -0.7674075 0.4815517 -0.4233425 -0.7673912 0.4815349 -0.4233332 -0.7674068 0.4815549 -0.4233446 -0.7673879 -0.07989966 -0.9952679 -0.05529898 -0.07990241 -0.9952675 -0.0553025 -0.07991093 -0.9952663 -0.05531162 -0.07990455 -0.9952667 -0.0553134 0.01063072 -0.9881946 -0.152835 0.01062822 -0.9881936 -0.1528416 0.01062685 -0.988193 -0.1528451 0.01063328 -0.9881956 -0.1528282 -0.3415792 -0.3697378 -0.8640705 -0.3415518 -0.3697521 -0.8640751 -0.3415401 -0.3697646 -0.8640744 -0.3415652 -0.3697474 -0.8640719 -0.2140508 0.2363331 -0.9478023 -0.2140576 0.2363289 -0.9478017 -0.2140359 0.2363252 -0.9478075 -0.2140429 0.2363135 -0.9478089 -0.4427882 -0.4303059 -0.7866228 -0.4427714 -0.4302961 -0.7866378 -0.4427729 -0.4302971 -0.7866363 -0.4427919 -0.4303065 -0.7866204 0.09710711 -0.9939344 -0.05162179 0.09712743 -0.9939309 -0.05164951 0.09710603 -0.9939344 -0.05162215 0.09711766 -0.9939327 -0.05163323 -0.2893184 0.9176898 0.2722877 -0.2893189 0.9176908 0.2722835 -0.2893192 0.9176913 0.2722815 -0.2893182 0.9176893 0.2722891 -0.3094109 0.8081033 0.5012325 -0.3093925 0.8080961 0.5012554 -0.3093929 0.8080936 0.5012592 -0.3093974 0.8080949 0.5012545 -0.6325117 -0.2113811 0.7451489 -0.6325188 -0.2113754 0.7451446 -0.632524 -0.2113702 0.7451417 -0.6325237 -0.2113699 0.7451421 -0.6170589 -0.3069092 0.7246 -0.6170826 -0.3069 0.7245838 -0.6170517 -0.3069139 0.7246041 -0.6170657 -0.3069083 0.7245946 -0.9492695 0.01750862 -0.3139761 -0.9492828 0.01752603 -0.3139349 -0.9492769 0.01751476 -0.3139533 -0.9492789 0.01752263 -0.3139469 -0.3205153 0.7396249 0.5917983 -0.3205139 0.7396242 0.5917997 -0.3205177 0.7396287 0.5917921 -0.3205219 0.7396321 0.5917856 0.9093796 0.03384393 0.4145883 0.909384 0.03386843 0.4145767 0.9093807 0.03384774 0.4145855 0.9093813 0.03386187 0.4145832 0.90938 0.03385221 0.4145868 0.9093781 0.03384184 0.4145919 -0.8722165 0.1475462 -0.4663352 0.859815 -0.01491653 0.5103879 0.8598479 -0.01494073 0.5103318 0.8598482 -0.01494133 0.5103313 0.8598263 -0.01492452 0.5103685 -0.8492284 0.03421378 -0.5269162 -0.8492444 0.03416913 -0.5268934 -0.8492487 0.03417783 -0.5268858 -0.849245 0.03417199 -0.5268921 -0.8492463 0.03416466 -0.5268904 0.888535 0.1608144 -0.4297025 0.9024314 0.09758144 -0.4196372 0.9024263 0.09757542 -0.4196496 0.9024295 0.09757989 -0.4196419 0.9024249 0.09758651 -0.4196502 0.9024369 0.09756857 -0.4196287 0.8697802 0.04713982 -0.4911826 0.8698194 0.04709416 -0.4911175 0.8697951 0.04715865 -0.4911544 0.869795 0.04711234 -0.4911589 0.8697981 0.04712802 -0.4911521 0.8697932 0.04714423 -0.4911592 -0.03194481 0.1190749 -0.9923713 -0.02929943 0.4486991 -0.8932024 -0.02930086 0.4486944 -0.8932048 -0.03194278 0.1190344 -0.9923762 -0.03085798 -0.2244542 -0.973996 -0.0307312 -0.2249739 -0.9738801 0.9084848 0.005093812 0.4178868 -0.1751787 -0.9702598 -0.1670585 0.8698245 0.04716771 -0.4911015 0.8698096 0.04711991 -0.4911324 0.8697996 0.04715466 -0.4911469 0.8698131 0.04711842 -0.4911265 0.869801 0.04712355 -0.4911473 0.669667 -0.7136646 -0.2054972 0.6332888 -0.7400563 -0.2264113 0.6332882 -0.740059 -0.2264044 0.5953202 -0.7646638 -0.2467452 0.5953447 -0.7646451 -0.246744 -0.9602302 0.0278055 0.277822 -0.6170473 -0.7507983 -0.2357005 -0.5875954 -0.7904294 -0.1730695 -0.58759 -0.7904323 -0.1730745 -0.5543857 -0.8250464 -0.1093397 -0.5544004 -0.825036 -0.1093428 0.9875445 0.157161 -0.007495701 0.2391833 -0.2178775 0.946214 0.1545977 -0.9698854 -0.1882078 -0.1810607 -0.2173144 0.9591619 0.343046 -0.9258608 0.1584339 -0.3980646 -0.5164273 0.758187 -0.2219678 -0.7494536 0.6237385 -0.1947321 -0.8158748 0.5444519 0.2445281 -0.7860973 0.567677 0.2255768 -0.8164544 0.5315238 -0.3559764 -0.9076912 0.2222105 0.44253 -0.5174449 0.7324057 0.4255281 -0.3308777 -0.8422862 -0.9415984 0.1778628 -0.2859326 -0.506673 -0.3116859 -0.8038249 -0.5066726 -0.311684 -0.8038259 -0.5066727 -0.3116844 -0.8038257 -0.9890332 -0.1107011 -0.09776949 -0.1920995 -0.8953901 -0.4017143 -0.1921029 -0.895394 -0.4017039 -0.1920893 -0.8953968 -0.4017043 -0.1920868 -0.8953933 -0.4017134 -0.1920568 -0.8954042 -0.4017035 -0.9262554 0.1000623 -0.3633713 -0.9262501 0.1000776 -0.3633806 -0.9262439 0.1000845 -0.3633944 -0.9262453 0.1000728 -0.363394 -0.9262481 0.1000805 -0.3633847 -0.8412205 -0.3310008 0.4275355 -0.1472601 0.9481614 -0.2816106 -0.8828116 0.04191398 0.4678537 -0.8828154 0.04193603 0.4678446 -0.8828178 0.04194337 0.4678392 -0.882812 0.04191082 0.4678532 -0.8828217 0.0419287 0.4678332 -0.8828081 0.04192876 0.467859 -0.7151302 0.08944487 0.6932449 -0.03070139 0.02330601 -0.9992569 -0.1387519 -0.9356607 0.3244799 -0.2577994 0.0302143 -0.965726 -0.8986591 -0.09787267 0.4275897 -0.8986661 -0.09785872 0.4275781 -0.8986734 -0.09786689 0.4275609 -0.8986504 -0.09783661 0.4276161 -0.8986682 -0.09787434 0.42757 -0.7965065 0.4532321 -0.4001976 -0.99369 -0.002469241 0.1121346 -0.5246986 0.7525069 0.3980262 -0.524695 0.7525085 0.398028 -0.5246927 0.7525095 0.398029 -0.5247036 0.7525086 0.3980163 -0.5246996 0.7525069 0.3980246 -0.5250862 0.752723 0.3971054 -0.5246883 0.7525213 0.3980126 -0.9850889 0.16368 0.05299943 0.9114739 0.1247938 -0.3919717 -0.8579951 -0.06247687 0.5098441 0.9550609 -0.2926658 -0.04696184 0.1643532 -0.8958755 -0.4127895 0.1643268 -0.8958833 -0.4127829 0.1643474 -0.8958826 -0.4127766 0.164351 -0.8958797 -0.4127814 0.1643281 -0.8958778 -0.4127944 0.9808478 -0.1133897 -0.1583681 0.8729515 -0.3319545 0.3574379 0.1404283 0.9289629 -0.3425024 0.758717 0.08091282 0.646376 0.1980158 0.02959078 -0.9797521 0.01849967 -0.05778425 0.9981577 0.7521023 0.4597548 -0.4721945 0.9058629 -0.118416 0.4066818 0.9058628 -0.1184169 0.4066817 0.9058628 -0.1184173 0.4066816 0.5502142 0.7510513 0.3649473 0.5502227 0.7510511 0.3649345 0.5502146 0.7510513 0.3649464 0.5502324 0.7510316 0.3649601 0.5502206 0.7510467 0.3649471 0.5502075 0.751059 0.3649415 0.5502235 0.7510415 0.3649533 0.149434 -0.9533307 0.262355 0.5733308 0.3751007 0.7284169 -0.009193599 -0.9912121 -0.1319627 -0.009159028 -0.9912121 -0.1319655 -0.00918436 -0.9912121 -0.1319636 -0.009217321 -0.9912132 -0.1319532 -0.009041607 -0.9912537 -0.1316605 -0.008896589 -0.9912998 -0.1313228 -0.5264471 0.3766216 0.7622399 0.9987303 -0.009028553 0.04956221 0.4045066 0.8863367 -0.2253482 0.9058764 -0.1184123 0.406653 -0.2552188 0.7489413 -0.6115148 -0.3980647 -0.5163154 0.7582631 0.229707 0.7069607 -0.6689105 -0.1947106 -0.8158715 0.5444645 -0.4006125 0.9058531 -0.1376224 -0.4006116 0.9058535 -0.1376218 -0.4006097 0.9058545 -0.1376208 0.2255841 -0.8164473 0.5315315 0.009296298 0.9656912 0.2595269 0.4425134 -0.5174654 0.7324011 -0.9569358 -0.2900575 0.01185721 0.2391492 -0.217908 0.9462155 0.1734021 0.9697896 0.1715803 0.129366 0.9904733 0.04719364 0.1293382 0.9904771 0.04719054 0.0830208 0.9934894 -0.07801604 0.08303141 0.993488 -0.07802164 -0.1811302 -0.2173348 0.9591442 -0.1738807 0.9690859 0.1750368 -0.1269934 0.9906738 0.04937607 -0.1269953 0.9906728 0.04939162 -0.07776057 0.9939788 -0.07719707 -0.07775598 0.9939787 -0.07720381 0.009297788 0.9656925 0.2595217 -0.3132585 -0.7411692 0.5937486 -0.3142404 -0.3538349 -0.8809393 -0.6588222 0.004073977 -0.7522877 -0.6591149 -0.3653886 0.6573117 -0.7013107 0.1831582 -0.6889241 -0.7016357 -0.1781411 0.6899082 0.6591161 -0.365391 0.6573092 0.7116175 -0.1768162 0.6799534 0.7136954 0.1781661 -0.6774184 0.6588272 0.004073977 -0.7522833 0.3143702 -0.7405797 0.5938966 0.3130716 -0.354474 -0.8810985 -0.6637444 0.3908622 -0.6377069 -0.3064287 0.3949385 0.8660976 -0.3073443 0.770169 -0.5589091 -0.6618025 0.02679258 0.7491993 -0.7013623 0.1831501 -0.6888737 -0.701643 -0.1781409 0.6899008 0.3073511 0.7701648 -0.558911 0.663745 0.3908634 -0.6377056 0.7137112 0.1781656 -0.6774019 0.6618488 0.02681267 0.7491577 0.7116314 -0.1774671 0.6797693 0.3064441 0.3949685 0.8660785 -0.01218962 -0.9360675 -0.3516095 -0.01217699 -0.936069 -0.3516058 -0.01216489 -0.9360734 -0.3515945 -0.01217263 -0.9360728 -0.3515961 -0.01217347 -0.9360737 -0.3515936 -0.0121712 -0.9360638 -0.3516199 -0.01216882 -0.9360635 -0.3516206 -0.0121749 -0.9360766 -0.3515855 -0.01217329 -0.936062 -0.3516246 -0.01216584 -0.9360735 -0.3515944 -0.01216989 -0.9360727 -0.3515962 -0.01217186 -0.9360709 -0.3516008 -0.01218253 -0.9360646 -0.3516174 -0.01216363 -0.9360781 -0.3515818 -0.01217454 -0.936075 -0.3515897 -0.01218372 -0.9360712 -0.3515997 -0.01217114 -0.9360727 -0.3515961 -0.01219576 -0.9360708 -0.3516002 -0.01215672 -0.9360696 -0.3516049 -0.1657995 -0.5510078 -0.8178637 -0.3509607 -0.549947 -0.7578818 -0.1657524 -0.5510078 -0.8178732 -0.3509476 -0.5499465 -0.7578884 -0.5066868 -0.5681968 -0.6483987 -0.506713 -0.5681998 -0.6483758 -0.6730163 -0.5915448 -0.4439865 -0.6730323 -0.5915471 -0.4439591 -0.7571185 -0.6194875 -0.2073811 -0.7571143 -0.6194823 -0.2074118 -0.7543896 -0.655061 0.04232734 -0.7543944 -0.6550571 0.04230183 -0.6633318 -0.6966291 0.2733111 -0.6633197 -0.6966333 0.2733294 -0.4928553 -0.7386297 0.4599129 -0.4934741 -0.7385115 0.4594391 -0.2574701 -0.7715936 0.5816808 -0.2574243 -0.7715976 0.5816957 0.01193267 -0.8001685 0.5996566 0.01194036 -0.8001455 0.5996872 0.2911107 -0.7722418 0.56471 0.2901578 -0.7723287 0.5650812 0.5185658 -0.7398443 0.4286259 0.5185368 -0.7398501 0.4286509 0.6770721 -0.6983262 0.2321936 0.677074 -0.6983256 0.23219 0.7539089 -0.6569667 -0.004011511 0.7539118 -0.6569634 -0.004029095 0.7413785 -0.6213871 -0.2534483 0.7413825 -0.621387 -0.2534368 0.6429095 -0.593217 -0.4845215 0.6429034 -0.5932157 -0.4845313 0.4627421 -0.5692074 -0.6796122 0.4627991 -0.5692125 -0.6795691 0.299407 -0.5500205 -0.7796365 0.2994663 -0.5500221 -0.7796124 0.1137191 -0.5507936 -0.8268582 0.1137322 -0.5507943 -0.826856 0.4979518 0.8495766 0.1739649 0.5236731 0.7489104 0.4060786 0.6830503 0.6891672 0.2418491 0.680341 0.6186357 0.3929708 0.6037592 0.5775786 0.5494341 0.3579195 0.68541 0.6341189 0.4754796 0.5347773 0.6985216 0.2696312 0.5246686 0.8074788 0.02386641 0.6649854 0.746475 0.0271818 0.5080052 0.8609251 -0.2180538 0.5252941 0.8225076 -0.3163921 0.6863289 0.6548655 0.01249778 0.9309151 0.3650217 -0.4956275 0.7503287 0.4374474 -0.4839855 0.8508933 0.2043004 -0.2570079 0.9663934 0.005555212 0.2592699 0.9657222 -0.01264661 -0.4301823 0.5360172 0.7263807 -0.5671998 0.579252 0.5854499 -0.6532508 0.620506 0.4338614 -0.6650099 0.6910084 0.2833183 -0.6347829 0.7608784 0.1345912 -0.5278688 0.8492411 -0.01200878 -0.4006136 0.9058542 -0.1376114 -0.1795223 0.9722982 -0.1496934 0.1742508 0.971061 -0.1633322 0.3912297 0.9047272 -0.1685475 0.5269724 0.8485639 -0.04732298 0.6437791 0.7592955 0.09496772 0 0 -1 1.65863e-7 -0.5555106 -0.8315095 0 -0.751228 -0.6600429 0 -0.7512274 -0.6600435 -6.92723e-7 -0.555516 -0.8315058 0 -0.3262817 -0.9452726 -1.69715e-6 -0.3263254 -0.9452576 -8.41727e-7 0.9672134 0.2539651 -6.03121e-7 0.9807855 -0.1950893 -3.33982e-7 0.9807862 -0.1950857 -1.61934e-6 0.9672139 0.2539634 -1.25181e-6 0.409479 0.9123196 1.09859e-5 0.4094558 0.91233 -1.1369e-6 -1.85538e-5 1 1.35554e-6 2.93814e-5 1 -4.88797e-6 0.4094825 0.912318 1.84373e-6 2.93516e-5 1 0.9582378 0.06598186 -0.2782565 0.7789545 0.1223414 -0.6150306 0.7789524 0.122341 -0.6150333 0.9582355 0.06599146 -0.2782624 0.9986162 0.02023875 -0.04853922 0.9986155 0.02014094 -0.04859733 0.9986455 -0.03675645 0.03682631 0.9986439 -0.03679496 0.03683191 0.958401 -0.2314379 0.1670449 0.9583907 -0.2314608 0.1670726 0.778956 -0.5213962 0.3483875 0.7789541 -0.5213983 0.3483886 -0.004277765 0.8307934 0.5565645 0.9849277 0.09608274 -0.1438252 0.916401 -0.2223755 0.3328037 -0.9167166 0.2219685 -0.3322059 -0.004259824 0.8307875 0.5565736 0.5706128 0.4562368 -0.6828243 -0.004236638 -0.8321426 -0.5545455 -0.004288256 -0.8321248 -0.5545719 0.9750157 -0.1234142 0.1846979 0.5769143 -0.4537948 0.6791467 0.1271322 -0.5510665 0.8247202 -0.004261493 0.8307764 0.5565901 -0.004257798 0.8307783 0.5565872 -0.5706549 0.4562249 -0.6827972 -0.1357561 0.5504254 -0.8237733 0.1358146 0.550423 -0.8237652 -0.004266321 0.8307822 0.5565813 -0.004266381 0.8307705 0.5565988 -0.9787097 -0.1140299 0.1706593 -0.004265964 -0.8321332 -0.5545594 -0.004272103 -0.8321292 -0.5545653 -0.5768348 -0.4538266 0.679193 -0.004270672 -0.8321306 -0.5545633 -0.9238577 -0.2126415 0.3182306 -0.9812546 0.1070537 -0.1602463 -0.00426197 -0.832132 -0.5545613 -0.004272699 -0.8321453 -0.5545412 -0.1267717 -0.5510914 0.824759 -0.004291534 -0.8321432 -0.5545443 -0.576861 -0.4538157 0.6791779 -0.004263162 -0.8321229 -0.554575 -0.5706379 0.4562314 -0.682807 -0.004277646 0.830797 0.5565593 0.5767403 -0.4538626 0.6792492 -0.004262268 0.8307992 0.5565562 0.1271514 -0.5510653 0.8247179 -0.004269897 0.8307779 0.5565878 -0.1357231 0.5504286 -0.8237765 0.1357842 0.5504266 -0.8237677 -0.004259526 -0.8321451 -0.5545418 -0.00425142 -0.8321162 -0.554585 -0.127153 -0.5510652 0.8247178 -0.004256308 -0.832132 -0.5545613 0.9230955 0.213656 -0.319759 -0.004235982 0.830784 0.5565791 -0.004263043 0.8307865 0.5565749 -0.004248619 0.8307873 0.5565739 0.5706349 0.4562363 -0.6828063 -1.06861e-5 0.4097732 -0.9121875 0 0.2924782 -0.9562722 0 0.292478 -0.9562724 0 0.409775 -0.9121867 0 0.556159 -0.831076 -4.59545e-7 0.5562388 -0.8310226 1.11039e-6 0.8092921 0.5874065 -1.31108e-4 0.6417686 0.7668983 -1.2591e-4 0.7791438 0.6268453 -4.8411e-5 0.5907561 0.8068503 -8.17588e-6 0.5555534 0.831481 -8.45734e-6 0.5555657 0.8314726 -3.84153e-6 0.5555651 0.8314731 -5.12008e-5 0.59076 0.8068473 3.84156e-6 0.5555651 0.8314732 1.2809e-5 0.5555659 0.8314726 1.1653e-5 0.5555536 0.8314808 -1.29395e-4 0.6417675 0.7668992 1.01203e-6 0.8092847 0.5874167 -1.26408e-4 0.7791411 0.6268486 8.52791e-5 0.854427 0.5195714 -8.63109e-5 0.854427 0.5195716 0 0.8544154 0.5195906 -1.59536e-4 0.9464836 0.322752 -3.05714e-6 0.967212 0.2539708 3.78253e-6 0.9807846 0.1950938 3.52041e-6 0.9807848 0.1950927 2.40097e-7 0.9807849 0.1950926 -4.80198e-7 0.9807846 0.1950937 -8.71063e-7 0.9672179 0.2539485 -5.13218e-7 0.9807844 0.195095 -1.17469e-6 0.9807852 0.1950913 -1.61238e-4 0.9464842 0.3227503 -1.06937e-4 0.8544216 0.5195804 -0.9582238 0.06596583 -0.2783087 -0.7789498 0.1223301 -0.6150387 -0.778952 0.1223316 -0.6150357 -0.958235 0.0659784 -0.2782673 -0.9986162 0.02022987 -0.04854393 -0.9986155 0.02013134 -0.04860097 -0.9986461 -0.03672158 0.03684335 -0.9986439 -0.03680086 0.03682601 -0.9583868 -0.2314747 0.1670761 -0.9584003 -0.2314181 0.1670764 -0.7789568 -0.5213983 0.3483821 -0.7789564 -0.5213978 0.348384 1.21444e-7 0.5555674 -0.8314715 1.33729e-6 0.5555748 -0.8314666 0 0.5555666 -0.831472 1.45873e-6 0.5555756 -0.8314661 0 -0.5365002 0.8439002 1.08998e-6 -0.5364597 0.843926 0 -0.5364598 0.843926 -1.09515e-6 -0.5364597 0.843926 -1 5.35225e-6 1.60275e-5 -1 0 4.27595e-6 -1 1.73227e-6 3.91894e-6 -1 2.65759e-6 3.74155e-6 -1 4.51114e-6 3.8214e-6 -1 4.53148e-6 3.85356e-6 -1 1.55108e-5 -1.11926e-5 -1.49198e-6 -0.5364927 0.8439051 0 -0.5364927 0.8439051 -1.38289e-7 -0.5364927 0.8439051 -1.37049e-6 -0.5364754 0.843916 6.28233e-6 -0.5364754 0.8439159 -3.14089e-7 -0.5364754 0.8439159 1 -1.00626e-6 0 0.7071063 -0.7071073 0 0.7071076 -0.7071061 0 1 5.134e-7 0 0.7071073 0.7071063 0 0.7071074 0.7071062 0 3.79915e-7 1 0 0 1 0 -0.7071074 0.7071063 0 -0.7071069 0.7071067 0 -1 1.43751e-7 0 -1 8.83051e-7 0 -0.7071084 -0.7071052 0 -0.7071071 -0.7071066 0 4.51791e-7 -1 0 4.31255e-7 -1 0 0 -0.9969968 -0.07744395 0 -0.9969965 -0.07744801 0 -0.9969965 -0.07744824 0 -0.9969968 -0.07744371 0 -0.5555732 -0.8314676 0 -0.5555731 -0.8314678 0 -0.5555731 -0.8314679 -3.14858e-7 -0.5364923 0.8439052 0 -0.1950879 0.9807857 -8.33064e-7 -0.1950973 0.9807839 0 -0.5364887 0.8439075 -0.6441219 -0.2672572 -0.7167152 -0.6603903 0.2575298 0.7053815 -0.6532779 -0.2627427 0.7100664 -0.6565619 0.2605587 -0.7078388 -0.2856195 0.6411356 -0.7122969 -0.2887131 0.63861 0.7133177 0.277045 0.644753 -0.7124181 0.2741332 0.6415448 0.7164295 0.658259 0.2605862 -0.7062507 0.6544669 0.2570132 0.7110678 0.6545027 -0.2596913 -0.710061 0.6560408 -0.2549676 0.7103535 0.2782065 -0.6444795 0.712213 0.273411 -0.6470437 -0.711745 -0.2697301 -0.6520086 0.7086117 -0.2592885 -0.6540107 -0.7106614 0 -0.4229599 0.9061485 1.32057e-6 -0.3262906 0.9452696 -9.23183e-6 -0.3262908 0.9452695 0 -0.4229599 0.9061484 1.38194e-4 -0.643555 0.7653998 1.38377e-4 -0.6435654 0.7653912 0 -0.7252966 0.6884366 0 -0.7252967 0.6884364 -0.1522755 0.6655539 0.7306506 -0.5252051 0.3411034 -0.7796205 -0.5253159 0.348006 0.7764889 -0.156237 0.6603649 -0.7345123 -0.2642693 -0.5970567 0.7574201 0.2558492 -0.6000493 0.757946 0.6074053 -0.2457157 0.7554354 0.5267786 0.3411048 0.7785575 0.1498115 0.6627325 0.7337181 -0.61589 -0.2401297 0.7503448 -0.6094411 -0.2354027 -0.7570781 -0.2601281 -0.5913143 -0.7633354 0.258145 -0.5950304 -0.7611176 0.6090228 -0.2414957 -0.755494 0.5347344 0.3345379 -0.7759792 0.1595317 0.657841 -0.7360671 1 4.38688e-6 -3.89646e-6 1 3.83297e-6 -4.27323e-6 1 3.70995e-6 -4.29789e-6 1 2.27522e-6 -4.56292e-6 1 2.11824e-6 -4.58741e-6 1 1.5384e-6 -4.86351e-6 1 1.57537e-6 -4.88677e-6 -1 -4.38688e-6 4.13999e-6 -1 -3.12238e-6 4.90063e-6 -1 -2.27673e-6 4.84811e-6 -1 -3.22871e-6 4.97702e-6 -1 -2.11827e-6 4.87412e-6 -1 -1.58817e-6 5.16747e-6 -1 -1.57537e-6 5.19219e-6 0 0.2771459 0.9608278 0 0.2771773 0.9608188 0 0.2771445 0.9608283 0 0.2771787 0.9608184 1 -6.33648e-6 -2.16306e-5 1 7.09163e-6 2.48102e-5 1 6.74848e-6 2.44742e-5 1 7.34208e-6 2.47546e-5 5.23527e-6 -0.2771775 -0.9608188 0 -0.2771459 -0.9608279 -1 3.22182e-6 1.10989e-5 -1 3.12721e-6 1.11258e-5 -1 3.17548e-6 1.11102e-5 -1 3.0183e-6 1.01738e-5 -1 3.04789e-6 1.01633e-5 -1 2.94696e-6 1.01943e-5 1.69309e-4 -0.9437516 0.3306556 1.38597e-4 -0.9437515 0.3306556 1.71287e-4 -0.9437514 0.3306559 1.69645e-4 -0.9437518 0.330655 0 -2.06699e-4 1 1.59257e-6 1.28866e-4 1 0 1.2887e-4 1 1.60886e-6 1.28866e-4 1 -4.55123e-7 -4.2241e-5 -1 2.08803e-7 -3.89896e-5 -1 1.38526e-6 -1.81762e-4 -1 0 -1.87091e-4 -1 -1.13948e-4 -0.999312 -0.0370903 -1.13799e-4 -0.999312 -0.03709119 -1.13948e-4 -0.9993119 -0.03709006 -1.1365e-4 -0.9993119 -0.03709143 1 0 0 1 0 0 1 0 0 1 0 0 0 0.996571 -0.08274358 0 0.996575 -0.08269411 4.84186e-7 0.9965749 -0.08269625 0 0.996575 -0.08269363 -1 0 0 -1 0 0 -1 -2.45606e-7 0 -1 2.47223e-7 0 -2.25138e-6 0.485224 0.8743899 0 0.4852243 0.8743898 0 -0.7201871 -0.69378 0 -0.5915113 -0.8062968 0 -0.720187 -0.6937801 5.63827e-5 -0.5915091 -0.8062983 5.61513e-5 -0.591497 -0.8063071 0 -0.4680956 -0.883678 0 -0.4680957 -0.8836778 -3.78418e-6 -0.9807859 0.1950873 -1.25636e-6 -0.9807857 0.1950885 -9.76265e-6 -0.980786 0.1950873 -1.26474e-7 -0.9807857 0.1950886 -0.4801542 -0.7293524 0.4873369 -0.4801502 -0.7293542 0.4873379 -0.1543958 -0.821498 0.5489109 -0.1543922 -0.8214979 0.5489119 0.1543906 -0.8214964 0.5489146 0.1543945 -0.8214966 0.5489133 0.4801526 -0.72935 0.4873418 0.4801524 -0.7293512 0.4873402 -0.004198253 0.8307989 -0.556557 -0.004198133 0.8307989 -0.5565569 -0.004244327 0.8307913 -0.5565679 -0.004244208 0.8307915 -0.5565678 -0.4801549 0.1711224 -0.8603304 -0.4801518 0.1711171 -0.8603332 -0.1544052 0.1927466 -0.9690241 -0.1544069 0.1927503 -0.9690232 0.1543995 0.1927582 -0.9690227 0.1543961 0.1927546 -0.969024 0.4801502 0.1711323 -0.8603311 0.4801477 0.1711304 -0.8603329 1.69094e-4 -0.9437457 0.3306723 1.68698e-4 -0.9437563 0.330642 -5.3659e-6 -0.9807841 0.1950965 1.69275e-4 -0.9437516 0.3306555 1.38597e-4 -0.9437515 0.3306558 1.71257e-4 -0.9437517 0.3306553 1.69356e-4 -0.9437495 0.3306614 -0.006911098 -0.9437222 0.330667 0 -0.9437589 0.3306346 0 -0.9437534 0.3306503 0 -0.9807839 0.1950971 5.47114e-7 -0.8734273 0.4869546 5.68301e-7 -0.8734176 0.486972 0 -0.7517953 0.6593967 0 -0.7517749 0.65942 5.85121e-6 -1 2.36435e-5 0 -1 1.58781e-5 -8.54741e-7 -0.7201746 -0.6937929 9.62781e-7 -0.7201973 -0.6937693 -1.45305e-6 -0.1950826 -0.9807869 -9.0958e-6 -0.1950937 -0.9807847 7.34363e-6 0.4638116 -0.8859339 1.48865e-7 0.4638112 -0.8859341 0 -0.8995357 0.4368473 -3.5641e-7 -0.5778975 0.8161094 1.77389e-6 -0.5778936 0.8161122 0 -0.4992341 0.8664671 1.96398e-6 -0.4992347 0.8664668 -0.004286646 -0.8321166 0.5545843 -0.004286944 -0.8321169 0.5545839 0 -0.9951882 0.0979833 0 -0.9951881 0.09798336 0 -0.968348 0.2496042 7.43587e-5 -0.968348 0.2496041 4.75871e-5 -0.9683575 0.2495673 0 -0.9683575 0.2495673 0 -0.8995357 0.4368472 1.69956e-4 -0.9437585 0.3306357 -0.00930953 -0.9437273 0.3305939 1.69634e-4 -0.9437515 0.3306557 -1.21445e-7 -0.1950913 0.9807851 -1.3373e-6 -0.1950907 0.9807853 0 -0.1950913 0.9807851 -1.45874e-6 -0.1950907 0.9807852 -1 0 0 -1 -1.40414e-7 0 -1 -2.19498e-7 0 -1 0 0 -1 0 0 -1 1.29706e-7 0 -1 1.81569e-7 0 1 -1.52525e-7 0 1 1.3109e-7 0 1 -4.38997e-7 0 1 3.56104e-7 0 1 0 0 1 1.41568e-7 0 1 2.19503e-7 0 0 0.9807856 -0.1950888 0 0.8544271 -0.5195714 -1.04431e-4 0.854433 -0.5195618 0 0.9807854 -0.1950897 -1.57679e-4 0.9464792 -0.3227652 0 0.9464789 -0.3227659 -1.585e-4 0.9464843 -0.3227499 0 0.946484 -0.3227508 0 0.8963932 -0.4432599 0 0.8963932 -0.4432598 -8.54174e-6 0.9672973 -0.2536455 0 0.9672912 -0.2536687 0 0.9965663 -0.08279949 0 0.9965662 -0.08279961 -0.004255473 0.8308013 -0.5565529 -0.004253447 0.8308039 -0.556549 -2.60387e-6 0.4095954 -0.9122674 0 0.4096207 -0.912256 0 0.5173507 -0.8557736 0 0.5173507 -0.8557736 0 0.8097174 -0.5868201 0 0.8097175 -0.5868201 0.9849339 0.09607309 0.1437892 -0.004278421 0.8307906 -0.5565688 0.9164254 -0.2223405 -0.33276 -0.004255175 0.8307949 -0.5565626 0.5706162 0.4562442 0.6828166 -0.9167162 0.2219687 0.3322069 -0.004270076 -0.8321354 0.5545561 -0.004255115 -0.8321296 0.5545649 -0.9787095 -0.1140349 -0.1706568 -0.004285275 0.8307801 -0.5565843 -0.004270672 0.8307859 -0.5565757 0.1357679 0.5504268 0.8237704 -0.004263818 0.8307775 -0.5565884 -0.1357431 0.550427 0.8237743 -0.5706092 0.4562429 0.6828234 -0.004260182 0.8307794 -0.5565856 -0.004292309 0.8307807 -0.5565834 0.975002 -0.1234468 -0.1847488 0.9231187 0.2136186 0.3197172 -0.004233598 -0.8321316 0.5545621 -0.004268229 -0.8321356 0.554556 -0.004278123 -0.8321419 0.5545464 -0.5768683 -0.453813 -0.6791736 -0.1275903 -0.5510419 -0.8246659 -0.004266142 -0.8321481 0.5545373 -0.004268109 -0.8321335 0.5545591 -0.004250288 -0.8321416 0.5545469 0.5768658 -0.4538071 -0.6791797 0.1275632 -0.5510395 -0.8246715 -0.9812628 0.1070436 0.160203 -0.9237943 -0.2127265 -0.3183577 -0.5769555 -0.4537751 -0.6791249 -0.004252314 -0.8321324 0.5545608 -0.004260182 -0.8321177 0.554583 0.1357896 0.5504242 0.8237685 -0.004266917 -0.8321162 0.5545851 -0.1357234 0.5504289 0.8237763 -0.004264712 -0.8321214 0.5545771 -0.5706398 0.4562321 0.682805 -0.004271149 0.830798 -0.5565576 0.5769602 -0.4537773 -0.6791195 -0.1272164 -0.5510617 -0.8247104 0.1272246 -0.5510677 -0.8247051 -0.004277169 0.8307795 -0.5565853 -0.004267215 0.8307982 -0.5565574 -0.00426948 0.8307963 -0.5565604 -0.004264175 0.8307842 -0.5565784 0.5707443 0.4561924 0.682744 0 -0.9238871 0.3826653 0 -0.9238845 0.3826718 0 -0.9807906 -0.1950635 0 -0.9807919 -0.1950575 -0.004344701 -0.832116 -0.5545848 -0.004385769 -0.832107 -0.5545979 -0.004197239 0.8307985 0.5565575 -0.00419712 0.8307983 0.5565579 -0.004243254 0.8307911 0.5565685 -0.004243254 0.8307911 0.5565685 -0.4801442 0.1711228 0.8603363 -0.778958 0.1223306 0.6150282 -0.7789458 0.1223309 0.6150437 -0.480154 0.1711257 0.8603302 -0.1543957 0.1927524 0.9690245 -0.1544111 0.1927555 0.9690214 0.1543868 0.1927589 0.9690247 0.1544083 0.1927543 0.9690222 0.4801514 0.1711324 0.8603304 0.4801771 0.1711272 0.8603172 0.7789614 0.1223387 0.6150222 0.7789471 0.1223428 0.6150397 0 -0.1950844 -0.9807865 0 -0.1950844 -0.9807865 0 -0.1950844 -0.9807866 0 -0.1950844 -0.9807866 -1 -2.80824e-7 0 -1 -1.24234e-7 0 -1 -4.38991e-7 0 -1 2.18665e-7 0 -1 0 0 -1 -1.81568e-7 0 -1 4.39003e-7 0 1 -1.52521e-7 0 1 1.31094e-7 0 1 3.56107e-7 0 1 -4.38991e-7 0 1 0 0 1 -2.63723e-7 0 1 4.39003e-7 0 1 -5.44703e-7 0 -1.07305e-4 -0.8515178 0.5243259 -2.24636e-4 -0.8515139 0.5243322 8.34157e-5 -0.7982079 0.6023821 4.28543e-4 -0.7982146 0.602373 8.83896e-5 -0.7981987 0.6023944 1.39089e-4 -0.6435694 0.7653879 1.75304e-6 -0.5778957 0.8161106 -2.30037e-7 -0.536498 0.8439017 -8.73581e-7 -0.5364888 0.8439075 -4.84753e-7 -0.5364866 0.8439089 4.78017e-7 -0.5364868 0.8439087 1.93528e-4 -0.5778923 0.8161132 0 -0.5364893 0.8439072 -4.49829e-7 -0.5364981 0.8439015 1.38675e-4 -0.6435687 0.7653884 8.80195e-5 -0.7982145 0.6023735 -3.53813e-6 -0.8734487 0.4869164 1.68886e-4 -0.9437598 0.3306322 6.76329e-5 -0.9683465 0.2496097 0 -0.9807847 0.1950935 -1.02643e-6 -0.9807847 0.1950936 -9.6037e-7 -0.9807851 0.1950916 -2.45689e-4 -0.9683483 0.2496026 9.60379e-7 -0.9807851 0.1950914 -3.32537e-6 -0.9807842 0.1950964 -3.47717e-6 -0.980785 0.195092 1.70772e-4 -0.9437447 0.330675 0 -0.8734269 0.4869552 -8.43718e-5 0.8544269 -0.5195717 8.45613e-5 0.8544267 -0.519572 0 0.8097222 -0.5868135 0 0.8097023 -0.586841 -1.43175e-4 0.7789509 -0.627085 -1.29856e-4 0.6417708 -0.7668965 -5.27646e-5 0.590759 -0.8068481 -4.51104e-6 0.5555604 -0.8314763 -5.08948e-6 0.5555638 -0.831474 1.15248e-5 0.5555609 -0.8314759 -1.15246e-5 0.5555612 -0.8314757 -5.13628e-5 0.5907552 -0.806851 5.0895e-6 0.5555638 -0.831474 4.511e-6 0.5555599 -0.8314766 -1.30539e-4 0.6417723 -0.7668953 -1.42963e-4 0.778956 -0.6270787 0 0.8544469 -0.5195389 -1.56817e-4 0.9464839 -0.3227511 -2.16096e-6 0.9673063 -0.2536113 0 0.9807852 -0.1950913 -2.56609e-6 0.9807844 -0.1950948 -2.40099e-6 0.9807847 -0.1950938 -6.80651e-7 0.9673126 -0.253587 2.401e-6 0.9807846 -0.1950937 4.74194e-6 0.9807848 -0.1950932 1.73855e-6 0.980784 -0.1950967 -1.57242e-4 0.9464834 -0.3227526 -1.05647e-4 0.8544419 -0.519547 0 0.5555756 0.8314661 0 0.5555756 0.831466 0 0.5555756 0.831466 0 -0.5555757 -0.831466 0 -0.5555756 -0.831466 0 -0.5555757 -0.8314661 0 -0.5555757 -0.8314661 0.4801613 -0.3356723 -0.8104131 0.7789547 -0.2399649 -0.5793501 0.7789524 -0.2399647 -0.5793533 0.4801486 -0.3356729 -0.8104203 0.1544047 -0.3780871 -0.9128031 0.1544196 -0.3780882 -0.9128001 -0.1544026 -0.3780909 -0.9128018 -0.1544008 -0.3780888 -0.9128029 -0.4801525 -0.3356789 -0.8104155 -0.4801527 -0.3356747 -0.8104171 -0.7789513 -0.2399689 -0.5793529 -0.7789565 -0.2399646 -0.5793478 1 4.02777e-6 3.85563e-6 1 2.86074e-6 5.01679e-6 1 2.58094e-6 4.67177e-6 1 2.92799e-6 5.09972e-6 1 2.53812e-6 4.61896e-6 9.83072e-7 0.40947 0.9123235 -1.43777e-7 0.4094718 0.9123228 -1.43003e-6 0.4094719 0.9123227 -4.44018e-7 0.4094699 0.9123237 0 0.4097889 -0.9121805 -1.37988e-6 0.4097887 -0.9121806 -1.30805e-6 0.4097886 -0.9121806 -2.83116e-6 0.4097889 -0.9121804 -1 -9.62265e-7 8.632e-7 -1 -1.91492e-6 1.71778e-6 -1 -2.67073e-6 2.39578e-6 -1 -1.04019e-6 -9.57255e-7 -1 1.46126e-6 8.31983e-7 -1 3.44979e-6 2.25433e-6 -1 -3.51199e-6 -2.72529e-6 1 -1.28933e-7 0 1 -2.59412e-7 0 1 -3.63136e-7 0 8.5458e-5 0.9990885 0.04268759 4.95049e-7 0.9965657 -0.08280646 -7.19447e-5 0.9965639 -0.08282929 -8.67883e-5 0.9990885 0.04268759 -2.89469e-6 0.996568 -0.08277869 0 0.9965651 0.08281439 -5.90458e-7 0.9672133 0.2539654 -1.60553e-4 0.946482 0.3227569 2.86626e-6 0.9238814 0.3826793 9.60681e-6 0.9238809 0.3826804 2.67071e-6 0.9238806 0.3826808 -9.79687e-7 0.9238818 0.3826783 -1.59184e-4 0.946481 0.3227595 -5.37812e-6 0.9238831 0.3826748 -5.82649e-6 0.9238806 0.3826809 -9.81381e-7 0.9672121 0.2539702 0 0.9965658 0.08280611 0 0.9965673 -0.0827881 -4.57629e-6 0.9673247 -0.2535406 -1.59106e-4 0.9464763 -0.3227734 3.4771e-6 0.9238739 -0.3826972 9.48388e-6 0.9238756 -0.382693 4.80189e-6 0.9238755 -0.3826932 -1.57859e-4 0.946483 -0.3227542 -4.80192e-6 0.9238755 -0.3826932 -9.48393e-6 0.9238761 -0.3826921 -3.47714e-6 0.9238738 -0.3826974 4.14031e-7 0.9673249 -0.2535405 -1 -4.39392e-6 -4.09659e-6 -1 -3.74144e-6 -4.80238e-6 -1 -3.75429e-6 -4.70472e-6 -1 -2.78158e-6 -4.96383e-6 -1 -2.73342e-6 -4.90774e-6 0.4801613 -0.7293474 -0.4873374 0.7789561 -0.5213956 -0.348388 0.7789553 -0.5213978 -0.3483864 0.4801452 -0.7293543 -0.4873428 0.1543951 -0.8214978 -0.5489114 0.1543776 -0.8215004 -0.5489122 -0.1543756 -0.8215022 -0.5489102 -0.1543934 -0.8214997 -0.5489089 -0.4801383 -0.7293604 -0.4873405 -0.4801575 -0.7293511 -0.4873353 -0.7789527 -0.5214021 -0.3483858 -0.7789562 -0.5213983 -0.3483839 0.9582362 0.06598454 0.2782617 0.9582293 0.06597882 0.2782868 0.9986163 0.02023857 0.04853928 0.9986155 0.02014082 0.04859721 0.9986463 -0.03671312 -0.03685045 0.9986438 -0.03679502 -0.03683358 0.9583864 -0.2314701 -0.167084 0.9583922 -0.2314555 -0.1670717 0 0 1 0.6759623 0.5545783 0.4853019 0.7959647 0.5945448 -0.113829 -0.6499786 0.6455463 -0.4009961 -0.7703643 0.6054612 0.199889 -0.8395965 0.1698248 0.515982 0.5887783 0.1213304 0.7991365 -0.8471378 -0.2071653 0.4893261 0.569859 -0.2816318 0.7719743 0.6520127 -0.6437599 0.4005656 -0.7943933 -0.5964309 0.1149337 0.8193004 0.5607385 -0.119663 0.8379628 0.2337568 -0.4931289 0.8293665 -0.1952397 -0.5234813 0.7967099 -0.5704465 -0.1996103 0.6735064 -0.6114817 0.4153063 0.837958 0.2337633 -0.4931342 0.6073915 -0.2457188 0.7554455 0.5887622 0.1213385 0.7991472 0.8293715 -0.1952483 -0.5234701 0.6961224 0.5197201 0.4952824 0.772014 -0.6038038 -0.1985332 -0.5675997 0.2823058 -0.7733913 -0.5761688 -0.1479345 -0.8038314 -0.8396191 0.1698225 0.5159461 -0.8471589 -0.2071568 0.4892933 -0.8195393 -0.5604258 0.1194924 -0.6964019 -0.5194371 -0.4951863 -0.5761839 -0.1479377 -0.80382 -0.5675699 0.282314 -0.7734102 -0.6737841 0.6112109 -0.4152544 -0.7969301 0.5702117 0.199402 -0.6740218 -0.5563765 -0.4859424 -0.9583861 -0.2314761 -0.1670783 -0.9583913 -0.2314616 -0.1670678 -0.9986461 -0.0367214 -0.03684365 -0.998644 -0.03680086 -0.03682446 -0.9986154 0.02013093 0.04860126 -0.9986162 0.02023059 0.04854416 -0.9582214 0.06599885 0.2783091 -0.9582378 0.06599009 0.2782546 0.9929805 -0.1182784 0 0.9929807 -0.1182771 0 0.9929808 -0.1182765 0 0.9929807 -0.1182765 0 0.9929808 -0.1182758 0 0.9929809 -0.1182752 0 1 -2.30003e-7 0 1 0 0 1 0 0 1 0 0 1 1.37244e-6 2.11478e-6 1 3.82582e-6 3.47249e-6 1 7.87444e-6 4.98786e-6 1 8.02226e-6 2.07456e-6 1 6.37638e-6 -5.85521e-7 1 2.80809e-6 -2.94368e-6 1 1.48813e-6 -3.02975e-6 1 1.47333e-6 -3.23855e-6 1 1.92758e-6 -3.42044e-6 1 3.84871e-6 -2.45023e-6 1 4.15546e-6 -2.55012e-6 1 3.87372e-6 -6.7628e-7 1 3.69387e-6 -2.23115e-7 1 -1.25141e-6 -4.63359e-7 1 -3.86614e-6 -3.34275e-6 1 -3.6914e-6 -2.686e-6 1 -1.27015e-6 1.53495e-7 1 -1.62391e-7 0 1 -3.25129e-7 0 1 0 0 1 2.77555e-7 0 1 0 0 1 3.36679e-7 0 1 3.18161e-7 0 1 -6.22746e-7 0 1 -5.21018e-7 0 1 -2.37891e-7 0 1 -4.31638e-7 0 1 0 0 1 3.93203e-6 -6.81264e-7 1 4.06458e-6 -1.37008e-6 1 5.37382e-6 -2.44604e-6 1 5.2868e-6 -2.57605e-6 1 5.3851e-6 -1.98424e-6 1 5.25756e-6 -1.96546e-6 1 0 0 1 -1.89192e-7 0 1 -2.21769e-7 -2.37631e-7 1 0 -2.50215e-7 1 -4.5529e-6 1.81152e-6 1 -4.47952e-6 2.20884e-6 1 -2.78611e-6 2.9261e-6 1 -2.78763e-6 2.91422e-6 1 -4.95676e-6 -1.51643e-7 1 -5.0095e-6 0 1.22911e-6 -0.7517405 0.6594591 5.72219e-7 -0.536502 0.8438991 0 -0.7517407 0.6594589 1.21822e-6 -0.5364764 0.8439153 0 -0.6143124 0.7890629 0 -0.6143127 0.7890627 -0.9929806 -0.1182773 0 -0.9929804 -0.1182792 0 -0.9929808 -0.1182764 0 -0.9929807 -0.1182767 0 -0.9929807 -0.118277 0 -0.9929807 -0.1182769 0 1.52364e-6 -0.3262557 -0.9452816 6.83935e-6 -0.1108759 -0.9938343 -2.41585e-6 -0.3262742 -0.9452752 0 -0.1108714 -0.9938347 0 -0.3262328 -0.9452895 0 -0.8734214 -0.4869651 0 -0.873433 -0.4869444 0 -0.8734495 0.4869147 0 -0.8734499 0.4869141 0 -0.3262758 0.9452747 0 -0.3262827 0.9452722 0 -0.1108731 0.9938346 0 0.9807859 0.1950877 -1.27756e-6 0.9807862 0.1950863 -1.02384e-6 0.9673026 -0.253625 -6.50622e-7 0.967303 -0.2536236 1.30632e-6 0.4098001 -0.9121754 -1.00986e-6 0.4097999 -0.9121755 1.5847e-6 0.463824 -0.8859274 -1.39212e-6 0.4638246 -0.885927 -9.34802e-7 0.9965652 -0.08281326 -8.58204e-7 0.9965682 -0.08277642 -3.78682e-7 0.9965683 -0.08277469 -1.18861e-6 0.9965681 -0.08277726 -4.7893e-7 0.8963896 -0.4432672 -2.93424e-7 0.8963901 -0.443266 -1.85864e-6 0.9808046 -0.1949934 0 0.9808003 -0.195015 -1.45963e-6 0.9965659 -0.08280289 0 0.9965697 -0.0827583 0 0.9464772 -0.3227708 -1.58223e-4 0.946471 -0.322789 -5.13904e-6 -0.3262531 -0.9452825 0 -0.1108731 -0.9938346 -2.49408e-6 -0.3262659 -0.9452781 0 -0.1108731 -0.9938346 0 -0.3262268 -0.9452915 0 -0.8734223 -0.4869637 0 -0.873422 -0.4869642 0 -0.8734486 0.4869165 0 -0.8734329 0.4869444 1.78698e-7 -0.3262826 0.9452723 0 -0.3262894 0.94527 -0.4801566 -0.335694 0.8104069 -0.7789543 -0.2399847 0.5793423 -0.7789424 -0.2399842 0.5793586 -0.4801529 -0.3357129 0.8104013 -0.1543951 -0.3781009 0.9127989 -0.1544085 -0.378089 0.9128016 0.154386 -0.3780862 0.9128066 0.1544076 -0.3780957 0.9127991 0.4801612 -0.3356937 0.8104043 0.4801715 -0.3356967 0.810397 0.778953 -0.2399764 0.5793476 0.7789382 -0.2399829 0.5793648 -3.62131e-4 -0.9993112 -0.03710961 6.71919e-5 -0.9683514 -0.2495908 0 -0.9969982 -0.07742452 1.70223e-4 -0.9437499 -0.3306601 -5.82667e-6 -0.923878 -0.3826872 -1.27263e-6 -0.9238792 -0.3826845 2.88109e-6 -0.9238805 -0.3826814 -2.46712e-4 -0.9437466 -0.3306698 -7.68306e-6 -0.9238798 -0.382683 -6.0355e-6 -0.9238772 -0.3826891 -2.96038e-6 -0.923877 -0.3826897 6.61463e-5 -0.9683516 -0.2495903 -1.08019e-4 -0.9993109 -0.03711915 0 -0.9969981 -0.07742768 8.39306e-5 -0.9983513 0.0574007 7.49713e-4 -0.9983518 0.05738556 0 -0.9951909 0.09795475 6.58019e-5 -0.9683455 0.249614 1.69769e-4 -0.9437427 0.3306809 4.69855e-6 -0.9238827 0.3826759 0 -0.9238805 0.3826813 0 -0.9238824 0.3826767 3.4187e-6 -0.9238839 0.382673 1.90076e-4 -0.9437492 0.3306623 -1.27235e-6 -0.9238803 0.3826815 -1.0525e-5 -0.923883 0.3826753 6.77258e-5 -0.9683464 0.2496105 0 -0.9951864 0.09800064 -0.9584009 -0.09962898 -0.2674729 -0.9583932 -0.09962767 -0.2675013 -0.998645 -0.03679841 -0.03679937 -0.998645 -0.03678655 -0.03681045 -0.9986153 0.02009212 0.04862147 -0.9986162 0.02008736 0.04860371 -0.9582206 -0.09974789 0.2680743 -0.9582349 -0.0997312 0.2680292 0.7071059 -0.7071077 0 -9.24119e-7 -1 0 0.7071088 -0.7071049 0 -8.83046e-7 -1 0 -0.7071081 -0.7071055 0 -0.7071053 -0.7071083 0 -1 2.87504e-7 0 -1 2.75182e-6 0 -0.7071079 0.7071057 0 -0.7071082 0.7071054 0 0 1 0 0 1 0 0.7071082 0.7071054 0 0.7071079 0.7071056 0 1 2.83397e-6 0 1 2.0536e-7 0 -0.004276216 -0.8321538 -0.5545285 0 -0.7201786 -0.6937888 -0.004271805 -0.832144 -0.5545433 -3.20342e-7 -0.7202053 -0.6937611 0 -1 7.40867e-6 5.23245e-6 -1 3.12272e-6 0 -0.7514706 0.6597666 0 -0.7514361 0.659806 0 -0.8733804 0.4870386 0 -0.8733806 0.4870384 6.72924e-5 -0.9683551 -0.2495766 0 -0.9683576 -0.2495667 0 -0.1950889 -0.9807856 0 -0.555572 -0.8314685 0 -0.1951023 -0.9807829 -6.73027e-7 -0.5555986 -0.8314508 -2.38142e-7 -0.5555464 -0.8314856 1.47385e-6 -0.5555647 -0.8314734 1.56525e-6 -0.499234 -0.8664673 1.24992e-6 -0.4992343 -0.8664671 -0.004257023 -0.8321388 -0.5545513 -0.004253745 -0.8321417 -0.5545468 0 -0.9969949 -0.07746845 7.28954e-6 -0.9969962 -0.07745015 5.60893e-5 -0.9683472 -0.2496073 0 -0.9683474 -0.2496065 0 -0.9683577 -0.2495663 0 -0.9030463 -0.4295432 6.33353e-5 -0.9683578 -0.2495663 0 -0.9030463 -0.4295433 -1.75132e-7 -0.9807897 -0.1950684 -1.06246e-5 -0.9807886 -0.1950737 1 4.50513e-6 3.1525e-6 1 3.59494e-6 4.10283e-6 1 3.75781e-6 4.04142e-6 1 4.75655e-6 2.93245e-6 1 6.0381e-6 1.20287e-6 1 6.46363e-6 1.19209e-6 1 5.44695e-7 3.51772e-7 1 2.74223e-7 3.29489e-7 1 3.18067e-7 -3.53604e-7 1 0 0 1 4.30198e-6 0 1 5.61624e-6 0 1 8.86872e-7 3.47354e-7 1 4.49106e-7 0 1 0 0 1 -1.57319e-7 0 1 -2.31023e-7 0 1 3.61358e-6 1.79695e-6 1 3.67326e-6 1.83161e-6 1 3.46216e-6 1.25588e-6 1 3.53232e-6 6.41459e-7 1 3.83115e-6 2.23131e-7 1 4.00455e-6 6.76286e-7 1 3.57899e-6 2.45027e-6 1 3.6184e-6 2.55019e-6 1 1.78808e-6 3.42042e-6 1 1.39648e-6 3.23854e-6 1 1.58852e-6 3.02964e-6 1 3.06659e-6 2.94349e-6 1 7.84996e-6 -2.0743e-6 1 5.77959e-6 5.88992e-7 1 8.00652e-6 -4.98795e-6 1 3.82643e-6 -3.47194e-6 1 1.2231e-6 -2.11546e-6 1 0 0 1 7.27746e-7 0 1 8.92042e-7 0 -0.9929808 -0.1182762 0 -0.9929807 -0.118277 0 -0.9929807 -0.1182773 0 -0.9929808 -0.118276 0 -0.9929808 -0.1182757 0 -0.9929808 -0.1182757 0 0.9929807 -0.1182767 0 0.9929807 -0.1182766 0 0.9929805 -0.1182788 0 0.9929807 -0.1182767 0 0.9929805 -0.1182784 0 0.9929804 -0.118279 0 -1.0872e-5 0.9807907 0.195063 0 0.9059424 0.4234011 0 0.9059424 0.423401 0 0.9807922 0.1950559 0 0.9965662 0.08279991 0 0.9965661 0.08280092 -0.004251837 0.8308008 0.5565537 -0.00424993 0.830803 0.5565504 -1.01315e-6 0.4094789 0.9123197 0 0.409507 0.912307 -7.26174e-7 0.5170502 0.8559551 -1.48524e-6 0.5170519 0.8559541 -5.49933e-7 0.8093048 0.587389 0 0.8093045 0.5873893 -0.004261255 0.8307871 0.5565742 0 0.7278838 0.6857005 0 0.7278836 0.6857008 -0.004263758 0.8307917 0.5565672 0 0.9807916 0.195059 0 0.9807891 0.195071 0 0.872174 -0.4891959 0 0.872174 -0.4891959 -1.36105e-4 0.779067 -0.6269409 0 0.7790808 -0.6269237 0 1 1.51857e-5 0 1 1.34921e-5 0 0.6966077 0.7174522 0 0.696608 0.7174521 0 0.8092122 0.5875166 0 0.8091908 0.587546 0 0.9807779 0.1951276 0 0.9807822 0.1951059 -1 1.24508e-7 0 -1 1.50695e-7 0 -1 -4.62583e-7 -1.02768e-6 -1 2.40257e-6 -3.44285e-7 -1 1.35251e-6 1.18825e-6 -1 0 2.92861e-6 -1 -7.13753e-7 4.42672e-6 -1 -4.36816e-7 7.71092e-7 -1 0 0 -1 0 0 -1 1.84767e-7 0 -1 5.71847e-6 -2.4595e-6 -1 5.50458e-6 -2.58639e-6 -1 4.64004e-6 -1.50136e-6 -1 3.99118e-6 0 -1 -3.83222e-6 2.60338e-6 -1 -4.22141e-6 7.18546e-7 -1 -4.14856e-6 2.37058e-7 -1 -3.90194e-6 7.2384e-7 -1 -3.92946e-6 1.45571e-6 -1 -6.46439e-6 2.59892e-6 -1 -6.47674e-6 2.73705e-6 -1 -6.07572e-6 1.90241e-6 -1 -6.08359e-6 1.89891e-6 -1 -5.63126e-6 1.82854e-6 -1 -5.59431e-6 1.82753e-6 -1 -5.28557e-6 1.22826e-6 -1 -5.59514e-6 1.27984e-6 -1 3.77687e-6 -1.43575e-6 -1 3.77479e-6 -1.6774e-6 -1 3.24084e-6 -2.13524e-6 -1 2.57262e-6 -2.1192e-6 -1 0 -9.98929e-7 -1 1.20502e-5 -2.89452e-6 -1 1.27174e-5 -4.7492e-6 -1 9.6475e-6 -1.072e-5 -1 7.36514e-6 -1.14783e-5 -1 2.72208e-6 -4.12733e-6 -1 1.73098e-6 -3.91872e-6 -1 7.4447e-6 1.45447e-6 -1 9.10241e-6 6.3196e-6 -1 9.26277e-6 1.37434e-5 -1 2.68562e-6 1.16763e-5 -1 -1.90353e-6 8.07475e-6 -1 -3.06135e-6 3.12764e-6 -1 -1.57234e-6 3.2191e-6 -1 -1.64464e-6 3.44095e-6 -1 -2.15079e-6 3.63418e-6 -1 -3.7258e-6 2.70951e-6 0 0 1 0 1.82875e-6 1 0 -2.74314e-6 1 0 9.14377e-7 1 -4.78625e-7 0 1 -1.86915e-7 0 1 1.12813e-6 0 1 1.76905e-6 -0.8734489 -0.486916 -9.06163e-5 -0.798215 -0.6023728 -8.38514e-5 -0.7982081 -0.6023818 1.37938e-4 -0.6435697 -0.7653876 -1.92887e-4 -0.591523 -0.8062881 -4.69873e-6 -0.5555746 -0.8314667 -2.05286e-6 -0.5555707 -0.8314694 -1.92078e-6 -0.555572 -0.8314685 1.92076e-6 -0.555572 -0.8314686 5.68508e-5 -0.591504 -0.8063021 2.05286e-6 -0.5555711 -0.8314691 4.69872e-6 -0.5555735 -0.8314675 1.36093e-4 -0.6436024 -0.7653601 8.44253e-5 -0.7982082 -0.6023818 -9.00398e-5 -0.7982153 -0.6023724 0 -0.8734474 -0.4869186 -3.62646e-4 -0.851513 -0.5243335 1.68753e-4 -0.9437593 -0.3306332 2.39007e-4 -0.9683583 -0.249564 -2.3494e-6 -0.9807848 -0.1950927 -5.13214e-6 -0.9807843 -0.1950957 -4.94126e-6 -0.9807848 -0.1950926 6.78463e-5 -0.9683597 -0.2495585 2.69757e-6 -0.9807848 -0.1950927 3.07928e-6 -0.9807842 -0.195096 -1.17468e-6 -0.9807844 -0.1950952 1.69917e-4 -0.9437592 -0.330634 -1.05769e-4 -0.8515179 -0.5243257 -9.2988e-7 -1.33907e-6 -1 0 5.68121e-6 -1 4.46717e-6 -3.52754e-6 -1 2.39313e-6 -5.15346e-6 -1 -3.73829e-7 -1.82875e-6 -1 0 -2.27248e-6 -1 -1.30731e-5 -2.27248e-6 -1 1.69776e-4 -0.9437562 0.3306422 0 -0.9437535 0.33065 0 -0.968348 0.2496041 6.67643e-5 -0.9683495 0.2495987 7.85079e-6 -0.8995491 0.4368198 0 -0.8995344 0.4368501 -2.3988e-6 -0.9807828 0.1951032 0 -0.9807949 0.1950421 0 -0.9951869 0.09799468 0 -0.9951856 0.09800887 1.70489e-4 -0.9437482 0.3306652 1.71245e-4 -0.9437393 0.3306906 0 -0.5364985 0.8439013 0 -0.5364922 0.8439053 0 0.2010233 0.9795866 0 0.2010265 0.9795858 0 0.7278748 0.6857101 0 0.7278751 0.6857098 1.0184e-5 0.9965668 -0.08279299 0 0.9965664 -0.08279746 0 0.7070335 -0.7071801 0 0.7070351 -0.7071784 -1 -3.19493e-6 -3.12748e-6 -1 -4.07559e-6 -3.41931e-6 -1 -4.06596e-6 -3.43899e-6 -1 -1.6944e-6 -3.21901e-6 -1 -1.66832e-6 -3.44092e-6 -1 -2.09846e-6 -3.63417e-6 -1 -3.76737e-6 -2.60339e-6 -1 -3.62063e-6 -2.70957e-6 -1 -4.22141e-6 -7.18546e-7 -1 -4.17495e-6 -2.37062e-7 -1 -3.94909e-6 -6.81545e-7 -1 -3.93992e-6 -1.33437e-6 -1 -4.04243e-6 -1.94609e-6 -1 -4.06394e-6 -1.92598e-6 -1 -4.43549e-6 -7.26526e-7 -1 -4.42223e-6 -7.0021e-7 -1 -3.25377e-6 -2.24247e-6 -1 -3.14361e-6 -2.36297e-6 -1 -3.97674e-6 -3.49911e-6 -1 -3.79638e-6 -3.75955e-6 -1 -4.94763e-6 0 -1 -4.67711e-6 0 -1 -4.17048e-6 3.27949e-6 -1 -4.08427e-6 3.39022e-6 -1 -4.71162e-6 2.259e-6 -1 -4.50841e-6 2.55287e-6 -1 -5.61826e-6 -1.10985e-6 -1 -5.67801e-6 -1.12586e-6 -1 -4.47698e-6 -2.76954e-6 -1 -4.28937e-6 -2.97737e-6 -1 -3.68619e-6 -3.81689e-6 -1 -3.59494e-6 -3.87489e-6 -1.93718e-6 -3.78747e-6 -1 -8.94764e-6 -4.54497e-6 -1 -1.30731e-5 -4.54497e-6 -1 1.12149e-6 -3.65751e-6 -1 4.78626e-6 -2.27248e-6 -1 2.55267e-6 -3.91744e-6 -1 0 -7.57494e-6 -1 0.9582349 -0.09972882 0.2680301 0.9582371 -0.09971535 0.2680271 0.9986162 0.02009862 0.04860037 0.9986153 0.02010029 0.04861587 0.998645 -0.03678959 -0.03680604 0.9986449 -0.03677779 -0.03682029 0.9583873 -0.09962987 -0.2675218 0.958393 -0.09962528 -0.2675026 1.27634e-6 3.78747e-6 1 0 7.57494e-6 1 -2.55267e-6 3.91744e-6 1 0 2.27248e-6 1 7.47659e-7 3.65751e-6 1 -2.33369e-6 4.54497e-6 1 1.30731e-5 4.54497e-6 1</float_array>
          <technique_common>
            <accessor source="#fob_h_sniperrifle_diamond-mesh-normals-array" count="2433" stride="3">
              <param name="X" type="float"/>
              <param name="Y" type="float"/>
              <param name="Z" type="float"/>
            </accessor>
          </technique_common>
        </source>
        <source id="fob_h_sniperrifle_diamond-mesh-map-0">
          <float_array id="fob_h_sniperrifle_diamond-mesh-map-0-array" count="11652">0.851139 0.683444 0.855605 0.663728 0.940144 0.665912 0.67065 0.192095 0.597204 0.309776 0.675755 0.345878 0.67065 0.192095 0.601851 0.154659 0.597204 0.309776 0.523919 0.221427 0.597204 0.309776 0.601851 0.154659 0.523919 0.221427 0.601851 0.154659 0.534633 0.120037 0.523919 0.221427 0.42633 0.09496396 0.42065 0.242804 0.523919 0.221427 0.534633 0.120037 0.42633 0.09496396 0.304665 0.09504801 0.411784 0.05292296 0.319084 0.05292296 0.304665 0.09504801 0.42633 0.09496396 0.411784 0.05292296 0.266226 0.060606 0.203694 0.12033 0.304665 0.09504801 0.266226 0.060606 0.197336 0.077847 0.203694 0.12033 0.203694 0.12033 0.1172749 0.09789198 0.1303769 0.154299 0.203694 0.12033 0.197336 0.077847 0.1172749 0.09789198 0.05908095 0.419592 0.111949 0.35356 0.06627798 0.349124 0.05908095 0.419592 0.104567 0.435612 0.111949 0.35356 0.01951098 0.140305 0.1303769 0.154299 0.1172749 0.09789198 0.01951098 0.140305 0.06376099 0.195506 0.1303769 0.154299 0.024221 0.351347 0.05908095 0.419592 0.06627798 0.349124 0.024221 0.351347 0.02397799 0.420638 0.05908095 0.419592 0.01184499 0.192374 0.06627798 0.349124 0.06376099 0.195506 0.01184499 0.192374 0.024221 0.351347 0.06627798 0.349124 0.304665 0.09504801 0.214458 0.221619 0.310522 0.242421 0.304665 0.09504801 0.203694 0.12033 0.214458 0.221619 0.310522 0.242421 0.42633 0.09496396 0.304665 0.09504801 0.310522 0.242421 0.42065 0.242804 0.42633 0.09496396 0.2470819 0.784748 0.213485 0.912446 0.2470819 0.9105 0.2470819 0.784748 0.213485 0.782802 0.213485 0.912446 0.275374 0.826459 0.262269 0.896909 0.275374 0.868789 0.275374 0.826459 0.262269 0.798339 0.262269 0.896909 0.262269 0.798339 0.2470819 0.9105 0.262269 0.896909 0.262269 0.798339 0.2470819 0.784748 0.2470819 0.9105 0.213485 0.782802 0.201076 0.906921 0.213485 0.912446 0.213485 0.782802 0.201076 0.787617 0.201076 0.906921 0.184274 0.791034 0.201076 0.906921 0.201076 0.787617 0.184274 0.791034 0.184157 0.904732 0.201076 0.906921 0.138033 0.801269 0.151755 0.901692 0.152195 0.794353 0.138033 0.801269 0.137462 0.894717 0.151755 0.901692 0.109872 0.812497 0.137462 0.894717 0.138033 0.801269 0.109872 0.812497 0.108597 0.884266 0.137462 0.894717 0.09039098 0.869178 0.109872 0.812497 0.09061199 0.825958 0.09039098 0.869178 0.108597 0.884266 0.109872 0.812497 0.802438 0.279345 0.782468 0.277154 0.800702 0.268707 0.802438 0.279345 0.784449 0.289372 0.782468 0.277154 0.802144 0.169383 0.782165 0.1718209 0.783831 0.1597419 0.802144 0.169383 0.800528 0.179879 0.782165 0.1718209 0.83681 0.186393 0.800528 0.179879 0.802144 0.169383 0.83681 0.186393 0.835512 0.194341 0.800528 0.179879 0.837377 0.263068 0.800702 0.268707 0.836161 0.254779 0.837377 0.263068 0.802438 0.279345 0.800702 0.268707 0.867457 0.205408 0.850831 0.240916 0.851323 0.206934 0.867457 0.205408 0.867289 0.24321 0.850831 0.240916 0.099819 0.539276 0.04390394 0.589784 0.03313195 0.509009 0.099819 0.539276 0.09816396 0.582457 0.04390394 0.589784 0.161606 0.470775 0.08555996 0.479688 0.111217 0.445086 0.161606 0.470775 0.099819 0.539276 0.08555996 0.479688 0.319851 0.425324 0.270171 0.370156 0.321555 0.380646 0.319851 0.425324 0.253059 0.421955 0.270171 0.370156 0.253059 0.421955 0.2181 0.376148 0.270171 0.370156 0.253059 0.421955 0.2196879 0.420164 0.2181 0.376148 0.486473 0.424949 0.51273 0.464193 0.466715 0.456289 0.486473 0.424949 0.514319 0.420164 0.51273 0.464193 0.466715 0.456289 0.426386 0.50278 0.429767 0.455118 0.466715 0.456289 0.465406 0.506241 0.426386 0.50278 0.309993 0.454663 0.26981 0.505302 0.26828 0.456265 0.309993 0.454663 0.311165 0.504299 0.26981 0.505302 0.253059 0.421955 0.2212769 0.464178 0.2196879 0.420164 0.253059 0.421955 0.26828 0.456265 0.2212769 0.464178 0.613844 0.719131 0.653744 0.770691 0.610744 0.770691 0.613844 0.719131 0.666854 0.707438 0.653744 0.770691 0.666854 0.707438 0.707449 0.770691 0.653744 0.770691 0.666854 0.707438 0.728445 0.700817 0.707449 0.770691 0.157254 0.398582 0.111217 0.445086 0.124006 0.402744 0.157254 0.398582 0.161606 0.470775 0.111217 0.445086 0.666854 0.707438 0.627291 0.591158 0.701042 0.603728 0.666854 0.707438 0.613844 0.719131 0.627291 0.591158 0.08555996 0.479688 0.06384497 0.428104 0.111217 0.445086 0.08555996 0.479688 0.04869896 0.446907 0.06384497 0.428104 0.03313195 0.509009 0.04869896 0.446907 0.08555996 0.479688 0.03313195 0.509009 0.02268296 0.457889 0.04869896 0.446907 0.728445 0.700817 0.701042 0.603728 0.759096 0.612232 0.728445 0.700817 0.666854 0.707438 0.701042 0.603728 0.309345 0.319916 0.270171 0.370156 0.275677 0.312796 0.309345 0.319916 0.321555 0.380646 0.270171 0.370156 0.309345 0.319916 0.280454 0.255434 0.311311 0.262222 0.309345 0.319916 0.275677 0.312796 0.280454 0.255434 0.791361 0.689534 0.759096 0.612232 0.817411 0.640946 0.791361 0.689534 0.728445 0.700817 0.759096 0.612232 0.047782 0.887908 0.05653095 0.943569 0.07581996 0.919667 0.047782 0.887908 0.01946097 0.89716 0.05653095 0.943569 0.270171 0.370156 0.218425 0.313081 0.275677 0.312796 0.270171 0.370156 0.2181 0.376148 0.218425 0.313081 0.2181 0.376148 0.153679 0.321074 0.218425 0.313081 0.2181 0.376148 0.157254 0.398582 0.153679 0.321074 0.157254 0.398582 0.120437 0.364215 0.153679 0.321074 0.157254 0.398582 0.124006 0.402744 0.120437 0.364215 0.350337 0.453669 0.311165 0.504299 0.309993 0.454663 0.350337 0.453669 0.369033 0.501669 0.311165 0.504299 0.26981 0.505302 0.2212769 0.464178 0.26828 0.456265 0.26981 0.505302 0.217998 0.513633 0.2212769 0.464178 0.217998 0.513633 0.161606 0.470775 0.2212769 0.464178 0.217998 0.513633 0.1617349 0.525214 0.161606 0.470775 0.728445 0.700817 0.750018 0.770691 0.707449 0.770691 0.728445 0.700817 0.791361 0.689534 0.750018 0.770691 0.217046 0.57436 0.1617349 0.525214 0.217998 0.513633 0.217046 0.57436 0.152716 0.577438 0.1617349 0.525214 0.152716 0.577438 0.099819 0.539276 0.1617349 0.525214 0.152716 0.577438 0.09816396 0.582457 0.099819 0.539276 0.369033 0.501669 0.314413 0.571449 0.311165 0.504299 0.369033 0.501669 0.369033 0.574151 0.314413 0.571449 0.314413 0.571449 0.26981 0.505302 0.311165 0.504299 0.314413 0.571449 0.264205 0.572304 0.26981 0.505302 0.264205 0.572304 0.217998 0.513633 0.26981 0.505302 0.264205 0.572304 0.217046 0.57436 0.217998 0.513633 0.280454 0.255434 0.218425 0.313081 0.220243 0.238336 0.280454 0.255434 0.275677 0.312796 0.218425 0.313081 0.576754 0.398582 0.622789 0.445086 0.572402 0.470775 0.576754 0.398582 0.610002 0.402744 0.622789 0.445086 0.648447 0.479688 0.670162 0.428104 0.685308 0.446905 0.648447 0.479688 0.622789 0.445086 0.670162 0.428104 0.685308 0.446905 0.700875 0.509009 0.648447 0.479688 0.685308 0.446905 0.711414 0.458139 0.700875 0.509009 0.405625 0.700817 0.427508 0.603728 0.463508 0.707417 0.405625 0.700817 0.374695 0.618844 0.427508 0.603728 0.463508 0.707417 0.502261 0.591158 0.515709 0.719131 0.463508 0.707417 0.427508 0.603728 0.502261 0.591158 0.515709 0.719131 0.627291 0.591158 0.613844 0.719131 0.515709 0.719131 0.502261 0.591158 0.627291 0.591158 0.350337 0.453669 0.382712 0.429535 0.387731 0.453669 0.350337 0.453669 0.355355 0.429535 0.382712 0.429535 0.382712 0.338443 0.32243 0.33045 0.415638 0.33045 0.382712 0.338443 0.355355 0.338443 0.32243 0.33045 0.382712 0.338443 0.355355 0.399923 0.355355 0.338443 0.382712 0.338443 0.382793 0.400103 0.355355 0.399923 0.428723 0.319916 0.32243 0.33045 0.309345 0.319916 0.428723 0.319916 0.415638 0.33045 0.32243 0.33045 0.428723 0.319916 0.466625 0.370919 0.416513 0.380646 0.428723 0.319916 0.460998 0.313714 0.466625 0.370919 0.515908 0.376134 0.486473 0.424949 0.466625 0.370919 0.515908 0.376134 0.514319 0.420164 0.486473 0.424949 0.466761 0.25676 0.428723 0.319916 0.426756 0.262222 0.466761 0.25676 0.460998 0.313714 0.428723 0.319916 0.426756 0.262222 0.309345 0.319916 0.311311 0.262222 0.426756 0.262222 0.428723 0.319916 0.309345 0.319916 0.466715 0.456289 0.51451 0.511503 0.465406 0.506241 0.466715 0.456289 0.51273 0.464193 0.51451 0.511503 0.514319 0.420164 0.572402 0.470775 0.51273 0.464193 0.514319 0.420164 0.576754 0.398582 0.572402 0.470775 0.572402 0.470775 0.648447 0.479688 0.634188 0.539276 0.572402 0.470775 0.622789 0.445086 0.648447 0.479688 0.33992 0.689534 0.374695 0.618844 0.405625 0.700817 0.33992 0.689534 0.314024 0.649025 0.374695 0.618844 0.316168 0.895915 0.303984 0.950952 0.343894 0.906839 0.316168 0.895915 0.286193 0.925943 0.303984 0.950952 0.286193 0.925943 0.236007 0.980974 0.303984 0.950952 0.286193 0.925943 0.225293 0.952163 0.236007 0.980974 0.416505 0.427185 0.466625 0.370919 0.486473 0.424949 0.416505 0.427185 0.416513 0.380646 0.466625 0.370919 0.513771 0.313591 0.466625 0.370919 0.460998 0.313714 0.513771 0.313591 0.515908 0.376134 0.466625 0.370919 0.580329 0.321074 0.515908 0.376134 0.513771 0.313591 0.580329 0.321074 0.576754 0.398582 0.515908 0.376134 0.613571 0.364215 0.576754 0.398582 0.580329 0.321074 0.613571 0.364215 0.610002 0.402744 0.576754 0.398582 0.387731 0.453669 0.426386 0.50278 0.369033 0.501669 0.387731 0.453669 0.429767 0.455118 0.426386 0.50278 0.51451 0.511503 0.572402 0.470775 0.572273 0.525214 0.51451 0.511503 0.51273 0.464193 0.572402 0.470775 0.369033 0.501669 0.412061 0.574097 0.369033 0.574151 0.369033 0.501669 0.426386 0.50278 0.412061 0.574097 0.465406 0.506241 0.412061 0.574097 0.426386 0.50278 0.465406 0.506241 0.472154 0.574284 0.412061 0.574097 0.51451 0.511503 0.472154 0.574284 0.465406 0.506241 0.51451 0.511503 0.533929 0.575131 0.472154 0.574284 0.466761 0.25676 0.513771 0.313591 0.460998 0.313714 0.466761 0.25676 0.515011 0.2386119 0.513771 0.313591 0.002212941 0.127897 0.02452498 0.10746 0.002212941 0.10746 0.002212941 0.127897 0.02452498 0.127897 0.02452498 0.10746 0.002212941 0.10746 0.02452498 0.08702498 0.002212941 0.08702498 0.002212941 0.10746 0.02452498 0.10746 0.02452498 0.08702498 0.002212941 0.06658899 0.02452498 0.08702498 0.02452498 0.06658899 0.002212941 0.06658899 0.002212941 0.08702498 0.02452498 0.08702498 0.002212941 0.04615294 0.02452498 0.06658899 0.02452498 0.04615294 0.002212941 0.04615294 0.002212941 0.06658899 0.02452498 0.06658899 0.002212941 0.04615294 0.02452498 0.02571696 0.002212941 0.02571696 0.002212941 0.04615294 0.02452498 0.04615294 0.02452498 0.02571696 0.002212941 0.02571696 0.02452498 0.005281984 0.002212941 0.005281984 0.002212941 0.02571696 0.02452498 0.02571696 0.02452498 0.005281984 0.09039098 0.869178 0.109872 0.812497 0.108597 0.884266 0.09039098 0.869178 0.09061199 0.825958 0.109872 0.812497 0.756133 0.296996 0.736861 0.288547 0.739273 0.303617 0.756133 0.296996 0.754067 0.284088 0.736861 0.288547 0.73654 0.160755 0.755349 0.152688 0.738357 0.146163 0.73654 0.160755 0.753718 0.165544 0.755349 0.152688 0.769235 0.281678 0.756133 0.296996 0.771311 0.294583 0.769235 0.281678 0.754067 0.284088 0.756133 0.296996 0.755349 0.152688 0.768904 0.167307 0.770591 0.154433 0.755349 0.152688 0.753718 0.165544 0.768904 0.167307 0.768904 0.167307 0.783831 0.1597419 0.770591 0.154433 0.768904 0.167307 0.782165 0.1718209 0.783831 0.1597419 0.784449 0.289372 0.769235 0.281678 0.771311 0.294583 0.784449 0.289372 0.782468 0.277154 0.769235 0.281678 0.802438 0.279345 0.782468 0.277154 0.784449 0.289372 0.802438 0.279345 0.800702 0.268707 0.782468 0.277154 0.782165 0.1718209 0.802144 0.169383 0.783831 0.1597419 0.782165 0.1718209 0.800528 0.179879 0.802144 0.169383 0.800528 0.179879 0.83681 0.186393 0.802144 0.169383 0.800528 0.179879 0.835512 0.194341 0.83681 0.186393 0.837377 0.263068 0.800702 0.268707 0.802438 0.279345 0.837377 0.263068 0.836161 0.254779 0.800702 0.268707 0.850831 0.240916 0.867457 0.205408 0.851323 0.206934 0.850831 0.240916 0.867289 0.24321 0.867457 0.205408 0.04390394 0.589784 0.099819 0.539276 0.03313195 0.509009 0.04390394 0.589784 0.09816396 0.582457 0.099819 0.539276 0.161606 0.470775 0.08555996 0.479688 0.099819 0.539276 0.161606 0.470775 0.111217 0.445086 0.08555996 0.479688 0.321555 0.380646 0.355355 0.429535 0.355355 0.399923 0.321555 0.380646 0.319851 0.425324 0.355355 0.429535 0.319851 0.425324 0.270171 0.370156 0.253059 0.421955 0.319851 0.425324 0.321555 0.380646 0.270171 0.370156 0.2181 0.376148 0.253059 0.421955 0.270171 0.370156 0.2181 0.376148 0.2196879 0.420164 0.253059 0.421955 0.486473 0.424949 0.51273 0.464193 0.514319 0.420164 0.486473 0.424949 0.466715 0.456289 0.51273 0.464193 0.426386 0.50278 0.466715 0.456289 0.429767 0.455118 0.426386 0.50278 0.465406 0.506241 0.466715 0.456289 0.26828 0.456265 0.311165 0.504299 0.309993 0.454663 0.26828 0.456265 0.26981 0.505302 0.311165 0.504299 0.253059 0.421955 0.2212769 0.464178 0.26828 0.456265 0.253059 0.421955 0.2196879 0.420164 0.2212769 0.464178 0.653744 0.770691 0.613844 0.719131 0.610744 0.770691 0.653744 0.770691 0.666854 0.707438 0.613844 0.719131 0.666854 0.707438 0.707449 0.770691 0.728445 0.700817 0.666854 0.707438 0.653744 0.770691 0.707449 0.770691 0.157254 0.398582 0.111217 0.445086 0.161606 0.470775 0.157254 0.398582 0.124006 0.402744 0.111217 0.445086 0.666854 0.707438 0.627291 0.591158 0.613844 0.719131 0.666854 0.707438 0.701042 0.603728 0.627291 0.591158 0.08555996 0.479688 0.06384497 0.428104 0.04869896 0.446907 0.08555996 0.479688 0.111217 0.445086 0.06384497 0.428104 0.04869896 0.446907 0.03313195 0.509009 0.08555996 0.479688 0.04869896 0.446907 0.02268296 0.457889 0.03313195 0.509009 0.728445 0.700817 0.701042 0.603728 0.666854 0.707438 0.728445 0.700817 0.759096 0.612232 0.701042 0.603728 0.355355 0.338443 0.321555 0.380646 0.355355 0.399923 0.355355 0.338443 0.32243 0.33045 0.321555 0.380646 0.309345 0.319916 0.270171 0.370156 0.321555 0.380646 0.309345 0.319916 0.275677 0.312796 0.270171 0.370156 0.311311 0.262222 0.275677 0.312796 0.309345 0.319916 0.311311 0.262222 0.280454 0.255434 0.275677 0.312796 0.2212769 0.464178 0.26981 0.505302 0.26828 0.456265 0.2212769 0.464178 0.217998 0.513633 0.26981 0.505302 0.217998 0.513633 0.161606 0.470775 0.1617349 0.525214 0.217998 0.513633 0.2212769 0.464178 0.161606 0.470775 0.728445 0.700817 0.750018 0.770691 0.791361 0.689534 0.728445 0.700817 0.707449 0.770691 0.750018 0.770691 0.1617349 0.525214 0.217046 0.57436 0.217998 0.513633 0.1617349 0.525214 0.152716 0.577438 0.217046 0.57436 0.099819 0.539276 0.152716 0.577438 0.1617349 0.525214 0.099819 0.539276 0.09816396 0.582457 0.152716 0.577438 0.369033 0.501669 0.314413 0.571449 0.369033 0.574151 0.369033 0.501669 0.311165 0.504299 0.314413 0.571449 0.26981 0.505302 0.314413 0.571449 0.311165 0.504299 0.26981 0.505302 0.264205 0.572304 0.314413 0.571449 0.217998 0.513633 0.264205 0.572304 0.26981 0.505302 0.217998 0.513633 0.217046 0.57436 0.264205 0.572304 0.280454 0.255434 0.218425 0.313081 0.275677 0.312796 0.280454 0.255434 0.220243 0.238336 0.218425 0.313081 0.576754 0.398582 0.622789 0.445086 0.610002 0.402744 0.576754 0.398582 0.572402 0.470775 0.622789 0.445086 0.648447 0.479688 0.670162 0.428104 0.622789 0.445086 0.648447 0.479688 0.685308 0.446905 0.670162 0.428104 0.700875 0.509009 0.685308 0.446905 0.648447 0.479688 0.700875 0.509009 0.711414 0.458139 0.685308 0.446905 0.405625 0.700817 0.427508 0.603728 0.374695 0.618844 0.405625 0.700817 0.463508 0.707417 0.427508 0.603728 0.463508 0.707417 0.502261 0.591158 0.427508 0.603728 0.463508 0.707417 0.515709 0.719131 0.502261 0.591158 0.515709 0.719131 0.627291 0.591158 0.502261 0.591158 0.515709 0.719131 0.613844 0.719131 0.627291 0.591158 0.382712 0.429535 0.350337 0.453669 0.387731 0.453669 0.382712 0.429535 0.355355 0.429535 0.350337 0.453669 0.382712 0.429535 0.416513 0.380646 0.382793 0.400103 0.382712 0.429535 0.416505 0.427185 0.416513 0.380646 0.355355 0.399923 0.382712 0.429535 0.382793 0.400103 0.355355 0.399923 0.355355 0.429535 0.382712 0.429535 0.382712 0.338443 0.416513 0.380646 0.415638 0.33045 0.382712 0.338443 0.382793 0.400103 0.416513 0.380646 0.32243 0.33045 0.382712 0.338443 0.415638 0.33045 0.32243 0.33045 0.355355 0.338443 0.382712 0.338443 0.382712 0.338443 0.355355 0.399923 0.382793 0.400103 0.382712 0.338443 0.355355 0.338443 0.355355 0.399923 0.309345 0.319916 0.415638 0.33045 0.428723 0.319916 0.309345 0.319916 0.32243 0.33045 0.415638 0.33045 0.428723 0.319916 0.466625 0.370919 0.460998 0.313714 0.428723 0.319916 0.416513 0.380646 0.466625 0.370919 0.486473 0.424949 0.515908 0.376134 0.466625 0.370919 0.486473 0.424949 0.514319 0.420164 0.515908 0.376134 0.426756 0.262222 0.460998 0.313714 0.466761 0.25676 0.426756 0.262222 0.428723 0.319916 0.460998 0.313714 0.426756 0.262222 0.309345 0.319916 0.428723 0.319916 0.426756 0.262222 0.311311 0.262222 0.309345 0.319916 0.572402 0.470775 0.648447 0.479688 0.622789 0.445086 0.572402 0.470775 0.634188 0.539276 0.648447 0.479688 0.405625 0.700817 0.314024 0.649025 0.33992 0.689534 0.405625 0.700817 0.374695 0.618844 0.314024 0.649025 0.316168 0.895915 0.303984 0.950952 0.286193 0.925943 0.316168 0.895915 0.343894 0.906839 0.303984 0.950952 0.286193 0.925943 0.236007 0.980974 0.225293 0.952163 0.286193 0.925943 0.303984 0.950952 0.236007 0.980974 0.236007 0.980974 0.134949 0.949468 0.225293 0.952163 0.236007 0.980974 0.122482 0.977587 0.134949 0.949468 0.416505 0.427185 0.466625 0.370919 0.416513 0.380646 0.416505 0.427185 0.486473 0.424949 0.466625 0.370919 0.466625 0.370919 0.513771 0.313591 0.460998 0.313714 0.466625 0.370919 0.515908 0.376134 0.513771 0.313591 0.515908 0.376134 0.580329 0.321074 0.513771 0.313591 0.515908 0.376134 0.576754 0.398582 0.580329 0.321074 0.576754 0.398582 0.613571 0.364215 0.580329 0.321074 0.576754 0.398582 0.610002 0.402744 0.613571 0.364215 0.387731 0.453669 0.426386 0.50278 0.429767 0.455118 0.387731 0.453669 0.369033 0.501669 0.426386 0.50278 0.51451 0.511503 0.572402 0.470775 0.51273 0.464193 0.51451 0.511503 0.572273 0.525214 0.572402 0.470775 0.533929 0.575131 0.572273 0.525214 0.51451 0.511503 0.533929 0.575131 0.581292 0.577438 0.572273 0.525214 0.581292 0.577438 0.634188 0.539276 0.572273 0.525214 0.581292 0.577438 0.635843 0.582457 0.634188 0.539276 0.690102 0.589784 0.634188 0.539276 0.635843 0.582457 0.690102 0.589784 0.700875 0.509009 0.634188 0.539276 0.405625 0.700817 0.381032 0.770691 0.425358 0.770691 0.405625 0.700817 0.33992 0.689534 0.381032 0.770691 0.463508 0.707417 0.425358 0.770691 0.475042 0.770691 0.463508 0.707417 0.405625 0.700817 0.425358 0.770691 0.515709 0.719131 0.475042 0.770691 0.518698 0.770691 0.515709 0.719131 0.463508 0.707417 0.475042 0.770691 0.610744 0.770691 0.515709 0.719131 0.518698 0.770691 0.610744 0.770691 0.613844 0.719131 0.515709 0.719131 0.369033 0.501669 0.412061 0.574097 0.426386 0.50278 0.369033 0.501669 0.369033 0.574151 0.412061 0.574097 0.412061 0.574097 0.465406 0.506241 0.426386 0.50278 0.412061 0.574097 0.472154 0.574284 0.465406 0.506241 0.472154 0.574284 0.51451 0.511503 0.465406 0.506241 0.472154 0.574284 0.533929 0.575131 0.51451 0.511503 0.466761 0.25676 0.513771 0.313591 0.515011 0.2386119 0.466761 0.25676 0.460998 0.313714 0.513771 0.313591 0.002212941 0.127897 0.02452498 0.10746 0.02452498 0.127897 0.002212941 0.127897 0.002212941 0.10746 0.02452498 0.10746 0.002212941 0.08702498 0.02452498 0.10746 0.002212941 0.10746 0.002212941 0.08702498 0.02452498 0.08702498 0.02452498 0.10746 0.002212941 0.08702498 0.02452498 0.06658899 0.02452498 0.08702498 0.002212941 0.08702498 0.002212941 0.06658899 0.02452498 0.06658899 0.002212941 0.04615294 0.02452498 0.06658899 0.002212941 0.06658899 0.002212941 0.04615294 0.02452498 0.04615294 0.02452498 0.06658899 0.002212941 0.02571696 0.02452498 0.04615294 0.002212941 0.04615294 0.002212941 0.02571696 0.02452498 0.02571696 0.02452498 0.04615294 0.002212941 0.02571696 0.02452498 0.005281984 0.02452498 0.02571696 0.002212941 0.02571696 0.002212941 0.005281984 0.02452498 0.005281984 0.04878199 0.60043 0.04416197 0.614707 0.05088698 0.609483 0.04878199 0.60043 0.04269295 0.601022 0.04416197 0.614707 0.05544495 0.641547 0.04672396 0.632774 0.04925698 0.646213 0.05544495 0.641547 0.05504995 0.63254 0.04672396 0.632774 0.818917 0.661799 0.851139 0.683444 0.810474 0.678921 0.818917 0.661799 0.855605 0.663728 0.851139 0.683444 0.818917 0.982685 0.851139 0.961041 0.855605 0.980756 0.818917 0.982685 0.810474 0.965564 0.851139 0.961041 0.01184499 0.192374 0.06627798 0.349124 0.06376099 0.195506 0.01184499 0.192374 0.024221 0.351347 0.06627798 0.349124 0.304665 0.09504801 0.214458 0.221619 0.310522 0.242421 0.304665 0.09504801 0.203694 0.12033 0.214458 0.221619 0.42065 0.242804 0.304665 0.09504801 0.310522 0.242421 0.42065 0.242804 0.42633 0.09496396 0.304665 0.09504801 0.04878199 0.60043 0.04416197 0.614707 0.05088698 0.609483 0.04878199 0.60043 0.04269295 0.601022 0.04416197 0.614707 0.05544495 0.641547 0.04672396 0.632774 0.04925698 0.646213 0.05544495 0.641547 0.05504995 0.63254 0.04672396 0.632774 0.818917 0.661799 0.851139 0.683444 0.810474 0.678921 0.818917 0.661799 0.855605 0.663728 0.851139 0.683444 0.818917 0.982685 0.851139 0.961041 0.855605 0.980756 0.818917 0.982685 0.810474 0.965564 0.851139 0.961041 0.937609 0.978572 0.878415 0.941456 0.959367 0.942034 0.937609 0.978572 0.851139 0.961041 0.878415 0.941456 0.756133 0.296996 0.736861 0.288547 0.754067 0.284088 0.756133 0.296996 0.739273 0.303617 0.736861 0.288547 0.755349 0.152688 0.73654 0.160755 0.738357 0.146163 0.755349 0.152688 0.753718 0.165544 0.73654 0.160755 0.756133 0.296996 0.769235 0.281678 0.771311 0.294583 0.756133 0.296996 0.754067 0.284088 0.769235 0.281678 0.755349 0.152688 0.768904 0.167307 0.753718 0.165544 0.755349 0.152688 0.770591 0.154433 0.768904 0.167307 0.783831 0.1597419 0.768904 0.167307 0.770591 0.154433 0.783831 0.1597419 0.782165 0.1718209 0.768904 0.167307 0.784449 0.289372 0.769235 0.281678 0.782468 0.277154 0.784449 0.289372 0.771311 0.294583 0.769235 0.281678 0.382712 0.429535 0.355355 0.399923 0.382793 0.400103 0.382712 0.429535 0.355355 0.429535 0.355355 0.399923 0.572273 0.525214 0.533929 0.575131 0.51451 0.511503 0.572273 0.525214 0.581292 0.577438 0.533929 0.575131 0.634188 0.539276 0.581292 0.577438 0.572273 0.525214 0.634188 0.539276 0.635843 0.582457 0.581292 0.577438 0.690102 0.589784 0.634188 0.539276 0.700875 0.509009 0.690102 0.589784 0.635843 0.582457 0.634188 0.539276 0.381032 0.770691 0.405625 0.700817 0.425358 0.770691 0.381032 0.770691 0.33992 0.689534 0.405625 0.700817 0.425358 0.770691 0.463508 0.707417 0.475042 0.770691 0.425358 0.770691 0.405625 0.700817 0.463508 0.707417 0.475042 0.770691 0.515709 0.719131 0.518698 0.770691 0.475042 0.770691 0.463508 0.707417 0.515709 0.719131 0.518698 0.770691 0.613844 0.719131 0.610744 0.770691 0.518698 0.770691 0.515709 0.719131 0.613844 0.719131 0.817411 0.640946 0.728445 0.700817 0.791361 0.689534 0.817411 0.640946 0.759096 0.612232 0.728445 0.700817 0.047782 0.887908 0.05653095 0.943569 0.01946097 0.89716 0.047782 0.887908 0.07581996 0.919667 0.05653095 0.943569 0.07581996 0.919667 0.122482 0.977587 0.05653095 0.943569 0.07581996 0.919667 0.134949 0.949468 0.122482 0.977587 0.218425 0.313081 0.270171 0.370156 0.275677 0.312796 0.218425 0.313081 0.2181 0.376148 0.270171 0.370156 0.153679 0.321074 0.2181 0.376148 0.218425 0.313081 0.153679 0.321074 0.157254 0.398582 0.2181 0.376148 0.120437 0.364215 0.157254 0.398582 0.153679 0.321074 0.120437 0.364215 0.124006 0.402744 0.157254 0.398582 0.350337 0.453669 0.311165 0.504299 0.369033 0.501669 0.350337 0.453669 0.309993 0.454663 0.311165 0.504299 0.465406 0.506241 0.51273 0.464193 0.466715 0.456289 0.465406 0.506241 0.51451 0.511503 0.51273 0.464193 0.923484 0.740015 0.940144 0.665912 0.981009 0.738686 0.923484 0.740015 0.851139 0.683444 0.940144 0.665912 0.923484 0.740015 0.987202 0.776707 0.911112 0.784387 0.923484 0.740015 0.981009 0.738686 0.987202 0.776707 0.987202 0.867777 0.923484 0.904469 0.911111 0.860097 0.987202 0.867777 0.981009 0.905799 0.923484 0.904469 0.937609 0.978572 0.923484 0.904469 0.981009 0.905799 0.937609 0.978572 0.851139 0.961041 0.923484 0.904469 0.937609 0.978572 0.855605 0.980756 0.851139 0.961041 0.911112 0.784387 0.987202 0.867777 0.911111 0.860097 0.911112 0.784387 0.987202 0.776707 0.987202 0.867777 0.622206 0.003250956 0.501036 0.043657 0.621463 0.04141598 0.622206 0.003250956 0.494751 0.003761947 0.501036 0.043657 0.621463 0.04141598 0.696877 0.005794942 0.622206 0.003250956 0.621463 0.04141598 0.691662 0.04229795 0.696877 0.005794942 0.450822 0.04460197 0.494751 0.003761947 0.471133 0.008463978 0.450822 0.04460197 0.501036 0.043657 0.494751 0.003761947 0.403186 0.04585796 0.471133 0.008463978 0.370411 0.007602989 0.403186 0.04585796 0.450822 0.04460197 0.471133 0.008463978 0.234973 0.008708 0.341933 0.04411095 0.346104 0.003939986 0.234973 0.008708 0.23773 0.046781 0.341933 0.04411095 0.1605409 0.01519298 0.23773 0.046781 0.234973 0.008708 0.1605409 0.01519298 0.168608 0.05495494 0.23773 0.046781 0.346104 0.003939986 0.403186 0.04585796 0.370411 0.007602989 0.346104 0.003939986 0.341933 0.04411095 0.403186 0.04585796 0.461905 0.062379 0.534633 0.120037 0.541679 0.08053499 0.461905 0.062379 0.42633 0.09496396 0.534633 0.120037 0.541679 0.08053499 0.67065 0.192095 0.691619 0.148991 0.541679 0.08053499 0.534633 0.120037 0.67065 0.192095 0.686496 0.415894 0.712529 0.346735 0.675755 0.345878 0.686496 0.415894 0.712661 0.415617 0.712529 0.346735 0.709726 0.193164 0.675755 0.345878 0.712529 0.346735 0.709726 0.193164 0.67065 0.192095 0.675755 0.345878 0.630365 0.352619 0.686496 0.415894 0.675755 0.345878 0.630365 0.352619 0.641877 0.434195 0.686496 0.415894 0.523919 0.221427 0.42633 0.09496396 0.42065 0.242804 0.523919 0.221427 0.534633 0.120037 0.42633 0.09496396 0.304665 0.09504801 0.411784 0.05292296 0.319084 0.05292296 0.304665 0.09504801 0.42633 0.09496396 0.411784 0.05292296 0.266226 0.060606 0.203694 0.12033 0.304665 0.09504801 0.266226 0.060606 0.197336 0.077847 0.203694 0.12033 0.06376099 0.195506 0.197336 0.077847 0.01951098 0.140305 0.06376099 0.195506 0.203694 0.12033 0.197336 0.077847 0.05908095 0.419592 0.111949 0.35356 0.06627798 0.349124 0.05908095 0.419592 0.104567 0.435612 0.111949 0.35356 0.024221 0.351347 0.05908095 0.419592 0.06627798 0.349124 0.024221 0.351347 0.02397799 0.420638 0.05908095 0.419592 0.878415 0.703028 0.940144 0.665912 0.968381 0.717588 0.878415 0.703028 0.851139 0.683444 0.940144 0.665912 0.968381 0.717588 0.923484 0.740015 0.878415 0.703028 0.968381 0.717588 0.981009 0.738686 0.923484 0.740015 0.923484 0.904469 0.959367 0.942034 0.878415 0.941456 0.923484 0.904469 0.981009 0.905799 0.959367 0.942034 0.923484 0.740015 0.987202 0.776707 0.911112 0.784387 0.923484 0.740015 0.981009 0.738686 0.987202 0.776707 0.911112 0.784387 0.987202 0.867777 0.911111 0.860097 0.911112 0.784387 0.987202 0.776707 0.987202 0.867777 0.575118 0.005503952 0.621463 0.04141598 0.622206 0.003250956 0.575118 0.005503952 0.579879 0.04573696 0.621463 0.04141598 0.691662 0.04229795 0.622206 0.003250956 0.621463 0.04141598 0.691662 0.04229795 0.696877 0.005794942 0.622206 0.003250956 0.501036 0.043657 0.575118 0.005503952 0.494751 0.003761947 0.501036 0.043657 0.579879 0.04573696 0.575118 0.005503952 0.450822 0.04460197 0.494751 0.003761947 0.471133 0.008463978 0.450822 0.04460197 0.501036 0.043657 0.494751 0.003761947 0.370411 0.007602989 0.450822 0.04460197 0.471133 0.008463978 0.370411 0.007602989 0.403186 0.04585796 0.450822 0.04460197 0.23773 0.046781 0.269973 0.009115993 0.234973 0.008708 0.23773 0.046781 0.267341 0.04954397 0.269973 0.009115993 0.168608 0.05495494 0.234973 0.008708 0.1605409 0.01519298 0.168608 0.05495494 0.23773 0.046781 0.234973 0.008708 0.269973 0.009115993 0.341933 0.04411095 0.346104 0.003939986 0.269973 0.009115993 0.267341 0.04954397 0.341933 0.04411095 0.346104 0.003939986 0.403186 0.04585796 0.370411 0.007602989 0.346104 0.003939986 0.341933 0.04411095 0.403186 0.04585796 0.461905 0.062379 0.534633 0.120037 0.541679 0.08053499 0.461905 0.062379 0.42633 0.09496396 0.534633 0.120037 0.601851 0.154659 0.541679 0.08053499 0.534633 0.120037 0.601851 0.154659 0.622161 0.112351 0.541679 0.08053499 0.686496 0.415894 0.712529 0.346735 0.675755 0.345878 0.686496 0.415894 0.712661 0.415617 0.712529 0.346735 0.709726 0.193164 0.675755 0.345878 0.712529 0.346735 0.709726 0.193164 0.67065 0.192095 0.675755 0.345878 0.630365 0.352619 0.686496 0.415894 0.675755 0.345878 0.630365 0.352619 0.641877 0.434195 0.686496 0.415894 0.622161 0.112351 0.67065 0.192095 0.691619 0.148991 0.622161 0.112351 0.601851 0.154659 0.67065 0.192095 0.415638 0.33045 0.382793 0.400103 0.382712 0.338443 0.415638 0.33045 0.416513 0.380646 0.382793 0.400103 0.416513 0.380646 0.382712 0.429535 0.382793 0.400103 0.416513 0.380646 0.416505 0.427185 0.382712 0.429535 0.597204 0.309776 0.630365 0.352619 0.675755 0.345878 0.987202 0.867777 0.923484 0.904469 0.911111 0.860097 0.987202 0.867777 0.981009 0.905799 0.923484 0.904469 0.67065 0.192095 0.630365 0.352619 0.675755 0.345878 0.67065 0.192095 0.523919 0.221427 0.630365 0.352619 0.67065 0.192095 0.534633 0.120037 0.523919 0.221427 0.06627798 0.349124 0.111949 0.35356 0.142907 0.309094 0.2196879 0.420164 0.161606 0.470775 0.2212769 0.464178 0.2196879 0.420164 0.157254 0.398582 0.161606 0.470775 0.2181 0.376148 0.157254 0.398582 0.2196879 0.420164 0.142907 0.309094 0.06376099 0.195506 0.06627798 0.349124 0.142907 0.309094 0.1303769 0.154299 0.06376099 0.195506 0.1303769 0.154299 0.142907 0.309094 0.214458 0.221619 0.1303769 0.154299 0.214458 0.221619 0.203694 0.12033 0.169909 0.904751 0.152195 0.794353 0.151755 0.901692 0.169909 0.904751 0.170087 0.790826 0.152195 0.794353 0.169909 0.904751 0.184274 0.791034 0.170087 0.790826 0.169909 0.904751 0.184157 0.904732 0.184274 0.791034 0.855605 0.980756 0.851139 0.961041 0.937609 0.978572 0.284826 0.583557 0.281589 0.590758 0.273382 0.583674 0.06376099 0.195506 0.214458 0.221619 0.203694 0.12033 0.06376099 0.195506 0.111949 0.35356 0.214458 0.221619 0.06376099 0.195506 0.06627798 0.349124 0.111949 0.35356 0.867289 0.24321 0.855748 0.248136 0.850831 0.240916 0.836161 0.254779 0.850831 0.240916 0.855748 0.248136 0.836161 0.254779 0.855748 0.248136 0.837377 0.263068 0.851139 0.683444 0.855605 0.663728 0.940144 0.665912 0.867457 0.205408 0.851323 0.206934 0.856732 0.199366 0.856732 0.199366 0.851323 0.206934 0.835512 0.194341 0.856732 0.199366 0.835512 0.194341 0.83681 0.186393 0.700875 0.509009 0.634188 0.539276 0.648447 0.479688 0.057787 0.07631099 0.072479 0.05086499 0.08717095 0.07631099 0.355452 0.590001 0.35128 0.582875 0.363534 0.582749 0.057787 0.07631099 0.08717095 0.07631099 0.072479 0.101757 0.416505 0.427185 0.466715 0.456289 0.429767 0.455118 0.057787 0.07631099 0.072479 0.101757 0.04309594 0.101757 0.319851 0.425324 0.26828 0.456265 0.253059 0.421955 0.057787 0.07631099 0.04309594 0.101757 0.02840495 0.07631099 0.466715 0.456289 0.416505 0.427185 0.486473 0.424949 0.057787 0.07631099 0.02840495 0.07631099 0.04309594 0.05086499 0.26828 0.456265 0.319851 0.425324 0.309993 0.454663 0.057787 0.07631099 0.04309594 0.05086499 0.072479 0.05086499 0.701811 0.424712 0.685308 0.446905 0.670162 0.428104 0.515011 0.2386119 0.513771 0.313591 0.580329 0.321074 0.04869896 0.446907 0.02367395 0.429029 0.06384599 0.428106 0.572273 0.525214 0.634188 0.539276 0.572402 0.470775 0.01439797 0.828262 0.04562497 0.823375 0.01426696 0.80675 0.01439797 0.828262 0.047782 0.887908 0.04562497 0.823375 0.01439797 0.828262 0.01946097 0.89716 0.047782 0.887908 0.515908 0.376134 0.514319 0.420164 0.576754 0.398582 0.514319 0.420164 0.572402 0.470775 0.576754 0.398582 0.514319 0.420164 0.51273 0.464193 0.572402 0.470775 0.350337 0.453669 0.319851 0.425324 0.355355 0.429535 0.387731 0.453669 0.429767 0.455118 0.416505 0.427185 0.355355 0.399923 0.32243 0.33045 0.355355 0.338443 0.355355 0.399923 0.321555 0.380646 0.32243 0.33045 0.355355 0.429535 0.321555 0.380646 0.355355 0.399923 0.355355 0.429535 0.319851 0.425324 0.321555 0.380646 0.32243 0.33045 0.321555 0.380646 0.309345 0.319916 0.387731 0.453669 0.350337 0.453669 0.369033 0.501669 0.350337 0.453669 0.309993 0.454663 0.319851 0.425324 0.415638 0.33045 0.416513 0.380646 0.428723 0.319916 0.2181 0.376148 0.2196879 0.420164 0.157254 0.398582 0.2196879 0.420164 0.161606 0.470775 0.157254 0.398582 0.2196879 0.420164 0.2212769 0.464178 0.161606 0.470775 0.416505 0.427185 0.382712 0.429535 0.387731 0.453669 0.1617349 0.525214 0.099819 0.539276 0.161606 0.470775 0.35326 0.838372 0.322315 0.83163 0.354707 0.816907 0.35326 0.838372 0.316168 0.895915 0.322315 0.83163 0.35326 0.838372 0.343894 0.906839 0.316168 0.895915 0.03313195 0.509009 0.08555996 0.479688 0.099819 0.539276 0.220243 0.238336 0.153679 0.321074 0.218425 0.313081 0.220243 0.238336 0.218425 0.313081 0.153679 0.321074 0.03313195 0.509009 0.099819 0.539276 0.08555996 0.479688 0.35326 0.838372 0.316168 0.895915 0.343894 0.906839 0.35326 0.838372 0.322315 0.83163 0.316168 0.895915 0.35326 0.838372 0.354707 0.816907 0.322315 0.83163 0.1617349 0.525214 0.161606 0.470775 0.099819 0.539276 0.416505 0.427185 0.387731 0.453669 0.382712 0.429535 0.350337 0.453669 0.319851 0.425324 0.309993 0.454663 0.415638 0.33045 0.428723 0.319916 0.416513 0.380646 0.32243 0.33045 0.309345 0.319916 0.321555 0.380646 0.387731 0.453669 0.369033 0.501669 0.350337 0.453669 0.350337 0.453669 0.355355 0.429535 0.319851 0.425324 0.515908 0.376134 0.576754 0.398582 0.514319 0.420164 0.01439797 0.828262 0.047782 0.887908 0.01946097 0.89716 0.01439797 0.828262 0.04562497 0.823375 0.047782 0.887908 0.01439797 0.828262 0.01426696 0.80675 0.04562497 0.823375 0.387731 0.453669 0.416505 0.427185 0.429767 0.455118 0.04869896 0.446907 0.06384599 0.428106 0.02367395 0.429029 0.07581996 0.919667 0.05653095 0.943569 0.122482 0.977587 0.07581996 0.919667 0.122482 0.977587 0.134949 0.949468 0.236007 0.980974 0.134949 0.949468 0.122482 0.977587 0.236007 0.980974 0.225293 0.952163 0.134949 0.949468 0.701811 0.424712 0.670162 0.428104 0.685308 0.446905 0.572273 0.525214 0.572402 0.470775 0.634188 0.539276 0.26828 0.456265 0.309993 0.454663 0.319851 0.425324 0.515011 0.2386119 0.580329 0.321074 0.513771 0.313591 0.466715 0.456289 0.486473 0.424949 0.416505 0.427185 0.057787 0.07631099 0.072479 0.05086499 0.04309594 0.05086499 0.319851 0.425324 0.253059 0.421955 0.26828 0.456265 0.057787 0.07631099 0.04309594 0.05086499 0.02840495 0.07631099 0.416505 0.427185 0.429767 0.455118 0.466715 0.456289 0.057787 0.07631099 0.02840495 0.07631099 0.04309594 0.101757 0.355452 0.590001 0.363534 0.582749 0.35128 0.582875 0.057787 0.07631099 0.04309594 0.101757 0.072479 0.101757 0.700875 0.509009 0.648447 0.479688 0.634188 0.539276 0.057787 0.07631099 0.072479 0.101757 0.08717095 0.07631099 0.867457 0.205408 0.856732 0.199366 0.851323 0.206934 0.856732 0.199366 0.835512 0.194341 0.851323 0.206934 0.856732 0.199366 0.83681 0.186393 0.835512 0.194341 0.057787 0.07631099 0.08717095 0.07631099 0.072479 0.05086499 0.867289 0.24321 0.850831 0.240916 0.855748 0.248136 0.836161 0.254779 0.855748 0.248136 0.850831 0.240916 0.836161 0.254779 0.837377 0.263068 0.855748 0.248136 0.284826 0.583557 0.273382 0.583674 0.281589 0.590758 0.978111 0.124451 0.978128 0.149073 0.963227 0.149073 0.978111 0.124451 0.963227 0.149073 0.963215 0.124451 0.924025 0.149073 0.963215 0.124451 0.963227 0.149073 0.924025 0.149073 0.924016 0.124451 0.963215 0.124451 0.840958 0.124451 0.880157 0.124451 0.880151 0.149073 0.840958 0.124451 0.880151 0.149073 0.84095 0.149073 0.84095 0.149073 0.826063 0.124451 0.840958 0.124451 0.84095 0.149073 0.826048 0.149073 0.826063 0.124451 0.811974 0.149073 0.826063 0.124451 0.826048 0.149073 0.811974 0.149073 0.811996 0.124451 0.826063 0.124451 0.813767 0.067339 0.788589 0.04100096 0.813925 0.04104995 0.813767 0.067339 0.788435 0.06666195 0.788589 0.04100096 0.813503 0.111081 0.788435 0.06666195 0.813767 0.067339 0.813503 0.111081 0.788165 0.111538 0.788435 0.06666195 0.830946 0.07074797 0.830723 0.107821 0.813503 0.111081 0.830946 0.07074797 0.813503 0.111081 0.813767 0.067339 0.842431 0.05670595 0.830946 0.07074797 0.813767 0.067339 0.842431 0.05670595 0.813767 0.067339 0.835799 0.04363399 0.85919 0.05677795 0.842431 0.05670595 0.835799 0.04363399 0.85919 0.05677795 0.835799 0.04363399 0.86598 0.04376596 0.887724 0.06766098 0.85919 0.05677795 0.86598 0.04376596 0.887724 0.06766098 0.870505 0.07091999 0.85919 0.05677795 0.88746 0.111402 0.870505 0.07091999 0.887724 0.06766098 0.88746 0.111402 0.870281 0.107993 0.870505 0.07091999 0.88746 0.111402 0.913059 0.06778299 0.912796 0.1115 0.88746 0.111402 0.887724 0.06766098 0.913059 0.06778299 0.887724 0.06766098 0.912884 0.04153895 0.913059 0.06778299 0.887724 0.06766098 0.888215 0.04137498 0.912884 0.04153895 0.912884 0.04153895 0.888215 0.04137498 0.888821 0.01575899 0.912884 0.04153895 0.888821 0.01575899 0.912823 0.01596897 0.93017 0.07117998 0.929947 0.108251 0.912796 0.1115 0.93017 0.07117998 0.912796 0.1115 0.913059 0.06778299 0.941649 0.05714195 0.93017 0.07117998 0.913059 0.06778299 0.941649 0.05714195 0.913059 0.06778299 0.935043 0.04412299 0.941649 0.05714195 0.935043 0.04412299 0.965165 0.044254 0.941649 0.05714195 0.965165 0.044254 0.958403 0.05721497 0.98686 0.06868296 0.958403 0.05721497 0.965165 0.044254 0.98686 0.06868296 0.969712 0.071352 0.958403 0.05721497 0.986604 0.11124 0.969712 0.071352 0.98686 0.06868296 0.986604 0.11124 0.969489 0.108423 0.969712 0.071352 0.59008 0.867855 0.609785 0.842859 0.598276 0.853513 0.59008 0.867855 0.623129 0.836528 0.609785 0.842859 0.59008 0.867855 0.637331 0.834675 0.623129 0.836528 0.59008 0.867855 0.651382 0.837314 0.637331 0.834675 0.59008 0.867855 0.664275 0.844375 0.651382 0.837314 0.59008 0.867855 0.675048 0.855649 0.664275 0.844375 0.59008 0.867855 0.682267 0.87042 0.675048 0.855649 0.59008 0.867855 0.68455 0.887078 0.682267 0.87042 0.59008 0.867855 0.681231 0.903306 0.68455 0.887078 0.59008 0.867855 0.672692 0.916948 0.681231 0.903306 0.59008 0.867855 0.657802 0.926719 0.672692 0.916948 0.59008 0.867855 0.644966 0.932539 0.657802 0.926719 0.59008 0.867855 0.622849 0.932001 0.644966 0.932539 0.59008 0.867855 0.610581 0.9255 0.622849 0.932001 0.59008 0.867855 0.596523 0.914839 0.610581 0.9255 0.59008 0.867855 0.588916 0.900738 0.596523 0.914839 0.59008 0.867855 0.586686 0.884355 0.588916 0.900738 0.768663 0.916233 0.747046 0.939603 0.762997 0.915011 0.768663 0.916233 0.751952 0.941998 0.747046 0.939603 0.751952 0.941998 0.720892 0.967782 0.747046 0.939603 0.751952 0.941998 0.724549 0.971522 0.720892 0.967782 0.724549 0.971522 0.686299 0.983029 0.720892 0.967782 0.724549 0.971522 0.688305 0.987497 0.686299 0.983029 0.688305 0.987497 0.646108 0.987499 0.686299 0.983029 0.688305 0.987497 0.646196 0.99218 0.646108 0.987499 0.646196 0.99218 0.605629 0.980696 0.646108 0.987499 0.646196 0.99218 0.603785 0.985053 0.605629 0.980696 0.603785 0.985053 0.570445 0.964268 0.605629 0.980696 0.603785 0.985053 0.566921 0.967841 0.570445 0.964268 0.566921 0.967841 0.544308 0.941197 0.570445 0.964268 0.566921 0.967841 0.539536 0.943668 0.544308 0.941197 0.523263 0.915645 0.544308 0.941197 0.539536 0.943668 0.523263 0.915645 0.528776 0.91445 0.544308 0.941197 0.518499 0.885818 0.528776 0.91445 0.523263 0.915645 0.518499 0.885818 0.524228 0.885982 0.528776 0.91445 0.518499 0.885818 0.530705 0.857817 0.524228 0.885982 0.518499 0.885818 0.525284 0.856308 0.530705 0.857817 0.525284 0.856308 0.548027 0.831972 0.530705 0.857817 0.525284 0.856308 0.543433 0.829231 0.548027 0.831972 0.57241 0.806606 0.548027 0.831972 0.543433 0.829231 0.57241 0.806606 0.575684 0.810378 0.548027 0.831972 0.610377 0.791445 0.575684 0.810378 0.57241 0.806606 0.610377 0.791445 0.611921 0.795908 0.575684 0.810378 0.653194 0.78665 0.611921 0.795908 0.610377 0.791445 0.653194 0.78665 0.652787 0.791331 0.611921 0.795908 0.694906 0.793621 0.652787 0.791331 0.653194 0.78665 0.694906 0.793621 0.692599 0.797985 0.652787 0.791331 0.729971 0.811553 0.692599 0.797985 0.694906 0.793621 0.729971 0.811553 0.726066 0.8151 0.692599 0.797985 0.755085 0.842826 0.726066 0.8151 0.729971 0.811553 0.755085 0.842826 0.750037 0.844949 0.726066 0.8151 0.770045 0.869784 0.750037 0.844949 0.755085 0.842826 0.770045 0.869784 0.764315 0.870678 0.750037 0.844949 0.768663 0.916233 0.764315 0.870678 0.770045 0.869784 0.768663 0.916233 0.762997 0.915011 0.764315 0.870678 0.663766 0.837049 0.620461 0.835865 0.652787 0.791331 0.611921 0.795908 0.652787 0.791331 0.620461 0.835865 0.575684 0.810378 0.611921 0.795908 0.620461 0.835865 0.620461 0.835865 0.584781 0.853874 0.575684 0.810378 0.548027 0.831972 0.575684 0.810378 0.584781 0.853874 0.530705 0.857817 0.548027 0.831972 0.584781 0.853874 0.584781 0.853874 0.570354 0.884196 0.530705 0.857817 0.524228 0.885982 0.530705 0.857817 0.570354 0.884196 0.524228 0.885982 0.570354 0.884196 0.528776 0.91445 0.582692 0.915249 0.528776 0.91445 0.570354 0.884196 0.636764 0.885995 0.582692 0.915249 0.570354 0.884196 0.636764 0.885995 0.61708 0.935173 0.582692 0.915249 0.636764 0.885995 0.660385 0.936356 0.61708 0.935173 0.636764 0.885995 0.696065 0.918348 0.660385 0.936356 0.636764 0.885995 0.698155 0.856972 0.696065 0.918348 0.636764 0.885995 0.663766 0.837049 0.698155 0.856972 0.636764 0.885995 0.620461 0.835865 0.663766 0.837049 0.636764 0.885995 0.584781 0.853874 0.620461 0.835865 0.636764 0.885995 0.570354 0.884196 0.584781 0.853874 0.528776 0.91445 0.582692 0.915249 0.544308 0.941197 0.544308 0.941197 0.582692 0.915249 0.570445 0.964268 0.61708 0.935173 0.570445 0.964268 0.582692 0.915249 0.570445 0.964268 0.61708 0.935173 0.605629 0.980696 0.605629 0.980696 0.61708 0.935173 0.646108 0.987499 0.660385 0.936356 0.646108 0.987499 0.61708 0.935173 0.646108 0.987499 0.660385 0.936356 0.686299 0.983029 0.686299 0.983029 0.660385 0.936356 0.720892 0.967782 0.696065 0.918348 0.720892 0.967782 0.660385 0.936356 0.720892 0.967782 0.696065 0.918348 0.747046 0.939603 0.747046 0.939603 0.696065 0.918348 0.762997 0.915011 0.696065 0.918348 0.764315 0.870678 0.762997 0.915011 0.696065 0.918348 0.698155 0.856972 0.764315 0.870678 0.750037 0.844949 0.764315 0.870678 0.698155 0.856972 0.726066 0.8151 0.750037 0.844949 0.698155 0.856972 0.698155 0.856972 0.663766 0.837049 0.726066 0.8151 0.692599 0.797985 0.726066 0.8151 0.663766 0.837049 0.652787 0.791331 0.692599 0.797985 0.663766 0.837049 0.93902 0.757352 0.829878 0.737618 0.93902 0.737618 0.93902 0.757352 0.829878 0.757353 0.829878 0.737618 0.420344 0.946009 0.335541 0.876944 0.420351 0.876955 0.420344 0.946009 0.335534 0.945997 0.335541 0.876944 0.420341 0.97215 0.335534 0.945997 0.420344 0.946009 0.420341 0.97215 0.335532 0.972137 0.335534 0.945997 0.05688399 0.107288 0.1416929 0.12536 0.05688399 0.12536 0.05688399 0.107288 0.141694 0.107288 0.1416929 0.12536 0.1416929 0.03128397 0.141694 0.107288 0.05688399 0.107288 0.1416929 0.03128397 0.05688399 0.107288 0.05688399 0.031277 0.141697 0.00564897 0.1416929 0.03128397 0.05688399 0.031277 0.141697 0.00564897 0.05688399 0.031277 0.05688697 0.005634963 0.810972 0.646657 0.814346 0.637274 0.800855 0.629512 0.810972 0.646657 0.800855 0.629512 0.79793 0.63887 0.810972 0.646657 0.79793 0.63887 0.79392 0.677577 0.810972 0.646657 0.79392 0.677577 0.808198 0.677858 0.79335 0.737311 0.808198 0.677858 0.79392 0.677577 0.79335 0.737311 0.807913 0.737594 0.808198 0.677858 0.79335 0.737311 0.811096 0.768853 0.807913 0.737594 0.79335 0.737311 0.798034 0.776176 0.811096 0.768853 0.811096 0.768853 0.798034 0.776176 0.800779 0.785636 0.811096 0.768853 0.800779 0.785636 0.81438 0.778288 0.632083 0.989269 0.615555 0.966547 0.615555 0.989269 0.64861 0.989269 0.632083 0.966547 0.632083 0.989269 0.632083 0.989269 0.632083 0.966547 0.615555 0.966547 0.615555 0.943826 0.615555 0.966547 0.632083 0.966547 0.665137 0.875661 0.665137 0.852939 0.64861 0.852939 0.665137 0.875661 0.64861 0.852939 0.64861 0.875661 0.665137 0.875661 0.64861 0.875661 0.64861 0.898382 0.64861 0.898382 0.64861 0.875661 0.632083 0.875661 0.64861 0.898382 0.632083 0.875661 0.632083 0.898382 0.632083 0.898382 0.632083 0.875661 0.615555 0.875661 0.632083 0.898382 0.615555 0.875661 0.615555 0.898382 0.632083 0.898382 0.615555 0.898382 0.615555 0.921104 0.632083 0.898382 0.615555 0.921104 0.632083 0.921104 0.632083 0.921104 0.615555 0.921104 0.615555 0.943826 0.632083 0.921104 0.615555 0.943826 0.632083 0.943825 0.615555 0.943826 0.632083 0.966547 0.632083 0.943825 0.632083 0.943825 0.632083 0.966547 0.64861 0.966547 0.64861 0.989269 0.64861 0.966547 0.632083 0.966547 0.64861 0.989269 0.665137 0.966547 0.64861 0.966547 0.64861 0.989269 0.665137 0.989269 0.665137 0.966547 0.665137 0.989269 0.681665 0.966547 0.665137 0.966547 0.665137 0.989269 0.681665 0.989269 0.681665 0.966547 0.681665 0.943825 0.665137 0.966547 0.681665 0.966547 0.681665 0.807496 0.665137 0.830217 0.681665 0.830217 0.665137 0.830217 0.681665 0.852939 0.681665 0.830217 0.665137 0.830217 0.665137 0.852939 0.681665 0.852939 0.681665 0.875661 0.681665 0.852939 0.665137 0.852939 0.681665 0.875661 0.665137 0.852939 0.665137 0.875661 0.681665 0.875661 0.665137 0.875661 0.665137 0.898382 0.665137 0.875661 0.64861 0.898382 0.665137 0.898382 0.665137 0.921104 0.665137 0.898382 0.64861 0.898382 0.665137 0.921104 0.64861 0.898382 0.64861 0.921104 0.64861 0.921104 0.665137 0.943825 0.665137 0.921104 0.64861 0.921104 0.64861 0.943825 0.665137 0.943825 0.665137 0.943825 0.64861 0.943825 0.64861 0.966547 0.632083 0.943825 0.64861 0.966547 0.64861 0.943825 0.64861 0.921104 0.632083 0.943825 0.64861 0.943825 0.64861 0.921104 0.632083 0.921104 0.632083 0.943825 0.64861 0.898382 0.632083 0.921104 0.64861 0.921104 0.64861 0.898382 0.632083 0.898382 0.632083 0.921104 0.681665 0.875661 0.665137 0.898382 0.681665 0.898382 0.681665 0.898382 0.665137 0.898382 0.665137 0.921104 0.681665 0.898382 0.665137 0.921104 0.681665 0.921104 0.665137 0.921104 0.681665 0.943825 0.681665 0.921104 0.665137 0.921104 0.665137 0.943825 0.681665 0.943825 0.681665 0.943825 0.665137 0.943825 0.665137 0.966547 0.665137 0.943825 0.64861 0.966547 0.665137 0.966547 0.665137 0.739331 0.64861 0.716609 0.64861 0.739331 0.64861 0.716609 0.632083 0.739331 0.64861 0.739331 0.64861 0.716609 0.632083 0.71661 0.632083 0.739331 0.632083 0.71661 0.615555 0.739331 0.632083 0.739331 0.632083 0.762053 0.632083 0.739331 0.615555 0.739331 0.632083 0.762053 0.615555 0.739331 0.615555 0.762053 0.615555 0.762053 0.632083 0.784774 0.632083 0.762053 0.64861 0.762053 0.632083 0.762053 0.632083 0.784774 0.64861 0.762053 0.632083 0.784774 0.64861 0.784774 0.665137 0.762053 0.64861 0.762053 0.64861 0.784774 0.665137 0.762053 0.64861 0.784774 0.665137 0.784774 0.665137 0.762053 0.665137 0.784774 0.681665 0.784774 0.665137 0.784774 0.681665 0.807496 0.681665 0.784774 0.665137 0.784774 0.665137 0.807496 0.681665 0.807496 0.681665 0.807496 0.665137 0.807496 0.665137 0.830217 0.665137 0.807496 0.64861 0.830218 0.665137 0.830217 0.64861 0.830218 0.665137 0.852939 0.665137 0.830217 0.64861 0.830218 0.64861 0.852939 0.665137 0.852939 0.64861 0.784774 0.665137 0.807496 0.665137 0.784774 0.632083 0.71661 0.615555 0.71661 0.615555 0.739331 0.64861 0.762053 0.632083 0.739331 0.632083 0.762053 0.64861 0.762053 0.64861 0.739331 0.632083 0.739331 0.665137 0.739331 0.64861 0.739331 0.64861 0.762053 0.665137 0.739331 0.64861 0.762053 0.665137 0.762053 0.681665 0.739331 0.665137 0.739331 0.665137 0.762053 0.681665 0.739331 0.665137 0.762053 0.681665 0.762053 0.665137 0.762053 0.681665 0.784774 0.681665 0.762053 0.632083 0.852939 0.64861 0.830218 0.632083 0.830217 0.632083 0.852939 0.64861 0.852939 0.64861 0.830218 0.665137 0.739331 0.665137 0.71661 0.64861 0.716609 0.681665 0.739331 0.665137 0.71661 0.665137 0.739331 0.681665 0.739331 0.681665 0.71661 0.665137 0.71661 0.615555 0.762053 0.615555 0.784774 0.632083 0.784774 0.632083 0.784774 0.615555 0.784774 0.615555 0.807496 0.632083 0.784774 0.615555 0.807496 0.632083 0.807496 0.64861 0.784774 0.632083 0.784774 0.632083 0.807496 0.64861 0.784774 0.632083 0.807496 0.64861 0.807496 0.64861 0.784774 0.64861 0.807496 0.665137 0.807496 0.665137 0.807496 0.64861 0.807496 0.64861 0.830218 0.632083 0.807496 0.64861 0.830218 0.64861 0.807496 0.632083 0.807496 0.632083 0.830217 0.64861 0.830218 0.615555 0.807496 0.632083 0.830217 0.632083 0.807496 0.615555 0.807496 0.615555 0.830217 0.632083 0.830217 0.615555 0.852939 0.632083 0.830217 0.615555 0.830217 0.615555 0.852939 0.632083 0.852939 0.632083 0.830217 0.632083 0.852939 0.615555 0.852939 0.615555 0.875661 0.632083 0.852939 0.615555 0.875661 0.632083 0.875661 0.64861 0.852939 0.632083 0.852939 0.632083 0.875661 0.64861 0.852939 0.632083 0.875661 0.64861 0.875661 0.654045 0.1600109 0.65404 0.024634 0.654045 0.1600109 0.654045 0.1600109 0.65404 0.024634 0.65404 0.024634 0.611462 0.160009 0.65404 0.024634 0.654045 0.1600109 0.611462 0.160009 0.611464 0.02463299 0.65404 0.024634 0.829878 0.864021 0.810824 0.825091 0.808123 0.863868 0.829878 0.864021 0.829878 0.825001 0.810824 0.825091 0.829878 0.825001 0.814648 0.813592 0.810824 0.825091 0.821505 0.808492 0.814648 0.813592 0.829878 0.825001 0.829878 0.825001 0.829878 0.806083 0.821505 0.808492 0.829878 0.806083 0.829878 0.825001 0.939021 0.825001 0.829878 0.806083 0.939021 0.825001 0.93902 0.806083 0.939021 0.825001 0.947393 0.808492 0.93902 0.806083 0.954251 0.813592 0.947393 0.808492 0.939021 0.825001 0.939021 0.825001 0.958074 0.825091 0.954251 0.813592 0.958074 0.825091 0.939021 0.825001 0.93902 0.864022 0.958074 0.825091 0.93902 0.864022 0.960776 0.863868 0.93902 0.864022 0.829878 0.864021 0.829877 0.923527 0.93902 0.864022 0.829877 0.923527 0.939021 0.923527 0.939021 0.923527 0.960776 0.863868 0.93902 0.864022 0.939021 0.923527 0.960776 0.923607 0.960776 0.863868 0.939021 0.923527 0.958074 0.962383 0.960776 0.923607 0.939021 0.923527 0.93902 0.9624 0.958074 0.962383 0.93902 0.9624 0.954251 0.973882 0.958074 0.962383 0.947393 0.978982 0.954251 0.973882 0.93902 0.9624 0.93902 0.9624 0.93902 0.981391 0.947393 0.978982 0.93902 0.9624 0.829878 0.981391 0.93902 0.981391 0.93902 0.9624 0.829878 0.9624 0.829878 0.981391 0.829878 0.9624 0.821505 0.978982 0.829878 0.981391 0.814648 0.973882 0.821505 0.978982 0.829878 0.9624 0.829878 0.9624 0.810824 0.962383 0.814648 0.973882 0.810824 0.962383 0.829878 0.9624 0.829877 0.923527 0.810824 0.962383 0.829877 0.923527 0.808123 0.923606 0.829878 0.864021 0.808123 0.923606 0.829877 0.923527 0.829878 0.864021 0.808123 0.863868 0.808123 0.923606 0.970968 0.638869 0.968043 0.629512 0.954552 0.637273 0.970968 0.638869 0.954552 0.637273 0.957926 0.646657 0.974978 0.677577 0.970968 0.638869 0.957926 0.646657 0.974978 0.677577 0.957926 0.646657 0.9607 0.677858 0.9607 0.677858 0.975548 0.73731 0.974978 0.677577 0.9607 0.677858 0.960985 0.737593 0.975548 0.73731 0.957803 0.768853 0.975548 0.73731 0.960985 0.737593 0.957803 0.768853 0.970864 0.776175 0.975548 0.73731 0.957803 0.768853 0.968119 0.785635 0.970864 0.776175 0.957803 0.768853 0.954518 0.778288 0.968119 0.785635 0.93902 0.658144 0.829878 0.677879 0.93902 0.677879 0.93902 0.658144 0.829878 0.658145 0.829878 0.677879 0.829878 0.737618 0.93902 0.757352 0.93902 0.737618 0.829878 0.737618 0.829878 0.757353 0.93902 0.757352 0.02821797 0.57803 0.02242296 0.593163 0.02310597 0.577881 0.02821797 0.57803 0.02754998 0.594185 0.02242296 0.593163 0.02242296 0.593163 0.02754998 0.594185 0.02897197 0.652164 0.02242296 0.593163 0.02897197 0.652164 0.02413398 0.651811 0.02897197 0.652164 0.02735894 0.66584 0.02413398 0.651811 0.420351 0.876955 0.335542 0.86968 0.420351 0.869688 0.420351 0.876955 0.335541 0.876944 0.335542 0.86968 0.769474 0.446559 0.769474 0.504055 0.819965 0.504055 0.769474 0.446559 0.819965 0.504055 0.819966 0.447744 0.819965 0.387879 0.769474 0.446559 0.819966 0.447744 0.819965 0.387879 0.769474 0.389063 0.769474 0.446559 0.819966 0.331567 0.769474 0.389063 0.819965 0.387879 0.819966 0.331567 0.769474 0.331566 0.769474 0.389063 0.819966 0.27407 0.769474 0.331566 0.819966 0.331567 0.819966 0.27407 0.769474 0.27407 0.769474 0.331566 0.769474 0.216574 0.769474 0.27407 0.819966 0.27407 0.769474 0.216574 0.819966 0.27407 0.819966 0.216574 0.819966 0.159077 0.769474 0.216574 0.819966 0.216574 0.819966 0.159077 0.769474 0.160262 0.769474 0.216574 0.819965 0.101581 0.769474 0.160262 0.819966 0.159077 0.819965 0.101581 0.769474 0.100398 0.769474 0.160262 0.819965 0.04408496 0.769474 0.100398 0.819965 0.101581 0.819965 0.04408496 0.769473 0.04408597 0.769474 0.100398 0.659968 0.158676 0.65404 0.024634 0.659958 0.02598899 0.659968 0.158676 0.654045 0.1600109 0.65404 0.024634 0.332499 0.14419 0.2426699 0.154927 0.2426699 0.144199 0.332499 0.14419 0.332499 0.154922 0.2426699 0.154927 0.423125 0.03840297 0.512955 0.06365895 0.423127 0.063663 0.423125 0.03840297 0.512953 0.03838598 0.512955 0.06365895 0.827986 0.594108 0.842745 0.568589 0.842745 0.594118 0.827986 0.594108 0.827986 0.568581 0.842745 0.568589 0.827986 0.556767 0.842745 0.568589 0.827986 0.568581 0.827986 0.556767 0.842745 0.556771 0.842745 0.568589 0.827986 0.546965 0.842745 0.556771 0.827986 0.556767 0.827986 0.546965 0.842745 0.546967 0.842745 0.556771 0.827986 0.536873 0.842745 0.546967 0.827986 0.546965 0.827986 0.536873 0.842745 0.536871 0.842745 0.546967 0.842745 0.536871 0.827986 0.536873 0.827986 0.511345 0.842745 0.536871 0.827986 0.511345 0.842745 0.511342 0.827986 0.511345 0.842745 0.499526 0.842745 0.511342 0.827986 0.511345 0.827986 0.49953 0.842745 0.499526 0.827986 0.49953 0.842745 0.489723 0.842745 0.499526 0.827986 0.49953 0.827986 0.489726 0.842745 0.489723 0.827986 0.479635 0.842745 0.489723 0.827986 0.489726 0.827986 0.479635 0.842745 0.479627 0.842745 0.489723 0.659958 0.02598899 0.659968 0.158676 0.659958 0.02598899 0.659958 0.02598899 0.659968 0.158676 0.659968 0.158676 0.69864 0.02340298 0.659968 0.158676 0.659958 0.02598899 0.69864 0.02340298 0.698653 0.161227 0.659968 0.158676 0.744824 0.02571195 0.698653 0.161227 0.69864 0.02340298 0.744824 0.02571195 0.744835 0.158878 0.698653 0.161227 0.940052 0.568274 0.92194 0.545906 0.939613 0.545611 0.940052 0.568274 0.922376 0.568526 0.92194 0.545906 0.958527 0.503657 0.95382 0.493558 0.974371 0.493325 0.958527 0.503657 0.974371 0.493325 0.969938 0.503528 0.98953 0.51213 0.969938 0.503528 0.974371 0.493325 0.98953 0.51213 0.977847 0.514407 0.969938 0.503528 0.977847 0.514407 0.98953 0.51213 0.989975 0.545272 0.977847 0.514407 0.989975 0.545272 0.978235 0.543262 0.978235 0.543262 0.989975 0.545272 0.975326 0.564417 0.978235 0.543262 0.975326 0.564417 0.97062 0.554318 0.959209 0.554448 0.97062 0.554318 0.975326 0.564417 0.959209 0.554448 0.975326 0.564417 0.954775 0.56465 0.954775 0.56465 0.9513 0.543568 0.959209 0.554448 0.954775 0.56465 0.939613 0.545611 0.9513 0.543568 0.939175 0.512937 0.9513 0.543568 0.939613 0.545611 0.939175 0.512937 0.939613 0.545611 0.92194 0.545906 0.939175 0.512937 0.92194 0.545906 0.921113 0.513257 0.91023 0.544255 0.921113 0.513257 0.92194 0.545906 0.91023 0.544255 0.909499 0.515408 0.921113 0.513257 0.921113 0.513257 0.909499 0.515408 0.901464 0.504612 0.939175 0.512937 0.950912 0.514714 0.9513 0.543568 0.958527 0.503657 0.950912 0.514714 0.939175 0.512937 0.958527 0.503657 0.939175 0.512937 0.95382 0.493558 0.921113 0.513257 0.938889 0.492827 0.939175 0.512937 0.921113 0.513257 0.920446 0.493194 0.938889 0.492827 0.938242 0.47366 0.938889 0.492827 0.920446 0.493194 0.938242 0.47366 0.920446 0.493194 0.920184 0.474055 0.921113 0.513257 0.901464 0.504612 0.905759 0.494406 0.901464 0.504612 0.885253 0.494846 0.905759 0.494406 0.901464 0.504612 0.890059 0.504857 0.885253 0.494846 0.890059 0.504857 0.870869 0.514334 0.885253 0.494846 0.890059 0.504857 0.88258 0.515985 0.870869 0.514334 0.871696 0.546983 0.870869 0.514334 0.88258 0.515985 0.871696 0.546983 0.88258 0.515985 0.88331 0.544832 0.88705 0.565834 0.871696 0.546983 0.88331 0.544832 0.88705 0.565834 0.88331 0.544832 0.891345 0.555628 0.90275 0.555383 0.88705 0.565834 0.891345 0.555628 0.90275 0.555383 0.907556 0.565395 0.88705 0.565834 0.91023 0.544255 0.907556 0.565395 0.90275 0.555383 0.91023 0.544255 0.92194 0.545906 0.907556 0.565395 0.872825 0.586179 0.854382 0.586587 0.853924 0.567415 0.872825 0.586179 0.853924 0.567415 0.872368 0.567046 0.871696 0.546983 0.872368 0.567046 0.853924 0.567415 0.871696 0.546983 0.853924 0.567415 0.85363 0.54707 0.853199 0.514864 0.871696 0.546983 0.85363 0.54707 0.853199 0.514864 0.870869 0.514334 0.871696 0.546983 0.853199 0.514864 0.870624 0.491712 0.870869 0.514334 0.853199 0.514864 0.852564 0.49197 0.870624 0.491712 0.744824 0.02571195 0.69864 0.02340298 0.699098 0.01058298 0.699098 0.01058298 0.69864 0.02340298 0.659958 0.02598899 0.699098 0.01058298 0.659958 0.02598899 0.654072 0.01640599 0.65404 0.024634 0.659958 0.02598899 0.65404 0.024634 0.65404 0.024634 0.659958 0.02598899 0.659958 0.02598899 0.744835 0.158878 0.69912 0.174049 0.698653 0.161227 0.69912 0.174049 0.659968 0.158676 0.698653 0.161227 0.69912 0.174049 0.65409 0.168289 0.659968 0.158676 0.654045 0.1600109 0.659968 0.158676 0.659968 0.158676 0.654045 0.1600109 0.654045 0.1600109 0.659968 0.158676 0.824731 0.036309 0.985013 0.06412696 0.840195 0.06412798 0.824731 0.036309 1 0.03630697 0.985013 0.06412696 0.824731 0.350697 0.840195 0.06412798 0.840195 0.323895 0.824731 0.350697 0.824731 0.036309 0.840195 0.06412798 0.985013 0.328696 0.824731 0.350697 0.840195 0.323895 0.985013 0.328696 1 0.356507 0.824731 0.350697 0.985013 0.06412696 1 0.356507 0.985013 0.328696 0.985013 0.06412696 1 0.03630697 1 0.356507 0.985013 0.06412696 0.840195 0.323895 0.840195 0.06412798 0.985013 0.06412696 0.985013 0.328696 0.840195 0.323895 0.72731 0.231784 0.682375 0.41171 0.682375 0.231784 0.72731 0.231784 0.72731 0.41171 0.682375 0.41171 0.607048 0.231784 0.647412 0.41171 0.607048 0.41171 0.607048 0.231784 0.647412 0.231784 0.647412 0.41171 0.682375 0.231784 0.647412 0.41171 0.647412 0.231784 0.682375 0.231784 0.682375 0.41171 0.647412 0.41171 0.682375 0.231784 0.725626 0.183717 0.72731 0.231784 0.682375 0.231784 0.685263 0.183717 0.725626 0.183717 0.72731 0.41171 0.762273 0.231784 0.762273 0.41171 0.72731 0.41171 0.72731 0.231784 0.762273 0.231784 0.682375 0.41171 0.725626 0.459777 0.685263 0.459777 0.682375 0.41171 0.72731 0.41171 0.725626 0.459777 0.611462 0.160009 0.65404 0.024634 0.611464 0.02463299 0.611462 0.160009 0.654045 0.1600109 0.65404 0.024634 0.744824 0.02571195 0.698653 0.161227 0.744835 0.158878 0.744824 0.02571195 0.69864 0.02340298 0.698653 0.161227 0.69864 0.02340298 0.659968 0.158676 0.698653 0.161227 0.69864 0.02340298 0.659958 0.02598899 0.659968 0.158676 0.659968 0.158676 0.65404 0.024634 0.654045 0.1600109 0.659968 0.158676 0.659958 0.02598899 0.65404 0.024634 0.947393 0.808492 0.954251 0.813592 0.954251 0.79327 0.947393 0.808492 0.954251 0.79327 0.947393 0.790283 0.93902 0.806083 0.947393 0.808492 0.947393 0.790283 0.93902 0.806083 0.947393 0.790283 0.93902 0.788872 0.93902 0.788872 0.829878 0.806083 0.93902 0.806083 0.93902 0.788872 0.829878 0.788872 0.829878 0.806083 0.829878 0.788872 0.821505 0.808492 0.829878 0.806083 0.829878 0.788872 0.821505 0.790283 0.821505 0.808492 0.821505 0.790283 0.814648 0.813592 0.821505 0.808492 0.821505 0.790283 0.814648 0.79327 0.814648 0.813592 0.939021 0.825001 0.829878 0.843387 0.93902 0.843387 0.939021 0.825001 0.829878 0.825001 0.829878 0.843387 0.947393 0.997192 0.95425 0.994204 0.954251 0.973882 0.947393 0.997192 0.954251 0.973882 0.947393 0.978982 0.93902 0.981391 0.947393 0.997192 0.947393 0.978982 0.93902 0.981391 0.93902 0.998603 0.947393 0.997192 0.829878 0.981391 0.93902 0.998603 0.93902 0.981391 0.829878 0.981391 0.829878 0.998603 0.93902 0.998603 0.829878 0.998603 0.829878 0.981391 0.821505 0.978982 0.829878 0.998603 0.821505 0.978982 0.821505 0.997192 0.814648 0.973882 0.821505 0.997192 0.821505 0.978982 0.814648 0.973882 0.814647 0.994204 0.821505 0.997192 0.231193 0.410897 0.14833 0.410911 0.148324 0.312279 0.15499 0.542364 0.231193 0.410897 0.231741 0.542352 0.15499 0.542364 0.231741 0.542352 0.238167 0.542351 0.231741 0.542352 0.238158 0.410896 0.238167 0.542351 0.231741 0.542352 0.231193 0.410897 0.238158 0.410896 0.231193 0.410897 0.238152 0.312265 0.238158 0.410896 0.231193 0.410897 0.148324 0.312279 0.238152 0.312265 0.148324 0.312279 0.238142 0.167088 0.238152 0.312265 0.148324 0.312279 0.1483139 0.1671 0.238142 0.167088 0.1483139 0.1671 0.23814 0.120799 0.238142 0.167088 0.1483139 0.1671 0.148311 0.120811 0.23814 0.120799 0.14831 0.08788996 0.23814 0.120799 0.148311 0.120811 0.14831 0.08788996 0.238138 0.08787697 0.23814 0.120799 0.148308 0.05672895 0.238138 0.08787697 0.14831 0.08788996 0.148308 0.05672895 0.2381359 0.05671 0.238138 0.08787697 0.1483049 0.028041 0.2381359 0.05671 0.148308 0.05672895 0.1483049 0.028041 0.238133 0.02801799 0.2381359 0.05671 0.238133 0.02801799 0.1483049 0.028041 0.148302 0.00701195 0.238133 0.02801799 0.148302 0.00701195 0.238131 0.006988942 0.15499 0.542364 0.238167 0.542351 0.238174 0.637408 0.148368 0.953956 0.238189 0.868718 0.238196 0.953939 0.148368 0.953956 0.148361 0.868733 0.238189 0.868718 0.238187 0.835822 0.238189 0.868718 0.148361 0.868733 0.238187 0.835822 0.148361 0.868733 0.148359 0.835834 0.238187 0.835822 0.148359 0.835834 0.148357 0.806956 0.238187 0.835822 0.148357 0.806956 0.238185 0.806943 0.238185 0.806943 0.148357 0.806956 0.148355 0.771897 0.238185 0.806943 0.148355 0.771897 0.238183 0.771882 0.2381809 0.742342 0.238183 0.771882 0.148355 0.771897 0.2381809 0.742342 0.148355 0.771897 0.148353 0.742357 0.2381809 0.742342 0.148353 0.742357 0.148346 0.637422 0.2381809 0.742342 0.148346 0.637422 0.238174 0.637408 0.15499 0.542364 0.238174 0.637408 0.148346 0.637422 0.15499 0.542364 0.148346 0.637422 0.148339 0.542365 0.15499 0.542364 0.148339 0.542365 0.14833 0.410911 0.15499 0.542364 0.14833 0.410911 0.155148 0.41091 0.231193 0.410897 0.155148 0.41091 0.14833 0.410911 0.15499 0.542364 0.155148 0.41091 0.231193 0.410897 0.93902 0.944088 0.829878 0.9624 0.93902 0.9624 0.93902 0.944088 0.829878 0.944087 0.829878 0.9624 0.8439 0.829072 0.829878 0.864021 0.844009 0.860701 0.8439 0.829072 0.829878 0.825001 0.829878 0.864021 0.829877 0.923527 0.843733 0.957314 0.844115 0.925964 0.829877 0.923527 0.829878 0.9624 0.843733 0.957314 0.93902 0.864022 0.924999 0.829072 0.924889 0.860701 0.93902 0.864022 0.939021 0.825001 0.924999 0.829072 0.925165 0.957314 0.939021 0.923527 0.924783 0.925963 0.925165 0.957314 0.93902 0.9624 0.939021 0.923527 0.33256 0.831129 0.332577 0.993616 0.242748 0.993639 0.33256 0.831129 0.242748 0.993639 0.242732 0.831152 0.242722 0.728254 0.33256 0.831129 0.242732 0.831152 0.242722 0.728254 0.33255 0.728231 0.33256 0.831129 0.242708 0.591113 0.33255 0.728231 0.242722 0.728254 0.242708 0.591113 0.332536 0.591089 0.33255 0.728231 0.242698 0.491944 0.332536 0.591089 0.242708 0.591113 0.242698 0.491944 0.332527 0.49192 0.332536 0.591089 0.242686 0.372805 0.332527 0.49192 0.242698 0.491944 0.242686 0.372805 0.332514 0.372781 0.332527 0.49192 0.242686 0.372805 0.332511 0.338097 0.332514 0.372781 0.242686 0.372805 0.2426829 0.338121 0.332511 0.338097 0.24268 0.314113 0.332511 0.338097 0.2426829 0.338121 0.24268 0.314113 0.332509 0.314087 0.332511 0.338097 0.242678 0.293876 0.332509 0.314087 0.24268 0.314113 0.242678 0.293876 0.332506 0.293848 0.332509 0.314087 0.242678 0.293876 0.332502 0.26322 0.332506 0.293848 0.242678 0.293876 0.2426739 0.263238 0.332502 0.26322 0.2426699 0.154927 0.332502 0.26322 0.2426739 0.263238 0.2426699 0.154927 0.332499 0.154922 0.332502 0.26322 0.615555 0.966547 0.632083 0.989269 0.615555 0.989269 0.632083 0.966547 0.615555 0.966547 0.615555 0.943826 0.615555 0.966547 0.632083 0.966547 0.632083 0.989269 0.632083 0.966547 0.64861 0.989269 0.632083 0.989269 0.665137 0.989269 0.681665 0.966547 0.681665 0.989269 0.665137 0.989269 0.665137 0.966547 0.681665 0.966547 0.64861 0.989269 0.665137 0.966547 0.665137 0.989269 0.64861 0.989269 0.64861 0.966547 0.665137 0.966547 0.632083 0.966547 0.64861 0.966547 0.64861 0.989269 0.64861 0.966547 0.632083 0.966547 0.632083 0.943825 0.632083 0.966547 0.615555 0.943826 0.632083 0.943825 0.632083 0.921104 0.632083 0.943825 0.615555 0.943826 0.632083 0.921104 0.615555 0.943826 0.615555 0.921104 0.615555 0.921104 0.632083 0.898382 0.632083 0.921104 0.615555 0.921104 0.615555 0.898382 0.632083 0.898382 0.632083 0.898382 0.615555 0.898382 0.615555 0.875661 0.632083 0.898382 0.615555 0.875661 0.632083 0.875661 0.615555 0.875661 0.632083 0.852939 0.632083 0.875661 0.632083 0.875661 0.632083 0.852939 0.64861 0.852939 0.64861 0.830218 0.64861 0.852939 0.632083 0.852939 0.64861 0.830218 0.665137 0.852939 0.64861 0.852939 0.64861 0.830218 0.665137 0.830217 0.665137 0.852939 0.665137 0.943825 0.64861 0.966547 0.64861 0.943825 0.665137 0.943825 0.665137 0.966547 0.64861 0.966547 0.681665 0.943825 0.665137 0.966547 0.665137 0.943825 0.681665 0.943825 0.681665 0.966547 0.665137 0.966547 0.64861 0.966547 0.632083 0.943825 0.64861 0.943825 0.64861 0.921104 0.64861 0.943825 0.632083 0.943825 0.665137 0.943825 0.64861 0.943825 0.64861 0.921104 0.665137 0.943825 0.64861 0.921104 0.665137 0.921104 0.681665 0.943825 0.665137 0.943825 0.665137 0.921104 0.681665 0.943825 0.665137 0.921104 0.681665 0.921104 0.665137 0.921104 0.681665 0.898382 0.681665 0.921104 0.665137 0.921104 0.665137 0.898382 0.681665 0.898382 0.665137 0.898382 0.681665 0.875661 0.681665 0.898382 0.665137 0.898382 0.665137 0.875661 0.681665 0.875661 0.681665 0.875661 0.665137 0.875661 0.665137 0.852939 0.665137 0.875661 0.64861 0.852939 0.665137 0.852939 0.665137 0.875661 0.64861 0.875661 0.64861 0.852939 0.632083 0.875661 0.64861 0.852939 0.64861 0.875661 0.64861 0.898382 0.632083 0.875661 0.64861 0.875661 0.64861 0.898382 0.632083 0.898382 0.632083 0.875661 0.632083 0.921104 0.632083 0.898382 0.64861 0.898382 0.632083 0.921104 0.64861 0.898382 0.64861 0.921104 0.64861 0.921104 0.632083 0.943825 0.632083 0.921104 0.665137 0.921104 0.64861 0.921104 0.64861 0.898382 0.665137 0.921104 0.64861 0.898382 0.665137 0.898382 0.64861 0.898382 0.665137 0.875661 0.665137 0.898382 0.64861 0.898382 0.64861 0.875661 0.665137 0.875661 0.681665 0.875661 0.665137 0.852939 0.681665 0.852939 0.665137 0.830217 0.681665 0.852939 0.665137 0.852939 0.665137 0.830217 0.681665 0.830217 0.681665 0.852939 0.681665 0.807496 0.681665 0.830217 0.665137 0.830217 0.681665 0.807496 0.665137 0.830217 0.665137 0.807496 0.681665 0.807496 0.665137 0.807496 0.665137 0.784774 0.665137 0.807496 0.64861 0.784774 0.665137 0.784774 0.665137 0.762053 0.665137 0.784774 0.64861 0.784774 0.665137 0.762053 0.64861 0.784774 0.64861 0.762053 0.64861 0.762053 0.665137 0.739331 0.665137 0.762053 0.64861 0.762053 0.64861 0.739331 0.665137 0.739331 0.665137 0.739331 0.64861 0.739331 0.64861 0.716609 0.632083 0.739331 0.64861 0.716609 0.64861 0.739331 0.632083 0.739331 0.632083 0.71661 0.64861 0.716609 0.615555 0.739331 0.632083 0.71661 0.632083 0.739331 0.615555 0.739331 0.615555 0.71661 0.632083 0.71661 0.681665 0.807496 0.665137 0.784774 0.681665 0.784774 0.681665 0.784774 0.665137 0.784774 0.665137 0.762053 0.681665 0.784774 0.665137 0.762053 0.681665 0.762053 0.665137 0.762053 0.681665 0.739331 0.681665 0.762053 0.665137 0.762053 0.665137 0.739331 0.681665 0.739331 0.681665 0.739331 0.665137 0.739331 0.665137 0.71661 0.665137 0.739331 0.64861 0.716609 0.665137 0.71661 0.681665 0.739331 0.665137 0.71661 0.681665 0.71661 0.64861 0.762053 0.64861 0.784774 0.632083 0.784774 0.64861 0.762053 0.632083 0.784774 0.632083 0.762053 0.64861 0.762053 0.632083 0.739331 0.64861 0.739331 0.64861 0.762053 0.632083 0.762053 0.632083 0.739331 0.632083 0.762053 0.615555 0.739331 0.632083 0.739331 0.632083 0.762053 0.615555 0.762053 0.615555 0.739331 0.632083 0.784774 0.615555 0.762053 0.632083 0.762053 0.632083 0.784774 0.615555 0.784774 0.615555 0.762053 0.632083 0.784774 0.615555 0.807496 0.615555 0.784774 0.632083 0.784774 0.632083 0.807496 0.615555 0.807496 0.632083 0.830217 0.615555 0.807496 0.632083 0.807496 0.64861 0.830218 0.632083 0.830217 0.632083 0.807496 0.64861 0.830218 0.632083 0.852939 0.632083 0.830217 0.632083 0.830217 0.632083 0.852939 0.615555 0.852939 0.615555 0.875661 0.615555 0.852939 0.632083 0.852939 0.64861 0.830218 0.632083 0.807496 0.64861 0.807496 0.632083 0.830217 0.615555 0.830217 0.615555 0.807496 0.632083 0.830217 0.615555 0.852939 0.615555 0.830217 0.64861 0.784774 0.632083 0.807496 0.632083 0.784774 0.64861 0.784774 0.64861 0.807496 0.632083 0.807496 0.665137 0.807496 0.64861 0.807496 0.64861 0.784774 0.665137 0.807496 0.64861 0.830218 0.64861 0.807496 0.665137 0.807496 0.665137 0.830217 0.64861 0.830218 0.420344 0.04819399 0.335534 0.04820495 0.335533 0.039047 0.420344 0.04819399 0.335533 0.039047 0.420342 0.03903597 0.335531 0.01620197 0.420342 0.03903597 0.335533 0.039047 0.335531 0.01620197 0.42034 0.016191 0.420342 0.03903597 0.939021 0.825001 0.829878 0.843387 0.829878 0.825001 0.939021 0.825001 0.93902 0.843387 0.829878 0.843387 0.947393 0.978982 0.954251 0.973882 0.95425 0.994204 0.947393 0.978982 0.95425 0.994204 0.947393 0.997192 0.93902 0.981391 0.947393 0.978982 0.947393 0.997192 0.93902 0.981391 0.947393 0.997192 0.93902 0.998603 0.93902 0.998603 0.829878 0.981391 0.93902 0.981391 0.93902 0.998603 0.829878 0.998603 0.829878 0.981391 0.829878 0.998603 0.821505 0.978982 0.829878 0.981391 0.829878 0.998603 0.821505 0.997192 0.821505 0.978982 0.821505 0.997192 0.814648 0.973882 0.821505 0.978982 0.821505 0.997192 0.814647 0.994204 0.814648 0.973882 0.93902 0.944088 0.829878 0.9624 0.829878 0.944087 0.93902 0.944088 0.93902 0.9624 0.829878 0.9624 0.829878 0.864021 0.8439 0.829072 0.844009 0.860701 0.829878 0.864021 0.829878 0.825001 0.8439 0.829072 0.829877 0.923527 0.843733 0.957314 0.829878 0.9624 0.829877 0.923527 0.844115 0.925964 0.843733 0.957314 0.93902 0.864022 0.924999 0.829072 0.939021 0.825001 0.93902 0.864022 0.924889 0.860701 0.924999 0.829072 0.939021 0.923527 0.925165 0.957314 0.924783 0.925963 0.939021 0.923527 0.93902 0.9624 0.925165 0.957314 0.829878 0.677879 0.93902 0.677879 0.93902 0.737618 0.829878 0.677879 0.93902 0.737618 0.829878 0.737618 0.829878 0.677879 0.829878 0.737618 0.807913 0.737594 0.829878 0.737618 0.811096 0.768853 0.807913 0.737594 0.829878 0.737618 0.829878 0.768779 0.811096 0.768853 0.829878 0.768779 0.81438 0.778288 0.811096 0.768853 0.81438 0.778288 0.829878 0.768779 0.821505 0.785465 0.829878 0.768779 0.829878 0.788872 0.821505 0.785465 0.93902 0.788872 0.829878 0.788872 0.829878 0.768779 0.93902 0.788872 0.829878 0.768779 0.93902 0.768779 0.93902 0.768779 0.947393 0.785465 0.93902 0.788872 0.947393 0.785465 0.93902 0.768779 0.954518 0.778288 0.93902 0.768779 0.957803 0.768853 0.954518 0.778288 0.93902 0.737618 0.957803 0.768853 0.93902 0.768779 0.93902 0.737618 0.960985 0.737593 0.957803 0.768853 0.93902 0.737618 0.9607 0.677858 0.960985 0.737593 0.93902 0.737618 0.93902 0.677879 0.9607 0.677858 0.93902 0.677879 0.957926 0.646657 0.9607 0.677858 0.93902 0.677879 0.93902 0.646718 0.957926 0.646657 0.93902 0.646718 0.954552 0.637273 0.957926 0.646657 0.954552 0.637273 0.93902 0.646718 0.947393 0.630032 0.93902 0.646718 0.93902 0.626625 0.947393 0.630032 0.93902 0.626625 0.93902 0.646718 0.829878 0.646718 0.93902 0.626625 0.829878 0.646718 0.829878 0.626625 0.829878 0.646718 0.821505 0.630032 0.829878 0.626625 0.821505 0.630032 0.829878 0.646718 0.814346 0.637274 0.829878 0.646718 0.810972 0.646657 0.814346 0.637274 0.829878 0.677879 0.810972 0.646657 0.829878 0.646718 0.829878 0.677879 0.808198 0.677858 0.810972 0.646657 0.829878 0.677879 0.807913 0.737594 0.808198 0.677858 0.939021 0.923527 0.829877 0.923527 0.829878 0.864021 0.939021 0.923527 0.829878 0.864021 0.93902 0.864022 0.939021 0.923527 0.93902 0.864022 0.960776 0.863868 0.93902 0.864022 0.958074 0.825091 0.960776 0.863868 0.93902 0.864022 0.939021 0.825001 0.958074 0.825091 0.939021 0.825001 0.954251 0.813592 0.958074 0.825091 0.954251 0.813592 0.939021 0.825001 0.947393 0.808492 0.939021 0.825001 0.93902 0.806083 0.947393 0.808492 0.939021 0.825001 0.829878 0.806083 0.93902 0.806083 0.939021 0.825001 0.829878 0.825001 0.829878 0.806083 0.829878 0.825001 0.821505 0.808492 0.829878 0.806083 0.821505 0.808492 0.829878 0.825001 0.814648 0.813592 0.829878 0.825001 0.810824 0.825091 0.814648 0.813592 0.829878 0.864021 0.810824 0.825091 0.829878 0.825001 0.829878 0.864021 0.808123 0.863868 0.810824 0.825091 0.829878 0.864021 0.808123 0.923606 0.808123 0.863868 0.829878 0.864021 0.829877 0.923527 0.808123 0.923606 0.829877 0.923527 0.810824 0.962383 0.808123 0.923606 0.829877 0.923527 0.829878 0.9624 0.810824 0.962383 0.829878 0.9624 0.814648 0.973882 0.810824 0.962383 0.814648 0.973882 0.829878 0.9624 0.821505 0.978982 0.829878 0.9624 0.829878 0.981391 0.821505 0.978982 0.93902 0.9624 0.829878 0.981391 0.829878 0.9624 0.93902 0.9624 0.93902 0.981391 0.829878 0.981391 0.93902 0.9624 0.947393 0.978982 0.93902 0.981391 0.947393 0.978982 0.93902 0.9624 0.954251 0.973882 0.93902 0.9624 0.958074 0.962383 0.954251 0.973882 0.939021 0.923527 0.958074 0.962383 0.93902 0.9624 0.939021 0.923527 0.960776 0.923607 0.958074 0.962383 0.939021 0.923527 0.960776 0.863868 0.960776 0.923607 0.829878 0.677879 0.93902 0.658144 0.93902 0.677879 0.829878 0.677879 0.829878 0.658145 0.93902 0.658144 0.93902 0.757352 0.829878 0.737618 0.93902 0.737618 0.93902 0.757352 0.829878 0.757353 0.829878 0.737618 0.821505 0.808492 0.814648 0.813592 0.814648 0.79327 0.821505 0.808492 0.814648 0.79327 0.821505 0.790283 0.821505 0.808492 0.821505 0.790283 0.829878 0.788872 0.821505 0.808492 0.829878 0.788872 0.829878 0.806083 0.93902 0.788872 0.829878 0.806083 0.829878 0.788872 0.93902 0.788872 0.93902 0.806083 0.829878 0.806083 0.947393 0.790283 0.93902 0.806083 0.93902 0.788872 0.947393 0.790283 0.947393 0.808492 0.93902 0.806083 0.947393 0.808492 0.947393 0.790283 0.954251 0.79327 0.947393 0.808492 0.954251 0.79327 0.954251 0.813592 0.744824 0.02571195 0.699098 0.01058298 0.69864 0.02340298 0.699098 0.01058298 0.659958 0.02598899 0.69864 0.02340298 0.699098 0.01058298 0.654072 0.01640599 0.659958 0.02598899 0.939021 0.825001 0.829878 0.843387 0.829878 0.825001 0.939021 0.825001 0.93902 0.843387 0.829878 0.843387 0.93902 0.944088 0.829878 0.9624 0.829878 0.944087 0.93902 0.944088 0.93902 0.9624 0.829878 0.9624 0.829878 0.864021 0.8439 0.829072 0.844009 0.860701 0.829878 0.864021 0.829878 0.825001 0.8439 0.829072 0.829877 0.923527 0.843733 0.957314 0.829878 0.9624 0.829877 0.923527 0.844115 0.925964 0.843733 0.957314 0.93902 0.864022 0.924999 0.829072 0.939021 0.825001 0.93902 0.864022 0.924889 0.860701 0.924999 0.829072 0.939021 0.923527 0.925165 0.957314 0.924783 0.925963 0.939021 0.923527 0.93902 0.9624 0.925165 0.957314 0.829877 0.923527 0.829878 0.864021 0.93902 0.864022 0.829877 0.923527 0.93902 0.864022 0.939021 0.923527 0.939021 0.923527 0.93902 0.864022 0.960776 0.863868 0.939021 0.923527 0.960776 0.863868 0.960776 0.923607 0.939021 0.923527 0.960776 0.923607 0.958074 0.962383 0.939021 0.923527 0.958074 0.962383 0.93902 0.9624 0.93902 0.9624 0.958074 0.962383 0.954251 0.973882 0.947393 0.978982 0.93902 0.9624 0.954251 0.973882 0.93902 0.9624 0.947393 0.978982 0.93902 0.981391 0.93902 0.9624 0.93902 0.981391 0.829878 0.981391 0.93902 0.9624 0.829878 0.981391 0.829878 0.9624 0.829878 0.9624 0.829878 0.981391 0.821505 0.978982 0.814648 0.973882 0.829878 0.9624 0.821505 0.978982 0.829878 0.9624 0.814648 0.973882 0.810824 0.962383 0.829877 0.923527 0.829878 0.9624 0.810824 0.962383 0.829877 0.923527 0.810824 0.962383 0.808123 0.923606 0.829878 0.864021 0.829877 0.923527 0.808123 0.923606 0.829878 0.864021 0.808123 0.923606 0.808123 0.863868 0.829878 0.864021 0.808123 0.863868 0.810824 0.825091 0.829878 0.864021 0.810824 0.825091 0.829878 0.825001 0.829878 0.825001 0.810824 0.825091 0.814648 0.813592 0.821505 0.808492 0.829878 0.825001 0.814648 0.813592 0.829878 0.825001 0.821505 0.808492 0.829878 0.806083 0.939021 0.825001 0.829878 0.825001 0.829878 0.806083 0.939021 0.825001 0.829878 0.806083 0.93902 0.806083 0.939021 0.825001 0.93902 0.806083 0.947393 0.808492 0.954251 0.813592 0.939021 0.825001 0.947393 0.808492 0.939021 0.825001 0.954251 0.813592 0.958074 0.825091 0.93902 0.864022 0.939021 0.825001 0.958074 0.825091 0.93902 0.864022 0.958074 0.825091 0.960776 0.863868 0.744835 0.158878 0.698653 0.161227 0.69912 0.174049 0.659968 0.158676 0.69912 0.174049 0.698653 0.161227 0.659968 0.158676 0.65409 0.168289 0.69912 0.174049 0.821505 0.790283 0.814648 0.813592 0.814648 0.79327 0.821505 0.790283 0.821505 0.808492 0.814648 0.813592 0.821505 0.808492 0.821505 0.790283 0.829878 0.788872 0.821505 0.808492 0.829878 0.788872 0.829878 0.806083 0.93902 0.788872 0.829878 0.806083 0.829878 0.788872 0.93902 0.788872 0.93902 0.806083 0.829878 0.806083 0.947393 0.790283 0.93902 0.806083 0.93902 0.788872 0.947393 0.790283 0.947393 0.808492 0.93902 0.806083 0.947393 0.808492 0.947393 0.790283 0.954251 0.79327 0.947393 0.808492 0.954251 0.79327 0.954251 0.813592 0.800855 0.629512 0.814346 0.637274 0.810972 0.646657 0.800855 0.629512 0.810972 0.646657 0.79793 0.63887 0.79392 0.677577 0.79793 0.63887 0.810972 0.646657 0.79392 0.677577 0.810972 0.646657 0.808198 0.677858 0.808198 0.677858 0.79335 0.737311 0.79392 0.677577 0.808198 0.677858 0.807913 0.737594 0.79335 0.737311 0.79335 0.737311 0.807913 0.737594 0.811096 0.768853 0.79335 0.737311 0.811096 0.768853 0.798034 0.776176 0.811096 0.768853 0.800779 0.785636 0.798034 0.776176 0.811096 0.768853 0.81438 0.778288 0.800779 0.785636 0.93902 0.677879 0.829878 0.658145 0.93902 0.658144 0.93902 0.677879 0.829878 0.677879 0.829878 0.658145 0.846865 0.45302 0.847321 0.472102 0.828928 0.472509 0.846865 0.45302 0.828928 0.472509 0.828471 0.453388 0.828178 0.433099 0.846865 0.45302 0.828471 0.453388 0.828178 0.433099 0.846195 0.433011 0.846865 0.45302 0.827748 0.400979 0.846195 0.433011 0.828178 0.433099 0.827748 0.400979 0.84537 0.400451 0.846195 0.433011 0.827748 0.400979 0.845126 0.37789 0.84537 0.400451 0.827748 0.400979 0.827114 0.378147 0.845126 0.37789 0.864509 0.390999 0.84537 0.400451 0.859715 0.381015 0.864509 0.390999 0.857049 0.402097 0.84537 0.400451 0.846195 0.433011 0.84537 0.400451 0.857049 0.402097 0.846195 0.433011 0.857049 0.402097 0.857778 0.430866 0.846195 0.433011 0.857778 0.430866 0.86579 0.441633 0.846195 0.433011 0.86579 0.441633 0.861508 0.451812 0.881958 0.451374 0.861508 0.451812 0.86579 0.441633 0.881958 0.451374 0.86579 0.441633 0.877165 0.441389 0.877165 0.441389 0.896303 0.431937 0.881958 0.451374 0.877165 0.441389 0.884624 0.430291 0.896303 0.431937 0.883896 0.401522 0.896303 0.431937 0.884624 0.430291 0.883896 0.401522 0.895479 0.399377 0.896303 0.431937 0.895479 0.399377 0.883896 0.401522 0.875883 0.390755 0.895479 0.399377 0.875883 0.390755 0.880166 0.380577 0.880166 0.380577 0.864509 0.390999 0.859715 0.381015 0.880166 0.380577 0.875883 0.390755 0.864509 0.390999 0.895479 0.399377 0.913929 0.431643 0.896303 0.431937 0.913929 0.431643 0.896738 0.454496 0.896303 0.431937 0.913929 0.431643 0.914367 0.454245 0.896738 0.454496 0.913492 0.399057 0.895479 0.399377 0.894813 0.379367 0.895479 0.399377 0.913492 0.399057 0.913929 0.431643 0.913929 0.431643 0.913492 0.399057 0.925197 0.400829 0.913929 0.431643 0.925197 0.400829 0.925584 0.429606 0.913929 0.431643 0.925584 0.429606 0.933472 0.440456 0.913929 0.431643 0.933472 0.440456 0.92905 0.450631 0.933472 0.440456 0.949546 0.450398 0.92905 0.450631 0.933472 0.440456 0.944852 0.440327 0.949546 0.450398 0.944852 0.440327 0.964155 0.431305 0.949546 0.450398 0.944852 0.440327 0.952446 0.4293 0.964155 0.431305 0.952446 0.4293 0.963711 0.398253 0.964155 0.431305 0.952446 0.4293 0.95206 0.400524 0.963711 0.398253 0.963711 0.398253 0.95206 0.400524 0.944172 0.389673 0.963711 0.398253 0.944172 0.389673 0.948593 0.379498 0.932791 0.389803 0.948593 0.379498 0.944172 0.389673 0.932791 0.389803 0.928098 0.379731 0.948593 0.379498 0.932791 0.389803 0.913492 0.399057 0.928098 0.379731 0.932791 0.389803 0.925197 0.400829 0.913492 0.399057 0.913492 0.399057 0.894813 0.379367 0.913206 0.379002 0.912561 0.359886 0.913206 0.379002 0.894813 0.379367 0.912561 0.359886 0.894813 0.379367 0.894552 0.36028 0.993143 0.36682 0.978424 0.376892 0.978424 0.366828 0.993143 0.36682 0.993143 0.376889 0.978424 0.376892 0.993143 0.386665 0.978424 0.376892 0.993143 0.376889 0.993143 0.386665 0.978424 0.386669 0.978424 0.376892 0.978424 0.386669 0.993143 0.386665 0.993143 0.39845 0.978424 0.386669 0.993143 0.39845 0.978424 0.398453 0.993143 0.42391 0.978424 0.398453 0.993143 0.39845 0.993143 0.42391 0.978424 0.423912 0.978424 0.398453 0.993143 0.42391 0.978424 0.433977 0.978424 0.423912 0.993143 0.42391 0.993143 0.433978 0.978424 0.433977 0.993143 0.433978 0.978424 0.443752 0.978424 0.433977 0.993143 0.433978 0.993143 0.443756 0.978424 0.443752 0.978424 0.443752 0.993143 0.443756 0.993143 0.455543 0.978424 0.443752 0.993143 0.455543 0.978424 0.455534 0.978424 0.455534 0.993143 0.455543 0.993143 0.481003 0.978424 0.455534 0.993143 0.481003 0.978424 0.480993 0.968119 0.785635 0.954518 0.778288 0.957803 0.768853 0.968119 0.785635 0.957803 0.768853 0.970864 0.776175 0.975548 0.73731 0.970864 0.776175 0.957803 0.768853 0.975548 0.73731 0.957803 0.768853 0.960985 0.737593 0.9607 0.677858 0.975548 0.73731 0.960985 0.737593 0.9607 0.677858 0.974978 0.677577 0.975548 0.73731 0.974978 0.677577 0.9607 0.677858 0.957926 0.646657 0.974978 0.677577 0.957926 0.646657 0.970968 0.638869 0.957926 0.646657 0.968043 0.629512 0.970968 0.638869 0.957926 0.646657 0.954552 0.637273 0.968043 0.629512 0.797866 0.863763 0.758588 0.816694 0.766963 0.87339 0.797866 0.863763 0.777137 0.810839 0.758588 0.816694 0.777137 0.810839 0.758714 0.806743 0.758588 0.816694 0.777137 0.810839 0.769491 0.803496 0.758714 0.806743 0.01728999 0.755577 0.01313894 0.773844 0.01192098 0.754982 0.01728999 0.755577 0.01787698 0.768555 0.01313894 0.773844 0.01797097 0.836515 0.01313894 0.773844 0.01787698 0.768555 0.01797097 0.836515 0.01359695 0.835997 0.01313894 0.773844 0.01797097 0.836515 0.01720595 0.845549 0.01359695 0.835997 0.01720595 0.845549 0.01280695 0.854689 0.01359695 0.835997 0.01711398 0.855861 0.01280695 0.854689 0.01720595 0.845549 0.01280695 0.854689 0.01711398 0.855861 0.01601696 0.914824 0.01280695 0.854689 0.01601696 0.914824 0.01024597 0.914396 0.01024597 0.914396 0.01601696 0.914824 0.01675796 0.922083 0.01024597 0.914396 0.01675796 0.922083 0.010104 0.922208 0.010104 0.922208 0.01675796 0.922083 0.01577395 0.93499 0.010104 0.922208 0.01577395 0.93499 0.01060098 0.935784 0.01577395 0.93499 0.009311974 0.953287 0.01060098 0.935784 0.01577395 0.93499 0.01490294 0.953583 0.009311974 0.953287 0.01195597 0.37301 0.01240599 0.360196 0.01774698 0.359691 0.01195597 0.37301 0.01774698 0.359691 0.01657396 0.373707 0.01657396 0.373707 0.01162594 0.384085 0.01195597 0.37301 0.01657396 0.373707 0.01734495 0.384465 0.01162594 0.384085 0.01162594 0.384085 0.01734495 0.384465 0.01665794 0.39727 0.01162594 0.384085 0.01665794 0.39727 0.01202094 0.396282 0.01202094 0.396282 0.01665794 0.39727 0.01655095 0.412435 0.01202094 0.396282 0.01655095 0.412435 0.01278698 0.410957 0.01278698 0.410957 0.01655095 0.412435 0.01644694 0.4959 0.01278698 0.410957 0.01644694 0.4959 0.012546 0.49546 0.01631295 0.659019 0.012546 0.49546 0.01644694 0.4959 0.01631295 0.659019 0.01213395 0.660865 0.012546 0.49546 0.01631295 0.659019 0.01191395 0.732522 0.01213395 0.660865 0.01631295 0.659019 0.01688295 0.733453 0.01191395 0.732522 0.01723694 0.743745 0.01191395 0.732522 0.01688295 0.733453 0.01723694 0.743745 0.011868 0.743149 0.01191395 0.732522 0.01723694 0.743745 0.01192098 0.754982 0.011868 0.743149 0.01723694 0.743745 0.01728999 0.755577 0.01192098 0.754982 0.01210695 0.01643794 0.01038599 1.05e-4 0.01703995 0 0.01210695 0.01643794 0.01703995 0 0.01840597 0.01476496 0.01840597 0.01476496 0.01025998 0.07850897 0.01210695 0.01643794 0.01840597 0.01476496 0.01425397 0.07683098 0.01025998 0.07850897 0.01025998 0.07850897 0.01425397 0.07683098 0.01452499 0.1267099 0.01025998 0.07850897 0.01452499 0.1267099 0.01042097 0.1277289 0.01042097 0.1277289 0.01452499 0.1267099 0.01490098 0.195689 0.01042097 0.1277289 0.01490098 0.195689 0.01064497 0.195796 0.01490098 0.195689 0.01081299 0.246867 0.01064497 0.195796 0.01490098 0.195689 0.01518297 0.247444 0.01081299 0.246867 0.01081299 0.246867 0.01518297 0.247444 0.01855397 0.313407 0.01081299 0.246867 0.01855397 0.313407 0.01259398 0.31667 0.01855397 0.313407 0.012465 0.330279 0.01259398 0.31667 0.01855397 0.313407 0.017609 0.330803 0.012465 0.330279 0.01218795 0.348817 0.012465 0.330279 0.017609 0.330803 0.01218795 0.348817 0.017609 0.330803 0.01728695 0.350125 0.01240599 0.360196 0.01218795 0.348817 0.01728695 0.350125 0.01240599 0.360196 0.01728695 0.350125 0.01774698 0.359691 0.2426699 0.144199 0.332493 0.04219996 0.332499 0.14419 0.2426699 0.144199 0.2426649 0.04221498 0.332493 0.04219996 0.2426649 0.04221498 0.33249 0.003591954 0.332493 0.04219996 0.2426649 0.04221498 0.242662 0.003608942 0.33249 0.003591954 0.70585 0.812624 0.711211 0.804437 0.723377 0.807513 0.70585 0.812624 0.723377 0.807513 0.723882 0.81745 0.717669 0.874463 0.70585 0.812624 0.723882 0.81745 0.717669 0.874463 0.686249 0.866055 0.70585 0.812624 0.723882 0.81745 0.717669 0.874463 0.766963 0.87339 0.723882 0.81745 0.766963 0.87339 0.758588 0.816694 0.758588 0.816694 0.723377 0.807513 0.723882 0.81745 0.758588 0.816694 0.758714 0.806743 0.723377 0.807513 0.758213 0.796812 0.723377 0.807513 0.758714 0.806743 0.758213 0.796812 0.7235 0.797569 0.723377 0.807513 0.7235 0.797569 0.758213 0.796812 0.759482 0.787443 0.7235 0.797569 0.759482 0.787443 0.724037 0.787621 0.765315 0.73035 0.724037 0.787621 0.759482 0.787443 0.765315 0.73035 0.716228 0.730833 0.724037 0.787621 0.423127 0.063663 0.512955 0.06365895 0.512954 0.08893197 0.423127 0.063663 0.512954 0.08893197 0.423126 0.08892297 0.51295 0.1951979 0.423126 0.08892297 0.512954 0.08893197 0.51295 0.1951979 0.423122 0.19519 0.423126 0.08892297 0.423122 0.19519 0.51295 0.1951979 0.512949 0.23104 0.423122 0.19519 0.512949 0.23104 0.42312 0.231036 0.42312 0.250775 0.42312 0.231036 0.512949 0.23104 0.42312 0.250775 0.512949 0.23104 0.512949 0.250775 0.42312 0.285051 0.42312 0.250775 0.512949 0.250775 0.42312 0.285051 0.512949 0.250775 0.512949 0.285051 0.42312 0.413837 0.42312 0.285051 0.512949 0.285051 0.42312 0.413837 0.512949 0.285051 0.512949 0.413837 0.512949 0.413837 0.42312 0.728579 0.42312 0.413837 0.512949 0.413837 0.512949 0.728579 0.42312 0.728579 0.512949 0.904505 0.42312 0.728579 0.512949 0.728579 0.512949 0.904505 0.42312 0.904505 0.42312 0.728579 0.512949 0.946322 0.42312 0.904505 0.512949 0.904505 0.512949 0.946322 0.42312 0.946322 0.42312 0.904505 0.512949 0.972869 0.42312 0.946322 0.512949 0.946322 0.512949 0.972869 0.42312 0.972869 0.42312 0.946322 0.724037 0.787621 0.716228 0.730833 0.765315 0.73035 0.724037 0.787621 0.765315 0.73035 0.759482 0.787443 0.759482 0.787443 0.7235 0.797569 0.724037 0.787621 0.759482 0.787443 0.758213 0.796812 0.7235 0.797569 0.758213 0.796812 0.723377 0.807513 0.7235 0.797569 0.758213 0.796812 0.758714 0.806743 0.723377 0.807513 0.758588 0.816694 0.723377 0.807513 0.758714 0.806743 0.758588 0.816694 0.723882 0.81745 0.723377 0.807513 0.766963 0.87339 0.723882 0.81745 0.758588 0.816694 0.766963 0.87339 0.717669 0.874463 0.723882 0.81745 0.947393 0.997192 0.954251 0.973882 0.95425 0.994204 0.947393 0.997192 0.947393 0.978982 0.954251 0.973882 0.93902 0.981391 0.947393 0.978982 0.947393 0.997192 0.93902 0.981391 0.947393 0.997192 0.93902 0.998603 0.93902 0.998603 0.829878 0.981391 0.93902 0.981391 0.93902 0.998603 0.829878 0.998603 0.829878 0.981391 0.829878 0.998603 0.821505 0.978982 0.829878 0.981391 0.829878 0.998603 0.821505 0.997192 0.821505 0.978982 0.821505 0.997192 0.814648 0.973882 0.821505 0.978982 0.821505 0.997192 0.814647 0.994204 0.814648 0.973882 0.93902 0.677879 0.957926 0.646657 0.9607 0.677858 0.93902 0.677879 0.93902 0.646718 0.957926 0.646657 0.93902 0.646718 0.954552 0.637273 0.957926 0.646657 0.954552 0.637273 0.93902 0.646718 0.947393 0.630032 0.93902 0.646718 0.93902 0.626625 0.947393 0.630032 0.93902 0.626625 0.93902 0.646718 0.829878 0.646718 0.93902 0.626625 0.829878 0.646718 0.829878 0.626625 0.829878 0.646718 0.821505 0.630032 0.829878 0.626625 0.821505 0.630032 0.829878 0.646718 0.814346 0.637274 0.829878 0.646718 0.810972 0.646657 0.814346 0.637274 0.829878 0.677879 0.810972 0.646657 0.829878 0.646718 0.829878 0.677879 0.808198 0.677858 0.810972 0.646657 0.829878 0.677879 0.93902 0.677879 0.93902 0.737618 0.829878 0.677879 0.93902 0.737618 0.829878 0.737618 0.829878 0.737618 0.808198 0.677858 0.829878 0.677879 0.829878 0.737618 0.807913 0.737594 0.808198 0.677858 0.829878 0.737618 0.811096 0.768853 0.807913 0.737594 0.829878 0.737618 0.829878 0.768779 0.811096 0.768853 0.829878 0.768779 0.81438 0.778288 0.811096 0.768853 0.81438 0.778288 0.829878 0.768779 0.821505 0.785465 0.829878 0.768779 0.829878 0.788872 0.821505 0.785465 0.93902 0.788872 0.829878 0.788872 0.829878 0.768779 0.93902 0.788872 0.829878 0.768779 0.93902 0.768779 0.93902 0.768779 0.947393 0.785465 0.93902 0.788872 0.947393 0.785465 0.93902 0.768779 0.954518 0.778288 0.93902 0.768779 0.957803 0.768853 0.954518 0.778288 0.93902 0.737618 0.957803 0.768853 0.93902 0.768779 0.93902 0.737618 0.960985 0.737593 0.957803 0.768853 0.93902 0.737618 0.9607 0.677858 0.960985 0.737593 0.93902 0.737618 0.93902 0.677879 0.9607 0.677858 0.968119 0.785635 0.954518 0.778288 0.957803 0.768853 0.968119 0.785635 0.957803 0.768853 0.970864 0.776175 0.975548 0.73731 0.970864 0.776175 0.957803 0.768853 0.975548 0.73731 0.957803 0.768853 0.960985 0.737593 0.9607 0.677858 0.975548 0.73731 0.960985 0.737593 0.9607 0.677858 0.974978 0.677577 0.975548 0.73731 0.974978 0.677577 0.9607 0.677858 0.957926 0.646657 0.974978 0.677577 0.957926 0.646657 0.970968 0.638869 0.957926 0.646657 0.968043 0.629512 0.970968 0.638869 0.957926 0.646657 0.954552 0.637273 0.968043 0.629512 0.819965 0.04408496 0.769474 0.100398 0.769473 0.04408597 0.819965 0.04408496 0.819965 0.101581 0.769474 0.100398 0.819965 0.101581 0.769474 0.160262 0.769474 0.100398 0.819965 0.101581 0.819966 0.159077 0.769474 0.160262 0.819966 0.216574 0.769474 0.160262 0.819966 0.159077 0.819966 0.216574 0.769474 0.216574 0.769474 0.160262 0.819966 0.27407 0.769474 0.216574 0.819966 0.216574 0.819966 0.27407 0.769474 0.27407 0.769474 0.216574 0.819966 0.27407 0.769474 0.331566 0.769474 0.27407 0.819966 0.27407 0.819966 0.331567 0.769474 0.331566 0.819966 0.331567 0.769474 0.389063 0.769474 0.331566 0.819966 0.331567 0.819965 0.387879 0.769474 0.389063 0.819965 0.387879 0.769474 0.446559 0.769474 0.389063 0.819965 0.387879 0.819966 0.447744 0.769474 0.446559 0.819966 0.447744 0.769474 0.504055 0.769474 0.446559 0.819966 0.447744 0.819965 0.504055 0.769474 0.504055 0.141737 0.700822 0.05693095 0.739929 0.05692696 0.700833 0.141737 0.700822 0.141741 0.739917 0.05693095 0.739929 0.05693095 0.739929 0.141741 0.739917 0.141745 0.771024 0.05693095 0.739929 0.141745 0.771024 0.05693495 0.771037 0.05693495 0.771037 0.141745 0.771024 0.141748 0.801865 0.05693495 0.771037 0.141748 0.801865 0.05693894 0.801878 0.05693894 0.801878 0.141748 0.801865 0.141752 0.834562 0.05693894 0.801878 0.141752 0.834562 0.05694198 0.834573 0.05694198 0.834573 0.141752 0.834562 0.141758 0.902151 0.05694198 0.834573 0.141758 0.902151 0.05694895 0.902162 0.05694895 0.902162 0.141758 0.902151 0.141761 0.931745 0.05694895 0.902162 0.141761 0.931745 0.05695098 0.931756 0.1416929 0.12536 0.05688399 0.143433 0.05688399 0.12536 0.1416929 0.12536 0.141694 0.143431 0.05688399 0.143433 0.141695 0.204384 0.05688399 0.143433 0.141694 0.143431 0.141695 0.204384 0.056885 0.20439 0.05688399 0.143433 0.141697 0.227913 0.056885 0.20439 0.141695 0.204384 0.141697 0.227913 0.05688798 0.227923 0.056885 0.20439 0.141699 0.248569 0.05688798 0.227923 0.141697 0.227913 0.141699 0.248569 0.05688899 0.248579 0.05688798 0.227923 0.141701 0.273646 0.05688899 0.248579 0.141699 0.248569 0.141701 0.273646 0.05689197 0.273656 0.05688899 0.248579 0.141703 0.294775 0.05689197 0.273656 0.141701 0.273646 0.141703 0.294775 0.05689299 0.294785 0.05689197 0.273656 0.141703 0.294775 0.05689996 0.369841 0.05689299 0.294785 0.141703 0.294775 0.141709 0.369832 0.05689996 0.369841 0.141709 0.369832 0.056921 0.622652 0.05689996 0.369841 0.141709 0.369832 0.141731 0.622643 0.056921 0.622652 0.141737 0.700822 0.056921 0.622652 0.141731 0.622643 0.141737 0.700822 0.05692696 0.700833 0.056921 0.622652 0.03919899 0.597932 0.03867298 0.61841 0.03409397 0.616703 0.03919899 0.597932 0.03409397 0.616703 0.03474897 0.59567 0.03901696 0.572938 0.03919899 0.597932 0.03474897 0.59567 0.03901696 0.572938 0.03474897 0.59567 0.03440296 0.574455 0.03494095 0.545089 0.03901696 0.572938 0.03440296 0.574455 0.03494095 0.545089 0.03941196 0.547269 0.03901696 0.572938 0.03749299 0.521328 0.03941196 0.547269 0.03494095 0.545089 0.03749299 0.521328 0.03494095 0.545089 0.03279197 0.520454 0.03366595 0.485823 0.03749299 0.521328 0.03279197 0.520454 0.03366595 0.485823 0.03840297 0.486167 0.03749299 0.521328 0.03797197 0.459835 0.03840297 0.486167 0.03366595 0.485823 0.03797197 0.459835 0.03366595 0.485823 0.033324 0.46023 0.03288996 0.416483 0.03797197 0.459835 0.033324 0.46023 0.03288996 0.416483 0.03846997 0.419722 0.03797197 0.459835 0.03288996 0.416483 0.03964096 0.366131 0.03846997 0.419722 0.03288996 0.416483 0.03400099 0.367134 0.03964096 0.366131 0.03964096 0.366131 0.03400099 0.367134 0.03361594 0.194613 0.03964096 0.366131 0.03361594 0.194613 0.03886795 0.195731 0.03886795 0.195731 0.03361594 0.194613 0.03542 0.138188 0.03886795 0.195731 0.03542 0.138188 0.041103 0.135308 0.041103 0.135308 0.03542 0.138188 0.03505098 0.118041 0.041103 0.135308 0.03505098 0.118041 0.04105395 0.115494 0.04105395 0.115494 0.03505098 0.118041 0.03624397 0.103089 0.04105395 0.115494 0.03624397 0.103089 0.04113799 0.102829 0.04191797 0.08269298 0.04113799 0.102829 0.03624397 0.103089 0.04191797 0.08269298 0.03624397 0.103089 0.03564298 0.08224797 0.03564298 0.08224797 0.04254996 0.06881499 0.04191797 0.08269298 0.03564298 0.08224797 0.03512799 0.06626296 0.04254996 0.06881499 0.04050397 0.01843595 0.04254996 0.06881499 0.03512799 0.06626296 0.04050397 0.01843595 0.03512799 0.06626296 0.03635895 0.01846295 0.03635895 0.01846295 0.04256498 0.009848952 0.04050397 0.01843595 0.04256498 0.009848952 0.04468595 0.018408 0.04050397 0.01843595 0.04883098 0.01837998 0.04468595 0.018408 0.04256498 0.009848952 0.04639095 0.03590595 0.04468595 0.018408 0.04883098 0.01837998 0.04639095 0.03590595 0.04883098 0.01837998 0.05213099 0.03521299 0.05037897 0.05191195 0.04639095 0.03590595 0.05213099 0.03521299 0.05037897 0.05191195 0.04922497 0.05373895 0.04639095 0.03590595 0.723882 0.81745 0.686249 0.866055 0.717669 0.874463 0.723882 0.81745 0.70585 0.812624 0.686249 0.866055 0.723377 0.807513 0.70585 0.812624 0.723882 0.81745 0.723377 0.807513 0.711211 0.804437 0.70585 0.812624 0.777137 0.810839 0.758714 0.806743 0.769491 0.803496 0.777137 0.810839 0.758588 0.816694 0.758714 0.806743 0.797866 0.863763 0.758588 0.816694 0.777137 0.810839 0.797866 0.863763 0.766963 0.87339 0.758588 0.816694 0.335548 0.722168 0.335548 0.641499 0.420358 0.641499 0.335548 0.722168 0.420358 0.641499 0.420358 0.722168 0.420358 0.722168 0.335548 0.745652 0.335548 0.722168 0.420358 0.722168 0.420358 0.745653 0.335548 0.745652 0.335548 0.761907 0.335548 0.745652 0.420358 0.745653 0.335548 0.761907 0.420358 0.745653 0.420358 0.76191 0.335547 0.775608 0.335548 0.761907 0.420358 0.76191 0.335547 0.775608 0.420358 0.76191 0.420357 0.775615 0.335547 0.775608 0.420357 0.775615 0.420356 0.796357 0.335547 0.775608 0.420356 0.796357 0.335546 0.79635 0.335546 0.79635 0.420356 0.796357 0.420351 0.869688 0.335546 0.79635 0.420351 0.869688 0.335542 0.86968 0.420346 0.07328498 0.335534 0.04820495 0.420344 0.04819399 0.420346 0.07328498 0.335536 0.07329499 0.335534 0.04820495 0.420348 0.107955 0.335536 0.07329499 0.420346 0.07328498 0.420348 0.107955 0.335539 0.107963 0.335536 0.07329499 0.420354 0.182985 0.335539 0.107963 0.420348 0.107955 0.420354 0.182985 0.335544 0.182992 0.335539 0.107963 0.420356 0.216986 0.335544 0.182992 0.420354 0.182985 0.420356 0.216986 0.335546 0.216991 0.335544 0.182992 0.420356 0.240748 0.335546 0.216991 0.420356 0.216986 0.420356 0.240748 0.335546 0.240752 0.335546 0.216991 0.420357 0.264149 0.335546 0.240752 0.420356 0.240748 0.420357 0.264149 0.335548 0.264152 0.335546 0.240752 0.420358 0.307218 0.335548 0.264152 0.420357 0.264149 0.420358 0.307218 0.335548 0.307219 0.335548 0.264152 0.420358 0.307218 0.335548 0.391576 0.335548 0.307219 0.420358 0.307218 0.420358 0.391576 0.335548 0.391576 0.335548 0.641499 0.335548 0.391576 0.420358 0.391576 0.335548 0.641499 0.420358 0.391576 0.420358 0.641499 0.007027983 0.607981 0.001993954 0.608723 0.001996994 0.589584 0.007556974 0.629861 0.001993954 0.608723 0.007027983 0.607981 0.007556974 0.629861 0.003192961 0.629179 0.001993954 0.608723 0.003192961 0.629179 0.007556974 0.629861 0.007995963 0.645282 0.003192961 0.629179 0.007995963 0.645282 0.002598941 0.64467 0.007995963 0.645282 0.00366497 0.655971 0.002598941 0.64467 0.007995963 0.645282 0.008071959 0.656687 0.00366497 0.655971 0.008071959 0.656687 0.003415942 0.675435 0.00366497 0.655971 0.008071959 0.656687 0.006981968 0.674068 0.003415942 0.675435 0.006981968 0.674068 0.002731978 0.755334 0.003415942 0.675435 0.006981968 0.674068 0.00642395 0.75495 0.002731978 0.755334 0.002145946 0.909587 0.002731978 0.755334 0.00642395 0.75495 0.002145946 0.909587 0.00642395 0.75495 0.006088972 0.91137 0.007386982 0.974396 0.002145946 0.909587 0.006088972 0.91137 0.007386982 0.974396 0.00178498 0.979162 0.002145946 0.909587 5.37e-4 0.2444429 0.006501972 0.256589 3.72e-4 0.258544 3.72e-4 0.258544 0.006501972 0.256589 0.007156968 0.27577 3.72e-4 0.258544 0.007156968 0.27577 0 0.276193 0 0.276193 0.007156968 0.27577 0.005353987 0.335222 0 0.276193 0.005353987 0.335222 0.001583993 0.333601 0.005353987 0.335222 0.001731991 0.380248 0.001583993 0.333601 0.005353987 0.335222 0.005608975 0.381246 0.001731991 0.380248 0.005608975 0.381246 0.001936972 0.444756 0.001731991 0.380248 0.005608975 0.381246 0.005960941 0.444892 0.001936972 0.444756 0.001936972 0.444756 0.005960941 0.444892 0.006224989 0.492646 0.001936972 0.444756 0.006224989 0.492646 0.002089977 0.493157 0.006224989 0.492646 0.001344978 0.558308 0.002089977 0.493157 0.006224989 0.492646 0.006967961 0.56144 0.001344978 0.558308 0.007216989 0.575431 0.001344978 0.558308 0.006967961 0.56144 0.007216989 0.575431 0.001007974 0.574027 0.001344978 0.558308 0.006712973 0.587724 0.001007974 0.574027 0.007216989 0.575431 0.006712973 0.587724 0.001996994 0.589584 0.001007974 0.574027 0.007027983 0.607981 0.001996994 0.589584 0.006712973 0.587724 0.00613296 0.04603999 0.001529991 0.06445795 9.15e-4 0.05156898 0.00613296 0.04603999 0.006923973 0.063811 0.001529991 0.06445795 0.001529991 0.06445795 0.006923973 0.063811 0.007593989 0.07496297 0.001529991 0.06445795 0.007593989 0.07496297 0.002199947 0.07560998 0.002199947 0.07560998 0.007593989 0.07496297 0.00741595 0.091461 0.002199947 0.07560998 0.00741595 0.091461 0.002948999 0.086438 0.00741595 0.091461 0.002691984 0.150705 0.002948999 0.086438 0.00741595 0.091461 0.006828963 0.1502349 0.002691984 0.150705 0.002691984 0.150705 0.006828963 0.1502349 0.003044962 0.156978 0.003044962 0.156978 0.006828963 0.1502349 0.006962954 0.164828 0.002814948 0.164568 0.003044962 0.156978 0.006962954 0.164828 0.006962954 0.164828 4.51e-4 0.208432 0.002814948 0.164568 0.006962954 0.164828 0.008530974 0.210757 4.51e-4 0.208432 0.008530974 0.210757 0.001305997 0.225879 4.51e-4 0.208432 0.008530974 0.210757 0.007713973 0.225634 0.001305997 0.225879 0.007713973 0.225634 5.37e-4 0.2444429 0.001305997 0.225879 0.007713973 0.225634 0.007207989 0.2430689 5.37e-4 0.2444429 5.37e-4 0.2444429 0.007207989 0.2430689 0.006501972 0.256589 0.789563 0.95802 0.715181 0.990983 0.758752 0.990985 0.789563 0.95802 0.684372 0.958014 0.715181 0.990983 0.789563 0.95802 0.684374 0.911392 0.684372 0.958014 0.789563 0.95802 0.716015 0.878426 0.684374 0.911392 0.789563 0.95802 0.757928 0.878428 0.716015 0.878426 0.789563 0.95802 0.789566 0.911397 0.757928 0.878428 0.808198 0.677858 0.807913 0.737594 0.829878 0.737618 0.811096 0.768853 0.829878 0.737618 0.807913 0.737594 0.811096 0.768853 0.829878 0.768779 0.829878 0.737618 0.829878 0.768779 0.811096 0.768853 0.81438 0.778288 0.81438 0.778288 0.821505 0.785465 0.829878 0.768779 0.829878 0.768779 0.821505 0.785465 0.829878 0.788872 0.829878 0.768779 0.829878 0.788872 0.93902 0.788872 0.829878 0.768779 0.93902 0.788872 0.93902 0.768779 0.93902 0.768779 0.93902 0.788872 0.947393 0.785465 0.947393 0.785465 0.954518 0.778288 0.93902 0.768779 0.93902 0.768779 0.954518 0.778288 0.957803 0.768853 0.93902 0.737618 0.93902 0.768779 0.957803 0.768853 0.93902 0.737618 0.957803 0.768853 0.960985 0.737593 0.93902 0.737618 0.960985 0.737593 0.9607 0.677858 0.93902 0.737618 0.9607 0.677858 0.93902 0.677879 0.957926 0.646657 0.93902 0.677879 0.9607 0.677858 0.957926 0.646657 0.93902 0.646718 0.93902 0.677879 0.93902 0.646718 0.957926 0.646657 0.954552 0.637273 0.954552 0.637273 0.947393 0.630032 0.93902 0.646718 0.93902 0.646718 0.947393 0.630032 0.93902 0.626625 0.93902 0.626625 0.829878 0.646718 0.93902 0.646718 0.93902 0.626625 0.829878 0.626625 0.829878 0.646718 0.829878 0.646718 0.829878 0.626625 0.821505 0.630032 0.821505 0.630032 0.814346 0.637274 0.829878 0.646718 0.829878 0.646718 0.814346 0.637274 0.810972 0.646657 0.829878 0.677879 0.829878 0.646718 0.810972 0.646657 0.829878 0.677879 0.810972 0.646657 0.808198 0.677858 0.808198 0.677858 0.829878 0.737618 0.829878 0.677879 0.829878 0.677879 0.829878 0.737618 0.93902 0.737618 0.829878 0.677879 0.93902 0.737618 0.93902 0.677879 0.717513 0.724354 0.685885 0.644759 0.685878 0.691382 0.717513 0.724354 0.716699 0.611797 0.685885 0.644759 0.717513 0.724354 0.760271 0.611804 0.716699 0.611797 0.717513 0.724354 0.791076 0.644776 0.760271 0.611804 0.717513 0.724354 0.791069 0.691399 0.791076 0.644776 0.717513 0.724354 0.759426 0.724361 0.791069 0.691399 0.604475 0.977505 0.514646 0.977505 0.514646 0.956656 0.604475 0.977505 0.514646 0.956656 0.604475 0.956656 0.604475 0.956656 0.514646 0.956656 0.514646 0.911756 0.604475 0.956656 0.514646 0.911756 0.604475 0.911756 0.604475 0.911756 0.514646 0.911756 0.514646 0.788491 0.604475 0.911756 0.514646 0.788491 0.604475 0.788491 0.604475 0.788491 0.514646 0.788491 0.514646 0.451123 0.604475 0.788491 0.514646 0.451123 0.604475 0.451123 0.514646 0.263054 0.604475 0.451123 0.514646 0.451123 0.514646 0.263054 0.604475 0.263054 0.604475 0.451123 0.604475 0.2240689 0.604475 0.263054 0.514646 0.263054 0.604475 0.2240689 0.514646 0.263054 0.514646 0.2240689 0.514646 0.206318 0.604475 0.2240689 0.514646 0.2240689 0.514646 0.206318 0.604475 0.206318 0.604475 0.2240689 0.604475 0.192126 0.604475 0.206318 0.514646 0.206318 0.604475 0.192126 0.514646 0.206318 0.514646 0.192125 0.604475 0.192126 0.514646 0.192125 0.514647 0.169669 0.604475 0.192126 0.514647 0.169669 0.604475 0.1696619 0.604475 0.1696619 0.514647 0.169669 0.514645 0.149448 0.604475 0.1696619 0.514645 0.149448 0.604474 0.149432 0.514645 0.149448 0.604472 0.127398 0.604474 0.149432 0.514645 0.149448 0.514644 0.127418 0.604472 0.127398 0.604472 0.127398 0.514644 0.127418 0.514639 0.07808595 0.604472 0.127398 0.514639 0.07808595 0.604467 0.07806199 0.02185195 0.529329 0.02725797 0.57326 0.023184 0.572212 0.02185195 0.529329 0.03000497 0.527662 0.02725797 0.57326 0.02306699 0.509153 0.03000497 0.527662 0.02185195 0.529329 0.02306699 0.509153 0.02848994 0.504792 0.03000497 0.527662 0.02347898 0.4927 0.02848994 0.504792 0.02306699 0.509153 0.02347898 0.4927 0.02837699 0.49267 0.02848994 0.504792 0.02347898 0.4927 0.029706 0.477579 0.02837699 0.49267 0.02347898 0.4927 0.02342295 0.477514 0.029706 0.477579 0.02999097 0.465255 0.029706 0.477579 0.02342295 0.477514 0.02999097 0.465255 0.02342295 0.477514 0.02427995 0.462483 0.02427995 0.462483 0.02841299 0.406329 0.02999097 0.465255 0.02427995 0.462483 0.02317297 0.407546 0.02841299 0.406329 0.02317297 0.407546 0.02843397 0.235931 0.02841299 0.406329 0.02317297 0.407546 0.02278494 0.235034 0.02843397 0.235931 0.02182197 0.184262 0.02843397 0.235931 0.02278494 0.235034 0.02182197 0.184262 0.02736896 0.180918 0.02843397 0.235931 0.02182197 0.184262 0.02644097 0.1538709 0.02736896 0.180918 0.02182197 0.184262 0.02275198 0.157779 0.02644097 0.1538709 0.02644097 0.1538709 0.02275198 0.157779 0.02251899 0.135666 0.02644097 0.1538709 0.02251899 0.135666 0.027107 0.137327 0.02251899 0.135666 0.02721697 0.116863 0.027107 0.137327 0.02251899 0.135666 0.02252095 0.117795 0.02721697 0.116863 0.02721697 0.116863 0.02252095 0.117795 0.022125 0.09471297 0.02721697 0.116863 0.022125 0.09471297 0.02663195 0.09674799 0.022125 0.09471297 0.02772295 0.05404895 0.02663195 0.09674799 0.022125 0.09471297 0.02323895 0.05192095 0.02772295 0.05404895 0.02772295 0.05404895 0.02323895 0.05192095 0.02318495 0.03085398 0.02772295 0.05404895 0.02318495 0.03085398 0.02777397 0.02919799 0.02777397 0.02919799 0.02318495 0.03085398 0.02306097 0.007826983 0.02777397 0.02919799 0.02306097 0.007826983 0.02765399 0.009455978 0.684374 0.911392 0.715181 0.990983 0.684372 0.958014 0.684374 0.911392 0.758752 0.990985 0.715181 0.990983 0.684374 0.911392 0.789563 0.95802 0.758752 0.990985 0.684374 0.911392 0.789566 0.911397 0.789563 0.95802 0.684374 0.911392 0.757928 0.878428 0.789566 0.911397 0.684374 0.911392 0.716015 0.878426 0.757928 0.878428 0.800855 0.629512 0.814346 0.637274 0.810972 0.646657 0.800855 0.629512 0.810972 0.646657 0.79793 0.63887 0.79392 0.677577 0.79793 0.63887 0.810972 0.646657 0.79392 0.677577 0.810972 0.646657 0.808198 0.677858 0.808198 0.677858 0.79335 0.737311 0.79392 0.677577 0.808198 0.677858 0.807913 0.737594 0.79335 0.737311 0.79335 0.737311 0.807913 0.737594 0.811096 0.768853 0.79335 0.737311 0.811096 0.768853 0.798034 0.776176 0.811096 0.768853 0.800779 0.785636 0.798034 0.776176 0.811096 0.768853 0.81438 0.778288 0.800779 0.785636 0.685885 0.644759 0.717513 0.724354 0.685878 0.691382 0.685885 0.644759 0.759426 0.724361 0.717513 0.724354 0.685885 0.644759 0.791069 0.691399 0.759426 0.724361 0.685885 0.644759 0.791076 0.644776 0.791069 0.691399 0.685885 0.644759 0.760271 0.611804 0.791076 0.644776 0.685885 0.644759 0.716699 0.611797 0.760271 0.611804</float_array>
          <technique_common>
            <accessor source="#fob_h_sniperrifle_diamond-mesh-map-0-array" count="5826" stride="2">
              <param name="S" type="float"/>
              <param name="T" type="float"/>
            </accessor>
          </technique_common>
        </source>
        <vertices id="fob_h_sniperrifle_diamond-mesh-vertices">
          <input semantic="POSITION" source="#fob_h_sniperrifle_diamond-mesh-positions"/>
        </vertices>
        <triangles material="fob_diamond-material" count="632">
          <input semantic="VERTEX" source="#fob_h_sniperrifle_diamond-mesh-vertices" offset="0"/>
          <input semantic="NORMAL" source="#fob_h_sniperrifle_diamond-mesh-normals" offset="1"/>
          <input semantic="TEXCOORD" source="#fob_h_sniperrifle_diamond-mesh-map-0" offset="2" set="0"/>
          <p>0 0 0 1 1 1 2 2 2 3 3 3 4 4 4 5 5 5 3 3 6 6 6 7 4 4 8 7 7 9 4 4 10 6 6 11 7 7 12 6 6 13 8 8 14 7 9 15 9 10 16 10 11 17 7 9 18 8 12 19 9 10 20 11 13 21 12 14 22 13 15 23 11 13 24 9 16 25 12 14 26 13 17 27 14 18 28 11 19 29 13 17 30 15 20 31 14 18 32 14 21 33 16 22 34 17 23 35 14 21 36 15 24 37 16 22 38 18 25 39 19 26 40 20 27 41 18 25 42 21 28 43 19 26 44 2 29 45 17 30 46 16 31 47 2 29 48 22 32 49 17 30 50 1 33 51 18 34 52 20 35 53 1 33 54 23 36 55 18 34 56 2 37 57 20 38 58 22 39 59 2 37 60 1 40 61 20 38 62 11 41 63 24 42 64 25 43 65 11 41 66 14 44 67 24 42 68 25 45 69 9 46 70 11 47 71 25 45 72 10 48 73 9 46 74 26 49 75 27 50 76 28 51 77 26 49 78 29 52 79 27 50 80 30 53 81 31 54 82 32 55 83 30 53 84 33 56 85 31 54 86 33 57 87 28 58 88 31 59 89 33 57 90 26 60 91 28 58 92 29 61 93 34 62 94 27 63 95 29 61 96 35 64 97 34 62 98 36 65 99 34 62 100 35 64 101 36 65 102 37 66 103 34 62 104 38 67 105 39 68 106 40 69 107 38 67 108 41 70 109 39 68 110 42 71 111 41 72 112 38 73 113 42 71 114 43 74 115 41 72 116 44 75 117 42 76 118 45 77 119 44 75 120 43 78 121 42 76 122 46 79 123 39 80 124 41 81 125 46 79 126 47 82 127 39 80 128 48 83 129 40 84 130 49 85 131 48 83 132 38 86 133 40 84 134 50 87 135 38 88 136 48 89 137 50 87 138 42 90 139 38 88 140 51 91 141 41 92 142 43 93 143 51 91 144 46 94 145 41 92 146 52 95 147 44 96 148 45 97 149 52 95 150 53 98 151 44 96 152 54 99 153 55 100 154 56 101 155 54 102 156 57 103 157 55 104 158 58 105 159 59 106 160 60 107 161 58 105 162 54 108 163 59 106 164 61 109 165 62 110 166 63 111 167 61 109 168 64 112 169 62 110 170 64 113 171 65 114 172 62 115 173 64 113 174 66 116 175 65 114 176 67 117 177 68 118 178 69 119 179 67 117 180 70 120 181 68 118 182 69 121 183 71 122 184 72 123 185 69 121 186 73 124 187 71 122 188 74 125 189 75 126 190 76 127 191 74 125 192 77 128 193 75 126 194 64 129 195 78 130 196 66 131 197 64 129 198 76 132 199 78 130 200 79 133 201 80 134 202 81 135 203 79 133 204 82 136 205 80 134 206 82 137 207 83 138 208 80 139 209 82 137 210 84 140 211 83 138 212 85 141 213 60 142 214 86 143 215 85 141 216 58 144 217 60 142 218 82 145 219 87 146 220 88 147 221 82 145 222 79 148 223 87 146 224 59 149 225 89 150 226 60 151 227 59 149 228 90 152 229 89 150 230 56 153 231 90 154 232 59 155 233 56 153 234 91 156 235 90 154 236 84 157 237 88 158 238 92 159 239 84 157 240 82 160 241 88 158 242 93 161 243 62 162 244 94 163 245 93 161 246 63 164 247 62 162 248 93 165 249 95 166 250 53 167 251 93 165 252 94 168 253 95 166 254 56 169 255 92 170 256 91 171 257 56 169 258 84 172 259 92 170 260 28 173 261 88 174 262 31 175 263 28 173 264 92 176 265 88 174 266 62 177 267 96 178 268 94 179 269 62 177 270 65 180 271 96 178 272 65 181 273 46 182 274 96 183 275 65 181 276 85 184 277 46 182 278 85 185 279 47 186 280 46 187 281 85 185 282 86 188 283 47 186 284 97 189 285 77 190 286 74 191 287 97 189 288 98 192 289 77 190 290 75 193 291 78 194 292 76 195 293 75 193 294 99 196 295 78 194 296 99 197 297 58 198 298 78 199 299 99 197 300 100 200 301 58 198 302 84 201 303 55 202 304 83 203 305 84 201 306 56 204 307 55 202 308 101 205 309 100 206 310 99 207 311 101 205 312 102 208 313 100 206 314 102 209 315 54 210 316 100 211 317 102 209 318 57 212 319 54 210 320 98 213 321 103 214 322 77 215 323 98 216 324 104 217 325 103 218 326 103 219 327 75 220 328 77 221 329 103 219 330 105 222 331 75 220 332 105 223 333 99 224 334 75 225 335 105 223 336 101 226 337 99 224 338 95 227 339 96 228 340 51 229 341 95 227 342 94 230 343 96 228 344 106 231 345 107 232 346 108 233 347 106 231 348 109 234 349 107 232 350 110 235 351 111 236 352 112 237 353 110 235 354 107 238 355 111 236 356 112 239 357 113 240 358 110 241 359 112 239 360 114 242 361 113 240 362 115 243 363 116 244 364 117 245 365 115 243 366 118 246 367 116 244 368 117 247 369 119 248 370 120 249 371 117 247 372 116 250 373 119 248 374 120 251 375 87 252 376 79 253 377 120 251 378 119 254 379 87 252 380 97 255 381 121 256 382 122 257 383 97 255 384 123 258 385 121 256 386 124 259 387 125 260 388 126 261 389 124 259 390 127 262 391 125 260 392 124 263 393 128 264 394 127 265 395 124 263 396 129 266 397 128 264 398 130 267 399 125 268 400 93 269 401 130 267 402 126 270 403 125 268 404 130 271 405 131 272 406 132 273 407 130 271 408 133 274 409 131 272 410 134 275 411 67 276 412 131 277 413 134 275 414 70 278 415 67 276 416 135 279 417 130 280 418 52 281 419 135 279 420 133 282 421 130 280 422 52 283 423 93 284 424 53 285 425 52 283 426 130 286 427 93 284 428 69 287 429 136 288 430 73 289 431 69 287 432 68 290 433 136 288 434 70 291 435 108 292 436 68 293 437 70 291 438 106 294 439 108 292 440 108 295 441 110 296 442 137 297 443 108 295 444 107 298 445 110 296 446 113 299 447 118 300 448 115 301 449 113 299 450 114 302 451 118 300 452 26 303 453 116 304 454 118 305 455 26 303 456 33 306 457 116 304 458 33 307 459 119 308 460 116 309 461 33 307 462 30 310 463 119 308 464 138 311 465 131 312 466 67 313 467 138 311 468 132 314 469 131 312 470 139 315 471 131 316 472 133 317 473 139 315 474 134 318 475 131 316 476 48 319 477 134 320 478 139 321 479 48 319 480 106 322 481 134 320 482 49 323 483 106 324 484 48 325 485 49 323 486 109 326 487 106 324 488 122 327 489 71 328 490 98 329 491 122 327 492 72 330 493 71 328 494 136 331 495 108 332 496 140 333 497 136 331 498 68 334 499 108 332 500 98 335 501 141 336 502 104 337 503 98 335 504 71 338 505 141 336 506 73 339 507 141 340 508 71 341 509 73 342 510 142 343 511 141 344 512 136 345 513 142 346 514 73 347 515 136 348 516 143 349 517 142 350 518 135 351 519 139 352 520 133 353 521 135 351 522 50 354 523 139 352 524 144 355 525 145 355 526 146 355 527 144 356 528 147 356 529 145 356 530 146 357 531 148 357 532 149 357 533 146 358 534 145 358 535 148 358 536 150 359 537 148 360 538 151 361 539 150 359 540 149 362 541 148 360 542 152 363 543 151 364 544 153 365 545 152 363 546 150 366 547 151 364 548 152 367 549 154 367 550 155 367 551 152 368 552 153 368 553 154 368 554 155 369 555 147 369 556 144 369 557 155 370 558 154 370 559 147 370 560 156 371 561 157 372 562 158 373 563 156 371 564 159 374 565 157 372 566 160 375 567 161 375 568 162 375 569 160 376 570 163 376 571 161 376 572 164 377 573 165 378 574 166 379 575 164 377 576 167 380 577 165 378 578 168 381 579 160 382 580 169 383 581 168 381 582 163 384 583 160 382 584 165 385 585 170 385 586 171 385 587 165 386 588 167 386 589 170 386 590 170 387 591 172 388 592 171 389 593 170 387 594 173 390 595 172 388 596 174 391 597 168 391 598 169 391 599 174 392 600 175 392 601 168 392 602 176 393 603 175 394 604 174 395 605 176 396 606 177 397 607 175 398 608 173 399 609 178 400 610 172 401 611 173 399 612 179 402 613 178 400 614 179 403 615 180 404 616 178 405 617 179 403 618 157 406 619 180 404 620 181 407 621 177 407 622 176 407 623 181 408 624 158 408 625 177 408 626 156 409 627 182 410 628 159 411 629 156 409 630 183 412 631 182 410 632 184 413 633 185 414 634 186 415 635 184 413 636 187 416 637 185 414 638 188 417 639 189 418 640 185 419 641 188 417 642 160 420 643 189 418 644 190 421 645 191 422 646 192 423 647 190 421 648 193 424 649 191 422 650 193 425 651 194 426 652 195 427 653 193 425 654 190 428 655 194 426 656 196 429 657 195 430 658 194 431 659 196 429 660 197 432 661 195 430 662 198 433 663 199 434 664 200 435 665 198 433 666 201 436 667 199 434 668 202 437 669 201 438 670 203 439 671 202 437 672 204 440 673 201 438 674 205 441 675 206 442 676 207 443 677 205 441 678 208 444 679 206 442 680 195 445 681 209 446 682 205 447 683 195 445 684 197 448 685 209 446 686 210 449 687 211 450 688 212 451 689 210 452 690 213 453 691 211 454 692 213 455 693 214 456 694 215 457 695 213 458 696 210 459 697 214 460 698 216 461 699 160 462 700 188 463 701 216 461 702 169 464 703 160 462 704 213 465 705 217 466 706 211 467 707 213 465 708 218 468 709 217 466 710 189 469 711 162 470 712 219 471 713 189 469 714 160 472 715 162 470 716 219 473 717 186 474 718 189 475 719 219 473 720 220 476 721 186 474 722 215 477 723 218 478 724 213 479 725 215 477 726 221 480 727 218 478 728 222 481 729 190 482 730 192 483 731 222 481 732 223 484 733 190 482 734 224 485 735 194 486 736 190 487 737 224 485 738 225 488 739 194 486 740 183 489 741 225 490 742 224 491 743 183 489 744 226 492 745 225 490 746 209 493 747 208 494 748 205 495 749 209 493 750 227 496 751 208 494 752 227 497 753 188 498 754 228 499 755 227 497 756 209 500 757 188 498 758 215 501 759 184 502 760 186 503 761 215 504 762 214 505 763 184 506 764 228 507 765 229 508 766 227 509 767 228 510 768 230 511 769 229 512 770 185 513 771 230 514 772 228 515 773 185 516 774 187 517 775 230 518 776 231 519 777 232 520 778 233 521 779 231 519 780 206 522 781 232 520 782 208 523 783 232 524 784 206 525 785 208 526 786 234 527 787 232 528 788 227 529 789 234 530 790 208 531 791 227 532 792 229 533 793 234 534 794 226 535 795 235 536 796 225 537 797 226 535 798 181 538 799 235 536 800 236 539 801 165 540 802 171 541 803 236 539 804 237 542 805 165 540 806 238 543 807 166 544 808 165 545 809 238 543 810 239 546 811 166 544 812 240 547 813 239 548 814 238 549 815 240 547 816 241 550 817 239 548 818 242 551 819 243 552 820 244 553 821 242 551 822 245 554 823 243 552 824 245 555 825 246 556 826 243 557 827 245 555 828 247 558 829 246 556 830 247 559 831 217 560 832 246 561 833 247 559 834 211 562 835 217 560 836 248 563 837 249 564 838 250 565 839 248 563 840 191 566 841 249 564 842 248 567 843 251 568 844 252 569 845 248 567 846 253 570 847 251 568 848 192 571 849 248 572 850 252 573 851 192 571 852 191 574 853 248 572 854 254 575 855 251 576 856 255 577 857 254 575 858 252 578 859 251 576 860 223 579 861 254 580 862 255 581 863 223 579 864 222 582 865 254 580 866 254 583 867 192 584 868 252 585 869 254 583 870 222 586 871 192 584 872 224 587 873 255 588 874 256 589 875 224 587 876 223 590 877 255 588 878 256 591 879 257 592 880 258 593 881 256 591 882 251 594 883 257 592 884 198 595 885 259 596 886 257 597 887 198 595 888 200 598 889 259 596 890 182 599 891 258 600 892 260 601 893 182 599 894 256 602 895 258 600 896 182 603 897 224 604 898 256 605 899 182 603 900 183 606 901 224 604 902 237 607 903 238 608 904 165 609 905 237 607 906 261 610 907 238 608 908 242 611 909 241 612 910 240 613 911 242 611 912 244 614 913 241 612 914 262 615 915 243 616 916 263 617 917 262 618 918 244 619 919 243 620 920 263 621 921 246 622 922 264 623 923 263 624 924 243 625 925 246 626 926 246 627 927 265 628 928 264 629 929 246 627 930 217 630 931 265 628 932 253 631 933 257 632 934 251 633 935 253 631 936 198 634 937 257 632 938 257 635 939 266 636 940 258 637 941 257 635 942 259 638 943 266 636 944 259 639 945 178 640 946 266 641 947 259 639 948 236 642 949 178 640 950 236 643 951 172 644 952 178 645 953 236 643 954 171 646 955 172 644 956 250 647 957 202 648 958 203 649 959 250 647 960 231 650 961 202 648 962 267 651 963 237 652 964 199 653 965 267 651 966 268 654 967 237 652 968 269 655 969 268 656 970 267 657 971 269 655 972 270 658 973 268 656 974 270 659 975 261 660 976 268 661 977 270 659 978 271 662 979 261 660 980 272 663 981 261 664 982 271 665 983 272 666 984 240 667 985 261 668 986 242 669 987 272 670 988 273 671 989 242 669 990 240 672 991 272 670 992 245 673 993 273 674 994 274 675 995 245 673 996 242 676 997 273 674 998 247 677 999 274 678 1000 275 679 1001 247 677 1002 245 680 1003 274 678 1004 212 681 1005 247 681 1006 275 681 1007 212 682 1008 211 682 1009 247 682 1010 231 683 1011 276 684 1012 202 685 1013 231 686 1014 233 687 1015 276 688 1016 276 689 1017 204 690 1018 202 691 1019 276 689 1020 277 692 1021 204 690 1022 277 693 1023 267 694 1024 204 695 1025 277 693 1026 269 696 1027 267 694 1028 260 697 1029 266 698 1030 180 699 1031 260 697 1032 258 700 1033 266 698 1034 278 701 1035 279 702 1036 280 703 1037 278 701 1038 281 704 1039 279 702 1040 282 705 1041 279 705 1042 281 705 1043 282 706 1044 283 706 1045 279 706 1046 282 707 1047 284 708 1048 283 709 1049 282 707 1050 285 710 1051 284 708 1052 286 711 1053 284 711 1054 285 711 1055 286 712 1056 287 712 1057 284 712 1058 288 713 1059 287 713 1060 286 713 1061 288 714 1062 289 714 1063 287 714 1064 288 715 1065 280 716 1066 289 717 1067 288 715 1068 278 718 1069 280 716 1070 290 719 1071 291 720 1072 292 721 1073 290 719 1074 293 722 1075 291 720 1076 294 723 1077 295 724 1078 296 725 1079 294 723 1080 297 726 1081 295 724 1082 293 727 1083 298 728 1084 291 729 1085 293 727 1086 299 730 1087 298 728 1088 296 731 1089 300 732 1090 301 733 1091 296 731 1092 295 734 1093 300 732 1094 302 735 1095 303 736 1096 304 737 1097 302 735 1098 299 738 1099 303 736 1100 305 739 1101 306 740 1102 307 741 1103 305 739 1104 308 742 1105 306 740 1106 309 743 1107 305 744 1108 307 745 1109 309 743 1110 310 746 1111 305 744 1112 18 747 1113 311 748 1114 21 749 1115 18 747 1116 23 750 1117 311 748 1118 312 751 1119 313 752 1120 314 753 1121 312 751 1122 315 754 1123 313 752 1124 23 755 1125 0 756 1126 311 757 1127 23 755 1128 1 758 1129 0 756 1130 314 759 1131 316 760 1132 317 761 1133 314 759 1134 313 762 1135 316 760 1136 318 763 1137 319 764 1138 320 765 1139 318 763 1140 316 766 1141 319 764 1142 60 767 1143 34 768 1144 37 769 1145 60 767 1146 89 770 1147 34 768 1148 107 771 1149 35 772 1150 111 773 1151 107 771 1152 36 774 1153 35 772 1154 60 775 1155 321 776 1156 86 777 1157 60 775 1158 37 778 1159 321 776 1160 107 779 1161 322 780 1162 36 781 1163 107 779 1164 109 782 1165 322 780 1166 49 783 1167 322 784 1168 109 785 1169 49 783 1170 40 786 1171 322 784 1172 47 787 1173 321 788 1174 39 789 1175 47 787 1176 86 790 1177 321 788 1178 121 791 1179 128 792 1180 129 793 1181 121 791 1182 123 794 1183 128 792 1184 140 795 1185 143 796 1186 136 797 1187 140 798 1188 323 799 1189 143 800 1190 137 801 1191 323 802 1192 140 803 1193 137 804 1194 324 805 1195 323 806 1196 325 807 1197 137 808 1198 113 809 1199 325 807 1200 324 810 1201 137 808 1202 325 811 1203 115 812 1204 326 813 1205 325 814 1206 113 815 1207 115 816 1208 326 817 1209 117 818 1210 327 819 1211 326 820 1212 115 821 1213 117 822 1214 327 823 1215 120 824 1216 328 825 1217 327 826 1218 117 827 1219 120 828 1220 328 829 1221 79 830 1222 81 831 1223 328 832 1224 120 833 1225 79 834 1226 220 835 1227 215 836 1228 186 837 1229 220 835 1230 221 838 1231 215 836 1232 329 839 1233 218 840 1234 221 841 1235 329 839 1236 330 842 1237 218 840 1238 330 843 1239 217 844 1240 218 845 1241 330 843 1242 265 846 1243 217 844 1244 235 847 1245 194 848 1246 225 849 1247 235 847 1248 196 850 1249 194 848 1250 176 851 1251 196 852 1252 235 853 1253 176 851 1254 216 854 1255 196 852 1256 174 855 1257 216 856 1258 176 857 1259 174 855 1260 169 858 1261 216 856 1262 249 859 1263 206 860 1264 231 861 1265 249 859 1266 207 862 1267 206 860 1268 204 863 1269 199 864 1270 201 865 1271 204 863 1272 267 866 1273 199 864 1274 331 867 1275 302 868 1276 332 869 1277 331 867 1278 298 870 1279 302 868 1280 331 871 1281 333 872 1282 334 873 1283 331 871 1284 332 874 1285 333 872 1286 335 875 1287 336 876 1288 337 877 1289 335 875 1290 338 878 1291 336 876 1292 339 879 1293 336 876 1294 338 878 1295 339 879 1296 300 880 1297 336 876 1298 339 879 1299 301 881 1300 300 880 1301 334 882 1302 335 883 1303 337 884 1304 334 882 1305 333 885 1306 335 883 1307 340 886 1308 336 887 1309 300 888 1310 340 886 1311 341 889 1312 336 887 1313 300 890 1314 297 891 1315 340 892 1316 300 890 1317 295 893 1318 297 891 1319 337 894 1320 341 895 1321 309 896 1322 337 894 1323 336 897 1324 341 895 1325 334 898 1326 309 899 1327 307 900 1328 334 898 1329 337 901 1330 309 899 1331 342 902 1332 331 903 1333 306 904 1334 342 902 1335 298 905 1336 331 903 1337 292 906 1338 298 907 1339 342 908 1340 292 906 1341 291 909 1342 298 907 1343 306 910 1344 334 911 1345 307 912 1346 306 910 1347 331 913 1348 334 911 1349 335 914 1350 343 915 1351 338 916 1352 335 914 1353 310 917 1354 343 915 1355 338 918 1356 344 919 1357 339 920 1358 338 918 1359 343 921 1360 344 919 1361 294 922 1362 301 923 1363 345 924 1364 294 922 1365 296 925 1366 301 923 1367 339 926 1368 345 927 1369 301 928 1370 339 926 1371 344 929 1372 345 927 1373 340 930 1374 294 931 1375 345 932 1376 340 930 1377 297 933 1378 294 931 1379 341 934 1380 310 935 1381 309 936 1382 341 934 1383 343 937 1384 310 935 1385 305 938 1386 335 939 1387 333 940 1388 305 938 1389 310 941 1390 335 939 1391 333 942 1392 308 943 1393 305 944 1394 333 942 1395 332 945 1396 308 943 1397 304 946 1398 332 947 1399 302 948 1400 304 946 1401 308 949 1402 332 947 1403 290 950 1404 342 951 1405 303 952 1406 290 950 1407 292 953 1408 342 951 1409 299 954 1410 290 955 1411 303 956 1412 299 954 1413 293 957 1414 290 955 1415 346 958 1416 2 959 1417 16 960 1418 346 958 1419 0 961 1420 2 959 1421 16 962 1422 347 963 1423 346 964 1424 16 962 1425 15 965 1426 347 963 1427 348 966 1428 320 967 1429 319 968 1430 348 966 1431 349 969 1432 320 967 1433 347 970 1434 13 971 1435 350 972 1436 347 970 1437 15 973 1438 13 971 1439 350 974 1440 12 975 1441 351 976 1442 350 974 1443 13 977 1444 12 975 1445 4 978 1446 316 979 1447 352 980 1448 4 978 1449 319 981 1450 316 979 1451 313 982 1452 352 983 1453 316 984 1454 313 982 1455 315 985 1456 352 983 1457 348 986 1458 4 987 1459 7 988 1460 348 986 1461 319 989 1462 4 987 1463 351 990 1464 7 991 1465 10 992 1466 351 990 1467 348 993 1468 7 991 1469 25 994 1470 351 995 1471 10 996 1472 25 994 1473 350 997 1474 351 995 1475 0 998 1476 353 999 1477 19 1000 1478 0 998 1479 346 1001 1480 353 999 1481 311 1002 1482 19 1003 1483 21 1004 1484 311 1002 1485 0 1005 1486 19 1003 1487 353 1006 1488 347 1007 1489 24 1008 1490 353 1006 1491 346 1009 1492 347 1007 1493 24 1010 1494 350 1011 1495 25 1012 1496 24 1010 1497 347 1013 1498 350 1011 1499 12 1014 1500 8 1015 1501 349 1016 1502 12 1014 1503 9 1017 1504 8 1015 1505 6 1018 1506 349 1019 1507 8 1020 1508 6 1018 1509 320 1021 1510 349 1019 1511 312 1022 1512 317 1023 1513 5 1024 1514 312 1022 1515 314 1025 1516 317 1023 1517 318 1026 1518 5 1027 1519 317 1028 1520 318 1026 1521 3 1029 1522 5 1027 1523 352 1030 1524 312 1031 1525 5 1032 1526 352 1030 1527 315 1033 1528 312 1031 1529 320 1034 1530 3 1035 1531 318 1036 1532 320 1034 1533 6 1037 1534 3 1035 1535 126 1038 1536 129 1039 1537 124 1040 1538 126 1038 1539 132 1041 1540 129 1039 1541 132 1041 1542 121 1042 1543 129 1039 1544 132 1041 1545 138 1043 1546 121 1042 1547 4 1044 1548 352 1044 1549 5 1044 1550 12 1045 1551 348 1046 1552 351 1047 1553 12 1045 1554 349 1048 1555 348 1046 1556 344 1049 1557 340 1050 1558 345 1051 1559 344 1049 1560 341 1052 1561 340 1050 1562 344 1049 1563 343 1053 1564 341 1052 1565 20 1054 1566 19 1054 1567 353 1054 1568 197 1055 1569 188 1056 1570 209 1057 1571 197 1055 1572 216 1058 1573 188 1056 1574 196 1059 1575 216 1058 1576 197 1055 1577 353 1060 1578 22 1061 1579 20 1062 1580 353 1060 1581 17 1063 1582 22 1061 1583 17 1063 1584 353 1060 1585 24 1064 1586 17 1063 1587 24 1064 1588 14 1065 1589 321 1066 1590 40 1067 1591 39 1068 1592 321 1066 1593 322 1069 1594 40 1067 1595 321 1066 1596 36 1070 1597 322 1069 1598 321 1066 1599 37 1071 1600 36 1070 1601 317 1072 1602 316 1072 1603 318 1072 1604 35 1073 1605 29 1073 1606 111 1073 1607 304 1074 1608 306 1075 1609 308 1076 1610 304 1074 1611 342 1077 1612 306 1075 1613 304 1074 1614 303 1078 1615 342 1077 1616 53 1079 1617 95 1080 1618 44 1081 1619 43 1082 1620 44 1081 1621 95 1080 1622 43 1082 1623 95 1080 1624 51 1083 1625 298 1084 1626 299 1084 1627 302 1084 1628 52 1085 1629 45 1086 1630 135 1087 1631 135 1087 1632 45 1086 1633 42 1088 1634 135 1087 1635 42 1088 1636 50 1089 1637 113 1090 1638 137 1090 1639 110 1090 1640 354 1091 1641 280 1091 1642 279 1091 1643 27 1092 1644 34 1092 1645 89 1092 1646 354 1093 1647 279 1093 1648 283 1093 1649 138 1094 1650 69 1094 1651 72 1094 1652 354 1095 1653 283 1095 1654 284 1095 1655 61 1096 1656 76 1096 1657 64 1096 1658 354 1097 1659 284 1097 1660 287 1097 1661 69 1098 1662 138 1098 1663 67 1098 1664 354 1099 1665 287 1099 1666 289 1099 1667 76 1100 1668 61 1100 1669 74 1100 1670 354 1101 1671 289 1101 1672 280 1101 1673 29 1102 1674 112 1102 1675 111 1102 1676 180 1103 1677 266 1103 1678 178 1103 1679 90 1104 1680 27 1105 1681 89 1106 1682 268 1107 1683 261 1107 1684 237 1107 1685 91 1108 1686 27 1109 1687 90 1110 1688 91 1108 1689 28 1111 1690 27 1109 1691 91 1108 1692 92 1112 1693 28 1111 1694 259 1113 1695 200 1114 1696 236 1115 1697 200 1114 1698 237 1116 1699 236 1115 1700 200 1114 1701 199 1117 1702 237 1116 1703 97 1118 1704 61 1118 1705 123 1118 1706 250 1119 1707 203 1119 1708 253 1119 1709 128 1120 1710 125 1121 1711 127 1122 1712 128 1120 1713 63 1123 1714 125 1121 1715 123 1124 1716 63 1123 1717 128 1120 1718 123 1124 1719 61 1125 1720 63 1123 1721 125 1126 1722 63 1126 1723 93 1126 1724 250 1127 1725 249 1127 1726 231 1127 1727 97 1128 1728 74 1128 1729 61 1128 1730 255 1129 1731 251 1129 1732 256 1129 1733 65 1130 1734 66 1131 1735 85 1132 1736 66 1131 1737 58 1133 1738 85 1132 1739 66 1131 1740 78 1134 1741 58 1133 1742 253 1135 1743 248 1135 1744 250 1135 1745 100 1136 1746 54 1136 1747 58 1136 1748 241 1137 1749 355 1138 1750 239 1139 1751 241 1140 1752 262 1141 1753 355 1142 1754 241 1140 1755 244 1143 1756 262 1141 1757 56 1144 1758 59 1144 1759 54 1144 1760 181 1145 1761 176 1145 1762 235 1145 1763 51 1146 1764 96 1146 1765 46 1146 1766 186 1147 1767 185 1147 1768 189 1147 1769 114 1148 1770 26 1149 1771 118 1150 1772 114 1148 1773 29 1151 1774 26 1149 1775 114 1148 1776 112 1152 1777 29 1151 1778 228 1153 1779 188 1153 1780 185 1153 1781 138 1154 1782 122 1154 1783 121 1154 1784 249 1155 1785 193 1155 1786 207 1155 1787 126 1156 1788 130 1156 1789 132 1156 1790 223 1157 1791 224 1157 1792 190 1157 1793 122 1158 1794 98 1158 1795 97 1158 1796 249 1159 1797 191 1159 1798 193 1159 1799 134 1160 1800 106 1161 1801 70 1162 1802 220 1163 1803 329 1164 1804 221 1165 1805 220 1166 1806 356 1167 1807 329 1168 1808 220 1166 1809 219 1169 1810 356 1167 1811 122 1170 1812 138 1170 1813 72 1170 1814 219 1171 1815 162 1171 1816 356 1171 1817 31 1172 1818 88 1173 1819 87 1174 1820 31 1172 1821 87 1174 1822 32 1175 1823 119 1176 1824 32 1175 1825 87 1174 1826 119 1176 1827 30 1177 1828 32 1175 1829 355 1178 1830 166 1178 1831 239 1178 1832 140 1179 1833 108 1179 1834 137 1179 1835 205 1180 1836 207 1180 1837 193 1180 1838 50 1181 1839 48 1181 1840 139 1181 1841 201 1182 1842 198 1182 1843 253 1182 1844 357 1183 1845 147 1183 1846 154 1183 1847 193 1184 1848 195 1184 1849 205 1184 1850 357 1185 1851 154 1185 1852 153 1185 1853 253 1186 1854 203 1187 1855 201 1188 1856 357 1189 1857 153 1189 1858 151 1189 1859 356 1190 1860 162 1190 1861 161 1190 1862 357 1191 1863 151 1191 1864 148 1191 1865 240 1192 1866 238 1192 1867 261 1192 1868 357 1193 1869 148 1193 1870 145 1193 1871 182 1194 1872 260 1195 1873 159 1196 1874 260 1195 1875 157 1197 1876 159 1196 1877 260 1195 1878 180 1198 1879 157 1197 1880 357 1199 1881 145 1199 1882 147 1199 1883 183 1200 1884 156 1201 1885 226 1202 1886 158 1203 1887 226 1202 1888 156 1201 1889 158 1203 1890 181 1204 1891 226 1202 1892 164 1205 1893 166 1205 1894 355 1205 1895</p>
        </triangles>
        <triangles material="fob_diamond_top-material" count="132">
          <input semantic="VERTEX" source="#fob_h_sniperrifle_diamond-mesh-vertices" offset="0"/>
          <input semantic="NORMAL" source="#fob_h_sniperrifle_diamond-mesh-normals" offset="1"/>
          <input semantic="TEXCOORD" source="#fob_h_sniperrifle_diamond-mesh-map-0" offset="2" set="0"/>
          <p>358 1206 1896 359 1207 1897 360 1208 1898 358 1206 1899 360 1208 1900 361 1209 1901 362 1210 1902 361 1209 1903 360 1208 1904 362 1210 1905 363 1211 1906 361 1209 1907 364 1212 1908 365 1213 1909 366 1214 1910 364 1212 1911 366 1214 1912 367 1215 1913 367 1215 1914 368 1216 1915 364 1212 1916 367 1215 1917 369 1217 1918 368 1216 1919 359 1207 1920 368 1216 1921 369 1217 1922 359 1207 1923 358 1206 1924 368 1216 1925 370 1218 1926 371 1219 1927 372 1220 1928 370 1218 1929 373 1221 1930 371 1219 1931 374 1222 1932 373 1221 1933 370 1218 1934 374 1222 1935 375 1223 1936 373 1221 1937 367 1215 1938 366 1214 1939 374 1222 1940 367 1215 1941 374 1222 1942 370 1218 1943 369 1217 1944 367 1215 1945 370 1218 1946 369 1217 1947 370 1218 1948 372 1220 1949 359 1207 1950 369 1217 1951 372 1220 1952 359 1207 1953 372 1220 1954 376 1224 1955 377 1225 1956 359 1207 1957 376 1224 1958 377 1225 1959 360 1208 1960 359 1207 1961 378 1226 1962 360 1208 1963 377 1225 1964 378 1226 1965 362 1210 1966 360 1208 1967 378 1226 1968 379 1227 1969 380 1228 1970 378 1226 1971 377 1225 1972 379 1227 1973 377 1225 1974 381 1229 1975 379 1227 1976 377 1225 1977 376 1224 1978 381 1229 1979 381 1229 1980 376 1224 1981 372 1220 1982 381 1229 1983 372 1220 1984 371 1219 1985 361 1209 1986 363 1211 1987 380 1228 1988 361 1209 1989 380 1228 1990 379 1227 1991 358 1206 1992 361 1209 1993 379 1227 1994 358 1206 1995 379 1227 1996 381 1229 1997 358 1206 1998 381 1229 1999 371 1219 2000 358 1206 2001 371 1219 2002 368 1216 2003 373 1221 2004 368 1216 2005 371 1219 2006 373 1221 2007 364 1212 2008 368 1216 2009 375 1223 2010 364 1212 2011 373 1221 2012 375 1223 2013 365 1213 2014 364 1212 2015 230 1230 2016 234 1231 2017 229 1232 2018 230 1230 2019 232 1233 2020 234 1231 2021 230 1230 2022 233 1234 2023 232 1233 2024 230 1230 2025 276 1235 2026 233 1234 2027 230 1230 2028 277 1236 2029 276 1235 2030 230 1230 2031 269 1237 2032 277 1236 2033 230 1230 2034 270 1238 2035 269 1237 2036 230 1230 2037 271 1239 2038 270 1238 2039 230 1230 2040 272 1240 2041 271 1239 2042 230 1230 2043 273 1241 2044 272 1240 2045 230 1230 2046 274 1242 2047 273 1241 2048 230 1230 2049 275 1243 2050 274 1242 2051 230 1230 2052 212 1244 2053 275 1243 2054 230 1230 2055 210 1245 2056 212 1244 2057 230 1230 2058 214 1246 2059 210 1245 2060 230 1230 2061 184 1247 2062 214 1246 2063 230 1230 2064 187 1248 2065 184 1247 2066 212 1249 2067 382 1250 2068 383 1251 2069 212 1249 2070 210 1252 2071 382 1250 2072 210 1252 2073 384 1253 2074 382 1250 2075 210 1252 2076 214 1254 2077 384 1253 2078 214 1254 2079 385 1255 2080 384 1253 2081 214 1254 2082 184 1256 2083 385 1255 2084 184 1256 2085 386 1257 2086 385 1255 2087 184 1256 2088 187 1258 2089 386 1257 2090 187 1258 2091 387 1259 2092 386 1257 2093 187 1258 2094 230 1260 2095 387 1259 2096 230 1260 2097 388 1261 2098 387 1259 2099 230 1260 2100 229 1262 2101 388 1261 2102 229 1262 2103 389 1263 2104 388 1261 2105 229 1262 2106 234 1264 2107 389 1263 2108 232 1265 2109 389 1263 2110 234 1264 2111 232 1265 2112 390 1266 2113 389 1263 2114 233 1267 2115 390 1266 2116 232 1265 2117 233 1267 2118 391 1268 2119 390 1266 2120 233 1267 2121 392 1269 2122 391 1268 2123 233 1267 2124 276 1270 2125 392 1269 2126 276 1270 2127 393 1271 2128 392 1269 2129 276 1270 2130 277 1272 2131 393 1271 2132 269 1273 2133 393 1271 2134 277 1272 2135 269 1273 2136 394 1274 2137 393 1271 2138 270 1275 2139 394 1274 2140 269 1273 2141 270 1275 2142 395 1276 2143 394 1274 2144 271 1277 2145 395 1276 2146 270 1275 2147 271 1277 2148 396 1278 2149 395 1276 2150 272 1279 2151 396 1278 2152 271 1277 2153 272 1279 2154 397 1280 2155 396 1278 2156 273 1281 2157 397 1280 2158 272 1279 2159 273 1281 2160 398 1282 2161 397 1280 2162 274 1283 2163 398 1282 2164 273 1281 2165 274 1283 2166 399 1284 2167 398 1282 2168 275 1285 2169 399 1284 2170 274 1283 2171 275 1285 2172 400 1286 2173 399 1284 2174 212 1249 2175 400 1286 2176 275 1285 2177 212 1249 2178 383 1251 2179 400 1286 2180 401 1287 2181 402 1288 2182 396 1289 2183 395 1290 2184 396 1289 2185 402 1288 2186 394 1291 2187 395 1290 2188 402 1288 2189 402 1288 2190 403 1292 2191 394 1291 2192 393 1293 2193 394 1291 2194 403 1292 2195 392 1294 2196 393 1293 2197 403 1292 2198 403 1292 2199 404 1295 2200 392 1294 2201 391 1296 2202 392 1294 2203 404 1295 2204 391 1296 2205 404 1295 2206 390 1297 2207 405 1298 2208 390 1297 2209 404 1295 2210 406 1299 2211 405 1298 2212 404 1295 2213 406 1299 2214 407 1300 2215 405 1298 2216 406 1299 2217 408 1301 2218 407 1300 2219 406 1299 2220 409 1302 2221 408 1301 2222 406 1299 2223 410 1303 2224 409 1302 2225 406 1299 2226 401 1287 2227 410 1303 2228 406 1299 2229 402 1288 2230 401 1287 2231 406 1299 2232 403 1292 2233 402 1288 2234 406 1299 2235 404 1295 2236 403 1292 2237 390 1297 2238 405 1298 2239 389 1304 2240 389 1304 2241 405 1298 2242 388 1305 2243 407 1300 2244 388 1305 2245 405 1298 2246 388 1305 2247 407 1300 2248 387 1306 2249 387 1306 2250 407 1300 2251 386 1307 2252 408 1301 2253 386 1307 2254 407 1300 2255 386 1307 2256 408 1301 2257 385 1308 2258 385 1308 2259 408 1301 2260 384 1309 2261 409 1302 2262 384 1309 2263 408 1301 2264 384 1309 2265 409 1302 2266 382 1310 2267 382 1310 2268 409 1302 2269 383 1311 2270 409 1302 2271 400 1312 2272 383 1311 2273 409 1302 2274 410 1303 2275 400 1312 2276 399 1313 2277 400 1312 2278 410 1303 2279 398 1314 2280 399 1313 2281 410 1303 2282 410 1303 2283 401 1287 2284 398 1314 2285 397 1315 2286 398 1314 2287 401 1287 2288 396 1289 2289 397 1315 2290 401 1287 2291</p>
        </triangles>
        <triangles material="chain_sniper-material" count="1178">
          <input semantic="VERTEX" source="#fob_h_sniperrifle_diamond-mesh-vertices" offset="0"/>
          <input semantic="NORMAL" source="#fob_h_sniperrifle_diamond-mesh-normals" offset="1"/>
          <input semantic="TEXCOORD" source="#fob_h_sniperrifle_diamond-mesh-map-0" offset="2" set="0"/>
          <p>411 1316 2292 412 1316 2293 413 1316 2294 411 1316 2295 414 1316 2296 412 1316 2297 415 1317 2298 416 1318 2299 417 1319 2300 415 1317 2301 418 1320 2302 416 1318 2303 419 1321 2304 418 1320 2305 415 1317 2306 419 1321 2307 420 1322 2308 418 1320 2309 421 1323 2310 422 1324 2311 423 1325 2312 421 1323 2313 424 1326 2314 422 1324 2315 425 1327 2316 424 1326 2317 421 1323 2318 425 1327 2319 421 1323 2320 426 1328 2321 427 1329 2322 425 1327 2323 426 1328 2324 427 1330 2325 426 1331 2326 428 1332 2327 429 1333 2328 430 1334 2329 431 1335 2330 429 1333 2331 431 1335 2332 432 1336 2333 429 1333 2334 432 1336 2335 433 1337 2336 429 1333 2337 433 1337 2338 434 1338 2339 435 1339 2340 434 1338 2341 433 1337 2342 435 1339 2343 436 1340 2344 434 1338 2345 435 1339 2346 437 1341 2347 436 1340 2348 435 1339 2349 438 1342 2350 437 1341 2351 437 1341 2352 438 1342 2353 439 1343 2354 437 1341 2355 439 1343 2356 440 1344 2357 441 1345 2358 442 1346 2359 443 1347 2360 444 1348 2361 445 1349 2362 441 1345 2363 441 1345 2364 445 1349 2365 442 1346 2366 446 1350 2367 442 1346 2368 445 1349 2369 447 1351 2370 448 1352 2371 449 1353 2372 447 1351 2373 449 1353 2374 450 1354 2375 447 1351 2376 450 1354 2377 451 1355 2378 451 1355 2379 450 1354 2380 452 1356 2381 451 1355 2382 452 1356 2383 453 1357 2384 453 1357 2385 452 1356 2386 454 1358 2387 453 1357 2388 454 1358 2389 455 1359 2390 453 1357 2391 455 1359 2392 456 1360 2393 453 1357 2394 456 1360 2395 457 1361 2396 457 1361 2397 456 1360 2398 446 1350 2399 457 1361 2400 446 1350 2401 458 1362 2402 446 1350 2403 445 1349 2404 458 1362 2405 458 1362 2406 445 1349 2407 459 1363 2408 444 1348 2409 459 1363 2410 445 1349 2411 444 1348 2412 460 1364 2413 459 1363 2414 444 1348 2415 461 1365 2416 460 1364 2417 461 1365 2418 442 1346 2419 460 1364 2420 461 1365 2421 443 1347 2422 442 1346 2423 446 1350 2424 460 1364 2425 442 1346 2426 462 1366 2427 463 1367 2428 464 1368 2429 463 1367 2430 465 1369 2431 464 1368 2432 463 1367 2433 448 1352 2434 465 1369 2435 454 1358 2436 465 1369 2437 448 1352 2438 454 1358 2439 448 1352 2440 447 1351 2441 454 1358 2442 447 1351 2443 466 1370 2444 447 1351 2445 451 1355 2446 466 1370 2447 467 1371 2448 466 1370 2449 451 1355 2450 467 1371 2451 451 1355 2452 468 1372 2453 468 1372 2454 469 1373 2455 467 1371 2456 468 1372 2457 470 1374 2458 469 1373 2459 469 1373 2460 470 1374 2461 459 1363 2462 458 1362 2463 459 1363 2464 470 1374 2465 468 1372 2466 458 1362 2467 470 1374 2468 468 1372 2469 457 1361 2470 458 1362 2471 451 1355 2472 457 1361 2473 468 1372 2474 451 1355 2475 453 1357 2476 457 1361 2477 454 1358 2478 466 1370 2479 455 1359 2480 455 1359 2481 466 1370 2482 467 1371 2483 455 1359 2484 467 1371 2485 456 1360 2486 467 1371 2487 446 1350 2488 456 1360 2489 467 1371 2490 469 1373 2491 446 1350 2492 446 1350 2493 469 1373 2494 460 1364 2495 469 1373 2496 459 1363 2497 460 1364 2498 471 1375 2499 444 1348 2500 472 1376 2501 444 1348 2502 473 1377 2503 472 1376 2504 444 1348 2505 441 1345 2506 473 1377 2507 441 1345 2508 474 1378 2509 473 1377 2510 475 1379 2511 473 1377 2512 474 1378 2513 475 1379 2514 474 1378 2515 476 1380 2516 476 1380 2517 477 1381 2518 475 1379 2519 478 1382 2520 475 1379 2521 477 1381 2522 478 1382 2523 477 1381 2524 479 1383 2525 480 1384 2526 478 1382 2527 479 1383 2528 480 1384 2529 479 1383 2530 481 1385 2531 480 1384 2532 481 1385 2533 482 1386 2534 481 1385 2535 462 1366 2536 482 1386 2537 481 1385 2538 483 1387 2539 462 1366 2540 462 1366 2541 483 1387 2542 463 1367 2543 483 1387 2544 484 1388 2545 463 1367 2546 484 1388 2547 448 1352 2548 463 1367 2549 484 1388 2550 449 1353 2551 448 1352 2552 479 1383 2553 483 1387 2554 481 1385 2555 441 1345 2556 443 1347 2557 474 1378 2558 478 1382 2559 473 1377 2560 475 1379 2561 478 1382 2562 472 1376 2563 473 1377 2564 471 1375 2565 472 1376 2566 478 1382 2567 471 1375 2568 478 1382 2569 480 1384 2570 474 1378 2571 471 1375 2572 480 1384 2573 474 1378 2574 480 1384 2575 476 1380 2576 480 1384 2577 482 1386 2578 476 1380 2579 485 1389 2580 484 1388 2581 486 1390 2582 485 1389 2583 449 1353 2584 484 1388 2585 471 1375 2586 461 1365 2587 444 1348 2588 474 1378 2589 461 1365 2590 471 1375 2591 474 1378 2592 443 1347 2593 461 1365 2594 476 1380 2595 482 1386 2596 477 1381 2597 477 1381 2598 482 1386 2599 462 1366 2600 477 1381 2601 462 1366 2602 487 1391 2603 479 1383 2604 477 1381 2605 487 1391 2606 479 1383 2607 487 1391 2608 488 1392 2609 479 1383 2610 488 1392 2611 483 1387 2612 483 1387 2613 488 1392 2614 484 1388 2615 487 1391 2616 484 1388 2617 488 1392 2618 487 1391 2619 486 1390 2620 484 1388 2621 462 1366 2622 486 1390 2623 487 1391 2624 462 1366 2625 464 1368 2626 486 1390 2627 465 1369 2628 486 1390 2629 464 1368 2630 465 1369 2631 485 1389 2632 486 1390 2633 485 1389 2634 465 1369 2635 454 1358 2636 485 1389 2637 454 1358 2638 452 1356 2639 449 1353 2640 485 1389 2641 452 1356 2642 449 1353 2643 452 1356 2644 450 1354 2645 489 1393 2646 490 1394 2647 491 1395 2648 489 1393 2649 492 1396 2650 490 1394 2651 493 1397 2652 492 1396 2653 489 1393 2654 493 1397 2655 494 1398 2656 492 1396 2657 495 1399 2658 438 1400 2659 435 1401 2660 495 1399 2661 496 1402 2662 438 1400 2663 496 1402 2664 439 1403 2665 438 1400 2666 497 1404 2667 439 1403 2668 496 1402 2669 496 1402 2670 498 1405 2671 497 1404 2672 498 1405 2673 496 1402 2674 499 1406 2675 498 1405 2676 499 1406 2677 500 1407 2678 499 1406 2679 501 1408 2680 500 1407 2681 502 1409 2682 501 1408 2683 499 1406 2684 499 1406 2685 503 1410 2686 502 1409 2687 503 1410 2688 499 1406 2689 504 1411 2690 503 1410 2691 504 1411 2692 505 1412 2693 504 1411 2694 495 1399 2695 506 1413 2696 504 1411 2697 506 1413 2698 507 1414 2699 507 1414 2700 505 1412 2701 504 1411 2702 507 1414 2703 508 1415 2704 505 1412 2705 507 1414 2706 509 1416 2707 508 1415 2708 507 1414 2709 510 1417 2710 509 1416 2711 510 1417 2712 511 1418 2713 509 1416 2714 512 1419 2715 511 1418 2716 510 1417 2717 510 1417 2718 513 1420 2719 512 1419 2720 510 1417 2721 514 1421 2722 513 1420 2723 510 1417 2724 515 1422 2725 514 1421 2726 515 1422 2727 516 1423 2728 514 1421 2729 431 1424 2730 516 1423 2731 515 1422 2732 515 1422 2733 432 1425 2734 431 1424 2735 432 1425 2736 515 1422 2737 506 1413 2738 432 1425 2739 506 1413 2740 433 1426 2741 495 1399 2742 433 1426 2743 506 1413 2744 495 1399 2745 435 1401 2746 433 1426 2747 509 1427 2748 511 1428 2749 517 1429 2750 509 1427 2751 517 1429 2752 518 1430 2753 508 1431 2754 509 1427 2755 518 1430 2756 508 1431 2757 518 1430 2758 519 1432 2759 519 1432 2760 505 1433 2761 508 1431 2762 519 1432 2763 520 1434 2764 505 1433 2765 521 1435 2766 505 1433 2767 520 1434 2768 521 1435 2769 503 1436 2770 505 1433 2771 521 1435 2772 502 1437 2773 503 1436 2774 521 1435 2775 522 1438 2776 502 1437 2777 507 1439 2778 523 1440 2779 524 1441 2780 507 1439 2781 506 1442 2782 523 1440 2783 525 1443 2784 504 1444 2785 526 1445 2786 525 1443 2787 495 1446 2788 504 1444 2789 428 1447 2790 418 1447 2791 420 1447 2792 428 1448 2793 426 1449 2794 418 1450 2795 418 1450 2796 426 1449 2797 421 1451 2798 418 1450 2799 421 1451 2800 416 1452 2801 421 1453 2802 423 1453 2803 416 1453 2804 417 1454 2805 527 1455 2806 528 1456 2807 417 1457 2808 416 1458 2809 527 1459 2810 529 1460 2811 530 1461 2812 531 1462 2813 529 1460 2814 531 1462 2815 532 1463 2816 533 1464 2817 529 1460 2818 532 1463 2819 533 1464 2820 534 1465 2821 529 1460 2822 535 1466 2823 534 1465 2824 533 1464 2825 535 1466 2826 536 1467 2827 534 1465 2828 537 1468 2829 536 1467 2830 535 1466 2831 537 1468 2832 538 1469 2833 536 1467 2834 539 1470 2835 538 1469 2836 537 1468 2837 539 1470 2838 537 1468 2839 540 1471 2840 541 1472 2841 539 1470 2842 540 1471 2843 541 1472 2844 542 1473 2845 539 1470 2846 543 1474 2847 542 1473 2848 541 1472 2849 543 1474 2850 544 1475 2851 542 1473 2852 531 1462 2853 544 1475 2854 543 1474 2855 531 1462 2856 530 1461 2857 544 1475 2858 545 1476 2859 490 1477 2860 546 1478 2861 545 1476 2862 491 1479 2863 490 1477 2864 547 1480 2865 548 1481 2866 549 1482 2867 547 1480 2868 550 1480 2869 548 1481 2870 551 1483 2871 552 1484 2872 553 1485 2873 551 1483 2874 554 1486 2875 552 1484 2876 555 1487 2877 556 1488 2878 557 1489 2879 555 1487 2880 558 1490 2881 556 1488 2882 559 1491 2883 556 1488 2884 558 1490 2885 559 1491 2886 560 1492 2887 556 1488 2888 561 1493 2889 560 1492 2890 559 1491 2891 561 1493 2892 562 1494 2893 560 1492 2894 563 1495 2895 562 1494 2896 561 1493 2897 563 1495 2898 564 1496 2899 562 1494 2900 564 1496 2901 563 1495 2902 565 1497 2903 564 1496 2904 565 1497 2905 566 1498 2906 565 1497 2907 567 1499 2908 566 1498 2909 565 1497 2910 568 1500 2911 567 1499 2912 568 1500 2913 569 1501 2914 567 1499 2915 568 1500 2916 570 1502 2917 569 1501 2918 555 1487 2919 569 1501 2920 570 1502 2921 555 1487 2922 557 1489 2923 569 1501 2924 571 1503 2925 545 1504 2926 546 1505 2927 571 1503 2928 572 1506 2929 545 1504 2930 573 1507 2931 572 1506 2932 571 1503 2933 573 1507 2934 574 1508 2935 572 1506 2936 575 1509 2937 574 1508 2938 573 1507 2939 575 1509 2940 576 1510 2941 574 1508 2942 577 1511 2943 578 1512 2944 579 1513 2945 577 1511 2946 580 1514 2947 578 1512 2948 562 1494 2949 581 1515 2950 582 1516 2951 562 1494 2952 582 1516 2953 560 1492 2954 583 1517 2955 560 1492 2956 582 1516 2957 583 1517 2958 556 1488 2959 560 1492 2960 556 1488 2961 583 1517 2962 584 1518 2963 556 1488 2964 584 1518 2965 557 1489 2966 557 1489 2967 584 1518 2968 585 1519 2969 557 1489 2970 585 1519 2971 569 1501 2972 567 1499 2973 569 1501 2974 585 1519 2975 567 1499 2976 585 1519 2977 577 1511 2978 577 1511 2979 566 1498 2980 567 1499 2981 577 1511 2982 579 1513 2983 566 1498 2984 586 1520 2985 566 1498 2986 579 1513 2987 586 1520 2988 579 1513 2989 578 1512 2990 586 1520 2991 578 1512 2992 587 1521 2993 565 1497 2994 587 1521 2995 578 1512 2996 565 1497 2997 563 1495 2998 587 1521 2999 587 1521 3000 563 1495 3001 561 1493 3002 586 1520 3003 564 1496 3004 566 1498 3005 562 1494 3006 564 1496 3007 586 1520 3008 562 1494 3009 586 1520 3010 581 1515 3011 587 1521 3012 581 1515 3013 586 1520 3014 587 1521 3015 588 1522 3016 581 1515 3017 582 1516 3018 581 1515 3019 588 1522 3020 582 1516 3021 588 1522 3022 589 1523 3023 587 1521 3024 561 1493 3025 588 1522 3026 561 1493 3027 589 1523 3028 588 1522 3029 561 1493 3030 559 1491 3031 589 1523 3032 559 1491 3033 590 1524 3034 589 1523 3035 559 1491 3036 558 1490 3037 590 1524 3038 591 1525 3039 590 1524 3040 558 1490 3041 591 1525 3042 558 1490 3043 555 1487 3044 592 1526 3045 591 1525 3046 555 1487 3047 592 1526 3048 555 1487 3049 570 1502 3050 568 1500 3051 592 1526 3052 570 1502 3053 568 1500 3054 580 1514 3055 592 1526 3056 565 1497 3057 580 1514 3058 568 1500 3059 565 1497 3060 578 1512 3061 580 1514 3062 580 1514 3063 577 1511 3064 585 1519 3065 580 1514 3066 585 1519 3067 592 1526 3068 591 1525 3069 592 1526 3070 585 1519 3071 591 1525 3072 585 1519 3073 584 1518 3074 583 1517 3075 591 1525 3076 584 1518 3077 583 1517 3078 590 1524 3079 591 1525 3080 583 1517 3081 589 1523 3082 590 1524 3083 583 1517 3084 582 1516 3085 589 1523 3086 575 1527 3087 573 1528 3088 494 1529 3089 494 1529 3090 573 1528 3091 571 1530 3092 494 1529 3093 571 1530 3094 492 1531 3095 492 1531 3096 546 1532 3097 490 1533 3098 492 1531 3099 571 1530 3100 546 1532 3101 576 1534 3102 493 1534 3103 574 1534 3104 493 1535 3105 572 1536 3106 574 1537 3107 493 1535 3108 489 1538 3109 572 1536 3110 489 1538 3111 545 1539 3112 572 1536 3113 489 1538 3114 491 1540 3115 545 1539 3116 593 1541 3117 594 1542 3118 595 1543 3119 593 1541 3120 596 1544 3121 594 1542 3122 597 1545 3123 595 1546 3124 598 1547 3125 597 1545 3126 593 1548 3127 595 1546 3128 599 1549 3129 597 1549 3130 598 1549 3131 599 1550 3132 600 1550 3133 597 1550 3134 594 1551 3135 600 1552 3136 599 1553 3137 594 1554 3138 596 1555 3139 600 1556 3140 594 1557 3141 598 1558 3142 595 1559 3143 594 1557 3144 599 1560 3145 598 1558 3146 601 1561 3147 602 1562 3148 603 1563 3149 601 1561 3150 604 1564 3151 602 1562 3152 605 1565 3153 606 1566 3154 607 1567 3155 605 1565 3156 608 1568 3157 606 1566 3158 603 1569 3159 606 1570 3160 608 1571 3161 603 1569 3162 602 1572 3163 606 1570 3164 603 1573 3165 605 1574 3166 601 1575 3167 603 1573 3168 608 1576 3169 605 1574 3170 604 1577 3171 605 1578 3172 607 1579 3173 604 1577 3174 601 1580 3175 605 1578 3176 602 1581 3177 607 1582 3178 606 1583 3179 602 1581 3180 604 1584 3181 607 1582 3182 609 1585 3183 610 1585 3184 611 1585 3185 609 1586 3186 612 1586 3187 610 1586 3188 613 1587 3189 614 1588 3190 615 1587 3191 613 1589 3192 616 1590 3193 614 1591 3194 616 1590 3195 617 1592 3196 614 1591 3197 616 1590 3198 618 1593 3199 617 1592 3200 617 1594 3201 610 1595 3202 612 1596 3203 617 1594 3204 618 1597 3205 610 1595 3206 501 1598 3207 502 1437 3208 522 1438 3209 501 1598 3210 522 1438 3211 619 1599 3212 500 1600 3213 501 1598 3214 619 1599 3215 500 1600 3216 619 1599 3217 620 1601 3218 620 1601 3219 498 1602 3220 500 1600 3221 620 1601 3222 621 1603 3223 498 1602 3224 621 1603 3225 497 1604 3226 498 1602 3227 621 1603 3228 622 1605 3229 497 1604 3230 622 1605 3231 439 1343 3232 497 1604 3233 622 1605 3234 440 1344 3235 439 1343 3236 499 1606 3237 623 1607 3238 624 1608 3239 499 1606 3240 496 1609 3241 623 1607 3242 625 1610 3243 517 1429 3244 511 1428 3245 625 1610 3246 511 1428 3247 512 1611 3248 513 1612 3249 625 1610 3250 512 1611 3251 513 1612 3252 626 1613 3253 625 1610 3254 514 1614 3255 626 1613 3256 513 1612 3257 514 1614 3258 627 1615 3259 626 1613 3260 627 1615 3261 514 1614 3262 516 1616 3263 627 1615 3264 516 1616 3265 628 1617 3266 431 1335 3267 628 1617 3268 516 1616 3269 431 1335 3270 430 1334 3271 628 1617 3272 597 1618 3273 629 1619 3274 630 1620 3275 596 1621 3276 597 1622 3277 593 1623 3278 596 1624 3279 593 1625 3280 631 1626 3281 593 1625 3282 632 1627 3283 631 1626 3284 593 1625 3285 597 1618 3286 632 1627 3287 597 1618 3288 633 1628 3289 632 1627 3290 597 1618 3291 630 1620 3292 633 1628 3293 630 1620 3294 634 1629 3295 633 1628 3296 630 1620 3297 635 1630 3298 634 1629 3299 635 1630 3300 636 1631 3301 634 1629 3302 635 1630 3303 637 1632 3304 636 1631 3305 638 1633 3306 636 1631 3307 637 1632 3308 638 1633 3309 639 1634 3310 636 1631 3311 640 1635 3312 639 1634 3313 638 1633 3314 640 1635 3315 641 1636 3316 639 1634 3317 642 1637 3318 641 1636 3319 640 1635 3320 642 1637 3321 643 1638 3322 641 1636 3323 643 1638 3324 642 1637 3325 644 1639 3326 643 1638 3327 644 1639 3328 645 1640 3329 596 1624 3330 631 1626 3331 646 1641 3332 551 1483 3333 647 1642 3334 554 1486 3335 551 1483 3336 648 1643 3337 647 1642 3338 649 1644 3339 647 1642 3340 648 1643 3341 649 1644 3342 648 1643 3343 650 1645 3344 649 1644 3345 650 1645 3346 651 1646 3347 649 1644 3348 651 1646 3349 652 1647 3350 652 1647 3351 651 1646 3352 653 1648 3353 652 1647 3354 653 1648 3355 654 1649 3356 575 1650 3357 654 1649 3358 653 1648 3359 575 1650 3360 653 1648 3361 576 1651 3362 575 1652 3363 576 1653 3364 655 1654 3365 575 1652 3366 655 1654 3367 646 1641 3368 596 1624 3369 646 1641 3370 655 1654 3371 596 1624 3372 655 1654 3373 656 1655 3374 596 1624 3375 656 1655 3376 629 1619 3377 596 1624 3378 629 1619 3379 600 1656 3380 597 1618 3381 600 1656 3382 629 1619 3383 596 1621 3384 600 1657 3385 597 1622 3386 657 1658 3387 515 1659 3388 510 1660 3389 657 1658 3390 658 1661 3391 515 1659 3392 623 1662 3393 495 1663 3394 525 1664 3395 623 1662 3396 496 1665 3397 495 1663 3398 506 1666 3399 658 1667 3400 523 1665 3401 506 1666 3402 515 1668 3403 658 1667 3404 504 1669 3405 624 1670 3406 526 1671 3407 504 1669 3408 499 1672 3409 624 1670 3410 657 1673 3411 507 1674 3412 524 1675 3413 657 1673 3414 510 1575 3415 507 1674 3416 659 1676 3417 660 1677 3418 661 1678 3419 659 1676 3420 661 1678 3421 662 1679 3422 663 1680 3423 659 1676 3424 662 1679 3425 663 1680 3426 664 1681 3427 659 1676 3428 665 1682 3429 664 1681 3430 663 1680 3431 665 1682 3432 666 1683 3433 664 1681 3434 667 1684 3435 666 1683 3436 665 1682 3437 667 1684 3438 668 1685 3439 666 1683 3440 669 1686 3441 668 1685 3442 667 1684 3443 669 1686 3444 670 1687 3445 668 1685 3446 669 1686 3447 671 1688 3448 670 1687 3449 669 1686 3450 672 1689 3451 671 1688 3452 673 1690 3453 671 1688 3454 672 1689 3455 673 1690 3456 674 1691 3457 671 1688 3458 675 1692 3459 674 1691 3460 673 1690 3461 675 1692 3462 676 1693 3463 674 1691 3464 675 1692 3465 677 1694 3466 676 1693 3467 675 1692 3468 678 1695 3469 677 1694 3470 548 1696 3471 677 1694 3472 678 1695 3473 548 1696 3474 550 1697 3475 677 1694 3476 679 1698 3477 680 1699 3478 681 1700 3479 682 1701 3480 679 1698 3481 683 1702 3482 679 1698 3483 682 1701 3484 680 1699 3485 682 1701 3486 684 1703 3487 680 1699 3488 685 1704 3489 679 1698 3490 681 1700 3491 685 1704 3492 686 1705 3493 679 1698 3494 684 1703 3495 686 1705 3496 685 1704 3497 684 1703 3498 687 1706 3499 686 1705 3500 682 1701 3501 687 1706 3502 684 1703 3503 687 1706 3504 682 1701 3505 688 1707 3506 682 1701 3507 683 1702 3508 688 1707 3509 689 1708 3510 688 1707 3511 683 1702 3512 689 1708 3513 683 1702 3514 690 1709 3515 690 1709 3516 691 1710 3517 689 1708 3518 690 1709 3519 692 1711 3520 691 1710 3521 691 1710 3522 692 1711 3523 693 1712 3524 691 1710 3525 693 1712 3526 694 1713 3527 693 1712 3528 695 1714 3529 694 1713 3530 694 1713 3531 695 1714 3532 696 1715 3533 697 1716 3534 696 1715 3535 695 1714 3536 697 1716 3537 698 1717 3538 696 1715 3539 697 1716 3540 699 1718 3541 698 1717 3542 700 1719 3543 687 1706 3544 701 1720 3545 700 1719 3546 686 1705 3547 687 1706 3548 683 1702 3549 686 1705 3550 700 1719 3551 683 1702 3552 679 1698 3553 686 1705 3554 687 1706 3555 688 1707 3556 701 1720 3557 702 1721 3558 701 1720 3559 688 1707 3560 700 1719 3561 701 1720 3562 702 1721 3563 700 1719 3564 702 1721 3565 703 1722 3566 683 1702 3567 700 1719 3568 703 1722 3569 683 1702 3570 703 1722 3571 690 1709 3572 703 1722 3573 692 1711 3574 690 1709 3575 703 1722 3576 704 1723 3577 692 1711 3578 704 1723 3579 693 1712 3580 692 1711 3581 704 1723 3582 705 1724 3583 693 1712 3584 693 1712 3585 705 1724 3586 698 1717 3587 705 1724 3588 696 1715 3589 698 1717 3590 705 1724 3591 706 1725 3592 696 1715 3593 694 1713 3594 696 1715 3595 706 1725 3596 707 1726 3597 694 1713 3598 706 1725 3599 707 1726 3600 691 1710 3601 694 1713 3602 689 1708 3603 691 1710 3604 707 1726 3605 689 1708 3606 707 1726 3607 702 1721 3608 702 1721 3609 688 1707 3610 689 1708 3611 703 1722 3612 702 1721 3613 707 1726 3614 703 1722 3615 707 1726 3616 704 1723 3617 707 1726 3618 705 1724 3619 704 1723 3620 707 1726 3621 706 1725 3622 705 1724 3623 693 1712 3624 698 1717 3625 708 1727 3626 699 1718 3627 708 1727 3628 698 1717 3629 699 1718 3630 709 1728 3631 708 1727 3632 710 1729 3633 709 1728 3634 699 1718 3635 710 1729 3636 699 1718 3637 711 1730 3638 710 1729 3639 711 1730 3640 712 1731 3641 711 1730 3642 713 1732 3643 712 1731 3644 714 1733 3645 712 1731 3646 713 1732 3647 714 1733 3648 713 1732 3649 715 1734 3650 715 1734 3651 716 1735 3652 714 1733 3653 715 1734 3654 717 1736 3655 716 1735 3656 716 1735 3657 717 1736 3658 684 1703 3659 718 1737 3660 684 1703 3661 717 1736 3662 718 1737 3663 680 1699 3664 684 1703 3665 719 1738 3666 680 1699 3667 718 1737 3668 719 1738 3669 681 1700 3670 680 1699 3671 710 1729 3672 712 1731 3673 720 1739 3674 720 1739 3675 712 1731 3676 714 1733 3677 720 1739 3678 714 1733 3679 721 1740 3680 714 1733 3681 719 1738 3682 721 1740 3683 714 1733 3684 716 1735 3685 719 1738 3686 719 1738 3687 716 1735 3688 685 1704 3689 716 1735 3690 684 1703 3691 685 1704 3692 719 1738 3693 685 1704 3694 681 1700 3695 715 1734 3696 713 1732 3697 722 1741 3698 715 1734 3699 722 1741 3700 723 1742 3701 715 1734 3702 718 1737 3703 717 1736 3704 715 1734 3705 723 1742 3706 718 1737 3707 723 1742 3708 719 1738 3709 718 1737 3710 723 1742 3711 721 1740 3712 719 1738 3713 722 1741 3714 721 1740 3715 723 1742 3716 722 1741 3717 720 1739 3718 721 1740 3719 722 1741 3720 710 1729 3721 720 1739 3722 722 1741 3723 724 1743 3724 710 1729 3725 725 1744 3726 710 1729 3727 724 1743 3728 697 1716 3729 725 1744 3730 724 1743 3731 697 1716 3732 695 1714 3733 725 1744 3734 725 1744 3735 695 1714 3736 708 1727 3737 693 1712 3738 708 1727 3739 695 1714 3740 697 1716 3741 724 1743 3742 726 1745 3743 725 1744 3744 709 1728 3745 710 1729 3746 725 1744 3747 708 1727 3748 709 1728 3749 713 1732 3750 724 1743 3751 722 1741 3752 713 1732 3753 726 1745 3754 724 1743 3755 711 1730 3756 726 1745 3757 713 1732 3758 711 1730 3759 697 1716 3760 726 1745 3761 711 1730 3762 699 1718 3763 697 1716 3764 727 1746 3765 728 1747 3766 729 1748 3767 727 1746 3768 729 1748 3769 730 1749 3770 731 1750 3771 730 1749 3772 729 1748 3773 731 1750 3774 732 1751 3775 730 1749 3776 733 1752 3777 734 1753 3778 735 1754 3779 733 1752 3780 736 1755 3781 734 1753 3782 737 1756 3783 738 1757 3784 739 1758 3785 737 1756 3786 739 1758 3787 740 1759 3788 741 1760 3789 737 1756 3790 740 1759 3791 741 1760 3792 740 1759 3793 742 1761 3794 742 1761 3795 743 1762 3796 741 1760 3797 742 1761 3798 744 1763 3799 743 1762 3800 744 1763 3801 745 1764 3802 743 1762 3803 744 1763 3804 746 1765 3805 745 1764 3806 746 1765 3807 747 1766 3808 745 1764 3809 746 1765 3810 748 1767 3811 747 1766 3812 749 1768 3813 750 1769 3814 751 1770 3815 749 1768 3816 752 1771 3817 750 1769 3818 753 1772 3819 734 1773 3820 754 1774 3821 753 1772 3822 735 1665 3823 734 1773 3824 755 1775 3825 751 1776 3826 750 1777 3827 755 1775 3828 756 1778 3829 751 1776 3830 757 1779 3831 736 1780 3832 733 1781 3833 757 1779 3834 758 1782 3835 736 1780 3836 759 1783 3837 749 1784 3838 760 1785 3839 759 1783 3840 752 1786 3841 749 1784 3842 756 1787 3843 760 1788 3844 758 1789 3845 756 1787 3846 758 1789 3847 754 1790 3848 756 1787 3849 754 1790 3850 761 1791 3851 754 1790 3852 762 1792 3853 761 1791 3854 754 1790 3855 734 1793 3856 762 1792 3857 734 1793 3858 763 1794 3859 762 1792 3860 763 1794 3861 734 1793 3862 764 1795 3863 734 1793 3864 765 1796 3865 764 1795 3866 766 1797 3867 765 1796 3868 734 1793 3869 766 1797 3870 734 1793 3871 736 1798 3872 736 1798 3873 767 1799 3874 766 1797 3875 767 1799 3876 736 1798 3877 768 1800 3878 736 1798 3879 769 1801 3880 768 1800 3881 758 1789 3882 769 1801 3883 736 1798 3884 758 1789 3885 770 1802 3886 769 1801 3887 758 1789 3888 771 1803 3889 770 1802 3890 758 1789 3891 760 1788 3892 771 1803 3893 760 1788 3894 772 1804 3895 771 1803 3896 760 1788 3897 749 1805 3898 772 1804 3899 749 1805 3900 739 1806 3901 772 1804 3902 739 1806 3903 749 1805 3904 740 1807 3905 749 1805 3906 742 1808 3907 740 1807 3908 742 1808 3909 749 1805 3910 751 1809 3911 742 1808 3912 751 1809 3913 744 1810 3914 751 1809 3915 746 1811 3916 744 1810 3917 746 1811 3918 751 1809 3919 748 1812 3920 751 1809 3921 773 1813 3922 748 1812 3923 756 1787 3924 773 1813 3925 751 1809 3926 756 1787 3927 774 1814 3928 773 1813 3929 756 1787 3930 761 1791 3931 774 1814 3932 759 1815 3933 755 1816 3934 753 1817 3935 759 1815 3936 753 1817 3937 757 1818 3938 759 1815 3939 757 1818 3940 775 1819 3941 757 1818 3942 776 1820 3943 775 1819 3944 757 1818 3945 733 1821 3946 776 1820 3947 733 1821 3948 777 1822 3949 776 1820 3950 777 1822 3951 733 1821 3952 778 1823 3953 733 1821 3954 779 1824 3955 778 1823 3956 733 1821 3957 780 1825 3958 779 1824 3959 733 1821 3960 735 1826 3961 780 1825 3962 735 1826 3963 781 1827 3964 780 1825 3965 781 1827 3966 735 1826 3967 782 1828 3968 735 1826 3969 783 1829 3970 782 1828 3971 753 1817 3972 783 1829 3973 735 1826 3974 753 1817 3975 784 1830 3976 783 1829 3977 753 1817 3978 785 1831 3979 784 1830 3980 753 1817 3981 755 1816 3982 785 1831 3983 755 1816 3984 786 1832 3985 785 1831 3986 755 1816 3987 750 1833 3988 786 1832 3989 750 1833 3990 747 1834 3991 786 1832 3992 747 1834 3993 750 1833 3994 745 1835 3995 750 1833 3996 743 1836 3997 745 1835 3998 752 1837 3999 743 1836 4000 750 1833 4001 752 1837 4002 741 1838 4003 743 1836 4004 752 1837 4005 737 1839 4006 741 1838 4007 737 1839 4008 752 1837 4009 738 1840 4010 752 1837 4011 787 1841 4012 738 1840 4013 759 1815 4014 787 1841 4015 752 1837 4016 759 1815 4017 788 1842 4018 787 1841 4019 759 1815 4020 775 1819 4021 788 1842 4022 756 1843 4023 759 1844 4024 760 1845 4025 756 1843 4026 755 1843 4027 759 1844 4028 757 1846 4029 754 1847 4030 758 1848 4031 757 1846 4032 753 1849 4033 754 1847 4034 789 1850 4035 790 1851 4036 791 1852 4037 789 1850 4038 791 1852 4039 792 1853 4040 789 1850 4041 792 1853 4042 793 1854 4043 789 1850 4044 793 1854 4045 794 1855 4046 795 1856 4047 794 1855 4048 793 1854 4049 795 1856 4050 796 1857 4051 794 1855 4052 797 1858 4053 796 1857 4054 795 1856 4055 797 1858 4056 798 1859 4057 796 1857 4058 798 1859 4059 797 1858 4060 799 1860 4061 798 1859 4062 799 1860 4063 800 1861 4064 613 1862 4065 611 1862 4066 616 1862 4067 611 1863 4068 618 1864 4069 616 1865 4070 611 1863 4071 610 1866 4072 618 1864 4073 801 1867 4074 802 1868 4075 803 1869 4076 801 1867 4077 804 1870 4078 802 1868 4079 805 1871 4080 806 1872 4081 807 1873 4082 805 1871 4083 808 1874 4084 806 1872 4085 414 1875 4086 802 1876 4087 412 1665 4088 414 1875 4089 803 1877 4090 802 1876 4091 809 1878 4092 807 1879 4093 806 1880 4094 809 1878 4095 810 1881 4096 807 1879 4097 411 1575 4098 804 1575 4099 801 1575 4100 411 1575 4101 413 1575 4102 804 1575 4103 811 1882 4104 805 1883 4105 812 1575 4106 811 1882 4107 808 1884 4108 805 1883 4109 809 1885 4110 414 1886 4111 411 1887 4112 809 1885 4113 411 1887 4114 811 1888 4115 811 1888 4116 411 1887 4117 813 1889 4118 811 1888 4119 813 1889 4120 814 1890 4121 811 1888 4122 814 1890 4123 815 1891 4124 811 1888 4125 815 1891 4126 808 1892 4127 808 1892 4128 815 1891 4129 816 1893 4130 817 1894 4131 808 1892 4132 816 1893 4133 808 1892 4134 817 1894 4135 818 1895 4136 808 1892 4137 818 1895 4138 819 1896 4139 808 1892 4140 819 1896 4141 806 1897 4142 806 1897 4143 819 1896 4144 820 1898 4145 821 1899 4146 806 1897 4147 820 1898 4148 806 1897 4149 821 1899 4150 822 1900 4151 809 1885 4152 806 1897 4153 822 1900 4154 809 1885 4155 822 1900 4156 823 1901 4157 414 1886 4158 809 1885 4159 823 1901 4160 414 1886 4161 823 1901 4162 824 1902 4163 414 1886 4164 824 1902 4165 825 1903 4166 414 1886 4167 825 1903 4168 803 1904 4169 803 1904 4170 825 1903 4171 790 1905 4172 789 1906 4173 803 1904 4174 790 1905 4175 803 1904 4176 789 1906 4177 794 1907 4178 801 1908 4179 803 1904 4180 794 1907 4181 801 1908 4182 794 1907 4183 796 1909 4184 801 1908 4185 796 1909 4186 798 1910 4187 800 1911 4188 801 1908 4189 798 1910 4190 801 1908 4191 800 1911 4192 826 1912 4193 411 1887 4194 801 1908 4195 826 1912 4196 411 1887 4197 826 1912 4198 813 1889 4199 615 1913 4200 614 1914 4201 609 1915 4202 617 1916 4203 609 1915 4204 614 1914 4205 617 1916 4206 612 1917 4207 609 1915 4208 764 1918 4209 782 1919 4210 763 1920 4211 764 1918 4212 781 1921 4213 782 1919 4214 781 1921 4215 764 1918 4216 765 1922 4217 781 1921 4218 765 1922 4219 780 1923 4220 766 1924 4221 780 1923 4222 765 1922 4223 766 1924 4224 779 1925 4225 780 1923 4226 767 1926 4227 779 1925 4228 766 1924 4229 767 1926 4230 778 1927 4231 779 1925 4232 778 1927 4233 767 1926 4234 768 1928 4235 778 1927 4236 768 1928 4237 777 1929 4238 747 1766 4239 748 1767 4240 773 1930 4241 747 1766 4242 773 1930 4243 786 1931 4244 785 1932 4245 786 1931 4246 773 1930 4247 785 1932 4248 773 1930 4249 774 1933 4250 774 1933 4251 784 1934 4252 785 1932 4253 774 1933 4254 761 1935 4255 784 1934 4256 784 1934 4257 761 1935 4258 762 1936 4259 784 1934 4260 762 1936 4261 783 1937 4262 762 1936 4263 782 1919 4264 783 1937 4265 762 1936 4266 763 1920 4267 782 1919 4268 812 1938 4269 809 1938 4270 811 1938 4271 812 1938 4272 810 1938 4273 809 1938 4274 827 1939 4275 828 1940 4276 829 1941 4277 827 1939 4278 829 1941 4279 830 1942 4280 831 1943 4281 827 1939 4282 830 1942 4283 831 1943 4284 832 1944 4285 827 1939 4286 833 1945 4287 832 1944 4288 831 1943 4289 833 1945 4290 834 1946 4291 832 1944 4292 833 1945 4293 835 1947 4294 834 1946 4295 833 1945 4296 836 1948 4297 835 1947 4298 837 1949 4299 834 1946 4300 835 1947 4301 837 1949 4302 838 1950 4303 834 1946 4304 832 1944 4305 834 1946 4306 838 1950 4307 832 1944 4308 838 1950 4309 839 1951 4310 832 1944 4311 839 1951 4312 840 1952 4313 832 1944 4314 840 1952 4315 827 1939 4316 828 1940 4317 827 1939 4318 840 1952 4319 828 1940 4320 840 1952 4321 841 1953 4322 841 1953 4323 842 1954 4324 828 1940 4325 841 1953 4326 843 1955 4327 842 1954 4328 844 1956 4329 842 1954 4330 843 1955 4331 844 1956 4332 845 1957 4333 842 1954 4334 845 1957 4335 844 1956 4336 846 1958 4337 845 1957 4338 846 1958 4339 847 1959 4340 847 1959 4341 837 1949 4342 835 1947 4343 847 1959 4344 846 1958 4345 837 1949 4346 845 1957 4347 848 1960 4348 842 1954 4349 848 1960 4350 828 1940 4351 842 1954 4352 848 1960 4353 829 1941 4354 828 1940 4355 849 1961 4356 845 1957 4357 847 1959 4358 845 1957 4359 849 1961 4360 848 1960 4361 848 1960 4362 849 1961 4363 850 1962 4364 848 1960 4365 850 1962 4366 851 1963 4367 848 1960 4368 851 1963 4369 852 1964 4370 848 1960 4371 852 1964 4372 829 1941 4373 852 1964 4374 830 1942 4375 829 1941 4376 852 1964 4377 853 1965 4378 830 1942 4379 853 1965 4380 831 1943 4381 830 1942 4382 853 1965 4383 854 1966 4384 831 1943 4385 854 1966 4386 833 1945 4387 831 1943 4388 854 1966 4389 855 1967 4390 833 1945 4391 833 1945 4392 855 1967 4393 856 1968 4394 833 1945 4395 856 1968 4396 836 1948 4397 857 1969 4398 836 1948 4399 856 1968 4400 857 1969 4401 858 1970 4402 836 1948 4403 857 1969 4404 849 1961 4405 858 1970 4406 857 1969 4407 850 1962 4408 849 1961 4409 849 1961 4410 847 1959 4411 858 1970 4412 836 1948 4413 858 1970 4414 847 1959 4415 836 1948 4416 847 1959 4417 835 1947 4418 854 1966 4419 840 1952 4420 839 1951 4421 854 1966 4422 853 1965 4423 840 1952 4424 852 1964 4425 840 1952 4426 853 1965 4427 852 1964 4428 841 1953 4429 840 1952 4430 841 1953 4431 852 1964 4432 851 1963 4433 841 1953 4434 851 1963 4435 843 1955 4436 850 1962 4437 843 1955 4438 851 1963 4439 850 1962 4440 844 1956 4441 843 1955 4442 850 1962 4443 846 1958 4444 844 1956 4445 850 1962 4446 857 1969 4447 846 1958 4448 857 1969 4449 837 1949 4450 846 1958 4451 857 1969 4452 856 1968 4453 837 1949 4454 837 1949 4455 856 1968 4456 855 1967 4457 837 1949 4458 855 1967 4459 838 1950 4460 838 1950 4461 855 1967 4462 854 1966 4463 838 1950 4464 854 1966 4465 839 1951 4466 777 1929 4467 768 1928 4468 769 1971 4469 777 1929 4470 769 1971 4471 776 1972 4472 775 1973 4473 776 1972 4474 769 1971 4475 775 1973 4476 769 1971 4477 770 1974 4478 771 1975 4479 775 1973 4480 770 1974 4481 771 1975 4482 788 1976 4483 775 1973 4484 788 1976 4485 771 1975 4486 772 1977 4487 788 1976 4488 772 1977 4489 787 1978 4490 772 1977 4491 738 1757 4492 787 1978 4493 772 1977 4494 739 1758 4495 738 1757 4496 859 1979 4497 860 1979 4498 861 1979 4499 859 1980 4500 862 1981 4501 860 1982 4502 862 1981 4503 863 1983 4504 860 1982 4505 862 1981 4506 864 1984 4507 863 1983 4508 865 1985 4509 866 1986 4510 867 1987 4511 865 1985 4512 868 1988 4513 866 1986 4514 869 1989 4515 866 1986 4516 868 1988 4517 869 1989 4518 547 1990 4519 866 1986 4520 869 1989 4521 552 1991 4522 547 1990 4523 552 1991 4524 550 1992 4525 547 1990 4526 554 1993 4527 550 1992 4528 552 1991 4529 550 1992 4530 554 1993 4531 647 1994 4532 550 1992 4533 647 1994 4534 677 1995 4535 677 1995 4536 647 1994 4537 649 1996 4538 677 1995 4539 649 1996 4540 676 1997 4541 676 1997 4542 649 1996 4543 652 1998 4544 676 1997 4545 652 1998 4546 674 1999 4547 652 1998 4548 671 2000 4549 674 1999 4550 652 1998 4551 654 2001 4552 671 2000 4553 870 2002 4554 871 2003 4555 641 2004 4556 870 2002 4557 641 2004 4558 643 2005 4559 643 2005 4560 872 2006 4561 870 2002 4562 643 2005 4563 645 2007 4564 872 2006 4565 872 2006 4566 645 2007 4567 873 2008 4568 872 2006 4569 873 2008 4570 874 2009 4571 874 2009 4572 873 2008 4573 875 1575 4574 874 2009 4575 875 1575 4576 876 2010 4577 876 2010 4578 875 1575 4579 877 2011 4580 876 2010 4581 877 2011 4582 878 2012 4583 879 2013 4584 878 2012 4585 877 2011 4586 879 2013 4587 880 2014 4588 878 2012 4589 879 2013 4590 881 2015 4591 880 2014 4592 879 2013 4593 882 2016 4594 881 2015 4595 883 2017 4596 881 2015 4597 882 2016 4598 883 2017 4599 884 1575 4600 881 2015 4601 883 2017 4602 867 1987 4603 884 1575 4604 883 2017 4605 865 1985 4606 867 1987 4607 670 2018 4608 671 2000 4609 654 2001 4610 670 2018 4611 654 2001 4612 575 2019 4613 575 2019 4614 668 2020 4615 670 2018 4616 575 2019 4617 646 2021 4618 668 2020 4619 668 2020 4620 646 2021 4621 631 2022 4622 668 2020 4623 631 2022 4624 666 2023 4625 666 2023 4626 631 2022 4627 632 2024 4628 666 2023 4629 632 2024 4630 664 2025 4631 632 2024 4632 659 2026 4633 664 2025 4634 632 2024 4635 633 2027 4636 659 2026 4637 659 2026 4638 633 2027 4639 634 2028 4640 659 2026 4641 634 2028 4642 660 2029 4643 634 2028 4644 885 2030 4645 660 2029 4646 634 2028 4647 636 2031 4648 885 2030 4649 886 2032 4650 885 2030 4651 636 2031 4652 886 2032 4653 636 2031 4654 639 2033 4655 871 2003 4656 886 2032 4657 639 2033 4658 871 2003 4659 639 2033 4660 641 2004 4661 549 2034 4662 866 2035 4663 547 2036 4664 549 2034 4665 887 2037 4666 866 2035 4667 887 2037 4668 867 2038 4669 866 2035 4670 887 2037 4671 888 2039 4672 867 2038 4673 889 2040 4674 890 2041 4675 891 2042 4676 889 2040 4677 891 2042 4678 892 2043 4679 893 2044 4680 889 2040 4681 892 2043 4682 893 2044 4683 894 2045 4684 889 2040 4685 895 2046 4686 896 2047 4687 861 2047 4688 895 2048 4689 861 2049 4690 860 2050 4691 860 2050 4692 897 2051 4693 895 2048 4694 860 2050 4695 863 2052 4696 897 2051 4697 864 2053 4698 897 2051 4699 863 2052 4700 864 2053 4701 898 2054 4702 897 2051 4703 898 2054 4704 864 2053 4705 862 2055 4706 898 2054 4707 862 2055 4708 899 2056 4709 859 2057 4710 899 2056 4711 862 2055 4712 859 2057 4713 900 2057 4714 899 2056 4715 553 2058 4716 552 2059 4717 869 2060 4718 553 2058 4719 869 2060 4720 901 2061 4721 868 2062 4722 901 2061 4723 869 2060 4724 868 2062 4725 902 2063 4726 901 2061 4727 902 2063 4728 868 2062 4729 865 2064 4730 902 2063 4731 865 2064 4732 903 2065 4733 904 2066 4734 903 2065 4735 865 2064 4736 904 2066 4737 865 2064 4738 883 2067 4739 905 2068 4740 904 2066 4741 883 2067 4742 905 2068 4743 883 2067 4744 882 2069 4745 906 2070 4746 905 2068 4747 882 2069 4748 906 2070 4749 882 2069 4750 879 2071 4751 879 2071 4752 907 2072 4753 906 2070 4754 879 2071 4755 877 2073 4756 907 2072 4757 875 2074 4758 907 2072 4759 877 2073 4760 875 2074 4761 908 2075 4762 907 2072 4763 873 2076 4764 908 2075 4765 875 2074 4766 873 2076 4767 909 2077 4768 908 2075 4769 645 1640 4770 909 2077 4771 873 2076 4772 645 1640 4773 644 1639 4774 909 2077 4775 889 2078 4776 894 2079 4777 910 2079 4778 889 2080 4779 910 2081 4780 911 2082 4781 911 2082 4782 890 2083 4783 889 2080 4784 911 2082 4785 912 2084 4786 890 2083 4787 912 2084 4788 891 2085 4789 890 2083 4790 912 2084 4791 913 2086 4792 891 2085 4793 914 2087 4794 891 2085 4795 913 2086 4796 914 2087 4797 892 2088 4798 891 2085 4799 915 2057 4800 892 2088 4801 914 2087 4802 915 2057 4803 893 2057 4804 892 2088 4805 916 2089 4806 816 2090 4807 917 2091 4808 916 2089 4809 817 2092 4810 816 2090 4811 818 2093 4812 817 2092 4813 916 2089 4814 818 2093 4815 916 2089 4816 918 2094 4817 918 2094 4818 819 2095 4819 818 2093 4820 918 2094 4821 919 2096 4822 819 2095 4823 919 2096 4824 820 2097 4825 819 2095 4826 919 2096 4827 920 2098 4828 820 2097 4829 920 2098 4830 821 2099 4831 820 2097 4832 920 2098 4833 921 2100 4834 821 2099 4835 812 2101 4836 922 2102 4837 923 2103 4838 812 2101 4839 805 2104 4840 922 2102 4841 805 2104 4842 917 2105 4843 922 2102 4844 917 2105 4845 805 2104 4846 916 2106 4847 805 2104 4848 918 2107 4849 916 2106 4850 918 2107 4851 805 2104 4852 807 2108 4853 918 2107 4854 807 2108 4855 919 2109 4856 807 2108 4857 920 2110 4858 919 2109 4859 920 2110 4860 807 2108 4861 921 2111 4862 807 2108 4863 924 2112 4864 921 2111 4865 810 2113 4866 924 2112 4867 807 2108 4868 810 2113 4869 925 2114 4870 924 2112 4871 810 2113 4872 812 2101 4873 413 2115 4874 810 2113 4875 413 2115 4876 412 2116 4877 412 2116 4878 925 2114 4879 810 2113 4880 412 2116 4881 926 2117 4882 925 2114 4883 412 2116 4884 927 2118 4885 926 2117 4886 412 2116 4887 802 2119 4888 927 2118 4889 802 2119 4890 791 2120 4891 927 2118 4892 791 2120 4893 802 2119 4894 792 2121 4895 802 2119 4896 793 2122 4897 792 2121 4898 795 2123 4899 793 2122 4900 802 2119 4901 795 2123 4902 802 2119 4903 804 2124 4904 804 2124 4905 797 2125 4906 795 2123 4907 797 2125 4908 804 2124 4909 799 2126 4910 804 2124 4911 928 2127 4912 799 2126 4913 413 2115 4914 928 2127 4915 804 2124 4916 413 2115 4917 929 2128 4918 928 2127 4919 413 2115 4920 923 2103 4921 929 2128 4922 413 2115 4923 812 2101 4924 923 2103 4925 800 1861 4926 799 1860 4927 928 2129 4928 800 1861 4929 928 2129 4930 826 2130 4931 813 2131 4932 826 2130 4933 928 2129 4934 813 2131 4935 928 2129 4936 929 2132 4937 923 2133 4938 813 2131 4939 929 2132 4940 923 2133 4941 814 2134 4942 813 2131 4943 814 2134 4944 923 2133 4945 922 2135 4946 814 2134 4947 922 2135 4948 815 2136 4949 922 2135 4950 816 2090 4951 815 2136 4952 922 2135 4953 917 2091 4954 816 2090 4955 930 2137 4956 931 2138 4957 932 2139 4958 930 2137 4959 933 2140 4960 931 2138 4961 933 2140 4962 934 2141 4963 931 2138 4964 933 2140 4965 935 2142 4966 934 2141 4967 936 2143 4968 934 2141 4969 935 2142 4970 936 2143 4971 937 2144 4972 934 2141 4973 938 2145 4974 937 2144 4975 936 2143 4976 938 2145 4977 939 2146 4978 937 2144 4979 938 2145 4980 940 2147 4981 939 2146 4982 938 2145 4983 941 2148 4984 940 2147 4985 941 2148 4986 942 2149 4987 940 2147 4988 941 2148 4989 943 2150 4990 942 2149 4991 943 2150 4992 944 2151 4993 942 2149 4994 943 2150 4995 945 2152 4996 944 2151 4997 945 2152 4998 932 2139 4999 944 2151 5000 945 2152 5001 930 2137 5002 932 2139 5003 946 2153 5004 947 2154 5005 948 2155 5006 946 2153 5007 949 2156 5008 947 2154 5009 947 2154 5010 949 2156 5011 950 2157 5012 947 2154 5013 950 2157 5014 951 2158 5015 951 2158 5016 950 2157 5017 952 2159 5018 951 2158 5019 952 2159 5020 953 2160 5021 953 2160 5022 952 2159 5023 954 2161 5024 953 2160 5025 954 2161 5026 955 2162 5027 955 2162 5028 954 2161 5029 956 2163 5030 955 2162 5031 956 2163 5032 957 2164 5033 957 2164 5034 956 2163 5035 732 1751 5036 957 2164 5037 732 1751 5038 731 1750 5039 422 2165 5040 958 2166 5041 423 2167 5042 422 2165 5043 959 2168 5044 958 2166 5045 960 2169 5046 958 2166 5047 959 2168 5048 960 2169 5049 961 2170 5050 958 2166 5051 962 2171 5052 961 2170 5053 960 2169 5054 962 2171 5055 963 2172 5056 961 2170 5057 964 2173 5058 963 2172 5059 962 2171 5060 964 2173 5061 965 2174 5062 963 2172 5063 966 2175 5064 965 2174 5065 964 2173 5066 966 2175 5067 967 2176 5068 965 2174 5069 613 2177 5070 967 2176 5071 966 2175 5072 613 2177 5073 615 2178 5074 967 2176 5075 613 2179 5076 968 2180 5077 615 2181 5078 613 2179 5079 969 2182 5080 968 2180 5081 969 2182 5082 970 2183 5083 968 2180 5084 969 2182 5085 971 2184 5086 970 2183 5087 946 2153 5088 970 2183 5089 971 2184 5090 946 2153 5091 948 2155 5092 970 2183 5093 972 2185 5094 727 2186 5095 730 2187 5096 972 2185 5097 730 2187 5098 732 2188 5099 973 2189 5100 972 2185 5101 732 2188 5102 973 2189 5103 732 2188 5104 956 2190 5105 954 2191 5106 973 2189 5107 956 2190 5108 954 2191 5109 974 2192 5110 973 2189 5111 975 2193 5112 974 2192 5113 954 2191 5114 975 2193 5115 954 2191 5116 952 2194 5117 950 2195 5118 975 2193 5119 952 2194 5120 950 2195 5121 976 2196 5122 975 2193 5123 977 2197 5124 976 2196 5125 950 2195 5126 977 2197 5127 950 2195 5128 949 2198 5129 946 2199 5130 977 2197 5131 949 2198 5132 946 2199 5133 978 1575 5134 977 2197 5135 946 2199 5136 979 2200 5137 978 1575 5138 946 2199 5139 971 2201 5140 979 2200 5141 979 2200 5142 971 2201 5143 969 2202 5144 979 2200 5145 969 2202 5146 980 2203 5147 980 2203 5148 969 2202 5149 613 2204 5150 980 2203 5151 613 2204 5152 981 2205 5153 981 2205 5154 613 2204 5155 966 2206 5156 981 2205 5157 966 2206 5158 982 2207 5159 982 2207 5160 966 2206 5161 964 2208 5162 982 2207 5163 964 2208 5164 983 2209 5165 984 2210 5166 983 2209 5167 964 2208 5168 984 2210 5169 964 2208 5170 962 2211 5171 962 2211 5172 985 2212 5173 984 2210 5174 962 2211 5175 960 2213 5176 985 2212 5177 528 2214 5178 985 2212 5179 960 2213 5180 528 2214 5181 960 2213 5182 959 2215 5183 959 2215 5184 422 2216 5185 528 2214 5186 422 2216 5187 417 2217 5188 528 2214 5189 424 2218 5190 417 2217 5191 422 2216 5192 415 2219 5193 417 2217 5194 424 2218 5195 415 2219 5196 424 2218 5197 425 1575 5198 427 2220 5199 415 2219 5200 425 1575 5201 427 2220 5202 419 2221 5203 415 2219 5204 895 2222 5205 900 2223 5206 896 2224 5207 895 2222 5208 899 2225 5209 900 2223 5210 897 2226 5211 899 2225 5212 895 2222 5213 897 2226 5214 898 2227 5215 899 2225 5216 911 2228 5217 913 2229 5218 912 2230 5219 911 2228 5220 914 2231 5221 913 2229 5222 910 2232 5223 914 2231 5224 911 2228 5225 910 2232 5226 915 2233 5227 914 2231 5228 986 2234 5229 987 2235 5230 980 2236 5231 986 2234 5232 980 2236 5233 981 2237 5234 981 2237 5235 988 2238 5236 986 2234 5237 981 2237 5238 982 2239 5239 988 2238 5240 989 2240 5241 988 2238 5242 982 2239 5243 989 2240 5244 982 2239 5245 983 2241 5246 990 2242 5247 989 2240 5248 983 2241 5249 990 2242 5250 983 2241 5251 984 2243 5252 990 2242 5253 984 2243 5254 985 2244 5255 990 2242 5256 985 2244 5257 991 2245 5258 991 2245 5259 985 2244 5260 528 2246 5261 991 2245 5262 528 2246 5263 527 2247 5264 972 2248 5265 728 2249 5266 727 2250 5267 972 2248 5268 992 2251 5269 728 2249 5270 973 2252 5271 992 2251 5272 972 2248 5273 973 2252 5274 993 2253 5275 992 2251 5276 974 2254 5277 993 2253 5278 973 2252 5279 974 2254 5280 994 2255 5281 993 2253 5282 975 2256 5283 994 2255 5284 974 2254 5285 975 2256 5286 995 2257 5287 994 2255 5288 976 2258 5289 995 2257 5290 975 2256 5291 976 2258 5292 996 2259 5293 995 2257 5294 977 2260 5295 996 2259 5296 976 2258 5297 977 2260 5298 997 2261 5299 996 2259 5300 978 2262 5301 997 2261 5302 977 2260 5303 978 2262 5304 998 2263 5305 997 2261 5306 978 2262 5307 999 2264 5308 998 2263 5309 978 2262 5310 979 2265 5311 999 2264 5312 987 2235 5313 999 2264 5314 979 2265 5315 987 2235 5316 979 2265 5317 980 2236 5318 1000 2266 5319 640 2267 5320 638 2268 5321 1001 2269 5322 640 2267 5323 1000 2266 5324 1001 2269 5325 642 2270 5326 640 2267 5327 642 2270 5328 1001 2269 5329 1002 2271 5330 642 2270 5331 1002 2271 5332 644 2272 5333 1002 2271 5334 909 2273 5335 644 2272 5336 1002 2271 5337 1003 1665 5338 909 2273 5339 1003 1665 5340 908 1665 5341 909 2273 5342 1003 1665 5343 1004 2274 5344 908 1665 5345 1004 2274 5346 907 2275 5347 908 1665 5348 1004 2274 5349 1005 2276 5350 907 2275 5351 906 2277 5352 907 2275 5353 1005 2276 5354 906 2277 5355 1005 2276 5356 1006 2278 5357 669 2279 5358 906 2277 5359 1006 2278 5360 669 2279 5361 905 2280 5362 906 2277 5363 651 2281 5364 672 2282 5365 653 2283 5366 653 2283 5367 672 2282 5368 669 2284 5369 653 2283 5370 669 2284 5371 576 2285 5372 576 2285 5373 669 2284 5374 667 2286 5375 576 2285 5376 667 2286 5377 655 2287 5378 667 2286 5379 656 2288 5380 655 2287 5381 667 2286 5382 665 2289 5383 656 2288 5384 665 2289 5385 629 2290 5386 656 2288 5387 665 2289 5388 663 2291 5389 629 2290 5390 629 2290 5391 663 2291 5392 662 2292 5393 629 2290 5394 662 2292 5395 630 2293 5396 662 2292 5397 635 2294 5398 630 2293 5399 662 2292 5400 661 2295 5401 635 2294 5402 1007 2296 5403 635 2294 5404 661 2295 5405 1007 2296 5406 637 2297 5407 635 2294 5408 1008 2298 5409 637 2297 5410 1007 2296 5411 1008 2298 5412 638 2268 5413 637 2297 5414 1000 2266 5415 638 2268 5416 1008 2298 5417 669 2279 5418 904 2299 5419 905 2280 5420 669 2279 5421 1009 2300 5422 904 2299 5423 904 2299 5424 1009 2300 5425 888 2301 5426 904 2299 5427 888 2301 5428 903 2302 5429 903 2302 5430 888 2301 5431 887 2303 5432 903 2302 5433 887 2303 5434 902 2304 5435 887 2303 5436 901 2305 5437 902 2304 5438 887 2303 5439 549 2306 5440 901 2305 5441 901 2305 5442 549 2306 5443 553 2307 5444 553 2307 5445 549 2306 5446 548 2308 5447 551 2309 5448 553 2307 5449 548 2308 5450 548 2308 5451 648 2310 5452 551 2309 5453 548 2308 5454 678 2311 5455 648 2310 5456 678 2311 5457 650 2312 5458 648 2310 5459 678 2311 5460 675 2313 5461 650 2312 5462 675 2313 5463 651 2281 5464 650 2312 5465 675 2313 5466 673 2314 5467 651 2281 5468 651 2281 5469 673 2314 5470 672 2282 5471 538 2315 5472 534 2316 5473 536 2317 5474 538 2315 5475 529 2318 5476 534 2316 5477 538 2315 5478 530 2319 5479 529 2318 5480 538 2315 5481 544 2320 5482 530 2319 5483 538 2315 5484 542 2321 5485 544 2320 5486 538 2315 5487 539 1938 5488 542 2321 5489 434 2322 5490 436 2323 5491 525 2324 5492 437 2325 5493 525 2324 5494 436 2323 5495 437 2325 5496 623 2326 5497 525 2324 5498 623 2326 5499 437 2325 5500 440 2327 5501 440 2327 5502 622 2328 5503 623 2326 5504 623 2326 5505 622 2328 5506 621 2329 5507 623 2326 5508 621 2329 5509 620 2330 5510 623 2326 5511 620 2330 5512 624 2331 5513 624 2331 5514 620 2330 5515 619 2332 5516 619 2332 5517 522 2333 5518 624 2331 5519 624 2331 5520 522 2333 5521 521 2334 5522 526 2335 5523 624 2331 5524 521 2334 5525 526 2335 5526 521 2334 5527 520 2336 5528 526 2335 5529 520 2336 5530 519 2337 5531 526 2335 5532 519 2337 5533 524 2338 5534 518 2339 5535 524 2338 5536 519 2337 5537 518 2339 5538 657 2340 5539 524 2338 5540 657 2340 5541 518 2339 5542 517 2341 5543 517 2341 5544 625 2342 5545 657 2340 5546 657 2340 5547 625 2342 5548 626 2343 5549 626 2343 5550 658 2344 5551 657 2340 5552 626 2343 5553 627 2345 5554 658 2344 5555 658 2344 5556 627 2345 5557 628 2346 5558 628 2346 5559 430 2347 5560 658 2344 5561 658 2344 5562 430 2347 5563 429 2348 5564 523 2349 5565 658 2344 5566 429 2348 5567 523 2349 5568 429 2348 5569 434 2322 5570 434 2322 5571 525 2324 5572 523 2349 5573 523 2349 5574 525 2324 5575 526 2335 5576 523 2349 5577 526 2335 5578 524 2338 5579 533 2350 5580 537 2351 5581 535 1316 5582 533 2350 5583 540 2352 5584 537 2351 5585 533 2350 5586 541 2353 5587 540 2352 5588 533 2350 5589 543 2354 5590 541 2353 5591 533 2350 5592 531 2355 5593 543 2354 5594 533 2350 5595 532 2356 5596 531 2355 5597 867 2038 5598 888 2039 5599 1009 2357 5600 867 2038 5601 1009 2357 5602 884 2358 5603 884 2358 5604 1009 2357 5605 669 2359 5606 884 2358 5607 669 2359 5608 881 2360 5609 881 2360 5610 669 2359 5611 1006 2361 5612 881 2360 5613 1006 2361 5614 880 2362 5615 880 2362 5616 1006 2361 5617 1005 2363 5618 880 2362 5619 1005 2363 5620 878 2364 5621 1004 2365 5622 878 2364 5623 1005 2363 5624 1004 2365 5625 876 2366 5626 878 2364 5627 874 2367 5628 876 2366 5629 1004 2365 5630 874 2367 5631 1004 2365 5632 1003 2368 5633 1002 2369 5634 874 2367 5635 1003 2368 5636 1002 2369 5637 872 2370 5638 874 2367 5639 870 2371 5640 872 2370 5641 1002 2369 5642 870 2371 5643 1002 2369 5644 1001 2372 5645 870 2371 5646 1001 2372 5647 1000 2373 5648 870 2371 5649 1000 2373 5650 871 2374 5651 871 2374 5652 1000 2373 5653 1008 2375 5654 871 2374 5655 1008 2375 5656 886 2376 5657 1008 2375 5658 885 2377 5659 886 2376 5660 1008 2375 5661 1007 2378 5662 885 2377 5663 885 2377 5664 1007 2378 5665 661 1678 5666 885 2377 5667 661 1678 5668 660 1677 5669 961 2379 5670 527 2380 5671 958 2381 5672 961 2379 5673 991 2382 5674 527 2380 5675 963 2383 5676 991 2382 5677 961 2379 5678 963 2383 5679 990 2384 5680 991 2382 5681 965 2385 5682 990 2384 5683 963 2383 5684 965 2385 5685 989 2386 5686 990 2384 5687 965 2385 5688 988 2387 5689 989 2386 5690 965 2385 5691 967 2388 5692 988 2387 5693 986 2389 5694 988 2387 5695 967 2388 5696 986 2389 5697 967 2388 5698 615 2390 5699 615 2390 5700 987 2391 5701 986 2389 5702 615 2390 5703 968 2392 5704 987 2391 5705 968 2392 5706 999 2393 5707 987 2391 5708 968 2392 5709 970 2394 5710 999 2393 5711 948 2395 5712 999 2393 5713 970 2394 5714 948 2395 5715 998 2396 5716 999 2393 5717 948 2395 5718 997 2397 5719 998 2396 5720 948 2395 5721 947 2398 5722 997 2397 5723 997 2397 5724 947 2398 5725 951 2399 5726 997 2397 5727 951 2399 5728 996 2400 5729 951 2399 5730 995 2401 5731 996 2400 5732 951 2399 5733 953 2402 5734 995 2401 5735 995 2401 5736 953 2402 5737 955 2403 5738 995 2401 5739 955 2403 5740 994 2404 5741 955 2403 5742 993 2405 5743 994 2404 5744 955 2403 5745 957 2406 5746 993 2405 5747 993 2405 5748 957 2406 5749 731 2407 5750 993 2405 5751 731 2407 5752 992 2408 5753 992 2408 5754 731 2407 5755 729 2409 5756 992 2408 5757 729 2409 5758 728 2410 5759 932 2411 5760 942 2412 5761 944 2413 5762 932 2411 5763 940 2414 5764 942 2412 5765 932 2411 5766 939 2415 5767 940 2414 5768 932 2411 5769 937 2416 5770 939 2415 5771 932 2411 5772 934 2417 5773 937 2416 5774 932 2411 5775 931 1316 5776 934 2417 5777 821 2099 5778 921 2100 5779 924 2418 5780 821 2099 5781 924 2418 5782 822 2419 5783 823 2420 5784 822 2419 5785 924 2418 5786 823 2420 5787 924 2418 5788 925 2421 5789 925 2421 5790 824 2422 5791 823 2420 5792 925 2421 5793 926 2423 5794 824 2422 5795 824 2422 5796 926 2423 5797 927 2424 5798 824 2422 5799 927 2424 5800 825 2425 5801 927 2424 5802 790 1851 5803 825 2425 5804 927 2424 5805 791 1852 5806 790 1851 5807 938 2426 5808 943 2427 5809 941 1938 5810 938 2426 5811 945 2428 5812 943 2427 5813 938 2426 5814 930 2429 5815 945 2428 5816 938 2426 5817 933 2430 5818 930 2429 5819 938 2426 5820 935 2431 5821 933 2430 5822 938 2426 5823 936 2432 5824 935 2431 5825</p>
        </triangles>
      </mesh>
    </geometry>
  </library_geometries>
  <library_controllers>
    <controller id="fob_h_sniperrifle_diamond_qc_skeleton_fob_h_sniperrifle_diamond-skin" name="fob_h_sniperrifle_diamond.qc_skeleton">
      <skin source="#fob_h_sniperrifle_diamond-mesh">
        <bind_shape_matrix>1 0 0 0 0 1 0 0 0 0 1 0 0 0 0 1</bind_shape_matrix>
        <source id="fob_h_sniperrifle_diamond_qc_skeleton_fob_h_sniperrifle_diamond-skin-joints">
          <Name_array id="fob_h_sniperrifle_diamond_qc_skeleton_fob_h_sniperrifle_diamond-skin-joints-array" count="7">weapon_bone vm_weapon_bone vm_weapon_bone_3 vm_weapon_bone_2 vm_weapon_bone_1 chain4 fob</Name_array>
          <technique_common>
            <accessor source="#fob_h_sniperrifle_diamond_qc_skeleton_fob_h_sniperrifle_diamond-skin-joints-array" count="7" stride="1">
              <param name="JOINT" type="name"/>
            </accessor>
          </technique_common>
        </source>
        <source id="fob_h_sniperrifle_diamond_qc_skeleton_fob_h_sniperrifle_diamond-skin-bind_poses">
          <float_array id="fob_h_sniperrifle_diamond_qc_skeleton_fob_h_sniperrifle_diamond-skin-bind_poses-array" count="112">1 0 0 0 0 1 0 0 0 0 1 0 0 0 0 1 1 0 0 5.6e-5 0 1 0 -3.796269 0 0 1 -2.333208 0 0 0 1 0.9834207 0.06640112 0.1687437 -5.984712 -0.07670336 0.9955204 0.05527937 -14.27906 -0.1643172 -0.0673061 0.9841087 -3.895222 0 0 0 1 1 0 0 0 0 1 0 -12.2902 0 0 1 -20.26597 0 0 0 1 -1 -3.25841e-7 1.50996e-7 2.09801e-7 -3.25841e-7 1 0 -3.796269 -1.50996e-7 0 -1 6.802701 0 0 0 1 0.9989202 0.002786874 -0.04637748 1.43485 0.04646116 -0.0599265 0.997121 -31.35458 -3.91156e-7 -0.9981991 -0.05999124 -1.587604 0 0 0 1 0.9989203 0.01246738 -0.04475617 1.46273 0.04646021 -0.2680524 0.9622835 -31.95459 1.92784e-7 -0.9633238 -0.2683421 1.291328 0 0 0 1</float_array>
          <technique_common>
            <accessor source="#fob_h_sniperrifle_diamond_qc_skeleton_fob_h_sniperrifle_diamond-skin-bind_poses-array" count="7" stride="16">
              <param name="TRANSFORM" type="float4x4"/>
            </accessor>
          </technique_common>
        </source>
        <source id="fob_h_sniperrifle_diamond_qc_skeleton_fob_h_sniperrifle_diamond-skin-weights">
          <float_array id="fob_h_sniperrifle_diamond_qc_skeleton_fob_h_sniperrifle_diamond-skin-weights-array" count="1265">1 1 1 1 1 1 1 1 1 1 1 1 1 1 1 1 1 1 1 1 1 1 1 1 1 1 1 1 1 1 1 1 1 1 1 1 1 1 1 1 1 1 1 1 1 1 1 1 1 1 1 1 1 1 1 1 1 1 1 1 1 1 1 1 1 1 1 1 1 1 1 1 1 1 1 1 1 1 1 1 1 1 1 1 1 1 1 1 1 1 1 1 1 1 1 1 1 1 1 1 1 1 1 1 1 1 1 1 1 1 1 1 1 1 1 1 1 1 1 1 1 1 1 1 1 1 1 1 1 1 1 1 1 1 1 1 1 1 1 1 1 1 1 1 1 1 1 1 1 1 1 1 1 1 1 1 1 1 1 1 1 1 1 1 1 1 1 1 1 1 1 1 1 1 1 1 1 1 1 1 1 1 1 1 1 1 1 1 1 1 1 1 1 1 1 1 1 1 1 1 1 1 1 1 1 1 1 1 1 1 1 1 1 1 1 1 1 1 1 1 1 1 1 1 1 1 1 1 1 1 1 1 1 1 1 1 1 1 1 1 1 1 1 1 1 1 1 1 1 1 1 1 1 1 1 1 1 1 1 1 1 1 1 1 1 1 1 1 1 1 1 1 1 1 1 1 1 1 1 1 1 1 1 1 1 1 1 1 1 1 1 1 1 1 1 1 1 1 1 1 1 1 1 1 1 1 1 1 1 1 1 1 1 1 1 1 1 1 1 1 1 1 1 1 1 1 1 1 1 1 1 1 1 1 1 1 1 1 1 1 1 1 1 1 1 1 1 1 1 1 1 1 1 1 1 1 1 1 1 1 1 1 1 1 1 1 1 1 1 1 1 1 1 1 1 1 1 1 1 1 1 1 1 1 1 1 1 1 1 1 1 1 1 1 1 1 1 1 1 1 1 1 1 1 1 1 1 1 1 1 1 1 1 1 1 0.75 0.25 1 1 0.75 0.25 0.75 0.25 0.75 0.25 1 1 1 1 0.75 0.25 0.75 0.25 0.75 0.25 0.75 0.25 0.75 0.25 0.75 0.25 0.75 0.25 0.75 0.25 0.75 0.25 0.75 0.25 0.75 0.25 0.75 0.25 0.75 0.25 0.75 0.25 0.75 0.25 0.75 0.25 1 1 1 1 1 1 1 1 1 1 1 1 1 1 1 1 1 1 1 1 1 1 1 1 1 1 1 1 1 1 1 1 1 1 1 1 1 1 1 1 1 1 1 1 1 1 1 1 0.75 0.25 0.75 0.25 0.75 0.25 0.75 0.25 0.75 0.25 0.75 0.25 0.75 0.25 0.75 0.25 0.75 0.25 0.75 0.25 0.75 0.25 0.75 0.25 0.75 0.25 0.75 0.25 0.75 0.25 0.75 0.25 0.75 0.25 0.75 0.25 0.75 0.25 0.75 0.25 0.75 0.25 0.75 0.25 0.75 0.25 0.75 0.25 0.75 0.25 0.75 0.25 0.75 0.25 0.75 0.25 0.75 0.25 0.75 0.25 0.75 0.25 0.75 0.25 0.75 0.25 0.75 0.25 0.75 0.25 0.75 0.25 0.75 0.25 0.75 0.25 1 1 1 1 1 1 1 1 1 1 1 1 1 1 1 1 1 1 0.75 0.25 0.75 0.25 1 1 1 1 1 1 1 1 1 1 1 1 1 1 1 1 1 1 1 1 1 1 1 1 0.75 0.25 0.75 0.25 0.75 0.25 0.75 0.25 0.75 0.25 0.75 0.25 1 1 1 1 1 1 1 1 1 1 1 1 1 1 1 1 0.6 0.4 0.6 0.4 0.6 0.4 0.6 0.4 0.4 0.6 0.4 0.6 0.4 0.6 0.4 0.6 0.1821399 0.81786 0.14368 0.85632 0.14368 0.85632 0.1821399 0.81786 0.11692 0.88308 0.06771999 0.93228 0.11692 0.88308 0.06771999 0.93228 0.75 0.25 0.75 0.25 0.75 0.25 0.75 0.25 0.75 0.25 0.75 0.25 0.75 0.25 0.75 0.25 0.75 0.25 0.75 0.25 0.75 0.25 0.75 0.25 0.75 0.25 0.75 0.25 0.75 0.25 0.75 0.25 0.75 0.25 0.75 0.25 0.75 0.25 0.75 0.25 0.4 0.6 0.25 0.75 0.6 0.4 0.4 0.6 0.25 0.75 1 1 1 1 1 1 1 1 1 1 1 1 0.75 0.25 0.75 0.25 0.75 0.25 0.75 0.25 0.75 0.25 0.75 0.25 0.75 0.25 0.75 0.25 0.75 0.25 0.75 0.25 0.6 0.4 0.75 0.25 0.75 0.25 0.25 0.75 1 1 0.25 0.75 0.4 0.6 0.4 0.6 0.6 0.4 0.6 0.4 0.75 0.25 0.75 0.25 0.75 0.25 0.75 0.25 0.75 0.25 0.75 0.25 0.75 0.25 0.75 0.25 0.75 0.25 0.75 0.25 0.75 0.25 0.75 0.25 1 1 1 1 1 1 1 1 1 1 1 1 1 1 1 1 1 1 1 1 1 1 1 1 1 1 1 1 1 1 1 1 1 1 1 1 1 1 1 1 1 1 1 1 1 1 1 1 0.2 0.8 0.2 0.8 0.2 0.8 0.2 0.8 0.2 0.8 0.2 0.8 0.75 0.25 0.75 0.25 0.75 0.25 0.75 0.25 0.75 0.25 0.75 0.25 0.75 0.25 0.75 0.25 0.75 0.25 0.75 0.25 0.75 0.25 0.75 0.25 0.75 0.25 0.75 0.25 0.75 0.25 0.75 0.25 0.75 0.25 0.75 0.25 0.75 0.25 0.75 0.25 0.75 0.25 0.75 0.25 0.75 0.25 0.75 0.25 0.75 0.25 0.75 0.25 0.75 0.25 0.75 0.25 0.75 0.25 0.75 0.25 0.75 0.25 0.75 0.25 0.75 0.25 0.75 0.25 0.75 0.25 0.75 0.25 0.75 0.25 0.75 0.25 0.75 0.25 0.75 0.25 0.75 0.25 0.75 0.25 0.75 0.25 0.75 0.25 0.75 0.25 0.75 0.25 0.75 0.25 0.75 0.25 0.75 0.25 0.75 0.25 0.75 0.25 0.75 0.25 0.75 0.25 0.75 0.25 0.75 0.25 0.75 0.25 1 1 1 1 1 1 1 1 1 1 1 1 1 1 1 1 1 1 1 1 1 1 1 1 1 1 1 1 1 1 1 1 1 1 1 1 1 1 1 1 1 1 1 1 1 1 1 1 1 1 1 1 1 1 1 1 1 1 1 1 1 1 1 1 1 1 1 1 1 1 1 1 1 1 1 1 0.75 0.25 0.75 0.25 0.75 0.25 0.75 0.25 1 1 1 1 1 1 1 1 0.25 0.75 0.25 0.75 0.75 0.25 0.75 0.25 0.75 0.25 0.75 0.25 0.75 0.25 0.75 0.25 1 1 0.75 0.25 0.75 0.25 1 1 1 1 1 1 1 1 1 1 1 1 1 0.75 0.25 0.75 0.25 0.75 0.25 0.75 0.25 0.75 0.25 0.25 0.75 1 1 1 1 1 1 1 1 1 1 1 1 1 1 1 1 1 1 1 1 1 1 1 1 1 1 1 1 1 1 1 1 1 1 1 1 1 1 1 1 1 1 1 1 1 1 1 1 0.2 0.8 0.2 0.8 1 1 0.75 0.25 0.75 0.25 0.75 0.25 0.75 0.25 0.75 0.25 0.75 0.25 0.75 0.25 0.75 0.25 0.75 0.25 0.75 0.25 0.25 0.75 0.25 0.75 0.2 0.8 0.2 0.8 1 1 1 1 1 0.25 0.75 0.75 0.25 0.75 0.25 0.75 0.25 0.75 0.25 0.75 0.25 0.75 0.25 0.75 0.25 0.75 0.25 0.75 0.25 0.75 0.25 0.75 0.25 0.75 0.25 0.2 0.8 0.2 0.8 1 1 1 1 1 0.25 0.75 1 1 1 1 1 0.25 0.75 0.75 0.25 1 1 0.75 0.25</float_array>
          <technique_common>
            <accessor source="#fob_h_sniperrifle_diamond_qc_skeleton_fob_h_sniperrifle_diamond-skin-weights-array" count="1265" stride="1">
              <param name="WEIGHT" type="float"/>
            </accessor>
          </technique_common>
        </source>
        <joints>
          <input semantic="JOINT" source="#fob_h_sniperrifle_diamond_qc_skeleton_fob_h_sniperrifle_diamond-skin-joints"/>
          <input semantic="INV_BIND_MATRIX" source="#fob_h_sniperrifle_diamond_qc_skeleton_fob_h_sniperrifle_diamond-skin-bind_poses"/>
        </joints>
        <vertex_weights count="1010">
          <input semantic="JOINT" source="#fob_h_sniperrifle_diamond_qc_skeleton_fob_h_sniperrifle_diamond-skin-joints" offset="0"/>
          <input semantic="WEIGHT" source="#fob_h_sniperrifle_diamond_qc_skeleton_fob_h_sniperrifle_diamond-skin-weights" offset="1"/>
          <vcount>1 1 1 1 1 1 1 1 1 1 1 1 1 1 1 1 1 1 1 1 1 1 1 1 1 1 1 1 1 1 1 1 1 1 1 1 1 1 1 1 1 1 1 1 1 1 1 1 1 1 1 1 1 1 1 1 1 1 1 1 1 1 1 1 1 1 1 1 1 1 1 1 1 1 1 1 1 1 1 1 1 1 1 1 1 1 1 1 1 1 1 1 1 1 1 1 1 1 1 1 1 1 1 1 1 1 1 1 1 1 1 1 1 1 1 1 1 1 1 1 1 1 1 1 1 1 1 1 1 1 1 1 1 1 1 1 1 1 1 1 1 1 1 1 1 1 1 1 1 1 1 1 1 1 1 1 1 1 1 1 1 1 1 1 1 1 1 1 1 1 1 1 1 1 1 1 1 1 1 1 1 1 1 1 1 1 1 1 1 1 1 1 1 1 1 1 1 1 1 1 1 1 1 1 1 1 1 1 1 1 1 1 1 1 1 1 1 1 1 1 1 1 1 1 1 1 1 1 1 1 1 1 1 1 1 1 1 1 1 1 1 1 1 1 1 1 1 1 1 1 1 1 1 1 1 1 1 1 1 1 1 1 1 1 1 1 1 1 1 1 1 1 1 1 1 1 1 1 1 1 1 1 1 1 1 1 1 1 1 1 1 1 1 1 1 1 1 1 1 1 1 1 1 1 1 1 1 1 1 1 1 1 1 1 1 1 1 1 1 1 1 1 1 1 1 1 1 1 1 1 1 1 1 1 1 1 1 1 1 1 1 1 1 1 1 1 1 1 1 1 1 1 1 1 1 1 1 1 1 1 1 1 1 1 1 1 1 1 1 1 1 1 1 1 1 1 1 1 1 1 1 1 1 1 1 1 1 1 1 1 1 1 1 1 1 1 1 1 1 1 1 1 1 1 1 1 1 1 1 1 1 1 1 1 1 2 1 1 2 2 2 1 1 1 1 2 2 2 2 2 2 2 2 2 2 2 2 2 2 2 2 1 1 1 1 1 1 1 1 1 1 1 1 1 1 1 1 1 1 1 1 1 1 1 1 1 1 1 1 1 1 1 1 1 1 1 1 1 1 1 1 1 1 1 1 1 1 1 1 2 2 2 2 2 2 2 2 2 2 2 2 2 2 2 2 2 2 2 2 2 2 2 2 2 2 2 2 2 2 2 2 2 2 2 2 2 2 1 1 1 1 1 1 1 1 1 1 1 1 1 1 1 1 1 1 2 2 1 1 1 1 1 1 1 1 1 1 1 1 1 1 1 1 1 1 1 1 1 1 1 1 2 2 2 2 2 2 1 1 1 1 1 1 1 1 1 1 1 1 1 1 1 1 2 2 2 2 2 2 2 2 2 2 2 2 2 2 2 2 2 2 2 2 2 2 2 2 2 2 2 2 2 2 2 2 2 2 2 2 2 2 2 2 2 1 1 1 1 1 1 1 1 1 1 1 1 2 2 2 2 2 2 2 2 2 2 2 2 2 2 1 1 2 2 2 2 2 2 2 2 2 2 2 2 2 2 2 2 2 1 1 1 1 1 1 1 1 1 1 1 1 1 1 1 1 1 1 1 1 1 1 1 1 1 1 1 1 1 1 1 1 1 1 1 1 1 1 1 1 1 1 1 1 1 1 1 1 2 2 2 2 2 2 2 2 2 2 2 2 2 2 2 2 2 2 2 2 2 2 2 2 2 2 2 2 2 2 2 2 2 2 2 2 2 2 2 2 2 2 2 2 2 2 2 2 2 2 2 2 2 2 2 2 2 2 2 2 2 2 1 1 1 1 1 1 1 1 1 1 1 1 1 1 1 1 1 1 1 1 1 1 1 1 1 1 1 1 1 1 1 1 1 1 1 1 1 1 1 1 1 1 1 1 1 1 1 1 1 1 1 1 1 1 1 1 1 1 1 1 1 1 1 1 1 1 1 1 1 1 1 1 1 1 1 1 2 2 2 2 1 1 1 1 1 1 1 1 2 2 2 2 2 2 2 2 1 1 2 2 1 1 1 1 1 1 1 1 1 1 1 1 1 2 2 2 2 2 2 1 1 1 1 1 1 1 1 1 1 1 1 1 1 1 1 1 1 1 1 1 1 1 1 1 1 1 1 1 1 1 1 1 1 1 1 1 1 1 1 1 1 1 1 1 1 1 1 2 2 1 1 2 2 2 2 2 2 2 2 2 2 2 2 2 2 1 1 1 1 1 2 2 2 2 2 2 2 2 2 2 2 2 2 2 2 1 1 1 1 1 2 1 1 1 1 1 2 2 1 1 2 </vcount>
          <v>6 0 6 1 6 2 6 3 6 4 6 5 6 6 6 7 6 8 6 9 6 10 6 11 6 12 6 13 6 14 6 15 6 16 6 17 6 18 6 19 6 20 6 21 6 22 6 23 6 24 6 25 6 26 6 27 6 28 6 29 6 30 6 31 6 32 6 33 6 34 6 35 6 36 6 37 6 38 6 39 6 40 6 41 6 42 6 43 6 44 6 45 6 46 6 47 6 48 6 49 6 50 6 51 6 52 6 53 6 54 6 55 6 56 6 57 6 58 6 59 6 60 6 61 6 62 6 63 6 64 6 65 6 66 6 67 6 68 6 69 6 70 6 71 6 72 6 73 6 74 6 75 6 76 6 77 6 78 6 79 6 80 6 81 6 82 6 83 6 84 6 85 6 86 6 87 6 88 6 89 6 90 6 91 6 92 6 93 6 94 6 95 6 96 6 97 6 98 6 99 6 100 6 101 6 102 6 103 6 104 6 105 6 106 6 107 6 108 6 109 6 110 6 111 6 112 6 113 6 114 6 115 6 116 6 117 6 118 6 119 6 120 6 121 6 122 6 123 6 124 6 125 6 126 6 127 6 128 6 129 6 130 6 131 6 132 6 133 6 134 6 135 6 136 6 137 6 138 6 139 6 140 6 141 6 142 6 143 6 144 6 145 6 146 6 147 6 148 6 149 6 150 6 151 6 152 6 153 6 154 6 155 6 156 6 157 6 158 6 159 6 160 6 161 6 162 6 163 6 164 6 165 6 166 6 167 6 168 6 169 6 170 6 171 6 172 6 173 6 174 6 175 6 176 6 177 6 178 6 179 6 180 6 181 6 182 6 183 6 184 6 185 6 186 6 187 6 188 6 189 6 190 6 191 6 192 6 193 6 194 6 195 6 196 6 197 6 198 6 199 6 200 6 201 6 202 6 203 6 204 6 205 6 206 6 207 6 208 6 209 6 210 6 211 6 212 6 213 6 214 6 215 6 216 6 217 6 218 6 219 6 220 6 221 6 222 6 223 6 224 6 225 6 226 6 227 6 228 6 229 6 230 6 231 6 232 6 233 6 234 6 235 6 236 6 237 6 238 6 239 6 240 6 241 6 242 6 243 6 244 6 245 6 246 6 247 6 248 6 249 6 250 6 251 6 252 6 253 6 254 6 255 6 256 6 257 6 258 6 259 6 260 6 261 6 262 6 263 6 264 6 265 6 266 6 267 6 268 6 269 6 270 6 271 6 272 6 273 6 274 6 275 6 276 6 277 6 278 6 279 6 280 6 281 6 282 6 283 6 284 6 285 6 286 6 287 6 288 6 289 6 290 6 291 6 292 6 293 6 294 6 295 6 296 6 297 6 298 6 299 6 300 6 301 6 302 6 303 6 304 6 305 6 306 6 307 6 308 6 309 6 310 6 311 6 312 6 313 6 314 6 315 6 316 6 317 6 318 6 319 6 320 6 321 6 322 6 323 6 324 6 325 6 326 6 327 6 328 6 329 6 330 6 331 6 332 6 333 6 334 6 335 6 336 6 337 6 338 6 339 6 340 6 341 6 342 6 343 6 344 6 345 6 346 6 347 6 348 6 349 6 350 6 351 6 352 6 353 6 354 6 355 6 356 6 357 6 358 6 359 6 360 6 361 6 362 6 363 6 364 6 365 6 366 6 367 6 368 6 369 6 370 6 371 6 372 6 373 6 374 6 375 6 376 6 377 6 378 6 379 6 380 6 381 6 382 6 383 6 384 6 385 6 386 6 387 6 388 6 389 6 390 6 391 6 392 6 393 6 394 6 395 6 396 6 397 6 398 6 399 6 400 6 401 6 402 6 403 6 404 6 405 6 406 6 407 6 408 6 409 6 410 5 411 5 412 5 413 5 414 0 415 5 416 0 417 0 418 0 419 5 420 0 421 5 422 0 423 5 424 0 425 0 426 0 427 0 428 0 429 5 430 0 431 5 432 0 433 5 434 0 435 5 436 0 437 5 438 0 439 5 440 0 441 5 442 0 443 5 444 0 445 5 446 0 447 5 448 0 449 5 450 0 451 5 452 0 453 5 454 0 455 5 456 0 457 5 458 0 459 5 460 0 461 0 462 0 463 0 464 0 465 0 466 0 467 0 468 0 469 0 470 0 471 0 472 0 473 0 474 0 475 0 476 0 477 0 478 0 479 0 480 0 481 0 482 0 483 0 484 0 485 0 486 0 487 0 488 0 489 0 490 0 491 0 492 0 493 0 494 0 495 0 496 0 497 0 498 0 499 0 500 0 501 0 502 0 503 0 504 0 505 0 506 0 507 0 508 0 509 5 510 0 511 5 512 0 513 5 514 0 515 5 516 0 517 5 518 0 519 5 520 0 521 5 522 0 523 5 524 0 525 5 526 0 527 5 528 0 529 5 530 0 531 5 532 0 533 5 534 0 535 5 536 0 537 5 538 0 539 5 540 0 541 5 542 0 543 5 544 0 545 5 546 0 547 5 548 0 549 5 550 0 551 5 552 0 553 5 554 0 555 5 556 0 557 5 558 0 559 5 560 0 561 5 562 0 563 5 564 0 565 5 566 0 567 5 568 0 569 5 570 0 571 5 572 0 573 5 574 0 575 5 576 0 577 5 578 0 579 5 580 0 581 5 582 0 583 5 584 0 585 0 586 0 587 0 588 0 589 0 590 0 591 0 592 0 593 0 594 0 595 0 596 0 597 0 598 0 599 0 600 0 601 0 602 0 603 5 604 0 605 5 606 0 607 0 608 0 609 0 610 0 611 0 612 0 613 0 614 5 615 5 616 5 617 5 618 5 619 5 620 5 621 5 622 5 623 5 624 5 625 5 626 5 627 5 628 5 629 5 630 0 631 5 632 0 633 5 634 0 635 5 636 0 637 5 638 0 639 5 640 0 641 5 642 5 643 5 644 5 645 5 646 5 647 5 648 5 649 5 650 5 651 5 652 5 653 5 654 5 655 5 656 5 657 5 658 0 659 5 660 0 661 5 662 0 663 5 664 0 665 5 666 0 667 5 668 0 669 5 670 0 671 5 672 0 673 5 674 0 675 5 676 0 677 5 678 0 679 5 680 0 681 5 682 0 683 5 684 0 685 5 686 0 687 5 688 0 689 5 690 0 691 5 692 0 693 5 694 0 695 5 696 0 697 5 698 0 699 5 700 0 701 5 702 0 703 5 704 0 705 5 706 0 707 5 708 0 709 5 710 0 711 5 712 0 713 5 714 0 715 5 716 0 717 5 718 0 719 5 720 0 721 5 722 0 723 5 724 0 725 5 726 0 727 5 728 0 729 5 730 0 731 5 732 0 733 5 734 0 735 5 736 0 737 5 738 0 739 5 740 5 741 5 742 5 743 5 744 5 745 5 746 5 747 5 748 5 749 5 750 5 751 5 752 0 753 5 754 0 755 5 756 0 757 5 758 0 759 5 760 0 761 5 762 0 763 5 764 0 765 5 766 0 767 5 768 0 769 5 770 0 771 5 772 0 773 5 774 0 775 5 776 0 777 5 778 0 779 5 780 5 781 5 782 0 783 5 784 0 785 5 786 0 787 5 788 0 789 5 790 0 791 5 792 0 793 5 794 0 795 5 796 0 797 5 798 0 799 5 800 0 801 5 802 0 803 5 804 0 805 5 806 0 807 5 808 0 809 5 810 0 811 5 812 0 813 5 814 0 815 5 816 0 817 0 818 0 819 0 820 0 821 0 822 0 823 0 824 0 825 0 826 0 827 0 828 0 829 0 830 0 831 0 832 0 833 0 834 0 835 0 836 0 837 0 838 0 839 0 840 0 841 0 842 0 843 0 844 0 845 0 846 0 847 0 848 0 849 0 850 0 851 0 852 0 853 0 854 0 855 0 856 0 857 0 858 0 859 0 860 0 861 0 862 0 863 0 864 0 865 5 866 0 867 5 868 0 869 5 870 0 871 5 872 0 873 5 874 0 875 5 876 0 877 5 878 0 879 5 880 0 881 5 882 0 883 5 884 0 885 5 886 0 887 5 888 0 889 5 890 0 891 5 892 0 893 5 894 0 895 5 896 0 897 5 898 0 899 5 900 0 901 5 902 0 903 5 904 0 905 5 906 0 907 5 908 0 909 5 910 0 911 5 912 0 913 5 914 0 915 5 916 0 917 5 918 0 919 5 920 0 921 5 922 0 923 5 924 0 925 5 926 0 927 5 928 0 929 5 930 0 931 5 932 0 933 5 934 0 935 5 936 0 937 5 938 0 939 5 940 0 941 5 942 0 943 5 944 0 945 5 946 0 947 5 948 0 949 5 950 0 951 5 952 0 953 5 954 0 955 5 956 0 957 5 958 0 959 5 960 0 961 5 962 0 963 5 964 0 965 5 966 0 967 5 968 0 969 5 970 0 971 5 972 0 973 5 974 0 975 5 976 0 977 5 978 0 979 5 980 0 981 5 982 0 983 5 984 0 985 5 986 0 987 5 988 5 989 5 990 5 991 5 992 5 993 5 994 5 995 5 996 5 997 5 998 5 999 5 1000 5 1001 5 1002 5 1003 5 1004 5 1005 5 1006 5 1007 5 1008 5 1009 5 1010 5 1011 5 1012 5 1013 5 1014 5 1015 5 1016 5 1017 5 1018 5 1019 5 1020 5 1021 5 1022 5 1023 5 1024 5 1025 5 1026 5 1027 5 1028 5 1029 5 1030 5 1031 5 1032 5 1033 5 1034 5 1035 5 1036 5 1037 5 1038 5 1039 5 1040 5 1041 5 1042 5 1043 5 1044 5 1045 5 1046 5 1047 5 1048 5 1049 5 1050 5 1051 5 1052 5 1053 5 1054 5 1055 5 1056 5 1057 5 1058 0 1059 0 1060 0 1061 0 1062 0 1063 0 1064 0 1065 5 1066 0 1067 5 1068 0 1069 5 1070 0 1071 5 1072 0 1073 5 1074 5 1075 5 1076 5 1077 5 1078 5 1079 5 1080 0 1081 5 1082 0 1083 5 1084 0 1085 5 1086 0 1087 5 1088 0 1089 5 1090 0 1091 5 1092 0 1093 5 1094 0 1095 5 1096 5 1097 5 1098 0 1099 5 1100 0 1101 5 1102 0 1103 0 1104 0 1105 0 1106 0 1107 0 1108 0 1109 0 1110 0 1111 0 1112 0 1113 0 1114 0 1115 0 1116 5 1117 0 1118 5 1119 0 1120 5 1121 0 1122 5 1123 0 1124 5 1125 0 1126 5 1127 5 1128 5 1129 0 1130 0 1131 0 1132 0 1133 0 1134 0 1135 5 1136 5 1137 5 1138 5 1139 5 1140 5 1141 5 1142 5 1143 5 1144 5 1145 5 1146 5 1147 5 1148 5 1149 0 1150 0 1151 0 1152 0 1153 0 1154 0 1155 0 1156 0 1157 0 1158 0 1159 0 1160 0 1161 0 1162 0 1163 0 1164 0 1165 5 1166 5 1167 5 1168 5 1169 5 1170 5 1171 5 1172 5 1173 5 1174 5 1175 0 1176 5 1177 0 1178 5 1179 0 1180 0 1181 0 1182 5 1183 0 1184 5 1185 0 1186 5 1187 0 1188 5 1189 0 1190 5 1191 0 1192 5 1193 0 1194 5 1195 0 1196 5 1197 0 1198 5 1199 0 1200 5 1201 0 1202 5 1203 0 1204 5 1205 0 1206 5 1207 0 1208 5 1209 5 1210 5 1211 5 1212 5 1213 5 1214 0 1215 5 1216 0 1217 5 1218 0 1219 5 1220 0 1221 5 1222 0 1223 5 1224 0 1225 5 1226 0 1227 5 1228 0 1229 5 1230 0 1231 5 1232 0 1233 5 1234 0 1235 5 1236 0 1237 5 1238 0 1239 5 1240 0 1241 5 1242 0 1243 5 1244 5 1245 5 1246 5 1247 5 1248 5 1249 0 1250 5 1251 5 1252 5 1253 5 1254 5 1255 5 1256 0 1257 5 1258 0 1259 5 1260 5 1261 5 1262 0 1263 5 1264</v>
        </vertex_weights>
      </skin>
    </controller>
  </library_controllers>
  <library_animations>
    <animation id="action_container-fob_h_sniperrifle_diamond_qc_skeleton" name="fob_h_sniperrifle_diamond.qc_skeleton"/>
  </library_animations>
  <library_visual_scenes>
    <visual_scene id="fob_h_sniperrifle_diamond_qc" name="fob_h_sniperrifle_diamond.qc">
      <node id="fob_h_sniperrifle_diamond_qc_skeleton" name="fob_h_sniperrifle_diamond.qc_skeleton" type="NODE">
        <matrix sid="transform">1 0 0 0 0 1 0 0 0 0 1 0 0 0 0 1</matrix>
        <node id="fob_h_sniperrifle_diamond_qc_skeleton_weapon_bone" name="weapon_bone" sid="weapon_bone" type="JOINT">
          <matrix sid="transform">1 0 0 0 0 1 0 0 0 0 1 0 0 0 0 1</matrix>
          <node id="fob_h_sniperrifle_diamond_qc_skeleton_vm_weapon_bone" name="vm_weapon_bone" sid="vm_weapon_bone" type="JOINT">
            <matrix sid="transform">1 0 0 -5.6e-5 0 1 0 3.796269 0 0 1 2.333208 0 0 0 1</matrix>
            <extra>
              <technique profile="blender">
                <layer sid="layer" type="string">0</layer>
                <tip_x sid="tip_x" type="float">0</tip_x>
                <tip_y sid="tip_y" type="float">0.09512662</tip_y>
                <tip_z sid="tip_z" type="float">0</tip_z>
              </technique>
            </extra>
          </node>
          <node id="fob_h_sniperrifle_diamond_qc_skeleton_vm_weapon_bone_3" name="vm_weapon_bone_3" sid="vm_weapon_bone_3" type="JOINT">
            <matrix sid="transform">0.9834209 -0.07670341 -0.1643172 4.150186 0.06640113 0.9955203 -0.06730612 14.35032 0.1687437 0.05527939 0.9841086 5.632542 0 0 0 1</matrix>
            <extra>
              <technique profile="blender">
                <layer sid="layer" type="string">0</layer>
                <roll sid="roll" type="float">-0.1676891</roll>
                <tip_x sid="tip_x" type="float">-0.007296562</tip_x>
                <tip_y sid="tip_y" type="float">0.09470081</tip_y>
                <tip_z sid="tip_z" type="float">0.00525856</tip_z>
              </technique>
            </extra>
          </node>
          <node id="fob_h_sniperrifle_diamond_qc_skeleton_vm_weapon_bone_2" name="vm_weapon_bone_2" sid="vm_weapon_bone_2" type="JOINT">
            <matrix sid="transform">1 0 0 0 0 0.9999999 0 12.2902 0 0 1 20.26597 0 0 0 1</matrix>
            <extra>
              <technique profile="blender">
                <layer sid="layer" type="string">0</layer>
                <tip_x sid="tip_x" type="float">0</tip_x>
                <tip_y sid="tip_y" type="float">0.09512615</tip_y>
                <tip_z sid="tip_z" type="float">0</tip_z>
              </technique>
            </extra>
          </node>
          <node id="fob_h_sniperrifle_diamond_qc_skeleton_vm_weapon_bone_1" name="vm_weapon_bone_1" sid="vm_weapon_bone_1" type="JOINT">
            <matrix sid="transform">-1 -3.25841e-7 -1.50996e-7 0 -3.25841e-7 1 -4.92007e-14 3.796269 1.50996e-7 0 -1 6.802701 0 0 0 1</matrix>
            <extra>
              <technique profile="blender">
                <layer sid="layer" type="string">0</layer>
                <roll sid="roll" type="float">3.141593</roll>
                <tip_x sid="tip_x" type="float">0</tip_x>
                <tip_y sid="tip_y" type="float">0.09512662</tip_y>
                <tip_z sid="tip_z" type="float">0</tip_z>
              </technique>
            </extra>
          </node>
          <node id="fob_h_sniperrifle_diamond_qc_skeleton_chain4" name="chain4" sid="chain4" type="JOINT">
            <matrix sid="transform">0.9989201 0.04646116 -3.88813e-7 0.023469 0.002786874 -0.05992651 -0.9981989 -3.467713 -0.0463775 0.997121 -0.05999131 31.23561 0 0 0 1</matrix>
            <node id="fob_h_sniperrifle_diamond_qc_skeleton_fob" name="fob" sid="fob" type="JOINT">
              <matrix sid="transform">0.999952 0.001034744 0.009760568 -0.007348537 0.001036506 0.9777351 -0.2098409 0.1579917 -0.009760382 0.2098409 0.9776869 3.869538 0 0 0 1</matrix>
              <extra>
                <technique profile="blender">
                  <layer sid="layer" type="string">0</layer>
                  <roll sid="roll" type="float">0.06118512</roll>
                  <tip_x sid="tip_x" type="float">0.004419624</tip_x>
                  <tip_y sid="tip_y" type="float">-0.02549934</tip_y>
                  <tip_z sid="tip_z" type="float">0.09153938</tip_z>
                </technique>
              </extra>
            </node>
            <extra>
              <technique profile="blender">
                <layer sid="layer" type="string">0</layer>
                <roll sid="roll" type="float">0.04935348</roll>
                <tip_x sid="tip_x" type="float">0.004419624</tip_x>
                <tip_y sid="tip_y" type="float">-0.005700588</tip_y>
                <tip_z sid="tip_z" type="float">0.09485244</tip_z>
              </technique>
            </extra>
          </node>
          <extra>
            <technique profile="blender">
              <layer sid="layer" type="string">0</layer>
              <tip_x sid="tip_x" type="float">0</tip_x>
              <tip_y sid="tip_y" type="float">0.09512656</tip_y>
              <tip_z sid="tip_z" type="float">0</tip_z>
            </technique>
          </extra>
        </node>
        <node id="fob_h_sniperrifle_diamond" name="fob_h_sniperrifle_diamond" type="NODE">
          <matrix sid="transform">1 0 0 0 0 1 0 0 0 0 1 0 0 0 0 1</matrix>
          <instance_controller url="#fob_h_sniperrifle_diamond_qc_skeleton_fob_h_sniperrifle_diamond-skin">
            <skeleton>#fob_h_sniperrifle_diamond_qc_skeleton_weapon_bone</skeleton>
            <bind_material>
              <technique_common>
                <instance_material symbol="fob_diamond-material" target="#fob_diamond-material">
                  <bind_vertex_input semantic="UVMap" input_semantic="TEXCOORD" input_set="0"/>
                </instance_material>
                <instance_material symbol="fob_diamond_top-material" target="#fob_diamond_top-material">
                  <bind_vertex_input semantic="UVMap" input_semantic="TEXCOORD" input_set="0"/>
                </instance_material>
                <instance_material symbol="chain_sniper-material" target="#chain_sniper-material">
                  <bind_vertex_input semantic="UVMap" input_semantic="TEXCOORD" input_set="0"/>
                </instance_material>
              </technique_common>
            </bind_material>
          </instance_controller>
        </node>
      </node>
    </visual_scene>
  </library_visual_scenes>
  <scene>
    <instance_visual_scene url="#fob_h_sniperrifle_diamond_qc"/>
  </scene>
</COLLADA>