<?xml version="1.0" encoding="utf-8"?>
<COLLADA xmlns="http://www.collada.org/2005/11/COLLADASchema" version="1.4.1" xmlns:xsi="http://www.w3.org/2001/XMLSchema-instance">
  <asset>
    <contributor>
      <author>Blender User</author>
      <authoring_tool>Blender 2.90.1 commit date:2020-09-23, commit time:06:43, hash:3e85bb34d0d7</authoring_tool>
    </contributor>
    <created>2024-03-01T16:50:09</created>
    <modified>2024-03-01T16:50:09</modified>
    <unit name="meter" meter="1"/>
    <up_axis>Z_UP</up_axis>
  </asset>
  <library_effects>
    <effect id="xms_colored_lights_white-effect">
      <profile_COMMON>
        <newparam sid="xms_coloredlights_white_anim_0_png-surface">
          <surface type="2D">
            <init_from>xms_coloredlights_white_anim_0_png</init_from>
          </surface>
        </newparam>
        <newparam sid="xms_coloredlights_white_anim_0_png-sampler">
          <sampler2D>
            <source>xms_coloredlights_white_anim_0_png-surface</source>
          </sampler2D>
        </newparam>
        <technique sid="common">
          <lambert>
            <emission>
              <color sid="emission">0 0 0 1</color>
            </emission>
            <diffuse>
              <texture texture="xms_coloredlights_white_anim_0_png-sampler" texcoord="UVMap"/>
            </diffuse>
            <index_of_refraction>
              <float sid="ior">1.45</float>
            </index_of_refraction>
          </lambert>
        </technique>
      </profile_COMMON>
    </effect>
  </library_effects>
  <library_images>
    <image id="xms_coloredlights_white_anim_0_png" name="xms_coloredlights_white_anim_0_png">
      <init_from>xms_coloredlights_white_anim/xms_coloredlights_white_anim_0.png</init_from>
    </image>
  </library_images>
  <library_materials>
    <material id="xms_colored_lights_white-material" name="xms_colored_lights_white">
      <instance_effect url="#xms_colored_lights_white-effect"/>
    </material>
  </library_materials>
  <library_geometries>
    <geometry id="c_stickybomb_launcher_xmas-mesh" name="c_stickybomb_launcher_xmas">
      <mesh>
        <source id="c_stickybomb_launcher_xmas-mesh-positions">
          <float_array id="c_stickybomb_launcher_xmas-mesh-positions-array" count="6570">7.108541 1.55516 8.193325 5.8311 0.628372 6.276278 5.807904 0.640522 8.185111 7.131735 1.543013 6.284495 10.35241 -1.899567 8.051197 10.32129 -1.777002 8.03071 10.59515 -1.745607 8.203045 10.28158 -1.703851 8.128097 10.27299 -1.753278 8.245977 10.17884 -1.618756 8.09567 10.25312 -1.755607 7.913468 10.31135 -1.984912 7.951797 10.34382 -1.948993 8.169076 10.30411 -1.875848 8.266467 10.221 -1.94053 8.354538 10.29528 -2.077381 8.172336 10.21772 -2.074409 7.855802 10.13639 -1.754159 7.80227 10.19527 -2.203549 8.163804 10.09153 -2.012424 8.418267 10.16278 -1.711218 8.316205 10.01022 -1.692166 8.364732 9.824375 -1.725023 8.354165 9.913168 -2.074757 8.412629 10.02647 -2.283468 8.134742 10.05096 -2.142449 7.798396 9.962172 -1.792715 7.739932 10.03265 -1.563034 8.056733 9.848871 -1.584004 8.017819 8.463623 -1.900708 7.741954 8.708638 -2.577745 7.475935 8.600985 -2.153741 7.405056 8.67894 -2.748716 7.883714 8.541577 -2.495677 8.220608 8.433923 -2.071672 8.149728 8.550345 -2.19669 7.467723 8.437044 -1.987977 7.745608 8.412534 -2.128999 8.081954 8.501342 -2.478732 8.140419 8.614643 -2.687443 7.862535 8.639137 -2.546424 7.526187 8.45378 -2.813137 7.840297 8.375804 -2.218175 7.361644 8.483455 -2.64218 7.432523 8.23844 -1.965142 7.698541 8.208741 -2.136106 8.106316 8.316394 -2.560112 8.177195 7.639216 -2.216267 7.591786 7.703515 -2.70702 7.986597 7.61472 -2.357284 7.928133 7.816815 -2.915733 7.708711 7.841311 -2.774714 7.372365 7.752517 -2.424979 7.313901 9.729254 -0.408516 6.286086 9.782341 -0.433434 6.135909 9.639795 -0.308783 5.988989 9.530173 -0.234428 6.080899 9.383508 -0.232023 6.200112 9.600911 -0.422135 6.424186 9.201941 -0.403123 5.932949 9.648731 -0.466967 5.832621 9.712368 -0.406998 5.926245 9.955064 -0.488678 5.725974 9.788557 -0.473629 6.004781 9.805835 -0.670275 6.107662 9.762065 -0.739288 6.246634 9.63674 -0.78335 6.381108 9.455173 -0.95445 6.113946 9.595796 -0.895972 6.001996 9.237771 -0.764338 5.889873 9.396722 -0.721877 5.7968 9.363905 -0.391113 5.836259 9.520743 -0.420973 5.813822 9.661293 -0.593557 5.817514 9.686782 -0.782465 5.932496 9.54424 -0.657807 5.785566 9.737482 -0.660188 5.89605 9.801114 -0.600223 5.989684 8.05156 -0.627643 6.858564 8.233127 -0.456541 7.125728 8.450519 -0.646655 7.349811 8.486359 -1.007871 7.306722 8.304793 -1.178972 7.03956 8.08739 -0.988859 6.815486 8.465336 -2.221015 7.451337 8.352046 -2.012297 7.729219 8.32754 -2.153321 8.065568 8.416345 -2.503051 8.12403 8.529645 -2.711764 7.846145 8.554141 -2.570745 7.509797 8.26254 -0.372609 7.105088 8.085857 -1.017968 6.72896 8.042417 -0.580044 6.781188 8.34943 -1.248459 7.000621 8.569552 -1.041017 7.324519 8.526109 -0.603092 7.376748 7.858937 -0.615857 6.928823 8.079061 -0.408421 7.252723 8.34263 -0.638904 7.524384 8.38607 -1.07683 7.472155 8.165962 -1.284259 7.148238 7.902376 -1.053782 6.876595 -7.561643 -2.469729 12.1261 -7.662629 -2.508795 12.24555 -7.557075 -2.444942 12.45103 -7.414223 -2.38055 12.41308 -7.238721 -2.388389 12.34332 -7.399706 -2.485777 12.02993 -7.178647 -2.638245 12.60329 -7.638469 -2.622573 12.55769 -7.659529 -2.535004 12.46658 -7.962447 -2.597263 12.56682 -7.715944 -2.569138 12.35674 -7.728789 -2.736476 12.21051 -7.654043 -2.787709 12.07716 -7.500607 -2.83302 11.97649 -7.599023 -3.016509 12.31521 -7.440531 -3.082877 12.23645 -7.279546 -2.98549 12.54985 -7.451614 -2.927326 12.6022 -7.359208 -2.609354 12.65112 -7.517681 -2.608772 12.62148 -7.673838 -2.744268 12.53896 -7.689394 -2.900304 12.38095 -7.583845 -2.836446 12.58645 -7.730253 -2.778402 12.42913 -7.751307 -2.690835 12.33802 -5.841241 -2.935372 12.00863 -5.901317 -2.685514 11.74867 -6.062289 -2.782903 11.43527 -6.163203 -3.130148 11.38184 -6.103128 -3.380005 11.6418 -5.942142 -3.282618 11.95519 7.583046 -0.583421 7.648796 7.836279 -1.134749 7.829792 7.800449 -0.773532 7.87287 7.654712 -1.305851 7.562629 7.43731 -1.115739 7.338555 7.40148 -0.754523 7.381634 -5.63679 -2.952521 11.99947 -5.92293 -2.602212 11.77915 -5.850098 -2.905127 12.09432 -5.70962 -2.649603 11.6843 -6.118101 -2.720278 11.39921 -5.90479 -2.76767 11.30436 -6.240433 -3.141266 11.33442 -6.027122 -3.188658 11.23957 -5.954309 -3.491568 11.55475 -6.167603 -3.444187 11.64959 -5.972429 -3.326116 12.02954 -5.759119 -3.373508 11.93469 7.982296 -0.641164 6.914298 8.163869 -0.470058 7.181453 8.381265 -0.660173 7.405536 8.4171 -1.021386 7.362447 8.235535 -1.192488 7.095284 8.018133 -1.002376 6.871211 -1.121164 -9.60294 12.51608 -1.951262 -10.60911 13.33016 -1.646564 -10.79378 13.24848 -1.425861 -9.418266 12.59777 -2.238445 -10.62129 13.10435 -1.713042 -9.430433 12.37195 -1.695534 -9.62729 12.06445 -2.220935 -10.81813 12.79684 -1.390838 -9.811964 11.98276 -1.916237 -11.0028 12.71515 -1.629053 -10.99063 12.94097 -1.103653 -9.799786 12.20857 -0.99329 -9.448748 12.47079 -1.446489 -9.414788 12.68664 -1.077086 -9.638682 12.58761 -1.362694 -9.224851 12.56983 -1.794661 -9.42955 12.41287 -1.710866 -9.239614 12.29606 -1.773431 -9.6682 12.04006 -1.689634 -9.478265 11.92324 -1.320237 -9.702178 11.82423 -1.404031 -9.892098 11.94102 -1.055856 -9.877331 12.2148 -0.97206 -9.687396 12.09798 -5.085474 -3.103281 11.67259 -5.306534 -2.950808 11.09923 -5.145549 -2.853423 11.41263 -5.407436 -3.298055 11.04579 -5.347361 -3.547915 11.30575 -5.186376 -3.450527 11.61915 -0.819538 -8.914556 12.09885 -1.394229 -9.346571 12.55368 -1.089532 -9.531241 12.47198 -1.124235 -8.72988 12.18054 -1.411421 -8.742058 11.95473 -1.681414 -9.358742 12.32786 -1.393909 -8.938904 11.64722 -1.663904 -9.555595 12.02036 -1.089211 -9.123579 11.56553 -1.359205 -9.740272 11.93867 -1.072021 -9.728092 12.16448 -0.802027 -9.1114 11.79134 9.389853 -1.380646 12.19773 9.490304 -1.649334 11.97116 9.666833 -1.590653 12.0047 9.564064 -1.575075 11.62093 9.734369 -1.522658 11.68398 9.537361 -1.232134 11.49726 9.709925 -1.208614 11.57074 9.833076 -1.432002 11.7736 9.815577 -1.207135 11.69251 9.43691 -0.963445 11.72383 9.83456 -1.122867 11.89767 9.808716 -1.148886 12.02042 10.13034 -1.195359 12.01145 9.869773 -1.217027 11.81827 9.879125 -1.33722 11.86161 9.784721 -1.480687 12.00324 9.574845 -1.344612 12.21217 9.36315 -1.037705 12.07406 9.550391 -1.030575 12.09893 9.617928 -0.96258 11.77821 9.749704 -1.030971 11.84107 9.701347 -1.079657 12.07071 9.81807 -1.26908 12.06376 9.853273 -1.363246 11.98436 9.718856 -1.304515 12.15179 8.00521 -1.201862 11.37177 7.931451 -1.276121 11.722 7.95814 -1.619064 11.84567 8.058607 -1.887751 11.6191 8.132366 -1.813494 11.26887 8.105663 -1.470551 11.1452 -5.760717 -2.953264 11.97282 -5.820799 -2.703402 11.71287 -5.981777 -2.800792 11.39947 -6.082685 -3.148034 11.34604 -6.022611 -3.397893 11.606 -5.861625 -3.300505 11.91939 -6.941888 -6.313534 12.97941 -7.005154 -6.268224 12.87765 -7.234442 -6.449279 13.02024 -7.037942 -6.347172 12.78224 -7.007443 -6.471437 12.78858 -6.843768 -6.229567 13.02602 -6.911389 -6.437799 12.98575 -6.944167 -6.516751 12.89034 -6.848046 -6.609759 12.85938 -6.786711 -6.462053 13.03788 -6.706225 -6.146235 13.03743 -6.962137 -6.144795 12.83564 -6.871541 -6.027841 12.77155 -7.023471 -6.292502 12.65713 -6.966424 -6.524983 12.669 -6.712202 -6.677208 12.8047 -6.626543 -6.470921 13.05401 -6.536188 -6.091807 12.97534 -6.716736 -5.962512 12.68499 -6.957198 -6.234128 12.52225 -6.877529 -6.558813 12.53883 -6.449184 -6.446373 12.99344 -6.542716 -6.671648 12.72119 -6.723263 -6.542354 12.43084 -6.810266 -6.187788 12.41274 -2.015388 -10.7744 13.3957 -2.27837 -10.78555 13.18892 -2.262333 -10.96581 12.90733 -1.983316 -11.13491 12.83252 -1.720337 -11.12376 13.03931 -1.736372 -10.9435 13.32089 -1.856862 -11.0505 13.32603 -1.84538 -11.17957 13.12441 -2.244946 -10.9374 13.23154 -2.056645 -10.92942 13.3796 -2.233464 -11.06647 13.02991 -2.033681 -11.18755 12.97634 -2.067175 -11.19128 13.10944 -2.173962 -11.12655 13.13807 -2.180099 -11.05756 13.24584 -2.07945 -11.0533 13.32499 -1.972664 -11.11802 13.29635 -2.178422 -11.36052 13.36373 -1.966527 -11.18701 13.18859 7.817269 -1.159391 11.30069 7.956195 -1.21139 11.78145 8.045619 -1.121361 11.35684 7.727842 -1.249421 11.7253 7.988565 -1.627159 11.93138 7.760214 -1.665189 11.87523 8.110354 -1.952907 11.6567 7.882001 -1.990938 11.60054 7.971448 -1.9009 11.17594 8.199779 -1.862884 11.23209 8.167406 -1.447108 11.08216 7.939054 -1.485139 11.02601 7.179698 -1.335578 11.17282 7.845257 -1.290473 11.70081 7.919007 -1.216222 11.35057 7.105938 -1.409835 11.52306 7.132641 -1.752777 11.64672 7.87195 -1.63342 11.82448 7.233093 -2.021466 11.42016 7.972412 -1.902103 11.59791 7.306852 -1.947208 11.06992 8.046173 -1.827846 11.24767 8.019469 -1.484904 11.12401 7.280149 -1.604267 10.94626 9.406208 -6.225366 11.85308 9.50452 -6.352815 11.86226 9.512874 -6.451456 11.64398 9.417874 -6.363128 11.54824 9.250589 -6.294057 11.49371 9.237847 -6.143617 11.82661 9.154936 -6.643807 11.44742 9.521955 -6.657287 11.72827 9.555487 -6.534715 11.74449 9.80014 -6.68831 11.89361 9.551014 -6.481988 11.86116 9.433441 -6.483493 12.05018 9.30694 -6.407874 12.11553 9.129439 -6.342919 12.11321 9.033784 -6.692668 12.06692 9.219338 -6.728143 12.07314 9.046527 -6.843109 11.73402 9.231018 -6.865909 11.7683 9.330274 -6.683398 11.50585 9.450149 -6.680777 11.61363 9.483972 -6.72714 11.82871 9.370714 -6.712814 12.01982 9.379079 -6.811459 11.80155 9.479499 -6.674413 11.94538 9.513022 -6.551836 11.96161 7.74209 -6.225193 11.20414 7.837746 -5.875442 11.25044 7.82499 -5.724996 11.58333 7.716595 -5.924305 11.86994 7.62094 -6.274054 11.82365 7.633682 -6.424495 11.49075 7.564926 -6.203846 11.10248 7.906235 -5.84659 11.1974 7.790269 -6.270614 11.14128 7.680891 -5.77982 11.15861 7.890785 -5.664199 11.60099 7.665441 -5.597429 11.5622 7.759358 -5.905828 11.94847 7.534014 -5.839059 11.90967 7.41807 -6.263091 11.85354 7.643391 -6.329853 11.89235 7.658841 -6.512242 11.48875 7.433496 -6.445474 11.44995 -5.771315 -5.911864 7.524624 -7.075447 -6.598185 7.086034 -7.182168 -6.36997 7.350886 -5.664596 -6.140079 7.259769 -6.97473 -6.939718 7.168654 -5.563865 -6.481607 7.342391 -5.569867 -6.594932 7.689867 -6.980718 -7.053037 7.516129 -5.676585 -6.366718 7.95472 -7.087437 -6.824822 7.780982 -7.188155 -6.48329 7.69836 -5.777303 -6.025185 7.8721 -5.613086 -5.781017 7.529199 -5.708728 -6.130757 7.18039 -5.838112 -5.854079 7.501486 -5.483701 -6.057695 7.208101 -5.586619 -6.544819 7.280554 -5.361591 -6.471756 7.308266 -5.593883 -6.682205 7.701822 -5.368855 -6.609141 7.729533 -5.498262 -6.332466 8.050626 -5.723266 -6.40553 8.022924 -5.845375 -5.991464 7.922753 -5.620347 -5.918401 7.950465 -7.595511 -2.39486 8.20845 -7.504037 -2.235049 7.892683 -7.688686 -2.198404 7.875577 -7.541552 -2.417261 7.578025 -7.72303 -2.365258 7.587439 -7.670528 -2.759282 7.579139 -7.841147 -2.678454 7.588459 -7.868153 -2.361095 7.657544 -7.952731 -2.585354 7.658273 -7.762003 -2.919094 7.894906 -8.04789 -2.557653 7.857596 -8.034751 -2.493796 7.967873 -8.281095 -2.332886 7.82965 -8.015843 -2.501646 7.74693 -7.970632 -2.381779 7.74654 -7.843563 -2.241624 7.863858 -7.772447 -2.344744 8.164733 -7.724487 -2.736881 8.209564 -7.890551 -2.657942 8.165752 -7.924896 -2.824795 7.877613 -8.012696 -2.690136 7.865314 -7.988105 -2.570664 8.071628 -7.989542 -2.373928 7.967484 -7.957482 -2.317919 7.856818 -7.903539 -2.346408 8.070899 -6.370372 -3.443445 8.032641 -6.332858 -3.261233 8.347299 -6.203869 -2.919216 8.346189 -6.112408 -2.7594 8.030418 -6.149921 -2.94161 7.71576 -6.278898 -3.283633 7.716873 -6.220591 -3.582829 8.050413 -6.397069 -3.278295 8.409923 -6.442552 -3.499202 8.028444 -6.175106 -3.361923 8.431894 -6.240701 -2.863641 8.408577 -6.018739 -2.947269 8.430547 -6.129804 -2.669891 8.025751 -5.907841 -2.75352 8.047718 -5.953349 -2.974422 7.666237 -6.175285 -2.890792 7.644267 -6.331655 -3.305452 7.645618 -6.109692 -3.389081 7.667586 -5.570583 -3.747082 8.116742 -6.249077 -3.292802 8.355592 -6.28658 -3.475012 8.040934 -5.533069 -3.564871 8.431401 -5.404093 -3.222848 8.430291 -6.12009 -2.95078 8.354481 -5.312619 -3.063037 8.114521 -6.028627 -2.790968 8.038714 -5.350132 -3.245249 7.799861 -6.066141 -2.97318 7.724051 -6.195117 -3.315202 7.725165 -5.479109 -3.58727 7.800974 -3.927179 -10.62385 6.66815 -3.682336 -10.85202 6.662742 -3.817447 -10.92831 6.706535 -3.61137 -11.02793 6.938543 -3.766633 -11.05427 6.904017 -3.655919 -10.86131 7.296779 -3.466047 -10.9184 6.989688 -3.543552 -10.72632 6.688504 -3.810925 -10.47713 6.69441 -4.000795 -10.42004 7.0015 -3.967461 -11.0142 6.991282 -4.06117 -10.92687 6.993353 -4.19134 -11.15599 6.802981 -3.900922 -11.03422 6.883658 -3.928081 -10.96689 6.778102 -3.992761 -10.76493 6.710408 -4.101048 -10.57156 6.94936 -3.92329 -10.61212 7.302685 -4.030073 -10.74745 7.225162 -3.78523 -10.97564 7.219749 -3.891121 -11.01682 7.105366 -4.066435 -10.85344 7.109241 -4.088329 -10.85955 6.887797 -4.021785 -10.87956 6.780172 -4.117255 -10.7275 6.911761 6.943689 -5.988631 11.06667 7.026603 -5.488439 11.44586 7.039345 -5.638881 11.11297 6.918194 -5.687743 11.73247 6.822539 -6.037494 11.68618 6.835282 -6.187934 11.35328 -2.672611 -9.81604 7.710387 -2.939985 -9.566851 7.716294 -3.017481 -9.374757 7.415114 -2.827616 -9.431862 7.108016 -2.560245 -9.681053 7.10211 -2.482739 -9.873135 7.403295 7.657022 -6.199986 11.1895 7.752687 -5.85024 11.23579 7.739934 -5.699794 11.56869 7.631536 -5.899103 11.85529 7.535882 -6.248853 11.809 7.548624 -6.399294 11.4761 6.086413 -10.55709 11.81734 6.1617 -10.48558 11.74231 6.381349 -10.66558 11.90055 6.236109 -10.39498 11.79394 6.235216 -10.37587 11.92062 6.242614 -10.27939 11.72014 6.103409 -10.4489 11.62354 5.962554 -10.58267 11.76391 6.08552 -10.53798 11.94402 6.159923 -10.44737 11.99565 6.100091 -10.37742 12.09751 5.960886 -10.54693 12.00091 5.811231 -10.56313 11.71184 6.00795 -10.3763 11.51579 5.808903 -10.51321 12.04282 6.003315 -10.27647 12.17774 6.240954 -10.24365 11.95713 6.200045 -10.08965 11.98169 6.080282 -9.943594 11.9744 5.865446 -10.14761 12.1885 5.653147 -10.40614 12.04116 5.65568 -10.46064 11.67972 5.870519 -10.25663 11.46562 6.202362 -10.13956 11.65071 6.082816 -9.998101 11.61296 -2.530966 -9.723756 7.827 -3.01195 -9.588365 7.768196 -2.6878 -9.890474 7.761036 -2.855117 -9.421646 7.834163 -3.105916 -9.355489 7.403053 -2.949081 -9.188769 7.469019 -2.875723 -9.424712 7.030746 -2.718888 -9.257991 7.096711 -2.394753 -9.56012 7.089548 -2.55157 -9.726819 7.023578 -2.457606 -9.959696 7.388729 -2.300773 -9.792976 7.454694 -1.242055 -9.579425 7.479724 -2.858234 -8.45017 7.39108 -1.195525 -9.459337 7.408698 -2.947215 -8.54866 7.461496 -3.985587 -7.275128 7.402586 -4.10197 -7.34673 7.472794 -4.717677 -6.036873 7.417912 -5.453608 -3.358677 7.879416 -5.318777 -3.296224 7.829254 -5.307514 -3.512844 7.640635 -5.442521 -3.569647 7.698363 -5.104972 -4.809633 7.42707 -5.240232 -4.855184 7.495694 -4.848287 -6.08765 7.487836 -4.880739 -6.111097 7.639403 -4.132323 -7.366922 7.626769 -2.971118 -8.574934 7.61577 -1.256503 -9.610799 7.634129 1.328475 -10.05575 7.540446 1.324769 -9.927791 7.468487 1.317594 -9.788199 7.504188 1.325684 -10.08841 7.695071 -5.476722 -3.470337 7.972136 -5.46641 -3.664691 7.809587 -5.269734 -4.900125 7.640003 -2.762168 -8.343687 7.4285 -1.146924 -9.328946 7.445432 1.310845 -9.72356 7.645628 1.318936 -10.02377 7.836513 -1.236358 -9.551091 7.776063 1.311761 -9.884178 7.872212 -1.187756 -9.420699 7.812798 1.308054 -9.756214 7.800254 -1.141226 -9.300611 7.741772 -1.126778 -9.269236 7.587367 -2.71878 -8.295426 7.570776 -3.801231 -7.164965 7.582084 -3.85917 -7.198627 7.440025 -4.50734 -5.978305 7.59286 -4.574461 -5.99027 7.453705 -4.878347 -4.808325 7.589253 -4.953216 -4.787865 7.458477 -5.069406 -3.594789 7.755272 -2.742683 -8.321701 7.725051 -2.831664 -8.42019 7.795468 -3.831583 -7.185157 7.736059 -4.539792 -6.001751 7.744428 -4.907849 -4.853265 7.733563 -5.093295 -3.689833 7.866497 -5.102494 -3.513328 8.013169 -5.079381 -3.401668 7.920448 -5.237326 -3.575781 8.063331 -5.228302 -3.746637 7.924223 -5.04311 -4.898816 7.802186 -4.670402 -6.052529 7.814352 -3.947967 -7.256759 7.806267 -4.074383 -7.333259 7.768827 -2.92773 -8.526675 7.758047 -4.813618 -6.099133 7.77856 -5.194867 -4.920585 7.77078 -5.384432 -3.741094 7.906327 -5.393877 -3.563685 8.051074 -5.382439 -3.453127 8.28401 -5.300965 -3.112187 11.01187 -5.465755 -3.345274 8.224259 -4.445288 -6.141207 11.38875 -4.66828 -5.03543 11.35131 -4.306303 -6.078425 11.38199 -4.819487 -5.065057 11.35372 -4.531633 -6.172638 11.51391 -4.914041 -5.065018 11.47354 -5.093293 -4.06813 11.32972 -5.191244 -4.029463 11.43714 -5.203732 -3.444804 11.25399 -5.299706 -3.367529 11.33677 -5.228304 -3.294285 11.15215 -5.321721 -3.199941 11.21821 -5.210418 -3.220937 10.96396 -5.225752 -3.470402 8.291558 -5.09114 -3.402552 8.25133 -5.068528 -3.27631 8.179696 -5.04693 -3.460544 11.26329 -4.916585 -3.328685 11.46063 -4.922777 -3.416318 11.34482 -4.945276 -3.261308 11.23337 -5.071533 -3.314284 11.16337 -5.053823 -3.243268 10.97607 -4.925391 -3.18126 11.03202 -4.912294 -3.058081 11.10468 -4.935774 -3.154971 11.32896 -5.012559 -3.25141 11.54341 -5.02919 -3.060627 11.39501 -5.169361 -3.23567 11.5341 -5.185962 -3.040628 11.38379 -5.002842 -2.94933 11.1526 -5.151845 -3.168457 8.119944 -5.159437 -2.927 11.14049 -5.312219 -3.093604 11.31379 -5.293515 -3.279896 11.45258 -5.06718 -3.943305 11.67521 -4.911334 -3.941764 11.67889 -4.813382 -3.980431 11.57147 -4.816194 -4.032173 11.42823 -4.937445 -4.066589 11.3334 -4.64144 -4.971821 11.72271 -4.550238 -4.99674 11.44858 -4.546885 -4.971859 11.6029 -4.193499 -6.011244 11.63571 -5.151384 -3.518385 7.658532 -5.162226 -3.308319 7.841511 -5.308532 -3.151182 8.112395 -5.287868 -2.989008 11.08454 -5.188431 -3.977722 11.58038 -4.910688 -5.040136 11.62785 -4.527809 -6.16103 11.67155 -3.750281 -7.306276 11.57805 -5.443144 -3.219032 8.152623 -3.747164 -7.296435 11.73645 -4.418829 -6.105456 11.76763 -4.792646 -5.001448 11.72512 -4.279844 -6.042674 11.76087 -3.540867 -7.120776 11.8226 -3.468968 -7.066741 11.69551 -2.288502 -8.09435 11.75273 -2.336323 -8.165887 11.88037 -2.414362 -8.290215 11.89015 -3.656522 -7.216641 11.83143 -4.197323 -6.022851 11.47806 -3.472086 -7.076581 11.53711 -2.291511 -8.105209 11.59437 -0.162418 -9.062834 11.76829 -0.177612 -9.145815 11.89604 -0.205578 -9.287734 11.90597 -2.476105 -8.392481 11.79593 -2.479114 -8.403342 11.63757 -0.229332 -9.403361 11.81186 2.377103 -9.350984 11.82964 2.349358 -9.210311 11.82078 2.328944 -9.127626 11.69368 -0.16603 -9.073506 11.60993 -2.353255 -8.207473 11.50014 -3.562728 -7.156376 11.44213 2.396194 -9.46523 11.73468 -0.232944 -9.414033 11.6535 2.39281 -9.475242 11.57627 -3.678383 -7.252241 11.45096 -2.431293 -8.331804 11.50992 -0.189785 -9.189132 11.51583 2.325561 -9.137639 11.53528 2.344652 -9.251886 11.44032 2.372396 -9.392557 11.44918 -0.21775 -9.331052 11.52575 -5.064723 -2.848078 10.72043 -5.202363 -3.391155 10.74839 -5.12894 -3.403008 10.74567 -5.197931 -2.841097 10.72954 -5.332335 -3.293315 10.75139 -5.32945 -2.934963 10.73911 -5.382534 -3.11424 10.74776 -5.037213 -2.486542 10.70265 -4.786949 -2.510029 10.68222 -4.823864 -3.735216 10.72702 -5.082381 -3.732353 10.7511 -4.867321 -5.881206 7.357951 -4.77259 -6.33606 7.788048 -4.766602 -6.222739 7.44057 -4.87931 -6.107845 8.052903 -4.980028 -5.766313 7.970281 -4.974039 -5.652992 7.622806 -4.799541 -2.503788 10.00192 -5.097054 -2.836641 10.04107 -5.048017 -2.48049 10.02224 -4.841869 -3.715476 10.04663 -5.134901 -3.385999 10.06281 -5.243943 -3.378259 10.06789 -5.239515 -2.828202 10.04903 -5.373916 -3.28042 10.07088 -5.37103 -2.922066 10.0586 -5.424114 -3.101343 10.06725 -5.098289 -3.712423 10.07055 -5.686365 -5.884285 7.535087 -5.579658 -6.112497 7.270229 -5.478928 -6.454032 7.352852 -5.484928 -6.567349 7.700325 -5.591647 -6.339137 7.96518 -5.692365 -5.997603 7.882559 -5.481331 -3.475792 8.543114 -5.537458 -3.298861 8.531017 -5.490481 -3.118714 8.511702 -5.362338 -3.021362 8.494362 -5.348292 -3.569464 8.542579 -5.22879 -3.02407 8.488518 -5.274643 -3.579183 8.538062 -4.95721 -3.89935 8.560608 -5.216712 -3.905491 8.566915 -4.924352 -2.678154 8.455891 -5.212989 -2.66258 8.459243 -5.155783 -3.801678 9.237221 -5.203467 -3.477751 9.209828 -5.183986 -2.92921 9.16061 -5.14649 -2.572434 9.130489 -4.859649 -2.587875 9.12721 -4.898374 -3.795796 9.231024 1.132831 -1.400996 18.27441 1.13708 -1.496233 18.38153 2.011691 -1.066937 18.55803 0.09141695 -1.445543 18.17371 -0.982287 -1.008565 17.95989 0.115618 -1.354147 18.07114 1.160379 -1.391883 18.12053 1.984496 -0.977345 18.44656 2.680326 -0.301598 18.75519 2.770426 -0.379253 18.78555 2.074328 -1.1694 18.57652 1.165712 -1.612856 18.39372 1.205218 -1.680783 18.28514 0.09426099 -1.633225 18.06711 1.232767 -1.671669 18.12851 0.11979 -1.629414 17.90874 1.228518 -1.576432 18.02042 0.1439909 -1.538018 17.80424 1.199885 -1.459809 18.00963 0.154173 -1.421962 17.80027 0.141147 -1.350336 17.91609 -0.928447 -0.929664 17.86515 -2.542371 0.680728 17.71468 -2.641773 0.649462 17.79503 2.081963 -1.012743 18.19078 2.1446 -1.115206 18.20908 2.171794 -1.204798 18.32049 2.139394 -1.222018 18.47209 2.857767 -0.40829 18.69156 3.217354 0.609564 19.0434 3.321316 0.609046 18.96021 3.409089 1.64903 19.34447 3.519029 1.678631 19.27165 3.308701 2.591121 19.68317 3.417003 2.649109 19.61949 2.952537 3.412859 20.02022 3.05367 3.496578 19.9643 2.498332 4.197135 20.26669 1.921841 4.80817 20.35636 1.890452 4.726879 20.48721 0.861221 4.980872 20.55217 0.890308 5.098753 20.64241 -0.910975 5.055102 20.65043 1.323149 4.926139 20.62875 1.278781 4.816819 20.53955 1.824922 4.603348 20.53228 1.76095 4.508029 20.44632 2.413602 4.091261 20.31635 2.3279 4.01631 20.23572 2.847948 3.363448 19.9468 3.194379 2.571225 19.61864 3.292413 1.661427 19.2903 3.108063 0.655838 19.00086 -1.456825 5.231332 20.89125 -1.373071 6.027368 21.63396 -1.412615 6.114758 21.50796 -1.497811 5.327165 20.77261 -1.367448 6.159182 21.37443 -1.460084 5.437802 20.69092 -1.324181 5.254225 20.45893 -1.23145 5.338417 20.49688 -1.062261 5.175849 20.30092 -0.990567 5.278292 20.35702 0.901742 5.179455 20.22981 0.930929 5.297336 20.32005 1.378756 5.118584 20.30474 1.395168 5.147434 20.45656 1.370624 5.061908 20.58648 -1.352448 5.495697 20.70531 -1.136745 5.340138 20.60163 -0.916768 5.293899 20.4764 0.941216 5.330826 20.47219 0.922826 5.242312 20.60137 -0.887418 5.195964 20.59532 -0.082183 6.517446 21.86548 -0.843764 6.223645 21.73359 -0.003056943 6.384076 21.89219 -0.930828 6.349652 21.714 -1.154155 6.087502 21.74474 -1.261589 6.188555 21.71753 -1.257616 5.944322 21.6708 -1.297813 6.27496 21.58982 -1.255037 6.303004 21.44601 -1.249949 6.124068 21.3169 -1.243627 5.478512 20.79255 -1.099951 5.242361 20.71943 -1.145221 6.243567 21.37449 -1.202641 5.382679 20.91119 -1.134494 6.041022 21.35373 -1.09495 5.953632 21.47973 -1.037787 6.142513 21.4017 -1.001563 6.056109 21.5294 -0.714449 6.141638 21.49939 1.210028 6.955639 21.99094 1.096954 6.719992 21.94338 1.007883 6.838342 21.89359 0.830314 6.599279 21.8264 1.080568 6.612295 22.05548 0.821493 6.496988 21.94489 0.984538 6.570965 22.16002 0.73751 6.467711 22.06564 0.152489 6.300705 21.67954 0.09470397 6.289229 21.82148 -0.752557 6.132768 21.65114 -1.044338 6.028065 21.67321 -1.140117 5.909208 21.61326 -1.240367 5.272042 20.99288 -1.131315 5.113344 20.78532 -0.982669 4.95266 20.59433 -1.224046 5.029152 20.74738 -1.348004 5.214147 20.97849 0.617288 6.544182 22.11224 0.854589 6.635123 22.18901 1.03623 6.725722 22.24834 1.172032 6.674954 22.24019 1.244589 6.877747 22.36367 1.372058 6.854367 22.40474 1.271741 6.955385 22.53157 1.355588 6.956114 22.62632 1.178687 6.982345 22.6774 1.20492 7.000587 22.81241 1.00852 6.995148 22.72378 0.986767 7.021812 22.87038 -0.490894 7.211218 22.74885 -0.574815 7.218752 22.88175 -1.047797 7.145954 22.66512 -1.064147 7.142489 22.82473 -0.659022 7.335645 22.93873 -1.111923 7.262896 22.91567 -0.698557 7.481847 22.90168 -1.158945 7.414663 22.91028 -1.171844 7.508631 22.77847 1.276714 6.729649 22.15533 1.475298 6.9373 22.36798 1.299483 6.84356 22.05143 1.423807 7.065245 22.64428 1.227184 7.128883 22.87232 0.975821 7.158268 22.94278 0.979769 7.313965 22.91439 -0.659633 7.569983 22.77603 0.998976 7.393539 22.7838 -0.575712 7.562449 22.64313 1.020729 7.366875 22.6372 -0.491505 7.445556 22.58615 1.031675 7.230419 22.5648 1.19245 7.346472 22.57641 1.170185 7.218176 22.5165 -1.155494 7.512095 22.61886 -1.107719 7.391688 22.52792 -1.060697 7.239922 22.53331 -0.45197 7.299354 22.62319 1.027727 7.074722 22.59319 1.16312 7.066069 22.55147 1.219514 7.045896 22.42297 1.238251 7.187675 22.36698 1.192669 7.10556 22.19691 1.295909 7.188493 22.16015 1.074226 7.006407 21.9991 1.306469 7.296807 22.38493 1.423378 7.165113 22.20121 1.164797 6.977758 22.27929 0.946775 6.837802 22.18785 0.765518 6.753473 22.13922 0.530812 6.668498 22.07184 0.781904 6.86117 22.02712 0.969545 6.951713 22.08395 -0.08871996 6.611909 21.73955 -0.919438 6.44626 21.43336 -0.957546 6.43739 21.58511 -0.030936 6.623384 21.59761 0.539633 6.770789 21.95335 0.623616 6.800066 21.83259 0.877934 6.902501 21.92258 0.743838 6.723594 21.786 0.06682497 6.528538 21.5269 -0.828231 6.355383 21.35091 -0.741167 6.229376 21.37051 0.145951 6.395168 21.5536 2.209419 4.222311 16.12545 1.327067 4.705262 16.44016 1.340655 4.796906 16.34565 1.389367 4.900904 16.34981 2.288997 4.305392 16.11534 2.825093 3.286738 15.9356 2.365204 4.340684 16.22519 2.911187 3.294216 16.03478 2.727069 3.236731 15.96018 2.995417 2.057921 15.78114 3.083217 2.032385 15.86858 2.797735 0.831921 15.62251 2.877572 0.77352 15.69732 1.448989 4.953463 16.46907 1.485956 4.934879 16.62117 2.397941 4.317102 16.37698 2.941365 3.262062 16.18478 3.110123 1.98984 16.01537 2.898107 0.720516 15.83951 2.290531 -0.264054 15.49174 2.22981 -0.178285 15.43028 2.145637 -0.118464 15.49717 2.697947 0.859597 15.67571 2.634658 0.846763 15.80781 2.827963 2.011144 15.94434 2.854869 1.968598 16.09113 2.655194 0.793759 15.95 2.0867 -0.112295 15.63597 2.095381 -0.174068 15.77224 0.369606 5.149994 16.89544 1.472368 4.843235 16.71569 2.357978 4.238281 16.48224 2.885622 3.203083 16.29998 3.047251 1.954072 16.13955 2.834818 0.707682 15.97162 2.299212 -0.325827 15.62801 1.318374 -0.86201 15.22258 1.289407 -0.759718 15.17498 1.231133 -0.680527 15.25488 1.179378 -0.662932 15.39902 1.307331 -0.929108 15.35164 0.142616 -1.051681 14.9318 0.1082 -1.119164 15.05158 0.06552499 -1.095738 15.19878 -1.129526 -0.925831 14.78355 1.255576 -0.911513 15.49578 2.240276 -0.319658 15.76681 0.388335 5.053566 16.97884 -0.734577 4.904896 17.23797 -0.786913 4.997052 17.16751 -1.736825 4.432848 17.413 -1.819405 4.510654 17.35603 -2.870499 2.72372 17.60564 0.327355 5.16533 16.74419 -0.834883 5.009063 17.01999 0.287923 5.104524 16.61674 -1.018311 -1.178699 17.67568 -1.043557 -1.178361 17.83511 0.08123499 -1.561599 18.17986 -1.031376 -1.111794 17.95617 -2.750083 0.598795 17.77055 -2.988018 2.743526 17.56503 -1.872911 4.517437 17.21405 -0.853611 4.947501 16.88349 -3.048427 2.729652 17.42503 -2.800096 0.557223 17.63731 -1.873513 4.46108 17.06702 -1.810608 4.365248 17.01904 -3.028754 2.694948 17.2744 -2.926048 2.657476 17.20877 -2.774578 0.545444 17.48359 -2.675176 0.576711 17.4013 -2.80853 2.63767 17.24968 -2.566866 0.627377 17.42569 0.276949 4.991561 16.59879 -0.825529 4.837327 16.84964 -1.728027 4.287442 17.0775 -2.748121 2.651545 17.39068 -2.516853 0.66895 17.56006 -0.903201 -0.930003 17.70977 -0.915383 -0.99657 17.58687 -0.964471 -1.099799 17.57995 -0.773194 4.745171 16.92077 -1.674521 4.280658 17.22368 0.295677 4.895133 16.68218 -0.725224 4.73316 17.06997 -1.673919 4.337016 17.36648 -2.767794 2.686248 17.54072 -0.706496 4.794722 17.20549 0.337928 4.879797 16.83343 2.701503 3.145599 16.22537 2.787597 3.153076 16.32456 2.278399 4.155201 16.49234 1.423656 4.739236 16.71152 0.37736 4.940603 16.96088 1.364034 4.686677 16.59226 2.169456 4.14349 16.2307 2.202193 4.119909 16.3825 2.671325 3.177752 16.07537 2.890835 2.046911 15.82015 -1.794242 4.347128 13.88357 -2.52985 3.615285 14.1825 -2.521341 3.580264 14.0317 -1.79023 4.387337 14.03075 -2.918128 2.654906 14.32155 -2.902212 2.623595 14.16818 -2.670647 0.652714 14.57367 -2.647242 0.625513 14.41946 -1.056149 -0.652147 14.91131 -1.021151 -0.677795 14.75961 -2.696984 0.569868 14.29791 -2.965145 2.613196 14.03455 -2.582131 3.589848 13.89309 -1.849658 4.370343 13.74142 -0.880631 4.867816 13.56862 -0.83282 4.836359 13.71378 -0.813529 4.881761 13.85733 -2.766438 0.628668 14.66904 -1.115065 -0.713581 15.02266 0.04586696 -0.900933 15.26113 0.08072 -0.833449 15.1405 0.124164 -0.856875 14.99189 -1.024729 -0.762747 14.6551 -1.071823 -0.864398 14.67307 -2.802352 0.515696 14.29298 -3.08211 2.634366 14.00875 -2.686965 3.646557 13.85681 -1.931182 4.45446 13.6953 -0.935287 4.971156 13.51405 0.232726 5.106772 13.29901 0.254669 4.992991 13.36202 0.294912 4.957628 13.50988 0.328162 5.0069 13.65001 0.151581 -0.943998 14.89917 -2.898143 0.491649 14.38794 -3.181978 2.670702 14.08713 -2.772469 3.712515 13.92352 -1.989845 4.544757 13.75281 -0.961922 5.079373 13.56308 0.2359369 5.225708 13.34073 1.524745 4.895226 13.04205 2.832087 3.998161 12.6259 1.491139 4.774283 13.00957 2.884485 4.045267 12.75817 1.566713 4.945747 13.17802 0.26561 5.275202 13.48086 -0.944444 5.124884 13.70675 -1.986164 4.584966 13.90084 -2.780915 3.747536 14.07569 -3.197894 2.702012 14.24065 -2.921548 0.518851 14.54172 -1.163878 -0.900184 14.93356 5.404931 1.367847 11.84338 4.753211 -8.322525 11.30529 6.345804 -6.579341 11.18935 6.466522 -6.66119 11.19358 4.80663 -8.391931 11.43106 6.544744 -6.707521 11.31781 7.357466 -4.617127 11.13689 7.45032 -4.636804 11.25984 7.622009 -2.785793 11.20387 7.524973 -2.787241 11.08147 7.044394 -1.055812 11.28833 6.954758 -1.072114 11.16505 5.332351 1.335567 11.71688 2.771574 3.885144 12.60165 5.222796 1.256935 11.70556 2.738634 3.777035 12.68087 6.815133 -1.111818 11.16109 7.375949 -2.791162 11.07983 7.213421 -4.579941 11.13466 7.261193 -2.794964 11.18027 7.103295 -4.547913 11.23479 6.253853 -6.51138 11.28795 4.672555 -8.203495 11.29858 7.264037 -2.796431 11.3386 4.61209 -8.106356 11.39523 6.25474 -6.503236 11.4465 7.103724 -4.54242 11.39333 7.36119 -2.794991 11.461 6.810402 -1.146452 11.54006 6.949808 -1.106734 11.54402 5.347634 1.267161 12.09021 5.415365 1.343595 11.99895 7.046774 -1.067968 11.44587 7.623013 -2.787147 11.3622 6.332961 -6.549568 11.57072 7.196578 -4.562097 11.51628 7.340624 -4.599282 11.51851 7.510565 -2.791091 11.46264 7.450748 -4.631311 11.41838 6.453679 -6.631415 11.57495 6.54563 -6.699377 11.47635 4.808733 -8.382728 11.58953 4.748268 -8.285591 11.68618 4.667613 -8.16656 11.67947 4.614194 -8.097155 11.5537 6.865828 -5.940282 7.597601 7.709433 -3.80406 7.616646 6.984645 -6.001151 7.671568 7.579742 -3.781812 7.544655 7.672494 -1.820784 7.459071 7.528575 -1.834912 7.498845 7.485399 -1.802119 7.791302 7.526134 -3.755267 7.946541 7.613617 -1.776066 7.857875 7.396444 -3.733019 7.874551 7.457507 -1.825821 7.640201 7.366341 -3.733374 7.7205 7.435756 -3.752485 7.579835 6.734174 -5.872461 7.631091 5.500273 -7.81847 7.667109 5.604665 -7.919192 7.63346 5.698281 -8.010699 7.707323 5.449456 -7.770846 7.807628 6.670985 -5.839504 7.771486 6.698875 -5.853343 7.9266 7.262938 0.01382994 7.735587 7.12314 -0.02153199 7.77881 7.000217 -0.07241499 7.716434 6.975656 -0.109438 7.567753 7.046628 -0.1151 7.426037 7.186427 -0.07973897 7.382815 7.800713 -1.794731 7.525645 7.739536 -3.803704 7.770697 7.012536 -6.01499 7.826682 5.719468 -8.032977 7.862464 3.746125 -9.48516 7.796863 3.736079 -9.456144 7.641956 7.828604 -1.771028 7.676745 7.309349 -0.02885597 7.44519 7.333912 0.008167982 7.593871 3.683014 -9.3399 7.568934 3.622196 -9.212549 7.603484 3.59083 -9.152984 7.744401 3.600876 -9.181999 7.899308 3.653941 -9.298245 7.972329 3.714759 -9.425596 7.937779 5.668651 -7.985353 8.002982 6.949347 -5.982033 7.967076 5.56426 -7.884629 8.036632 5.470642 -7.793123 7.962769 6.817694 -5.914212 8.000568 7.670121 -3.784594 7.911363 7.757536 -1.761937 7.818101 6.652065 -0.01399099 8.389032 6.531734 -0.043033 8.542988 6.624247 0.02389097 8.543573 6.55955 -0.08091098 8.388438 6.791027 -0.214061 8.618435 6.749357 -0.151895 8.349171 6.656828 -0.2188259 8.348607 6.601207 -0.143088 8.657712 6.698474 -0.280987 8.617861 6.693708 -0.07614696 8.658279 6.818843 -0.251937 8.46388 6.726306 -0.318856 8.463306 6.696456 -0.05147194 6.041855 6.561022 -0.05590599 5.910195 6.603059 -0.117143 6.041261 6.6544 0.009762942 5.9108 6.854795 -0.275248 5.914281 6.79664 -0.193957 6.043596 6.703254 -0.259644 6.043008 6.712906 -0.071693 5.752297 6.619508 -0.137364 5.751698 6.761511 -0.340967 5.904506 6.813101 -0.214195 5.75406 6.719712 -0.279881 5.753465 8.240316 -0.05447697 8.213078 6.962886 -0.981285 6.296027 8.263559 -0.06660699 6.304248 6.939694 -0.96911 8.20487 6.61643 -0.488569 6.289989 6.593251 -0.476414 8.198818 6.369807 -0.137821 6.285687 6.346623 -0.12566 8.194515 6.751294 -0.357337 8.732748 6.510107 -0.009418964 8.280928 6.504669 -0.006584942 8.728444 6.756737 -0.360177 8.28523 6.586763 -0.473027 8.731709 6.340142 -0.122251 8.727413 6.788499 -0.376784 5.672521 6.535625 -0.02276498 6.183003 6.782237 -0.373528 6.187301 6.542303 -0.02625697 5.633304 6.624029 -0.49254 5.666352 6.377821 -0.141992 5.627118 6.534326 -0.02211099 6.286725 7.670468 0.776843 6.293899 7.804248 0.869388 6.191017 7.917098 0.426085 6.298203 6.780965 -0.372884 6.291041 8.050879 0.518629 6.195321 8.025382 0.531975 8.29326 7.893907 0.438259 8.207038 6.757783 -0.360723 8.199855 7.647271 0.788995 8.202725 6.511136 -0.009938955 8.195561 7.778751 0.882731 8.288955 -2.116943 -9.225356 7.944112 -2.461822 -8.784084 7.648837 -2.384315 -8.976168 7.950021 -2.27195 -8.841177 7.341744 -2.004576 -9.090368 7.335836 -1.927071 -9.28245 7.637021 -2.13409 9.237645 24.03934 -2.248368 9.198178 23.99698 -2.3319 9.356951 24.26808 -2.083873 9.186308 24.14542 -2.042481 9.26046 23.93966 -1.948532 9.16441 24.13812 -1.805447 9.10212 24.09763 -2.068375 8.994493 24.25733 -1.972819 8.864819 24.26413 -2.27141 8.761687 24.15344 -1.877262 8.72132 24.18664 -2.203331 8.608687 24.06577 -2.346621 8.755194 23.76308 -2.402624 8.895845 23.87626 -2.163841 9.014325 23.58126 -2.235247 9.133131 23.70977 -1.837773 9.126959 23.70214 -1.936657 9.236266 23.82045 -1.694482 8.98045 24.00482 -2.25628 9.186615 23.8604 -2.376126 9.016711 23.97961 -2.282174 8.920649 24.17808 -2.312424 9.107354 24.0607 -2.262206 9.056008 24.16678 -2.147929 9.095484 24.20915 -2.613406 -9.753102 7.735287 -2.880785 -9.503923 7.741196 -2.958285 -9.311829 7.440011 -2.768418 -9.368934 7.13292 -2.501046 -9.618124 7.127012 -2.42354 -9.810207 7.428198 -5.50176 -3.202626 9.205145 -5.445634 -3.379558 9.217244 -5.454783 -3.022479 9.185831 -5.32664 -2.925129 9.168492 -5.312594 -3.473231 9.216708 -1.1692 8.076636 22.87728 -1.49527 7.964003 22.75641 -1.678045 7.704863 22.93822 -1.534759 7.558364 23.24091 -1.20869 7.670996 23.36179 -1.025909 7.930126 23.17997 -1.045269 7.997944 22.73366 -1.547215 8.028916 22.71867 -1.151901 8.165471 22.86522 -1.440582 7.861389 22.58712 -1.768812 7.714755 22.9391 -1.662179 7.547229 22.80755 -1.595092 7.537137 23.30607 -1.488459 7.36961 23.17451 -1.093154 7.506185 23.32107 -1.199779 7.673687 23.45262 -0.978182 7.98785 23.23219 -0.871548 7.820324 23.10063 3.096646 0.753885 18.73144 2.761755 -0.226454 18.39477 2.674414 -0.197417 18.48875 2.896214 -0.381094 18.5435 2.851855 -0.304109 18.42512 2.016897 -0.960125 18.29503 2.635967 -0.224613 18.63682 3.052596 0.71578 18.87563 3.232956 1.702413 19.1586 3.279741 1.751426 19.01819 3.183168 2.652851 19.3439 3.390503 1.781028 18.94537 3.292382 2.710838 19.28022 3.506756 1.76863 18.99954 3.407366 2.730734 19.34475 3.365366 0.647151 18.81602 3.309898 0.707093 18.6908 3.200608 0.753367 18.64826 3.563803 1.727645 19.13124 3.046263 3.570094 19.68715 3.097968 3.564399 19.82981 3.464465 2.708095 19.48232 2.941674 3.520683 19.61373 2.840542 3.436964 19.66965 3.136324 2.593865 19.48107 2.796243 3.369142 19.80414 2.496094 4.263397 19.98747 2.41048 4.188446 19.90684 2.325961 4.082572 19.95651 2.287054 4.007248 20.08889 1.732716 4.487189 20.29639 1.261269 4.787969 20.38774 0.850719 4.947381 20.40004 1.830639 4.692011 20.12047 1.765148 4.56848 20.16554 1.286757 4.873494 20.25782 2.537142 4.272459 20.1343 1.893558 4.787331 20.20643 1.334755 5.009264 20.21554 0.868962 5.035896 20.27086 -1.056468 4.937052 20.47495 -1.318752 5.027431 20.64262 -1.355546 5.125207 20.52483 -1.085818 5.034986 20.35603 -0.470208 9.092638 21.38736 -0.799194 9.033842 21.40609 -0.770742 9.17077 21.4863 -0.947464 9.005805 21.70488 -0.876907 9.150697 21.70024 -0.747631 8.850389 22.01146 -0.76674 9.036561 21.98494 -0.747505 9.172718 21.90077 -0.712138 9.260831 21.80161 -0.781309 9.249067 21.69442 -0.72456 9.259792 21.58007 -0.535182 9.212871 21.47289 -0.405773 9.234882 21.67343 -0.289478 9.123382 21.66743 -0.437748 9.09535 21.96621 -0.511938 9.214811 21.88737 -0.586225 9.283329 21.79444 -0.52948 9.294063 21.68008 -0.707865 9.5657 21.68882 -0.598651 9.282299 21.5729 -0.388359 8.914583 21.99102 -0.226447 8.945205 21.66473 -0.423805 8.911621 21.35889 -0.783078 8.847429 21.37933 -0.944989 8.816804 21.70562 -0.520791 7.377156 21.37151 -0.682704 7.346534 21.6978 -0.485345 7.380105 22.00364 -0.126072 7.444314 21.9832 0.03584098 7.474936 21.65691 -0.161518 7.441351 21.35107 -0.529308 7.182844 21.30557 -0.767439 7.380218 21.7024 -0.571144 7.417345 21.30682 -0.725604 7.145715 21.70115 -0.528172 7.420932 22.07319 -0.486336 7.186429 22.07194 -0.09260195 7.498764 22.0484 -0.05076497 7.264259 22.04715 0.145523 7.30141 21.65157 0.1037 7.535892 21.65282 -0.1355749 7.495175 21.28203 -0.09373795 7.260672 21.28078 -1.97354 5.453608 19.93104 -3.011142 6.438954 19.36833 -2.881244 6.270408 19.07112 -2.10344 5.622154 20.22825 -2.851284 6.744435 19.48975 -1.943574 5.927628 20.34968 -1.653816 6.064569 20.17388 -2.56152 6.881368 19.31396 -1.523917 5.896024 19.87666 -2.431621 6.712821 19.01675 -2.591479 6.407341 18.89533 -1.683775 5.590542 19.75525 -1.891925 5.284751 20.01473 -2.194185 5.619362 20.23791 -2.036702 5.415024 19.87758 -2.049407 5.489088 20.37507 -2.00038 5.989715 20.38511 -1.855602 5.859441 20.52227 -1.649081 6.15573 20.17199 -1.504303 6.025455 20.30915 -1.346837 5.821127 19.9488 -1.491593 5.951396 19.81165 -1.685404 5.581038 19.66446 -1.540625 5.450764 19.80161 2.824382 7.061169 21.62658 3.029971 7.061504 21.54122 2.92079 7.127192 21.5545 3.02864 6.938267 21.60172 3.146821 6.943136 21.39327 3.047122 7.13239 21.33166 3.093141 7.064108 21.4298 3.13855 7.367887 21.53627 2.874778 7.195482 21.45636 2.738299 7.188929 21.44297 2.710139 6.955472 21.66863 2.995406 6.783828 21.63392 3.160454 6.790626 21.34279 3.060731 7.070888 21.20966 3.040223 6.969045 21.08637 2.937948 7.198085 21.34494 2.856473 7.193789 21.23452 2.589913 7.133902 21.41221 2.467165 7.001085 21.35724 2.598452 6.806232 21.63726 2.90998 6.618799 21.59936 3.090211 6.626212 21.28143 2.958925 6.821067 21.00141 2.754955 7.140687 21.12108 2.647396 7.008499 21.03932 -3.138503 -0.468866 17.46347 -4.496962 -1.125516 17.75937 -4.527256 -1.015919 17.41197 -3.10821 -0.578465 17.81087 -4.595293 -0.901467 18.03094 -3.206528 -0.354412 18.08244 -3.335155 -0.02076196 18.00661 -4.723906 -0.567815 17.95511 -3.365448 0.08883696 17.6592 -4.754199 -0.458217 17.60771 -4.655868 -0.682266 17.33614 -3.267117 -0.135213 17.38763 -0.83088 7.077455 22.89566 -0.791391 7.483093 22.41116 -0.6481 7.336585 22.71385 -1.11746 7.370461 22.29028 -1.300242 7.11133 22.4721 -1.156951 6.964821 22.77479 -2.94082 -0.446797 17.41235 -3.125591 -0.666924 17.82531 -3.162318 -0.534053 17.40414 -2.90409 -0.579669 17.83353 -3.244801 -0.395297 18.15456 -3.0233 -0.308041 18.16277 -3.400731 0.009211957 18.06262 -3.17923 0.09646797 18.07084 -3.215978 0.229328 17.64966 -3.437461 0.14209 17.64144 -3.318247 -0.129545 17.3122 -3.096747 -0.042288 17.32042 -1.128946 8.013391 22.82762 -1.455019 7.90077 22.70675 -1.637797 7.641629 22.88856 -1.494508 7.495132 23.19125 -1.168439 7.607764 23.31213 -0.985658 7.866895 23.13031 2.429511 -1.92016 18.50796 2.896941 -3.275371 19.0639 3.123291 -3.213704 18.78358 2.203163 -1.981827 18.78829 2.583364 -3.455155 19.00948 1.889578 -2.1616 18.73386 1.802345 -2.279722 18.39911 2.496124 -3.573264 18.67473 2.028692 -2.218055 18.11879 2.722472 -3.511596 18.39441 3.03605 -3.331812 18.44883 2.342271 -2.038269 18.17321 2.407774 -1.7173 18.48443 2.244016 -1.998375 18.86824 2.518432 -1.923613 18.52839 2.133357 -1.792061 18.82428 1.863845 -2.216337 18.80227 1.753186 -2.010023 18.7583 1.75808 -2.359532 18.39643 1.647421 -2.153217 18.35247 1.921853 -2.078473 18.01262 2.032493 -2.284773 18.05657 2.412668 -2.066806 18.12255 2.302009 -1.860492 18.07859 -0.534483 6.515683 21.69339 0.02214896 6.613462 21.97878 -0.337126 6.549266 21.99923 0.184062 6.644084 21.65249 -0.01329594 6.6105 21.34665 -0.372569 6.546305 21.3671 4.639945 -0.913878 16.53859 4.812065 -0.783459 16.28284 4.915061 -0.800441 16.40571 4.970761 -0.491053 16.31971 5.028694 -0.591069 16.4321 4.818957 -0.211958 16.55875 4.833624 -0.388855 16.23921 4.660335 -0.708175 16.19895 4.472363 -0.850597 16.47824 4.457694 -0.673699 16.79778 5.031808 -0.611242 16.65377 4.965939 -0.661156 16.75165 5.216153 -0.86766 16.73092 5.036959 -0.673239 16.54178 4.976219 -0.785149 16.52767 4.79182 -0.893823 16.58883 4.626509 -0.75189 16.8312 4.630984 -0.35438 16.83804 4.785192 -0.459481 16.86806 4.957314 -0.329064 16.61231 5.019065 -0.475082 16.64161 4.895823 -0.568464 16.82474 4.905199 -0.773066 16.73754 4.91034 -0.835063 16.62555 4.7822 -0.777835 16.79835 -0.504996 7.28863 21.37104 -0.666914 7.258018 21.69733 -0.469553 7.291592 22.00317 -0.110283 7.355798 21.98272 0.05162996 7.38642 21.65643 -0.145728 7.352836 21.35059 -2.860951 6.840848 18.9025 -2.916982 6.733788 18.85995 -3.144094 6.956264 18.79208 -2.828703 6.638584 18.8153 -2.723878 6.838881 18.89492 -3.018527 6.685797 18.92156 -3.064059 6.744867 19.02572 -2.715779 6.523537 18.813 -2.569385 6.80327 18.92419 -3.018684 6.548799 18.93057 -3.103861 6.659311 19.12545 -3.008028 6.851927 19.06828 -2.906475 6.899918 19.00667 -2.809056 6.949394 19.08979 -2.688343 6.957613 19.19634 -2.981109 6.398143 18.97398 -3.100067 6.552484 19.24614 -2.953683 6.832221 19.35732 -2.999047 6.859609 19.20506 3.593916 0.510374 16.10261 3.405945 0.367952 16.3819 3.232643 0.04863899 16.34164 3.247324 -0.128266 16.0221 3.435295 0.01415395 15.74281 3.608585 0.333475 15.78306 3.474754 0.670142 16.05308 3.442254 0.382272 16.46443 3.670145 0.554937 16.12584 3.246862 0.497478 16.39168 3.232161 -0.00485897 16.41563 3.036769 0.110348 16.34288 3.249949 -0.219325 16.02823 3.054556 -0.104118 15.95547 3.282469 0.06853997 15.61688 3.477838 -0.04666495 15.68963 3.687931 0.340472 15.73843 3.492539 0.455678 15.66568 -2.330069 -2.875154 15.7461 -2.118348 -3.106542 15.8347 -2.045392 -2.97446 15.89149 -2.322183 -3.035436 15.73059 -2.387068 -2.946062 15.42397 -1.772466 -3.070932 15.32669 -2.159393 -3.116275 15.24724 -2.083342 -2.962485 15.16791 -2.331972 -2.776597 15.36091 -2.269725 -2.699168 15.71268 -1.958849 -2.807615 15.87146 -1.71022 -2.993505 15.67847 -2.085094 -3.264106 15.68101 -2.17223 -3.198966 15.74865 -2.324299 -3.48295 15.70495 -2.281181 -3.160952 15.693 -2.362997 -3.086206 15.49995 -2.199976 -3.208082 15.3734 -1.874718 -3.215592 15.39264 -1.817717 -3.144675 15.71475 -1.955327 -3.228419 15.70816 -1.99614 -3.279198 15.47751 -2.106909 -3.291251 15.55773 -2.21586 -3.253237 15.50208 -2.302997 -3.188088 15.56972 -1.059137 -1.709614 15.28063 -1.307767 -1.523725 15.47363 -1.618638 -1.415266 15.31485 -1.68089 -1.492708 14.96308 -1.432262 -1.678596 14.77008 -1.121384 -1.787043 14.92886 -1.140869 5.602998 20.65982 -1.170827 5.128972 20.24119 -1.010969 5.434453 20.36261 -1.460592 4.992038 20.41698 -1.590492 5.160582 20.7142 -1.430635 5.466064 20.83561 -0.910232 -1.56919 15.2637 -1.315502 -1.548601 15.56114 -1.014073 -1.773966 15.32716 -1.21166 -1.343823 15.49768 -1.692396 -1.417121 15.36864 -1.588554 -1.212343 15.30519 -1.767863 -1.510997 14.94216 -1.664021 -1.306219 14.87871 -1.362599 -1.531606 14.64474 -1.466439 -1.736362 14.70818 -1.08954 -1.867841 14.90068 -0.985697 -1.663064 14.83722 -1.918884 5.404431 19.98282 -2.048793 5.572978 20.28002 -1.888927 5.878457 20.40145 -1.59917 6.015393 20.22565 -1.46927 5.846848 19.92843 -1.629128 5.541366 19.80702 -4.835748 -1.126644 17.72234 -4.94941 -1.054123 17.69643 -4.960021 -1.015707 17.57468 -5.039559 -0.820252 17.64328 -5.005103 -0.898779 17.54811 -5.272313 -1.046627 17.65956 -5.028941 -0.858662 17.76504 -4.983867 -0.975596 17.79161 -4.984551 -0.760973 17.85068 -4.90022 -0.979741 17.9004 -4.889034 -0.655013 17.92579 -4.771257 -0.960544 17.99523 -4.681213 -1.165709 17.74655 -4.708948 -1.065342 17.42843 -4.826732 -0.75982 17.35899 -4.916767 -0.554646 17.60767 -4.855605 -1.054778 17.49456 -4.939942 -0.836019 17.44483 -5.004408 -0.689107 17.6229 4.002044 3.488698 12.91925 4.429838 3.2328 12.98738 4.198664 3.610713 12.97578 4.233218 3.110784 12.93085 4.628242 3.083062 12.62049 4.431621 2.961047 12.56396 4.595464 3.311234 12.242 4.398842 3.189218 12.18547 4.167686 3.567144 12.17388 4.36429 3.689148 12.2304 4.165885 3.838882 12.59729 3.969265 3.716867 12.54076 -4.096848 5.522451 17.95368 -4.057021 5.664683 17.6533 -4.215502 5.658199 17.68219 -4.201043 5.528855 17.38339 -4.318628 5.560943 17.48892 -4.450249 5.361842 17.51074 -4.467556 5.451651 17.61313 -4.482803 5.397216 17.72809 -4.656288 5.669936 17.76285 -4.478766 5.26 17.72581 -4.384867 5.250791 17.41386 -4.245927 5.134494 17.36004 -4.045166 5.438146 17.32677 -3.887901 5.586478 17.62153 -3.931384 5.431153 17.94956 -4.132143 5.127501 17.98282 -4.280684 5.244388 17.98415 -4.289408 4.979167 17.68807 -4.424693 5.108557 17.71423 -4.375652 5.357258 17.91908 -4.24402 5.556357 17.89726 -4.342082 5.610057 17.70477 -4.397206 5.558074 17.60147 -4.357321 5.55562 17.81973 -4.42768 5.4492 17.83139 -2.323426 -0.269322 17.83997 -2.55037 0.288381 18.03571 -2.421756 -0.04527395 18.11154 -2.580663 0.39798 17.68831 -2.482333 0.173931 17.41674 -2.353719 -0.159722 17.49257 -3.027028 4.30323 17.12801 -3.070512 4.147903 17.45604 -2.913235 4.296227 17.75079 -2.712487 4.59989 17.71752 -2.669003 4.755216 17.3895 -2.826268 4.606884 17.09474 -3.054887 -0.435925 17.46657 -3.024602 -0.545532 17.81397 -3.122923 -0.321476 18.08554 -3.251546 0.01217097 18.00971 -3.28184 0.121771 17.6623 -3.183509 -0.102279 17.39073 2.689075 -3.611481 19.02027 2.609192 -3.719637 18.71374 2.816456 -3.663161 18.45704 3.1039 -3.674087 18.82144 3.02458 -3.695704 18.91969 3.132797 -3.995878 18.85751 2.914675 -3.758708 18.90062 3.014031 -3.590348 19.00709 2.808426 -3.708229 18.97141 2.751226 -3.785672 18.75192 2.899631 -3.745233 18.56812 3.103614 -3.498536 18.50687 3.183489 -3.390373 18.8134 2.976224 -3.446847 19.07011 3.162437 -3.54991 18.82328 3.105247 -3.627358 18.6038 2.963429 -3.77849 18.68506 2.884101 -3.800101 18.7833 3.073334 -3.715485 18.70413 -2.905244 4.165903 17.03588 -3.152371 4.110172 17.47057 -3.099655 4.298483 17.07288 -2.957959 3.977589 17.43356 -2.961708 4.290002 17.82792 -2.767296 4.157419 17.79091 -2.718317 4.658143 17.78759 -2.523904 4.52556 17.75058 -2.47121 4.713883 17.35289 -2.665598 4.84646 17.3899 -2.856264 4.666623 17.03255 -2.661852 4.534041 16.99555 -1.158836 7.445755 13.43836 -1.118323 7.581268 13.36098 -1.145426 7.539552 13.12652 -1.196688 7.387493 13.11092 -1.176546 7.200171 13.12618 -1.135208 7.263793 13.48375 -0.893196 7.242207 12.8991 -0.967405 7.66308 13.07551 -1.066713 7.648355 13.15509 -1.029028 7.97123 13.15877 -1.052223 7.670646 13.28041 -0.905432 7.65054 13.44654 -0.861511 7.542502 13.55786 -0.810519 7.369441 13.61425 -0.527169 7.411476 13.38718 -0.602038 7.580987 13.34993 -0.568507 7.347853 13.0296 -0.639896 7.522736 13.02248 -0.937215 7.42598 12.90299 -0.959637 7.567108 12.97764 -0.853616 7.700114 13.12124 -0.719643 7.678096 13.29766 -0.746751 7.636388 13.0632 -0.839126 7.722406 13.24656 -0.93843 7.707672 13.32615 -0.512751 5.813356 13.10934 -0.796103 5.771321 13.33641 -0.754763 5.83493 13.69399 -0.430074 5.940592 13.82449 -0.146724 5.982628 13.59742 -0.1880609 5.919004 13.23984 -0.473093 5.617938 13.06017 -0.877296 5.794869 13.30193 -0.533774 5.845832 13.02664 -0.816616 5.566972 13.33547 -0.827182 5.872001 13.73544 -0.766502 5.644104 13.76898 -0.43354 6.000088 13.89366 -0.372859 5.772191 13.9272 -0.02934396 5.823177 13.65189 -0.09001296 6.051054 13.61837 -0.140132 5.973919 13.18485 -0.07945096 5.746023 13.21839 2.037451 -1.189179 18.3522 1.497525 -1.43063 18.57811 1.811104 -1.250846 18.63253 1.410285 -1.548741 18.24336 1.636633 -1.487073 17.96304 1.950211 -1.307289 18.01746 2.098694 -12.03966 6.962895 2.322643 -12.12562 7.238709 2.262193 -12.30274 7.212166 2.189786 -12.1628 7.577213 2.14054 -12.33678 7.522141 1.832988 -12.11401 7.6399 1.813806 -12.29211 7.579544 2.061099 -12.44097 7.428195 1.827147 -12.40899 7.469297 1.609039 -12.02805 7.364085 1.776185 -12.44527 7.255663 1.822741 -12.43224 7.137029 1.852572 -12.75272 7.182704 1.854665 -12.4754 7.352326 1.979715 -12.4925 7.330358 2.148206 -12.4166 7.206244 2.057122 -12.22402 6.959598 1.741896 -11.99087 7.025583 1.730395 -12.17934 7.017003 1.608742 -12.21339 7.326978 1.680317 -12.35262 7.288453 1.767424 -12.32824 7.066503 1.947791 -12.44934 7.115059 2.026278 -12.47946 7.211723 2.001369 -12.36024 7.025399 1.85226 -10.5767 7.618962 1.985116 -10.53951 7.280457 2.341916 -10.58829 7.217771 2.565863 -10.67426 7.493587 2.433008 -10.71145 7.832089 2.076209 -10.66266 7.894777 2.387735 -1.842277 18.49136 2.161396 -1.903951 18.77169 1.847809 -2.083728 18.71727 1.760579 -2.201844 18.38252 1.986925 -2.140178 18.1022 2.300504 -1.960393 18.15662 1.807457 -10.38156 7.664723 1.929731 -10.56797 7.213683 1.768661 -10.61305 7.624072 1.968528 -10.33648 7.254334 2.3623 -10.62711 7.137681 2.401097 -10.39563 7.178332 2.633807 -10.73133 7.47207 2.672604 -10.49985 7.512721 2.511525 -10.54495 7.923106 2.472743 -10.77642 7.882461 2.040167 -10.71726 7.958461 2.078964 -10.48578 7.999111 2.942668 1.943062 16.17857 2.735031 0.735358 16.02481 2.156102 -0.259837 15.83371 1.197302 -0.832322 15.57568 1.168335 -0.73003 15.52809 0.03716796 -1.008615 15.29333 -1.161572 -0.815232 15.03879 -2.871805 0.574495 14.6637 -3.134961 2.712411 14.37491 -2.720469 3.737951 14.21565 -1.931737 4.561752 14.04484 -0.897144 5.093427 13.85304 -3.017996 2.691242 14.40029 -2.61566 3.681243 14.25197 1.483276 4.658772 13.08115 1.514072 4.623065 13.23133 1.559497 4.673371 13.3673 1.593982 4.794261 13.39978 0.331433 5.125833 13.69173 -0.84393 4.990171 13.90789 -1.850378 4.477634 14.09082 0.303228 5.240002 13.62873 1.596611 4.910097 13.32821 2.908679 4.011605 12.91044 2.879766 3.903247 12.98966 2.817315 3.79035 12.96541 2.76079 3.7435 12.83314 5.234085 1.188775 12.07889 5.154119 1.156953 11.95239 5.144156 1.181176 11.79681 6.709685 -1.150058 11.25924 6.71339 -1.162297 11.41677 -5.418207 -5.678633 12.00397 -5.51174 -5.903908 11.73172 -5.424725 -6.258473 11.74981 -5.244188 -6.38777 12.04017 -5.150656 -6.162496 12.31242 -5.237659 -5.807928 12.29432 2.713671 0.77614 16.12413 2.55505 0.279921 15.76433 2.54038 0.456819 16.08387 2.743021 0.422342 15.48504 2.916311 0.741661 15.5253 2.901642 0.918559 15.84484 -5.271366 -5.567199 11.91343 -5.591869 -5.885588 11.69198 -5.478476 -5.612473 12.02204 -5.384758 -5.840314 11.58336 -5.486389 -6.315451 11.71392 -5.279276 -6.270177 11.6053 -5.267503 -6.472204 12.06593 -5.06039 -6.426929 11.95731 -4.947019 -6.153814 12.28739 -5.154106 -6.199093 12.396 -5.25959 -5.769224 12.37405 -5.052477 -5.723951 12.26543 3.520154 0.553862 16.07514 3.332194 0.411441 16.35444 3.158892 0.09212195 16.31418 3.173573 -0.08477699 15.99464 3.361544 0.05764299 15.71535 3.534834 0.376964 15.7556 4.768145 -9.261433 11.3078 4.980445 -9.002902 11.45514 4.977902 -8.948386 11.81658 4.763072 -9.15241 12.03068 4.550775 -9.410942 11.88334 4.553307 -9.465448 11.5219 4.628338 -9.14631 11.21095 5.061543 -8.991606 11.41475 4.804163 -9.305039 11.23612 4.885719 -8.832874 11.38958 5.058474 -8.925521 11.85295 4.882648 -8.766788 11.82778 4.798014 -9.172863 12.11252 4.622188 -9.014131 12.08735 4.364825 -9.327582 11.90871 4.54063 -9.486299 11.93389 4.543702 -9.552381 11.49569 4.367877 -9.393649 11.47052 -0.939842 -0.798196 15.24881 -1.312967 -0.767178 14.73826 -1.25072 -0.689748 15.09004 -1.064337 -0.953067 14.54526 -0.753461 -1.061514 14.70404 -0.691214 -0.984084 15.05582 -7.450605 -6.65901 7.57032 -7.458319 -6.872906 7.509134 -7.384554 -6.882949 7.624496 -7.493624 -6.753209 7.480176 -7.738468 -6.924839 7.352598 -7.491515 -6.713496 7.3584 -7.454122 -6.793476 7.265575 -7.165386 -7.081452 7.487469 -7.2631 -6.872472 7.730003 -7.355342 -6.559723 7.654341 -7.446667 -6.584712 7.342493 -7.3767 -6.734346 7.168833 -7.418817 -6.913173 7.294534 -7.420915 -6.952887 7.416312 -7.31459 -7.032584 7.450835 -7.310661 -6.958282 7.223004 -7.159898 -6.977684 7.169279 -7.252126 -6.664935 7.093623 -7.349843 -6.455956 7.336157 2.186184 5.630931 20.53558 1.874654 5.818365 20.57348 1.694415 5.810942 20.89141 1.825711 5.616097 21.17143 2.137239 5.428665 21.13353 2.317471 5.436077 20.8156 -1.019938 -1.632309 15.25668 -1.268568 -1.446431 15.44968 -1.579444 -1.337973 15.2909 -1.641691 -1.415413 14.93913 -1.393063 -1.601302 14.74613 -1.082185 -1.709749 14.90491 5.8508 4.513806 13.04271 5.86027 4.447842 13.15212 6.164248 4.5576 13.11696 5.927102 4.338601 13.15547 5.984451 4.295312 13.04941 5.869303 4.240171 13.23177 5.744273 4.444553 13.22549 5.726552 4.567958 13.0208 5.908149 4.470517 12.93665 5.974976 4.36127 12.94 5.958879 4.28259 12.82865 5.833848 4.486971 12.82237 5.56948 4.582316 12.98741 5.59423 4.409969 13.27328 5.71933 4.469213 12.71028 5.893947 4.183774 12.71905 5.976605 4.159191 13.03335 5.918705 4.011432 13.00493 5.780842 3.889636 12.96148 5.753803 4.077836 12.64928 5.563121 4.389552 12.63972 5.39947 4.513057 12.94234 5.42651 4.324858 13.25453 5.768846 4.124528 13.28205 5.617191 4.013141 13.2641 3.497104 3.127562 12.69982 3.851437 2.692339 12.40677 3.687785 2.815847 12.70939 3.824399 2.880541 12.09457 3.633716 3.192258 12.085 3.470066 3.315763 12.38763 2.126079 5.480988 20.40876 1.871643 5.898045 20.52901 2.249329 5.670809 20.48306 1.748391 5.708222 20.45472 1.653134 5.889058 20.91445 1.529882 5.699235 20.84016 1.812305 5.652826 21.25394 1.689053 5.463002 21.17965 2.066754 5.235786 21.13369 2.189991 5.425589 21.20799 2.408499 5.434577 20.82254 2.285248 5.244754 20.74825 4.119517 3.513801 12.87877 4.310206 3.202092 12.88834 4.473849 3.078578 12.58571 4.446817 3.266787 12.27353 4.256136 3.578503 12.26396 4.092485 3.702009 12.56658 6.229316 2.280376 19.22894 6.22432 2.405316 19.20108 6.522582 2.379852 19.32785 6.21911 2.491824 19.29543 6.218907 2.45339 19.41763 6.134827 2.597159 19.26994 6.134448 2.525252 19.49857 6.001034 2.684211 19.24727 6.000505 2.583784 19.56658 5.813534 2.706163 19.23773 5.812954 2.596496 19.58642 5.82723 2.239992 19.66591 6.01357 2.257329 19.63937 5.842075 1.993161 19.39671 6.027175 2.031298 19.39286 6.027692 2.131726 19.07356 6.153914 2.201566 19.14555 6.014626 2.458181 19.00076 6.14456 2.435316 19.09343 5.842657 2.102828 19.04802 5.82838 2.459332 18.96852 6.153545 2.129656 19.37418 6.143802 2.291502 19.55069 6.223912 2.328447 19.44549 6.229122 2.241939 19.35114 4.350737 2.037996 19.02517 4.33646 2.3945 18.94568 4.321601 2.641333 19.21487 4.321035 2.531664 19.56357 4.335312 2.175161 19.64307 4.350157 1.928328 19.37386 -2.023683 4.130143 17.5864 -2.137465 4.137137 16.96362 -1.980199 4.28547 17.25838 -2.338224 3.833484 16.99689 -2.381708 3.678157 17.32492 -2.224443 3.826488 17.61967 4.163952 1.977326 18.9651 4.384596 2.419876 18.87236 4.401906 1.987664 18.96874 4.14664 2.409538 18.86872 4.366596 2.719127 19.19873 4.12864 2.70879 19.19508 4.365897 2.586169 19.62148 4.127939 2.575832 19.61783 4.145274 2.143618 19.7142 4.383207 2.153959 19.71785 4.401206 1.854707 19.39148 4.163249 1.844368 19.38784 -2.953635 4.253181 17.11404 -2.99713 4.097857 17.44207 -2.839854 4.246185 17.73682 -2.639106 4.549843 17.70355 -2.595621 4.705171 17.37553 -2.752887 4.556838 17.08077 3.756786 6.174511 16.0837 3.650308 6.436405 15.80414 3.831484 6.347705 16.07125 3.692835 6.572191 15.87995 3.822561 6.508681 16.0712 3.772933 6.636541 16.07742 3.70359 6.670486 15.9752 3.49379 6.702696 15.90811 3.597202 6.740245 15.99025 3.560145 6.776045 16.10754 3.827194 6.95689 16.06674 3.629482 6.742095 16.20977 3.735876 6.672341 16.19471 3.55419 6.706167 16.31881 3.753233 6.575661 16.29064 3.456678 6.623515 16.41705 3.734663 6.441251 16.37771 3.651062 6.276675 16.41837 3.347486 6.475707 16.46133 3.149645 6.572581 16.16963 3.275508 6.712223 16.14994 3.25537 6.470417 15.83497 3.372322 6.618667 15.84348 3.558946 6.271387 15.792 3.424469 6.769684 16.12755 2.755891 5.018751 15.92068 2.452314 5.217783 15.96365 2.346581 5.319937 16.29832 2.544433 5.223073 16.59002 2.848007 5.024042 16.54706 2.953733 4.921876 16.21239 -0.581111 4.963876 13.45522 -0.215084 5.133148 13.9433 -0.539775 5.027499 13.8128 0.068268 5.175183 13.71623 0.02692997 5.11156 13.35865 -0.29776 5.005912 13.22815 2.676105 4.837582 15.866 2.436145 5.278668 15.89757 2.804189 5.037371 15.84547 2.308059 5.078878 15.91809 2.307965 5.402528 16.3033 2.179879 5.202737 16.32383 2.547824 5.285083 16.65695 2.419738 5.085292 16.67748 2.787797 4.844014 16.62538 2.91587 5.043786 16.60486 3.044047 4.919926 16.19912 2.915962 4.720135 16.21965 -0.489843 5.727325 13.122 -0.773199 5.685299 13.34907 -0.731859 5.748912 13.70665 -0.407171 5.85457 13.83715 -0.12382 5.896605 13.61007 -0.165157 5.832983 13.2525 4.193741 3.559863 12.90011 4.384423 3.248146 12.90968 4.548063 3.124632 12.60705 4.521035 3.312843 12.29486 4.330354 3.624557 12.28529 4.166703 3.748064 12.58792 8.679827 -7.429449 8.459661 8.535678 -7.727392 8.614796 8.711555 -7.796439 8.609304 8.447833 -8.016345 8.408864 8.631106 -8.061037 8.420731 8.504126 -8.007349 8.047804 8.682665 -8.052801 8.090098 8.788081 -8.032299 8.397809 8.825001 -8.026403 8.161065 8.648278 -7.709405 7.89267 8.97575 -7.863739 8.180253 9.006545 -7.762473 8.252422 9.230191 -7.978726 8.346755 8.92524 -7.968162 8.23462 8.905503 -7.971313 8.361162 8.845686 -7.84284 8.532831 8.843554 -7.523604 8.467246 8.736121 -7.420452 8.098601 8.895101 -7.515366 8.136614 8.814651 -7.779964 7.948042 8.919506 -7.831044 8.059352 8.97711 -7.641586 8.194373 8.986809 -7.765624 8.378964 8.936289 -7.870043 8.433334 8.940201 -7.647484 8.431113 7.277818 -7.150394 7.692913 7.365664 -6.86144 7.898844 7.309359 -6.870431 8.259904 7.16522 -7.168382 8.41504 7.077374 -7.457335 8.209111 7.133668 -7.448339 7.848047 1.989709 -9.756536 7.762993 2.479362 -9.768139 7.361798 2.122564 -9.719352 7.424488 2.703312 -9.854101 7.637615 2.570456 -9.891283 7.97612 2.213659 -9.842497 8.038809 7.115297 -7.077317 7.59081 7.440379 -6.81616 7.872329 7.33388 -7.166475 7.622666 7.221795 -6.726999 7.840472 7.37213 -6.827064 8.310066 7.153546 -6.737904 8.278209 7.197371 -7.188282 8.498146 6.978786 -7.099122 8.466289 6.872311 -7.449447 8.216626 7.09087 -7.538602 8.248489 7.159121 -7.527693 7.810745 6.940536 -7.438533 7.778889 1.866908 -10.48931 7.634308 1.999757 -10.45214 7.295802 2.356561 -10.50092 7.233115 2.580504 -10.58689 7.50893 2.447649 -10.62407 7.847434 2.09085 -10.57528 7.910122 1.442543 7.207025 22.58828 1.50317 7.065103 22.2856 1.390316 7.297536 22.47969 1.218682 7.364714 22.71141 1.234249 7.280991 22.83734 6.591215 -6.545544 7.785966 7.1953 -7.116736 7.680889 6.503369 -6.834497 7.580036 7.283157 -6.827786 7.886816 7.226853 -6.836778 8.247881 6.534922 -6.554539 8.147027 7.082714 -7.134727 8.403013 6.390772 -6.852484 8.302163 6.302925 -7.141438 8.096232 6.994868 -7.42368 8.197084 7.051162 -7.414684 7.83602 6.35922 -7.132441 7.73517 -4.684405 -5.518218 11.61913 -4.690936 -6.098059 11.36498 -4.777938 -5.743492 11.34687 -4.510387 -6.227355 11.65533 -4.416854 -6.002079 11.92758 -4.503859 -5.647513 11.90947 -5.34002 -5.661544 11.96297 -5.433564 -5.886816 11.69072 -5.34655 -6.241386 11.70882 -5.166013 -6.370677 11.99917 -5.07248 -6.145404 12.27142 -5.159484 -5.790836 12.25332 1.998507 4.509918 16.03638 2.707538 4.94333 15.92844 2.302083 4.310887 15.99341 2.403968 5.14237 15.9714 2.298235 5.244527 16.30607 1.89278 4.612083 16.37104 2.496085 5.147659 16.59776 2.090623 4.515209 16.66274 2.3942 4.316176 16.61978 2.799661 4.948628 16.5548 2.905387 4.846463 16.22014 2.499924 4.214012 16.28512 4.145192 -8.699047 11.21862 4.35496 -8.386008 11.7274 4.357491 -8.440517 11.36596 4.140121 -8.590022 11.9415 3.927821 -8.848554 11.79416 3.930354 -8.90306 11.43272 4.70177 -9.201512 11.2983 4.914078 -8.942988 11.44564 4.911537 -8.888473 11.80708 4.696707 -9.092495 12.02118 4.484408 -9.351027 11.87384 4.48694 -9.405533 11.5124 3.493374 2.357865 18.93277 4.260907 2.034094 19.0238 3.50765 2.001362 19.01226 4.246641 2.390596 18.9443 4.231785 2.637431 19.2135 3.478528 2.604699 19.20197 4.231216 2.52776 19.5622 3.477948 2.495031 19.55066 3.492225 2.138526 19.63016 4.245493 2.171257 19.64169 4.260338 1.924424 19.37249 3.50707 1.891695 19.36096 1.389031 4.943551 20.90819 1.880792 4.76353 20.55237 1.700561 4.756116 20.87029 1.749504 4.958384 20.27234 1.437976 5.145817 20.31025 1.257743 5.138405 20.62817 2.139655 5.559272 20.50753 1.828133 5.746715 20.54544 1.647894 5.739294 20.86337 1.77919 5.544447 21.14339 2.090718 5.357014 21.10548 2.27095 5.364427 20.78756</float_array>
          <technique_common>
            <accessor source="#c_stickybomb_launcher_xmas-mesh-positions-array" count="2190" stride="3">
              <param name="X" type="float"/>
              <param name="Y" type="float"/>
              <param name="Z" type="float"/>
            </accessor>
          </technique_common>
        </source>
        <source id="c_stickybomb_launcher_xmas-mesh-normals">
          <float_array id="c_stickybomb_launcher_xmas-mesh-normals-array" count="8442">-0.5751371 0.8179662 -0.01219463 -0.5751373 0.8179661 -0.01219439 -0.5751366 0.8179666 -0.01219552 -0.5751379 0.8179657 -0.0121935 0.8389719 -0.2701075 -0.4724067 0.6510968 0.4698237 -0.5961029 0.9453132 0.2704846 0.182267 0.4114204 0.9114092 -0.008162319 0.3595678 0.6130452 0.7034819 0.5031808 0.864001 0.01764655 0.7206095 0.4634211 -0.5157161 0.8910669 -0.2078409 -0.4034875 0.7871394 -0.5684869 0.2392369 0.547444 -0.1268981 0.8271651 0.6265978 -0.07792431 0.7754374 0.8440311 -0.4785432 0.2420909 0.6552182 -0.4195458 -0.628228 0.4316639 0.4608867 -0.775403 0.5935124 -0.7745922 0.2185179 0.3083539 -0.2491354 0.9180683 0.4561387 0.5933431 0.6632357 0.08478122 0.6312935 0.770896 -0.2313919 0.5912355 0.7725921 0.01054877 -0.3623678 0.9319755 0.3197255 -0.9313287 0.1743639 0.3861993 -0.5469506 -0.7427619 0.1439364 0.406579 -0.9022061 0.1464601 0.9863048 -0.07584577 -0.1647523 0.9756947 -0.1444873 0.9453129 0.2704874 0.182264 0.945313 0.270489 0.1822612 0.945311 0.2704836 0.1822792 0.9453122 0.2704908 0.1822627 0.9453121 0.2704892 0.1822654 0.9453161 0.2704844 0.1822513 0.06702381 0.385788 -0.9201498 -0.254736 0.956709 -0.1407749 -0.3099506 0.570977 0.760208 -0.06702363 -0.3857875 0.9201499 0.2518787 -0.9575248 0.1403685 0.3099499 -0.5709792 -0.7602064 -0.9420166 -0.2679495 -0.2020094 -0.9420208 -0.2679528 -0.2019857 -0.942021 -0.2679525 -0.201985 -0.9420167 -0.2679511 -0.2020072 -0.9420208 -0.2679535 -0.2019841 -0.9420194 -0.2679518 -0.2019936 0.06700277 0.385789 -0.9201508 -0.2547374 0.9567091 -0.1407722 0.06700152 0.3857895 -0.9201508 -0.2547422 0.956709 -0.1407634 -0.3099374 0.5709869 0.7602059 -0.3099368 0.570979 0.760212 -0.06701177 -0.3857917 0.920149 -0.06700748 -0.3857865 0.9201515 0.2518907 -0.9575257 0.1403418 0.2518847 -0.957525 0.1403566 0.3099397 -0.5709756 -0.7602134 0.3099437 -0.5709787 -0.7602095 -0.9420241 -0.2679569 -0.2019643 -0.9420166 -0.2679497 -0.2020096 -0.9420188 -0.2679523 -0.2019957 -0.9420165 -0.267951 -0.2020083 -0.9420167 -0.2679491 -0.2020097 -0.9420206 -0.267954 -0.2019848 0.7585678 0.4895849 0.4299787 0.8973568 0.4355315 0.07115554 0.4800841 0.8004181 -0.3589571 0.2112264 0.9681953 -0.134095 -0.03466582 0.9971675 0.06674677 0.5580775 0.4788139 0.677707 -0.5294724 0.5306851 -0.6618401 0.02831268 0.4975417 -0.8669778 0.4124535 0.8595573 -0.3017338 0.7702577 0.1503258 -0.6197623 0.8724485 0.4573089 0.1723442 0.9661373 -0.2577694 -0.01156401 0.8487624 -0.4197754 0.321545 0.656014 -0.5059894 0.5600182 0.160806 -0.9725408 -0.1682441 0.3916991 -0.8504933 -0.3510457 -0.4320318 -0.4542163 -0.7791253 -0.1556118 -0.3718963 -0.9151384 -0.2458217 0.5374449 -0.8066752 0.1315736 0.4720391 -0.8717039 0.1041757 -0.2666841 -0.9581373 0.6176382 -0.586202 -0.5242999 0.2003718 -0.2212782 -0.9544041 0.5641089 -0.6689488 -0.4840338 0.9482624 -0.3069316 0.08118742 -0.5947436 0.5200943 -0.6130106 -0.09802401 0.9881796 0.1178662 0.4967165 0.4680821 0.7308706 0.5947452 -0.5200936 0.6130096 0.09802967 -0.9881794 -0.1178634 -0.4967122 -0.4680867 -0.7308706 -0.2547405 0.956709 -0.1407669 0.06701725 0.3857949 -0.9201473 0.06701803 0.3857907 -0.920149 -0.254727 0.9567094 -0.140789 -0.3099504 0.5709744 0.7602099 -0.3099464 0.5709792 0.760208 -0.06701451 -0.3857965 0.9201469 -0.06701248 -0.3857911 0.9201493 0.2518875 -0.9575248 0.1403532 0.2518667 -0.9575238 0.1403966 0.3099496 -0.5709754 -0.7602094 0.3099468 -0.5709826 -0.7602051 0.770259 0.1503292 -0.6197599 0.7702567 0.1503314 -0.6197621 0.7702706 0.1503193 -0.6197477 0.7702571 0.1503356 -0.6197606 0.7702594 0.1503333 -0.6197584 0.770251 0.1503264 -0.6197705 -0.594757 0.520094 -0.6129978 -0.09804117 0.9881784 0.1178621 -0.5947573 0.5200961 -0.6129959 -0.09803342 0.9881782 0.1178705 0.4967198 0.468095 0.7308601 0.4967237 0.4680843 0.7308644 0.5947495 -0.5200968 0.6130027 0.5947559 -0.5200926 0.6130002 0.09801489 -0.988182 -0.1178546 0.09801036 -0.9881842 -0.1178395 -0.4967222 -0.4680812 -0.7308674 -0.4967157 -0.4680858 -0.7308689 -0.7720047 -0.1344442 0.6212355 -0.7720041 -0.1344545 0.621234 -0.7720019 -0.1344723 0.6212329 -0.7720029 -0.1344634 0.6212337 -0.7720038 -0.134453 0.6212347 -0.7720016 -0.1344716 0.6212334 -0.4981136 0.6947201 -0.51889 -0.7534065 0.6213292 -0.2152411 -0.4444258 0.8082448 0.3862981 -0.09641247 0.9520506 0.2903519 0.2221922 0.9632782 0.1507513 -0.2373251 0.6975615 -0.6760804 0.3409545 0.2677343 0.9011484 -0.2442376 0.3472355 0.9054145 -0.3542079 0.8607921 0.3654778 -0.8954841 0.1989374 0.3981611 -0.694801 0.6547417 -0.2975988 -0.9532482 -0.06344813 -0.2954526 -0.7399114 -0.1966285 -0.643326 -0.5122224 -0.2492446 -0.8218914 -0.6045203 -0.7963045 0.02131891 -0.348554 -0.9304475 -0.1130383 0.0903809 -0.6649243 0.7414224 -0.2159478 -0.5598194 0.7999806 0.05477857 0.3230406 0.9447985 -0.3224873 0.3575527 0.8764463 -0.4453141 -0.427933 0.7864915 -0.8317639 -0.524746 0.1811369 -0.5227918 -0.3377981 0.7826758 -0.7811645 -0.6085767 0.139343 -0.9049983 -0.1029719 -0.412765 0.4404014 0.2664237 0.8573594 0.2574064 0.9508152 0.1723151 -0.164353 0.6835372 -0.7111716 -0.4404004 -0.266422 -0.8573604 -0.2942875 -0.9453209 -0.1405826 0.1643511 -0.6835364 0.7111728 -0.7720067 -0.1344286 0.6212365 -0.7720057 -0.1344317 0.6212369 -0.7720019 -0.1344668 0.6212341 -0.7720056 -0.1344364 0.6212362 -0.7720061 -0.1344332 0.6212362 -0.7720019 -0.1344701 0.6212333 0.4404187 0.2664192 0.8573519 0.257426 0.9508146 0.1722894 0.4404203 0.2664262 0.8573489 0.2574305 0.9508143 0.1722842 -0.1643536 0.6835427 -0.7111662 -0.1643579 0.6835355 -0.7111721 -0.4404085 -0.2664284 -0.8573544 -0.4404158 -0.2664197 -0.8573532 -0.2942816 -0.9453223 -0.140585 -0.294312 -0.9453143 -0.140575 0.1643646 -0.6835363 0.7111698 0.1643614 -0.6835396 0.7111673 -0.0980333 0.9881793 0.1178612 -0.5947481 0.5200949 -0.6130058 -0.594747 0.5200939 -0.6130077 -0.0980367 0.9881791 0.11786 0.4967152 0.4680813 0.7308721 0.4967154 0.4680857 0.7308692 0.5947464 -0.5201012 0.6130021 0.5947509 -0.5200935 0.6130043 0.09803438 -0.9881789 -0.1178637 0.09803199 -0.988179 -0.1178645 -0.4967152 -0.4680864 -0.7308689 -0.4967141 -0.4680875 -0.7308688 -0.8954829 0.1989451 0.3981599 -0.8954815 0.1989468 0.398162 -0.8954899 0.1989445 0.3981444 -0.8954808 0.1989504 0.3981619 -0.8954821 0.1989486 0.3981598 -0.89548 0.1989349 0.3981713 0.7846924 0.03112697 0.6191034 -0.05334389 0.4894662 0.8703891 0.7542041 -0.03210026 0.655855 -0.05031812 0.5330231 0.8446032 -0.8596286 0.4380344 0.2629922 -0.8479466 0.4843927 0.2152915 -0.7847142 -0.03117918 -0.6190732 -0.8118186 -0.09848403 -0.5755446 0.03267568 -0.5340046 -0.8448501 0.01892322 -0.6020421 -0.7982401 0.8019815 -0.5687538 -0.1826063 0.8344518 -0.5032565 -0.2245511 0.8910658 -0.2078479 -0.4034864 0.8910588 -0.2078608 -0.403495 0.891063 -0.2078525 -0.4034901 0.8910589 -0.2078612 -0.4034947 0.8910656 -0.207848 -0.4034865 0.8910433 -0.207891 -0.4035136 0.7846912 0.03112471 0.6191051 -0.05030077 0.5330626 0.8445793 0.7847123 0.03117257 0.6190758 -0.05032145 0.5330157 0.8446077 -0.8479583 0.4843755 0.2152844 -0.8479611 0.4843713 0.2152824 -0.784709 -0.03116774 -0.6190804 -0.7847113 -0.03117287 -0.6190773 0.03267288 -0.5340066 -0.8448488 0.03267431 -0.5339893 -0.8448598 0.8344546 -0.5032504 -0.2245543 0.8344554 -0.5032485 -0.2245555 0.8910503 -0.2078783 -0.4035047 0.8910526 -0.2078741 -0.4035018 0.891063 -0.2078533 -0.4034897 0.891053 -0.2078729 -0.4035014 0.8910509 -0.2078772 -0.4035039 0.8910511 -0.2078766 -0.4035041 0.7846183 0.03113317 0.619197 -0.05041015 0.533078 0.8445631 0.7847215 0.03101259 0.6190724 -0.05052113 0.5331136 0.8445339 -0.8479354 0.4844088 0.2152996 -0.8479577 0.4843771 0.2152826 -0.784751 -0.03099203 -0.6190359 -0.7845778 -0.03116518 -0.6192467 0.03269338 -0.5340023 -0.8448507 0.03268063 -0.5340029 -0.8448509 0.8344866 -0.5031391 -0.2246844 0.8345547 -0.5030759 -0.2245732 -0.1227163 -0.1894094 0.9741995 0.1513383 -0.9219601 0.3564918 0.4423976 -0.8008772 0.4035841 0.3620454 -0.723593 -0.5876533 0.6280691 -0.6139463 -0.4781207 0.2489083 0.2242355 -0.9422118 0.5677284 0.2609485 -0.7807627 0.8759148 -0.4019424 -0.2668626 0.8290771 0.2439662 -0.5031021 0.005538463 0.9481021 -0.3179178 0.5377168 0.8387098 -0.08617752 0.4061079 0.684119 0.6058529 0.9586198 0.1596271 0.2357268 0.7637755 0.2583194 -0.5915387 0.8202388 -0.4672893 -0.3299227 0.734336 -0.544483 0.4053258 0.1855325 -0.09354382 0.9781755 -0.1954485 0.7456478 0.6370316 0.1171781 0.7478498 0.6534447 0.2849555 0.9275918 -0.241607 0.6238337 0.7751936 -0.09953165 0.4964702 0.6187788 0.608794 0.45166 -0.05591332 0.8904364 0.6642084 -0.6243727 0.4110791 0.5563477 -0.005071461 0.8309342 -0.07020515 0.93866 -0.3376222 -0.2698041 0.7534446 0.5996057 -0.1978986 -0.2025013 0.9590774 0.0703718 -0.9386339 0.33766 0.2714539 -0.7520574 -0.6006017 0.1977878 0.2024852 -0.9591036 0.2574148 0.9508143 0.1723079 0.4404047 0.2664257 0.8573572 0.4404047 0.2664226 0.857358 0.2574083 0.950815 0.1723132 -0.1643524 0.6835336 -0.7111753 -0.1643552 0.6835386 -0.7111697 -0.4404073 -0.2664288 -0.8573548 -0.4404103 -0.2664208 -0.8573557 -0.2943232 -0.9453115 -0.1405711 -0.2942859 -0.9453213 -0.140583 0.1643543 -0.6835343 0.7111741 0.1643548 -0.6835387 0.7111697 -0.3224917 0.3575757 0.8764353 -0.7352496 0.6296963 0.2507801 -0.8694505 -0.1900768 0.4559899 -0.9331702 0.1530627 -0.3252155 -0.7492899 -0.596251 -0.2881832 -0.4400333 0.2969435 0.847464 -0.1854159 -0.3779044 0.9070883 -0.367099 -0.8706677 0.3273776 -0.444341 -0.8305473 0.335786 -0.2730005 -0.3836162 0.8822184 -0.08894211 0.5113999 0.8547277 -0.7865412 0.5451188 0.2901694 -0.5593352 0.8182192 0.1328974 -0.9660791 0.1127287 -0.2323437 -0.799087 -0.5678158 -0.1975986 -0.1212826 -0.9670005 0.2240552 0.1141885 -0.3998894 0.9094226 0.1770245 0.5860359 0.7907113 -0.3085796 0.9511237 -0.01193302 -0.7948173 0.2511007 -0.5524618 -0.5757484 -0.641512 -0.5069282 0.4208583 -0.3681237 0.8290739 0.1533398 -0.9822051 0.1084441 -0.3261677 -0.629768 -0.7049873 -0.5634063 0.3369715 -0.7543366 -0.181771 0.1834651 0.9660745 -0.9047482 0.1528174 0.3975898 -0.8606645 -0.3427202 -0.3765628 -0.09361964 -0.807652 -0.5821801 0.6293687 -0.776986 -0.01370608 0.5742846 -0.2897632 0.7656595 0.3005499 -0.5447732 0.7828742 0.3195073 -0.931409 0.1743349 -0.8354982 -0.2137136 0.5062304 -0.2842667 -0.1903612 0.9396569 -0.8018839 -0.5915466 -0.08399426 -0.2167488 -0.9419829 -0.2562972 -0.1859694 -0.9219483 -0.3397452 -0.8306236 -0.5312375 -0.166887 -0.8632161 -0.1215586 0.4899812 -0.2600429 -0.08900892 0.961486 0.4003558 -0.4659834 0.7890341 -0.3517858 -0.7973482 0.4903903 0.4181872 -0.8997568 0.1247291 -0.3517929 -0.7973484 0.4903847 -0.3517875 -0.7973483 0.4903888 -0.3518051 -0.7973491 0.4903751 -0.3517928 -0.7973451 0.4903904 -0.3517981 -0.7973453 0.4903863 -0.351781 -0.7973548 0.490383 -0.07024127 0.9386541 -0.3376314 -0.2697991 0.7534598 0.5995889 -0.0702455 0.9386534 -0.3376321 -0.2698028 0.7534494 0.5996002 -0.1978887 -0.2024997 0.9590798 -0.1978877 -0.2024995 0.9590801 0.0704081 -0.938628 0.337669 0.0704171 -0.9386264 0.3376713 0.2714555 -0.7520505 -0.6006098 0.2714494 -0.7520722 -0.6005854 0.1978029 0.2024877 -0.9591 0.1977782 0.2024835 -0.959106 0.351793 0.797343 -0.4903935 0.3517742 0.7973435 -0.4904065 0.351718 0.7973776 -0.4903913 0.3517956 0.797331 -0.4904111 0.3518144 0.7973307 -0.4903982 0.3518627 0.7973325 -0.4903607 -0.07032096 0.9385953 -0.3377779 -0.2697991 0.7534623 0.5995858 -0.07039105 0.9386754 -0.3375405 -0.2697975 0.7534499 0.5996021 -0.1978806 -0.2025063 0.9590801 -0.1978906 -0.2025447 0.9590699 0.07034206 -0.9386047 0.3377475 0.07035785 -0.9386543 0.3376062 0.2714534 -0.7520721 -0.6005837 0.2714466 -0.7520398 -0.6006271 0.1978384 0.2027896 -0.9590289 0.1979447 0.2022626 -0.9591183 0.6202359 0.7666781 0.1658676 0.8576884 0.4715687 0.2049236 0.8821596 0.1827852 -0.4340323 0.6431677 0.3920259 -0.6577621 0.3732439 0.5203816 -0.7680444 0.3150786 0.9384348 0.141653 0.09019488 -0.4268195 -0.8998278 0.6266624 -0.4959853 -0.6010764 0.8290644 0.2439746 -0.5031189 0.9459927 -0.2802927 0.1628929 0.8020945 0.5622788 0.2012144 0.6496382 0.08900821 0.7550151 0.3409574 0.2676999 0.9011574 0.04280376 0.3871996 0.9210018 -0.2159486 -0.559831 0.7999723 0.1222831 -0.6079366 0.7845125 -0.1834163 -0.9765317 -0.1128914 0.1293954 -0.9901863 -0.05280113 0.4023442 -0.4884312 -0.7743088 0.6985419 -0.488483 -0.5228993 0.3973083 -0.91767 0.005304932 0.4660541 -0.5822538 0.6661638 0.4905035 -0.8710142 0.0272156 0.3703393 -0.599364 0.7096561 0.5727421 0.1405997 0.8075879 0.03487056 -0.4115694 -0.9107112 0.2965612 0.5452442 -0.7840665 0.2616901 0.9568074 0.1266406 -0.03486883 0.41157 0.9107109 -0.2965582 -0.5452427 0.7840688 -0.2616877 -0.9568084 -0.126639 0.3517876 0.7973531 -0.4903811 0.3517889 0.7973505 -0.4903845 0.351773 0.7973589 -0.4903821 0.3517861 0.7973495 -0.4903879 0.3517848 0.7973521 -0.4903846 0.3518048 0.7973546 -0.4903662 0.03485381 -0.4115612 -0.9107155 0.2965502 0.5452395 -0.784074 0.03485196 -0.4115585 -0.9107167 0.2965541 0.545248 -0.7840667 0.2617022 0.9568048 0.1266352 0.2616987 0.9568048 0.1266437 -0.03486865 0.4115605 0.9107152 -0.03486287 0.411566 0.9107129 -0.2965727 -0.5452412 0.7840642 -0.2965798 -0.5452305 0.784069 -0.2616938 -0.9568055 -0.1266475 -0.2616913 -0.956807 -0.1266418 0.9586188 0.1596326 0.2357277 0.9586182 0.1596367 0.2357271 0.9586194 0.1596213 0.2357328 0.9586176 0.1596367 0.2357296 0.9586182 0.1596327 0.2357302 0.9586204 0.159636 0.2357187 -0.2755467 0.9343368 -0.2260283 -0.06101918 0.2838515 -0.9569248 -0.3520913 0.9060327 -0.2348117 0.001569926 0.3000182 -0.9539323 0.191906 -0.6408704 -0.7432747 0.2689984 -0.6129351 -0.7429337 0.2745237 -0.9397135 0.2039004 0.1858338 -0.9522927 0.2420835 0.006429433 -0.3288305 0.9443671 -0.09357666 -0.3340499 0.9378988 -0.3685126 0.5970354 0.7125639 -0.2919441 0.6243205 0.7245638 -0.9586156 -0.1596409 -0.2357351 -0.9586143 -0.1596634 -0.2357248 -0.9586277 -0.1596769 -0.2356618 -0.9586098 -0.159655 -0.2357491 -0.958611 -0.1596326 -0.2357595 -0.9586151 -0.1595767 -0.2357805 -0.2755307 0.9343417 -0.2260277 0.001540482 0.2999989 -0.9539383 -0.275529 0.934341 -0.2260323 0.001536548 0.2999957 -0.9539393 0.2689744 -0.6129249 -0.7429507 0.2689824 -0.6129276 -0.7429457 0.274526 -0.9397045 0.203939 0.2745254 -0.939713 0.2039006 0.006400346 -0.3288063 0.9443758 0.006398499 -0.3288047 0.9443763 -0.2919344 0.6243299 0.7245595 -0.2919357 0.624327 0.7245616 -0.9586207 -0.1596328 -0.2357197 -0.9586195 -0.1596347 -0.235723 -0.9586244 -0.1596382 -0.2357012 -0.9586191 -0.1596366 -0.2357239 -0.9586201 -0.1596347 -0.2357207 -0.9586204 -0.1596196 -0.2357301 0.004382789 0.5346082 0.8450887 0.2752137 0.9613247 -0.01059895 -0.04003667 0.9984407 -0.0389012 0.1730978 0.4644755 -0.8685043 -0.1343996 0.5397291 -0.8310411 -0.1784045 -0.4681247 -0.8654658 -0.4591355 -0.3212966 -0.828229 -0.4883882 0.5569255 -0.6717968 -0.7359743 -0.09955757 -0.6696493 -0.427924 -0.9038035 -0.004513084 -0.8635799 -0.5010808 -0.05610573 -0.7719852 -0.1344949 0.6212487 -0.9364458 0.3433374 -0.07203209 -0.6700583 -0.1629642 -0.7241992 -0.3971624 0.5606963 -0.7265548 -0.4164091 0.9066416 -0.06785613 -0.2702743 0.5961229 0.7560353 -0.3256447 -0.4070018 0.853408 -0.5949825 -0.2649107 0.758827 -0.6894017 -0.7236144 -0.03327924 -0.9115186 -0.4063152 -0.06357485 -0.8395426 -0.05657023 0.5403407 -0.5113421 0.6080839 0.6072589 -0.3178256 0.9461963 -0.06082332 -0.5919706 0.5999022 0.5382269 -0.3689946 -0.9294298 0.001841783 -0.2502313 -0.4371939 0.8638552 0.1218829 0.4860461 0.8653923 0.3554987 0.9346728 -0.002778112 0.2669766 0.4558702 -0.8490619 -0.1205807 -0.4863526 -0.8654026 0.9459937 -0.2802889 0.1628928 0.9459941 -0.2802906 0.1628878 0.9459933 -0.2802809 0.1629096 0.9459953 -0.2802875 0.1628861 0.945995 -0.2802858 0.1628911 0.9459911 -0.2802996 0.1628896 -0.3689967 -0.9294289 0.001841962 -0.2502269 -0.4372088 0.8638489 -0.3689712 -0.929439 0.001843214 -0.2502232 -0.437196 0.8638566 0.1218949 0.4860377 0.8653953 0.1218946 0.4860377 0.8653953 0.3555227 0.9346636 -0.00277543 0.3555145 0.9346666 -0.002776265 0.2669754 0.4558652 -0.8490649 0.2669559 0.4558457 -0.8490815 -0.1205812 -0.4863516 -0.865403 -0.1205733 -0.4863561 -0.8654016 -0.9459967 0.2802846 -0.1628831 -0.9459969 0.2802962 -0.162862 -0.9459787 0.2803623 -0.162854 -0.9460036 0.2802696 -0.1628687 -0.9460034 0.2802581 -0.1628898 -0.9460009 0.280237 -0.1629408 -0.3689993 -0.9294279 0.001836895 -0.2876694 -0.4192813 0.8610747 -0.3689792 -0.9294359 0.00184518 -0.2877044 -0.4192626 0.8610721 0.1218976 0.4860377 0.8653949 0.1219022 0.4860342 0.8653963 0.355451 0.9346908 -0.002799391 0.3554667 0.9346851 -0.002714514 0.2669656 0.4558556 -0.8490732 0.2669535 0.4558295 -0.8490909 -0.1206003 -0.4863407 -0.8654065 -0.1206043 -0.486335 -0.8654091 -0.4527914 0.2096556 -0.8666168 0.2326909 -0.4235938 -0.8754562 -0.1047049 -0.6082933 -0.7867758 0.415405 -0.9012461 -0.1232648 0.04403048 -0.9769929 -0.2086775 0.1573159 -0.5811213 0.7984672 0.6751774 -0.736637 -0.03874933 0.4637775 -0.2129867 -0.8599693 -0.2489286 0.4718789 -0.8457925 -0.783043 0.6219323 -0.006629407 -0.253398 -0.8500801 0.4616854 -0.8190779 -0.3229143 0.4741706 -0.6583873 -0.6998753 -0.2769494 0.1607781 -0.9725468 -0.1682354 -0.01565295 -0.5644739 -0.8253026 -0.6278656 -0.1050531 -0.7711995 -0.9364431 0.3433467 -0.07202464 -0.5715601 0.09841233 0.8146374 -0.7356792 -0.1301995 0.6646987 -0.06257575 -0.7575017 0.6498274 -0.3203954 -0.8673962 0.38075 -0.8335714 -0.3891435 0.3920792 -0.9830718 0.08352482 -0.1630755 -0.5813573 -0.03728175 -0.812794 -0.9823346 -0.02048581 -0.186008 -0.945992 0.2802973 -0.1628885 -0.9459909 0.2802979 -0.1628937 -0.945998 0.2802862 -0.1628732 -0.9459916 0.2802945 -0.162896 -0.9459926 0.280294 -0.1628908 -0.9459871 0.2803138 -0.1628885 0.2120276 -0.5254964 0.8239526 -0.5194328 0.1562095 0.840112 -0.7190218 0.6949042 0.0107631 -0.2120279 0.5254945 -0.8239538 0.5194298 -0.1562103 -0.8401138 0.7190873 -0.6948382 -0.01064765 0.2965581 0.5452382 -0.7840718 0.03486818 -0.411563 -0.910714 0.03486776 -0.4115666 -0.9107125 0.2965526 0.5452356 -0.7840758 0.2616865 0.9568073 0.1266489 0.2616934 0.9568063 0.1266428 -0.03486835 0.411557 0.9107168 -0.03486078 0.4115624 0.9107147 -0.2965535 -0.5452421 0.7840708 -0.2965545 -0.5452422 0.7840704 -0.2616885 -0.9568074 -0.1266442 -0.2616922 -0.9568071 -0.1266393 0.008732616 -0.9640868 -0.265444 0.4732801 -0.537739 -0.6977412 0.7226235 -0.6783598 0.1328283 0.9176844 -0.005277216 -0.3972749 0.9171025 0.1245493 0.3786959 0.9452737 -0.07128328 -0.3183969 0.5308175 -0.5794372 -0.618454 0.1184856 -0.9710335 -0.2074979 -0.01384329 -0.8476852 0.5303191 0.4790725 -0.2991408 0.8252298 0.4984709 -0.3904724 0.7739886 0.1135916 -0.8664042 0.4862517 -0.2456095 -0.9116212 -0.3295799 0.3044149 -0.4147632 -0.8574982 -0.2519271 -0.7744195 0.5803509 0.2825324 -0.1236045 0.951261 0.93344 0.021393 0.3580949 0.8397158 0.3612672 0.4054175 0.6393952 0.6501976 0.4103863 0.05371624 0.09388601 0.9941328 -0.525394 -0.6107624 0.5923939 -0.5184991 -0.759369 -0.393087 0.08916074 -0.2102688 -0.9735695 0.8458225 0.2492591 -0.4716506 0.6462742 0.5016116 -0.5750786 -0.9446594 -0.306735 -0.1163286 -0.9446598 -0.3067328 -0.1163305 -0.9446542 -0.306752 -0.116326 -0.9446596 -0.3067325 -0.1163343 -0.944659 -0.3067347 -0.1163324 -0.9446643 -0.3067231 -0.1163198 0.2120367 -0.5254801 0.8239606 -0.5194224 0.1562052 0.8401193 0.2120327 -0.5254766 0.8239639 -0.519429 0.1562121 0.8401139 -0.7190101 0.6949164 0.0107578 -0.7190064 0.6949204 0.01075643 -0.2120304 0.5254843 -0.8239596 -0.2120397 0.5254799 -0.82396 0.51944 -0.1561985 -0.8401097 0.51944 -0.156182 -0.8401127 0.7190532 -0.6948738 -0.0106315 0.7190569 -0.69487 -0.01063251 0.9446591 0.3067322 0.1163386 0.944667 0.306707 0.1163407 0.9446864 0.3066654 0.1162926 0.9446577 0.3067288 0.1163588 0.9446498 0.3067539 0.1163567 0.9446346 0.3068059 0.1163439 -0.2742361 -0.7495777 -0.602435 -0.08453297 -0.1121246 -0.990092 -0.027579 -0.1189572 -0.9925163 -0.4944349 -0.6203491 -0.6088524 -0.0950784 -0.06166428 -0.9935581 -0.6201082 -0.4878469 -0.614387 -0.1104668 -0.009904682 -0.9938305 -0.8317113 0.435494 -0.3443855 -0.2121958 0.7695171 -0.6023424 -0.191001 0.3989992 -0.8968379 -0.8156959 0.1646259 -0.5545615 -0.1361988 0.05207878 -0.9893118 -0.7586225 -0.1269506 -0.6390428 -0.723508 -0.2996339 -0.6218969 -0.9071778 -0.4095622 0.09637117 -0.7908562 -0.604066 0.09823852 -0.614191 -0.7823486 0.1034417 -0.355039 -0.9293797 0.1009992 -0.1334134 -0.7955139 -0.5910656 -0.0275973 -0.1189563 -0.992516 0.1230844 0.6525467 -0.7476851 -0.1833469 -0.9777775 0.1016625 -0.9762055 -0.1713009 0.1329621 -0.9762061 -0.1712946 0.1329659 -0.9619717 -0.2575393 0.09101647 0.404063 0.5019148 -0.7647318 0.2422372 0.5977904 -0.7641779 0.1845209 0.9775567 -0.1016612 -0.1357309 -0.6363782 0.7593417 -0.2408053 -0.5984058 0.7641487 0.01937371 0.1358299 0.9905428 0.01938241 0.1358644 0.9905378 0.1338889 0.7954239 0.5910792 0.25367 0.765948 0.5907413 0.3578173 0.9283061 -0.1010681 0.6238231 0.7752114 -0.09945875 0.7913233 0.6034342 -0.09836119 0.5035664 0.3912137 -0.7703071 0.9073725 0.4090983 -0.09650808 0.5677373 0.260951 -0.7807554 0.9644984 0.2397229 -0.1107963 0.5778312 0.2007158 -0.7910906 0.9760943 0.1723644 -0.1324031 0.4964438 0.6187859 0.6088085 0.08521026 0.1144918 0.989763 0.6268642 0.4734745 0.6187594 0.7060162 0.3202911 0.6316288 0.752745 0.1452379 0.6420912 0.8059769 -0.1300196 0.5774912 0.848784 -0.4197503 0.3215206 0.9760943 0.1723703 -0.1323949 0.2314346 -0.7736734 0.589803 0.1863843 -0.3636182 0.9127117 0.1293545 -0.02072674 0.9913818 0.1051121 0.0486676 0.9932689 0.1051216 0.04866188 0.9932681 -0.5034298 -0.3913567 0.7703236 -0.4029642 -0.5027263 0.7647786 -0.5790759 -0.239068 0.7794342 -0.5773441 -0.1914501 0.7937385 -0.5448654 -0.3787528 0.7481097 -0.5350069 -0.6489239 0.5409855 -0.5084289 -0.8249678 0.2468367 -0.9686843 -0.2469757 -0.02557271 -0.9702564 -0.2190309 0.1030924 -0.4036462 -0.2433396 -0.8819613 0.3102547 0.0722351 -0.9479051 0.2897946 0.1062055 -0.951178 -0.4079809 -0.1583828 -0.8991478 -0.8511666 -0.442617 -0.2821449 -0.91482 -0.2886558 -0.2824577 -0.4079906 -0.1583916 -0.8991417 -0.9257009 -0.2494782 -0.2843213 -0.4205023 -0.3751556 -0.826097 -0.9448351 -0.2231347 -0.239787 -0.4738287 -0.6910582 -0.5458249 -0.9420229 -0.2679398 -0.2019934 -0.4990516 -0.8566139 -0.1309968 0.1858153 -0.9522969 0.2420816 0.8030914 -0.5842614 0.1169747 0.9644959 0.2397195 -0.1108255 0.3220422 -0.2908119 -0.9009535 0.9441363 0.2308913 0.2351512 0.8729815 -0.05957198 -0.4841019 0.8777616 -0.3753053 -0.2977927 0.2714107 -0.752066 -0.6006106 0.1916518 -0.9724259 -0.1328815 0.8249884 -0.5616542 -0.06276142 0.9685559 0.2402564 0.06462585 0.9517484 0.2367451 0.1952612 0.4223561 0.4132975 0.8067221 0.4611673 0.689739 0.5581979 -0.3224908 0.3575887 0.8764304 -0.2698235 0.753419 0.5996292 0.4992198 0.8509679 0.1631973 0.5097916 0.8242732 -0.2463459 -0.1982318 0.9660272 0.1658181 -0.8748408 0.3824673 0.2972752 -0.8778554 0.0966978 0.4690623 -0.3265276 0.04695659 0.9440206 0.4250712 0.1632812 0.8903111 0.9321677 0.2315405 0.2783028 0.8555782 0.1519535 -0.4948699 0.3488904 0.0217812 -0.9369104 0.4250715 0.1632525 0.8903161 0.8458498 0.2491986 -0.4716337 0.9170976 0.2682513 0.2949123 0.8522616 0.4404093 0.2822942 0.5431904 0.4028451 -0.7366546 0.5220375 0.6742604 -0.5223503 -0.187531 0.9483976 -0.2556837 -0.8294343 0.5489851 0.1032185 -0.8632323 -0.1213432 0.4900062 -0.8497743 -0.2370382 0.4708467 -0.7995601 -0.3806433 0.4645582 -0.7088155 -0.6508747 -0.2719244 -0.822079 0.5568314 -0.118848 -0.6721886 -0.5769124 0.4640417 -0.2916612 -0.1015769 0.9511131 -0.314498 -0.05472344 0.9476795 0.4037591 0.243096 0.8819767 0.3389547 0.3516134 0.872627 0.7177142 0.6404103 0.2734248 0.5172731 0.8153077 0.260196 0.2529507 0.4297115 0.8668125 -0.1683798 -0.2222424 0.9603419 -0.2486774 -0.1696509 0.9536132 0.7834056 0.3909537 -0.4831471 0.6734479 0.5756123 -0.4638304 0.4868312 0.7385535 -0.4664057 0.2197998 0.9412837 0.2562675 0.1218857 0.4860697 0.8653787 -0.05430954 -0.2894577 0.9556489 -0.4834733 -0.7406868 0.4665155 -0.5141725 -0.8172704 -0.2601842 -0.1902824 -0.8631186 0.4677808 0.006440818 -0.3288546 0.9443586 0.03862988 0.5057304 0.8618264 0.0324229 0.9671585 0.2520977 0.1928299 0.8625206 -0.4678408 0.1677545 0.2200079 -0.9609656 0.2488527 0.1698049 -0.9535401 -0.003741741 -0.8965734 0.4428796 -0.2167623 -0.9419874 -0.2562696 -0.03014492 -0.9672289 -0.2521101 -0.3384991 -0.3520733 -0.8726184 -0.2522462 -0.4300976 -0.8668264 0.08336436 0.3025576 -0.9494785 0.009157896 0.8896563 -0.4565389 0.00156337 0.3000094 -0.953935 -0.03744632 -0.5057318 -0.8618777 -0.1205802 -0.4863444 -0.8654072 0.1051003 0.04866403 0.9932702 0.05449295 0.03491729 0.9979035 0.10511 0.0486676 0.9932691 0.05441641 0.03493905 0.9979069 0.05450582 0.03494459 0.9979019 0.05448514 0.03494089 0.9979031 0.05450707 0.03494489 0.9979018 0.1051148 0.04866558 0.9932687 0.1051144 0.04866701 0.9932687 0.1051142 0.04866725 0.9932687 0.1050975 0.04865694 0.9932709 0.105115 0.04868924 0.9932675 0.105115 0.04868662 0.9932676 0.944661 0.3067323 0.1163219 0.9446597 0.3067355 0.1163259 0.9446665 0.3067204 0.1163091 0.9446604 0.3067319 0.1163288 0.9446619 0.3067288 0.1163249 0.944657 0.3067451 0.1163211 -0.1104731 -0.009886562 -0.9938299 -0.09508144 -0.06166785 -0.9935576 -0.09507781 -0.0616641 -0.9935582 -0.1104658 -0.009896755 -0.9938307 -0.1104723 -0.009883821 -0.9938301 -0.09507679 -0.06166332 -0.9935583 -0.09508484 -0.06167024 -0.9935572 -0.05127388 -0.03428375 -0.998096 -0.05121374 -0.03430551 -0.9980983 -0.05124753 -0.03430247 -0.9980968 -0.05132311 -0.0343157 -0.9980924 -0.05130368 -0.03431218 -0.9980935 -0.1104639 -0.009893298 -0.9938309 0.001574516 0.3000218 -0.953931 -0.2755439 0.9343371 -0.2260306 -0.275543 0.9343382 -0.2260273 0.001550734 0.3000065 -0.9539359 0.2689672 -0.6129214 -0.7429563 0.2690062 -0.6129385 -0.7429282 0.2745239 -0.9397143 0.2038968 0.2745239 -0.9397124 0.2039051 0.006415188 -0.3288187 0.9443714 0.00642848 -0.3288303 0.9443672 -0.2919445 0.624324 0.7245606 -0.291939 0.6243206 0.7245657 -0.9364509 0.3433275 -0.07201337 -0.9364512 0.3433272 -0.07201111 -0.9364501 0.343329 -0.07201832 -0.936452 0.3433257 -0.07200801 -0.9364516 0.3433266 -0.07201015 -0.9364494 0.3433306 -0.07201844 -0.9920011 -0.1256067 0.01252943 -0.9920179 -0.1254789 0.01247006 -0.9920039 -0.125585 0.01251935 -0.9920095 -0.1255435 0.01250004 -0.9936424 0.1076676 0.03290116 -0.9936438 0.1076533 0.03290754 -0.9936444 0.1076446 0.03291386 -0.9936441 0.1076495 0.03291076 0.09396857 0.9955478 0.00738734 0.09401434 0.9955437 0.007368683 0.09395045 0.9955495 0.007394731 0.0940324 0.995542 0.007361292 -0.01368516 -0.9994863 -0.02898252 -0.01368516 -0.9994863 -0.02898246 -0.01368516 -0.9994863 -0.02898252 -0.0147823 -0.9994839 -0.02852165 -0.0147823 -0.999484 -0.02852159 -0.0147823 -0.999484 -0.02852159 -0.107515 -0.9940396 -0.01805514 -0.3689854 -0.9294334 0.001847386 -0.1075342 -0.9940375 -0.01805263 -0.3689762 -0.9294371 0.00184673 -0.8250733 -0.5636273 0.03973203 -0.8250676 -0.5636355 0.03973215 -0.9979897 0.01921343 0.06039595 -0.9980056 0.01925659 0.06011778 -0.8147152 0.5782685 0.04295271 -0.8147245 0.5782563 0.04294019 -0.3014099 0.952804 0.0362842 -0.3013949 0.9528007 0.03649663 0.05660831 0.9982866 0.01481688 0.05684977 0.9982738 0.01475369 0.9358721 -0.3449494 0.07178735 0.9358725 -0.3449496 0.07178121 0.9358738 -0.3449469 0.0717774 0.9358757 -0.3449441 0.07176661 0.9358747 -0.3449457 0.07177209 0.935871 -0.344952 0.07179069 -0.08459788 -0.112185 -0.9900797 -0.08458149 -0.1121644 -0.9900834 -0.08457326 -0.1121523 -0.9900856 -0.08459329 -0.112173 -0.9900814 -0.08459001 -0.1121745 -0.9900816 -0.01590216 -0.08002144 -0.9966664 -0.02759194 -0.1189797 -0.9925132 -0.02759397 -0.1189917 -0.9925118 -0.02759689 -0.1190084 -0.9925097 -0.01598131 -0.07994794 -0.996671 -0.01601564 -0.07991766 -0.9966728 -0.02758818 -0.1189785 -0.9925135 -0.01589983 -0.08001929 -0.9966666 -0.9762093 -0.1712877 0.1329508 -0.9762027 -0.1713144 0.1329654 -0.9762076 -0.171292 0.132959 -0.9762011 -0.1713069 0.1329868 -0.9942539 0.07973486 0.07142508 -0.9942649 0.07963186 0.0713877 -0.9942604 0.07967448 0.07140284 -0.9942567 0.07970774 0.07141607 0.0172913 0.9897829 -0.1415309 0.01729172 0.9897822 -0.1415349 0.01729148 0.9897826 -0.1415322 0.0173003 0.9897825 -0.1415323 0.01730042 0.9897823 -0.1415335 0.01730006 0.9897829 -0.1415296 0.01422864 -0.9860954 0.16557 0.0142306 -0.986096 0.165566 0.01421892 -0.9860932 0.1655845 0.01421391 -0.9860924 0.1655891 -0.2598874 0.8973569 0.356664 -0.2580361 0.4088431 0.8753654 -0.476361 0.3082252 0.8234546 -0.08257436 0.4313127 0.8984158 0.0814467 0.3480555 0.9339293 0.1229112 0.9121153 0.3910735 -0.1495074 0.9492326 -0.2767763 -0.6289376 0.7209924 0.2908736 -0.5944197 0.1759785 0.7846636 0.1149207 -0.323964 0.9390637 0.07225245 -0.3891381 0.9183416 -0.08266079 -0.4473832 0.8905142 0.145034 -0.9491295 0.279497 -0.2470799 -0.9423635 0.2256158 0.2620396 -0.897814 -0.3539284 -0.1170819 -0.9149047 -0.3863177 0.2629379 -0.4047821 -0.8757939 0.09017568 -0.4268234 -0.8998279 0.05171376 0.4690777 -0.8816416 0.2669649 0.4558362 -0.8490837 0.2469008 0.9435775 -0.2206842 0.4541217 0.7832971 0.4245222 0.762883 0.4117244 0.4984903 0.1694558 0.1890214 0.9672413 -0.07634878 0.3888814 -0.9181189 0.4497734 -0.3126159 -0.8366452 0.6272374 -0.7224999 -0.2908046 0.5165403 -0.7852356 0.3414546 0.7116538 -0.571253 0.4089241 0.08022755 -0.2954573 0.9519814 0.7904767 -0.3828396 0.4781007 0.0802713 -0.2954694 0.951974 0.8109105 -0.2109838 0.5458115 0.1149489 -0.3239675 0.939059 0.7859807 -0.03193002 0.617426 0.1149116 -0.3239728 0.9390617 0.716838 0.1427688 0.6824664 0.6225137 0.2856144 0.7286297 0.6202417 0.7666833 0.1658223 0.5063577 0.3976818 0.7651478 -0.1391831 -0.823377 0.5501623 -0.01390027 -0.1415008 0.9898406 0.2174159 -0.169144 0.961312 0.005098819 -0.1969785 0.9803946 -0.3356028 -0.7709713 0.5412709 0.08182072 -0.2439572 0.9663283 -0.404877 -0.7396673 0.5375564 0.1149121 -0.3239814 0.9390587 -0.4776788 -0.692121 0.5411021 -0.5803585 -0.5881878 0.5632222 -0.6771782 -0.4128335 0.6090964 -0.7166559 -0.1894498 0.6712028 -0.6697891 0.003740012 0.742542 -0.7878794 -0.5264356 0.3195494 -0.7719956 -0.134513 0.621232 -0.946114 0.3001557 0.1215522 -0.985108 -0.1171954 -0.1258077 -0.6119565 0.6153607 -0.4968305 -0.6697332 0.4586368 -0.5840461 -0.5655843 0.3007564 -0.7678933 0.02234721 0.8496194 -0.5269227 -0.2574847 0.1780946 -0.9497284 -0.05074131 0.8525476 -0.5201807 0.001669585 0.1581501 -0.9874138 0.1396739 0.8236033 -0.5496988 0.3623384 0.762389 -0.5361659 0.4670875 0.8651055 0.1828162 0.3420658 0.4944313 0.7990798 0.1375917 0.7431249 -0.6548542 0.5031694 0.864008 0.0176292 0.1801405 0.959773 0.2153724 0.1801385 0.9597768 0.2153569 0.1143824 0.5658431 0.8165404 0.2612352 0.5764109 0.7742783 -0.3169189 0.4317169 0.8445016 -0.004870057 -0.2583702 0.9660337 -0.1763508 -0.3283963 0.9279313 -0.2303734 0.4674915 0.8534517 0.006421744 -0.328805 0.9443761 -0.476319 0.3082125 0.8234837 -0.1521739 -0.5478253 0.8226364 -0.6601243 0.7033036 0.2638183 -0.4678522 0.7410151 -0.481675 0.1441495 0.5225098 -0.8403597 0.7848545 0.5310602 -0.3193409 0.7628882 0.4117235 0.4984833 -0.01091808 0.2467557 -0.9690162 0.9871122 0.108614 0.1175267 0.7465636 0.07639998 -0.6609129 0.9191943 -0.3616738 -0.1558015 0.356025 -0.3792403 -0.8540627 0.5268593 -0.8027089 -0.2794243 0.2435179 -0.9167293 -0.3167121 0.392419 0.2930523 -0.8718531 0.5439587 -0.3614392 -0.7572785 0.2803418 0.2597597 -0.9240853 0.4684483 -0.3820735 -0.7966028 0.5268345 -0.8027333 -0.2794008 0.429138 -0.8568628 -0.2857043 0.2232493 -0.8086814 0.5442373 0.1404873 -0.8792856 0.4551045 0.3044854 -0.9022938 -0.3052126 0.09154677 -0.9034697 0.4187622 0.2027967 -0.8767617 0.4360762 0.4329131 -0.7694095 0.4696758 0.6004052 -0.6372016 0.4832056 0.6723746 -0.473632 0.5688456 0.574303 -0.2897457 0.7656524 0.03636246 -0.8476731 0.5292715 -0.01384264 -0.847686 0.5303177 -0.1438397 -0.7368925 0.6605299 -0.2171546 -0.2694138 0.9382218 -0.2504072 -0.2185371 0.9431532 -0.3168604 -0.15742 0.9353173 0.2314129 -0.773658 0.5898317 -0.5765865 -0.4016174 0.7115136 0.2232336 -0.8086811 0.5442442 -0.5920402 -0.7863825 0.1763266 0.2596568 -0.8507699 0.4569123 -0.2942987 -0.9453204 -0.140562 0.1922941 -0.8301635 0.5233084 -0.1379292 -0.9634258 -0.2297528 -0.01091414 -0.8243214 0.5660169 0.008687078 -0.9640804 -0.2654686 -0.01386618 -0.8476849 0.5303189 0.1563877 -0.951709 -0.2641838 0.077286 -0.8551057 0.5126609 -0.01389688 -0.1415387 0.9898352 0.00511384 -0.1969721 0.9803957 0.004381597 0.5346038 0.8450915 -0.08893096 0.5113971 0.8547306 -0.09643906 0.9520465 0.2903568 0.6779294 -0.7163712 -0.1649973 0.8532059 -0.509468 0.111724 0.7064166 -0.273542 -0.652802 0.8273951 -0.2627099 0.4963878 0.5330284 -0.1786452 0.8270227 0.120909 -0.1390016 0.9828833 0.1806477 0.5524871 0.8137103 -0.001928985 0.964046 0.2657286 0.1426191 0.9639283 0.2247266 0.02235639 0.8496214 -0.5269193 -0.005295634 0.8249403 -0.5651952 0.03898692 0.1821818 -0.9824917 -0.1528995 0.1379124 -0.9785714 -0.2252961 0.8393071 -0.4947781 -0.6239318 0.1548051 -0.7659925 -0.05074441 0.8525448 -0.5201851 0.07450312 0.2281951 -0.9707607 0.1704123 -0.4969405 -0.8508877 0.0326718 -0.5340127 -0.844845 -0.1920365 -0.5516641 -0.811658 -0.6200936 -0.4878685 -0.6143846 -0.9798151 -0.1959944 -0.03935164 -0.9025431 0.3507982 -0.2497131 -0.78365 0.611371 0.1100825 -0.2223935 0.8625093 -0.4545535 -0.205074 0.8206505 -0.5333642 -0.2935223 0.8778938 -0.3783481 0.6086114 0.5461199 -0.575626 -0.8239181 0.1964527 0.5315689 -0.5157474 0.4015828 0.7567932 -0.3939681 0.4188024 0.8181649 -0.3939493 0.4187778 0.8181865 -0.4526758 0.8382094 0.3041214 -0.5649822 0.7761727 0.2799126 -0.2865664 0.906401 0.31035 -0.2223669 0.8625061 -0.4545727 -0.3310979 0.901737 0.2779295 -0.09334051 0.9030945 -0.4191752 -0.3751016 0.87362 0.309979 -0.1268779 0.8866849 -0.4446255 -0.1869665 0.8479624 -0.4959873 0.2533311 0.3116508 -0.9158041 0.1858893 0.3349165 -0.9237295 -0.01093542 0.2467964 -0.9690057 0.1704136 -0.4969549 -0.850879 0.3477072 -0.4183081 -0.8391174 -0.4747581 -0.203525 -0.8562607 -0.4262799 -0.8251376 -0.3707204 -0.3346835 -0.2704792 -0.9026783 -0.006122291 0.5550873 -0.8317695 0.1811699 0.3999787 -0.8984401 0.2489461 0.2242297 -0.9422033 0.6598607 0.6756598 -0.3287367 0.854826 0.3327 -0.3982254 -0.6014616 -0.07252907 -0.7956027 0.2124051 0.1250501 -0.9691474 0.8877089 0.04948091 -0.4577386 0.1524693 0.1068143 -0.9825192 0.8251386 -0.2019782 -0.5275899 0.2849208 0.9276107 -0.2415749 0.4339777 0.822043 0.3686581 0.7538951 0.5913836 0.2861954 0.9453107 0.2704714 0.1822989 0.9902307 -0.03476238 0.135036 0.9358587 -0.3449983 0.07172715 0.6552122 -0.4195653 -0.6282212 0.134576 0.1556087 -0.9786089 -0.5039662 0.6370295 -0.5832765 -0.6597698 0.3369757 -0.671678 -0.9364143 0.3434115 -0.07208949 -0.9901858 0.03196346 -0.1360532 -0.8870544 -0.04010498 0.4599196 -0.8239349 0.1964396 0.5315475 -0.719012 0.6949147 0.01074254 -0.6442592 0.4536814 0.6157137 0.1311887 0.8882969 0.4401342 0.3409717 0.2677328 0.9011424 0.4808259 0.1975058 0.8542822 0.6057544 0.0929284 0.7902063 0.6726927 -0.1111447 0.7315267 0.6563462 -0.3473867 0.6697255 0.719096 -0.6948283 -0.010706 0.4283426 -0.6044066 -0.6717256 0.1677398 0.2199663 -0.9609777 -0.1870036 0.8479524 -0.4959903 -0.3625416 0.9268301 0.09772169 0.3650839 -0.925873 -0.09732931 0.1919599 -0.6408628 -0.7432673 0.03957885 -0.9847872 -0.1691976 -0.09823495 -0.9047579 0.4144432 -0.3415339 -0.9024205 -0.2626635 0.17975 -0.8509865 0.4934694 0.480113 -0.6456857 0.5937858 0.2315136 0.2671283 0.9354379 0.1389045 0.2110105 0.9675641 -0.1390219 0.8420894 0.5211126 0.08520561 0.1144882 0.9897639 -0.4359048 0.6427294 0.629989 0.1220664 0.08417308 0.9889463 -0.01355302 0.9861817 -0.1651119 -0.3025879 0.9481387 -0.09733217 -0.1700983 0.6117067 -0.7725811 -0.4480886 -0.7895975 -0.4192284 -0.560037 -0.8053882 0.1941868 -0.2876848 -0.4192767 0.8610718 -0.3992753 -0.3995466 0.825192 -0.5773374 -0.1914407 0.7937456 -0.6470503 0.2390027 0.7240191 -0.6584463 0.7525803 -0.008447527 -0.3155871 0.5965116 -0.7379558 -0.9736703 0.2074999 0.09439414 -0.8933058 -0.4184392 0.1640532 -0.5645253 0.5025038 -0.6548293 -0.08457571 -0.1121774 -0.9900825 -0.8105059 0.1245887 -0.5723267 -0.133565 -0.09510439 -0.9864662 -0.7628434 -0.4278507 -0.4847821 -0.1685933 -0.1910482 -0.9669938 0.6510432 -0.2325102 -0.7225522 0.5778497 0.2007323 -0.791073 -0.2054341 -0.2815238 -0.9373053 -0.1362299 -0.2079851 -0.9685988 0.4495433 -0.6387604 -0.6244165 0.9665405 -0.2390291 -0.09308397 0.8927521 0.4203563 -0.1621555 0.5604314 0.8060148 -0.1904122 0.4011275 0.4107879 -0.8187491 -0.07394909 -0.3465518 -0.9351114 0.1635782 -0.843881 -0.5109865 0.6594238 -0.7516605 0.01292407 -0.1222264 -0.8886954 -0.4419066 0.3042888 -0.9473696 0.09949457 0.5571985 -0.5026838 0.6609378 0.8059926 -0.1300168 0.5774701 0.3279007 -0.6083835 0.7227383 0.01422297 -0.9860889 0.1656097 -0.857501 -0.3234174 0.4001165 -0.2503932 -0.2185287 0.9431588 -0.1854072 -0.3779013 0.9070914 -0.0178979 -0.5494247 0.8353515 0.1663064 -0.6101051 0.7746702 -0.318239 -0.9167835 0.2413129 -0.7492879 -0.5962527 -0.2881848 -0.6650859 -0.6695338 0.3307344 -0.9420168 -0.2679474 -0.2020114 -0.6721331 0.1016494 -0.7334198 0.5887272 -0.8054126 -0.06863665 0.743264 -0.3858477 0.5465165 0.8298392 -0.5479465 -0.1054584 0.5527977 -0.5905564 0.5879269 0.8690444 -0.04263085 0.4928939 0.9746849 -0.1727898 -0.1418908 0.7585602 0.4895753 0.430003 0.8658391 0.4409501 -0.2364017 0.3458484 0.9004094 0.2639167 0.4401406 0.8314002 -0.3391902 0.5103355 0.1179057 -0.8518545 0.5949326 -0.1752909 -0.7844287 0.5136018 -0.4506825 -0.730136 0.3579778 -0.6346354 -0.6849014 0.1142495 -0.7645646 -0.6343406 0.284125 -0.9587164 -0.01165783 0.3250497 -0.6947953 0.6415624 0.2358292 0.3127844 0.9200818 0.0600236 0.5422549 0.8380673 -0.1689653 0.6308487 0.7572851 -0.0354157 0.9848439 0.1697893 0.09311497 0.9034985 -0.4183541 0.3193361 0.271811 -0.9078233 -0.0561527 -0.5483594 -0.8343555 -0.2342306 -0.3192351 -0.9182729 -0.2467027 -0.1132318 -0.9624534 -0.1887431 -0.0528537 -0.9806032 -0.1887276 -0.05287128 -0.9806053 -0.1887158 -0.05285316 -0.9806085 -0.2111481 -0.09374666 -0.9729481 -0.1643671 -0.818486 -0.5505126 -0.06320858 -0.995491 0.07072782 0.09275841 -0.703854 0.7042624 0.2146635 0.2632285 -0.9405479 -0.7629209 -0.5077996 -0.4001141 -0.8691347 0.03307348 -0.4934684 -0.7459477 0.3758569 -0.5498124 -0.557802 0.5822386 -0.5914856 -0.3337994 0.68942 -0.6428671 -0.1029988 0.7036007 -0.7030913 0.08656841 0.6470032 -0.7575572 0.2159153 0.5658465 -0.7957376 -0.3001641 -0.08655387 -0.9499526 0.5956335 0.7765276 -0.205489 0.3731667 0.9158586 -0.1481539 0.04807847 0.9965664 -0.06740957 -0.3014059 0.9528052 0.03628778 -0.5913274 0.8037484 0.06573075 -0.8294227 0.5490052 0.1032053 -0.9787459 0.1449902 0.1450324 -0.8675576 -0.4386848 0.2343062 -0.4443429 -0.8305475 0.3357832 0.723495 0.6463358 -0.242498 0.2326832 -0.4235886 -0.8754606 -0.2943118 0.1613693 -0.9419876 0.3602219 -0.2901087 -0.8866099 0.5268379 -0.8027291 -0.2794061 0.7770209 -0.5529494 -0.3008083 0.4274399 -0.1363801 -0.8936979 0.9149883 -0.2455457 -0.3201618 0.9389765 0.1114788 -0.3254163 0.4367993 0.05893605 -0.8976263 0.8434733 0.4533459 -0.2881501 0.3924055 0.2930582 -0.8718572 0.3028424 0.474451 -0.8265486 -0.3460395 -0.04543924 -0.937119 -0.3460442 -0.04541623 -0.9371184 -0.6707149 -0.5980904 -0.4386678 -0.3460667 -0.04542857 -0.9371094 -0.3460605 -0.0454263 -0.9371118 -0.3379448 0.05902415 -0.9393134 -0.9050169 -0.1029542 -0.4127286 -0.8833239 0.2252828 -0.4110798 -0.7519466 0.5002792 -0.4292982 -0.203772 0.2142723 -0.9552824 -0.1587402 0.268845 -0.9500127 0.1704095 -0.496927 -0.8508961 0.3812428 -0.8851072 -0.2669067 -0.9361288 -0.1118836 0.3333844 -0.3912785 0.8081796 -0.4401669 -0.5235876 0.7296837 -0.4397928 -0.760977 0.5175815 0.3911821 -0.915045 0.2435657 0.3215098 -0.4328222 -0.05781131 0.8996237 -0.37663 -0.3023791 0.8756237 0.3588993 0.05370223 0.9318302 0.3588998 0.05369853 0.9318302 0.7585622 0.4895813 0.4299927 0.8397032 0.3612743 0.4054377 0.9064497 0.1022734 0.4097427 -0.3787454 0.2679997 0.8858488 -0.4276778 0.1357151 0.8936852 0.3390046 -0.05976039 0.9388848 0.3588762 0.05370289 0.9318391 0.8832788 -0.2159228 0.4161682 0.2228222 -0.08111888 0.9714783 0.7508323 -0.5019542 0.4292935 0.5224435 -0.7304465 0.4398871 0.144736 -0.1641952 0.9757517 0.1788267 -0.2707785 0.9458859 -0.1593217 0.4708715 0.8676961 -0.2151101 0.4400644 0.8718205 -0.382449 0.8845749 0.2669458 -0.4905514 0.7842503 0.3798825 0.3896396 -0.8089346 0.4402338 0.1209641 -0.05688047 -0.9910259 0.7900201 -0.1658923 -0.5902102 0.7252997 -0.3575463 -0.5883035 0.1209668 -0.05687093 -0.9910262 0.1209564 -0.05687838 -0.9910269 -0.6278756 -0.105055 -0.7711911 -0.7934163 -0.03625696 0.6075987 -0.1208525 0.0576806 0.9909933 -0.1208584 0.05768263 0.9909924 -0.7900438 0.1658949 0.5901778 -0.9851077 -0.1172031 -0.1258031 -0.97434 0.1757383 -0.1406332 -0.6140461 0.08718645 -0.7844399 -0.5635589 0.2500906 -0.7873094 -0.4482103 0.4232959 -0.7873551 0.1090217 -0.09448665 -0.9895386 0.5925446 -0.5507902 -0.5878105 -0.7258995 0.6748454 -0.1328671 -0.8965881 0.4211626 -0.136938 -0.7261902 0.35589 0.5882092 0.6206574 0.1938517 0.7597407 -0.09391993 0.01835876 0.9954105 -0.7640284 -0.1871494 0.617443 -0.9559564 -0.2727289 -0.1084732 -0.6193054 -0.2061299 -0.757609 0.09403812 -0.01761752 -0.9954127 0.7918498 0.06162333 -0.6075991 0.9748199 -0.1732651 0.140376 0.8957867 -0.4228056 0.1371197 0.7226449 -0.6782917 0.1330592 0.418192 -0.8997654 0.1246504 0.3619992 -0.723563 -0.5877186 0.987113 0.1086123 0.1175223 0.7516949 0.1929602 -0.6306514 0.9563727 0.2711843 0.1086755 0.2518742 -0.9575302 0.14034 0.2197527 -0.7832052 -0.5816343 0.1090163 -0.09448873 -0.989539 0.07278019 -0.1230091 -0.9897332 -0.1242216 0.6289539 -0.7674542 -0.2432431 0.5781182 -0.7788532 -0.2547445 0.9567051 -0.1407861 -0.4204296 0.8987104 -0.1247338 -0.2210004 0.7828677 0.5816159 -0.3639904 0.7225688 0.587712 -0.073098 0.1229007 0.9897233 -0.1095743 0.09389895 0.9895335 0.2424339 -0.5786136 0.7787376 0.44655 -0.4250851 0.7873347 0.5632427 -0.2503959 0.7874387 -0.1095602 0.09389072 0.9895359 -0.5948086 0.5484187 0.5877414 -0.1208626 0.05768668 0.9909917 0.6265938 -0.07793843 0.7754393 0.1222996 -0.607945 0.7845035 0.6057606 0.09290289 0.7902045 0.9358687 -0.3449553 0.07180333 0.935869 -0.3449552 0.07180064 0.9358754 -0.3449446 0.0717675 0.9358702 -0.3449524 0.07179808 0.9358692 -0.3449544 0.07179999 0.9358767 -0.3449425 0.07176077 0.06411683 0.7729399 -0.6312313 -0.5649804 0.7761634 0.2799423 0.2574194 0.9508159 0.1722919 -0.3971639 0.5606899 -0.7265588 0.8744996 0.06970798 0.4799908 0.7834081 0.3909306 -0.4831617 0.1555808 -0.2068329 -0.9659269 -0.1556926 0.2069032 0.9658939 0.3981208 -0.5567288 0.7290768 0.2681065 0.4652619 0.8435936 0.8987997 -0.3803699 -0.2178944 0.5687853 -0.7861174 -0.2418736 -0.6583892 -0.6998771 -0.2769402 -0.6583897 -0.6998769 -0.2769395 -0.6583946 -0.6998678 -0.2769507 -0.6583924 -0.6998758 -0.2769356 -0.6583919 -0.699876 -0.2769362 -0.6583771 -0.6998889 -0.2769389 0.5601119 0.7042683 0.4362118 -0.5751401 0.8179639 -0.0122084 -0.3169235 0.4317399 0.8444882 -0.08481675 0.9962362 -0.01788014 0.9931635 -0.094123 0.06904393 0.6130766 -0.04439389 0.7887752 0.2405387 -0.3731046 0.8960659 0.4380054 0.6954313 -0.5696723 -0.2712136 0.3937046 -0.8783166 0.5691524 -0.8162974 0.09861147 0.6898233 -0.07957053 -0.7195918 0.3043953 -0.4147406 -0.8575161 0.5751402 -0.8179639 0.01220321 0.5751407 -0.8179635 0.01220279 0.5751423 -0.8179624 0.01220113 0.5751386 -0.8179649 0.01220488 -0.8008996 -0.5987975 -0.001290977 -0.8008915 -0.5988081 -0.001289725 -0.8008922 -0.5988073 -0.001288414 -0.8008985 -0.5987988 -0.001291453 -0.8008795 -0.5988242 -0.001285374 -0.8008788 -0.5988252 -0.001286029 -0.800885 -0.5988168 -0.001287937 -0.8008789 -0.598825 -0.001284301 0.817973 0.5752223 0.006297469 0.8179729 0.5752225 0.006297528 0.8179743 0.5752205 0.006296634 0.8179715 0.5752243 0.006298422 -0.009986877 0.005242109 0.9999365 -0.00996387 0.005245745 0.9999366 -0.009949326 0.005248069 0.9999368 -0.01000142 0.005239784 0.9999363 0.8179851 0.5752052 0.006295323 0.8179877 0.5752013 0.006299316 0.817996 0.5751892 0.006312072 0.8179771 0.5752165 0.006283223 0.0774573 -0.05697023 -0.9953668 0.07749032 -0.05696392 -0.9953645 0.07743656 -0.05697417 -0.9953681 0.07751107 -0.05695992 -0.9953631 -0.5751358 0.8179659 -0.0122776 -0.5751072 0.8179873 -0.01218307 -0.5751083 0.8179866 -0.01218217 -0.5751346 0.8179674 -0.01223409 -0.5750833 0.81801 -0.01179301 0.6583973 0.6998732 0.2769307 0.6583895 0.6998887 0.2769101 0.6583389 0.6999351 0.276913 0.6584097 0.6998683 0.2769135 0.6584175 0.6998528 0.276934 0.6584309 0.6998208 0.2769829 -0.5751692 0.8179443 -0.01214945 -0.5751788 0.8179375 -0.01216125 -0.8008787 -0.5988255 -0.001286268 -0.8008801 -0.5988235 -0.001286506 0.575119 -0.8179794 0.01216405 0.5751625 -0.8179491 0.01214772 0.5751082 -0.8179875 0.01213079 0.5751724 -0.8179419 0.01216286 0.5750997 -0.8179929 0.01215928 0.5751091 -0.8179869 0.01212632 0.5751238 -0.8179748 0.01224017 0.5751262 -0.8179726 0.01227527 -0.8008871 -0.5988141 -0.001290857 -0.8008962 -0.5988019 -0.00129193 -0.5751151 0.8179768 -0.01252257 -0.5751439 0.8179613 -0.01220363 -0.5750756 0.8180036 -0.01257491 -0.5751489 0.8179578 -0.01220238 -0.01000428 0.005229651 0.9999363 -0.01000809 0.005233943 0.9999362 -0.0100091 0.005235075 0.9999363 -0.01000332 0.005228519 0.9999364 0.8179715 0.5752246 0.006282508 0.8179726 0.575223 0.006282091 0.8179712 0.5752249 0.006282627 0.8179727 0.5752227 0.006281971 0.009999692 -0.005235731 -0.9999363 0.009996414 -0.005227446 -0.9999364 0.01000052 -0.005237877 -0.9999363 0.009995579 -0.005225241 -0.9999365 0.009997367 -0.005248069 -0.9999363 0.01000469 -0.005244135 -0.9999363 0.01000082 -0.005245208 -0.9999363 0.01000136 -0.005242466 -0.9999363 0.009998679 -0.00524187 -0.9999364 0.009988486 -0.005234301 -0.9999364 0.01000857 -0.005207121 -0.9999364 0.009990096 -0.005242943 -0.9999364 0.009996175 -0.005206227 -0.9999365 0.01004391 -0.005192101 -0.9999361 0.6583857 0.6998813 0.2769379 0.6583841 0.6998807 0.2769431 0.6583968 0.6998757 0.2769252 0.6583876 0.6998771 0.2769438 0.6583892 0.6998777 0.2769384 0.6583707 0.6998952 0.2769385 -0.009997069 0.005251884 0.9999364 -0.01000136 0.005250871 0.9999362 -0.009999871 0.005248129 0.9999362 -0.00999999 0.005233466 0.9999364 -0.009999096 0.005227386 0.9999364 0.8179607 0.5752397 0.006297528 0.8180001 0.5751839 0.006276607 0.8179482 0.5752575 0.006304204 0.8180126 0.5751661 0.006269991 0.8179668 0.5752314 0.006278276 0.8179669 0.5752312 0.006278216 0.8179666 0.5752315 0.006278336 0.8179671 0.575231 0.006278157 0.1029397 0.9940868 -0.03456801 -0.5869456 0.7557924 -0.2902979 -0.447655 0.7032573 0.5522991 0.4060934 0.6841295 0.6058507 0.03183561 0.9984991 0.04456567 0.3062354 0.6951346 0.6503905 0.645657 0.5587978 0.5204538 -0.04396736 0.2199229 0.9745261 0.1854984 -0.09354567 0.9781818 -0.6353421 -0.3771222 0.6738837 0.3541698 -0.3420834 0.8703694 -0.5351428 -0.6486952 0.5411254 -0.9256671 -0.249544 -0.2843735 -0.9960746 -0.008271217 -0.08813136 -0.427316 0.4570028 -0.7800959 -0.5359352 0.6440822 -0.5458313 0.4616914 0.7641285 -0.4504984 0.2849285 0.9276129 -0.2415578 0.8643991 0.3664241 0.3443077 -0.593998 0.7823386 -0.1873841 -0.9448338 0.2849422 0.1615458 -0.6698021 0.003755867 0.7425302 -0.9736722 0.2074924 0.09439074 -0.6704983 -0.1024284 0.7348065 0.01938408 0.1358417 0.990541 -0.5194224 0.1562057 0.8401191 0.2120271 -0.5254896 0.8239571 0.2120331 -0.5254914 0.8239544 -0.5194185 0.1562039 0.8401219 -0.7189998 0.6949271 0.01075404 -0.7190048 0.694922 0.01075571 -0.2120249 0.5254867 -0.8239595 -0.2120353 0.5254881 -0.8239558 0.5194237 -0.1562113 -0.8401174 0.5194259 -0.1562119 -0.8401159 0.7190836 -0.6948422 -0.0106455 0.7190908 -0.6948346 -0.01064795 0.01925027 0.08692049 0.9960293 0.0190218 0.08684921 0.9960399 0.05356901 0.09404516 0.9941257 0.01902014 0.08681839 0.9960426 0.01902008 0.08681845 0.9960426 0.05356663 0.09404522 0.9941259 0.08521366 0.1145061 0.9897611 0.08519667 0.1144803 0.9897656 0.08521384 0.114507 0.989761 0.08521962 0.1145089 0.9897603 0.0852217 0.1145153 0.9897593 0.05357968 0.09405255 0.9941245 0.05355864 0.09404087 0.9941267 0.5000341 0.7089146 -0.4973993 -0.3920028 0.4007887 -0.8280714 -0.8882514 -0.2890402 -0.357023 -0.5000391 -0.7089152 0.4973934 0.3919956 -0.4007916 0.8280736 0.8882535 0.2890362 0.3570209 -0.3173536 -0.9381323 0.1385441 -0.06748801 -0.9863467 0.150219 -0.06748998 -0.9863471 0.1502153 -0.3173664 -0.9381243 0.1385695 -0.8025205 -0.5832216 0.1257523 -0.8026108 -0.5830998 0.1257398 -0.9982006 -0.02159309 0.05594116 -0.9981996 -0.02162885 0.05594617 -0.8337426 0.5510735 -0.03451776 -0.8337647 0.5510404 -0.03451192 -0.302601 0.9481405 -0.09727388 -0.3025801 0.9481517 -0.09723055 0.01714545 0.9897821 -0.1415536 0.01739072 0.9897829 -0.1415183 0.5000352 0.7089048 -0.4974122 -0.3919848 0.4007853 -0.8280816 0.5000388 0.7089062 -0.4974067 -0.3919948 0.4007757 -0.8280816 -0.8882536 -0.2890452 -0.3570132 -0.8882547 -0.2890559 -0.3570019 -0.5000333 -0.7089092 0.4974079 -0.5000445 -0.7089035 0.4974046 0.3920053 -0.4007993 0.8280651 0.3920025 -0.4008135 0.8280595 0.8882525 0.2890357 0.3570237 0.888253 0.2890385 0.3570203 -0.7910592 0.3776721 -0.4812371 -0.09146648 0.3103738 -0.9462041 -0.7170748 0.5624413 -0.4116596 0.8344931 -0.5031639 -0.2246054 0.594928 -0.1752802 -0.7844346 -0.5240108 0.7797602 -0.3426175 -0.8479439 0.4844024 0.2152803 -0.9558072 0.2582747 0.1404524 -0.9980024 0.0192182 0.06018233 -0.8086509 0.2104921 -0.5493424 -0.7846156 0.03159368 -0.6191772 -0.09148371 0.3103754 -0.9462018 -0.09145718 0.3103885 -0.9462001 0.7199683 0.1865567 -0.6684627 0.6807584 0.4079375 -0.6084036 0.9546995 -0.2619957 -0.1410929 0.6855166 -0.01387101 -0.727925 -0.09145277 0.3103604 -0.9462097 0.997986 -0.02241379 -0.05934393 0.5831671 0.5843863 -0.5642774 0.8719267 0.4800184 0.09657239 0.9702308 0.24074 0.02638965 -0.09147471 0.3103614 -0.9462074 -0.7153386 -0.1555905 -0.681236 -0.9686896 -0.2469524 -0.02559244 -0.8698804 -0.4836931 -0.09669148 0.4800992 0.6899295 -0.5417584 -0.09147298 0.3103793 -0.9462016 -0.6243347 -0.2830452 -0.7280739 -0.7441224 -0.6528038 -0.1418773 -0.6187422 -0.7676087 -0.1671383 -0.4606509 -0.8684101 -0.1834797 -0.1857738 -0.9589226 -0.2143726 -0.08153331 0.2445435 -0.9662044 -0.5064971 -0.3960705 -0.7658909 -0.3374522 -0.4952841 -0.8005121 0.7447295 0.652307 0.1409744 0.4075547 0.7384749 -0.5371723 -0.004352331 0.1972269 -0.9803482 -0.1331108 -0.5636045 -0.8152493 -0.1857484 -0.958939 -0.2143214 -0.5654769 -0.8245589 0.01839888 -0.7628298 -0.4278644 -0.4847916 -0.3143277 -0.5666251 -0.7616655 0.3388633 0.4623938 -0.8193679 -0.5655949 0.3007366 -0.7678932 -0.5039575 0.6370177 -0.5832968 -0.9731888 0.2236948 0.0535202 -0.8147091 0.5782761 0.04296398 -0.455817 -0.00302273 0.8900684 -0.476347 0.3081956 0.8234738 -0.4359112 0.642718 0.629996 -0.4539017 0.5593051 0.6936506 -0.871475 0.4882252 0.04655814 -0.5296651 0.5306645 -0.6617025 0.1856158 0.7602681 -0.6225266 0.5644378 0.8247114 -0.03551357 0.8357147 0.5469356 -0.04942035 0.4281256 0.4698179 0.7719972 0.2536568 0.7659536 0.5907399 0.3062245 0.6951391 0.6503908 0.6488083 0.7599028 -0.03994494 -0.1756184 0.9844445 0.005233287 0.2549883 0.6742892 -0.6930477 0.5237086 0.1722488 0.834302 0.9651382 0.2558274 -0.05532348 0.427119 0.1639132 -0.8892142 -0.5524626 -0.01112937 -0.8334634 -0.9939568 -0.0943076 0.05617922 -0.5399155 -0.09186643 -0.8366912 -0.9828647 -0.1756346 0.05594235 -0.4328037 -0.05777555 0.8996349 0.5399145 0.09186744 0.8366916 0.9828647 0.1756353 -0.05593949 0.4368168 0.05892443 -0.8976186 -0.5751584 0.8179519 -0.0121479 -0.5750544 0.8180246 -0.01218372 -0.5755631 0.817665 -0.01229947 0.5751152 -0.8179813 0.0122202 0.575102 -0.8179909 0.01219004 0.5750951 -0.817996 0.01218581 -0.5399178 -0.09188252 -0.8366877 -0.9828647 -0.175639 0.05592852 -0.5399149 -0.09188604 -0.8366892 -0.982864 -0.1756389 0.05594098 -0.4328072 -0.05778622 0.8996326 -0.4328068 -0.05778193 0.899633 0.5399209 0.09186869 0.8366873 0.5399203 0.09187352 0.8366872 0.9828675 0.175619 -0.05594235 0.9828703 0.175607 -0.05593013 0.4368194 0.05893528 -0.8976166 0.436816 0.05892419 -0.8976189 0.5750951 -0.8179957 0.01219046 0.5751811 -0.8179355 0.01218122 0.5752045 -0.8179191 0.01217013 -0.01003783 0.005219459 0.9999361 -0.01001584 0.005234181 0.9999362 -0.01000756 0.00524336 0.9999362 -0.009995758 0.005243837 0.9999364 -0.009991526 0.00524193 0.9999364 -0.4373329 -0.8357058 -0.3321683 -0.8397344 -0.3286548 0.4322411 -0.4856582 -0.7880898 -0.3782204 -0.7995647 -0.3806478 0.4645465 -0.403977 0.5043525 0.7631718 -0.3553692 0.4610887 0.8130867 0.4373288 0.8357077 0.3321689 0.3862309 0.877586 0.2840222 0.7833874 0.3909841 -0.4831518 0.7403082 0.4181144 -0.5264258 0.3044171 -0.4147644 -0.8574968 0.3553702 -0.4610894 -0.8130859 -0.4476546 0.703263 0.5522922 -0.4476599 0.7032598 0.5522918 -0.4476386 0.7032672 0.5522996 -0.4476572 0.7032572 0.5522974 -0.4476518 0.7032604 0.5522977 -0.4476651 0.7032704 0.5522741 -0.4373226 -0.8357165 -0.3321549 -0.7995535 -0.3806369 0.4645749 -0.4373238 -0.8357176 -0.3321507 -0.7995491 -0.3806332 0.4645858 -0.3553733 0.4610853 0.8130869 -0.3553656 0.4610923 0.8130863 0.4373329 0.835709 0.3321602 0.4373207 0.8357146 0.3321623 0.783414 0.3909392 -0.4831449 0.7833914 0.3909785 -0.4831498 0.3553705 -0.4610961 -0.8130819 0.3553721 -0.4610873 -0.8130862 0.4476601 -0.7032647 -0.5522856 0.4476407 -0.7032859 -0.5522741 0.4475854 -0.703305 -0.5522947 0.4476672 -0.7032737 -0.5522684 0.4476865 -0.7032523 -0.5522799 0.4477205 -0.7032062 -0.552311 0.00435543 0.534605 0.8450909 0.6057704 0.09290611 0.7901967 -0.0533238 0.4894827 0.8703811 0.6206755 0.1938174 0.7597348 0.9666175 0.2080832 0.1495057 0.7093244 0.5208569 -0.4749391 0.9871149 0.1086032 0.1175141 0.5174063 0.7968721 0.3119066 -0.3310829 0.9017405 0.2779359 -0.2292357 0.9275889 0.2950083 -0.2511999 0.293244 0.922446 0.5330386 -0.1786143 0.827023 0.9867632 -0.159962 0.0266574 0.7146191 0.5820569 -0.3879812 0.6562399 0.3305618 -0.6782906 0.05023145 0.9174174 -0.3947435 0.1167006 0.9418132 -0.3152282 -0.5817267 0.7837651 0.2175003 -0.8161321 0.5565928 0.1553482 -0.4490142 0.04507219 0.8923871 0.4002476 -0.4661666 0.7889809 0.8917673 -0.4457574 -0.0777902 0.5338678 0.08561921 -0.8412222 -0.1279971 0.8024255 -0.5828639 -0.315473 0.5966939 -0.7378571 0.2689937 -0.6129404 -0.7429311 0.2743366 -0.939763 0.203924 0.1917451 -0.6409423 -0.7432542 0.3518614 -0.9127724 0.207461 0.00660175 -0.3287647 0.9443888 0.0802288 -0.2954183 0.9519935 -0.2702615 0.5961114 0.756049 -0.3442779 0.5808699 0.7376063 -0.3519828 0.9060729 -0.2348194 -0.4268639 0.8796938 -0.2095856 -0.1588718 0.2687722 -0.9500112 -0.09147149 0.3103811 -0.9462012 0.4476479 -0.7032607 -0.5523003 0.4476551 -0.7032594 -0.5522964 0.4476226 -0.7032705 -0.5523086 0.4476545 -0.7032628 -0.5522926 0.4476473 -0.7032641 -0.5522966 0.4476603 -0.7032472 -0.5523076 0.2690085 -0.6129338 -0.7429311 0.3518683 -0.9127735 0.207445 0.2690107 -0.6129412 -0.7429243 0.3518689 -0.9127703 0.2074577 0.08025234 -0.2954569 0.9519795 0.08021962 -0.2954028 0.9519991 -0.2702608 0.5961051 0.7560542 -0.2702625 0.5960941 0.7560622 -0.3519837 0.9060782 -0.2347975 -0.3519835 0.906072 -0.2348217 -0.09147512 0.3103853 -0.9461994 -0.09146922 0.310379 -0.946202 -0.3919928 0.4007917 -0.8280747 0.5000277 0.7089148 -0.4974055 0.5000379 0.7089115 -0.4973999 -0.3919922 0.400794 -0.828074 -0.8882566 -0.2890596 -0.3569943 -0.8882493 -0.2890274 -0.3570384 -0.5000289 -0.7089124 0.4974076 -0.5000343 -0.7089076 0.497409 0.3919965 -0.4007873 0.8280751 0.3919975 -0.4007904 0.8280732 0.8882576 0.2890541 0.3569961 0.8882525 0.2890378 0.3570221 -0.175617 0.9844447 0.00523895 -0.1756197 0.9844442 0.00523442 -0.1756072 0.9844464 0.005253851 -0.1756235 0.9844436 0.005236685 -0.1756209 0.9844439 0.005241274 -0.1756141 0.9844452 0.005228638 0.857867 0.4918311 0.1488841 0.2841541 0.2560725 0.9239499 0.8930191 0.4192686 0.1634959 0.235824 0.3127967 0.920079 -0.5791228 -0.239013 0.7794162 -0.6192135 -0.1687072 0.766885 -0.8578681 -0.4918302 -0.1488804 -0.816801 -0.5613273 -0.1332216 -0.2342598 -0.3192595 -0.9182569 -0.1999321 -0.3927543 -0.8976476 0.6551893 0.09718275 -0.7491879 0.61921 0.1687039 -0.7668886 0.1756265 -0.984443 -0.005241274 0.1756384 -0.984441 -0.005217134 0.1756069 -0.984447 -0.005153 0.1756483 -0.9844391 -0.005245506 0.1756364 -0.9844411 -0.005269646 0.1756024 -0.9844469 -0.005321085 0.8578591 0.4918452 0.1488832 0.2358166 0.3127689 0.9200903 0.8578593 0.4918448 0.1488834 0.2358152 0.312763 0.9200927 -0.6192084 -0.1687012 0.7668905 -0.6192197 -0.1687078 0.7668798 -0.8578632 -0.4918367 -0.148887 -0.8578599 -0.4918457 -0.1488773 -0.2342593 -0.3192586 -0.9182574 -0.2342782 -0.3192749 -0.9182469 0.6192088 0.1687193 -0.7668861 0.6192094 0.1687152 -0.7668865 0.1756113 -0.9844458 -0.005236148 0.175614 -0.9844452 -0.005237162 0.1756066 -0.9844466 -0.005221009 0.1756175 -0.9844446 -0.00523281 0.1756147 -0.9844452 -0.005231797 0.1756033 -0.9844471 -0.005258023 -0.1152355 -0.9931718 0.01818424 0.3579545 -0.6346249 -0.6849234 0.6126343 -0.6841766 -0.3957039 0.7942496 0.169239 -0.5835458 0.9452681 -0.07127743 -0.3184147 0.5397559 0.8309575 0.1348088 0.5796118 0.3487433 -0.7364974 0.1073067 -0.5219947 -0.8461719 -0.405525 -0.9101396 -0.08482599 -0.445383 -0.4278895 0.7864761 0.8866263 0.369015 0.2787862 0.4889593 0.06767338 0.8696777 0.8202407 -0.483657 0.3054199 0.9176924 -0.005291819 -0.3972564 0.5641185 -0.6689502 -0.4840207 0.2518957 -0.9575206 0.1403676 -0.1521486 -0.5478342 0.8226352 0.02720928 0.4426805 0.8962666 0.2841168 0.2560259 0.9239742 0.7573 0.6145785 0.2208844 0.9170985 0.2682574 0.2949042 0.5563413 -0.005102276 0.8309382 0.1223 -0.607936 0.7845105 0.1533551 -0.9822034 0.1084378 0.2237515 -0.6179935 0.7536706 -0.9828646 -0.1756365 0.05593746 -0.5399184 -0.09187096 -0.8366886 -0.5399194 -0.09187042 -0.8366881 -0.9828649 -0.1756377 0.05593031 -0.4328112 -0.05779522 0.8996301 -0.4328117 -0.05779391 0.8996298 0.5399246 0.0918737 0.8366844 0.5399157 0.09187561 0.83669 0.9828642 0.1756394 -0.0559352 0.9828639 0.175639 -0.05594331 0.4368209 0.05893826 -0.8976157 0.4368157 0.05892109 -0.8976193 0.227778 0.6364246 -0.7369403 -0.1104348 -0.009893298 -0.9938342 -0.6077617 0.5469045 -0.5757789 -0.1837576 0.06620711 -0.9807395 0.1231076 0.652537 -0.7476898 -0.7235071 -0.2996335 -0.6218982 -0.9983523 0.05696797 0.006887257 0.08913671 -0.2102508 -0.9735755 0.4915848 0.5587875 -0.6679079 -0.7399159 -0.1966349 -0.6433189 -0.9892366 0.1268754 -0.07289487 -0.660125 0.7033088 0.2638025 -0.04704737 0.9930263 -0.1080983 -0.1262338 0.9760392 -0.1772361 0.1645559 0.9830942 0.08029437 -0.6403091 -0.5550197 -0.5309966 -0.9673393 -0.1306902 0.2171977 -0.5648867 0.6383466 0.5228927 -0.6824118 0.7132058 0.1601614 0.4740865 0.8735639 0.1101277 -0.05331152 0.4894741 0.8703868 -0.5034406 -0.3913328 0.7703286 -0.4740825 -0.8735664 -0.110125 0.04014474 -0.4839452 -0.874177 0.5035545 0.3912014 -0.770321 -0.6077665 0.5469033 -0.5757748 -0.6077679 0.5468981 -0.5757784 -0.6077636 0.5469111 -0.5757705 -0.6077712 0.5469015 -0.5757717 -0.6077699 0.5469068 -0.5757681 -0.6077603 0.5468991 -0.5757855 0.4740663 0.8735755 0.1101235 -0.05334043 0.4894851 0.8703787 0.4740642 0.8735762 0.1101261 -0.05333685 0.4894842 0.8703796 -0.5034379 -0.3913329 0.7703304 -0.5034362 -0.3913333 0.7703315 -0.4740725 -0.8735718 -0.110127 -0.474061 -0.8735783 -0.1101245 0.04013204 -0.4839361 -0.8741826 0.04010957 -0.483941 -0.874181 0.5035647 0.391201 -0.7703146 0.5035487 0.3912028 -0.7703241 0.6077741 -0.5469021 0.5757681 0.6077846 -0.5468789 0.5757789 0.6077606 -0.546853 0.5758289 0.6077919 -0.5468927 0.5757582 0.6077814 -0.5469158 0.5757474 0.6077519 -0.54697 0.575727 -0.7965341 0.1315301 0.5901131 -0.1911523 -0.4639595 0.864987 -0.01389086 -0.1414907 0.9898422 -0.7878463 -0.2558037 0.5602346 -0.9532458 -0.06347048 -0.2954558 0.6176345 -0.5861893 -0.5243184 -0.3273425 -0.5314198 -0.7813066 -0.2054143 -0.2815153 -0.9373121 -0.8833252 0.2252594 -0.4110898 -0.7135412 0.4365356 0.5479925 0.1339185 0.1405265 0.9809782 0.8119369 -0.3660475 0.4547175 0.3813858 -0.774412 0.5048078 -0.1446372 -0.3811724 0.9131197 -0.4359498 -0.8596493 0.2663661 -0.8023994 -0.151685 0.5771889 -0.9073214 -0.4044192 -0.1149483 -0.4301177 -0.7611768 -0.4853954 0.4552878 -0.8044258 -0.3815916 0.6119915 -0.6094816 0.5039828 0.2860676 -0.8207083 0.4945738 0.1607735 -0.97255 -0.168222 0.2496545 -0.9382671 -0.2394313 -0.4080617 -0.708794 -0.57541 -0.9340939 -0.3155229 -0.1670747 0.850468 -0.296692 0.4343711 0.1694576 0.1890131 0.9672426 -0.6801746 0.508526 0.5279809 -0.8504692 0.2966895 -0.4343701 -0.168603 -0.1910523 -0.9669913 0.6985372 -0.4884873 -0.5229016 0.6077653 -0.5469005 0.5757789 0.6077615 -0.5469024 0.5757811 0.6077767 -0.5468955 0.5757715 0.6077613 -0.5469057 0.5757781 0.607765 -0.5469038 0.5757759 0.6077618 -0.5468949 0.5757879 0.8504758 -0.2966735 0.4343685 0.1694582 0.1890285 0.9672394 0.8504757 -0.2966687 0.4343717 0.1694589 0.1890318 0.9672387 -0.6801751 0.508518 0.527988 -0.6801798 0.5085194 0.5279806 -0.85047 0.29668 -0.4343752 -0.8504756 0.2966793 -0.4343647 -0.1686 -0.1910314 -0.9669959 -0.1686043 -0.1910733 -0.9669869 0.6985529 -0.4884707 -0.5228961 0.6985371 -0.4884885 -0.5229005 -0.7995685 -0.3806506 0.4645377 -0.4373334 -0.8357084 -0.332161 -0.4373279 -0.8357094 -0.332166 -0.7995661 -0.3806492 0.4645432 -0.3553701 0.4610919 0.8130845 -0.3553732 0.4610885 0.813085 0.437331 0.8357099 0.3321607 0.4373356 0.8357107 0.3321525 0.783403 0.3909573 -0.4831482 0.7834053 0.3909531 -0.4831479 0.3553696 -0.4610923 -0.8130846 0.355375 -0.4610886 -0.8130842 -0.4157418 -0.9014028 0.1209622 -0.3173701 -0.9381242 0.1385609 -0.4080534 -0.7087975 -0.5754118 -0.8615975 0.4737297 -0.1822907 -0.6535932 -3.23436e-4 -0.756846 -0.9298636 -0.366285 -0.03448027 -0.7975139 0.2418303 0.5527113 -0.5253947 -0.4640892 0.7131491 -0.8513258 0.1690281 0.4966628 -0.6044659 -0.4713694 0.6422086 -0.6114555 0.4206985 0.6701754 -0.2877138 -0.4192795 0.8610607 -0.04014134 -0.9833192 0.1774038 -0.116369 -0.7074005 -0.6971678 -0.4401969 0.1325458 -0.8880644 -0.6877531 0.6965747 -0.2044001 -0.4738461 -0.6910552 -0.5458137 -0.7207361 -0.05065131 -0.6913566 -0.9094547 0.3794115 -0.1701157 -0.9298632 -0.3662863 -0.03447908 -0.9298617 -0.3662899 -0.03448116 -0.929868 -0.3662754 -0.03446626 -0.9298611 -0.3662917 -0.03447836 -0.9298626 -0.3662882 -0.03447622 -0.9298626 -0.3662866 -0.03449332 -0.4477084 0.3378731 0.8278883 0.07394349 -0.5148732 0.8540714 -0.4477077 0.337871 0.8278895 0.07395154 -0.5148819 0.8540656 0.5216564 -0.8527538 0.02618587 0.521659 -0.8527525 0.0261777 0.4497753 -0.3125975 -0.8366511 0.4497748 -0.3125963 -0.8366519 -0.07397544 0.5148665 -0.8540728 -0.07398068 0.5148544 -0.8540796 -0.5216631 0.85275 -0.02617722 -0.5216599 0.8527518 -0.02617985 0.9298596 0.3662959 0.03447556 0.9298536 0.3663092 0.03449511 0.9298601 0.3662866 0.03455871 0.9298517 0.3663165 0.03446871 0.9298576 0.3663033 0.0344491 0.9298746 0.3662642 0.03440612 0.07645946 0.5912789 0.8028346 0.1859368 0.9822939 -0.02294027 -0.1962108 0.9794416 0.04685598 -0.2099686 0.6088684 -0.7649787 -0.498097 0.6947309 -0.5188916 -0.8834117 0.1118966 -0.4550418 -0.8501163 0.03899306 -0.5251493 -0.9421344 -0.2896006 0.1688618 -0.8161286 0.5565931 0.1553657 -0.9668838 -0.1861996 0.1745433 -0.7153318 -0.1556004 -0.6812409 -0.4958527 -0.3586895 -0.7908679 0.05197858 0.4689202 -0.8817098 0.4802902 0.8736398 -0.07794219 0.3619242 0.4500352 0.8163818 -0.1855832 -0.3777841 0.9071043 -0.4289246 -0.1731572 0.8865892 -0.6142201 -0.7823266 0.1034352 -0.82482 -0.5466042 0.1445547 -0.6650232 0.09849441 0.7402992 -0.279698 0.6813181 0.6764428 -0.09262132 0.9953048 0.02810418 -0.4254079 0.6814694 -0.5955063 -0.1846275 0.666683 0.7221125 -0.609382 0.02422779 0.7925066 0.9298643 0.3662832 0.03448456 0.9298635 0.3662853 0.0344811 0.9298645 0.3662809 0.03450345 0.9298627 0.3662874 0.03448218 0.9298634 0.3662853 0.03448563 0.9298671 0.3662772 0.03447049 -0.4302412 -0.4057899 -0.8063666 -0.5492073 -0.8307148 0.0910176 -0.1189642 -0.4249247 0.8973776 0.4223368 0.4133015 0.8067301 0.5376922 0.8387256 -0.08617651 0.1442092 0.4066537 -0.9021289 0.3518665 -0.9127734 0.2074482 0.269002 -0.6129406 -0.7429278 0.2690012 -0.6129344 -0.7429332 0.3518707 -0.9127711 0.207451 0.08024549 -0.295446 0.9519834 0.08024692 -0.295448 0.9519827 -0.2702614 0.5961085 0.7560513 -0.2702608 0.5961041 0.7560549 -0.3519834 0.9060745 -0.234812 -0.3519852 0.9060711 -0.2348226 -0.09147912 0.3103902 -0.9461974 -0.09147149 0.3103807 -0.9462013 -0.3982385 -0.4739311 0.7853633 -0.607627 -0.7915761 -0.06478238 -0.03778642 -0.6363536 -0.7704715 0.9579467 -0.1686697 0.2321397 0.4790928 -0.2991594 0.8252114 0.464527 -0.8661162 0.1845467 -0.1843997 -0.6795487 0.7100778 0.4984692 -0.3904723 0.7739896 -0.1034229 -0.7355237 0.6695587 -0.2708402 -0.9622445 0.02704113 0.1635603 -0.8438681 -0.5110135 0.7516346 -0.1837458 -0.6334691 0.9712404 0.1136365 0.2092345 0.4014323 -0.04163366 0.914942 0.9328945 -0.2720794 0.2359675 0.7654535 -0.4988101 -0.4065334 0.1098976 -0.7989643 -0.5912519 -0.3689707 -0.9294392 0.001845896 0.7733851 -0.4185776 -0.476097 -0.430224 -0.4058065 -0.8063675 -0.5492041 -0.8307187 0.09100115 -0.4302229 -0.4058073 -0.8063676 -0.5491998 -0.8307198 0.09101814 -0.1189699 -0.4249277 0.8973754 -0.1189633 -0.424923 0.8973786 0.4223409 0.4132983 0.8067296 0.4223377 0.4133008 0.80673 0.5376931 0.8387251 -0.08617627 0.5376793 0.8387345 -0.08617043 0.1442092 0.4066553 -0.9021282 0.1442196 0.4066482 -0.9021297 0.4645332 -0.866113 0.1845464 0.4645299 -0.8661145 0.1845467 0.4645406 -0.8661119 0.1845331 0.4645276 -0.8661164 0.1845443 0.4645308 -0.8661147 0.184544 0.4645367 -0.8661074 0.1845637 -0.8130266 0.2686447 0.5165442 -0.7253723 0.6010444 0.3355306 -0.8046998 0.4789513 -0.3508049 -0.9170964 0.1084294 -0.3836371 -0.9061537 -0.2096067 -0.3673563 -0.7934166 -0.03626644 0.6075978 -0.1335447 -0.09522455 -0.9864574 -0.2489476 0.4718739 -0.8457896 -0.8484331 0.382981 -0.3653586 -0.254732 0.9567103 -0.1407727 -0.760976 0.5175724 0.3911963 -0.1021695 0.8038519 0.5859894 0.004376471 0.534598 0.8450952 0.0918135 0.2519505 0.963375 0.8644369 0.3663414 0.3443005 0.7176766 0.6404483 0.2734341 0.7516902 0.1929845 -0.6306496 0.6136505 0.4802227 -0.626753 -0.2037734 0.214292 -0.9552777 -0.2458797 0.5374161 -0.8066766 0.4379817 0.6954485 -0.5696696 0.4417031 0.884504 0.1501705 0.362325 0.7624076 -0.5361487 0.5254805 0.8300262 0.1868876 -0.07402414 0.7411045 0.6672965 -0.1130877 -0.1740435 -0.9782229 -0.8882592 -0.2890337 -0.3570087 -0.7719907 -0.1345381 0.6212326 0.1130833 0.1740451 0.9782232 0.8882551 0.2890384 0.3570153 0.7751685 0.1149932 -0.6212009 -0.4645332 0.866111 -0.1845554 -0.4645553 0.8660991 -0.1845555 -0.4645978 0.8660867 -0.1845067 -0.4645352 0.8661059 -0.1845744 -0.4645131 0.8661178 -0.1845743 -0.4644644 0.8661457 -0.1845659 -0.1130864 -0.1740592 -0.9782203 -0.888251 -0.2890441 -0.3570209 -0.1130916 -0.1740595 -0.9782196 -0.8882549 -0.2890433 -0.3570118 -0.7719963 -0.1345093 0.6212318 -0.7719957 -0.134509 0.6212328 0.1130926 0.1740493 0.9782213 0.1130873 0.1740556 0.9782208 0.8882622 0.2890182 0.357014 0.8882598 0.2890063 0.3570294 0.7751656 0.114982 -0.6212066 0.7751685 0.1149858 -0.6212021 -0.4645346 0.8661133 -0.1845408 -0.4645311 0.8661156 -0.1845393 -0.4645407 0.8661071 -0.1845556 -0.4645292 0.8661164 -0.1845402 -0.4645328 0.8661141 -0.1845415 -0.4645397 0.8661137 -0.184527 0.3488698 0.0216884 -0.9369202 0.9594509 -0.2127434 -0.1849172 0.8345044 -0.503147 -0.224601 0.5972619 -0.3139538 0.7380457 0.5000547 -0.5967388 0.6275733 -0.3755787 -0.1810457 0.9089353 -0.3982009 -0.4739539 0.7853686 0.3137958 -0.8574538 0.4078056 -0.3710477 -0.763828 0.5281007 -0.986152 0.05354303 0.1569629 -0.8581513 -0.5128148 0.02444398 -0.5770586 -0.4341843 -0.6917279 -0.1628504 -0.9717797 -0.1706584 -0.3843336 -0.694732 0.6079763 0.3705845 -0.797928 0.4753717 0.568792 -0.7860997 -0.2419151 0.2707086 -0.2867574 -0.9189598 -0.623959 0.1545777 -0.7660164 -0.627513 -0.1639503 -0.761149 -0.9619738 -0.2575339 0.09101003 -0.8008916 -0.5988079 -0.001283824 -0.5458902 -0.5274744 -0.6509798 0.177845 -0.5374026 -0.8243601 0.6516463 -0.7192835 -0.2408081 0.1389499 -0.6210973 -0.7713178 -0.9787486 0.1449925 0.145012 -0.6126487 0.2351769 -0.7545552 0.363449 0.1017162 -0.9260447 0.976103 -0.1334605 -0.1714974 0.6126518 -0.2351785 0.7545521 -0.3634471 -0.1017183 0.9260452 0.2358179 0.312772 0.9200888 0.8578644 0.491834 0.1488897 0.8578649 0.4918363 0.1488795 0.2358257 0.3128027 0.9200766 -0.6192147 -0.1687083 0.7668839 -0.619207 -0.1687103 0.7668895 -0.8578625 -0.4918375 -0.1488892 -0.8578609 -0.4918421 -0.1488825 -0.2342442 -0.3192458 -0.9182657 -0.2342848 -0.3192813 -0.918243 0.619211 0.1687073 -0.766887 0.6192048 0.1687078 -0.7668919 0.8202455 -0.483651 0.3054164 0.8202477 -0.483647 0.3054168 0.8202366 -0.483667 0.3054148 0.8202463 -0.4836467 0.3054212 0.820244 -0.4836507 0.3054206 0.8202528 -0.4836436 0.3054083 -0.9787478 0.1449896 0.1450206 -0.6126586 0.2351855 -0.7545444 -0.9787442 0.1449714 0.1450632 -0.6126471 0.2351861 -0.7545536 0.363438 0.1017103 -0.9260496 0.3634485 0.101708 -0.9260457 0.9761027 -0.1334694 -0.1714923 0.9761001 -0.1334756 -0.1715019 0.6126548 -0.235162 0.7545548 0.6126668 -0.2351522 0.7545481 -0.3634496 -0.1017043 0.9260457 -0.3634464 -0.101706 0.9260469 -0.8202451 0.4836456 -0.3054261 -0.820258 0.4836236 -0.3054262 -0.8202953 0.483594 -0.3053726 -0.8202418 0.4836385 -0.3054462 -0.8202288 0.4836604 -0.305446 -0.8202013 0.4837113 -0.3054395 -0.2116926 -0.1217107 0.9697282 -0.1515117 -0.1059017 0.982766 -0.1344884 -0.1560209 0.9785553 -0.1683855 -0.2222377 0.960342 -0.3945351 0.6068546 0.689978 -0.2171579 -0.2694464 0.9382117 -0.3250774 -0.2777242 0.9039878 -0.5147465 -0.1168748 0.8493388 -0.594419 0.1759732 0.7846653 -0.5104102 0.4588699 0.7272688 -0.3460244 0.6446145 0.6817179 -0.1177051 0.7653491 0.6327609 0.2492167 0.1086614 0.9623326 0.1929716 0.04776972 0.9800409 -0.4748388 -0.7289535 -0.4931073 -0.3854895 -0.9097222 0.1542833 -0.09354102 -0.6426581 0.7604215 0.3004401 0.09329915 0.9492266 0.209186 0.09652638 0.9731002 0.1598088 0.07085692 0.9846017 0.1929723 0.04776269 0.9800412 0.1802248 0.7937539 0.5809251 0.4668139 0.7364305 0.4896478 0.6674592 0.6092159 0.4281989 0.3588829 0.05369299 0.9318371 -0.2159212 -0.5598074 0.7999961 -0.6011778 -0.770384 0.2123532 -0.2953851 -0.4686082 0.8325587 -0.722199 -0.6432457 0.2542905 -0.7629244 -0.5078077 -0.4000973 -0.8361359 -0.3558772 -0.4174067 -0.8389562 -0.4526213 0.3021368 -0.2380269 0.9699955 -0.04951703 -0.4953913 0.3328111 -0.8023867 -0.2558849 -0.6162818 -0.744795 0.238026 -0.9699957 0.04951947 0.4939098 -0.3537109 0.7943185 0.2740685 0.6020327 0.749962 -0.8202483 0.48365 -0.3054103 -0.8202468 0.4836499 -0.3054149 -0.8202605 0.4836383 -0.3053961 -0.8202475 0.483647 -0.3054172 -0.820249 0.4836471 -0.3054127 -0.8202376 0.4836682 -0.3054106 -0.2380149 0.9699979 -0.04952931 -0.495391 0.3328176 -0.8023842 -0.238016 0.9699975 -0.04953175 -0.495391 0.3328068 -0.8023886 -0.255896 -0.6162783 -0.7447941 -0.2558866 -0.6162847 -0.7447921 0.2380268 -0.969995 0.04952663 0.238018 -0.9699975 0.04952156 0.4939278 -0.3537045 0.7943101 0.4939388 -0.3537129 0.7942995 0.2740574 0.6020412 0.7499594 0.2740696 0.602033 0.7499614 -0.05330723 0.4894713 0.8703886 0.4740799 0.8735672 0.1101302 0.4740781 0.8735687 0.1101268 -0.05330878 0.4894726 0.8703878 -0.5034281 -0.3913349 0.7703357 -0.5034237 -0.3913352 0.7703386 -0.4740753 -0.8735694 -0.1101332 -0.4740732 -0.8735709 -0.1101297 0.04014933 -0.4839491 -0.8741747 0.04014718 -0.4839463 -0.8741763 0.5035494 0.3912027 -0.7703238 0.5035489 0.3912031 -0.7703239 -0.435945 -0.85965 0.2663715 -0.4359408 -0.8596515 0.2663742 -0.4359585 -0.8596451 0.2663656 -0.435943 -0.8596493 0.2663775 -0.4359474 -0.8596479 0.2663748 -0.4359356 -0.8596568 0.2663653 0.006935477 -0.1491233 -0.9887943 0.6085862 0.5461362 -0.5756372 0.5807911 0.7072562 0.4030763 0.01935809 0.1358592 0.990539 -0.5877247 -0.5581377 0.5857151 -0.5807892 -0.7072575 -0.4030766 0.4359435 0.8596475 -0.2663825 0.4359217 0.8596562 -0.26639 0.435877 0.8596895 -0.2663558 0.4359428 0.8596419 -0.2664018 0.4359647 0.8596331 -0.2663941 0.4360112 0.8596168 -0.2663704 0.006923973 -0.1491113 -0.9887962 0.6086198 0.5461161 -0.5756208 0.006929755 -0.1491048 -0.9887971 0.6086238 0.5461137 -0.5756186 0.5808026 0.7072501 0.4030703 0.5807974 0.7072487 0.4030804 0.01939088 0.1358448 0.9905404 0.01940017 0.1358391 0.9905411 -0.5877401 -0.5581254 0.5857113 -0.5877467 -0.5581111 0.5857183 -0.5807984 -0.7072471 -0.4030817 -0.5807998 -0.7072493 -0.4030757 0.4359413 0.8596535 -0.2663668 0.4359421 0.8596519 -0.2663703 0.435927 0.8596634 -0.266358 0.4359412 0.8596512 -0.2663739 0.4359405 0.8596528 -0.2663704 0.4359556 0.8596479 -0.2663614 -0.8779713 0.2194569 0.4254469 -0.6115269 -0.4342135 0.6614329 -0.6846244 -0.4360786 0.584059 -0.8246359 0.2884054 0.486619 -0.9446606 -0.306733 -0.1163241 -0.8119474 0.5281633 -0.248566 -0.5862005 0.04533118 -0.8088968 -0.1161981 -0.9798489 0.1624629 -0.3992721 -0.3995477 0.8251929 -0.6442393 0.4536821 0.615734 -0.8664504 0.4369789 -0.2414813 -0.6535552 -3.12656e-4 -0.7568789 -0.3730804 -0.6772931 -0.6341018 -0.3550254 -0.9293818 0.1010277 -0.4798243 -0.8740935 0.07569253 -0.4683287 -0.6565867 -0.591238 -0.1164082 -0.707412 -0.6971495 -0.3546618 0.1652257 -0.9202802 -0.6232945 0.7397462 -0.2535341 0.4930744 0.02028596 -0.8697507 -0.3591756 0.5330567 -0.7660572 -0.8522428 0.5127667 0.1036946 -0.4930753 -0.02028393 0.8697502 0.3591748 -0.5330529 0.7660601 0.8522448 -0.5127641 -0.1036902 0.1694594 0.1890507 0.967235 0.8504685 -0.2966861 0.434374 0.8504682 -0.2966863 0.4343746 0.1694595 0.1890511 0.9672349 -0.6801753 0.5085272 0.5279789 -0.6801731 0.508525 0.5279839 -0.8504675 0.2966822 -0.4343787 -0.8504697 0.2966821 -0.4343743 -0.1686021 -0.1910414 -0.9669936 -0.1686003 -0.1910368 -0.9669948 0.698538 -0.4884871 -0.5229007 0.6985416 -0.4884828 -0.5228999 0.1198144 0.9842213 0.1302033 0.1770197 0.5860077 0.7907333 0.8254233 0.5122131 0.2373061 0.5804736 -0.07345575 0.8109592 0.9267057 -0.3347856 0.170691 0.6400594 0.003781259 0.7683162 0.2740483 0.6020412 0.7499627 0.2221875 0.9632802 0.1507449 0.4660665 0.7229045 -0.5100894 0.8695079 0.06340938 -0.489832 0.90228 0.1279482 -0.4117283 0.5362751 0.7262194 -0.430133 -0.1569655 0.9852046 0.06880193 -0.08891201 0.5114052 0.8547278 0.2549819 0.6742652 -0.6930734 0.7350293 -0.1104559 -0.6689779 0.9541612 -0.2333042 0.1874716 0.803075 -0.5842862 0.1169617 0.5872678 -0.8081155 0.04545527 0.5139037 -0.2947183 -0.8056328 -0.0059852 0.5551651 -0.8317186 -0.4522729 0.8918548 -0.006648063 -0.3787413 0.3786116 0.8445167 0.3911274 -0.2733018 0.8788206 0.1410711 -0.4713572 0.8705868 -0.8254182 -0.5122198 -0.2373096 -0.8254187 -0.5122205 -0.2373062 -0.8254196 -0.5122097 -0.2373268 -0.8254215 -0.5122174 -0.2373029 -0.825421 -0.5122167 -0.2373064 -0.8254098 -0.5122348 -0.2373059 0.4930552 0.02026808 -0.8697619 -0.359176 0.5330421 -0.7660672 0.4930496 0.02026849 -0.8697651 -0.359183 0.5330467 -0.7660607 -0.8522391 0.5127742 0.1036886 -0.8522402 0.5127701 0.1036992 -0.493062 -0.02028226 0.8697577 -0.493063 -0.02027213 0.8697575 0.3591735 -0.5330648 0.7660525 0.3591577 -0.5330694 0.7660568 0.8522388 -0.5127724 -0.1036997 0.8522408 -0.5127696 -0.1036972 0.07395428 -0.5148726 0.8540709 -0.4476963 0.3378787 0.8278926 -0.4476999 0.3378823 0.8278892 0.07395106 -0.514871 0.8540722 0.5216526 -0.8527563 0.02617692 0.5216565 -0.8527539 0.02617883 0.449772 -0.3126311 -0.8366403 0.4497749 -0.3125972 -0.8366515 -0.07395386 0.514877 -0.8540683 -0.07395285 0.5148775 -0.854068 -0.5216535 0.852756 -0.02617597 -0.5216551 0.8527547 -0.026183 -0.8161329 0.5565882 0.1553607 -0.816135 0.5565859 0.1553575 -0.8161268 0.556593 0.1553745 -0.8161364 0.556583 0.1553605 -0.8161342 0.5565853 0.1553636 -0.8161316 0.5565935 0.1553474 0.6646705 -0.4947179 -0.5598816 0.6345033 0.2595397 -0.7280417 0.9989401 0.04341363 0.0152992 0.603085 0.781777 -0.1584721 0.6018753 0.5497502 0.5792418 0.6844226 0.7151882 -0.1416746 0.6833179 0.5046904 0.5276024 0.3550551 0.914465 -0.1941385 0.3595691 0.6130483 0.7034784 0.04298889 0.97556 -0.2154873 0.04141646 0.6765496 0.7352315 0.08039909 -0.2954503 0.951969 0.3911243 -0.2733317 0.8788127 0.1206766 -0.9684603 0.217995 0.4268841 -0.8805053 0.2061083 0.4283257 -0.6044117 -0.6717319 0.7403019 -0.4428411 -0.5058112 0.3923908 0.2930673 -0.8718608 0.7128983 0.241414 -0.6584037 0.1223853 -0.6694329 -0.7327221 0.08354222 0.3025782 -0.9494563 0.7392197 -0.6533227 0.163474 0.7106972 -0.1795626 0.6801962 0.6320515 -0.2045008 0.7474559 0.6634594 -0.7267637 0.1778659 0.8019487 -0.5688142 -0.1825621 0.8019595 -0.5688053 -0.1825425 0.8019526 -0.5688115 -0.1825532 0.8019512 -0.5688129 -0.1825547 0.8019409 -0.5688209 -0.1825749 0.8019567 -0.5688081 -0.1825451 0.04062181 -0.6752615 -0.736459 0.001571953 0.3000323 -0.9539279 -0.03904819 0.9752846 -0.2174746 -0.0406205 0.6752666 0.7364544 0.006417155 -0.3287962 0.9443792 0.03905189 -0.9752846 0.2174743 0.8019478 -0.5688154 -0.1825617 0.8019465 -0.5688165 -0.1825641 0.801951 -0.5688127 -0.1825561 0.8019455 -0.5688162 -0.182569 0.8019464 -0.568816 -0.1825662 0.8019519 -0.5688118 -0.1825557 0.04060256 -0.6752652 -0.7364567 0.001569271 0.3000149 -0.9539332 0.04060006 -0.6752617 -0.73646 0.001570105 0.3000223 -0.953931 -0.03903669 0.975284 -0.2174795 -0.03903782 0.9752851 -0.2174741 -0.0406149 0.6752583 0.7364622 -0.04060733 0.6752676 0.7364542 0.00642544 -0.328827 0.9443683 0.006427168 -0.3288335 0.9443661 0.03904283 -0.9752861 0.2174689 0.03904557 -0.9752846 0.2174756 -0.5492037 -0.830718 0.09101015 -0.4302408 -0.405793 -0.8063653 -0.4302371 -0.4057928 -0.8063675 -0.5492027 -0.830719 0.09100747 -0.1189635 -0.4249249 0.8973777 -0.1189666 -0.4249248 0.8973773 0.4223477 0.4132919 0.8067293 0.4223405 0.4132984 0.8067299 0.5376981 0.8387217 -0.08617854 0.5376993 0.838721 -0.08617883 0.1442136 0.4066529 -0.9021286 0.1442106 0.4066553 -0.902128 -0.2547318 0.9567113 -0.1407667 -0.2547327 0.9567107 -0.1407693 -0.2547316 0.9567142 -0.1407472 -0.2547377 0.9567093 -0.14077 -0.2547367 0.9567099 -0.1407675 -0.2547204 0.9567124 -0.1407796 0.8717083 -0.4740251 -0.1241977 0.4765983 0.07105022 -0.8762454 0.9746801 -0.1728198 -0.1418877 0.5860724 0.401564 -0.7037511 0.9658088 0.2156757 -0.1438661 0.9831499 0.1106002 -0.145547 0.5645509 0.3155516 -0.7626988 0.003428161 0.7835805 -0.621281 -0.07769387 0.7366586 -0.671787 -0.3013976 0.9528082 0.03627699 0.537696 0.8387243 -0.08616578 0.1171797 0.7478581 0.6534351 0.7594566 0.3267421 0.5625526 0.1802155 0.7937296 0.580961 0.7628847 0.4117498 0.4984668 -0.05569356 0.5854766 0.8087741 0.7085123 0.08437156 0.7006368 0.5834284 -0.1955031 0.7882828 -0.2442728 0.34717 0.9054302 -0.7836371 0.6113881 0.11008 -0.5537614 0.829343 0.07442146 -0.495563 0.3325711 -0.8023801 -0.2875943 0.5721402 -0.7680789 0.3323202 -0.209826 -0.9195305 -0.1962253 0.9794386 0.04685914 0.2519585 -0.9575034 0.1403717 0.251917 -0.9575152 0.1403661 0.252012 -0.9574877 0.1403825 0.2519319 -0.957511 0.1403678 0.2519279 -0.9575122 0.1403671 0.2519134 -0.9575164 0.1403645 0.2707102 -0.286742 -0.9189642 -0.5635433 0.2501062 -0.7873156 -0.8294233 0.5490038 0.1032072 -0.28924 0.2794884 0.9155471 0.5458163 -0.2840034 0.7883062 0.829807 -0.547985 -0.1055132 0.2519869 -0.9574954 0.1403757 0.2519902 -0.9574943 0.1403764 0.2519304 -0.9575114 0.1403682 0.2519473 -0.9575065 0.1403702 0.251944 -0.9575076 0.1403698 0.2519395 -0.9575088 0.1403687 0.2707046 -0.2867441 -0.9189651 -0.5635449 0.2501049 -0.787315 0.2707276 -0.2867356 -0.9189611 -0.5635467 0.2501052 -0.7873135 -0.8294247 0.5489982 0.1032266 -0.8294253 0.5489963 0.1032314 -0.2892372 0.2794857 0.9155488 -0.2892391 0.2794956 0.9155453 0.5458175 -0.2840049 0.7883049 0.5458142 -0.2839962 0.7883103 0.8298081 -0.5479797 -0.1055312 0.8298074 -0.547984 -0.105515 -0.8882528 -0.2890405 -0.357019 -0.1130931 -0.1740497 -0.9782212 -0.1130874 -0.1740494 -0.978222 -0.8882499 -0.2890424 -0.3570246 -0.771999 -0.1344946 0.6212317 -0.771999 -0.134493 0.6212321 0.1130974 0.1740525 0.9782202 0.1130911 0.1740547 0.9782206 0.8882535 0.2890417 0.3570165 0.8882539 0.2890421 0.3570152 0.7751631 0.1149909 -0.6212078 0.775169 0.114988 -0.621201 -0.1628481 -0.9717804 -0.1706559 -0.1628539 -0.9717799 -0.1706533 -0.1628229 -0.9717845 -0.170656 -0.1628571 -0.9717785 -0.1706581 -0.1628512 -0.9717791 -0.1706606 -0.1628553 -0.97178 -0.1706514 -0.4476947 0.3378848 0.827891 0.07396155 -0.514876 0.8540682 0.5216531 -0.852756 0.02617895 0.4497742 -0.3126133 -0.8366459 -0.07395839 0.5148745 -0.8540695 -0.5216517 0.8527569 -0.0261808 0.1628577 0.9717769 0.1706666 0.1628834 0.9717741 0.1706587 0.1629077 0.9717821 0.1705896 0.1628687 0.9717715 0.1706865 0.1628431 0.9717745 0.1706944 0.1627855 0.9717825 0.1707041 -0.8254234 -0.512208 -0.2373169 -0.8254097 -0.5122206 -0.2373374 -0.8253788 -0.5122714 -0.2373348 -0.8254244 -0.5121982 -0.2373344 -0.8254381 -0.5121857 -0.2373138 -0.825466 -0.5121641 -0.2372638 0.3146553 0.7571848 0.5724189 -0.07847243 -0.05512934 0.9953908 0.2174577 -0.1691588 0.9613 -0.3177192 -0.8430587 0.433943 -0.003703296 -0.8965677 0.4428913 -0.1643381 -0.8184944 -0.5505089 0.138005 -0.8739176 -0.4660716 0.3771759 -0.8385862 0.3930796 0.4852615 -0.8213114 -0.2999483 0.228804 -0.006193041 -0.9734528 0.700811 -0.218237 -0.679144 0.8866742 0.3931176 -0.2434494 0.9176146 -0.3742896 0.1337566 0.3916926 -0.8505057 -0.3510228 0.2767274 -0.8676594 0.4130244 0.545812 -0.2839864 0.7883153 0.5803103 0.5809203 0.5707641 0.4683118 0.7816289 -0.4119956 0.722039 0.6035543 -0.3382041 0.5008739 -0.1238536 -0.856613 0.7619104 -0.2494301 -0.5977265 0.9305379 0.3051371 -0.2024613 0.7675815 0.3740582 0.5204799 0.4626159 -0.2563162 0.8486982 0.8224782 0.2878925 0.4905584 0.1540136 0.02460753 -0.9877623 0.3943395 0.8150972 -0.4243972 0.2403275 0.7904859 0.5633602 -0.1540113 -0.02460736 0.9877627 -0.3943375 -0.815097 0.4243997 -0.2403239 -0.7904883 -0.5633586 0.1628528 0.9717806 0.17065 0.1628496 0.9717814 0.1706486 0.1628635 0.9717767 0.1706627 0.162846 0.9717811 0.1706535 0.1628494 0.9717804 0.1706548 0.1628558 0.9717836 0.1706302 0.1539977 0.02461534 -0.9877645 0.3943343 0.8150938 -0.4244086 0.1540008 0.02462255 -0.9877639 0.3943354 0.8150983 -0.4243988 0.2403351 0.7904878 0.5633544 0.2403301 0.7904829 0.5633633 -0.1540054 -0.02461266 0.9877635 -0.1539957 -0.0246104 0.987765 -0.3943518 -0.8150913 0.4243971 -0.3943623 -0.8150815 0.4244061 -0.2403351 -0.79048 -0.5633653 -0.2403354 -0.790483 -0.5633609 -0.6126564 0.2351791 -0.7545481 -0.9787464 0.1449835 0.1450352 -0.9787461 0.1449796 0.1450418 -0.6126579 0.2351822 -0.7545461 0.3634482 0.1017155 -0.9260451 0.3634472 0.1017131 -0.9260458 0.9761033 -0.1334682 -0.1714897 0.9761026 -0.1334697 -0.1714924 0.6126543 -0.2351835 0.7545486 0.6126533 -0.2351826 0.7545498 -0.3634495 -0.1017169 0.9260444 -0.3634406 -0.1017167 0.9260479 0.8866269 0.3690205 0.2787773 0.9635016 0.02083885 -0.2668902 0.5376968 0.8387218 -0.08618623 0.3150996 0.9384299 0.1416393 0.5581324 0.478828 0.6776518 0.394336 0.8150954 -0.424404 0.1540084 0.02461338 -0.9877629 0.1540074 0.02460992 -0.9877632 0.3943337 0.8150941 -0.4244086 0.2403243 0.7904851 0.5633627 0.2403274 0.7904861 0.56336 -0.1540105 -0.02461683 0.9877625 -0.1540057 -0.02461391 0.9877634 -0.394333 -0.8150978 0.4244023 -0.3943343 -0.8150963 0.4244036 -0.2403274 -0.7904855 -0.5633608 -0.2403301 -0.7904866 -0.5633581 -0.9176103 0.3743022 -0.1337506 -0.9176118 0.3742986 -0.1337504 -0.9176071 0.3743152 -0.1337368 -0.9176129 0.3742965 -0.1337491 -0.9176114 0.3743001 -0.1337492 -0.9176086 0.3743007 -0.1337673 -0.8694502 -0.1900774 0.4559902 -0.8694518 -0.1900751 0.4559881 -0.8694474 -0.1900935 0.4559888 -0.8694528 -0.1900759 0.4559856 -0.8694514 -0.1900782 0.4559878 -0.8694474 -0.1900643 0.4560009 -0.9176173 0.374286 -0.1337481 -0.9176203 0.3742883 -0.1337208 -0.9176043 0.3743413 -0.1336829 -0.9176262 0.3742672 -0.1337398 -0.9176232 0.3742648 -0.1337671 -0.9176126 0.3742684 -0.1338297 0.8821489 0.1827986 -0.4340487 0.882153 0.1827963 -0.434041 0.8821552 0.1827937 -0.4340376 0.8821374 0.1828041 -0.4340696 0.8821557 0.1827936 -0.4340368 0.8821439 0.1828002 -0.434058 0.9176124 -0.3742963 0.1337527 0.9176127 -0.3742967 0.1337496 0.9176106 -0.3742962 0.1337662 0.9176142 -0.3742927 0.1337502 0.9176139 -0.3742923 0.1337533 0.9176107 -0.3743036 0.133744 0.8821441 0.1827998 -0.4340576 0.8821411 0.1828016 -0.4340631 0.8821572 0.1827921 -0.4340346 0.8821403 0.1828017 -0.4340644 0.8821433 0.1828008 -0.4340589 0.8821391 0.1828023 -0.434067 0.8254224 0.5122143 0.237307 0.8254206 0.5122154 0.2373106 0.8254314 0.5122072 0.2372909 0.8254207 0.5122136 0.2373136 0.8254226 0.5122123 0.2373101 0.8254164 0.5122224 0.2373101 -0.4953868 0.3328601 -0.8023691 -0.2380253 0.9699955 -0.04952555 -0.2380232 0.9699961 -0.04952239 -0.4953892 0.3328326 -0.802379 -0.2558811 -0.6162832 -0.7447953 -0.2558889 -0.6162815 -0.744794 0.238026 -0.9699952 0.04952889 0.2380184 -0.969997 0.04952991 0.4939064 -0.3537138 0.7943192 0.4939078 -0.3537154 0.7943177 0.2740593 0.6020403 0.7499594 0.2740707 0.6020306 0.7499629 0.7226157 -0.6783653 0.1328423 0.7226173 -0.6783642 0.1328394 0.7226113 -0.6783687 0.1328489 0.7226169 -0.6783649 0.1328383 0.7226169 -0.678364 0.1328428 0.7226163 -0.6783647 0.1328431 -0.5635728 0.2500882 -0.7873002 0.2707318 -0.2867328 -0.9189606 0.2706816 -0.2867526 -0.9189693 -0.5635557 0.2500983 -0.7873093 -0.8294255 0.5489962 0.1032305 -0.8294208 0.5490136 0.1031764 -0.2892311 0.2794884 0.9155499 -0.289232 0.2794939 0.915548 0.5458207 -0.2840207 0.7882969 0.5458112 -0.283985 0.7883165 0.8298066 -0.5479862 -0.1055089 0.8298097 -0.5479711 -0.1055629 -0.5491931 -0.8307254 0.09100663 -0.5491924 -0.8307259 0.09100669 -0.5492061 -0.8307164 0.09101104 -0.5491937 -0.8307251 0.09100633 -0.5491944 -0.8307247 0.09100675 -0.5491796 -0.8307352 0.09100037 -0.725828 0.6749211 -0.1328733 -0.7258337 0.6749176 -0.1328601 -0.7258334 0.6749176 -0.1328615 -0.7258341 0.674917 -0.1328606 -0.7258269 0.6749225 -0.1328727 -0.7258288 0.6749206 -0.1328712 -0.549185 -0.8307311 0.09100353 -0.5492013 -0.8307198 0.09100985 -0.5491769 -0.830737 0.0909996 -0.549179 -0.8307356 0.09100031 -0.5491998 -0.8307206 0.09100997 -0.5492069 -0.8307158 0.09101271 -0.7258225 0.6749251 -0.1328824 -0.7258402 0.6749135 -0.1328454 -0.7258288 0.6749207 -0.1328703 -0.7258211 0.6749256 -0.1328881 -0.7258225 0.6749252 -0.1328825 -0.7258417 0.674912 -0.1328447 0.5376993 0.8387227 -0.08616042 0.5376992 0.8387224 -0.08616536 0.5376936 0.838728 -0.08614593 0.5376957 0.8387246 -0.08616644 0.5376958 0.838725 -0.08616149 0.5377122 0.8387144 -0.08616298 0.6085991 0.5461279 -0.5756315 0.006936132 -0.1491198 -0.9887949 0.006927192 -0.1491218 -0.9887946 0.6086139 0.5461193 -0.5756239 0.5807868 0.7072575 0.4030802 0.5807936 0.707256 0.4030729 0.01938784 0.1358443 0.9905405 0.01939111 0.1358447 0.9905404 -0.5877211 -0.5581375 0.5857188 -0.5877212 -0.5581396 0.5857167 -0.5807886 -0.707257 -0.4030785 -0.5807973 -0.7072546 -0.4030699 0.5174024 0.7968743 0.3119072 0.5174065 0.7968736 0.3119022 0.5173951 0.7968754 0.3119166 0.5174012 0.7968769 0.3119027 0.5173972 0.7968776 0.3119077 0.5174121 0.7968682 0.3119068 0.001570045 0.3000189 -0.9539321 0.04061877 -0.6752613 -0.7364593 0.04061788 -0.675265 -0.7364559 0.001566171 0.300014 -0.9539335 -0.03905105 0.9752851 -0.217472 -0.03904658 0.9752846 -0.217475 -0.0406177 0.6752579 0.7364626 -0.04061317 0.6752632 0.7364579 0.006419956 -0.3288003 0.9443777 0.006415903 -0.3287914 0.9443808 0.03904962 -0.9752855 0.2174706 0.03904861 -0.9752832 0.2174813 -0.9989404 -0.04340475 -0.01530492 -0.9989402 -0.04340922 -0.01530271 -0.9989412 -0.04338568 -0.0153076 -0.9989404 -0.04340773 -0.01529818 -0.9989405 -0.04340326 -0.01530045 -0.9989397 -0.04341787 -0.01531571 -0.5173965 -0.7968805 -0.3119014 -0.5174102 -0.7968794 -0.3118814 -0.5174694 -0.7968437 -0.3118745 -0.5173879 -0.7968918 -0.3118867 -0.5173742 -0.7968929 -0.3119066 -0.5173407 -0.7968946 -0.3119577 -0.9989402 -0.04341435 -0.01529049 -0.9989413 -0.04339504 -0.01527374 -0.998944 -0.04332739 -0.01528841 -0.9989401 -0.04342293 -0.0152707 -0.998939 -0.04344218 -0.01528745 -0.9989365 -0.04348421 -0.01533228 -0.5174058 -0.7968723 -0.3119069 -0.5174067 -0.7968698 -0.3119119 -0.5173975 -0.796882 -0.3118956 -0.5174033 -0.7968717 -0.3119127 -0.5174025 -0.7968742 -0.3119077 -0.5174192 -0.7968637 -0.3119066 0.9989402 0.04341065 0.01530009 0.9989404 0.04340869 0.01529699 0.9989396 0.04342013 0.01531052 0.9989402 0.04341143 0.01529443 0.9989401 0.04341346 0.01529753 0.9989407 0.04339963 0.01530081 -0.3591751 0.5330495 -0.7660624 0.493067 0.02028203 -0.8697549 0.4930664 0.02028167 -0.8697553 -0.3591715 0.5330466 -0.7660661 -0.8522441 0.5127638 0.1036975 -0.8522424 0.5127675 0.1036939 -0.493059 -0.02028864 0.8697593 -0.4930713 -0.02028197 0.8697525 0.3591736 -0.5330501 0.7660626 0.3591835 -0.5330487 0.7660591 0.8522418 -0.5127695 -0.1036897 0.8522428 -0.5127671 -0.1036927</float_array>
          <technique_common>
            <accessor source="#c_stickybomb_launcher_xmas-mesh-normals-array" count="2814" stride="3">
              <param name="X" type="float"/>
              <param name="Y" type="float"/>
              <param name="Z" type="float"/>
            </accessor>
          </technique_common>
        </source>
        <source id="c_stickybomb_launcher_xmas-mesh-map-0">
          <float_array id="c_stickybomb_launcher_xmas-mesh-map-0-array" count="22872">0.766153 0.408558 0.878271 0.647096 0.765229 0.585885 0.766153 0.408558 0.879115 0.408558 0.878271 0.647096 0.299345 0.412045 0.299689 0.411984 0.299839 0.375305 0.300457 0.411848 0.30088 0.411774 0.299839 0.375305 0.300544 0.436982 0.299689 0.411984 0.299143 0.43723 0.298515 0.437341 0.299143 0.43723 0.299689 0.411984 0.298515 0.437341 0.299689 0.411984 0.299345 0.412045 0.298515 0.437341 0.299345 0.412045 0.299768 0.41197 0.299768 0.41197 0.299345 0.412045 0.299839 0.375305 0.300536 0.411834 0.299768 0.41197 0.299839 0.375305 0.30088 0.411774 0.300536 0.411834 0.299839 0.375305 0.300688 0.436956 0.300536 0.411834 0.30088 0.411774 0.300688 0.436956 0.299768 0.41197 0.300536 0.411834 0.300688 0.436956 0.299288 0.437204 0.299768 0.41197 0.298515 0.437341 0.299768 0.41197 0.299288 0.437204 0.29802 0.457338 0.298515 0.437341 0.299288 0.437204 0.29802 0.457338 0.299143 0.43723 0.298515 0.437341 0.29802 0.457338 0.298977 0.457169 0.299143 0.43723 0.29802 0.457338 0.299288 0.437204 0.299196 0.45713 0.301329 0.456752 0.299196 0.45713 0.299288 0.437204 0.301329 0.456752 0.299288 0.437204 0.300688 0.436956 0.299689 0.411984 0.300457 0.411848 0.299839 0.375305 0.300544 0.436982 0.300457 0.411848 0.299689 0.411984 0.300544 0.436982 0.30088 0.411774 0.300457 0.411848 0.300544 0.436982 0.301316 0.436845 0.30088 0.411774 0.300688 0.436956 0.30088 0.411774 0.301316 0.436845 0.302286 0.456583 0.300688 0.436956 0.301316 0.436845 0.302286 0.456583 0.301329 0.456752 0.300688 0.436956 0.30353 0.499644 0.301329 0.456752 0.302286 0.456583 0.30353 0.499644 0.302146 0.499888 0.301329 0.456752 0.29906 0.500434 0.301329 0.456752 0.302146 0.499888 0.29906 0.500434 0.299196 0.45713 0.301329 0.456752 0.297359 0.500735 0.299196 0.45713 0.29906 0.500434 0.297359 0.500735 0.29802 0.457338 0.299196 0.45713 0.298743 0.50049 0.29802 0.457338 0.297359 0.500735 0.298743 0.50049 0.298977 0.457169 0.29802 0.457338 0.298743 0.50049 0.30111 0.456791 0.298977 0.457169 0.30111 0.456791 0.299143 0.43723 0.298977 0.457169 0.30111 0.456791 0.300544 0.436982 0.299143 0.43723 0.302286 0.456583 0.301316 0.436845 0.300544 0.436982 0.302286 0.456583 0.300544 0.436982 0.30111 0.456791 0.301828 0.499945 0.302286 0.456583 0.30111 0.456791 0.301828 0.499945 0.30353 0.499644 0.302286 0.456583 0.298743 0.50049 0.301828 0.499945 0.30111 0.456791 0.422196 0.481721 0.424787 0.462697 0.428983 0.472957 0.422196 0.481721 0.413803 0.461201 0.424787 0.462697 0.422196 0.481721 0.407016 0.469965 0.413803 0.461201 0.422196 0.481721 0.411213 0.480225 0.407016 0.469965 0.302698 0.730519 0.302272 0.499866 0.303095 0.499721 0.302698 0.730519 0.301875 0.730591 0.302272 0.499866 0.301875 0.730591 0.301449 0.500012 0.302272 0.499866 0.301875 0.730591 0.301052 0.730663 0.301449 0.500012 0.300229 0.730735 0.301449 0.500012 0.301052 0.730663 0.300229 0.730735 0.300626 0.500157 0.301449 0.500012 0.299407 0.730807 0.300626 0.500157 0.300229 0.730735 0.299407 0.730807 0.299804 0.500303 0.300626 0.500157 0.299407 0.730807 0.298981 0.500448 0.299804 0.500303 0.299407 0.730807 0.298584 0.730879 0.298981 0.500448 0.297761 0.730952 0.298981 0.500448 0.298584 0.730879 0.297761 0.730952 0.298158 0.500594 0.298981 0.500448 0.429068 0.473023 0.413888 0.461267 0.424872 0.462763 0.429068 0.473023 0.407101 0.470031 0.413888 0.461267 0.429068 0.473023 0.411298 0.480291 0.407101 0.470031 0.429068 0.473023 0.422281 0.481787 0.411298 0.480291 0.435369 0.482963 0.417799 0.493621 0.431542 0.475514 0.435369 0.482963 0.420778 0.502342 0.417799 0.493621 0.420778 0.502342 0.431542 0.475514 0.417799 0.493621 0.420778 0.502342 0.435369 0.482963 0.431542 0.475514 0.435369 0.482963 0.417799 0.493621 0.431542 0.475514 0.435369 0.482963 0.420778 0.502342 0.417799 0.493621 0.435369 0.482963 0.417799 0.493621 0.420778 0.502342 0.435369 0.482963 0.431542 0.475514 0.417799 0.493621 0.435369 0.482963 0.417799 0.493621 0.431542 0.475514 0.435369 0.482963 0.420778 0.502342 0.417799 0.493621 0.435369 0.482963 0.417799 0.493621 0.420778 0.502342 0.435369 0.482963 0.431542 0.475514 0.417799 0.493621 0.407101 0.470031 0.422281 0.481787 0.411298 0.480291 0.407101 0.470031 0.429068 0.473023 0.422281 0.481787 0.407101 0.470031 0.424872 0.462763 0.429068 0.473023 0.407101 0.470031 0.413888 0.461267 0.424872 0.462763 0.05429095 0.456583 0.053321 0.436845 0.052549 0.436982 0.05429095 0.456583 0.052549 0.436982 0.05311495 0.456791 0.05383294 0.499945 0.05429095 0.456583 0.05311495 0.456791 0.05383294 0.499945 0.055534 0.499644 0.05429095 0.456583 0.05074799 0.50049 0.05383294 0.499945 0.05311495 0.456791 0.05169397 0.411984 0.05246198 0.411848 0.05184298 0.375305 0.052549 0.436982 0.05246198 0.411848 0.05169397 0.411984 0.052549 0.436982 0.05288499 0.411774 0.05246198 0.411848 0.052549 0.436982 0.053321 0.436845 0.05288499 0.411774 0.05269294 0.436956 0.05288499 0.411774 0.053321 0.436845 0.05429095 0.456583 0.05269294 0.436956 0.053321 0.436845 0.05429095 0.456583 0.05333399 0.456752 0.05269294 0.436956 0.055534 0.499644 0.05333399 0.456752 0.05429095 0.456583 0.055534 0.499644 0.05414998 0.499888 0.05333399 0.456752 0.05106496 0.500434 0.05333399 0.456752 0.05414998 0.499888 0.05106496 0.500434 0.05120098 0.45713 0.05333399 0.456752 0.04936397 0.500735 0.05120098 0.45713 0.05106496 0.500434 0.04936397 0.500735 0.05002498 0.457338 0.05120098 0.45713 0.05074799 0.50049 0.05002498 0.457338 0.04936397 0.500735 0.05074799 0.50049 0.05098199 0.457169 0.05002498 0.457338 0.05074799 0.50049 0.05311495 0.456791 0.05098199 0.457169 0.05311495 0.456791 0.05114799 0.43723 0.05098199 0.457169 0.05311495 0.456791 0.052549 0.436982 0.05114799 0.43723 0.05246198 0.411848 0.05288499 0.411774 0.05184298 0.375305 0.05134999 0.412045 0.05169397 0.411984 0.05184298 0.375305 0.05002498 0.457338 0.051292 0.437204 0.05120098 0.45713 0.05333399 0.456752 0.05120098 0.45713 0.051292 0.437204 0.05333399 0.456752 0.051292 0.437204 0.05269294 0.436956 0.052549 0.436982 0.05169397 0.411984 0.05114799 0.43723 0.05052 0.437341 0.05114799 0.43723 0.05169397 0.411984 0.05052 0.437341 0.05169397 0.411984 0.05134999 0.412045 0.05052 0.437341 0.05134999 0.412045 0.05177295 0.41197 0.05177295 0.41197 0.05134999 0.412045 0.05184298 0.375305 0.05254095 0.411834 0.05177295 0.41197 0.05184298 0.375305 0.05288499 0.411774 0.05254095 0.411834 0.05184298 0.375305 0.05269294 0.436956 0.05254095 0.411834 0.05288499 0.411774 0.05269294 0.436956 0.05177295 0.41197 0.05254095 0.411834 0.05269294 0.436956 0.051292 0.437204 0.05177295 0.41197 0.05052 0.437341 0.05177295 0.41197 0.051292 0.437204 0.05002498 0.457338 0.05052 0.437341 0.051292 0.437204 0.05002498 0.457338 0.05114799 0.43723 0.05052 0.437341 0.05002498 0.457338 0.05098199 0.457169 0.05114799 0.43723 0.05470198 0.730519 0.054277 0.499866 0.05509895 0.499721 0.05470198 0.730519 0.05387997 0.730591 0.054277 0.499866 0.05387997 0.730591 0.05345398 0.500012 0.054277 0.499866 0.05387997 0.730591 0.05305695 0.730663 0.05345398 0.500012 0.05223399 0.730735 0.05345398 0.500012 0.05305695 0.730663 0.05223399 0.730735 0.05263096 0.500157 0.05345398 0.500012 0.05141097 0.730807 0.05263096 0.500157 0.05223399 0.730735 0.05141097 0.730807 0.05180799 0.500303 0.05263096 0.500157 0.05141097 0.730807 0.05098599 0.500448 0.05180799 0.500303 0.05141097 0.730807 0.05058896 0.730879 0.05098599 0.500448 0.049766 0.730952 0.05098599 0.500448 0.05058896 0.730879 0.049766 0.730952 0.05016297 0.500594 0.05098599 0.500448 0.436727 0.525585 0.431542 0.475514 0.444747 0.517439 0.436727 0.525585 0.417799 0.493621 0.431542 0.475514 0.436727 0.525585 0.431542 0.475514 0.417799 0.493621 0.436727 0.525585 0.444747 0.517439 0.431542 0.475514 0.444747 0.517439 0.417799 0.493621 0.431542 0.475514 0.444747 0.517439 0.436727 0.525585 0.417799 0.493621 0.444747 0.517439 0.417799 0.493621 0.436727 0.525585 0.444747 0.517439 0.431542 0.475514 0.417799 0.493621 0.444747 0.517439 0.417799 0.493621 0.431542 0.475514 0.444747 0.517439 0.436727 0.525585 0.417799 0.493621 0.444747 0.517439 0.417799 0.493621 0.436727 0.525585 0.444747 0.517439 0.431542 0.475514 0.417799 0.493621 0.422196 0.481721 0.424787 0.462697 0.428983 0.472957 0.422196 0.481721 0.413803 0.461201 0.424787 0.462697 0.422196 0.481721 0.407016 0.469965 0.413803 0.461201 0.422196 0.481721 0.411213 0.480225 0.407016 0.469965 0.435369 0.482963 0.417799 0.493621 0.431542 0.475514 0.435369 0.482963 0.420778 0.502342 0.417799 0.493621 0.420778 0.502342 0.431542 0.475514 0.417799 0.493621 0.420778 0.502342 0.435369 0.482963 0.431542 0.475514 0.435369 0.482963 0.417799 0.493621 0.431542 0.475514 0.435369 0.482963 0.420778 0.502342 0.417799 0.493621 0.435369 0.482963 0.417799 0.493621 0.420778 0.502342 0.435369 0.482963 0.431542 0.475514 0.417799 0.493621 0.435369 0.482963 0.417799 0.493621 0.431542 0.475514 0.435369 0.482963 0.420778 0.502342 0.417799 0.493621 0.435369 0.482963 0.417799 0.493621 0.420778 0.502342 0.435369 0.482963 0.431542 0.475514 0.417799 0.493621 0.429068 0.473023 0.413888 0.461267 0.424872 0.462763 0.429068 0.473023 0.407101 0.470031 0.413888 0.461267 0.429068 0.473023 0.411298 0.480291 0.407101 0.470031 0.429068 0.473023 0.422281 0.481787 0.411298 0.480291 0.318459 0.456583 0.317489 0.436845 0.316717 0.436982 0.318459 0.456583 0.316717 0.436982 0.317283 0.456791 0.318001 0.499945 0.318459 0.456583 0.317283 0.456791 0.318001 0.499945 0.319702 0.499644 0.318459 0.456583 0.314916 0.50049 0.318001 0.499945 0.317283 0.456791 0.315862 0.411984 0.31663 0.411848 0.316011 0.375305 0.316717 0.436982 0.31663 0.411848 0.315862 0.411984 0.316717 0.436982 0.317053 0.411774 0.31663 0.411848 0.316717 0.436982 0.317489 0.436845 0.317053 0.411774 0.316861 0.436956 0.317053 0.411774 0.317489 0.436845 0.318459 0.456583 0.316861 0.436956 0.317489 0.436845 0.318459 0.456583 0.317502 0.456752 0.316861 0.436956 0.319702 0.499644 0.317502 0.456752 0.318459 0.456583 0.319702 0.499644 0.318318 0.499888 0.317502 0.456752 0.318318 0.499888 0.315369 0.45713 0.317502 0.456752 0.318318 0.499888 0.315233 0.500434 0.315369 0.45713 0.313532 0.500735 0.315369 0.45713 0.315233 0.500434 0.313532 0.500735 0.314193 0.457338 0.315369 0.45713 0.314916 0.50049 0.314193 0.457338 0.313532 0.500735 0.314916 0.50049 0.315149 0.457169 0.314193 0.457338 0.314916 0.50049 0.317283 0.456791 0.315149 0.457169 0.317283 0.456791 0.315316 0.43723 0.315149 0.457169 0.317283 0.456791 0.316717 0.436982 0.315316 0.43723 0.31663 0.411848 0.317053 0.411774 0.316011 0.375305 0.315518 0.412045 0.315862 0.411984 0.316011 0.375305 0.314193 0.457338 0.31546 0.437204 0.315369 0.45713 0.317502 0.456752 0.315369 0.45713 0.31546 0.437204 0.317502 0.456752 0.31546 0.437204 0.316861 0.436956 0.316717 0.436982 0.315862 0.411984 0.315316 0.43723 0.314688 0.437341 0.315316 0.43723 0.315862 0.411984 0.314688 0.437341 0.315862 0.411984 0.315518 0.412045 0.314688 0.437341 0.315518 0.412045 0.315941 0.41197 0.315941 0.41197 0.315518 0.412045 0.316011 0.375305 0.316709 0.411834 0.315941 0.41197 0.316011 0.375305 0.317053 0.411774 0.316709 0.411834 0.316011 0.375305 0.316861 0.436956 0.316709 0.411834 0.317053 0.411774 0.316861 0.436956 0.315941 0.41197 0.316709 0.411834 0.316861 0.436956 0.31546 0.437204 0.315941 0.41197 0.314688 0.437341 0.315941 0.41197 0.31546 0.437204 0.314193 0.457338 0.314688 0.437341 0.31546 0.437204 0.314193 0.457338 0.315316 0.43723 0.314688 0.437341 0.314193 0.457338 0.315149 0.457169 0.315316 0.43723 0.31887 0.730519 0.318445 0.499866 0.319267 0.499721 0.31887 0.730519 0.318048 0.730591 0.318445 0.499866 0.318048 0.730591 0.317622 0.500012 0.318445 0.499866 0.318048 0.730591 0.317225 0.730663 0.317622 0.500012 0.316402 0.730735 0.317622 0.500012 0.317225 0.730663 0.316402 0.730735 0.316799 0.500157 0.317622 0.500012 0.315579 0.730807 0.316799 0.500157 0.316402 0.730735 0.315579 0.730807 0.315976 0.500303 0.316799 0.500157 0.315579 0.730807 0.315154 0.500448 0.315976 0.500303 0.315579 0.730807 0.314757 0.730879 0.315154 0.500448 0.313934 0.730952 0.315154 0.500448 0.314757 0.730879 0.313934 0.730952 0.314331 0.500594 0.315154 0.500448 0.407101 0.470031 0.422281 0.481787 0.411298 0.480291 0.407101 0.470031 0.429068 0.473023 0.422281 0.481787 0.407101 0.470031 0.424872 0.462763 0.429068 0.473023 0.407101 0.470031 0.413888 0.461267 0.424872 0.462763 0.435369 0.482963 0.417799 0.493621 0.431542 0.475514 0.435369 0.482963 0.420778 0.502342 0.417799 0.493621 0.420778 0.502342 0.431542 0.475514 0.417799 0.493621 0.420778 0.502342 0.435369 0.482963 0.431542 0.475514 0.435369 0.482963 0.417799 0.493621 0.431542 0.475514 0.435369 0.482963 0.420778 0.502342 0.417799 0.493621 0.435369 0.482963 0.417799 0.493621 0.420778 0.502342 0.435369 0.482963 0.431542 0.475514 0.417799 0.493621 0.435369 0.482963 0.417799 0.493621 0.431542 0.475514 0.435369 0.482963 0.420778 0.502342 0.417799 0.493621 0.435369 0.482963 0.417799 0.493621 0.420778 0.502342 0.435369 0.482963 0.431542 0.475514 0.417799 0.493621 0.436727 0.525585 0.431542 0.475514 0.444747 0.517439 0.436727 0.525585 0.417799 0.493621 0.431542 0.475514 0.436727 0.525585 0.431542 0.475514 0.417799 0.493621 0.436727 0.525585 0.444747 0.517439 0.431542 0.475514 0.444747 0.517439 0.417799 0.493621 0.431542 0.475514 0.444747 0.517439 0.436727 0.525585 0.417799 0.493621 0.444747 0.517439 0.417799 0.493621 0.436727 0.525585 0.444747 0.517439 0.431542 0.475514 0.417799 0.493621 0.444747 0.517439 0.417799 0.493621 0.431542 0.475514 0.444747 0.517439 0.436727 0.525585 0.417799 0.493621 0.444747 0.517439 0.417799 0.493621 0.436727 0.525585 0.444747 0.517439 0.431542 0.475514 0.417799 0.493621 0.422196 0.481721 0.424787 0.462697 0.428983 0.472957 0.422196 0.481721 0.413803 0.461201 0.424787 0.462697 0.422196 0.481721 0.407016 0.469965 0.413803 0.461201 0.422196 0.481721 0.411213 0.480225 0.407016 0.469965 0.05470198 0.730519 0.054277 0.499866 0.05509895 0.499721 0.05470198 0.730519 0.05387997 0.730591 0.054277 0.499866 0.05387997 0.730591 0.05345398 0.500012 0.054277 0.499866 0.05387997 0.730591 0.05305695 0.730663 0.05345398 0.500012 0.05223399 0.730735 0.05345398 0.500012 0.05305695 0.730663 0.05223399 0.730735 0.05263096 0.500157 0.05345398 0.500012 0.05141097 0.730807 0.05263096 0.500157 0.05223399 0.730735 0.05141097 0.730807 0.05180799 0.500303 0.05263096 0.500157 0.05141097 0.730807 0.05098599 0.500448 0.05180799 0.500303 0.05141097 0.730807 0.05058896 0.730879 0.05098599 0.500448 0.049766 0.730952 0.05098599 0.500448 0.05058896 0.730879 0.049766 0.730952 0.05016297 0.500594 0.05098599 0.500448 0.429068 0.473023 0.413888 0.461267 0.424872 0.462763 0.429068 0.473023 0.407101 0.470031 0.413888 0.461267 0.429068 0.473023 0.411298 0.480291 0.407101 0.470031 0.429068 0.473023 0.422281 0.481787 0.411298 0.480291 0.435369 0.482963 0.417799 0.493621 0.431542 0.475514 0.435369 0.482963 0.420778 0.502342 0.417799 0.493621 0.420778 0.502342 0.431542 0.475514 0.417799 0.493621 0.420778 0.502342 0.435369 0.482963 0.431542 0.475514 0.435369 0.482963 0.417799 0.493621 0.431542 0.475514 0.435369 0.482963 0.420778 0.502342 0.417799 0.493621 0.435369 0.482963 0.417799 0.493621 0.420778 0.502342 0.435369 0.482963 0.431542 0.475514 0.417799 0.493621 0.435369 0.482963 0.417799 0.493621 0.431542 0.475514 0.435369 0.482963 0.420778 0.502342 0.417799 0.493621 0.435369 0.482963 0.417799 0.493621 0.420778 0.502342 0.435369 0.482963 0.431542 0.475514 0.417799 0.493621 0.413888 0.461267 0.411298 0.480291 0.407101 0.470031 0.413888 0.461267 0.422281 0.481787 0.411298 0.480291 0.413888 0.461267 0.429068 0.473023 0.422281 0.481787 0.413888 0.461267 0.424872 0.462763 0.429068 0.473023 0.444747 0.517439 0.417799 0.493621 0.431542 0.475514 0.444747 0.517439 0.436727 0.525585 0.417799 0.493621 0.444747 0.517439 0.417799 0.493621 0.436727 0.525585 0.444747 0.517439 0.431542 0.475514 0.417799 0.493621 0.436727 0.525585 0.431542 0.475514 0.444747 0.517439 0.436727 0.525585 0.417799 0.493621 0.431542 0.475514 0.444747 0.517439 0.417799 0.493621 0.436727 0.525585 0.444747 0.517439 0.431542 0.475514 0.417799 0.493621 0.444747 0.517439 0.417799 0.493621 0.431542 0.475514 0.444747 0.517439 0.436727 0.525585 0.417799 0.493621 0.436727 0.525585 0.431542 0.475514 0.417799 0.493621 0.436727 0.525585 0.444747 0.517439 0.431542 0.475514 0.055534 0.499644 0.05414998 0.499888 0.05333399 0.456752 0.05106496 0.500434 0.05333399 0.456752 0.05414998 0.499888 0.05106496 0.500434 0.05120098 0.45713 0.05333399 0.456752 0.04936397 0.500735 0.05120098 0.45713 0.05106496 0.500434 0.04936397 0.500735 0.05002498 0.457338 0.05120098 0.45713 0.05002498 0.457338 0.051292 0.437204 0.05120098 0.45713 0.05002498 0.457338 0.05052 0.437341 0.051292 0.437204 0.05333399 0.456752 0.05120098 0.45713 0.051292 0.437204 0.05074799 0.50049 0.05002498 0.457338 0.04936397 0.500735 0.05169397 0.411984 0.05246198 0.411848 0.05184298 0.375305 0.05134999 0.412045 0.05169397 0.411984 0.05184298 0.375305 0.05052 0.437341 0.05169397 0.411984 0.05134999 0.412045 0.05052 0.437341 0.05134999 0.412045 0.05177295 0.41197 0.05052 0.437341 0.05177295 0.41197 0.051292 0.437204 0.05269294 0.436956 0.051292 0.437204 0.05177295 0.41197 0.05333399 0.456752 0.051292 0.437204 0.05269294 0.436956 0.05429095 0.456583 0.05333399 0.456752 0.05269294 0.436956 0.055534 0.499644 0.05333399 0.456752 0.05429095 0.456583 0.05383294 0.499945 0.055534 0.499644 0.05429095 0.456583 0.05383294 0.499945 0.05429095 0.456583 0.05311495 0.456791 0.05074799 0.50049 0.05383294 0.499945 0.05311495 0.456791 0.05074799 0.50049 0.05311495 0.456791 0.05098199 0.457169 0.05074799 0.50049 0.05098199 0.457169 0.05002498 0.457338 0.05002498 0.457338 0.05098199 0.457169 0.05114799 0.43723 0.05002498 0.457338 0.05114799 0.43723 0.05052 0.437341 0.05052 0.437341 0.05114799 0.43723 0.05169397 0.411984 0.052549 0.436982 0.05169397 0.411984 0.05114799 0.43723 0.05177295 0.41197 0.05134999 0.412045 0.05184298 0.375305 0.052549 0.436982 0.05246198 0.411848 0.05169397 0.411984 0.052549 0.436982 0.05288499 0.411774 0.05246198 0.411848 0.05246198 0.411848 0.05288499 0.411774 0.05184298 0.375305 0.05288499 0.411774 0.05254095 0.411834 0.05184298 0.375305 0.05254095 0.411834 0.05177295 0.41197 0.05184298 0.375305 0.05269294 0.436956 0.05177295 0.41197 0.05254095 0.411834 0.053321 0.436845 0.05269294 0.436956 0.05254095 0.411834 0.05429095 0.456583 0.05269294 0.436956 0.053321 0.436845 0.05429095 0.456583 0.053321 0.436845 0.052549 0.436982 0.05429095 0.456583 0.052549 0.436982 0.05311495 0.456791 0.05311495 0.456791 0.052549 0.436982 0.05114799 0.43723 0.05311495 0.456791 0.05114799 0.43723 0.05098199 0.457169 0.052549 0.436982 0.053321 0.436845 0.05288499 0.411774 0.053321 0.436845 0.05254095 0.411834 0.05288499 0.411774 0.05470198 0.730519 0.054277 0.499866 0.05509895 0.499721 0.05470198 0.730519 0.05387997 0.730591 0.054277 0.499866 0.05387997 0.730591 0.05345398 0.500012 0.054277 0.499866 0.05387997 0.730591 0.05305695 0.730663 0.05345398 0.500012 0.05223399 0.730735 0.05345398 0.500012 0.05305695 0.730663 0.05223399 0.730735 0.05263096 0.500157 0.05345398 0.500012 0.05141097 0.730807 0.05263096 0.500157 0.05223399 0.730735 0.05141097 0.730807 0.05180799 0.500303 0.05263096 0.500157 0.05141097 0.730807 0.05098599 0.500448 0.05180799 0.500303 0.05141097 0.730807 0.05058896 0.730879 0.05098599 0.500448 0.049766 0.730952 0.05098599 0.500448 0.05058896 0.730879 0.049766 0.730952 0.05016297 0.500594 0.05098599 0.500448 0.436727 0.525585 0.431542 0.475514 0.444747 0.517439 0.436727 0.525585 0.417799 0.493621 0.431542 0.475514 0.436727 0.525585 0.431542 0.475514 0.417799 0.493621 0.436727 0.525585 0.444747 0.517439 0.431542 0.475514 0.444747 0.517439 0.417799 0.493621 0.431542 0.475514 0.444747 0.517439 0.436727 0.525585 0.417799 0.493621 0.444747 0.517439 0.417799 0.493621 0.436727 0.525585 0.444747 0.517439 0.431542 0.475514 0.417799 0.493621 0.444747 0.517439 0.417799 0.493621 0.431542 0.475514 0.444747 0.517439 0.436727 0.525585 0.417799 0.493621 0.444747 0.517439 0.417799 0.493621 0.436727 0.525585 0.444747 0.517439 0.431542 0.475514 0.417799 0.493621 0.188338 0.412045 0.188682 0.411984 0.188831 0.375305 0.189449 0.411848 0.189873 0.411774 0.188831 0.375305 0.187508 0.437341 0.188338 0.412045 0.1887609 0.41197 0.1887609 0.41197 0.188338 0.412045 0.188831 0.375305 0.189528 0.411834 0.1887609 0.41197 0.188831 0.375305 0.189873 0.411774 0.189528 0.411834 0.188831 0.375305 0.1896809 0.436956 0.189528 0.411834 0.189873 0.411774 0.1896809 0.436956 0.1887609 0.41197 0.189528 0.411834 0.1896809 0.436956 0.18828 0.437204 0.1887609 0.41197 0.187508 0.437341 0.1887609 0.41197 0.18828 0.437204 0.187012 0.457338 0.187508 0.437341 0.18828 0.437204 0.187012 0.457338 0.188136 0.43723 0.187508 0.437341 0.187012 0.457338 0.187969 0.457169 0.188136 0.43723 0.188682 0.411984 0.189449 0.411848 0.188831 0.375305 0.189537 0.436982 0.189449 0.411848 0.188682 0.411984 0.189537 0.436982 0.189873 0.411774 0.189449 0.411848 0.189537 0.436982 0.190309 0.436845 0.189873 0.411774 0.1896809 0.436956 0.189873 0.411774 0.190309 0.436845 0.190322 0.456752 0.1896809 0.436956 0.190309 0.436845 0.190322 0.456752 0.18828 0.437204 0.1896809 0.436956 0.190322 0.456752 0.188189 0.45713 0.18828 0.437204 0.187012 0.457338 0.18828 0.437204 0.188189 0.45713 0.186352 0.500735 0.187012 0.457338 0.188189 0.45713 0.187735 0.50049 0.187012 0.457338 0.186352 0.500735 0.187735 0.50049 0.187969 0.457169 0.187012 0.457338 0.187735 0.50049 0.190102 0.456791 0.187969 0.457169 0.190102 0.456791 0.188136 0.43723 0.187969 0.457169 0.190102 0.456791 0.189537 0.436982 0.188136 0.43723 0.189537 0.436982 0.188682 0.411984 0.188136 0.43723 0.187508 0.437341 0.188136 0.43723 0.188682 0.411984 0.187508 0.437341 0.188682 0.411984 0.188338 0.412045 0.1912789 0.456583 0.189537 0.436982 0.190102 0.456791 0.1912789 0.456583 0.190309 0.436845 0.189537 0.436982 0.190322 0.456752 0.190309 0.436845 0.1912789 0.456583 0.186352 0.500735 0.188189 0.45713 0.188053 0.500434 0.188053 0.500434 0.188189 0.45713 0.190322 0.456752 0.188053 0.500434 0.190322 0.456752 0.191138 0.499888 0.192522 0.499644 0.191138 0.499888 0.190322 0.456752 0.192522 0.499644 0.190322 0.456752 0.1912789 0.456583 0.190821 0.499945 0.192522 0.499644 0.1912789 0.456583 0.190821 0.499945 0.1912789 0.456583 0.190102 0.456791 0.187735 0.50049 0.190821 0.499945 0.190102 0.456791 0.05074799 0.50049 0.05383294 0.499945 0.05311495 0.456791 0.05383294 0.499945 0.05429095 0.456583 0.05311495 0.456791 0.05383294 0.499945 0.055534 0.499644 0.05429095 0.456583 0.055534 0.499644 0.05333399 0.456752 0.05429095 0.456583 0.055534 0.499644 0.05414998 0.499888 0.05333399 0.456752 0.05106496 0.500434 0.05333399 0.456752 0.05414998 0.499888 0.05106496 0.500434 0.05120098 0.45713 0.05333399 0.456752 0.04936397 0.500735 0.05120098 0.45713 0.05106496 0.500434 0.04936397 0.500735 0.05002498 0.457338 0.05120098 0.45713 0.05074799 0.50049 0.05002498 0.457338 0.04936397 0.500735 0.05074799 0.50049 0.05098199 0.457169 0.05002498 0.457338 0.05074799 0.50049 0.05311495 0.456791 0.05098199 0.457169 0.05311495 0.456791 0.05114799 0.43723 0.05098199 0.457169 0.05002498 0.457338 0.05098199 0.457169 0.05114799 0.43723 0.05002498 0.457338 0.05114799 0.43723 0.05052 0.437341 0.05429095 0.456583 0.053321 0.436845 0.052549 0.436982 0.05429095 0.456583 0.05269294 0.436956 0.053321 0.436845 0.05429095 0.456583 0.05333399 0.456752 0.05269294 0.436956 0.05333399 0.456752 0.051292 0.437204 0.05269294 0.436956 0.05333399 0.456752 0.05120098 0.45713 0.051292 0.437204 0.05002498 0.457338 0.051292 0.437204 0.05120098 0.45713 0.05002498 0.457338 0.05052 0.437341 0.051292 0.437204 0.05052 0.437341 0.05177295 0.41197 0.051292 0.437204 0.05269294 0.436956 0.051292 0.437204 0.05177295 0.41197 0.05269294 0.436956 0.05177295 0.41197 0.05254095 0.411834 0.053321 0.436845 0.05269294 0.436956 0.05254095 0.411834 0.053321 0.436845 0.05254095 0.411834 0.05288499 0.411774 0.052549 0.436982 0.053321 0.436845 0.05288499 0.411774 0.052549 0.436982 0.05288499 0.411774 0.05246198 0.411848 0.052549 0.436982 0.05246198 0.411848 0.05169397 0.411984 0.05169397 0.411984 0.05246198 0.411848 0.05184298 0.375305 0.05134999 0.412045 0.05169397 0.411984 0.05184298 0.375305 0.05177295 0.41197 0.05134999 0.412045 0.05184298 0.375305 0.05052 0.437341 0.05134999 0.412045 0.05177295 0.41197 0.05052 0.437341 0.05169397 0.411984 0.05134999 0.412045 0.05052 0.437341 0.05114799 0.43723 0.05169397 0.411984 0.052549 0.436982 0.05169397 0.411984 0.05114799 0.43723 0.05311495 0.456791 0.052549 0.436982 0.05114799 0.43723 0.05429095 0.456583 0.052549 0.436982 0.05311495 0.456791 0.05246198 0.411848 0.05288499 0.411774 0.05184298 0.375305 0.05288499 0.411774 0.05254095 0.411834 0.05184298 0.375305 0.05254095 0.411834 0.05177295 0.41197 0.05184298 0.375305 0.422196 0.481721 0.424787 0.462697 0.428983 0.472957 0.422196 0.481721 0.413803 0.461201 0.424787 0.462697 0.422196 0.481721 0.407016 0.469965 0.413803 0.461201 0.422196 0.481721 0.411213 0.480225 0.407016 0.469965 0.435369 0.482963 0.417799 0.493621 0.431542 0.475514 0.435369 0.482963 0.420778 0.502342 0.417799 0.493621 0.420778 0.502342 0.431542 0.475514 0.417799 0.493621 0.420778 0.502342 0.435369 0.482963 0.431542 0.475514 0.435369 0.482963 0.417799 0.493621 0.431542 0.475514 0.435369 0.482963 0.420778 0.502342 0.417799 0.493621 0.435369 0.482963 0.417799 0.493621 0.420778 0.502342 0.435369 0.482963 0.431542 0.475514 0.417799 0.493621 0.435369 0.482963 0.417799 0.493621 0.431542 0.475514 0.435369 0.482963 0.420778 0.502342 0.417799 0.493621 0.435369 0.482963 0.417799 0.493621 0.420778 0.502342 0.435369 0.482963 0.431542 0.475514 0.417799 0.493621 0.429068 0.473023 0.413888 0.461267 0.424872 0.462763 0.429068 0.473023 0.407101 0.470031 0.413888 0.461267 0.429068 0.473023 0.411298 0.480291 0.407101 0.470031 0.429068 0.473023 0.422281 0.481787 0.411298 0.480291 0.444747 0.517439 0.417799 0.493621 0.431542 0.475514 0.444747 0.517439 0.436727 0.525585 0.417799 0.493621 0.444747 0.517439 0.417799 0.493621 0.436727 0.525585 0.444747 0.517439 0.431542 0.475514 0.417799 0.493621 0.436727 0.525585 0.431542 0.475514 0.444747 0.517439 0.436727 0.525585 0.417799 0.493621 0.431542 0.475514 0.444747 0.517439 0.417799 0.493621 0.436727 0.525585 0.444747 0.517439 0.431542 0.475514 0.417799 0.493621 0.444747 0.517439 0.417799 0.493621 0.431542 0.475514 0.444747 0.517439 0.436727 0.525585 0.417799 0.493621 0.436727 0.525585 0.431542 0.475514 0.417799 0.493621 0.436727 0.525585 0.444747 0.517439 0.431542 0.475514 0.1912789 0.456583 0.190309 0.436845 0.189537 0.436982 0.1912789 0.456583 0.189537 0.436982 0.190102 0.456791 0.190821 0.499945 0.1912789 0.456583 0.190102 0.456791 0.190821 0.499945 0.192522 0.499644 0.1912789 0.456583 0.187735 0.50049 0.190821 0.499945 0.190102 0.456791 0.188682 0.411984 0.189449 0.411848 0.188831 0.375305 0.189537 0.436982 0.189449 0.411848 0.188682 0.411984 0.189537 0.436982 0.189873 0.411774 0.189449 0.411848 0.189537 0.436982 0.190309 0.436845 0.189873 0.411774 0.1896809 0.436956 0.189873 0.411774 0.190309 0.436845 0.1912789 0.456583 0.1896809 0.436956 0.190309 0.436845 0.1912789 0.456583 0.190322 0.456752 0.1896809 0.436956 0.192522 0.499644 0.190322 0.456752 0.1912789 0.456583 0.192522 0.499644 0.191138 0.499888 0.190322 0.456752 0.188053 0.500434 0.190322 0.456752 0.191138 0.499888 0.188053 0.500434 0.188189 0.45713 0.190322 0.456752 0.186352 0.500735 0.188189 0.45713 0.188053 0.500434 0.186352 0.500735 0.187012 0.457338 0.188189 0.45713 0.187735 0.50049 0.187012 0.457338 0.186352 0.500735 0.187735 0.50049 0.187969 0.457169 0.187012 0.457338 0.187735 0.50049 0.190102 0.456791 0.187969 0.457169 0.190102 0.456791 0.188136 0.43723 0.187969 0.457169 0.190102 0.456791 0.189537 0.436982 0.188136 0.43723 0.189449 0.411848 0.189873 0.411774 0.188831 0.375305 0.188338 0.412045 0.188682 0.411984 0.188831 0.375305 0.187012 0.457338 0.18828 0.437204 0.188189 0.45713 0.190322 0.456752 0.188189 0.45713 0.18828 0.437204 0.190322 0.456752 0.18828 0.437204 0.1896809 0.436956 0.189537 0.436982 0.188682 0.411984 0.188136 0.43723 0.187508 0.437341 0.188136 0.43723 0.188682 0.411984 0.187508 0.437341 0.188682 0.411984 0.188338 0.412045 0.187508 0.437341 0.188338 0.412045 0.1887609 0.41197 0.1887609 0.41197 0.188338 0.412045 0.188831 0.375305 0.189528 0.411834 0.1887609 0.41197 0.188831 0.375305 0.189873 0.411774 0.189528 0.411834 0.188831 0.375305 0.1896809 0.436956 0.189528 0.411834 0.189873 0.411774 0.1896809 0.436956 0.1887609 0.41197 0.189528 0.411834 0.1896809 0.436956 0.18828 0.437204 0.1887609 0.41197 0.187508 0.437341 0.1887609 0.41197 0.18828 0.437204 0.187012 0.457338 0.187508 0.437341 0.18828 0.437204 0.187012 0.457338 0.188136 0.43723 0.187508 0.437341 0.187012 0.457338 0.187969 0.457169 0.188136 0.43723 0.19169 0.730519 0.191265 0.499866 0.1920869 0.499721 0.19169 0.730519 0.190868 0.730591 0.191265 0.499866 0.190868 0.730591 0.190442 0.500012 0.191265 0.499866 0.190868 0.730591 0.1900449 0.730663 0.190442 0.500012 0.189222 0.730735 0.190442 0.500012 0.1900449 0.730663 0.189222 0.730735 0.189619 0.500157 0.190442 0.500012 0.188399 0.730807 0.189619 0.500157 0.189222 0.730735 0.188399 0.730807 0.188796 0.500303 0.189619 0.500157 0.188399 0.730807 0.187973 0.500448 0.188796 0.500303 0.188399 0.730807 0.187577 0.730879 0.187973 0.500448 0.186754 0.730952 0.187973 0.500448 0.187577 0.730879 0.186754 0.730952 0.187151 0.500594 0.187973 0.500448 0.407101 0.470031 0.422281 0.481787 0.411298 0.480291 0.407101 0.470031 0.429068 0.473023 0.422281 0.481787 0.407101 0.470031 0.424872 0.462763 0.429068 0.473023 0.407101 0.470031 0.413888 0.461267 0.424872 0.462763 0.435369 0.482963 0.417799 0.493621 0.431542 0.475514 0.435369 0.482963 0.420778 0.502342 0.417799 0.493621 0.420778 0.502342 0.431542 0.475514 0.417799 0.493621 0.420778 0.502342 0.435369 0.482963 0.431542 0.475514 0.435369 0.482963 0.417799 0.493621 0.431542 0.475514 0.435369 0.482963 0.420778 0.502342 0.417799 0.493621 0.435369 0.482963 0.417799 0.493621 0.420778 0.502342 0.435369 0.482963 0.431542 0.475514 0.417799 0.493621 0.435369 0.482963 0.417799 0.493621 0.431542 0.475514 0.435369 0.482963 0.420778 0.502342 0.417799 0.493621 0.435369 0.482963 0.417799 0.493621 0.420778 0.502342 0.435369 0.482963 0.431542 0.475514 0.417799 0.493621 0.422196 0.481721 0.424787 0.462697 0.428983 0.472957 0.422196 0.481721 0.413803 0.461201 0.424787 0.462697 0.422196 0.481721 0.407016 0.469965 0.413803 0.461201 0.422196 0.481721 0.411213 0.480225 0.407016 0.469965 0.19169 0.730519 0.191265 0.499866 0.1920869 0.499721 0.19169 0.730519 0.190868 0.730591 0.191265 0.499866 0.190868 0.730591 0.190442 0.500012 0.191265 0.499866 0.190868 0.730591 0.1900449 0.730663 0.190442 0.500012 0.189222 0.730735 0.190442 0.500012 0.1900449 0.730663 0.189222 0.730735 0.189619 0.500157 0.190442 0.500012 0.188399 0.730807 0.189619 0.500157 0.189222 0.730735 0.188399 0.730807 0.188796 0.500303 0.189619 0.500157 0.188399 0.730807 0.187973 0.500448 0.188796 0.500303 0.188399 0.730807 0.187577 0.730879 0.187973 0.500448 0.186754 0.730952 0.187973 0.500448 0.187577 0.730879 0.186754 0.730952 0.187151 0.500594 0.187973 0.500448 0.429068 0.473023 0.413888 0.461267 0.424872 0.462763 0.429068 0.473023 0.407101 0.470031 0.413888 0.461267 0.429068 0.473023 0.411298 0.480291 0.407101 0.470031 0.429068 0.473023 0.422281 0.481787 0.411298 0.480291 0.435369 0.482963 0.417799 0.493621 0.431542 0.475514 0.435369 0.482963 0.420778 0.502342 0.417799 0.493621 0.420778 0.502342 0.431542 0.475514 0.417799 0.493621 0.420778 0.502342 0.435369 0.482963 0.431542 0.475514 0.435369 0.482963 0.417799 0.493621 0.431542 0.475514 0.435369 0.482963 0.420778 0.502342 0.417799 0.493621 0.435369 0.482963 0.417799 0.493621 0.420778 0.502342 0.435369 0.482963 0.431542 0.475514 0.417799 0.493621 0.435369 0.482963 0.417799 0.493621 0.431542 0.475514 0.435369 0.482963 0.420778 0.502342 0.417799 0.493621 0.435369 0.482963 0.417799 0.493621 0.420778 0.502342 0.435369 0.482963 0.431542 0.475514 0.417799 0.493621 0.407101 0.470031 0.422281 0.481787 0.411298 0.480291 0.407101 0.470031 0.429068 0.473023 0.422281 0.481787 0.407101 0.470031 0.424872 0.462763 0.429068 0.473023 0.407101 0.470031 0.413888 0.461267 0.424872 0.462763 0.055534 0.499644 0.05414998 0.499888 0.05333399 0.456752 0.05106496 0.500434 0.05333399 0.456752 0.05414998 0.499888 0.05106496 0.500434 0.05120098 0.45713 0.05333399 0.456752 0.04936397 0.500735 0.05120098 0.45713 0.05106496 0.500434 0.04936397 0.500735 0.05002498 0.457338 0.05120098 0.45713 0.05002498 0.457338 0.051292 0.437204 0.05120098 0.45713 0.05002498 0.457338 0.05052 0.437341 0.051292 0.437204 0.05333399 0.456752 0.05120098 0.45713 0.051292 0.437204 0.05074799 0.50049 0.05002498 0.457338 0.04936397 0.500735 0.05169397 0.411984 0.05246198 0.411848 0.05184298 0.375305 0.05134999 0.412045 0.05169397 0.411984 0.05184298 0.375305 0.05052 0.437341 0.05169397 0.411984 0.05134999 0.412045 0.05052 0.437341 0.05134999 0.412045 0.05177295 0.41197 0.05052 0.437341 0.05177295 0.41197 0.051292 0.437204 0.05269294 0.436956 0.051292 0.437204 0.05177295 0.41197 0.05333399 0.456752 0.051292 0.437204 0.05269294 0.436956 0.05429095 0.456583 0.05333399 0.456752 0.05269294 0.436956 0.055534 0.499644 0.05333399 0.456752 0.05429095 0.456583 0.05383294 0.499945 0.055534 0.499644 0.05429095 0.456583 0.05383294 0.499945 0.05429095 0.456583 0.05311495 0.456791 0.05074799 0.50049 0.05383294 0.499945 0.05311495 0.456791 0.05074799 0.50049 0.05311495 0.456791 0.05098199 0.457169 0.05074799 0.50049 0.05098199 0.457169 0.05002498 0.457338 0.05002498 0.457338 0.05098199 0.457169 0.05114799 0.43723 0.05002498 0.457338 0.05114799 0.43723 0.05052 0.437341 0.05052 0.437341 0.05114799 0.43723 0.05169397 0.411984 0.052549 0.436982 0.05169397 0.411984 0.05114799 0.43723 0.05177295 0.41197 0.05134999 0.412045 0.05184298 0.375305 0.052549 0.436982 0.05246198 0.411848 0.05169397 0.411984 0.052549 0.436982 0.05288499 0.411774 0.05246198 0.411848 0.05246198 0.411848 0.05288499 0.411774 0.05184298 0.375305 0.05288499 0.411774 0.05254095 0.411834 0.05184298 0.375305 0.05254095 0.411834 0.05177295 0.41197 0.05184298 0.375305 0.05269294 0.436956 0.05177295 0.41197 0.05254095 0.411834 0.053321 0.436845 0.05269294 0.436956 0.05254095 0.411834 0.05429095 0.456583 0.05269294 0.436956 0.053321 0.436845 0.05429095 0.456583 0.053321 0.436845 0.052549 0.436982 0.05429095 0.456583 0.052549 0.436982 0.05311495 0.456791 0.05311495 0.456791 0.052549 0.436982 0.05114799 0.43723 0.05311495 0.456791 0.05114799 0.43723 0.05098199 0.457169 0.052549 0.436982 0.053321 0.436845 0.05288499 0.411774 0.053321 0.436845 0.05254095 0.411834 0.05288499 0.411774 0.05470198 0.730519 0.054277 0.499866 0.05509895 0.499721 0.05470198 0.730519 0.05387997 0.730591 0.054277 0.499866 0.05387997 0.730591 0.05345398 0.500012 0.054277 0.499866 0.05387997 0.730591 0.05305695 0.730663 0.05345398 0.500012 0.05223399 0.730735 0.05345398 0.500012 0.05305695 0.730663 0.05223399 0.730735 0.05263096 0.500157 0.05345398 0.500012 0.05141097 0.730807 0.05263096 0.500157 0.05223399 0.730735 0.05141097 0.730807 0.05180799 0.500303 0.05263096 0.500157 0.05141097 0.730807 0.05098599 0.500448 0.05180799 0.500303 0.05141097 0.730807 0.05058896 0.730879 0.05098599 0.500448 0.049766 0.730952 0.05098599 0.500448 0.05058896 0.730879 0.049766 0.730952 0.05016297 0.500594 0.05098599 0.500448 0.422196 0.481721 0.424787 0.462697 0.428983 0.472957 0.422196 0.481721 0.413803 0.461201 0.424787 0.462697 0.422196 0.481721 0.407016 0.469965 0.413803 0.461201 0.422196 0.481721 0.411213 0.480225 0.407016 0.469965 0.435369 0.482963 0.417799 0.493621 0.431542 0.475514 0.435369 0.482963 0.420778 0.502342 0.417799 0.493621 0.420778 0.502342 0.431542 0.475514 0.417799 0.493621 0.420778 0.502342 0.435369 0.482963 0.431542 0.475514 0.435369 0.482963 0.417799 0.493621 0.431542 0.475514 0.435369 0.482963 0.420778 0.502342 0.417799 0.493621 0.435369 0.482963 0.417799 0.493621 0.420778 0.502342 0.435369 0.482963 0.431542 0.475514 0.417799 0.493621 0.435369 0.482963 0.417799 0.493621 0.431542 0.475514 0.435369 0.482963 0.420778 0.502342 0.417799 0.493621 0.435369 0.482963 0.417799 0.493621 0.420778 0.502342 0.435369 0.482963 0.431542 0.475514 0.417799 0.493621 0.429068 0.473023 0.413888 0.461267 0.424872 0.462763 0.429068 0.473023 0.407101 0.470031 0.413888 0.461267 0.429068 0.473023 0.411298 0.480291 0.407101 0.470031 0.429068 0.473023 0.422281 0.481787 0.411298 0.480291 0.444747 0.517439 0.417799 0.493621 0.431542 0.475514 0.444747 0.517439 0.436727 0.525585 0.417799 0.493621 0.444747 0.517439 0.417799 0.493621 0.436727 0.525585 0.444747 0.517439 0.431542 0.475514 0.417799 0.493621 0.436727 0.525585 0.431542 0.475514 0.444747 0.517439 0.436727 0.525585 0.417799 0.493621 0.431542 0.475514 0.444747 0.517439 0.417799 0.493621 0.436727 0.525585 0.444747 0.517439 0.431542 0.475514 0.417799 0.493621 0.444747 0.517439 0.417799 0.493621 0.431542 0.475514 0.444747 0.517439 0.436727 0.525585 0.417799 0.493621 0.436727 0.525585 0.431542 0.475514 0.417799 0.493621 0.436727 0.525585 0.444747 0.517439 0.431542 0.475514 0.317502 0.456752 0.315369 0.45713 0.31546 0.437204 0.314193 0.457338 0.31546 0.437204 0.315369 0.45713 0.314193 0.457338 0.314688 0.437341 0.31546 0.437204 0.314916 0.50049 0.314193 0.457338 0.313532 0.500735 0.313532 0.500735 0.314193 0.457338 0.315369 0.45713 0.313532 0.500735 0.315369 0.45713 0.315233 0.500434 0.315233 0.500434 0.315369 0.45713 0.317502 0.456752 0.315233 0.500434 0.317502 0.456752 0.318318 0.499888 0.319702 0.499644 0.318318 0.499888 0.317502 0.456752 0.315862 0.411984 0.31663 0.411848 0.316011 0.375305 0.315518 0.412045 0.315862 0.411984 0.316011 0.375305 0.314688 0.437341 0.315862 0.411984 0.315518 0.412045 0.314688 0.437341 0.315518 0.412045 0.315941 0.41197 0.314688 0.437341 0.315941 0.41197 0.31546 0.437204 0.316861 0.436956 0.31546 0.437204 0.315941 0.41197 0.317502 0.456752 0.31546 0.437204 0.316861 0.436956 0.318459 0.456583 0.317502 0.456752 0.316861 0.436956 0.319702 0.499644 0.317502 0.456752 0.318459 0.456583 0.318001 0.499945 0.319702 0.499644 0.318459 0.456583 0.318001 0.499945 0.318459 0.456583 0.317283 0.456791 0.314916 0.50049 0.318001 0.499945 0.317283 0.456791 0.314916 0.50049 0.317283 0.456791 0.315149 0.457169 0.314916 0.50049 0.315149 0.457169 0.314193 0.457338 0.314193 0.457338 0.315149 0.457169 0.315316 0.43723 0.314193 0.457338 0.315316 0.43723 0.314688 0.437341 0.314688 0.437341 0.315316 0.43723 0.315862 0.411984 0.316717 0.436982 0.315862 0.411984 0.315316 0.43723 0.315941 0.41197 0.315518 0.412045 0.316011 0.375305 0.316717 0.436982 0.31663 0.411848 0.315862 0.411984 0.316717 0.436982 0.317053 0.411774 0.31663 0.411848 0.31663 0.411848 0.317053 0.411774 0.316011 0.375305 0.317053 0.411774 0.316709 0.411834 0.316011 0.375305 0.316709 0.411834 0.315941 0.41197 0.316011 0.375305 0.316861 0.436956 0.315941 0.41197 0.316709 0.411834 0.316861 0.436956 0.316709 0.411834 0.317053 0.411774 0.316861 0.436956 0.317053 0.411774 0.317489 0.436845 0.316717 0.436982 0.317489 0.436845 0.317053 0.411774 0.318459 0.456583 0.317489 0.436845 0.316717 0.436982 0.318459 0.456583 0.316717 0.436982 0.317283 0.456791 0.315149 0.457169 0.317283 0.456791 0.316717 0.436982 0.315149 0.457169 0.316717 0.436982 0.315316 0.43723 0.318459 0.456583 0.316861 0.436956 0.317489 0.436845 0.413888 0.461267 0.411298 0.480291 0.407101 0.470031 0.413888 0.461267 0.422281 0.481787 0.411298 0.480291 0.413888 0.461267 0.429068 0.473023 0.422281 0.481787 0.413888 0.461267 0.424872 0.462763 0.429068 0.473023 0.31887 0.730519 0.318445 0.499866 0.319267 0.499721 0.31887 0.730519 0.318048 0.730591 0.318445 0.499866 0.318048 0.730591 0.317622 0.500012 0.318445 0.499866 0.318048 0.730591 0.317225 0.730663 0.317622 0.500012 0.316402 0.730735 0.317622 0.500012 0.317225 0.730663 0.316402 0.730735 0.316799 0.500157 0.317622 0.500012 0.315579 0.730807 0.316799 0.500157 0.316402 0.730735 0.315579 0.730807 0.315976 0.500303 0.316799 0.500157 0.315579 0.730807 0.315154 0.500448 0.315976 0.500303 0.315579 0.730807 0.314757 0.730879 0.315154 0.500448 0.313934 0.730952 0.315154 0.500448 0.314757 0.730879 0.313934 0.730952 0.314331 0.500594 0.315154 0.500448 0.436727 0.525585 0.431542 0.475514 0.444747 0.517439 0.436727 0.525585 0.417799 0.493621 0.431542 0.475514 0.436727 0.525585 0.431542 0.475514 0.417799 0.493621 0.436727 0.525585 0.444747 0.517439 0.431542 0.475514 0.444747 0.517439 0.417799 0.493621 0.431542 0.475514 0.444747 0.517439 0.436727 0.525585 0.417799 0.493621 0.444747 0.517439 0.417799 0.493621 0.436727 0.525585 0.444747 0.517439 0.431542 0.475514 0.417799 0.493621 0.444747 0.517439 0.417799 0.493621 0.431542 0.475514 0.444747 0.517439 0.436727 0.525585 0.417799 0.493621 0.444747 0.517439 0.417799 0.493621 0.436727 0.525585 0.444747 0.517439 0.431542 0.475514 0.417799 0.493621 0.315518 0.412045 0.315862 0.411984 0.316011 0.375305 0.31663 0.411848 0.317053 0.411774 0.316011 0.375305 0.316717 0.436982 0.315862 0.411984 0.315316 0.43723 0.314688 0.437341 0.315316 0.43723 0.315862 0.411984 0.314688 0.437341 0.315862 0.411984 0.315518 0.412045 0.314688 0.437341 0.315518 0.412045 0.315941 0.41197 0.315941 0.41197 0.315518 0.412045 0.316011 0.375305 0.316709 0.411834 0.315941 0.41197 0.316011 0.375305 0.317053 0.411774 0.316709 0.411834 0.316011 0.375305 0.316861 0.436956 0.316709 0.411834 0.317053 0.411774 0.316861 0.436956 0.315941 0.41197 0.316709 0.411834 0.316861 0.436956 0.31546 0.437204 0.315941 0.41197 0.314688 0.437341 0.315941 0.41197 0.31546 0.437204 0.314193 0.457338 0.314688 0.437341 0.31546 0.437204 0.314193 0.457338 0.315316 0.43723 0.314688 0.437341 0.314193 0.457338 0.315149 0.457169 0.315316 0.43723 0.314193 0.457338 0.31546 0.437204 0.315369 0.45713 0.317502 0.456752 0.315369 0.45713 0.31546 0.437204 0.317502 0.456752 0.31546 0.437204 0.316861 0.436956 0.315862 0.411984 0.31663 0.411848 0.316011 0.375305 0.316717 0.436982 0.31663 0.411848 0.315862 0.411984 0.316717 0.436982 0.317053 0.411774 0.31663 0.411848 0.316717 0.436982 0.317489 0.436845 0.317053 0.411774 0.316861 0.436956 0.317053 0.411774 0.317489 0.436845 0.318459 0.456583 0.316861 0.436956 0.317489 0.436845 0.318459 0.456583 0.317502 0.456752 0.316861 0.436956 0.319702 0.499644 0.317502 0.456752 0.318459 0.456583 0.319702 0.499644 0.318318 0.499888 0.317502 0.456752 0.318318 0.499888 0.315369 0.45713 0.317502 0.456752 0.318318 0.499888 0.315233 0.500434 0.315369 0.45713 0.313532 0.500735 0.315369 0.45713 0.315233 0.500434 0.313532 0.500735 0.314193 0.457338 0.315369 0.45713 0.314916 0.50049 0.314193 0.457338 0.313532 0.500735 0.314916 0.50049 0.315149 0.457169 0.314193 0.457338 0.314916 0.50049 0.317283 0.456791 0.315149 0.457169 0.317283 0.456791 0.315316 0.43723 0.315149 0.457169 0.317283 0.456791 0.316717 0.436982 0.315316 0.43723 0.318459 0.456583 0.317489 0.436845 0.316717 0.436982 0.318459 0.456583 0.316717 0.436982 0.317283 0.456791 0.318001 0.499945 0.318459 0.456583 0.317283 0.456791 0.318001 0.499945 0.319702 0.499644 0.318459 0.456583 0.314916 0.50049 0.318001 0.499945 0.317283 0.456791 0.422196 0.481721 0.424787 0.462697 0.428983 0.472957 0.422196 0.481721 0.413803 0.461201 0.424787 0.462697 0.422196 0.481721 0.407016 0.469965 0.413803 0.461201 0.422196 0.481721 0.411213 0.480225 0.407016 0.469965 0.435369 0.482963 0.417799 0.493621 0.431542 0.475514 0.435369 0.482963 0.420778 0.502342 0.417799 0.493621 0.420778 0.502342 0.431542 0.475514 0.417799 0.493621 0.420778 0.502342 0.435369 0.482963 0.431542 0.475514 0.435369 0.482963 0.417799 0.493621 0.431542 0.475514 0.435369 0.482963 0.420778 0.502342 0.417799 0.493621 0.435369 0.482963 0.417799 0.493621 0.420778 0.502342 0.435369 0.482963 0.431542 0.475514 0.417799 0.493621 0.435369 0.482963 0.417799 0.493621 0.431542 0.475514 0.435369 0.482963 0.420778 0.502342 0.417799 0.493621 0.435369 0.482963 0.417799 0.493621 0.420778 0.502342 0.435369 0.482963 0.431542 0.475514 0.417799 0.493621 0.429068 0.473023 0.413888 0.461267 0.424872 0.462763 0.429068 0.473023 0.407101 0.470031 0.413888 0.461267 0.429068 0.473023 0.411298 0.480291 0.407101 0.470031 0.429068 0.473023 0.422281 0.481787 0.411298 0.480291 0.415137 0.91478 0.417256 0.921058 0.415137 0.921058 0.415137 0.91478 0.417256 0.91478 0.417256 0.921058 0.419375 0.921058 0.417256 0.921058 0.417256 0.91478 0.419375 0.921058 0.417256 0.91478 0.419375 0.91478 0.419375 0.91478 0.421493 0.921058 0.419375 0.921058 0.42785 0.91478 0.42785 0.921058 0.42679 0.921058 0.42785 0.91478 0.42679 0.921058 0.42679 0.91478 0.423612 0.921058 0.42679 0.91478 0.42679 0.921058 0.423612 0.921058 0.423612 0.91478 0.42679 0.91478 0.421493 0.921058 0.423612 0.91478 0.423612 0.921058 0.421493 0.921058 0.421493 0.91478 0.423612 0.91478 0.419375 0.91478 0.421493 0.91478 0.421493 0.921058 0.421493 0.908503 0.421493 0.91478 0.419375 0.91478 0.421493 0.908503 0.419375 0.91478 0.419375 0.908503 0.419375 0.91478 0.417256 0.908503 0.419375 0.908503 0.419375 0.91478 0.417256 0.91478 0.417256 0.908503 0.415137 0.908503 0.417256 0.908503 0.417256 0.91478 0.415137 0.908503 0.417256 0.91478 0.415137 0.91478 0.415137 0.908503 0.415137 0.91478 0.413018 0.91478 0.413018 0.921058 0.413018 0.91478 0.415137 0.91478 0.413018 0.921058 0.415137 0.91478 0.415137 0.921058 0.415137 0.921058 0.413018 0.927335 0.413018 0.921058 0.415137 0.908503 0.413018 0.91478 0.413018 0.908503 0.42785 0.908503 0.42785 0.91478 0.42679 0.91478 0.42785 0.908503 0.42679 0.91478 0.42679 0.908503 0.423612 0.91478 0.42679 0.908503 0.42679 0.91478 0.423612 0.91478 0.423612 0.908503 0.42679 0.908503 0.423612 0.908503 0.423612 0.91478 0.421493 0.91478 0.423612 0.908503 0.421493 0.91478 0.421493 0.908503 0.415137 0.921058 0.417256 0.921058 0.417256 0.927335 0.415137 0.921058 0.417256 0.927335 0.415137 0.927335 0.415137 0.921058 0.415137 0.927335 0.413018 0.927335 0.413018 0.933613 0.413018 0.927335 0.415137 0.927335 0.415137 0.958722 0.413018 0.958722 0.413018 0.952445 0.415137 0.958722 0.413018 0.952445 0.415137 0.952445 0.415137 0.952445 0.413018 0.952445 0.413018 0.946168 0.415137 0.952445 0.413018 0.946168 0.415137 0.946168 0.415137 0.946168 0.413018 0.946168 0.413018 0.93989 0.415137 0.946168 0.413018 0.93989 0.415137 0.93989 0.415137 0.93989 0.413018 0.93989 0.413018 0.933613 0.415137 0.93989 0.413018 0.933613 0.415137 0.933613 0.413018 0.933613 0.415137 0.927335 0.415137 0.933613 0.415137 0.927335 0.417256 0.933613 0.415137 0.933613 0.415137 0.927335 0.417256 0.927335 0.417256 0.933613 0.419375 0.933613 0.417256 0.933613 0.417256 0.927335 0.419375 0.933613 0.417256 0.927335 0.419375 0.927335 0.419375 0.927335 0.421493 0.933613 0.419375 0.933613 0.419375 0.927335 0.421493 0.927335 0.421493 0.933613 0.423612 0.933613 0.421493 0.933613 0.421493 0.927335 0.423612 0.933613 0.421493 0.927335 0.423612 0.927335 0.423612 0.927335 0.42679 0.933613 0.423612 0.933613 0.415137 0.946168 0.415137 0.93989 0.417256 0.93989 0.415137 0.933613 0.417256 0.93989 0.415137 0.93989 0.415137 0.933613 0.417256 0.933613 0.417256 0.93989 0.419375 0.933613 0.417256 0.93989 0.417256 0.933613 0.417256 0.946168 0.417256 0.93989 0.419375 0.93989 0.419375 0.933613 0.419375 0.93989 0.417256 0.93989 0.419375 0.933613 0.421493 0.93989 0.419375 0.93989 0.419375 0.933613 0.421493 0.933613 0.421493 0.93989 0.423612 0.93989 0.421493 0.93989 0.421493 0.933613 0.423612 0.93989 0.421493 0.933613 0.423612 0.933613 0.423612 0.933613 0.42679 0.93989 0.423612 0.93989 0.423612 0.933613 0.42679 0.933613 0.42679 0.93989 0.42785 0.93989 0.42679 0.93989 0.42679 0.933613 0.42785 0.93989 0.42679 0.933613 0.42785 0.933613 0.42785 0.946168 0.42679 0.93989 0.42785 0.93989 0.42785 0.946168 0.42679 0.946168 0.42679 0.93989 0.423612 0.93989 0.42679 0.93989 0.42679 0.946168 0.423612 0.93989 0.42679 0.946168 0.423612 0.946168 0.423612 0.946168 0.421493 0.93989 0.423612 0.93989 0.423612 0.946168 0.421493 0.946168 0.421493 0.93989 0.419375 0.946168 0.421493 0.93989 0.421493 0.946168 0.421493 0.946168 0.419375 0.952445 0.419375 0.946168 0.419375 0.946168 0.419375 0.952445 0.417256 0.952445 0.419375 0.946168 0.417256 0.952445 0.417256 0.946168 0.417256 0.946168 0.419375 0.93989 0.419375 0.946168 0.419375 0.946168 0.419375 0.93989 0.421493 0.93989 0.421493 0.946168 0.421493 0.952445 0.419375 0.952445 0.423612 0.946168 0.421493 0.952445 0.421493 0.946168 0.423612 0.946168 0.423612 0.952445 0.421493 0.952445 0.423612 0.952445 0.423612 0.946168 0.42679 0.946168 0.423612 0.952445 0.42679 0.946168 0.42679 0.952445 0.42785 0.946168 0.42679 0.952445 0.42679 0.946168 0.42785 0.946168 0.42785 0.952445 0.42679 0.952445 0.42785 0.946168 0.428909 0.952445 0.42785 0.952445 0.435265 0.958722 0.428909 0.958722 0.428909 0.952445 0.42785 0.952445 0.428909 0.952445 0.428909 0.958722 0.42785 0.952445 0.428909 0.958722 0.42785 0.958722 0.42785 0.952445 0.42785 0.958722 0.42679 0.958723 0.42785 0.952445 0.42679 0.958723 0.42679 0.952445 0.423612 0.958722 0.42679 0.952445 0.42679 0.958723 0.423612 0.958722 0.423612 0.952445 0.42679 0.952445 0.421493 0.958722 0.423612 0.952445 0.423612 0.958722 0.421493 0.958722 0.421493 0.952445 0.423612 0.952445 0.419375 0.958723 0.421493 0.952445 0.421493 0.958722 0.419375 0.958723 0.419375 0.952445 0.421493 0.952445 0.417256 0.958722 0.419375 0.952445 0.419375 0.958723 0.417256 0.958722 0.417256 0.952445 0.419375 0.952445 0.415137 0.958722 0.417256 0.952445 0.417256 0.958722 0.415137 0.958722 0.415137 0.952445 0.417256 0.952445 0.417256 0.946168 0.417256 0.952445 0.415137 0.952445 0.417256 0.946168 0.415137 0.952445 0.415137 0.946168 0.415137 0.946168 0.417256 0.93989 0.417256 0.946168 0.44374 0.952445 0.441622 0.946168 0.44374 0.946168 0.44374 0.952445 0.441622 0.952445 0.441622 0.946168 0.441622 0.952445 0.44374 0.952445 0.44374 0.958722 0.441622 0.952445 0.44374 0.958722 0.441622 0.958722 0.441622 0.958722 0.439503 0.952445 0.441622 0.952445 0.441622 0.958722 0.439503 0.958722 0.439503 0.952445 0.437384 0.952445 0.439503 0.952445 0.439503 0.958722 0.437384 0.952445 0.439503 0.958722 0.437384 0.958723 0.436325 0.952445 0.437384 0.952445 0.437384 0.958723 0.436325 0.952445 0.437384 0.958723 0.436325 0.958722 0.436325 0.952445 0.436325 0.958722 0.435265 0.958722 0.436325 0.952445 0.435265 0.958722 0.435265 0.952445 0.435265 0.958722 0.428909 0.952445 0.435265 0.952445 0.435265 0.952445 0.428909 0.952445 0.428909 0.946168 0.42785 0.946168 0.428909 0.946168 0.428909 0.952445 0.428909 0.93989 0.428909 0.946168 0.42785 0.946168 0.428909 0.93989 0.42785 0.946168 0.42785 0.93989 0.428909 0.933613 0.428909 0.93989 0.42785 0.93989 0.439503 0.952445 0.437384 0.952445 0.437384 0.946168 0.437384 0.933613 0.437384 0.93989 0.436325 0.93989 0.436325 0.93989 0.437384 0.93989 0.437384 0.946168 0.436325 0.93989 0.437384 0.946168 0.436325 0.946168 0.436325 0.946168 0.437384 0.946168 0.437384 0.952445 0.436325 0.946168 0.437384 0.952445 0.436325 0.952445 0.436325 0.952445 0.435265 0.946168 0.436325 0.946168 0.436325 0.952445 0.435265 0.952445 0.435265 0.946168 0.435265 0.952445 0.428909 0.946168 0.435265 0.946168 0.435265 0.946168 0.428909 0.946168 0.428909 0.93989 0.435265 0.946168 0.428909 0.93989 0.435265 0.93989 0.436325 0.946168 0.435265 0.946168 0.435265 0.93989 0.436325 0.946168 0.435265 0.93989 0.436325 0.93989 0.435265 0.93989 0.428909 0.93989 0.428909 0.933613 0.435265 0.93989 0.428909 0.933613 0.435265 0.933613 0.436325 0.93989 0.435265 0.93989 0.435265 0.933613 0.436325 0.93989 0.435265 0.933613 0.436325 0.933613 0.437384 0.933613 0.436325 0.93989 0.436325 0.933613 0.437384 0.927335 0.437384 0.933613 0.436325 0.933613 0.437384 0.927335 0.436325 0.933613 0.436325 0.927335 0.437384 0.921058 0.437384 0.927335 0.436325 0.927335 0.437384 0.921058 0.436325 0.927335 0.436325 0.921058 0.436325 0.921058 0.436325 0.927335 0.435265 0.927335 0.436325 0.933613 0.435265 0.927335 0.436325 0.927335 0.436325 0.933613 0.435265 0.933613 0.435265 0.927335 0.428909 0.933613 0.435265 0.927335 0.435265 0.933613 0.428909 0.933613 0.42785 0.93989 0.42785 0.933613 0.428909 0.927335 0.428909 0.933613 0.42785 0.933613 0.428909 0.933613 0.428909 0.927335 0.435265 0.927335 0.435265 0.921058 0.435265 0.927335 0.428909 0.927335 0.436325 0.921058 0.435265 0.927335 0.435265 0.921058 0.436325 0.91478 0.436325 0.921058 0.435265 0.921058 0.437384 0.91478 0.436325 0.921058 0.436325 0.91478 0.437384 0.91478 0.437384 0.921058 0.436325 0.921058 0.437384 0.91478 0.439503 0.921058 0.437384 0.921058 0.437384 0.927335 0.437384 0.921058 0.439503 0.921058 0.437384 0.927335 0.439503 0.921058 0.439503 0.927335 0.437384 0.933613 0.437384 0.927335 0.439503 0.927335 0.437384 0.933613 0.439503 0.927335 0.439503 0.933613 0.437384 0.93989 0.437384 0.933613 0.439503 0.933613 0.437384 0.93989 0.439503 0.933613 0.439503 0.93989 0.437384 0.946168 0.437384 0.93989 0.439503 0.93989 0.437384 0.946168 0.439503 0.93989 0.439503 0.946168 0.439503 0.952445 0.437384 0.946168 0.439503 0.946168 0.441622 0.927335 0.439503 0.933613 0.439503 0.927335 0.441622 0.93989 0.439503 0.946168 0.439503 0.93989 0.439503 0.93989 0.441622 0.933613 0.441622 0.93989 0.439503 0.93989 0.439503 0.933613 0.441622 0.933613 0.441622 0.93989 0.441622 0.933613 0.44374 0.933613 0.423612 0.927335 0.42679 0.927335 0.42679 0.933613 0.42785 0.933613 0.42679 0.933613 0.42679 0.927335 0.42785 0.933613 0.42679 0.927335 0.42785 0.927335 0.428909 0.927335 0.42785 0.933613 0.42785 0.927335 0.428909 0.921058 0.428909 0.927335 0.42785 0.927335 0.435265 0.921058 0.428909 0.927335 0.428909 0.921058 0.428909 0.921058 0.435265 0.91478 0.435265 0.921058 0.436325 0.91478 0.435265 0.921058 0.435265 0.91478 0.436325 0.908503 0.436325 0.91478 0.435265 0.91478 0.436325 0.908503 0.437384 0.91478 0.436325 0.91478 0.436325 0.908503 0.437384 0.908503 0.437384 0.91478 0.437384 0.908503 0.439503 0.91478 0.437384 0.91478 0.437384 0.908503 0.439503 0.908503 0.439503 0.91478 0.439503 0.908503 0.441622 0.91478 0.439503 0.91478 0.439503 0.908503 0.441622 0.908503 0.441622 0.91478 0.441622 0.908503 0.44374 0.91478 0.441622 0.91478 0.441622 0.908503 0.44374 0.908503 0.44374 0.91478 0.44374 0.91478 0.44374 0.908503 0.445859 0.908503 0.428909 0.921058 0.428909 0.91478 0.435265 0.91478 0.445859 0.91478 0.44374 0.921058 0.44374 0.91478 0.441622 0.91478 0.44374 0.91478 0.44374 0.921058 0.441622 0.91478 0.44374 0.921058 0.441622 0.921058 0.439503 0.91478 0.441622 0.91478 0.441622 0.921058 0.439503 0.91478 0.441622 0.921058 0.439503 0.921058 0.437384 0.91478 0.439503 0.91478 0.439503 0.921058 0.436325 0.908503 0.435265 0.91478 0.435265 0.908503 0.435265 0.908503 0.435265 0.91478 0.428909 0.91478 0.435265 0.908503 0.428909 0.91478 0.428909 0.908503 0.42785 0.908503 0.428909 0.908503 0.428909 0.91478 0.42785 0.908503 0.428909 0.91478 0.42785 0.91478 0.42785 0.91478 0.428909 0.91478 0.428909 0.921058 0.42785 0.91478 0.428909 0.921058 0.42785 0.921058 0.428909 0.921058 0.42785 0.927335 0.42785 0.921058 0.42785 0.927335 0.42679 0.921058 0.42785 0.921058 0.42785 0.927335 0.42679 0.927335 0.42679 0.921058 0.423612 0.921058 0.42679 0.921058 0.42679 0.927335 0.423612 0.921058 0.42679 0.927335 0.423612 0.927335 0.423612 0.927335 0.421493 0.921058 0.423612 0.921058 0.423612 0.927335 0.421493 0.927335 0.421493 0.921058 0.419375 0.921058 0.421493 0.921058 0.421493 0.927335 0.419375 0.921058 0.421493 0.927335 0.419375 0.927335 0.419375 0.927335 0.417256 0.921058 0.419375 0.921058 0.419375 0.927335 0.417256 0.927335 0.417256 0.921058 0.441622 0.927335 0.441622 0.933613 0.439503 0.933613 0.441622 0.933613 0.441622 0.927335 0.44374 0.927335 0.441622 0.933613 0.44374 0.927335 0.44374 0.933613 0.445859 0.927335 0.44374 0.933613 0.44374 0.927335 0.445859 0.927335 0.445859 0.933613 0.44374 0.933613 0.445859 0.927335 0.447978 0.933613 0.445859 0.933613 0.445859 0.927335 0.447978 0.927335 0.447978 0.933613 0.445859 0.927335 0.447978 0.921058 0.447978 0.927335 0.445859 0.927335 0.445859 0.921058 0.447978 0.921058 0.44374 0.927335 0.445859 0.921058 0.445859 0.927335 0.44374 0.927335 0.44374 0.921058 0.445859 0.921058 0.441622 0.927335 0.44374 0.921058 0.44374 0.927335 0.441622 0.927335 0.441622 0.921058 0.44374 0.921058 0.439503 0.927335 0.441622 0.921058 0.441622 0.927335 0.439503 0.927335 0.439503 0.921058 0.441622 0.921058 0.441622 0.952445 0.439503 0.952445 0.439503 0.946168 0.441622 0.952445 0.439503 0.946168 0.441622 0.946168 0.441622 0.93989 0.441622 0.946168 0.439503 0.946168 0.441622 0.946168 0.441622 0.93989 0.44374 0.93989 0.441622 0.93989 0.44374 0.933613 0.44374 0.93989 0.44374 0.933613 0.445859 0.93989 0.44374 0.93989 0.44374 0.933613 0.445859 0.933613 0.445859 0.93989 0.445859 0.933613 0.447978 0.93989 0.445859 0.93989 0.445859 0.933613 0.447978 0.933613 0.447978 0.93989 0.447978 0.93989 0.447978 0.933613 0.450097 0.933613 0.447978 0.927335 0.450097 0.933613 0.447978 0.933613 0.447978 0.927335 0.450097 0.927335 0.450097 0.933613 0.447978 0.921058 0.450097 0.927335 0.447978 0.927335 0.447978 0.921058 0.450097 0.921058 0.450097 0.927335 0.447978 0.91478 0.450097 0.921058 0.447978 0.921058 0.445859 0.921058 0.447978 0.91478 0.447978 0.921058 0.445859 0.921058 0.445859 0.91478 0.447978 0.91478 0.445859 0.91478 0.445859 0.921058 0.44374 0.921058 0.44374 0.91478 0.445859 0.908503 0.445859 0.91478 0.445859 0.91478 0.445859 0.908503 0.447978 0.908503 0.445859 0.91478 0.447978 0.908503 0.447978 0.91478 0.447978 0.908503 0.450097 0.91478 0.447978 0.91478 0.447978 0.91478 0.450097 0.91478 0.450097 0.921058 0.450097 0.91478 0.452215 0.921058 0.450097 0.921058 0.450097 0.921058 0.452215 0.921058 0.452215 0.927335 0.450097 0.921058 0.452215 0.927335 0.450097 0.927335 0.450097 0.927335 0.452215 0.927335 0.452215 0.933613 0.450097 0.927335 0.452215 0.933613 0.450097 0.933613 0.450097 0.93989 0.450097 0.933613 0.452215 0.933613 0.447978 0.93989 0.450097 0.933613 0.450097 0.93989 0.450097 0.93989 0.447978 0.946168 0.447978 0.93989 0.445859 0.93989 0.447978 0.93989 0.447978 0.946168 0.445859 0.93989 0.447978 0.946168 0.445859 0.946168 0.44374 0.93989 0.445859 0.93989 0.445859 0.946168 0.44374 0.93989 0.445859 0.946168 0.44374 0.946168 0.441622 0.946168 0.44374 0.93989 0.44374 0.946168 0.450097 0.91478 0.452215 0.91478 0.452215 0.921058 0.450097 0.908503 0.452215 0.91478 0.450097 0.91478 0.447978 0.908503 0.450097 0.908503 0.450097 0.91478 0.450097 0.908503 0.452215 0.908503 0.452215 0.91478 0.445859 0.958722 0.44374 0.958722 0.44374 0.952445 0.445859 0.958722 0.44374 0.952445 0.445859 0.952445 0.445859 0.952445 0.44374 0.952445 0.44374 0.946168 0.445859 0.952445 0.44374 0.946168 0.445859 0.946168 0.447978 0.952445 0.445859 0.952445 0.445859 0.946168 0.447978 0.952445 0.445859 0.946168 0.447978 0.946168 0.447978 0.952445 0.447978 0.946168 0.450097 0.946168 0.450097 0.93989 0.450097 0.946168 0.447978 0.946168 0.450097 0.946168 0.450097 0.93989 0.452215 0.93989 0.450097 0.93989 0.452215 0.933613 0.452215 0.93989 0.450097 0.946168 0.452215 0.93989 0.452215 0.946168 0.450097 0.958722 0.452215 0.952445 0.452215 0.958722 0.450097 0.958722 0.450097 0.952445 0.452215 0.952445 0.450097 0.952445 0.452215 0.946168 0.452215 0.952445 0.450097 0.952445 0.450097 0.946168 0.452215 0.946168 0.447978 0.952445 0.450097 0.946168 0.450097 0.952445 0.450097 0.952445 0.447978 0.958722 0.447978 0.952445 0.445859 0.958722 0.447978 0.952445 0.447978 0.958722 0.445859 0.958722 0.445859 0.952445 0.447978 0.952445 0.450097 0.952445 0.450097 0.958722 0.447978 0.958722 0.556493 0.663403 0.553527 0.687506 0.558875 0.686563 0.556493 0.663403 0.549589 0.664229 0.553527 0.687506 0.549589 0.664229 0.546759 0.683887 0.553527 0.687506 0.549589 0.664229 0.54428 0.669583 0.546759 0.683887 0.543129 0.677062 0.546759 0.683887 0.54428 0.669583 0.557417 0.649347 0.556493 0.663403 0.561928 0.649327 0.569388 0.696872 0.561928 0.649327 0.556493 0.663403 0.569388 0.696872 0.556493 0.663403 0.558875 0.686563 0.558875 0.686563 0.563968 0.698321 0.569388 0.696872 0.407101 0.470031 0.422281 0.481787 0.411298 0.480291 0.407101 0.470031 0.429068 0.473023 0.422281 0.481787 0.407101 0.470031 0.424872 0.462763 0.429068 0.473023 0.407101 0.470031 0.413888 0.461267 0.424872 0.462763 0.561928 0.649327 0.556493 0.663403 0.557417 0.649347 0.569388 0.696872 0.556493 0.663403 0.561928 0.649327 0.569388 0.696872 0.558875 0.686563 0.556493 0.663403 0.553527 0.687506 0.556493 0.663403 0.558875 0.686563 0.553527 0.687506 0.549589 0.664229 0.556493 0.663403 0.546759 0.683887 0.549589 0.664229 0.553527 0.687506 0.546759 0.683887 0.54428 0.669583 0.549589 0.664229 0.54428 0.669583 0.546759 0.683887 0.543129 0.677062 0.569388 0.696872 0.563968 0.698321 0.558875 0.686563 0.436727 0.525585 0.431542 0.475514 0.444747 0.517439 0.436727 0.525585 0.417799 0.493621 0.431542 0.475514 0.436727 0.525585 0.431542 0.475514 0.417799 0.493621 0.436727 0.525585 0.444747 0.517439 0.431542 0.475514 0.444747 0.517439 0.417799 0.493621 0.431542 0.475514 0.444747 0.517439 0.436727 0.525585 0.417799 0.493621 0.444747 0.517439 0.417799 0.493621 0.436727 0.525585 0.444747 0.517439 0.431542 0.475514 0.417799 0.493621 0.444747 0.517439 0.417799 0.493621 0.431542 0.475514 0.444747 0.517439 0.436727 0.525585 0.417799 0.493621 0.444747 0.517439 0.417799 0.493621 0.436727 0.525585 0.444747 0.517439 0.431542 0.475514 0.417799 0.493621 0.422196 0.481721 0.424787 0.462697 0.428983 0.472957 0.422196 0.481721 0.413803 0.461201 0.424787 0.462697 0.422196 0.481721 0.407016 0.469965 0.413803 0.461201 0.422196 0.481721 0.411213 0.480225 0.407016 0.469965 0.446306 0.608361 0.539265 0.627898 0.446306 0.627898 0.446306 0.608361 0.531972 0.608169 0.539265 0.627898 0.531972 0.712556 0.446306 0.691463 0.539265 0.691463 0.531972 0.712556 0.446306 0.712015 0.446306 0.691463 0.557417 0.649347 0.561928 0.649327 0.561928 0.649327 0.557417 0.649347 0.557417 0.649347 0.561928 0.649327 0.569388 0.696872 0.563968 0.698321 0.569388 0.696872 0.569388 0.696872 0.563968 0.698321 0.563968 0.698321 0.539265 0.627898 0.438526 0.635965 0.446306 0.627898 0.539265 0.627898 0.539265 0.635965 0.438526 0.635965 0.539265 0.647291 0.438526 0.635965 0.539265 0.635965 0.539265 0.647291 0.438526 0.647291 0.438526 0.635965 0.539265 0.658524 0.438526 0.647291 0.539265 0.647291 0.539265 0.658524 0.438526 0.658524 0.438526 0.647291 0.438526 0.658524 0.539265 0.658524 0.539265 0.66975 0.438526 0.658524 0.539265 0.66975 0.438526 0.66975 0.539265 0.680975 0.438526 0.66975 0.539265 0.66975 0.539265 0.680975 0.438526 0.680975 0.438526 0.66975 0.539265 0.691463 0.438526 0.680975 0.539265 0.680975 0.539265 0.691463 0.446306 0.691463 0.438526 0.680975 0.429068 0.473023 0.413888 0.461267 0.424872 0.462763 0.429068 0.473023 0.407101 0.470031 0.413888 0.461267 0.429068 0.473023 0.411298 0.480291 0.407101 0.470031 0.429068 0.473023 0.422281 0.481787 0.411298 0.480291 0.546759 0.683887 0.543129 0.677062 0.54428 0.669583 0.549589 0.664229 0.546759 0.683887 0.54428 0.669583 0.549589 0.664229 0.553527 0.687506 0.546759 0.683887 0.556493 0.663403 0.553527 0.687506 0.549589 0.664229 0.556493 0.663403 0.558875 0.686563 0.553527 0.687506 0.569388 0.696872 0.563968 0.698321 0.558875 0.686563 0.556493 0.663403 0.569388 0.696872 0.558875 0.686563 0.556493 0.663403 0.561928 0.649327 0.569388 0.696872 0.557417 0.649347 0.561928 0.649327 0.556493 0.663403 0.539265 0.627898 0.446306 0.608361 0.446306 0.627898 0.539265 0.627898 0.531972 0.608169 0.446306 0.608361 0.531972 0.712556 0.446306 0.691463 0.446306 0.712015 0.531972 0.712556 0.539265 0.691463 0.446306 0.691463 0.561928 0.649327 0.557417 0.649347 0.561928 0.649327 0.561928 0.649327 0.557417 0.649347 0.557417 0.649347 0.569388 0.696872 0.563968 0.698321 0.563968 0.698321 0.569388 0.696872 0.569388 0.696872 0.563968 0.698321 0.497769 0.91478 0.497769 0.908503 0.498828 0.908503 0.497769 0.91478 0.49671 0.908503 0.497769 0.908503 0.49565 0.908503 0.49671 0.908503 0.49671 0.91478 0.497769 0.91478 0.49671 0.91478 0.49671 0.908503 0.497769 0.921058 0.49671 0.91478 0.497769 0.91478 0.497769 0.921058 0.497769 0.91478 0.498828 0.91478 0.497769 0.91478 0.498828 0.908503 0.498828 0.91478 0.499888 0.908503 0.498828 0.91478 0.498828 0.908503 0.499888 0.952445 0.498828 0.958722 0.498828 0.952445 0.497769 0.958722 0.498828 0.952445 0.498828 0.958722 0.497769 0.958722 0.497769 0.952445 0.498828 0.952445 0.497769 0.946168 0.498828 0.952445 0.497769 0.952445 0.497769 0.952445 0.49671 0.946168 0.497769 0.946168 0.49671 0.946168 0.497769 0.93989 0.497769 0.946168 0.49671 0.946168 0.49671 0.93989 0.497769 0.93989 0.49671 0.93989 0.497769 0.933613 0.497769 0.93989 0.49671 0.93989 0.49671 0.933613 0.497769 0.933613 0.49671 0.933613 0.497769 0.927335 0.497769 0.933613 0.49671 0.933613 0.49671 0.927335 0.497769 0.927335 0.49671 0.927335 0.497769 0.921058 0.497769 0.927335 0.49671 0.927335 0.49671 0.921058 0.497769 0.921058 0.497769 0.921058 0.49671 0.921058 0.49671 0.91478 0.49565 0.91478 0.49671 0.91478 0.49671 0.921058 0.49565 0.908503 0.49671 0.91478 0.49565 0.91478 0.49565 0.908503 0.49565 0.91478 0.493531 0.91478 0.49565 0.908503 0.493531 0.91478 0.493531 0.908503 0.497769 0.927335 0.498828 0.927335 0.498828 0.933613 0.497769 0.927335 0.498828 0.933613 0.497769 0.933613 0.497769 0.933613 0.498828 0.933613 0.498828 0.93989 0.497769 0.933613 0.498828 0.93989 0.497769 0.93989 0.497769 0.93989 0.498828 0.93989 0.498828 0.946168 0.497769 0.93989 0.498828 0.946168 0.497769 0.946168 0.497769 0.946168 0.498828 0.946168 0.498828 0.952445 0.499888 0.946168 0.498828 0.952445 0.498828 0.946168 0.499888 0.946168 0.499888 0.952445 0.498828 0.952445 0.499888 0.946168 0.500947 0.952445 0.499888 0.952445 0.499888 0.946168 0.500947 0.946168 0.500947 0.952445 0.502007 0.952445 0.500947 0.952445 0.500947 0.946168 0.502007 0.952445 0.500947 0.946168 0.502007 0.946168 0.502007 0.946168 0.503066 0.952445 0.502007 0.952445 0.502007 0.946168 0.503066 0.946168 0.503066 0.952445 0.504125 0.952445 0.503066 0.952445 0.503066 0.946168 0.504125 0.952445 0.503066 0.946168 0.504125 0.946168 0.505185 0.946168 0.504125 0.952445 0.504125 0.946168 0.505185 0.946168 0.506244 0.93989 0.506244 0.946168 0.508363 0.958722 0.508363 0.952445 0.51366 0.952445 0.508363 0.958722 0.507303 0.952445 0.508363 0.952445 0.508363 0.958722 0.507303 0.958722 0.507303 0.952445 0.506244 0.952445 0.507303 0.952445 0.507303 0.958722 0.506244 0.952445 0.507303 0.958722 0.506244 0.958722 0.506244 0.958722 0.505185 0.952445 0.506244 0.952445 0.506244 0.958722 0.505185 0.958722 0.505185 0.952445 0.504125 0.952445 0.505185 0.952445 0.505185 0.958722 0.504125 0.952445 0.505185 0.958722 0.504125 0.958722 0.504125 0.958722 0.503066 0.952445 0.504125 0.952445 0.504125 0.958722 0.503066 0.958722 0.503066 0.952445 0.502007 0.952445 0.503066 0.952445 0.503066 0.958722 0.502007 0.952445 0.503066 0.958722 0.502007 0.958722 0.502007 0.958722 0.500947 0.952445 0.502007 0.952445 0.502007 0.958722 0.500947 0.958722 0.500947 0.952445 0.500947 0.952445 0.500947 0.958722 0.499888 0.958722 0.500947 0.952445 0.499888 0.958722 0.499888 0.952445 0.499888 0.952445 0.499888 0.958722 0.498828 0.958722 0.515779 0.91478 0.518957 0.91478 0.518957 0.921058 0.515779 0.91478 0.518957 0.921058 0.515779 0.921058 0.515779 0.921058 0.518957 0.921058 0.518957 0.927335 0.515779 0.921058 0.518957 0.927335 0.515779 0.927335 0.514719 0.927335 0.515779 0.921058 0.515779 0.927335 0.514719 0.933613 0.514719 0.927335 0.515779 0.927335 0.514719 0.933613 0.51366 0.927335 0.514719 0.927335 0.514719 0.933613 0.51366 0.933613 0.51366 0.927335 0.508363 0.927335 0.51366 0.927335 0.51366 0.933613 0.508363 0.927335 0.51366 0.933613 0.508363 0.933613 0.508363 0.927335 0.508363 0.933613 0.507303 0.933613 0.508363 0.933613 0.507303 0.93989 0.507303 0.933613 0.506244 0.93989 0.507303 0.933613 0.507303 0.93989 0.506244 0.93989 0.507303 0.93989 0.507303 0.946168 0.506244 0.93989 0.507303 0.946168 0.506244 0.946168 0.506244 0.946168 0.507303 0.946168 0.507303 0.952445 0.506244 0.946168 0.507303 0.952445 0.506244 0.952445 0.506244 0.952445 0.505185 0.946168 0.506244 0.946168 0.506244 0.952445 0.505185 0.952445 0.505185 0.946168 0.505185 0.946168 0.505185 0.952445 0.504125 0.952445 0.515779 0.933613 0.515779 0.927335 0.518957 0.927335 0.514719 0.933613 0.515779 0.927335 0.515779 0.933613 0.514719 0.93989 0.514719 0.933613 0.515779 0.933613 0.514719 0.93989 0.51366 0.933613 0.514719 0.933613 0.514719 0.93989 0.51366 0.93989 0.51366 0.933613 0.508363 0.933613 0.51366 0.933613 0.51366 0.93989 0.508363 0.933613 0.51366 0.93989 0.508363 0.93989 0.508363 0.933613 0.508363 0.93989 0.507303 0.93989 0.508363 0.946168 0.507303 0.93989 0.508363 0.93989 0.508363 0.946168 0.507303 0.946168 0.507303 0.93989 0.508363 0.952445 0.507303 0.946168 0.508363 0.946168 0.508363 0.952445 0.507303 0.952445 0.507303 0.946168 0.51366 0.946168 0.51366 0.93989 0.514719 0.93989 0.508363 0.93989 0.51366 0.93989 0.51366 0.946168 0.508363 0.93989 0.51366 0.946168 0.508363 0.946168 0.51366 0.946168 0.508363 0.952445 0.508363 0.946168 0.525313 0.91478 0.522135 0.908503 0.525313 0.908503 0.525313 0.91478 0.522135 0.91478 0.522135 0.908503 0.520016 0.908503 0.522135 0.908503 0.522135 0.91478 0.520016 0.908503 0.522135 0.91478 0.520016 0.91478 0.518957 0.908503 0.520016 0.908503 0.520016 0.91478 0.518957 0.908503 0.520016 0.91478 0.518957 0.91478 0.518957 0.91478 0.520016 0.91478 0.520016 0.921058 0.518957 0.91478 0.520016 0.921058 0.518957 0.921058 0.518957 0.921058 0.520016 0.921058 0.520016 0.927335 0.518957 0.921058 0.520016 0.927335 0.518957 0.927335 0.518957 0.933613 0.518957 0.927335 0.520016 0.927335 0.515779 0.933613 0.518957 0.927335 0.518957 0.933613 0.518957 0.933613 0.515779 0.93989 0.515779 0.933613 0.514719 0.93989 0.515779 0.933613 0.515779 0.93989 0.514719 0.946168 0.514719 0.93989 0.515779 0.93989 0.51366 0.946168 0.514719 0.93989 0.514719 0.946168 0.51366 0.952445 0.51366 0.946168 0.514719 0.946168 0.51366 0.946168 0.51366 0.952445 0.508363 0.952445 0.522135 0.91478 0.520016 0.921058 0.520016 0.91478 0.518957 0.933613 0.520016 0.927335 0.520016 0.933613 0.515779 0.946168 0.518957 0.93989 0.518957 0.946168 0.515779 0.946168 0.515779 0.93989 0.518957 0.93989 0.514719 0.946168 0.515779 0.93989 0.515779 0.946168 0.518957 0.933613 0.518957 0.93989 0.515779 0.93989 0.518957 0.93989 0.518957 0.933613 0.520016 0.933613 0.518957 0.93989 0.520016 0.933613 0.520016 0.93989 0.518957 0.946168 0.518957 0.93989 0.520016 0.93989 0.518957 0.946168 0.520016 0.93989 0.520016 0.946168 0.520016 0.93989 0.522135 0.946168 0.520016 0.946168 0.529551 0.933613 0.528491 0.93989 0.528491 0.933613 0.527432 0.93989 0.528491 0.933613 0.528491 0.93989 0.527432 0.93989 0.528491 0.93989 0.528491 0.946168 0.527432 0.93989 0.528491 0.946168 0.527432 0.946168 0.527432 0.946168 0.528491 0.946168 0.528491 0.952445 0.527432 0.946168 0.528491 0.952445 0.527432 0.952445 0.525313 0.946168 0.527432 0.946168 0.527432 0.952445 0.525313 0.946168 0.527432 0.952445 0.525313 0.952445 0.525313 0.952445 0.522135 0.946168 0.525313 0.946168 0.525313 0.952445 0.522135 0.952445 0.522135 0.946168 0.522135 0.952445 0.520016 0.946168 0.522135 0.946168 0.522135 0.952445 0.520016 0.952445 0.520016 0.946168 0.518957 0.946168 0.520016 0.946168 0.520016 0.952445 0.518957 0.946168 0.520016 0.952445 0.518957 0.952445 0.518957 0.946168 0.518957 0.952445 0.515779 0.952445 0.518957 0.946168 0.515779 0.952445 0.515779 0.946168 0.514719 0.952445 0.515779 0.946168 0.515779 0.952445 0.514719 0.952445 0.514719 0.946168 0.515779 0.946168 0.51366 0.952445 0.514719 0.946168 0.514719 0.952445 0.508363 0.958722 0.51366 0.952445 0.51366 0.958722 0.51366 0.958722 0.51366 0.952445 0.514719 0.952445 0.51366 0.958722 0.514719 0.952445 0.514719 0.958722 0.514719 0.952445 0.515779 0.958722 0.514719 0.958722 0.514719 0.952445 0.515779 0.952445 0.515779 0.958722 0.515779 0.952445 0.518957 0.958722 0.515779 0.958722 0.515779 0.952445 0.518957 0.952445 0.518957 0.958722 0.518957 0.952445 0.520016 0.958722 0.518957 0.958722 0.518957 0.952445 0.520016 0.952445 0.520016 0.958722 0.522135 0.958722 0.520016 0.958722 0.520016 0.952445 0.522135 0.958722 0.520016 0.952445 0.522135 0.952445 0.525313 0.958722 0.522135 0.958722 0.522135 0.952445 0.525313 0.958722 0.522135 0.952445 0.525313 0.952445 0.525313 0.952445 0.527432 0.958722 0.525313 0.958722 0.525313 0.952445 0.527432 0.952445 0.527432 0.958722 0.527432 0.952445 0.528491 0.958722 0.527432 0.958722 0.527432 0.952445 0.528491 0.952445 0.528491 0.958722 0.529551 0.958722 0.528491 0.958722 0.528491 0.952445 0.529551 0.958722 0.528491 0.952445 0.529551 0.952445 0.529551 0.952445 0.531669 0.958722 0.529551 0.958722 0.529551 0.952445 0.531669 0.952445 0.531669 0.958722 0.533788 0.958722 0.531669 0.958722 0.531669 0.952445 0.533788 0.958722 0.531669 0.952445 0.533788 0.952445 0.533788 0.952445 0.535907 0.958722 0.533788 0.958722 0.533788 0.952445 0.535907 0.952445 0.535907 0.958722 0.538026 0.958722 0.535907 0.958722 0.535907 0.952445 0.538026 0.958722 0.535907 0.952445 0.538026 0.952445 0.538026 0.952445 0.544382 0.958722 0.538026 0.958722 0.538026 0.952445 0.544382 0.952445 0.544382 0.958722 0.546501 0.958722 0.544382 0.958722 0.544382 0.952445 0.546501 0.958722 0.544382 0.952445 0.546501 0.952445 0.546501 0.952445 0.544382 0.952445 0.544382 0.946168 0.546501 0.952445 0.544382 0.946168 0.546501 0.946168 0.546501 0.946168 0.544382 0.946168 0.544382 0.93989 0.546501 0.946168 0.544382 0.93989 0.546501 0.93989 0.546501 0.933613 0.546501 0.93989 0.544382 0.93989 0.529551 0.946168 0.531669 0.952445 0.529551 0.952445 0.529551 0.946168 0.531669 0.946168 0.531669 0.952445 0.529551 0.93989 0.531669 0.946168 0.529551 0.946168 0.533788 0.952445 0.531669 0.952445 0.531669 0.946168 0.533788 0.952445 0.531669 0.946168 0.533788 0.946168 0.533788 0.946168 0.535907 0.952445 0.533788 0.952445 0.533788 0.946168 0.535907 0.946168 0.535907 0.952445 0.538026 0.952445 0.535907 0.952445 0.535907 0.946168 0.538026 0.952445 0.535907 0.946168 0.538026 0.946168 0.544382 0.952445 0.538026 0.952445 0.538026 0.946168 0.544382 0.952445 0.538026 0.946168 0.544382 0.946168 0.538026 0.93989 0.544382 0.946168 0.538026 0.946168 0.538026 0.93989 0.544382 0.93989 0.544382 0.946168 0.538026 0.93989 0.544382 0.933613 0.544382 0.93989 0.538026 0.93989 0.538026 0.933613 0.544382 0.933613 0.538026 0.933613 0.544382 0.927335 0.544382 0.933613 0.538026 0.933613 0.538026 0.927335 0.544382 0.927335 0.538026 0.927335 0.544382 0.921058 0.544382 0.927335 0.538026 0.927335 0.538026 0.921058 0.544382 0.921058 0.538026 0.921058 0.538026 0.927335 0.535907 0.927335 0.538026 0.921058 0.535907 0.927335 0.535907 0.921058 0.546501 0.933613 0.544382 0.93989 0.544382 0.933613 0.544382 0.933613 0.546501 0.927335 0.546501 0.933613 0.544382 0.933613 0.544382 0.927335 0.546501 0.927335 0.546501 0.921058 0.546501 0.927335 0.544382 0.927335 0.546501 0.921058 0.544382 0.927335 0.544382 0.921058 0.544382 0.921058 0.546501 0.91478 0.546501 0.921058 0.544382 0.921058 0.544382 0.91478 0.546501 0.91478 0.538026 0.921058 0.544382 0.91478 0.544382 0.921058 0.538026 0.921058 0.538026 0.91478 0.544382 0.91478 0.538026 0.921058 0.535907 0.91478 0.538026 0.91478 0.538026 0.921058 0.535907 0.921058 0.535907 0.91478 0.533788 0.91478 0.535907 0.91478 0.535907 0.921058 0.533788 0.91478 0.535907 0.921058 0.533788 0.921058 0.531669 0.921058 0.533788 0.91478 0.533788 0.921058 0.533788 0.921058 0.531669 0.927335 0.531669 0.921058 0.531669 0.921058 0.531669 0.927335 0.529551 0.927335 0.529551 0.933613 0.529551 0.927335 0.531669 0.927335 0.529551 0.927335 0.529551 0.933613 0.528491 0.933613 0.535907 0.921058 0.535907 0.927335 0.533788 0.927335 0.535907 0.921058 0.533788 0.927335 0.533788 0.921058 0.533788 0.921058 0.533788 0.927335 0.531669 0.927335 0.531669 0.933613 0.531669 0.927335 0.533788 0.927335 0.529551 0.933613 0.531669 0.927335 0.531669 0.933613 0.531669 0.933613 0.529551 0.93989 0.529551 0.933613 0.529551 0.933613 0.529551 0.93989 0.528491 0.93989 0.529551 0.946168 0.528491 0.93989 0.529551 0.93989 0.529551 0.946168 0.528491 0.946168 0.528491 0.93989 0.529551 0.952445 0.528491 0.946168 0.529551 0.946168 0.529551 0.952445 0.528491 0.952445 0.528491 0.946168 0.546501 0.91478 0.544382 0.908503 0.546501 0.908503 0.546501 0.91478 0.544382 0.91478 0.544382 0.908503 0.538026 0.908503 0.544382 0.908503 0.544382 0.91478 0.538026 0.908503 0.544382 0.91478 0.538026 0.91478 0.538026 0.91478 0.535907 0.908503 0.538026 0.908503 0.538026 0.91478 0.535907 0.91478 0.535907 0.908503 0.533788 0.908503 0.535907 0.908503 0.535907 0.91478 0.533788 0.908503 0.535907 0.91478 0.533788 0.91478 0.533788 0.91478 0.531669 0.908503 0.533788 0.908503 0.533788 0.91478 0.531669 0.91478 0.531669 0.908503 0.529551 0.908503 0.531669 0.908503 0.531669 0.91478 0.529551 0.908503 0.531669 0.91478 0.529551 0.91478 0.529551 0.91478 0.528491 0.908503 0.529551 0.908503 0.529551 0.91478 0.528491 0.91478 0.528491 0.908503 0.527432 0.908503 0.528491 0.908503 0.528491 0.91478 0.527432 0.908503 0.528491 0.91478 0.527432 0.91478 0.525313 0.908503 0.527432 0.908503 0.527432 0.91478 0.525313 0.908503 0.527432 0.91478 0.525313 0.91478 0.529551 0.91478 0.528491 0.921058 0.528491 0.91478 0.529551 0.91478 0.529551 0.921058 0.528491 0.921058 0.529551 0.921058 0.529551 0.91478 0.531669 0.91478 0.529551 0.921058 0.531669 0.91478 0.531669 0.921058 0.531669 0.921058 0.531669 0.91478 0.533788 0.91478 0.525313 0.921058 0.522135 0.927335 0.522135 0.921058 0.525313 0.921058 0.525313 0.927335 0.522135 0.927335 0.527432 0.921058 0.525313 0.927335 0.525313 0.921058 0.527432 0.921058 0.527432 0.927335 0.525313 0.927335 0.527432 0.927335 0.527432 0.921058 0.528491 0.921058 0.527432 0.927335 0.528491 0.921058 0.528491 0.927335 0.529551 0.921058 0.528491 0.927335 0.528491 0.921058 0.529551 0.921058 0.529551 0.927335 0.528491 0.927335 0.531669 0.921058 0.529551 0.927335 0.529551 0.921058 0.527432 0.933613 0.527432 0.927335 0.528491 0.927335 0.525313 0.933613 0.527432 0.927335 0.527432 0.933613 0.525313 0.933613 0.525313 0.927335 0.527432 0.927335 0.522135 0.933613 0.522135 0.927335 0.525313 0.927335 0.522135 0.933613 0.525313 0.927335 0.525313 0.933613 0.525313 0.933613 0.522135 0.93989 0.522135 0.933613 0.525313 0.933613 0.525313 0.93989 0.522135 0.93989 0.527432 0.933613 0.525313 0.93989 0.525313 0.933613 0.527432 0.933613 0.527432 0.93989 0.525313 0.93989 0.527432 0.93989 0.527432 0.933613 0.528491 0.933613 0.527432 0.933613 0.528491 0.927335 0.528491 0.933613 0.529551 0.927335 0.528491 0.933613 0.528491 0.927335 0.525313 0.946168 0.527432 0.93989 0.527432 0.946168 0.525313 0.946168 0.525313 0.93989 0.527432 0.93989 0.522135 0.946168 0.525313 0.93989 0.525313 0.946168 0.522135 0.946168 0.522135 0.93989 0.525313 0.93989 0.520016 0.93989 0.522135 0.93989 0.522135 0.946168 0.520016 0.93989 0.522135 0.933613 0.522135 0.93989 0.520016 0.93989 0.520016 0.933613 0.522135 0.933613 0.522135 0.927335 0.522135 0.933613 0.520016 0.933613 0.522135 0.927335 0.520016 0.933613 0.520016 0.927335 0.520016 0.927335 0.522135 0.921058 0.522135 0.927335 0.520016 0.927335 0.520016 0.921058 0.522135 0.921058 0.522135 0.91478 0.522135 0.921058 0.520016 0.921058 0.525313 0.921058 0.522135 0.921058 0.522135 0.91478 0.525313 0.921058 0.522135 0.91478 0.525313 0.91478 0.525313 0.91478 0.527432 0.921058 0.525313 0.921058 0.525313 0.91478 0.527432 0.91478 0.527432 0.921058 0.527432 0.921058 0.527432 0.91478 0.528491 0.91478 0.527432 0.921058 0.528491 0.91478 0.528491 0.921058 0.485056 0.933613 0.486116 0.927335 0.486116 0.933613 0.485056 0.933613 0.486116 0.933613 0.486116 0.93989 0.485056 0.933613 0.486116 0.93989 0.485056 0.93989 0.483997 0.93989 0.485056 0.933613 0.485056 0.93989 0.485056 0.946168 0.483997 0.93989 0.485056 0.93989 0.485056 0.946168 0.483997 0.946168 0.483997 0.93989 0.483997 0.933613 0.483997 0.93989 0.482938 0.93989 0.482938 0.93989 0.483997 0.93989 0.483997 0.946168 0.482938 0.93989 0.483997 0.946168 0.482938 0.946168 0.482938 0.946168 0.481878 0.93989 0.482938 0.93989 0.482938 0.946168 0.481878 0.946168 0.481878 0.93989 0.485056 0.93989 0.486116 0.93989 0.486116 0.946168 0.485056 0.93989 0.486116 0.946168 0.485056 0.946168 0.485056 0.946168 0.486116 0.946168 0.486116 0.952445 0.485056 0.946168 0.486116 0.952445 0.485056 0.952445 0.485056 0.952445 0.483997 0.946168 0.485056 0.946168 0.485056 0.952445 0.483997 0.952445 0.483997 0.946168 0.482938 0.946168 0.483997 0.946168 0.483997 0.952445 0.482938 0.946168 0.483997 0.952445 0.482938 0.952445 0.482938 0.952445 0.481878 0.946168 0.482938 0.946168 0.482938 0.952445 0.481878 0.952445 0.481878 0.946168 0.480819 0.946168 0.481878 0.946168 0.481878 0.952445 0.480819 0.93989 0.481878 0.946168 0.480819 0.946168 0.480819 0.93989 0.481878 0.93989 0.481878 0.946168 0.480819 0.933613 0.481878 0.93989 0.480819 0.93989 0.480819 0.933613 0.481878 0.933613 0.481878 0.93989 0.480819 0.933613 0.481878 0.927335 0.481878 0.933613 0.482938 0.927335 0.481878 0.933613 0.481878 0.927335 0.482938 0.921058 0.482938 0.927335 0.481878 0.927335 0.482938 0.921058 0.481878 0.927335 0.481878 0.921058 0.480819 0.933613 0.480819 0.927335 0.481878 0.927335 0.480819 0.927335 0.481878 0.921058 0.481878 0.927335 0.480819 0.927335 0.480819 0.921058 0.481878 0.921058 0.487175 0.952445 0.486116 0.958722 0.486116 0.952445 0.485056 0.952445 0.486116 0.952445 0.486116 0.958722 0.485056 0.952445 0.486116 0.958722 0.485056 0.958722 0.485056 0.958722 0.483997 0.952445 0.485056 0.952445 0.485056 0.958722 0.483997 0.958722 0.483997 0.952445 0.482938 0.952445 0.483997 0.952445 0.483997 0.958722 0.482938 0.952445 0.483997 0.958722 0.482938 0.958722 0.482938 0.958722 0.481878 0.952445 0.482938 0.952445 0.482938 0.958722 0.481878 0.958722 0.481878 0.952445 0.480819 0.952445 0.481878 0.952445 0.481878 0.958722 0.480819 0.946168 0.481878 0.952445 0.480819 0.952445 0.480819 0.952445 0.479759 0.946168 0.480819 0.946168 0.479759 0.946168 0.480819 0.93989 0.480819 0.946168 0.479759 0.946168 0.479759 0.93989 0.480819 0.93989 0.479759 0.93989 0.480819 0.933613 0.480819 0.93989 0.479759 0.93989 0.479759 0.933613 0.480819 0.933613 0.479759 0.933613 0.480819 0.927335 0.480819 0.933613 0.479759 0.933613 0.479759 0.927335 0.480819 0.927335 0.480819 0.952445 0.479759 0.952445 0.479759 0.946168 0.4787 0.946168 0.479759 0.946168 0.479759 0.952445 0.4787 0.946168 0.479759 0.952445 0.4787 0.952445 0.4787 0.958722 0.477641 0.952445 0.4787 0.952445 0.4787 0.952445 0.479759 0.958722 0.4787 0.958722 0.4787 0.952445 0.479759 0.952445 0.479759 0.958722 0.480819 0.958722 0.479759 0.958722 0.479759 0.952445 0.480819 0.958722 0.479759 0.952445 0.480819 0.952445 0.480819 0.952445 0.481878 0.958722 0.480819 0.958722 0.487175 0.952445 0.487175 0.958722 0.486116 0.958722 0.487175 0.952445 0.488235 0.958722 0.487175 0.958722 0.487175 0.952445 0.488235 0.952445 0.488235 0.958722 0.489294 0.958722 0.488235 0.958722 0.488235 0.952445 0.489294 0.958722 0.488235 0.952445 0.489294 0.952445 0.491413 0.958722 0.489294 0.958722 0.489294 0.952445 0.487175 0.946168 0.488235 0.952445 0.487175 0.952445 0.487175 0.946168 0.488235 0.946168 0.488235 0.952445 0.489294 0.952445 0.488235 0.952445 0.488235 0.946168 0.487175 0.93989 0.488235 0.946168 0.487175 0.946168 0.49671 0.933613 0.49671 0.93989 0.49565 0.93989 0.49671 0.93989 0.49565 0.946168 0.49565 0.93989 0.49671 0.93989 0.49671 0.946168 0.49565 0.946168 0.49565 0.946168 0.49671 0.946168 0.49671 0.952445 0.497769 0.952445 0.49671 0.952445 0.49671 0.946168 0.497769 0.958722 0.49671 0.952445 0.497769 0.952445 0.497769 0.958722 0.49671 0.958722 0.49671 0.952445 0.49565 0.952445 0.49671 0.952445 0.49671 0.958722 0.49565 0.952445 0.49671 0.958722 0.49565 0.958722 0.493531 0.958722 0.49565 0.952445 0.49565 0.958722 0.493531 0.958722 0.493531 0.952445 0.49565 0.952445 0.491413 0.958722 0.493531 0.952445 0.493531 0.958722 0.491413 0.958722 0.491413 0.952445 0.493531 0.952445 0.491413 0.958722 0.489294 0.952445 0.491413 0.952445 0.491413 0.952445 0.489294 0.952445 0.489294 0.946168 0.489294 0.952445 0.488235 0.946168 0.489294 0.946168 0.489294 0.946168 0.488235 0.946168 0.488235 0.93989 0.487175 0.93989 0.488235 0.93989 0.488235 0.946168 0.49565 0.946168 0.49671 0.952445 0.49565 0.952445 0.491413 0.946168 0.493531 0.946168 0.493531 0.952445 0.491413 0.946168 0.493531 0.952445 0.491413 0.952445 0.491413 0.952445 0.489294 0.946168 0.491413 0.946168 0.491413 0.946168 0.489294 0.946168 0.489294 0.93989 0.489294 0.946168 0.488235 0.93989 0.489294 0.93989 0.488235 0.93989 0.489294 0.933613 0.489294 0.93989 0.491413 0.93989 0.489294 0.93989 0.489294 0.933613 0.491413 0.93989 0.489294 0.933613 0.491413 0.933613 0.491413 0.933613 0.493531 0.93989 0.491413 0.93989 0.491413 0.933613 0.493531 0.933613 0.493531 0.93989 0.491413 0.927335 0.493531 0.933613 0.491413 0.933613 0.491413 0.927335 0.493531 0.927335 0.493531 0.933613 0.489294 0.933613 0.491413 0.927335 0.491413 0.933613 0.491413 0.93989 0.493531 0.93989 0.493531 0.946168 0.491413 0.93989 0.493531 0.946168 0.491413 0.946168 0.491413 0.946168 0.489294 0.93989 0.491413 0.93989 0.487175 0.933613 0.488235 0.93989 0.487175 0.93989 0.487175 0.933613 0.488235 0.933613 0.488235 0.93989 0.488235 0.93989 0.488235 0.933613 0.489294 0.933613 0.488235 0.933613 0.489294 0.927335 0.489294 0.933613 0.489294 0.933613 0.489294 0.927335 0.491413 0.927335 0.491413 0.921058 0.491413 0.927335 0.489294 0.927335 0.493531 0.921058 0.491413 0.927335 0.491413 0.921058 0.493531 0.921058 0.493531 0.927335 0.491413 0.927335 0.49565 0.921058 0.493531 0.927335 0.493531 0.921058 0.49565 0.921058 0.49565 0.927335 0.493531 0.927335 0.49565 0.933613 0.493531 0.927335 0.49565 0.927335 0.49565 0.933613 0.493531 0.933613 0.493531 0.927335 0.49565 0.93989 0.493531 0.933613 0.49565 0.933613 0.49565 0.93989 0.493531 0.93989 0.493531 0.933613 0.49565 0.946168 0.493531 0.93989 0.49565 0.93989 0.49565 0.946168 0.493531 0.946168 0.493531 0.93989 0.49565 0.952445 0.493531 0.946168 0.49565 0.946168 0.49565 0.952445 0.493531 0.952445 0.493531 0.946168 0.488235 0.927335 0.489294 0.921058 0.489294 0.927335 0.491413 0.921058 0.489294 0.927335 0.489294 0.921058 0.488235 0.933613 0.488235 0.927335 0.489294 0.927335 0.488235 0.927335 0.488235 0.933613 0.487175 0.933613 0.488235 0.927335 0.487175 0.933613 0.487175 0.927335 0.488235 0.921058 0.488235 0.927335 0.487175 0.927335 0.488235 0.927335 0.488235 0.921058 0.489294 0.921058 0.488235 0.921058 0.489294 0.91478 0.489294 0.921058 0.489294 0.921058 0.489294 0.91478 0.491413 0.91478 0.489294 0.921058 0.491413 0.91478 0.491413 0.921058 0.491413 0.921058 0.491413 0.91478 0.493531 0.91478 0.491413 0.921058 0.493531 0.91478 0.493531 0.921058 0.493531 0.921058 0.493531 0.91478 0.49565 0.91478 0.493531 0.921058 0.49565 0.91478 0.49565 0.921058 0.49565 0.91478 0.49671 0.921058 0.49565 0.921058 0.49671 0.921058 0.49565 0.927335 0.49565 0.921058 0.49671 0.921058 0.49671 0.927335 0.49565 0.927335 0.49671 0.927335 0.49565 0.933613 0.49565 0.927335 0.49671 0.927335 0.49671 0.933613 0.49565 0.933613 0.49671 0.933613 0.49565 0.93989 0.49565 0.933613 0.493531 0.908503 0.493531 0.91478 0.491413 0.91478 0.493531 0.908503 0.491413 0.91478 0.491413 0.908503 0.491413 0.908503 0.491413 0.91478 0.489294 0.91478 0.491413 0.908503 0.489294 0.91478 0.489294 0.908503 0.489294 0.91478 0.488235 0.908503 0.489294 0.908503 0.489294 0.91478 0.488235 0.91478 0.488235 0.908503 0.488235 0.921058 0.488235 0.91478 0.489294 0.91478 0.488235 0.91478 0.488235 0.921058 0.487175 0.921058 0.488235 0.921058 0.487175 0.927335 0.487175 0.921058 0.487175 0.921058 0.487175 0.927335 0.486116 0.927335 0.487175 0.933613 0.486116 0.927335 0.487175 0.927335 0.487175 0.933613 0.486116 0.933613 0.486116 0.927335 0.487175 0.93989 0.486116 0.933613 0.487175 0.933613 0.487175 0.93989 0.486116 0.93989 0.486116 0.933613 0.487175 0.946168 0.486116 0.93989 0.487175 0.93989 0.487175 0.946168 0.486116 0.946168 0.486116 0.93989 0.487175 0.952445 0.486116 0.946168 0.487175 0.946168 0.487175 0.952445 0.486116 0.952445 0.486116 0.946168 0.483997 0.921058 0.482938 0.927335 0.482938 0.921058 0.483997 0.91478 0.483997 0.921058 0.482938 0.921058 0.483997 0.921058 0.483997 0.91478 0.485056 0.91478 0.485056 0.91478 0.483997 0.91478 0.483997 0.908503 0.485056 0.91478 0.483997 0.908503 0.485056 0.908503 0.485056 0.91478 0.485056 0.908503 0.486116 0.908503 0.485056 0.91478 0.486116 0.908503 0.486116 0.91478 0.487175 0.908503 0.486116 0.91478 0.486116 0.908503 0.487175 0.908503 0.487175 0.91478 0.486116 0.91478 0.488235 0.908503 0.487175 0.91478 0.487175 0.908503 0.488235 0.908503 0.488235 0.91478 0.487175 0.91478 0.488235 0.91478 0.487175 0.921058 0.487175 0.91478 0.487175 0.91478 0.487175 0.921058 0.486116 0.921058 0.487175 0.921058 0.486116 0.927335 0.486116 0.921058 0.485056 0.927335 0.486116 0.921058 0.486116 0.927335 0.485056 0.933613 0.485056 0.927335 0.486116 0.927335 0.483997 0.933613 0.485056 0.927335 0.485056 0.933613 0.483997 0.93989 0.483997 0.933613 0.485056 0.933613 0.487175 0.91478 0.486116 0.921058 0.486116 0.91478 0.485056 0.921058 0.486116 0.91478 0.486116 0.921058 0.485056 0.927335 0.485056 0.921058 0.486116 0.921058 0.483997 0.927335 0.485056 0.921058 0.485056 0.927335 0.483997 0.933613 0.483997 0.927335 0.485056 0.927335 0.483997 0.927335 0.483997 0.933613 0.482938 0.933613 0.483997 0.933613 0.482938 0.93989 0.482938 0.933613 0.482938 0.933613 0.482938 0.93989 0.481878 0.93989 0.482938 0.933613 0.481878 0.93989 0.481878 0.933613 0.482938 0.927335 0.482938 0.933613 0.481878 0.933613 0.483997 0.927335 0.482938 0.933613 0.482938 0.927335 0.483997 0.921058 0.483997 0.927335 0.482938 0.927335 0.483997 0.927335 0.483997 0.921058 0.485056 0.921058 0.483997 0.921058 0.485056 0.91478 0.485056 0.921058 0.485056 0.921058 0.485056 0.91478 0.486116 0.91478 0.471284 0.933613 0.472344 0.927335 0.472344 0.933613 0.471284 0.933613 0.471284 0.927335 0.472344 0.927335 0.472344 0.933613 0.472344 0.927335 0.473403 0.927335 0.472344 0.933613 0.473403 0.927335 0.473403 0.933613 0.475522 0.927335 0.473403 0.933613 0.473403 0.927335 0.475522 0.927335 0.475522 0.933613 0.473403 0.933613 0.475522 0.933613 0.475522 0.927335 0.477641 0.927335 0.475522 0.933613 0.477641 0.927335 0.477641 0.933613 0.475522 0.93989 0.475522 0.933613 0.477641 0.933613 0.473403 0.93989 0.475522 0.933613 0.475522 0.93989 0.473403 0.93989 0.473403 0.933613 0.475522 0.933613 0.472344 0.93989 0.473403 0.933613 0.473403 0.93989 0.472344 0.93989 0.472344 0.933613 0.473403 0.933613 0.471284 0.93989 0.472344 0.933613 0.472344 0.93989 0.471284 0.93989 0.471284 0.933613 0.472344 0.933613 0.471284 0.933613 0.471284 0.93989 0.470225 0.93989 0.471284 0.933613 0.470225 0.93989 0.470225 0.933613 0.471284 0.927335 0.471284 0.933613 0.470225 0.933613 0.471284 0.927335 0.470225 0.933613 0.470225 0.927335 0.473403 0.927335 0.475522 0.921058 0.475522 0.927335 0.475522 0.927335 0.475522 0.921058 0.477641 0.921058 0.475522 0.927335 0.477641 0.921058 0.477641 0.927335 0.4787 0.921058 0.477641 0.927335 0.477641 0.921058 0.4787 0.921058 0.4787 0.927335 0.477641 0.927335 0.4787 0.927335 0.477641 0.933613 0.477641 0.927335 0.4787 0.927335 0.4787 0.933613 0.477641 0.933613 0.4787 0.933613 0.477641 0.93989 0.477641 0.933613 0.475522 0.93989 0.477641 0.933613 0.477641 0.93989 0.475522 0.93989 0.477641 0.93989 0.477641 0.946168 0.475522 0.93989 0.477641 0.946168 0.475522 0.946168 0.473403 0.93989 0.475522 0.93989 0.475522 0.946168 0.473403 0.93989 0.475522 0.946168 0.473403 0.946168 0.472344 0.93989 0.473403 0.93989 0.473403 0.946168 0.472344 0.93989 0.473403 0.946168 0.472344 0.946168 0.471284 0.946168 0.472344 0.93989 0.472344 0.946168 0.471284 0.946168 0.471284 0.93989 0.472344 0.93989 0.471284 0.93989 0.471284 0.946168 0.470225 0.946168 0.471284 0.93989 0.470225 0.946168 0.470225 0.93989 0.470225 0.93989 0.470225 0.946168 0.469166 0.946168 0.470225 0.93989 0.469166 0.946168 0.469166 0.93989 0.470225 0.933613 0.470225 0.93989 0.469166 0.93989 0.470225 0.933613 0.469166 0.93989 0.469166 0.933613 0.470225 0.927335 0.470225 0.933613 0.469166 0.933613 0.470225 0.927335 0.469166 0.933613 0.469166 0.927335 0.4787 0.933613 0.4787 0.93989 0.477641 0.93989 0.4787 0.946168 0.477641 0.93989 0.4787 0.93989 0.4787 0.946168 0.477641 0.946168 0.477641 0.93989 0.4787 0.952445 0.477641 0.946168 0.4787 0.946168 0.4787 0.952445 0.477641 0.952445 0.477641 0.946168 0.477641 0.952445 0.475522 0.946168 0.477641 0.946168 0.477641 0.952445 0.475522 0.952445 0.475522 0.946168 0.475522 0.952445 0.473403 0.946168 0.475522 0.946168 0.475522 0.952445 0.473403 0.952445 0.473403 0.946168 0.472344 0.946168 0.473403 0.946168 0.473403 0.952445 0.472344 0.946168 0.473403 0.952445 0.472344 0.952445 0.471284 0.952445 0.472344 0.946168 0.472344 0.952445 0.471284 0.952445 0.471284 0.946168 0.472344 0.946168 0.471284 0.946168 0.471284 0.952445 0.470225 0.952445 0.471284 0.946168 0.470225 0.952445 0.470225 0.946168 0.470225 0.946168 0.470225 0.952445 0.469166 0.952445 0.470225 0.946168 0.469166 0.952445 0.469166 0.946168 0.468106 0.952445 0.469166 0.946168 0.469166 0.952445 0.467047 0.952445 0.468106 0.946168 0.468106 0.952445 0.467047 0.958722 0.467047 0.952445 0.468106 0.952445 0.467047 0.958722 0.468106 0.952445 0.468106 0.958722 0.468106 0.958722 0.468106 0.952445 0.469166 0.952445 0.468106 0.958722 0.469166 0.952445 0.469166 0.958723 0.470225 0.958722 0.469166 0.958723 0.469166 0.952445 0.470225 0.958722 0.469166 0.952445 0.470225 0.952445 0.470225 0.952445 0.471284 0.958722 0.470225 0.958722 0.470225 0.952445 0.471284 0.952445 0.471284 0.958722 0.472344 0.958723 0.471284 0.958722 0.471284 0.952445 0.472344 0.958723 0.471284 0.952445 0.472344 0.952445 0.472344 0.952445 0.473403 0.958722 0.472344 0.958723 0.472344 0.952445 0.473403 0.952445 0.473403 0.958722 0.475522 0.958722 0.473403 0.958722 0.473403 0.952445 0.475522 0.958722 0.473403 0.952445 0.475522 0.952445 0.475522 0.952445 0.477641 0.958722 0.475522 0.958722 0.475522 0.952445 0.477641 0.952445 0.477641 0.958722 0.4787 0.958722 0.477641 0.958722 0.477641 0.952445 0.467047 0.952445 0.467047 0.958722 0.464928 0.958722 0.454334 0.952445 0.456453 0.946168 0.456453 0.952445 0.454334 0.958722 0.454334 0.952445 0.456453 0.952445 0.454334 0.958722 0.456453 0.952445 0.456453 0.958722 0.458572 0.952445 0.456453 0.958722 0.456453 0.952445 0.458572 0.952445 0.458572 0.958723 0.456453 0.958722 0.458572 0.952445 0.460691 0.958722 0.458572 0.958723 0.458572 0.952445 0.460691 0.952445 0.460691 0.958722 0.462809 0.958722 0.460691 0.958722 0.460691 0.952445 0.462809 0.958722 0.460691 0.952445 0.462809 0.952445 0.462809 0.952445 0.464928 0.958722 0.462809 0.958722 0.462809 0.952445 0.464928 0.952445 0.464928 0.958722 0.467047 0.952445 0.464928 0.958722 0.464928 0.952445 0.464928 0.952445 0.467047 0.946168 0.467047 0.952445 0.464928 0.952445 0.464928 0.946168 0.467047 0.946168 0.467047 0.93989 0.467047 0.946168 0.464928 0.946168 0.464928 0.952445 0.462809 0.946168 0.464928 0.946168 0.464928 0.952445 0.462809 0.952445 0.462809 0.946168 0.462809 0.952445 0.460691 0.946168 0.462809 0.946168 0.462809 0.952445 0.460691 0.952445 0.460691 0.946168 0.460691 0.952445 0.458572 0.946168 0.460691 0.946168 0.460691 0.952445 0.458572 0.952445 0.458572 0.946168 0.458572 0.952445 0.456453 0.946168 0.458572 0.946168 0.458572 0.952445 0.456453 0.952445 0.456453 0.946168 0.460691 0.93989 0.462809 0.946168 0.460691 0.946168 0.458572 0.93989 0.460691 0.93989 0.460691 0.946168 0.458572 0.93989 0.460691 0.946168 0.458572 0.946168 0.456453 0.93989 0.458572 0.93989 0.458572 0.946168 0.456453 0.93989 0.458572 0.946168 0.456453 0.946168 0.454334 0.946168 0.456453 0.93989 0.456453 0.946168 0.454334 0.952445 0.454334 0.946168 0.456453 0.946168 0.454334 0.952445 0.452215 0.946168 0.454334 0.946168 0.454334 0.952445 0.452215 0.952445 0.452215 0.946168 0.454334 0.958722 0.452215 0.952445 0.454334 0.952445 0.454334 0.958722 0.452215 0.958722 0.452215 0.952445 0.458572 0.93989 0.460691 0.933613 0.460691 0.93989 0.452215 0.93989 0.454334 0.946168 0.452215 0.946168 0.452215 0.93989 0.454334 0.93989 0.454334 0.946168 0.454334 0.946168 0.454334 0.93989 0.456453 0.93989 0.454334 0.93989 0.456453 0.933613 0.456453 0.93989 0.456453 0.933613 0.458572 0.93989 0.456453 0.93989 0.456453 0.933613 0.458572 0.933613 0.458572 0.93989 0.458572 0.93989 0.458572 0.933613 0.460691 0.933613 0.458572 0.933613 0.460691 0.927335 0.460691 0.933613 0.462809 0.927335 0.460691 0.933613 0.460691 0.927335 0.460691 0.927335 0.462809 0.921058 0.462809 0.927335 0.462809 0.927335 0.462809 0.921058 0.464928 0.921058 0.462809 0.921058 0.464928 0.91478 0.464928 0.921058 0.462809 0.921058 0.462809 0.91478 0.464928 0.91478 0.462809 0.91478 0.464928 0.908503 0.464928 0.91478 0.462809 0.91478 0.462809 0.908503 0.464928 0.908503 0.460691 0.91478 0.462809 0.908503 0.462809 0.91478 0.460691 0.91478 0.460691 0.908503 0.462809 0.908503 0.458572 0.908503 0.460691 0.908503 0.460691 0.91478 0.464928 0.91478 0.464928 0.908503 0.467047 0.908503 0.456453 0.927335 0.458572 0.933613 0.456453 0.933613 0.456453 0.927335 0.458572 0.927335 0.458572 0.933613 0.458572 0.933613 0.458572 0.927335 0.460691 0.927335 0.456453 0.927335 0.458572 0.921058 0.458572 0.927335 0.458572 0.927335 0.458572 0.921058 0.460691 0.921058 0.458572 0.927335 0.460691 0.921058 0.460691 0.927335 0.460691 0.927335 0.460691 0.921058 0.462809 0.921058 0.462809 0.91478 0.462809 0.921058 0.460691 0.921058 0.462809 0.91478 0.460691 0.921058 0.460691 0.91478 0.458572 0.921058 0.460691 0.91478 0.460691 0.921058 0.458572 0.921058 0.458572 0.91478 0.460691 0.91478 0.458572 0.91478 0.458572 0.921058 0.456453 0.921058 0.458572 0.908503 0.460691 0.91478 0.458572 0.91478 0.456453 0.91478 0.458572 0.908503 0.458572 0.91478 0.458572 0.91478 0.456453 0.921058 0.456453 0.91478 0.454334 0.91478 0.456453 0.91478 0.456453 0.921058 0.454334 0.91478 0.456453 0.921058 0.454334 0.921058 0.454334 0.91478 0.454334 0.921058 0.452215 0.921058 0.452215 0.927335 0.452215 0.921058 0.454334 0.921058 0.452215 0.927335 0.454334 0.921058 0.454334 0.927335 0.454334 0.927335 0.452215 0.933613 0.452215 0.927335 0.454334 0.927335 0.454334 0.933613 0.452215 0.933613 0.452215 0.93989 0.452215 0.933613 0.454334 0.933613 0.452215 0.93989 0.454334 0.933613 0.454334 0.93989 0.454334 0.93989 0.454334 0.933613 0.456453 0.933613 0.456453 0.933613 0.454334 0.933613 0.454334 0.927335 0.456453 0.933613 0.454334 0.927335 0.454334 0.921058 0.456453 0.933613 0.454334 0.921058 0.456453 0.921058 0.456453 0.933613 0.456453 0.921058 0.456453 0.927335 0.456453 0.927335 0.456453 0.921058 0.458572 0.921058 0.456453 0.91478 0.456453 0.908503 0.458572 0.908503 0.454334 0.908503 0.456453 0.908503 0.456453 0.91478 0.454334 0.908503 0.456453 0.91478 0.454334 0.91478 0.452215 0.908503 0.454334 0.908503 0.454334 0.91478 0.452215 0.908503 0.454334 0.91478 0.452215 0.91478 0.454334 0.91478 0.452215 0.921058 0.452215 0.91478 0.406662 0.921058 0.404543 0.91478 0.406662 0.91478 0.406662 0.921058 0.404543 0.921058 0.404543 0.91478 0.402424 0.921058 0.404543 0.91478 0.404543 0.921058 0.404543 0.921058 0.402424 0.927335 0.402424 0.921058 0.402424 0.93989 0.404543 0.946168 0.402424 0.946168 0.402424 0.93989 0.404543 0.93989 0.404543 0.946168 0.402424 0.933613 0.404543 0.93989 0.402424 0.93989 0.402424 0.933613 0.404543 0.933613 0.404543 0.93989 0.402424 0.927335 0.404543 0.933613 0.402424 0.933613 0.402424 0.927335 0.404543 0.927335 0.404543 0.933613 0.404543 0.921058 0.404543 0.927335 0.402424 0.927335 0.406662 0.927335 0.404543 0.927335 0.404543 0.921058 0.406662 0.927335 0.404543 0.921058 0.406662 0.921058 0.406662 0.921058 0.408781 0.927335 0.406662 0.927335 0.406662 0.921058 0.408781 0.921058 0.408781 0.927335 0.406662 0.91478 0.408781 0.921058 0.406662 0.921058 0.406662 0.91478 0.408781 0.91478 0.408781 0.921058 0.406662 0.927335 0.408781 0.927335 0.408781 0.933613 0.406662 0.927335 0.408781 0.933613 0.406662 0.933613 0.406662 0.933613 0.404543 0.927335 0.406662 0.927335 0.406662 0.933613 0.404543 0.933613 0.404543 0.927335 0.406662 0.933613 0.404543 0.93989 0.404543 0.933613 0.406662 0.933613 0.406662 0.93989 0.404543 0.93989 0.404543 0.946168 0.404543 0.93989 0.406662 0.93989 0.408781 0.933613 0.406662 0.93989 0.406662 0.933613 0.402424 0.946168 0.401365 0.952445 0.401365 0.946168 0.402424 0.946168 0.401365 0.946168 0.401365 0.93989 0.402424 0.946168 0.401365 0.93989 0.402424 0.93989 0.402424 0.93989 0.401365 0.93989 0.401365 0.933613 0.402424 0.93989 0.401365 0.933613 0.402424 0.933613 0.402424 0.933613 0.401365 0.933613 0.401365 0.927335 0.402424 0.933613 0.401365 0.927335 0.402424 0.927335 0.402424 0.927335 0.401365 0.927335 0.401365 0.921058 0.402424 0.927335 0.401365 0.921058 0.402424 0.921058 0.402424 0.91478 0.402424 0.921058 0.401365 0.921058 0.402424 0.921058 0.402424 0.91478 0.404543 0.91478 0.404543 0.908503 0.404543 0.91478 0.402424 0.91478 0.406662 0.91478 0.404543 0.91478 0.404543 0.908503 0.406662 0.91478 0.404543 0.908503 0.406662 0.908503 0.406662 0.908503 0.408781 0.91478 0.406662 0.91478 0.406662 0.908503 0.408781 0.908503 0.408781 0.91478 0.410899 0.908503 0.408781 0.91478 0.408781 0.908503 0.410899 0.908503 0.4109 0.91478 0.408781 0.91478 0.404543 0.908503 0.402424 0.91478 0.402424 0.908503 0.402424 0.908503 0.402424 0.91478 0.401365 0.91478 0.402424 0.91478 0.401365 0.921058 0.401365 0.91478 0.402424 0.908503 0.401365 0.91478 0.401365 0.908503 0.413018 0.908503 0.4109 0.91478 0.410899 0.908503 0.413018 0.908503 0.413018 0.91478 0.4109 0.91478 0.4109 0.921058 0.4109 0.91478 0.413018 0.91478 0.4109 0.921058 0.413018 0.91478 0.413018 0.921058 0.4109 0.921058 0.413018 0.921058 0.413018 0.927335 0.4109 0.921058 0.413018 0.927335 0.4109 0.927335 0.4109 0.927335 0.413018 0.927335 0.413018 0.933613 0.4109 0.927335 0.413018 0.933613 0.4109 0.933613 0.4109 0.933613 0.413018 0.933613 0.413018 0.93989 0.4109 0.933613 0.413018 0.93989 0.4109 0.93989 0.4109 0.93989 0.413018 0.93989 0.413018 0.946168 0.4109 0.93989 0.413018 0.946168 0.4109 0.946168 0.413018 0.946168 0.4109 0.952445 0.4109 0.946168 0.4109 0.946168 0.4109 0.952445 0.408781 0.952445 0.408781 0.958723 0.408781 0.952445 0.4109 0.952445 0.406662 0.958722 0.408781 0.952445 0.408781 0.958723 0.406662 0.958722 0.406662 0.952445 0.408781 0.952445 0.404543 0.958722 0.406662 0.952445 0.406662 0.958722 0.408781 0.958723 0.4109 0.952445 0.4109 0.958722 0.408781 0.946168 0.408781 0.952445 0.406662 0.952445 0.4109 0.946168 0.408781 0.952445 0.408781 0.946168 0.408781 0.946168 0.4109 0.93989 0.4109 0.946168 0.408781 0.946168 0.408781 0.93989 0.4109 0.93989 0.406662 0.946168 0.408781 0.93989 0.408781 0.946168 0.408781 0.946168 0.406662 0.952445 0.406662 0.946168 0.406662 0.946168 0.406662 0.952445 0.404543 0.952445 0.4109 0.958722 0.413018 0.952445 0.413018 0.958722 0.4109 0.958722 0.4109 0.952445 0.413018 0.952445 0.413018 0.946168 0.413018 0.952445 0.4109 0.952445 0.404543 0.958722 0.404543 0.952445 0.406662 0.952445 0.402424 0.958722 0.404543 0.952445 0.404543 0.958722 0.402424 0.958722 0.402424 0.952445 0.404543 0.952445 0.402424 0.952445 0.402424 0.958722 0.401365 0.958722 0.402424 0.952445 0.401365 0.958722 0.401365 0.952445 0.402424 0.946168 0.402424 0.952445 0.401365 0.952445 0.402424 0.946168 0.404543 0.952445 0.402424 0.952445 0.402424 0.946168 0.404543 0.946168 0.404543 0.952445 0.406662 0.946168 0.404543 0.952445 0.404543 0.946168 0.404543 0.946168 0.406662 0.93989 0.406662 0.946168 0.406662 0.946168 0.406662 0.93989 0.408781 0.93989 0.408781 0.933613 0.408781 0.93989 0.406662 0.93989 0.4109 0.93989 0.408781 0.93989 0.408781 0.933613 0.4109 0.93989 0.408781 0.933613 0.4109 0.933613 0.4109 0.933613 0.408781 0.933613 0.408781 0.927335 0.4109 0.933613 0.408781 0.927335 0.4109 0.927335 0.4109 0.927335 0.408781 0.927335 0.408781 0.921058 0.4109 0.927335 0.408781 0.921058 0.4109 0.921058 0.4109 0.921058 0.408781 0.921058 0.408781 0.91478 0.4109 0.921058 0.408781 0.91478 0.4109 0.91478 0.407101 0.470031 0.422281 0.481787 0.411298 0.480291 0.407101 0.470031 0.429068 0.473023 0.422281 0.481787 0.407101 0.470031 0.424872 0.462763 0.429068 0.473023 0.407101 0.470031 0.413888 0.461267 0.424872 0.462763 0.694965 0.04653495 0.712483 0.04771494 0.708354 0.06216698 0.694965 0.04653495 0.699093 0.03208297 0.712483 0.04771494 0.708354 0.06216698 0.694971 0.1090829 0.681575 0.06217795 0.681575 0.06217795 0.694965 0.04653495 0.708354 0.06216698 0.681575 0.06217795 0.690835 0.03208398 0.694965 0.04653495 0.681575 0.06217795 0.677452 0.04772394 0.690835 0.03208398 0.694971 0.1090829 0.712484 0.107883 0.699095 0.123526 0.694971 0.1090829 0.708361 0.09343898 0.712484 0.107883 0.708354 0.06216698 0.708361 0.09343898 0.694971 0.1090829 0.708361 0.09343898 0.708354 0.06216698 0.716608 0.06217998 0.708361 0.09343898 0.716608 0.06217998 0.716608 0.09342998 0.681571 0.09345 0.673319 0.09343695 0.673323 0.06216496 0.681571 0.09345 0.673323 0.06216496 0.681575 0.06217795 0.681575 0.06217795 0.694971 0.1090829 0.681571 0.09345 0.681571 0.09345 0.694971 0.1090829 0.690841 0.123518 0.681571 0.09345 0.690841 0.123518 0.677446 0.107903 0.422196 0.481721 0.424787 0.462697 0.428983 0.472957 0.422196 0.481721 0.413803 0.461201 0.424787 0.462697 0.422196 0.481721 0.407016 0.469965 0.413803 0.461201 0.422196 0.481721 0.411213 0.480225 0.407016 0.469965 0.968969 0.06216698 0.959708 0.03208297 0.973098 0.04771494 0.968969 0.06216698 0.95558 0.04653495 0.959708 0.03208297 0.955586 0.1090829 0.968976 0.09343898 0.973099 0.107883 0.968969 0.06216698 0.968976 0.09343898 0.955586 0.1090829 0.942191 0.06217795 0.968969 0.06216698 0.955586 0.1090829 0.942191 0.06217795 0.95558 0.04653495 0.968969 0.06216698 0.95558 0.04653495 0.942191 0.06217795 0.938068 0.04772394 0.95558 0.04653495 0.938068 0.04772394 0.95145 0.03208398 0.955586 0.1090829 0.973099 0.107883 0.95971 0.123526 0.968976 0.09343898 0.968969 0.06216698 0.977224 0.06217998 0.968976 0.09343898 0.977224 0.06217998 0.977224 0.09342998 0.942186 0.09345 0.951456 0.123518 0.938062 0.107903 0.942186 0.09345 0.955586 0.1090829 0.951456 0.123518 0.942191 0.06217795 0.955586 0.1090829 0.942186 0.09345 0.942186 0.09345 0.933939 0.06216496 0.942191 0.06217795 0.942186 0.09345 0.933934 0.09343695 0.933939 0.06216496 0.763079 0.1999199 0.87611 0.02662795 0.876214 0.200762 0.763079 0.1999199 0.762833 0.078637 0.87611 0.02662795 0.549347 0.330689 0.552138 0.253467 0.669917 0.255608 0.549347 0.330689 0.669917 0.255608 0.667773 0.333439 0.548213 0.381284 0.549347 0.330689 0.667773 0.333439 0.548213 0.381284 0.667773 0.333439 0.666644 0.382146 0.666644 0.382146 0.544359 0.484857 0.548213 0.381284 0.666644 0.382146 0.663219 0.484857 0.544359 0.484857 0.71155 0.549517 0.738311 0.598524 0.71155 0.598523 0.71155 0.549517 0.738311 0.549518 0.738311 0.598524 0.703608 0.548544 0.71155 0.598523 0.703608 0.597549 0.703608 0.548544 0.71155 0.549517 0.71155 0.598523 0.940827 0.542855 0.909726 0.58934 0.90973 0.538693 0.940827 0.542855 0.94082 0.593499 0.909726 0.58934 0.948306 0.541335 0.94082 0.593499 0.940827 0.542855 0.948306 0.541335 0.948306 0.591982 0.94082 0.593499 0.946248 0.655549 0.94082 0.593499 0.948306 0.591982 0.948306 0.591982 0.956339 0.657492 0.946248 0.655549 0.956339 0.657492 0.949593 0.666175 0.946248 0.655549 0.429068 0.473023 0.413888 0.461267 0.424872 0.462763 0.429068 0.473023 0.407101 0.470031 0.413888 0.461267 0.429068 0.473023 0.411298 0.480291 0.407101 0.470031 0.429068 0.473023 0.422281 0.481787 0.411298 0.480291 0.632273 0.681071 0.557499 0.703032 0.548769 0.679567 0.632273 0.681071 0.631422 0.703032 0.557499 0.703032 0.982019 0.588279 0.948306 0.541335 0.982019 0.537633 0.982019 0.588279 0.948306 0.591982 0.948306 0.541335 0.625387 0.639512 0.550696 0.619453 0.625981 0.619662 0.625387 0.639512 0.545031 0.639326 0.550696 0.619453 0.439008 0.641323 0.529633 0.616978 0.539111 0.644329 0.439008 0.641323 0.443864 0.616058 0.529633 0.616978 0.375765 0.638785 0.426732 0.623084 0.435283 0.639859 0.375765 0.638785 0.376254 0.623084 0.426732 0.623084 0.671741 0.597548 0.703608 0.548544 0.703608 0.597549 0.671741 0.597548 0.671741 0.548543 0.703608 0.548544 0.366569 0.679874 0.423885 0.69693 0.366084 0.695134 0.366569 0.679874 0.429015 0.681796 0.423885 0.69693 0.437869 0.679232 0.533749 0.707673 0.451026 0.707673 0.437869 0.679232 0.539423 0.682262 0.533749 0.707673 0.366569 0.679874 0.435283 0.639859 0.429015 0.681796 0.366569 0.679874 0.375765 0.638785 0.435283 0.639859 0.439008 0.641323 0.539423 0.682262 0.437869 0.679232 0.439008 0.641323 0.539111 0.644329 0.539423 0.682262 0.545031 0.639326 0.632273 0.681071 0.548769 0.679567 0.545031 0.639326 0.625387 0.639512 0.632273 0.681071 0.975242 0.334483 0.989743 0.432468 0.967583 0.338188 0.879115 0.408558 0.967583 0.338188 0.989743 0.432468 0.879115 0.408558 0.879115 0.306883 0.967583 0.338188 0.876214 0.200762 0.960502 0.295597 0.876094 0.266238 0.876214 0.200762 0.957811 0.218518 0.960502 0.295597 0.968179 0.291943 0.960502 0.295597 0.957811 0.218518 0.413888 0.461267 0.411298 0.480291 0.407101 0.470031 0.413888 0.461267 0.422281 0.481787 0.411298 0.480291 0.413888 0.461267 0.429068 0.473023 0.422281 0.481787 0.413888 0.461267 0.424872 0.462763 0.429068 0.473023 0.699799 0.291829 0.707757 0.216655 0.707463 0.295596 0.763079 0.1999199 0.707463 0.295596 0.707757 0.216655 0.763079 0.1999199 0.76296 0.265395 0.707463 0.295596 0.876094 0.266238 0.763079 0.1999199 0.876214 0.200762 0.876094 0.266238 0.76296 0.265395 0.763079 0.1999199 0.766153 0.306883 0.879115 0.408558 0.766153 0.408558 0.766153 0.306883 0.879115 0.306883 0.879115 0.408558 0.299689 0.411984 0.300457 0.411848 0.299839 0.375305 0.299345 0.412045 0.299689 0.411984 0.299839 0.375305 0.299143 0.43723 0.299689 0.411984 0.299345 0.412045 0.299143 0.43723 0.299345 0.412045 0.298515 0.437341 0.29802 0.457338 0.299143 0.43723 0.298515 0.437341 0.29802 0.457338 0.298515 0.437341 0.299288 0.437204 0.29802 0.457338 0.299288 0.437204 0.299196 0.45713 0.301329 0.456752 0.299196 0.45713 0.299288 0.437204 0.29906 0.500434 0.299196 0.45713 0.301329 0.456752 0.29906 0.500434 0.301329 0.456752 0.302146 0.499888 0.30353 0.499644 0.302146 0.499888 0.301329 0.456752 0.30353 0.499644 0.301329 0.456752 0.302286 0.456583 0.301828 0.499945 0.30353 0.499644 0.302286 0.456583 0.301828 0.499945 0.302286 0.456583 0.30111 0.456791 0.298743 0.50049 0.301828 0.499945 0.30111 0.456791 0.298743 0.50049 0.30111 0.456791 0.298977 0.457169 0.298743 0.50049 0.298977 0.457169 0.29802 0.457338 0.29802 0.457338 0.298977 0.457169 0.299143 0.43723 0.297359 0.500735 0.299196 0.45713 0.29906 0.500434 0.297359 0.500735 0.29802 0.457338 0.299196 0.45713 0.298743 0.50049 0.29802 0.457338 0.297359 0.500735 0.30111 0.456791 0.299143 0.43723 0.298977 0.457169 0.30111 0.456791 0.300544 0.436982 0.299143 0.43723 0.302286 0.456583 0.300544 0.436982 0.30111 0.456791 0.302286 0.456583 0.301316 0.436845 0.300544 0.436982 0.302286 0.456583 0.300688 0.436956 0.301316 0.436845 0.300688 0.436956 0.30088 0.411774 0.301316 0.436845 0.300688 0.436956 0.300536 0.411834 0.30088 0.411774 0.30088 0.411774 0.300536 0.411834 0.299839 0.375305 0.300536 0.411834 0.299768 0.41197 0.299839 0.375305 0.299768 0.41197 0.299345 0.412045 0.299839 0.375305 0.298515 0.437341 0.299345 0.412045 0.299768 0.41197 0.298515 0.437341 0.299768 0.41197 0.299288 0.437204 0.299288 0.437204 0.299768 0.41197 0.300536 0.411834 0.299288 0.437204 0.300536 0.411834 0.300688 0.436956 0.301329 0.456752 0.299288 0.437204 0.300688 0.436956 0.302286 0.456583 0.301329 0.456752 0.300688 0.436956 0.300544 0.436982 0.299689 0.411984 0.299143 0.43723 0.300544 0.436982 0.300457 0.411848 0.299689 0.411984 0.301316 0.436845 0.300457 0.411848 0.300544 0.436982 0.301316 0.436845 0.30088 0.411774 0.300457 0.411848 0.300457 0.411848 0.30088 0.411774 0.299839 0.375305 0.436727 0.525585 0.431542 0.475514 0.444747 0.517439 0.436727 0.525585 0.417799 0.493621 0.431542 0.475514 0.436727 0.525585 0.431542 0.475514 0.417799 0.493621 0.436727 0.525585 0.444747 0.517439 0.431542 0.475514 0.444747 0.517439 0.417799 0.493621 0.431542 0.475514 0.444747 0.517439 0.436727 0.525585 0.417799 0.493621 0.444747 0.517439 0.417799 0.493621 0.436727 0.525585 0.444747 0.517439 0.431542 0.475514 0.417799 0.493621 0.444747 0.517439 0.417799 0.493621 0.431542 0.475514 0.444747 0.517439 0.436727 0.525585 0.417799 0.493621 0.444747 0.517439 0.417799 0.493621 0.436727 0.525585 0.444747 0.517439 0.431542 0.475514 0.417799 0.493621 0.569388 0.696872 0.561928 0.649327 0.556493 0.663403 0.561928 0.649327 0.557417 0.649347 0.556493 0.663403 0.543129 0.677062 0.546759 0.683887 0.54428 0.669583 0.546759 0.683887 0.549589 0.664229 0.54428 0.669583 0.546759 0.683887 0.553527 0.687506 0.549589 0.664229 0.556493 0.663403 0.549589 0.664229 0.553527 0.687506 0.556493 0.663403 0.553527 0.687506 0.558875 0.686563 0.569388 0.696872 0.556493 0.663403 0.558875 0.686563 0.563968 0.698321 0.569388 0.696872 0.558875 0.686563 0.302698 0.730519 0.302272 0.499866 0.303095 0.499721 0.302698 0.730519 0.301875 0.730591 0.302272 0.499866 0.301875 0.730591 0.301449 0.500012 0.302272 0.499866 0.301875 0.730591 0.301052 0.730663 0.301449 0.500012 0.300229 0.730735 0.301449 0.500012 0.301052 0.730663 0.300229 0.730735 0.300626 0.500157 0.301449 0.500012 0.299407 0.730807 0.300626 0.500157 0.300229 0.730735 0.299407 0.730807 0.299804 0.500303 0.300626 0.500157 0.299407 0.730807 0.298981 0.500448 0.299804 0.500303 0.299407 0.730807 0.298584 0.730879 0.298981 0.500448 0.297761 0.730952 0.298981 0.500448 0.298584 0.730879 0.297761 0.730952 0.298158 0.500594 0.298981 0.500448 0.438526 0.635965 0.539265 0.627898 0.446306 0.627898 0.438526 0.635965 0.539265 0.635965 0.539265 0.627898 0.539265 0.647291 0.539265 0.635965 0.438526 0.635965 0.539265 0.647291 0.438526 0.635965 0.438526 0.647291 0.438526 0.647291 0.539265 0.658524 0.539265 0.647291 0.438526 0.647291 0.438526 0.658524 0.539265 0.658524 0.539265 0.66975 0.539265 0.658524 0.438526 0.658524 0.539265 0.66975 0.438526 0.658524 0.438526 0.66975 0.438526 0.66975 0.539265 0.680975 0.539265 0.66975 0.438526 0.66975 0.438526 0.680975 0.539265 0.680975 0.539265 0.691463 0.539265 0.680975 0.438526 0.680975 0.539265 0.691463 0.438526 0.680975 0.446306 0.691463 0.435369 0.482963 0.417799 0.493621 0.431542 0.475514 0.435369 0.482963 0.420778 0.502342 0.417799 0.493621 0.420778 0.502342 0.431542 0.475514 0.417799 0.493621 0.420778 0.502342 0.435369 0.482963 0.431542 0.475514 0.435369 0.482963 0.417799 0.493621 0.431542 0.475514 0.435369 0.482963 0.420778 0.502342 0.417799 0.493621 0.435369 0.482963 0.417799 0.493621 0.420778 0.502342 0.435369 0.482963 0.431542 0.475514 0.417799 0.493621 0.435369 0.482963 0.417799 0.493621 0.431542 0.475514 0.435369 0.482963 0.420778 0.502342 0.417799 0.493621 0.435369 0.482963 0.417799 0.493621 0.420778 0.502342 0.435369 0.482963 0.431542 0.475514 0.417799 0.493621 0.500947 0.921058 0.499888 0.927335 0.499888 0.921058 0.499888 0.946168 0.498828 0.946168 0.498828 0.93989 0.499888 0.946168 0.498828 0.93989 0.499888 0.93989 0.499888 0.93989 0.498828 0.93989 0.498828 0.933613 0.499888 0.93989 0.498828 0.933613 0.499888 0.933613 0.499888 0.933613 0.498828 0.933613 0.498828 0.927335 0.499888 0.933613 0.498828 0.927335 0.499888 0.927335 0.499888 0.927335 0.498828 0.927335 0.498828 0.921058 0.499888 0.927335 0.498828 0.921058 0.499888 0.921058 0.499888 0.91478 0.499888 0.921058 0.498828 0.921058 0.500947 0.91478 0.499888 0.921058 0.499888 0.91478 0.500947 0.91478 0.500947 0.921058 0.499888 0.921058 0.500947 0.921058 0.500947 0.91478 0.502007 0.91478 0.500947 0.921058 0.502007 0.91478 0.502007 0.921058 0.502007 0.91478 0.503066 0.921058 0.502007 0.921058 0.502007 0.927335 0.502007 0.921058 0.503066 0.921058 0.502007 0.927335 0.503066 0.921058 0.503066 0.927335 0.502007 0.933613 0.502007 0.927335 0.503066 0.927335 0.502007 0.933613 0.503066 0.927335 0.503066 0.933613 0.499888 0.933613 0.500947 0.93989 0.499888 0.93989 0.499888 0.933613 0.500947 0.933613 0.500947 0.93989 0.499888 0.927335 0.500947 0.933613 0.499888 0.933613 0.499888 0.927335 0.500947 0.927335 0.500947 0.933613 0.500947 0.921058 0.500947 0.927335 0.499888 0.927335 0.500947 0.927335 0.500947 0.921058 0.502007 0.921058 0.500947 0.927335 0.502007 0.921058 0.502007 0.927335 0.500947 0.933613 0.500947 0.927335 0.502007 0.927335 0.500947 0.933613 0.502007 0.927335 0.502007 0.933613 0.502007 0.93989 0.500947 0.933613 0.502007 0.933613 0.502007 0.93989 0.500947 0.93989 0.500947 0.933613 0.502007 0.946168 0.500947 0.93989 0.502007 0.93989 0.502007 0.946168 0.500947 0.946168 0.500947 0.93989 0.499888 0.93989 0.500947 0.93989 0.500947 0.946168 0.499888 0.93989 0.500947 0.946168 0.499888 0.946168 0.504125 0.933613 0.504125 0.93989 0.503066 0.93989 0.504125 0.933613 0.503066 0.93989 0.503066 0.933613 0.504125 0.927335 0.504125 0.933613 0.503066 0.933613 0.504125 0.927335 0.503066 0.933613 0.503066 0.927335 0.504125 0.921058 0.504125 0.927335 0.503066 0.927335 0.504125 0.921058 0.503066 0.927335 0.503066 0.921058 0.504125 0.921058 0.503066 0.921058 0.503066 0.91478 0.502007 0.91478 0.503066 0.91478 0.503066 0.921058 0.502007 0.908503 0.503066 0.91478 0.502007 0.91478 0.500947 0.91478 0.502007 0.908503 0.502007 0.91478 0.500947 0.91478 0.500947 0.908503 0.502007 0.908503 0.500947 0.908503 0.500947 0.91478 0.499888 0.91478 0.500947 0.908503 0.499888 0.91478 0.499888 0.908503 0.499888 0.908503 0.499888 0.91478 0.498828 0.91478 0.499888 0.91478 0.498828 0.921058 0.498828 0.91478 0.497769 0.921058 0.498828 0.91478 0.498828 0.921058 0.497769 0.921058 0.498828 0.921058 0.498828 0.927335 0.497769 0.921058 0.498828 0.927335 0.497769 0.927335 0.504125 0.921058 0.503066 0.91478 0.504125 0.91478 0.504125 0.91478 0.503066 0.91478 0.503066 0.908503 0.502007 0.908503 0.503066 0.908503 0.503066 0.91478 0.504125 0.91478 0.503066 0.908503 0.504125 0.908503 0.505185 0.933613 0.504125 0.93989 0.504125 0.933613 0.505185 0.927335 0.505185 0.933613 0.504125 0.933613 0.505185 0.927335 0.504125 0.933613 0.504125 0.927335 0.504125 0.921058 0.505185 0.927335 0.504125 0.927335 0.504125 0.921058 0.505185 0.921058 0.505185 0.927335 0.504125 0.91478 0.505185 0.921058 0.504125 0.921058 0.504125 0.91478 0.505185 0.91478 0.505185 0.921058 0.504125 0.908503 0.505185 0.91478 0.504125 0.91478 0.504125 0.908503 0.505185 0.908503 0.505185 0.91478 0.506244 0.91478 0.505185 0.91478 0.505185 0.908503 0.506244 0.91478 0.505185 0.908503 0.506244 0.908503 0.506244 0.908503 0.507303 0.91478 0.506244 0.91478 0.506244 0.908503 0.507303 0.908503 0.507303 0.91478 0.508363 0.91478 0.507303 0.91478 0.507303 0.908503 0.508363 0.91478 0.507303 0.908503 0.508363 0.908503 0.51366 0.908503 0.508363 0.91478 0.508363 0.908503 0.505185 0.933613 0.505185 0.927335 0.506244 0.927335 0.505185 0.927335 0.506244 0.921058 0.506244 0.927335 0.505185 0.927335 0.505185 0.921058 0.506244 0.921058 0.506244 0.921058 0.505185 0.921058 0.505185 0.91478 0.506244 0.921058 0.505185 0.91478 0.506244 0.91478 0.506244 0.91478 0.507303 0.921058 0.506244 0.921058 0.506244 0.91478 0.507303 0.91478 0.507303 0.921058 0.508363 0.91478 0.507303 0.921058 0.507303 0.91478 0.506244 0.927335 0.506244 0.921058 0.507303 0.921058 0.502007 0.93989 0.502007 0.933613 0.503066 0.933613 0.502007 0.93989 0.503066 0.933613 0.503066 0.93989 0.502007 0.946168 0.502007 0.93989 0.503066 0.93989 0.502007 0.946168 0.503066 0.93989 0.503066 0.946168 0.504125 0.93989 0.503066 0.946168 0.503066 0.93989 0.504125 0.93989 0.504125 0.946168 0.503066 0.946168 0.505185 0.93989 0.504125 0.946168 0.504125 0.93989 0.505185 0.933613 0.505185 0.93989 0.504125 0.93989 0.505185 0.93989 0.505185 0.933613 0.506244 0.933613 0.505185 0.933613 0.506244 0.927335 0.506244 0.933613 0.506244 0.933613 0.506244 0.927335 0.507303 0.927335 0.506244 0.927335 0.507303 0.921058 0.507303 0.927335 0.508363 0.921058 0.507303 0.927335 0.507303 0.921058 0.508363 0.91478 0.508363 0.921058 0.507303 0.921058 0.508363 0.921058 0.508363 0.91478 0.51366 0.91478 0.51366 0.908503 0.51366 0.91478 0.508363 0.91478 0.51366 0.91478 0.51366 0.908503 0.514719 0.908503 0.51366 0.91478 0.514719 0.908503 0.514719 0.91478 0.514719 0.921058 0.51366 0.91478 0.514719 0.91478 0.514719 0.921058 0.51366 0.921058 0.51366 0.91478 0.508363 0.921058 0.51366 0.91478 0.51366 0.921058 0.505185 0.93989 0.505185 0.946168 0.504125 0.946168 0.505185 0.946168 0.505185 0.93989 0.506244 0.93989 0.505185 0.93989 0.506244 0.933613 0.506244 0.93989 0.506244 0.93989 0.506244 0.933613 0.507303 0.933613 0.506244 0.933613 0.507303 0.927335 0.507303 0.933613 0.508363 0.927335 0.507303 0.933613 0.507303 0.927335 0.508363 0.921058 0.508363 0.927335 0.507303 0.927335 0.508363 0.921058 0.51366 0.927335 0.508363 0.927335 0.508363 0.921058 0.51366 0.921058 0.51366 0.927335 0.514719 0.927335 0.51366 0.927335 0.51366 0.921058 0.514719 0.927335 0.51366 0.921058 0.514719 0.921058 0.514719 0.927335 0.514719 0.921058 0.515779 0.921058 0.514719 0.91478 0.515779 0.921058 0.514719 0.921058 0.514719 0.91478 0.515779 0.91478 0.515779 0.921058 0.514719 0.908503 0.515779 0.91478 0.514719 0.91478 0.514719 0.908503 0.515779 0.908503 0.515779 0.91478 0.515779 0.908503 0.518957 0.91478 0.515779 0.91478 0.515779 0.908503 0.518957 0.908503 0.518957 0.91478 0.05002498 0.457338 0.05098199 0.457169 0.05114799 0.43723 0.05311495 0.456791 0.05114799 0.43723 0.05098199 0.457169 0.05311495 0.456791 0.052549 0.436982 0.05114799 0.43723 0.055534 0.499644 0.05429095 0.456583 0.05311495 0.456791 0.05429095 0.456583 0.052549 0.436982 0.05311495 0.456791 0.05429095 0.456583 0.053321 0.436845 0.052549 0.436982 0.052549 0.436982 0.053321 0.436845 0.05288499 0.411774 0.052549 0.436982 0.05288499 0.411774 0.05246198 0.411848 0.052549 0.436982 0.05246198 0.411848 0.05169397 0.411984 0.052549 0.436982 0.05169397 0.411984 0.05114799 0.43723 0.05052 0.437341 0.05114799 0.43723 0.05169397 0.411984 0.05002498 0.457338 0.05114799 0.43723 0.05052 0.437341 0.05002498 0.457338 0.05052 0.437341 0.051292 0.437204 0.05002498 0.457338 0.051292 0.437204 0.05120098 0.45713 0.05333399 0.456752 0.05120098 0.45713 0.051292 0.437204 0.05333399 0.456752 0.051292 0.437204 0.05269294 0.436956 0.051292 0.437204 0.05254095 0.411834 0.05269294 0.436956 0.051292 0.437204 0.05177295 0.41197 0.05254095 0.411834 0.05254095 0.411834 0.05177295 0.41197 0.05184298 0.375305 0.05177295 0.41197 0.05134999 0.412045 0.05184298 0.375305 0.05134999 0.412045 0.05169397 0.411984 0.05184298 0.375305 0.05052 0.437341 0.05169397 0.411984 0.05134999 0.412045 0.05052 0.437341 0.05134999 0.412045 0.05177295 0.41197 0.05052 0.437341 0.05177295 0.41197 0.051292 0.437204 0.05169397 0.411984 0.05246198 0.411848 0.05184298 0.375305 0.05246198 0.411848 0.05288499 0.411774 0.05184298 0.375305 0.05288499 0.411774 0.05254095 0.411834 0.05184298 0.375305 0.053321 0.436845 0.05254095 0.411834 0.05288499 0.411774 0.053321 0.436845 0.05269294 0.436956 0.05254095 0.411834 0.05429095 0.456583 0.05269294 0.436956 0.053321 0.436845 0.05429095 0.456583 0.05333399 0.456752 0.05269294 0.436956 0.055534 0.499644 0.05333399 0.456752 0.05429095 0.456583 0.055534 0.499644 0.05414998 0.499888 0.05333399 0.456752 0.05414998 0.499888 0.05120098 0.45713 0.05333399 0.456752 0.05414998 0.499888 0.05106496 0.500434 0.05120098 0.45713 0.04936397 0.500735 0.05120098 0.45713 0.05106496 0.500434 0.04936397 0.500735 0.05002498 0.457338 0.05120098 0.45713 0.05074799 0.50049 0.05002498 0.457338 0.04936397 0.500735 0.05074799 0.50049 0.05098199 0.457169 0.05002498 0.457338 0.05383294 0.499945 0.05098199 0.457169 0.05074799 0.50049 0.05383294 0.499945 0.05311495 0.456791 0.05098199 0.457169 0.055534 0.499644 0.05311495 0.456791 0.05383294 0.499945 0.05470198 0.730519 0.054277 0.499866 0.05509895 0.499721 0.05470198 0.730519 0.05387997 0.730591 0.054277 0.499866 0.05387997 0.730591 0.05345398 0.500012 0.054277 0.499866 0.05387997 0.730591 0.05305695 0.730663 0.05345398 0.500012 0.05223399 0.730735 0.05345398 0.500012 0.05305695 0.730663 0.05223399 0.730735 0.05263096 0.500157 0.05345398 0.500012 0.05141097 0.730807 0.05263096 0.500157 0.05223399 0.730735 0.05141097 0.730807 0.05180799 0.500303 0.05263096 0.500157 0.05141097 0.730807 0.05098599 0.500448 0.05180799 0.500303 0.05141097 0.730807 0.05058896 0.730879 0.05098599 0.500448 0.049766 0.730952 0.05098599 0.500448 0.05058896 0.730879 0.049766 0.730952 0.05016297 0.500594 0.05098599 0.500448 0.709638 0.663489 0.701696 0.662513 0.709945 0.653079 0.701696 0.662513 0.703608 0.597549 0.709945 0.653079 0.709945 0.653079 0.703608 0.597549 0.71155 0.598523 0.71346 0.484549 0.713154 0.49496 0.705517 0.483576 0.705517 0.483576 0.713154 0.49496 0.703608 0.548544 0.713154 0.49496 0.71155 0.549517 0.703608 0.548544 0.435369 0.482963 0.417799 0.493621 0.431542 0.475514 0.435369 0.482963 0.420778 0.502342 0.417799 0.493621 0.420778 0.502342 0.431542 0.475514 0.417799 0.493621 0.420778 0.502342 0.435369 0.482963 0.431542 0.475514 0.435369 0.482963 0.417799 0.493621 0.431542 0.475514 0.435369 0.482963 0.420778 0.502342 0.417799 0.493621 0.435369 0.482963 0.417799 0.493621 0.420778 0.502342 0.435369 0.482963 0.431542 0.475514 0.417799 0.493621 0.435369 0.482963 0.417799 0.493621 0.431542 0.475514 0.435369 0.482963 0.420778 0.502342 0.417799 0.493621 0.435369 0.482963 0.417799 0.493621 0.420778 0.502342 0.435369 0.482963 0.431542 0.475514 0.417799 0.493621 0.942294 0.4681 0.949758 0.473906 0.940058 0.479856 0.940058 0.479856 0.949758 0.473906 0.948306 0.541335 0.940058 0.479856 0.948306 0.541335 0.940827 0.542855 0.699007 0.334483 0.706666 0.338188 0.686159 0.432467 0.706666 0.338188 0.766153 0.408558 0.686159 0.432467 0.706666 0.338188 0.766153 0.306883 0.766153 0.408558 0.182243 0.730519 0.1818169 0.499866 0.18264 0.499721 0.182243 0.730519 0.18142 0.730591 0.1818169 0.499866 0.18142 0.730591 0.180994 0.500012 0.1818169 0.499866 0.18142 0.730591 0.180597 0.730663 0.180994 0.500012 0.1797749 0.730735 0.180994 0.500012 0.180597 0.730663 0.1797749 0.730735 0.180172 0.500157 0.180994 0.500012 0.178952 0.730807 0.180172 0.500157 0.1797749 0.730735 0.178952 0.730807 0.179349 0.500303 0.180172 0.500157 0.178952 0.730807 0.178526 0.500448 0.179349 0.500303 0.178952 0.730807 0.178129 0.730879 0.178526 0.500448 0.1773059 0.730952 0.178526 0.500448 0.178129 0.730879 0.1773059 0.730952 0.177703 0.500594 0.178526 0.500448 0.407016 0.469965 0.422196 0.481721 0.411213 0.480225 0.407016 0.469965 0.428983 0.472957 0.422196 0.481721 0.407016 0.469965 0.424787 0.462697 0.428983 0.472957 0.407016 0.469965 0.413803 0.461201 0.424787 0.462697 0.435369 0.482963 0.417799 0.493621 0.431542 0.475514 0.435369 0.482963 0.420778 0.502342 0.417799 0.493621 0.420778 0.502342 0.431542 0.475514 0.417799 0.493621 0.420778 0.502342 0.435369 0.482963 0.431542 0.475514 0.435369 0.482963 0.417799 0.493621 0.431542 0.475514 0.435369 0.482963 0.420778 0.502342 0.417799 0.493621 0.435369 0.482963 0.417799 0.493621 0.420778 0.502342 0.435369 0.482963 0.431542 0.475514 0.417799 0.493621 0.435369 0.482963 0.417799 0.493621 0.431542 0.475514 0.435369 0.482963 0.420778 0.502342 0.417799 0.493621 0.435369 0.482963 0.417799 0.493621 0.420778 0.502342 0.435369 0.482963 0.431542 0.475514 0.417799 0.493621 0.429068 0.473023 0.413888 0.461267 0.424872 0.462763 0.429068 0.473023 0.407101 0.470031 0.413888 0.461267 0.429068 0.473023 0.411298 0.480291 0.407101 0.470031 0.429068 0.473023 0.422281 0.481787 0.411298 0.480291 0.28451 0.436956 0.28359 0.41197 0.284358 0.411834 0.28451 0.436956 0.28311 0.437204 0.28359 0.41197 0.282337 0.437341 0.28359 0.41197 0.28311 0.437204 0.282337 0.437341 0.283512 0.411984 0.283167 0.412045 0.282337 0.437341 0.283167 0.412045 0.28359 0.41197 0.28359 0.41197 0.283167 0.412045 0.283661 0.375305 0.284358 0.411834 0.28359 0.41197 0.283661 0.375305 0.284702 0.411774 0.284358 0.411834 0.283661 0.375305 0.28451 0.436956 0.284358 0.411834 0.284702 0.411774 0.28451 0.436956 0.284702 0.411774 0.285139 0.436845 0.285151 0.456752 0.28451 0.436956 0.285139 0.436845 0.285151 0.456752 0.28311 0.437204 0.28451 0.436956 0.285151 0.456752 0.283018 0.45713 0.28311 0.437204 0.281842 0.457338 0.28311 0.437204 0.283018 0.45713 0.281842 0.457338 0.282337 0.437341 0.28311 0.437204 0.281842 0.457338 0.282966 0.43723 0.282337 0.437341 0.281842 0.457338 0.282799 0.457169 0.282966 0.43723 0.283167 0.412045 0.283512 0.411984 0.283661 0.375305 0.285139 0.436845 0.284702 0.411774 0.284279 0.411848 0.284279 0.411848 0.284702 0.411774 0.283661 0.375305 0.283512 0.411984 0.284279 0.411848 0.283661 0.375305 0.284366 0.436982 0.284279 0.411848 0.283512 0.411984 0.285139 0.436845 0.284279 0.411848 0.284366 0.436982 0.286108 0.456583 0.285139 0.436845 0.284366 0.436982 0.285151 0.456752 0.285139 0.436845 0.286108 0.456583 0.287352 0.499644 0.285151 0.456752 0.286108 0.456583 0.287352 0.499644 0.285968 0.499888 0.285151 0.456752 0.282882 0.500434 0.285151 0.456752 0.285968 0.499888 0.282882 0.500434 0.283018 0.45713 0.285151 0.456752 0.281181 0.500735 0.283018 0.45713 0.282882 0.500434 0.281181 0.500735 0.281842 0.457338 0.283018 0.45713 0.282565 0.50049 0.281842 0.457338 0.281181 0.500735 0.282565 0.50049 0.282799 0.457169 0.281842 0.457338 0.282565 0.50049 0.284932 0.456791 0.282799 0.457169 0.284932 0.456791 0.282966 0.43723 0.282799 0.457169 0.284932 0.456791 0.284366 0.436982 0.282966 0.43723 0.284366 0.436982 0.283512 0.411984 0.282966 0.43723 0.282337 0.437341 0.282966 0.43723 0.283512 0.411984 0.286108 0.456583 0.284366 0.436982 0.284932 0.456791 0.28565 0.499945 0.286108 0.456583 0.284932 0.456791 0.28565 0.499945 0.287352 0.499644 0.286108 0.456583 0.282565 0.50049 0.28565 0.499945 0.284932 0.456791 0.302698 0.730519 0.302272 0.499866 0.303095 0.499721 0.302698 0.730519 0.301875 0.730591 0.302272 0.499866 0.301875 0.730591 0.301449 0.500012 0.302272 0.499866 0.301875 0.730591 0.301052 0.730663 0.301449 0.500012 0.300229 0.730735 0.301449 0.500012 0.301052 0.730663 0.300229 0.730735 0.300626 0.500157 0.301449 0.500012 0.299407 0.730807 0.300626 0.500157 0.300229 0.730735 0.299407 0.730807 0.299804 0.500303 0.300626 0.500157 0.299407 0.730807 0.298981 0.500448 0.299804 0.500303 0.299407 0.730807 0.298584 0.730879 0.298981 0.500448 0.297761 0.730952 0.298981 0.500448 0.298584 0.730879 0.297761 0.730952 0.298158 0.500594 0.298981 0.500448 0.429068 0.473023 0.413888 0.461267 0.424872 0.462763 0.429068 0.473023 0.407101 0.470031 0.413888 0.461267 0.429068 0.473023 0.411298 0.480291 0.407101 0.470031 0.429068 0.473023 0.422281 0.481787 0.411298 0.480291 0.435369 0.482963 0.417799 0.493621 0.431542 0.475514 0.435369 0.482963 0.420778 0.502342 0.417799 0.493621 0.420778 0.502342 0.431542 0.475514 0.417799 0.493621 0.420778 0.502342 0.435369 0.482963 0.431542 0.475514 0.435369 0.482963 0.417799 0.493621 0.431542 0.475514 0.435369 0.482963 0.420778 0.502342 0.417799 0.493621 0.435369 0.482963 0.417799 0.493621 0.420778 0.502342 0.435369 0.482963 0.431542 0.475514 0.417799 0.493621 0.435369 0.482963 0.417799 0.493621 0.431542 0.475514 0.435369 0.482963 0.420778 0.502342 0.417799 0.493621 0.435369 0.482963 0.417799 0.493621 0.420778 0.502342 0.435369 0.482963 0.431542 0.475514 0.417799 0.493621 0.436727 0.525585 0.431542 0.475514 0.444747 0.517439 0.436727 0.525585 0.417799 0.493621 0.431542 0.475514 0.436727 0.525585 0.431542 0.475514 0.417799 0.493621 0.436727 0.525585 0.444747 0.517439 0.431542 0.475514 0.444747 0.517439 0.417799 0.493621 0.431542 0.475514 0.444747 0.517439 0.436727 0.525585 0.417799 0.493621 0.444747 0.517439 0.417799 0.493621 0.436727 0.525585 0.444747 0.517439 0.431542 0.475514 0.417799 0.493621 0.444747 0.517439 0.417799 0.493621 0.431542 0.475514 0.444747 0.517439 0.436727 0.525585 0.417799 0.493621 0.444747 0.517439 0.417799 0.493621 0.436727 0.525585 0.444747 0.517439 0.431542 0.475514 0.417799 0.493621 0.422196 0.481721 0.424787 0.462697 0.428983 0.472957 0.422196 0.481721 0.413803 0.461201 0.424787 0.462697 0.422196 0.481721 0.407016 0.469965 0.413803 0.461201 0.422196 0.481721 0.411213 0.480225 0.407016 0.469965 0.179419 0.730519 0.1789939 0.499866 0.179816 0.499721 0.179419 0.730519 0.178597 0.730591 0.1789939 0.499866 0.178597 0.730591 0.178171 0.500012 0.1789939 0.499866 0.178597 0.730591 0.177774 0.730663 0.178171 0.500012 0.176951 0.730735 0.178171 0.500012 0.177774 0.730663 0.176951 0.730735 0.177348 0.500157 0.178171 0.500012 0.176128 0.730807 0.177348 0.500157 0.176951 0.730735 0.176128 0.730807 0.1765249 0.500303 0.177348 0.500157 0.176128 0.730807 0.175703 0.500448 0.1765249 0.500303 0.176128 0.730807 0.175306 0.730879 0.175703 0.500448 0.174483 0.730952 0.175703 0.500448 0.175306 0.730879 0.174483 0.730952 0.17488 0.500594 0.175703 0.500448 0.429068 0.473023 0.413888 0.461267 0.424872 0.462763 0.429068 0.473023 0.407101 0.470031 0.413888 0.461267 0.429068 0.473023 0.411298 0.480291 0.407101 0.470031 0.429068 0.473023 0.422281 0.481787 0.411298 0.480291 0.435369 0.482963 0.417799 0.493621 0.431542 0.475514 0.435369 0.482963 0.420778 0.502342 0.417799 0.493621 0.420778 0.502342 0.431542 0.475514 0.417799 0.493621 0.420778 0.502342 0.435369 0.482963 0.431542 0.475514 0.435369 0.482963 0.417799 0.493621 0.431542 0.475514 0.435369 0.482963 0.420778 0.502342 0.417799 0.493621 0.435369 0.482963 0.417799 0.493621 0.420778 0.502342 0.435369 0.482963 0.431542 0.475514 0.417799 0.493621 0.435369 0.482963 0.417799 0.493621 0.431542 0.475514 0.435369 0.482963 0.420778 0.502342 0.417799 0.493621 0.435369 0.482963 0.417799 0.493621 0.420778 0.502342 0.435369 0.482963 0.431542 0.475514 0.417799 0.493621 0.407101 0.470031 0.422281 0.481787 0.411298 0.480291 0.407101 0.470031 0.429068 0.473023 0.422281 0.481787 0.407101 0.470031 0.424872 0.462763 0.429068 0.473023 0.407101 0.470031 0.413888 0.461267 0.424872 0.462763 0.291763 0.456752 0.289629 0.45713 0.289721 0.437204 0.288453 0.457338 0.289721 0.437204 0.289629 0.45713 0.288453 0.457338 0.288948 0.437341 0.289721 0.437204 0.289176 0.50049 0.288453 0.457338 0.287792 0.500735 0.287792 0.500735 0.288453 0.457338 0.289629 0.45713 0.287792 0.500735 0.289629 0.45713 0.289494 0.500434 0.289494 0.500434 0.289629 0.45713 0.291763 0.456752 0.289494 0.500434 0.291763 0.456752 0.292579 0.499888 0.293963 0.499644 0.292579 0.499888 0.291763 0.456752 0.290123 0.411984 0.29089 0.411848 0.290272 0.375305 0.289778 0.412045 0.290123 0.411984 0.290272 0.375305 0.288948 0.437341 0.290123 0.411984 0.289778 0.412045 0.288948 0.437341 0.289778 0.412045 0.290202 0.41197 0.288948 0.437341 0.290202 0.41197 0.289721 0.437204 0.291121 0.436956 0.289721 0.437204 0.290202 0.41197 0.291763 0.456752 0.289721 0.437204 0.291121 0.436956 0.29272 0.456583 0.291763 0.456752 0.291121 0.436956 0.293963 0.499644 0.291763 0.456752 0.29272 0.456583 0.292262 0.499945 0.293963 0.499644 0.29272 0.456583 0.292262 0.499945 0.29272 0.456583 0.291543 0.456791 0.289176 0.50049 0.292262 0.499945 0.291543 0.456791 0.289176 0.50049 0.291543 0.456791 0.28941 0.457169 0.289176 0.50049 0.28941 0.457169 0.288453 0.457338 0.288453 0.457338 0.28941 0.457169 0.289577 0.43723 0.288453 0.457338 0.289577 0.43723 0.288948 0.437341 0.288948 0.437341 0.289577 0.43723 0.290123 0.411984 0.290977 0.436982 0.290123 0.411984 0.289577 0.43723 0.290202 0.41197 0.289778 0.412045 0.290272 0.375305 0.290977 0.436982 0.29089 0.411848 0.290123 0.411984 0.290977 0.436982 0.291313 0.411774 0.29089 0.411848 0.29089 0.411848 0.291313 0.411774 0.290272 0.375305 0.291313 0.411774 0.290969 0.411834 0.290272 0.375305 0.290969 0.411834 0.290202 0.41197 0.290272 0.375305 0.291121 0.436956 0.290202 0.41197 0.290969 0.411834 0.291121 0.436956 0.290969 0.411834 0.291313 0.411774 0.291121 0.436956 0.291313 0.411774 0.29175 0.436845 0.290977 0.436982 0.29175 0.436845 0.291313 0.411774 0.29272 0.456583 0.29175 0.436845 0.290977 0.436982 0.29272 0.456583 0.290977 0.436982 0.291543 0.456791 0.28941 0.457169 0.291543 0.456791 0.290977 0.436982 0.28941 0.457169 0.290977 0.436982 0.289577 0.43723 0.29272 0.456583 0.291121 0.436956 0.29175 0.436845 0.436727 0.525585 0.431542 0.475514 0.444747 0.517439 0.436727 0.525585 0.417799 0.493621 0.431542 0.475514 0.436727 0.525585 0.431542 0.475514 0.417799 0.493621 0.436727 0.525585 0.444747 0.517439 0.431542 0.475514 0.444747 0.517439 0.417799 0.493621 0.431542 0.475514 0.444747 0.517439 0.436727 0.525585 0.417799 0.493621 0.444747 0.517439 0.417799 0.493621 0.436727 0.525585 0.444747 0.517439 0.431542 0.475514 0.417799 0.493621 0.444747 0.517439 0.417799 0.493621 0.431542 0.475514 0.444747 0.517439 0.436727 0.525585 0.417799 0.493621 0.444747 0.517439 0.417799 0.493621 0.436727 0.525585 0.444747 0.517439 0.431542 0.475514 0.417799 0.493621 0.179314 0.41197 0.17889 0.412045 0.1793839 0.375305 0.1780599 0.437341 0.179314 0.41197 0.178833 0.437204 0.1780599 0.437341 0.17889 0.412045 0.179314 0.41197 0.1780599 0.437341 0.179235 0.411984 0.17889 0.412045 0.17889 0.412045 0.179235 0.411984 0.1793839 0.375305 0.179235 0.411984 0.180002 0.411848 0.1793839 0.375305 0.177565 0.457338 0.178833 0.437204 0.178741 0.45713 0.177565 0.457338 0.1780599 0.437341 0.178833 0.437204 0.177565 0.457338 0.178689 0.43723 0.1780599 0.437341 0.1780599 0.437341 0.178689 0.43723 0.179235 0.411984 0.1800889 0.436982 0.179235 0.411984 0.178689 0.43723 0.1800889 0.436982 0.180002 0.411848 0.179235 0.411984 0.1800889 0.436982 0.180425 0.411774 0.180002 0.411848 0.180002 0.411848 0.180425 0.411774 0.1793839 0.375305 0.180425 0.411774 0.180081 0.411834 0.1793839 0.375305 0.180081 0.411834 0.179314 0.41197 0.1793839 0.375305 0.180233 0.436956 0.179314 0.41197 0.180081 0.411834 0.180233 0.436956 0.178833 0.437204 0.179314 0.41197 0.180875 0.456752 0.178833 0.437204 0.180233 0.436956 0.180875 0.456752 0.178741 0.45713 0.178833 0.437204 0.181691 0.499888 0.178741 0.45713 0.180875 0.456752 0.181691 0.499888 0.178605 0.500434 0.178741 0.45713 0.176904 0.500735 0.178741 0.45713 0.178605 0.500434 0.176904 0.500735 0.177565 0.457338 0.178741 0.45713 0.178288 0.50049 0.177565 0.457338 0.176904 0.500735 0.183075 0.499644 0.181691 0.499888 0.180875 0.456752 0.177565 0.457338 0.178522 0.457169 0.178689 0.43723 0.178522 0.457169 0.1800889 0.436982 0.178689 0.43723 0.178522 0.457169 0.180655 0.456791 0.1800889 0.436982 0.178288 0.50049 0.178522 0.457169 0.177565 0.457338 0.181373 0.499945 0.178522 0.457169 0.178288 0.50049 0.181373 0.499945 0.180655 0.456791 0.178522 0.457169 0.181373 0.499945 0.181831 0.456583 0.180655 0.456791 0.181831 0.456583 0.1800889 0.436982 0.180655 0.456791 0.181831 0.456583 0.180862 0.436845 0.1800889 0.436982 0.1800889 0.436982 0.180862 0.436845 0.180425 0.411774 0.180862 0.436845 0.180081 0.411834 0.180425 0.411774 0.180862 0.436845 0.180233 0.436956 0.180081 0.411834 0.180875 0.456752 0.180233 0.436956 0.180862 0.436845 0.180875 0.456752 0.180862 0.436845 0.181831 0.456583 0.183075 0.499644 0.180875 0.456752 0.181831 0.456583 0.181373 0.499945 0.183075 0.499644 0.181831 0.456583 0.293131 0.730519 0.292705 0.499866 0.293528 0.499721 0.293131 0.730519 0.292308 0.730591 0.292705 0.499866 0.292308 0.730591 0.291882 0.500012 0.292705 0.499866 0.292308 0.730591 0.291485 0.730663 0.291882 0.500012 0.290663 0.730735 0.291882 0.500012 0.291485 0.730663 0.290663 0.730735 0.29106 0.500157 0.291882 0.500012 0.28984 0.730807 0.29106 0.500157 0.290663 0.730735 0.28984 0.730807 0.290237 0.500303 0.29106 0.500157 0.28984 0.730807 0.289414 0.500448 0.290237 0.500303 0.28984 0.730807 0.289017 0.730879 0.289414 0.500448 0.288194 0.730952 0.289414 0.500448 0.289017 0.730879 0.288194 0.730952 0.288591 0.500594 0.289414 0.500448 0.422196 0.481721 0.424787 0.462697 0.428983 0.472957 0.422196 0.481721 0.413803 0.461201 0.424787 0.462697 0.422196 0.481721 0.407016 0.469965 0.413803 0.461201 0.422196 0.481721 0.411213 0.480225 0.407016 0.469965 0.435369 0.482963 0.417799 0.493621 0.431542 0.475514 0.435369 0.482963 0.420778 0.502342 0.417799 0.493621 0.420778 0.502342 0.431542 0.475514 0.417799 0.493621 0.420778 0.502342 0.435369 0.482963 0.431542 0.475514 0.435369 0.482963 0.417799 0.493621 0.431542 0.475514 0.435369 0.482963 0.420778 0.502342 0.417799 0.493621 0.435369 0.482963 0.417799 0.493621 0.420778 0.502342 0.435369 0.482963 0.431542 0.475514 0.417799 0.493621 0.435369 0.482963 0.417799 0.493621 0.431542 0.475514 0.435369 0.482963 0.420778 0.502342 0.417799 0.493621 0.435369 0.482963 0.417799 0.493621 0.420778 0.502342 0.435369 0.482963 0.431542 0.475514 0.417799 0.493621 0.429068 0.473023 0.413888 0.461267 0.424872 0.462763 0.429068 0.473023 0.407101 0.470031 0.413888 0.461267 0.429068 0.473023 0.411298 0.480291 0.407101 0.470031 0.429068 0.473023 0.422281 0.481787 0.411298 0.480291 0.06122696 0.456583 0.05948495 0.436982 0.06005096 0.456791 0.06122696 0.456583 0.06025695 0.436845 0.05948495 0.436982 0.06026995 0.456752 0.06025695 0.436845 0.06122696 0.456583 0.05629998 0.500735 0.05813699 0.45713 0.05800098 0.500434 0.05800098 0.500434 0.05813699 0.45713 0.06026995 0.456752 0.05800098 0.500434 0.06026995 0.456752 0.06108599 0.499888 0.06246995 0.499644 0.06108599 0.499888 0.06026995 0.456752 0.06246995 0.499644 0.06026995 0.456752 0.06122696 0.456583 0.06076896 0.499945 0.06246995 0.499644 0.06122696 0.456583 0.06076896 0.499945 0.06122696 0.456583 0.06005096 0.456791 0.057684 0.50049 0.06076896 0.499945 0.06005096 0.456791 0.05862998 0.411984 0.05939799 0.411848 0.058779 0.375305 0.05948495 0.436982 0.05939799 0.411848 0.05862998 0.411984 0.05948495 0.436982 0.05982095 0.411774 0.05939799 0.411848 0.05948495 0.436982 0.06025695 0.436845 0.05982095 0.411774 0.05962896 0.436956 0.05982095 0.411774 0.06025695 0.436845 0.06026995 0.456752 0.05962896 0.436956 0.06025695 0.436845 0.06026995 0.456752 0.05822795 0.437204 0.05962896 0.436956 0.06026995 0.456752 0.05813699 0.45713 0.05822795 0.437204 0.05696099 0.457338 0.05822795 0.437204 0.05813699 0.45713 0.05629998 0.500735 0.05696099 0.457338 0.05813699 0.45713 0.057684 0.50049 0.05696099 0.457338 0.05629998 0.500735 0.057684 0.50049 0.05791699 0.457169 0.05696099 0.457338 0.057684 0.50049 0.06005096 0.456791 0.05791699 0.457169 0.06005096 0.456791 0.05808395 0.43723 0.05791699 0.457169 0.06005096 0.456791 0.05948495 0.436982 0.05808395 0.43723 0.05948495 0.436982 0.05862998 0.411984 0.05808395 0.43723 0.05745595 0.437341 0.05808395 0.43723 0.05862998 0.411984 0.05745595 0.437341 0.05862998 0.411984 0.05828595 0.412045 0.05939799 0.411848 0.05982095 0.411774 0.058779 0.375305 0.05828595 0.412045 0.05862998 0.411984 0.058779 0.375305 0.05745595 0.437341 0.05828595 0.412045 0.05870896 0.41197 0.05870896 0.41197 0.05828595 0.412045 0.058779 0.375305 0.05947697 0.411834 0.05870896 0.41197 0.058779 0.375305 0.05982095 0.411774 0.05947697 0.411834 0.058779 0.375305 0.05962896 0.436956 0.05947697 0.411834 0.05982095 0.411774 0.05962896 0.436956 0.05870896 0.41197 0.05947697 0.411834 0.05962896 0.436956 0.05822795 0.437204 0.05870896 0.41197 0.05745595 0.437341 0.05870896 0.41197 0.05822795 0.437204 0.05696099 0.457338 0.05745595 0.437341 0.05822795 0.437204 0.05696099 0.457338 0.05808395 0.43723 0.05745595 0.437341 0.05696099 0.457338 0.05791699 0.457169 0.05808395 0.43723 0.06163799 0.730519 0.06121295 0.499866 0.06203496 0.499721 0.06163799 0.730519 0.06081598 0.730591 0.06121295 0.499866 0.06081598 0.730591 0.06038999 0.500012 0.06121295 0.499866 0.06081598 0.730591 0.05999296 0.730663 0.06038999 0.500012 0.05916994 0.730735 0.06038999 0.500012 0.05999296 0.730663 0.05916994 0.730735 0.05956697 0.500157 0.06038999 0.500012 0.05834698 0.730807 0.05956697 0.500157 0.05916994 0.730735 0.05834698 0.730807 0.05874395 0.500303 0.05956697 0.500157 0.05834698 0.730807 0.05792194 0.500448 0.05874395 0.500303 0.05834698 0.730807 0.05752497 0.730879 0.05792194 0.500448 0.05670195 0.730952 0.05792194 0.500448 0.05752497 0.730879 0.05670195 0.730952 0.05709898 0.500594 0.05792194 0.500448 0.422281 0.481787 0.424872 0.462763 0.429068 0.473023 0.422281 0.481787 0.413888 0.461267 0.424872 0.462763 0.422281 0.481787 0.407101 0.470031 0.413888 0.461267 0.422281 0.481787 0.411298 0.480291 0.407101 0.470031 0.435369 0.482963 0.417799 0.493621 0.431542 0.475514 0.435369 0.482963 0.420778 0.502342 0.417799 0.493621 0.420778 0.502342 0.431542 0.475514 0.417799 0.493621 0.420778 0.502342 0.435369 0.482963 0.431542 0.475514 0.435369 0.482963 0.417799 0.493621 0.431542 0.475514 0.435369 0.482963 0.420778 0.502342 0.417799 0.493621 0.435369 0.482963 0.417799 0.493621 0.420778 0.502342 0.435369 0.482963 0.431542 0.475514 0.417799 0.493621 0.435369 0.482963 0.417799 0.493621 0.431542 0.475514 0.435369 0.482963 0.420778 0.502342 0.417799 0.493621 0.435369 0.482963 0.417799 0.493621 0.420778 0.502342 0.435369 0.482963 0.431542 0.475514 0.417799 0.493621 0.436727 0.525585 0.431542 0.475514 0.444747 0.517439 0.436727 0.525585 0.417799 0.493621 0.431542 0.475514 0.436727 0.525585 0.431542 0.475514 0.417799 0.493621 0.436727 0.525585 0.444747 0.517439 0.431542 0.475514 0.436727 0.525585 0.431542 0.475514 0.444747 0.517439 0.436727 0.525585 0.417799 0.493621 0.431542 0.475514 0.444747 0.517439 0.417799 0.493621 0.436727 0.525585 0.444747 0.517439 0.431542 0.475514 0.417799 0.493621 0.444747 0.517439 0.417799 0.493621 0.431542 0.475514 0.444747 0.517439 0.436727 0.525585 0.417799 0.493621 0.444747 0.517439 0.417799 0.493621 0.436727 0.525585 0.444747 0.517439 0.431542 0.475514 0.417799 0.493621 0.300544 0.436982 0.300457 0.411848 0.299689 0.411984 0.299768 0.41197 0.299345 0.412045 0.299839 0.375305 0.300536 0.411834 0.299768 0.41197 0.299839 0.375305 0.30088 0.411774 0.300536 0.411834 0.299839 0.375305 0.300688 0.436956 0.300536 0.411834 0.30088 0.411774 0.300688 0.436956 0.30088 0.411774 0.301316 0.436845 0.301329 0.456752 0.300688 0.436956 0.301316 0.436845 0.301329 0.456752 0.301316 0.436845 0.302286 0.456583 0.302286 0.456583 0.301316 0.436845 0.300544 0.436982 0.300544 0.436982 0.301316 0.436845 0.30088 0.411774 0.300544 0.436982 0.30088 0.411774 0.300457 0.411848 0.300457 0.411848 0.30088 0.411774 0.299839 0.375305 0.299689 0.411984 0.300457 0.411848 0.299839 0.375305 0.299345 0.412045 0.299689 0.411984 0.299839 0.375305 0.301828 0.499945 0.30111 0.456791 0.298977 0.457169 0.301828 0.499945 0.298977 0.457169 0.298743 0.50049 0.298743 0.50049 0.298977 0.457169 0.29802 0.457338 0.298743 0.50049 0.29802 0.457338 0.297359 0.500735 0.297359 0.500735 0.29802 0.457338 0.299196 0.45713 0.297359 0.500735 0.299196 0.45713 0.29906 0.500434 0.29906 0.500434 0.299196 0.45713 0.301329 0.456752 0.29906 0.500434 0.301329 0.456752 0.302146 0.499888 0.30353 0.499644 0.302146 0.499888 0.301329 0.456752 0.30353 0.499644 0.301329 0.456752 0.302286 0.456583 0.301828 0.499945 0.30353 0.499644 0.302286 0.456583 0.301828 0.499945 0.302286 0.456583 0.30111 0.456791 0.302286 0.456583 0.300544 0.436982 0.30111 0.456791 0.30111 0.456791 0.300544 0.436982 0.299143 0.43723 0.300544 0.436982 0.299689 0.411984 0.299143 0.43723 0.298515 0.437341 0.299143 0.43723 0.299689 0.411984 0.298515 0.437341 0.299689 0.411984 0.299345 0.412045 0.298515 0.437341 0.299345 0.412045 0.299768 0.41197 0.300688 0.436956 0.299768 0.41197 0.300536 0.411834 0.300688 0.436956 0.299288 0.437204 0.299768 0.41197 0.298515 0.437341 0.299768 0.41197 0.299288 0.437204 0.29802 0.457338 0.298515 0.437341 0.299288 0.437204 0.29802 0.457338 0.299143 0.43723 0.298515 0.437341 0.29802 0.457338 0.298977 0.457169 0.299143 0.43723 0.30111 0.456791 0.299143 0.43723 0.298977 0.457169 0.301329 0.456752 0.299288 0.437204 0.300688 0.436956 0.301329 0.456752 0.299196 0.45713 0.299288 0.437204 0.29802 0.457338 0.299288 0.437204 0.299196 0.45713 0.422196 0.481721 0.424787 0.462697 0.428983 0.472957 0.422196 0.481721 0.413803 0.461201 0.424787 0.462697 0.422196 0.481721 0.407016 0.469965 0.413803 0.461201 0.422196 0.481721 0.411213 0.480225 0.407016 0.469965 0.435369 0.482963 0.417799 0.493621 0.431542 0.475514 0.435369 0.482963 0.420778 0.502342 0.417799 0.493621 0.420778 0.502342 0.431542 0.475514 0.417799 0.493621 0.420778 0.502342 0.435369 0.482963 0.431542 0.475514 0.435369 0.482963 0.417799 0.493621 0.431542 0.475514 0.435369 0.482963 0.420778 0.502342 0.417799 0.493621 0.435369 0.482963 0.417799 0.493621 0.420778 0.502342 0.435369 0.482963 0.431542 0.475514 0.417799 0.493621 0.435369 0.482963 0.417799 0.493621 0.431542 0.475514 0.435369 0.482963 0.420778 0.502342 0.417799 0.493621 0.435369 0.482963 0.417799 0.493621 0.420778 0.502342 0.435369 0.482963 0.431542 0.475514 0.417799 0.493621 0.429068 0.473023 0.413888 0.461267 0.424872 0.462763 0.429068 0.473023 0.407101 0.470031 0.413888 0.461267 0.429068 0.473023 0.411298 0.480291 0.407101 0.470031 0.429068 0.473023 0.422281 0.481787 0.411298 0.480291 0.053496 0.456752 0.05136299 0.45713 0.05145496 0.437204 0.05018699 0.457338 0.05145496 0.437204 0.05136299 0.45713 0.05018699 0.457338 0.05068194 0.437341 0.05145496 0.437204 0.05018699 0.457338 0.05131095 0.43723 0.05068194 0.437341 0.05068194 0.437341 0.05131095 0.43723 0.05185699 0.411984 0.05185699 0.411984 0.05262398 0.411848 0.05200594 0.375305 0.05271095 0.436982 0.05262398 0.411848 0.05185699 0.411984 0.05271095 0.436982 0.05185699 0.411984 0.05131095 0.43723 0.051144 0.457169 0.05271095 0.436982 0.05131095 0.43723 0.05018699 0.457338 0.051144 0.457169 0.05131095 0.43723 0.05090999 0.50049 0.051144 0.457169 0.05018699 0.457338 0.05090999 0.50049 0.05018699 0.457338 0.04952597 0.500735 0.04952597 0.500735 0.05018699 0.457338 0.05136299 0.45713 0.04952597 0.500735 0.05136299 0.45713 0.05122697 0.500434 0.05122697 0.500434 0.05136299 0.45713 0.053496 0.456752 0.05122697 0.500434 0.053496 0.456752 0.054313 0.499888 0.05569696 0.499644 0.054313 0.499888 0.053496 0.456752 0.05569696 0.499644 0.053496 0.456752 0.05445295 0.456583 0.05399495 0.499945 0.05569696 0.499644 0.05445295 0.456583 0.05399495 0.499945 0.05445295 0.456583 0.05327695 0.456791 0.05399495 0.499945 0.05327695 0.456791 0.051144 0.457169 0.051144 0.457169 0.05327695 0.456791 0.05271095 0.436982 0.05445295 0.456583 0.05271095 0.436982 0.05327695 0.456791 0.05399495 0.499945 0.051144 0.457169 0.05090999 0.50049 0.05445295 0.456583 0.05348396 0.436845 0.05271095 0.436982 0.053496 0.456752 0.05348396 0.436845 0.05445295 0.456583 0.053496 0.456752 0.05285495 0.436956 0.05348396 0.436845 0.053496 0.456752 0.05145496 0.437204 0.05285495 0.436956 0.05285495 0.436956 0.05145496 0.437204 0.05193495 0.41197 0.05068194 0.437341 0.05193495 0.41197 0.05145496 0.437204 0.05068194 0.437341 0.051512 0.412045 0.05193495 0.41197 0.05068194 0.437341 0.05185699 0.411984 0.051512 0.412045 0.051512 0.412045 0.05185699 0.411984 0.05200594 0.375305 0.05193495 0.41197 0.051512 0.412045 0.05200594 0.375305 0.05270296 0.411834 0.05193495 0.41197 0.05200594 0.375305 0.05285495 0.436956 0.05193495 0.41197 0.05270296 0.411834 0.05285495 0.436956 0.05270296 0.411834 0.053047 0.411774 0.05285495 0.436956 0.053047 0.411774 0.05348396 0.436845 0.05271095 0.436982 0.05348396 0.436845 0.053047 0.411774 0.05271095 0.436982 0.053047 0.411774 0.05262398 0.411848 0.05262398 0.411848 0.053047 0.411774 0.05200594 0.375305 0.053047 0.411774 0.05270296 0.411834 0.05200594 0.375305 0.407101 0.470031 0.422281 0.481787 0.411298 0.480291 0.407101 0.470031 0.429068 0.473023 0.422281 0.481787 0.407101 0.470031 0.424872 0.462763 0.429068 0.473023 0.407101 0.470031 0.413888 0.461267 0.424872 0.462763 0.054865 0.730519 0.05443894 0.499866 0.05526196 0.499721 0.054865 0.730519 0.05404198 0.730591 0.05443894 0.499866 0.05404198 0.730591 0.05361598 0.500012 0.05443894 0.499866 0.05404198 0.730591 0.05321896 0.730663 0.05361598 0.500012 0.05239695 0.730735 0.05361598 0.500012 0.05321896 0.730663 0.05239695 0.730735 0.05279397 0.500157 0.05361598 0.500012 0.05157399 0.730807 0.05279397 0.500157 0.05239695 0.730735 0.05157399 0.730807 0.05197095 0.500303 0.05279397 0.500157 0.05157399 0.730807 0.05114799 0.500448 0.05197095 0.500303 0.05157399 0.730807 0.05075097 0.730879 0.05114799 0.500448 0.04992794 0.730952 0.05114799 0.500448 0.05075097 0.730879 0.04992794 0.730952 0.05032497 0.500594 0.05114799 0.500448 0.436727 0.525585 0.431542 0.475514 0.444747 0.517439 0.436727 0.525585 0.417799 0.493621 0.431542 0.475514 0.436727 0.525585 0.431542 0.475514 0.417799 0.493621 0.436727 0.525585 0.444747 0.517439 0.431542 0.475514 0.444747 0.517439 0.417799 0.493621 0.431542 0.475514 0.444747 0.517439 0.436727 0.525585 0.417799 0.493621 0.444747 0.517439 0.417799 0.493621 0.436727 0.525585 0.444747 0.517439 0.431542 0.475514 0.417799 0.493621 0.444747 0.517439 0.417799 0.493621 0.431542 0.475514 0.444747 0.517439 0.436727 0.525585 0.417799 0.493621 0.444747 0.517439 0.417799 0.493621 0.436727 0.525585 0.444747 0.517439 0.431542 0.475514 0.417799 0.493621 0.17855 0.499945 0.180251 0.499644 0.179008 0.456583 0.180251 0.499644 0.1780509 0.456752 0.179008 0.456583 0.180251 0.499644 0.178867 0.499888 0.1780509 0.456752 0.175782 0.500434 0.1780509 0.456752 0.178867 0.499888 0.175782 0.500434 0.175918 0.45713 0.1780509 0.456752 0.174081 0.500735 0.175918 0.45713 0.175782 0.500434 0.176411 0.411984 0.177179 0.411848 0.17656 0.375305 0.177179 0.411848 0.1776019 0.411774 0.17656 0.375305 0.177266 0.436982 0.1776019 0.411774 0.177179 0.411848 0.177266 0.436982 0.178038 0.436845 0.1776019 0.411774 0.179008 0.456583 0.178038 0.436845 0.177266 0.436982 0.179008 0.456583 0.17741 0.436956 0.178038 0.436845 0.179008 0.456583 0.1780509 0.456752 0.17741 0.436956 0.1780509 0.456752 0.1760089 0.437204 0.17741 0.436956 0.1780509 0.456752 0.175918 0.45713 0.1760089 0.437204 0.174741 0.457338 0.1760089 0.437204 0.175918 0.45713 0.174081 0.500735 0.174741 0.457338 0.175918 0.45713 0.175465 0.50049 0.174741 0.457338 0.174081 0.500735 0.175465 0.50049 0.175698 0.457169 0.174741 0.457338 0.17855 0.499945 0.175698 0.457169 0.175465 0.50049 0.17855 0.499945 0.177832 0.456791 0.175698 0.457169 0.17855 0.499945 0.179008 0.456583 0.177832 0.456791 0.179008 0.456583 0.177266 0.436982 0.177832 0.456791 0.177832 0.456791 0.177266 0.436982 0.1758649 0.43723 0.177266 0.436982 0.177179 0.411848 0.176411 0.411984 0.177832 0.456791 0.1758649 0.43723 0.175698 0.457169 0.174741 0.457338 0.175698 0.457169 0.1758649 0.43723 0.174741 0.457338 0.1758649 0.43723 0.1752369 0.437341 0.174741 0.457338 0.1752369 0.437341 0.1760089 0.437204 0.1752369 0.437341 0.17649 0.41197 0.1760089 0.437204 0.17741 0.436956 0.1760089 0.437204 0.17649 0.41197 0.17741 0.436956 0.17649 0.41197 0.177257 0.411834 0.177266 0.436982 0.176411 0.411984 0.1758649 0.43723 0.1752369 0.437341 0.1758649 0.43723 0.176411 0.411984 0.1752369 0.437341 0.176411 0.411984 0.1760669 0.412045 0.1752369 0.437341 0.1760669 0.412045 0.17649 0.41197 0.17649 0.41197 0.1760669 0.412045 0.17656 0.375305 0.177257 0.411834 0.17649 0.41197 0.17656 0.375305 0.1776019 0.411774 0.177257 0.411834 0.17656 0.375305 0.17741 0.436956 0.177257 0.411834 0.1776019 0.411774 0.17741 0.436956 0.1776019 0.411774 0.178038 0.436845 0.1760669 0.412045 0.176411 0.411984 0.17656 0.375305 0.435369 0.482963 0.417799 0.493621 0.431542 0.475514 0.435369 0.482963 0.420778 0.502342 0.417799 0.493621 0.420778 0.502342 0.431542 0.475514 0.417799 0.493621 0.420778 0.502342 0.435369 0.482963 0.431542 0.475514 0.435369 0.482963 0.417799 0.493621 0.431542 0.475514 0.435369 0.482963 0.420778 0.502342 0.417799 0.493621 0.435369 0.482963 0.417799 0.493621 0.420778 0.502342 0.435369 0.482963 0.431542 0.475514 0.417799 0.493621 0.435369 0.482963 0.417799 0.493621 0.431542 0.475514 0.435369 0.482963 0.420778 0.502342 0.417799 0.493621 0.435369 0.482963 0.417799 0.493621 0.420778 0.502342 0.435369 0.482963 0.431542 0.475514 0.417799 0.493621 0.407016 0.469965 0.422196 0.481721 0.411213 0.480225 0.407016 0.469965 0.428983 0.472957 0.422196 0.481721 0.407016 0.469965 0.424787 0.462697 0.428983 0.472957 0.407016 0.469965 0.413803 0.461201 0.424787 0.462697 0.185698 0.456583 0.184728 0.436845 0.183956 0.436982 0.185698 0.456583 0.183956 0.436982 0.184521 0.456791 0.18524 0.499945 0.185698 0.456583 0.184521 0.456791 0.18524 0.499945 0.186941 0.499644 0.185698 0.456583 0.1821539 0.50049 0.18524 0.499945 0.184521 0.456791 0.1831009 0.411984 0.183868 0.411848 0.18325 0.375305 0.183956 0.436982 0.183868 0.411848 0.1831009 0.411984 0.183956 0.436982 0.184292 0.411774 0.183868 0.411848 0.183956 0.436982 0.184728 0.436845 0.184292 0.411774 0.1841 0.436956 0.184292 0.411774 0.184728 0.436845 0.185698 0.456583 0.1841 0.436956 0.184728 0.436845 0.185698 0.456583 0.184741 0.456752 0.1841 0.436956 0.186941 0.499644 0.184741 0.456752 0.185698 0.456583 0.186941 0.499644 0.185557 0.499888 0.184741 0.456752 0.182472 0.500434 0.184741 0.456752 0.185557 0.499888 0.182472 0.500434 0.182608 0.45713 0.184741 0.456752 0.18077 0.500735 0.182608 0.45713 0.182472 0.500434 0.18077 0.500735 0.1814309 0.457338 0.182608 0.45713 0.1821539 0.50049 0.1814309 0.457338 0.18077 0.500735 0.1821539 0.50049 0.182388 0.457169 0.1814309 0.457338 0.1821539 0.50049 0.184521 0.456791 0.182388 0.457169 0.184521 0.456791 0.182555 0.43723 0.182388 0.457169 0.184521 0.456791 0.183956 0.436982 0.182555 0.43723 0.183868 0.411848 0.184292 0.411774 0.18325 0.375305 0.182757 0.412045 0.1831009 0.411984 0.18325 0.375305 0.1814309 0.457338 0.182699 0.437204 0.182608 0.45713 0.184741 0.456752 0.182608 0.45713 0.182699 0.437204 0.184741 0.456752 0.182699 0.437204 0.1841 0.436956 0.183956 0.436982 0.1831009 0.411984 0.182555 0.43723 0.181927 0.437341 0.182555 0.43723 0.1831009 0.411984 0.181927 0.437341 0.1831009 0.411984 0.182757 0.412045 0.181927 0.437341 0.182757 0.412045 0.18318 0.41197 0.18318 0.41197 0.182757 0.412045 0.18325 0.375305 0.183947 0.411834 0.18318 0.41197 0.18325 0.375305 0.184292 0.411774 0.183947 0.411834 0.18325 0.375305 0.1841 0.436956 0.183947 0.411834 0.184292 0.411774 0.1841 0.436956 0.18318 0.41197 0.183947 0.411834 0.1841 0.436956 0.182699 0.437204 0.18318 0.41197 0.181927 0.437341 0.18318 0.41197 0.182699 0.437204 0.1814309 0.457338 0.181927 0.437341 0.182699 0.437204 0.1814309 0.457338 0.182555 0.43723 0.181927 0.437341 0.1814309 0.457338 0.182388 0.457169 0.182555 0.43723 0.186109 0.730519 0.185683 0.499866 0.186506 0.499721 0.186109 0.730519 0.185286 0.730591 0.185683 0.499866 0.185286 0.730591 0.184861 0.500012 0.185683 0.499866 0.185286 0.730591 0.184464 0.730663 0.184861 0.500012 0.183641 0.730735 0.184861 0.500012 0.184464 0.730663 0.183641 0.730735 0.184038 0.500157 0.184861 0.500012 0.1828179 0.730807 0.184038 0.500157 0.183641 0.730735 0.1828179 0.730807 0.183215 0.500303 0.184038 0.500157 0.1828179 0.730807 0.182392 0.500448 0.183215 0.500303 0.1828179 0.730807 0.181995 0.730879 0.182392 0.500448 0.181173 0.730952 0.182392 0.500448 0.181995 0.730879 0.181173 0.730952 0.1815699 0.500594 0.182392 0.500448 0.429068 0.473023 0.413888 0.461267 0.424872 0.462763 0.429068 0.473023 0.407101 0.470031 0.413888 0.461267 0.429068 0.473023 0.411298 0.480291 0.407101 0.470031 0.429068 0.473023 0.422281 0.481787 0.411298 0.480291 0.435369 0.482963 0.417799 0.493621 0.431542 0.475514 0.435369 0.482963 0.420778 0.502342 0.417799 0.493621 0.420778 0.502342 0.431542 0.475514 0.417799 0.493621 0.420778 0.502342 0.435369 0.482963 0.431542 0.475514 0.435369 0.482963 0.417799 0.493621 0.431542 0.475514 0.435369 0.482963 0.420778 0.502342 0.417799 0.493621 0.435369 0.482963 0.417799 0.493621 0.420778 0.502342 0.435369 0.482963 0.431542 0.475514 0.417799 0.493621 0.435369 0.482963 0.417799 0.493621 0.431542 0.475514 0.435369 0.482963 0.420778 0.502342 0.417799 0.493621 0.435369 0.482963 0.417799 0.493621 0.420778 0.502342 0.435369 0.482963 0.431542 0.475514 0.417799 0.493621 0.413888 0.461267 0.411298 0.480291 0.407101 0.470031 0.413888 0.461267 0.422281 0.481787 0.411298 0.480291 0.413888 0.461267 0.429068 0.473023 0.422281 0.481787 0.413888 0.461267 0.424872 0.462763 0.429068 0.473023 0.05155396 0.499644 0.05017 0.499888 0.04935395 0.456752 0.04708498 0.500434 0.04935395 0.456752 0.05017 0.499888 0.04708498 0.500434 0.047221 0.45713 0.04935395 0.456752 0.04538297 0.500735 0.047221 0.45713 0.04708498 0.500434 0.04538297 0.500735 0.04604399 0.457338 0.047221 0.45713 0.04604399 0.457338 0.04731196 0.437204 0.047221 0.45713 0.04604399 0.457338 0.04653996 0.437341 0.04731196 0.437204 0.04935395 0.456752 0.047221 0.45713 0.04731196 0.437204 0.04676699 0.50049 0.04604399 0.457338 0.04538297 0.500735 0.04771399 0.411984 0.04848098 0.411848 0.04786294 0.375305 0.04736995 0.412045 0.04771399 0.411984 0.04786294 0.375305 0.04653996 0.437341 0.04771399 0.411984 0.04736995 0.412045 0.04653996 0.437341 0.04736995 0.412045 0.04779297 0.41197 0.04653996 0.437341 0.04779297 0.41197 0.04731196 0.437204 0.04871296 0.436956 0.04731196 0.437204 0.04779297 0.41197 0.04935395 0.456752 0.04731196 0.437204 0.04871296 0.436956 0.05031096 0.456583 0.04935395 0.456752 0.04871296 0.436956 0.05155396 0.499644 0.04935395 0.456752 0.05031096 0.456583 0.04985296 0.499945 0.05155396 0.499644 0.05031096 0.456583 0.04985296 0.499945 0.05031096 0.456583 0.04913395 0.456791 0.04676699 0.50049 0.04985296 0.499945 0.04913395 0.456791 0.04676699 0.50049 0.04913395 0.456791 0.047001 0.457169 0.04676699 0.50049 0.047001 0.457169 0.04604399 0.457338 0.04604399 0.457338 0.047001 0.457169 0.04716795 0.43723 0.04604399 0.457338 0.04716795 0.43723 0.04653996 0.437341 0.04653996 0.437341 0.04716795 0.43723 0.04771399 0.411984 0.04856896 0.436982 0.04771399 0.411984 0.04716795 0.43723 0.04779297 0.41197 0.04736995 0.412045 0.04786294 0.375305 0.04856896 0.436982 0.04848098 0.411848 0.04771399 0.411984 0.04856896 0.436982 0.04890495 0.411774 0.04848098 0.411848 0.04848098 0.411848 0.04890495 0.411774 0.04786294 0.375305 0.04890495 0.411774 0.04855996 0.411834 0.04786294 0.375305 0.04855996 0.411834 0.04779297 0.41197 0.04786294 0.375305 0.04871296 0.436956 0.04779297 0.41197 0.04855996 0.411834 0.04934096 0.436845 0.04871296 0.436956 0.04855996 0.411834 0.05031096 0.456583 0.04871296 0.436956 0.04934096 0.436845 0.05031096 0.456583 0.04934096 0.436845 0.04856896 0.436982 0.05031096 0.456583 0.04856896 0.436982 0.04913395 0.456791 0.04913395 0.456791 0.04856896 0.436982 0.04716795 0.43723 0.04913395 0.456791 0.04716795 0.43723 0.047001 0.457169 0.04856896 0.436982 0.04934096 0.436845 0.04890495 0.411774 0.04934096 0.436845 0.04855996 0.411834 0.04890495 0.411774 0.050722 0.730519 0.05029594 0.499866 0.05111896 0.499721 0.050722 0.730519 0.04989898 0.730591 0.05029594 0.499866 0.04989898 0.730591 0.049474 0.500012 0.05029594 0.499866 0.04989898 0.730591 0.04907697 0.730663 0.049474 0.500012 0.04825395 0.730735 0.049474 0.500012 0.04907697 0.730663 0.04825395 0.730735 0.04865097 0.500157 0.049474 0.500012 0.04743099 0.730807 0.04865097 0.500157 0.04825395 0.730735 0.04743099 0.730807 0.04782795 0.500303 0.04865097 0.500157 0.04743099 0.730807 0.04700499 0.500448 0.04782795 0.500303 0.04743099 0.730807 0.04660797 0.730879 0.04700499 0.500448 0.04578596 0.730952 0.04700499 0.500448 0.04660797 0.730879 0.04578596 0.730952 0.04618299 0.500594 0.04700499 0.500448 0.436727 0.525585 0.431542 0.475514 0.444747 0.517439 0.436727 0.525585 0.417799 0.493621 0.431542 0.475514 0.436727 0.525585 0.431542 0.475514 0.417799 0.493621 0.436727 0.525585 0.444747 0.517439 0.431542 0.475514 0.444747 0.517439 0.417799 0.493621 0.431542 0.475514 0.444747 0.517439 0.436727 0.525585 0.417799 0.493621 0.444747 0.517439 0.417799 0.493621 0.436727 0.525585 0.444747 0.517439 0.431542 0.475514 0.417799 0.493621 0.444747 0.517439 0.417799 0.493621 0.431542 0.475514 0.444747 0.517439 0.436727 0.525585 0.417799 0.493621 0.444747 0.517439 0.417799 0.493621 0.436727 0.525585 0.444747 0.517439 0.431542 0.475514 0.417799 0.493621 0.422196 0.481721 0.424787 0.462697 0.428983 0.472957 0.422196 0.481721 0.413803 0.461201 0.424787 0.462697 0.422196 0.481721 0.407016 0.469965 0.413803 0.461201 0.422196 0.481721 0.411213 0.480225 0.407016 0.469965 0.435369 0.482963 0.417799 0.493621 0.431542 0.475514 0.435369 0.482963 0.420778 0.502342 0.417799 0.493621 0.420778 0.502342 0.431542 0.475514 0.417799 0.493621 0.420778 0.502342 0.435369 0.482963 0.431542 0.475514 0.435369 0.482963 0.417799 0.493621 0.431542 0.475514 0.435369 0.482963 0.420778 0.502342 0.417799 0.493621 0.435369 0.482963 0.417799 0.493621 0.420778 0.502342 0.435369 0.482963 0.431542 0.475514 0.417799 0.493621 0.435369 0.482963 0.417799 0.493621 0.431542 0.475514 0.435369 0.482963 0.420778 0.502342 0.417799 0.493621 0.435369 0.482963 0.417799 0.493621 0.420778 0.502342 0.435369 0.482963 0.431542 0.475514 0.417799 0.493621 0.429068 0.473023 0.413888 0.461267 0.424872 0.462763 0.429068 0.473023 0.407101 0.470031 0.413888 0.461267 0.429068 0.473023 0.411298 0.480291 0.407101 0.470031 0.429068 0.473023 0.422281 0.481787 0.411298 0.480291 0.482938 0.91478 0.481878 0.908503 0.482938 0.908503 0.482938 0.91478 0.481878 0.91478 0.481878 0.908503 0.480819 0.91478 0.481878 0.908503 0.481878 0.91478 0.480819 0.91478 0.480819 0.908503 0.481878 0.908503 0.480819 0.91478 0.479759 0.908503 0.480819 0.908503 0.482938 0.908503 0.483997 0.908503 0.483997 0.91478 0.482938 0.908503 0.483997 0.91478 0.482938 0.91478 0.483997 0.91478 0.482938 0.921058 0.482938 0.91478 0.482938 0.91478 0.482938 0.921058 0.481878 0.921058 0.482938 0.91478 0.481878 0.921058 0.481878 0.91478 0.480819 0.921058 0.481878 0.91478 0.481878 0.921058 0.480819 0.921058 0.480819 0.91478 0.481878 0.91478 0.480819 0.921058 0.479759 0.91478 0.480819 0.91478 0.480819 0.91478 0.479759 0.91478 0.479759 0.908503 0.4787 0.908503 0.479759 0.908503 0.479759 0.91478 0.479759 0.927335 0.480819 0.921058 0.480819 0.927335 0.479759 0.927335 0.479759 0.921058 0.480819 0.921058 0.480819 0.921058 0.479759 0.921058 0.479759 0.91478 0.4787 0.91478 0.479759 0.91478 0.479759 0.921058 0.4787 0.908503 0.479759 0.91478 0.4787 0.91478 0.4787 0.91478 0.477641 0.908503 0.4787 0.908503 0.4787 0.91478 0.477641 0.91478 0.477641 0.908503 0.475522 0.908503 0.477641 0.908503 0.477641 0.91478 0.475522 0.908503 0.477641 0.91478 0.475522 0.91478 0.473403 0.908503 0.475522 0.908503 0.475522 0.91478 0.473403 0.908503 0.475522 0.91478 0.473403 0.91478 0.472344 0.908503 0.473403 0.908503 0.473403 0.91478 0.472344 0.908503 0.473403 0.91478 0.472344 0.91478 0.472344 0.91478 0.471284 0.908503 0.472344 0.908503 0.472344 0.91478 0.471284 0.91478 0.471284 0.908503 0.470225 0.908503 0.471284 0.908503 0.471284 0.91478 0.470225 0.908503 0.471284 0.91478 0.470225 0.91478 0.470225 0.91478 0.469166 0.908503 0.470225 0.908503 0.479759 0.93989 0.479759 0.946168 0.4787 0.946168 0.479759 0.93989 0.4787 0.946168 0.4787 0.93989 0.479759 0.933613 0.479759 0.93989 0.4787 0.93989 0.479759 0.933613 0.4787 0.93989 0.4787 0.933613 0.479759 0.927335 0.479759 0.933613 0.4787 0.933613 0.479759 0.927335 0.4787 0.933613 0.4787 0.927335 0.479759 0.921058 0.479759 0.927335 0.4787 0.927335 0.479759 0.921058 0.4787 0.927335 0.4787 0.921058 0.4787 0.91478 0.479759 0.921058 0.4787 0.921058 0.4787 0.91478 0.4787 0.921058 0.477641 0.921058 0.4787 0.91478 0.477641 0.921058 0.477641 0.91478 0.475522 0.921058 0.477641 0.91478 0.477641 0.921058 0.475522 0.921058 0.475522 0.91478 0.477641 0.91478 0.473403 0.91478 0.475522 0.91478 0.475522 0.921058 0.473403 0.91478 0.475522 0.921058 0.473403 0.921058 0.472344 0.91478 0.473403 0.91478 0.473403 0.921058 0.472344 0.91478 0.473403 0.921058 0.472344 0.921058 0.472344 0.921058 0.471284 0.91478 0.472344 0.91478 0.468106 0.952445 0.468106 0.946168 0.469166 0.946168 0.468106 0.946168 0.469166 0.93989 0.469166 0.946168 0.468106 0.946168 0.468106 0.93989 0.469166 0.93989 0.468106 0.93989 0.469166 0.933613 0.469166 0.93989 0.468106 0.93989 0.468106 0.933613 0.469166 0.933613 0.468106 0.927335 0.469166 0.933613 0.468106 0.933613 0.468106 0.927335 0.469166 0.927335 0.469166 0.933613 0.468106 0.921058 0.469166 0.927335 0.468106 0.927335 0.468106 0.921058 0.469166 0.921058 0.469166 0.927335 0.470225 0.927335 0.469166 0.927335 0.469166 0.921058 0.470225 0.927335 0.469166 0.921058 0.470225 0.921058 0.470225 0.921058 0.471284 0.927335 0.470225 0.927335 0.470225 0.921058 0.471284 0.921058 0.471284 0.927335 0.472344 0.927335 0.471284 0.927335 0.471284 0.921058 0.472344 0.927335 0.471284 0.921058 0.472344 0.921058 0.472344 0.927335 0.472344 0.921058 0.473403 0.921058 0.472344 0.927335 0.473403 0.921058 0.473403 0.927335 0.473403 0.927335 0.473403 0.921058 0.475522 0.921058 0.472344 0.921058 0.471284 0.921058 0.471284 0.91478 0.470225 0.91478 0.471284 0.91478 0.471284 0.921058 0.470225 0.91478 0.471284 0.921058 0.470225 0.921058 0.470225 0.921058 0.469166 0.91478 0.470225 0.91478 0.470225 0.921058 0.469166 0.921058 0.469166 0.91478 0.468106 0.91478 0.469166 0.91478 0.469166 0.921058 0.468106 0.91478 0.469166 0.921058 0.468106 0.921058 0.468106 0.921058 0.467047 0.91478 0.468106 0.91478 0.468106 0.921058 0.467047 0.921058 0.467047 0.91478 0.468106 0.927335 0.467047 0.921058 0.468106 0.921058 0.468106 0.927335 0.467047 0.927335 0.467047 0.921058 0.468106 0.933613 0.467047 0.927335 0.468106 0.927335 0.468106 0.933613 0.467047 0.933613 0.467047 0.927335 0.467047 0.93989 0.467047 0.933613 0.468106 0.933613 0.467047 0.93989 0.468106 0.933613 0.468106 0.93989 0.467047 0.946168 0.467047 0.93989 0.468106 0.93989 0.467047 0.946168 0.468106 0.93989 0.468106 0.946168 0.467047 0.952445 0.467047 0.946168 0.468106 0.946168 0.470225 0.91478 0.469166 0.91478 0.469166 0.908503 0.468106 0.908503 0.469166 0.908503 0.469166 0.91478 0.468106 0.908503 0.469166 0.91478 0.468106 0.91478 0.468106 0.91478 0.467047 0.908503 0.468106 0.908503 0.468106 0.91478 0.467047 0.91478 0.467047 0.908503 0.464928 0.91478 0.467047 0.908503 0.467047 0.91478 0.464928 0.91478 0.467047 0.91478 0.467047 0.921058 0.464928 0.91478 0.467047 0.921058 0.464928 0.921058 0.464928 0.921058 0.467047 0.921058 0.467047 0.927335 0.464928 0.921058 0.467047 0.927335 0.464928 0.927335 0.464928 0.927335 0.467047 0.927335 0.467047 0.933613 0.464928 0.927335 0.467047 0.933613 0.464928 0.933613 0.464928 0.933613 0.467047 0.933613 0.467047 0.93989 0.464928 0.933613 0.467047 0.93989 0.464928 0.93989 0.467047 0.93989 0.464928 0.946168 0.464928 0.93989 0.462809 0.93989 0.464928 0.93989 0.464928 0.946168 0.462809 0.93989 0.464928 0.946168 0.462809 0.946168 0.460691 0.93989 0.462809 0.93989 0.462809 0.946168 0.462809 0.927335 0.462809 0.933613 0.460691 0.933613 0.460691 0.93989 0.460691 0.933613 0.462809 0.933613 0.460691 0.93989 0.462809 0.933613 0.462809 0.93989 0.462809 0.933613 0.464928 0.93989 0.462809 0.93989 0.462809 0.933613 0.464928 0.933613 0.464928 0.93989 0.462809 0.933613 0.464928 0.927335 0.464928 0.933613 0.462809 0.933613 0.462809 0.927335 0.464928 0.927335 0.462809 0.927335 0.464928 0.921058 0.464928 0.927335 0.19169 0.730519 0.191265 0.499866 0.1920869 0.499721 0.19169 0.730519 0.190868 0.730591 0.191265 0.499866 0.190868 0.730591 0.190442 0.500012 0.191265 0.499866 0.190868 0.730591 0.1900449 0.730663 0.190442 0.500012 0.189222 0.730735 0.190442 0.500012 0.1900449 0.730663 0.189222 0.730735 0.189619 0.500157 0.190442 0.500012 0.188399 0.730807 0.189619 0.500157 0.189222 0.730735 0.188399 0.730807 0.188796 0.500303 0.189619 0.500157 0.188399 0.730807 0.187973 0.500448 0.188796 0.500303 0.188399 0.730807 0.187577 0.730879 0.187973 0.500448 0.186754 0.730952 0.187973 0.500448 0.187577 0.730879 0.186754 0.730952 0.187151 0.500594 0.187973 0.500448 0.407101 0.470031 0.422281 0.481787 0.411298 0.480291 0.407101 0.470031 0.429068 0.473023 0.422281 0.481787 0.407101 0.470031 0.424872 0.462763 0.429068 0.473023 0.407101 0.470031 0.413888 0.461267 0.424872 0.462763 0.435369 0.482963 0.417799 0.493621 0.431542 0.475514 0.435369 0.482963 0.420778 0.502342 0.417799 0.493621 0.420778 0.502342 0.431542 0.475514 0.417799 0.493621 0.420778 0.502342 0.435369 0.482963 0.431542 0.475514 0.435369 0.482963 0.417799 0.493621 0.431542 0.475514 0.435369 0.482963 0.420778 0.502342 0.417799 0.493621 0.435369 0.482963 0.417799 0.493621 0.420778 0.502342 0.435369 0.482963 0.431542 0.475514 0.417799 0.493621 0.435369 0.482963 0.417799 0.493621 0.431542 0.475514 0.435369 0.482963 0.420778 0.502342 0.417799 0.493621 0.435369 0.482963 0.417799 0.493621 0.420778 0.502342 0.435369 0.482963 0.431542 0.475514 0.417799 0.493621 0.436727 0.525585 0.431542 0.475514 0.444747 0.517439 0.436727 0.525585 0.417799 0.493621 0.431542 0.475514 0.436727 0.525585 0.431542 0.475514 0.417799 0.493621 0.436727 0.525585 0.444747 0.517439 0.431542 0.475514 0.444747 0.517439 0.417799 0.493621 0.431542 0.475514 0.444747 0.517439 0.436727 0.525585 0.417799 0.493621 0.444747 0.517439 0.417799 0.493621 0.436727 0.525585 0.444747 0.517439 0.431542 0.475514 0.417799 0.493621 0.444747 0.517439 0.417799 0.493621 0.431542 0.475514 0.444747 0.517439 0.436727 0.525585 0.417799 0.493621 0.444747 0.517439 0.417799 0.493621 0.436727 0.525585 0.444747 0.517439 0.431542 0.475514 0.417799 0.493621 0.422196 0.481721 0.424787 0.462697 0.428983 0.472957 0.422196 0.481721 0.413803 0.461201 0.424787 0.462697 0.422196 0.481721 0.407016 0.469965 0.413803 0.461201 0.422196 0.481721 0.411213 0.480225 0.407016 0.469965 0.31887 0.730519 0.318445 0.499866 0.319267 0.499721 0.31887 0.730519 0.318048 0.730591 0.318445 0.499866 0.318048 0.730591 0.317622 0.500012 0.318445 0.499866 0.318048 0.730591 0.317225 0.730663 0.317622 0.500012 0.316402 0.730735 0.317622 0.500012 0.317225 0.730663 0.316402 0.730735 0.316799 0.500157 0.317622 0.500012 0.315579 0.730807 0.316799 0.500157 0.316402 0.730735 0.315579 0.730807 0.315976 0.500303 0.316799 0.500157 0.315579 0.730807 0.315154 0.500448 0.315976 0.500303 0.315579 0.730807 0.314757 0.730879 0.315154 0.500448 0.313934 0.730952 0.315154 0.500448 0.314757 0.730879 0.313934 0.730952 0.314331 0.500594 0.315154 0.500448 0.429068 0.473023 0.413888 0.461267 0.424872 0.462763 0.429068 0.473023 0.407101 0.470031 0.413888 0.461267 0.429068 0.473023 0.411298 0.480291 0.407101 0.470031 0.429068 0.473023 0.422281 0.481787 0.411298 0.480291 0.435369 0.482963 0.417799 0.493621 0.431542 0.475514 0.435369 0.482963 0.420778 0.502342 0.417799 0.493621 0.420778 0.502342 0.431542 0.475514 0.417799 0.493621 0.420778 0.502342 0.435369 0.482963 0.431542 0.475514 0.435369 0.482963 0.417799 0.493621 0.431542 0.475514 0.435369 0.482963 0.420778 0.502342 0.417799 0.493621 0.435369 0.482963 0.417799 0.493621 0.420778 0.502342 0.435369 0.482963 0.431542 0.475514 0.417799 0.493621 0.435369 0.482963 0.417799 0.493621 0.431542 0.475514 0.435369 0.482963 0.420778 0.502342 0.417799 0.493621 0.435369 0.482963 0.417799 0.493621 0.420778 0.502342 0.435369 0.482963 0.431542 0.475514 0.417799 0.493621 0.407101 0.470031 0.422281 0.481787 0.411298 0.480291 0.407101 0.470031 0.429068 0.473023 0.422281 0.481787 0.407101 0.470031 0.424872 0.462763 0.429068 0.473023 0.407101 0.470031 0.413888 0.461267 0.424872 0.462763 0.187508 0.437341 0.1887609 0.41197 0.18828 0.437204 0.187508 0.437341 0.188338 0.412045 0.1887609 0.41197 0.1887609 0.41197 0.188338 0.412045 0.188831 0.375305 0.188338 0.412045 0.188682 0.411984 0.188831 0.375305 0.188682 0.411984 0.189449 0.411848 0.188831 0.375305 0.187508 0.437341 0.188682 0.411984 0.188338 0.412045 0.188053 0.500434 0.190322 0.456752 0.191138 0.499888 0.188053 0.500434 0.188189 0.45713 0.190322 0.456752 0.190322 0.456752 0.188189 0.45713 0.18828 0.437204 0.187012 0.457338 0.18828 0.437204 0.188189 0.45713 0.187012 0.457338 0.187508 0.437341 0.18828 0.437204 0.187012 0.457338 0.188136 0.43723 0.187508 0.437341 0.187508 0.437341 0.188136 0.43723 0.188682 0.411984 0.189537 0.436982 0.188682 0.411984 0.188136 0.43723 0.189537 0.436982 0.189449 0.411848 0.188682 0.411984 0.189537 0.436982 0.189873 0.411774 0.189449 0.411848 0.189449 0.411848 0.189873 0.411774 0.188831 0.375305 0.189873 0.411774 0.189528 0.411834 0.188831 0.375305 0.189528 0.411834 0.1887609 0.41197 0.188831 0.375305 0.1896809 0.436956 0.1887609 0.41197 0.189528 0.411834 0.1896809 0.436956 0.18828 0.437204 0.1887609 0.41197 0.190322 0.456752 0.18828 0.437204 0.1896809 0.436956 0.190322 0.456752 0.1896809 0.436956 0.190309 0.436845 0.190322 0.456752 0.190309 0.436845 0.1912789 0.456583 0.189537 0.436982 0.190309 0.436845 0.189873 0.411774 0.1896809 0.436956 0.189873 0.411774 0.190309 0.436845 0.1896809 0.436956 0.189528 0.411834 0.189873 0.411774 0.1912789 0.456583 0.190309 0.436845 0.189537 0.436982 0.1912789 0.456583 0.189537 0.436982 0.190102 0.456791 0.190102 0.456791 0.189537 0.436982 0.188136 0.43723 0.190102 0.456791 0.188136 0.43723 0.187969 0.457169 0.187012 0.457338 0.187969 0.457169 0.188136 0.43723 0.187735 0.50049 0.187969 0.457169 0.187012 0.457338 0.187735 0.50049 0.187012 0.457338 0.186352 0.500735 0.186352 0.500735 0.187012 0.457338 0.188189 0.45713 0.186352 0.500735 0.188189 0.45713 0.188053 0.500434 0.187735 0.50049 0.190102 0.456791 0.187969 0.457169 0.187735 0.50049 0.190821 0.499945 0.190102 0.456791 0.190821 0.499945 0.1912789 0.456583 0.190102 0.456791 0.190821 0.499945 0.192522 0.499644 0.1912789 0.456583 0.192522 0.499644 0.190322 0.456752 0.1912789 0.456583 0.192522 0.499644 0.191138 0.499888 0.190322 0.456752 0.28652 0.730519 0.286094 0.499866 0.286917 0.499721 0.28652 0.730519 0.285697 0.730591 0.286094 0.499866 0.285697 0.730591 0.285271 0.500012 0.286094 0.499866 0.285697 0.730591 0.284874 0.730663 0.285271 0.500012 0.284052 0.730735 0.285271 0.500012 0.284874 0.730663 0.284052 0.730735 0.284449 0.500157 0.285271 0.500012 0.283229 0.730807 0.284449 0.500157 0.284052 0.730735 0.283229 0.730807 0.283626 0.500303 0.284449 0.500157 0.283229 0.730807 0.282803 0.500448 0.283626 0.500303 0.283229 0.730807 0.282406 0.730879 0.282803 0.500448 0.281583 0.730952 0.282803 0.500448 0.282406 0.730879 0.281583 0.730952 0.28198 0.500594 0.282803 0.500448 0.436727 0.525585 0.431542 0.475514 0.444747 0.517439 0.436727 0.525585 0.417799 0.493621 0.431542 0.475514 0.436727 0.525585 0.431542 0.475514 0.417799 0.493621 0.436727 0.525585 0.444747 0.517439 0.431542 0.475514 0.444747 0.517439 0.417799 0.493621 0.431542 0.475514 0.444747 0.517439 0.436727 0.525585 0.417799 0.493621 0.444747 0.517439 0.417799 0.493621 0.436727 0.525585 0.444747 0.517439 0.431542 0.475514 0.417799 0.493621 0.444747 0.517439 0.417799 0.493621 0.431542 0.475514 0.444747 0.517439 0.436727 0.525585 0.417799 0.493621 0.444747 0.517439 0.417799 0.493621 0.436727 0.525585 0.444747 0.517439 0.431542 0.475514 0.417799 0.493621 0.291133 0.412045 0.291477 0.411984 0.291627 0.375305 0.292245 0.411848 0.292668 0.411774 0.291627 0.375305 0.292332 0.436982 0.291477 0.411984 0.290931 0.43723 0.290303 0.437341 0.290931 0.43723 0.291477 0.411984 0.290303 0.437341 0.291477 0.411984 0.291133 0.412045 0.290303 0.437341 0.291133 0.412045 0.291556 0.41197 0.291556 0.41197 0.291133 0.412045 0.291627 0.375305 0.292324 0.411834 0.291556 0.41197 0.291627 0.375305 0.292668 0.411774 0.292324 0.411834 0.291627 0.375305 0.292476 0.436956 0.292324 0.411834 0.292668 0.411774 0.292476 0.436956 0.291556 0.41197 0.292324 0.411834 0.292476 0.436956 0.291076 0.437204 0.291556 0.41197 0.290303 0.437341 0.291556 0.41197 0.291076 0.437204 0.289808 0.457338 0.290303 0.437341 0.291076 0.437204 0.289808 0.457338 0.290931 0.43723 0.290303 0.437341 0.289808 0.457338 0.290765 0.457169 0.290931 0.43723 0.289808 0.457338 0.291076 0.437204 0.290984 0.45713 0.293117 0.456752 0.290984 0.45713 0.291076 0.437204 0.293117 0.456752 0.291076 0.437204 0.292476 0.436956 0.291477 0.411984 0.292245 0.411848 0.291627 0.375305 0.292332 0.436982 0.292245 0.411848 0.291477 0.411984 0.292332 0.436982 0.292668 0.411774 0.292245 0.411848 0.292332 0.436982 0.293104 0.436845 0.292668 0.411774 0.292476 0.436956 0.292668 0.411774 0.293104 0.436845 0.294074 0.456583 0.292476 0.436956 0.293104 0.436845 0.294074 0.456583 0.293117 0.456752 0.292476 0.436956 0.295318 0.499644 0.293117 0.456752 0.294074 0.456583 0.295318 0.499644 0.293934 0.499888 0.293117 0.456752 0.290848 0.500434 0.293117 0.456752 0.293934 0.499888 0.290848 0.500434 0.290984 0.45713 0.293117 0.456752 0.289147 0.500735 0.290984 0.45713 0.290848 0.500434 0.289147 0.500735 0.289808 0.457338 0.290984 0.45713 0.290531 0.50049 0.289808 0.457338 0.289147 0.500735 0.290531 0.50049 0.290765 0.457169 0.289808 0.457338 0.290531 0.50049 0.292898 0.456791 0.290765 0.457169 0.292898 0.456791 0.290931 0.43723 0.290765 0.457169 0.292898 0.456791 0.292332 0.436982 0.290931 0.43723 0.294074 0.456583 0.293104 0.436845 0.292332 0.436982 0.294074 0.456583 0.292332 0.436982 0.292898 0.456791 0.293616 0.499945 0.294074 0.456583 0.292898 0.456791 0.293616 0.499945 0.295318 0.499644 0.294074 0.456583 0.290531 0.50049 0.293616 0.499945 0.292898 0.456791 0.413888 0.461267 0.411298 0.480291 0.407101 0.470031 0.413888 0.461267 0.422281 0.481787 0.411298 0.480291 0.413888 0.461267 0.429068 0.473023 0.422281 0.481787 0.413888 0.461267 0.424872 0.462763 0.429068 0.473023 0.435369 0.482963 0.417799 0.493621 0.431542 0.475514 0.435369 0.482963 0.420778 0.502342 0.417799 0.493621 0.420778 0.502342 0.431542 0.475514 0.417799 0.493621 0.420778 0.502342 0.435369 0.482963 0.431542 0.475514 0.435369 0.482963 0.417799 0.493621 0.431542 0.475514 0.435369 0.482963 0.420778 0.502342 0.417799 0.493621 0.435369 0.482963 0.417799 0.493621 0.420778 0.502342 0.435369 0.482963 0.431542 0.475514 0.417799 0.493621 0.435369 0.482963 0.417799 0.493621 0.431542 0.475514 0.435369 0.482963 0.420778 0.502342 0.417799 0.493621 0.435369 0.482963 0.417799 0.493621 0.420778 0.502342 0.435369 0.482963 0.431542 0.475514 0.417799 0.493621 0.436727 0.525585 0.431542 0.475514 0.444747 0.517439 0.436727 0.525585 0.417799 0.493621 0.431542 0.475514 0.436727 0.525585 0.431542 0.475514 0.417799 0.493621 0.436727 0.525585 0.444747 0.517439 0.431542 0.475514 0.444747 0.517439 0.417799 0.493621 0.431542 0.475514 0.444747 0.517439 0.436727 0.525585 0.417799 0.493621 0.444747 0.517439 0.417799 0.493621 0.436727 0.525585 0.444747 0.517439 0.431542 0.475514 0.417799 0.493621 0.444747 0.517439 0.417799 0.493621 0.431542 0.475514 0.444747 0.517439 0.436727 0.525585 0.417799 0.493621 0.444747 0.517439 0.417799 0.493621 0.436727 0.525585 0.444747 0.517439 0.431542 0.475514 0.417799 0.493621 0.422196 0.481721 0.424787 0.462697 0.428983 0.472957 0.422196 0.481721 0.413803 0.461201 0.424787 0.462697 0.422196 0.481721 0.407016 0.469965 0.413803 0.461201 0.422196 0.481721 0.411213 0.480225 0.407016 0.469965 0.05042296 0.411984 0.05119097 0.411848 0.05057197 0.375305 0.05119097 0.411848 0.05161398 0.411774 0.05057197 0.375305 0.05161398 0.411774 0.05126994 0.411834 0.05057197 0.375305 0.05204999 0.436845 0.05126994 0.411834 0.05161398 0.411774 0.05204999 0.436845 0.05142199 0.436956 0.05126994 0.411834 0.05302 0.456583 0.05142199 0.436956 0.05204999 0.436845 0.05302 0.456583 0.05206298 0.456752 0.05142199 0.436956 0.05426299 0.499644 0.05206298 0.456752 0.05302 0.456583 0.05426299 0.499644 0.05287897 0.499888 0.05206298 0.456752 0.04979395 0.500434 0.05206298 0.456752 0.05287897 0.499888 0.04979395 0.500434 0.04992997 0.45713 0.05206298 0.456752 0.04809296 0.500735 0.04992997 0.45713 0.04979395 0.500434 0.04809296 0.500735 0.04875397 0.457338 0.04992997 0.45713 0.04809296 0.500735 0.04971098 0.457169 0.04875397 0.457338 0.04875397 0.457338 0.04971098 0.457169 0.04987698 0.43723 0.051844 0.456791 0.04987698 0.43723 0.04971098 0.457169 0.051844 0.456791 0.05127799 0.436982 0.04987698 0.43723 0.05302 0.456583 0.05127799 0.436982 0.051844 0.456791 0.04809296 0.500735 0.04947698 0.50049 0.04971098 0.457169 0.04947698 0.50049 0.051844 0.456791 0.04971098 0.457169 0.04947698 0.50049 0.05256199 0.499945 0.051844 0.456791 0.05256199 0.499945 0.05302 0.456583 0.051844 0.456791 0.05256199 0.499945 0.05426299 0.499644 0.05302 0.456583 0.05302 0.456583 0.05204999 0.436845 0.05127799 0.436982 0.05127799 0.436982 0.05204999 0.436845 0.05161398 0.411774 0.05127799 0.436982 0.05161398 0.411774 0.05119097 0.411848 0.05127799 0.436982 0.05119097 0.411848 0.05042296 0.411984 0.05127799 0.436982 0.05042296 0.411984 0.04987698 0.43723 0.04924899 0.437341 0.04987698 0.43723 0.05042296 0.411984 0.04875397 0.457338 0.04987698 0.43723 0.04924899 0.437341 0.04875397 0.457338 0.04924899 0.437341 0.05002099 0.437204 0.04875397 0.457338 0.05002099 0.437204 0.04992997 0.45713 0.05206298 0.456752 0.04992997 0.45713 0.05002099 0.437204 0.05206298 0.456752 0.05002099 0.437204 0.05142199 0.436956 0.05142199 0.436956 0.05002099 0.437204 0.050502 0.41197 0.05142199 0.436956 0.050502 0.41197 0.05126994 0.411834 0.05126994 0.411834 0.050502 0.41197 0.05057197 0.375305 0.050502 0.41197 0.05007898 0.412045 0.05057197 0.375305 0.05007898 0.412045 0.05042296 0.411984 0.05057197 0.375305 0.04924899 0.437341 0.05042296 0.411984 0.05007898 0.412045 0.04924899 0.437341 0.05007898 0.412045 0.050502 0.41197 0.04924899 0.437341 0.050502 0.41197 0.05002099 0.437204 0.429068 0.473023 0.413888 0.461267 0.424872 0.462763 0.429068 0.473023 0.407101 0.470031 0.413888 0.461267 0.429068 0.473023 0.411298 0.480291 0.407101 0.470031 0.429068 0.473023 0.422281 0.481787 0.411298 0.480291 0.05343198 0.730519 0.05300599 0.499866 0.053828 0.499721 0.05343198 0.730519 0.05260896 0.730591 0.05300599 0.499866 0.05260896 0.730591 0.05218297 0.500012 0.05300599 0.499866 0.05260896 0.730591 0.051786 0.730663 0.05218297 0.500012 0.05096298 0.730735 0.05218297 0.500012 0.051786 0.730663 0.05096298 0.730735 0.05135995 0.500157 0.05218297 0.500012 0.05013996 0.730807 0.05135995 0.500157 0.05096298 0.730735 0.05013996 0.730807 0.05053699 0.500303 0.05135995 0.500157 0.05013996 0.730807 0.04971498 0.500448 0.05053699 0.500303 0.05013996 0.730807 0.04931795 0.730879 0.04971498 0.500448 0.04849499 0.730952 0.04971498 0.500448 0.04931795 0.730879 0.04849499 0.730952 0.04889196 0.500594 0.04971498 0.500448 0.422281 0.481787 0.424872 0.462763 0.429068 0.473023 0.422281 0.481787 0.413888 0.461267 0.424872 0.462763 0.422281 0.481787 0.407101 0.470031 0.413888 0.461267 0.422281 0.481787 0.411298 0.480291 0.407101 0.470031 0.435369 0.482963 0.417799 0.493621 0.431542 0.475514 0.435369 0.482963 0.420778 0.502342 0.417799 0.493621 0.420778 0.502342 0.431542 0.475514 0.417799 0.493621 0.420778 0.502342 0.435369 0.482963 0.431542 0.475514 0.435369 0.482963 0.417799 0.493621 0.431542 0.475514 0.435369 0.482963 0.420778 0.502342 0.417799 0.493621 0.435369 0.482963 0.417799 0.493621 0.420778 0.502342 0.435369 0.482963 0.431542 0.475514 0.417799 0.493621 0.435369 0.482963 0.417799 0.493621 0.431542 0.475514 0.435369 0.482963 0.420778 0.502342 0.417799 0.493621 0.435369 0.482963 0.417799 0.493621 0.420778 0.502342 0.435369 0.482963 0.431542 0.475514 0.417799 0.493621 0.436727 0.525585 0.431542 0.475514 0.444747 0.517439 0.436727 0.525585 0.417799 0.493621 0.431542 0.475514 0.436727 0.525585 0.431542 0.475514 0.417799 0.493621 0.436727 0.525585 0.444747 0.517439 0.431542 0.475514 0.444747 0.517439 0.417799 0.493621 0.431542 0.475514 0.444747 0.517439 0.436727 0.525585 0.417799 0.493621 0.444747 0.517439 0.417799 0.493621 0.436727 0.525585 0.444747 0.517439 0.431542 0.475514 0.417799 0.493621 0.444747 0.517439 0.417799 0.493621 0.431542 0.475514 0.444747 0.517439 0.436727 0.525585 0.417799 0.493621 0.444747 0.517439 0.417799 0.493621 0.436727 0.525585 0.444747 0.517439 0.431542 0.475514 0.417799 0.493621 0.422196 0.481721 0.424787 0.462697 0.428983 0.472957 0.422196 0.481721 0.413803 0.461201 0.424787 0.462697 0.422196 0.481721 0.407016 0.469965 0.413803 0.461201 0.422196 0.481721 0.411213 0.480225 0.407016 0.469965 0.179416 0.500735 0.181033 0.457169 0.180077 0.457338 0.180077 0.457338 0.181033 0.457169 0.1812 0.43723 0.180077 0.457338 0.1812 0.43723 0.180572 0.437341 0.1812 0.43723 0.181402 0.412045 0.180572 0.437341 0.1812 0.43723 0.181746 0.411984 0.181402 0.412045 0.182601 0.436982 0.181746 0.411984 0.1812 0.43723 0.182601 0.436982 0.182514 0.411848 0.181746 0.411984 0.182601 0.436982 0.182937 0.411774 0.182514 0.411848 0.182514 0.411848 0.182937 0.411774 0.181895 0.375305 0.182937 0.411774 0.182593 0.411834 0.181895 0.375305 0.182593 0.411834 0.181825 0.41197 0.181895 0.375305 0.182745 0.436956 0.181825 0.41197 0.182593 0.411834 0.182745 0.436956 0.181344 0.437204 0.181825 0.41197 0.183386 0.456752 0.181344 0.437204 0.182745 0.436956 0.183386 0.456752 0.181253 0.45713 0.181344 0.437204 0.181746 0.411984 0.182514 0.411848 0.181895 0.375305 0.181402 0.412045 0.181746 0.411984 0.181895 0.375305 0.181825 0.41197 0.181402 0.412045 0.181895 0.375305 0.180572 0.437341 0.181402 0.412045 0.181825 0.41197 0.180572 0.437341 0.181825 0.41197 0.181344 0.437204 0.180077 0.457338 0.180572 0.437341 0.181344 0.437204 0.180077 0.457338 0.181344 0.437204 0.181253 0.45713 0.179416 0.500735 0.180077 0.457338 0.181253 0.45713 0.179416 0.500735 0.181253 0.45713 0.1811169 0.500434 0.1811169 0.500434 0.181253 0.45713 0.183386 0.456752 0.1811169 0.500434 0.183386 0.456752 0.184202 0.499888 0.185586 0.499644 0.184202 0.499888 0.183386 0.456752 0.185586 0.499644 0.183386 0.456752 0.184343 0.456583 0.183885 0.499945 0.185586 0.499644 0.184343 0.456583 0.183885 0.499945 0.184343 0.456583 0.183167 0.456791 0.1808 0.50049 0.183885 0.499945 0.183167 0.456791 0.1808 0.50049 0.183167 0.456791 0.181033 0.457169 0.179416 0.500735 0.1808 0.50049 0.181033 0.457169 0.183167 0.456791 0.1812 0.43723 0.181033 0.457169 0.183167 0.456791 0.182601 0.436982 0.1812 0.43723 0.184343 0.456583 0.182601 0.436982 0.183167 0.456791 0.184343 0.456583 0.183373 0.436845 0.182601 0.436982 0.183386 0.456752 0.183373 0.436845 0.184343 0.456583 0.183386 0.456752 0.182745 0.436956 0.183373 0.436845 0.183373 0.436845 0.182745 0.436956 0.182593 0.411834 0.183373 0.436845 0.182593 0.411834 0.182937 0.411774 0.182601 0.436982 0.183373 0.436845 0.182937 0.411774 0.429068 0.473023 0.413888 0.461267 0.424872 0.462763 0.429068 0.473023 0.407101 0.470031 0.413888 0.461267 0.429068 0.473023 0.411298 0.480291 0.407101 0.470031 0.429068 0.473023 0.422281 0.481787 0.411298 0.480291 0.184754 0.730519 0.184329 0.499866 0.185151 0.499721 0.184754 0.730519 0.183932 0.730591 0.184329 0.499866 0.183932 0.730591 0.183506 0.500012 0.184329 0.499866 0.183932 0.730591 0.183109 0.730663 0.183506 0.500012 0.182286 0.730735 0.183506 0.500012 0.183109 0.730663 0.182286 0.730735 0.182683 0.500157 0.183506 0.500012 0.181463 0.730807 0.182683 0.500157 0.182286 0.730735 0.181463 0.730807 0.18186 0.500303 0.182683 0.500157 0.181463 0.730807 0.181038 0.500448 0.18186 0.500303 0.181463 0.730807 0.1806409 0.730879 0.181038 0.500448 0.179818 0.730952 0.181038 0.500448 0.1806409 0.730879 0.179818 0.730952 0.180215 0.500594 0.181038 0.500448 0.407101 0.470031 0.422281 0.481787 0.411298 0.480291 0.407101 0.470031 0.429068 0.473023 0.422281 0.481787 0.407101 0.470031 0.424872 0.462763 0.429068 0.473023 0.407101 0.470031 0.413888 0.461267 0.424872 0.462763 0.435369 0.482963 0.417799 0.493621 0.431542 0.475514 0.435369 0.482963 0.420778 0.502342 0.417799 0.493621 0.420778 0.502342 0.431542 0.475514 0.417799 0.493621 0.420778 0.502342 0.435369 0.482963 0.431542 0.475514 0.435369 0.482963 0.417799 0.493621 0.431542 0.475514 0.435369 0.482963 0.420778 0.502342 0.417799 0.493621 0.435369 0.482963 0.417799 0.493621 0.420778 0.502342 0.435369 0.482963 0.431542 0.475514 0.417799 0.493621 0.435369 0.482963 0.417799 0.493621 0.431542 0.475514 0.435369 0.482963 0.420778 0.502342 0.417799 0.493621 0.435369 0.482963 0.417799 0.493621 0.420778 0.502342 0.435369 0.482963 0.431542 0.475514 0.417799 0.493621 0.436727 0.525585 0.431542 0.475514 0.444747 0.517439 0.436727 0.525585 0.417799 0.493621 0.431542 0.475514 0.436727 0.525585 0.431542 0.475514 0.417799 0.493621 0.436727 0.525585 0.444747 0.517439 0.431542 0.475514 0.444747 0.517439 0.417799 0.493621 0.431542 0.475514 0.444747 0.517439 0.436727 0.525585 0.417799 0.493621 0.444747 0.517439 0.417799 0.493621 0.436727 0.525585 0.444747 0.517439 0.431542 0.475514 0.417799 0.493621 0.444747 0.517439 0.417799 0.493621 0.431542 0.475514 0.444747 0.517439 0.436727 0.525585 0.417799 0.493621 0.444747 0.517439 0.417799 0.493621 0.436727 0.525585 0.444747 0.517439 0.431542 0.475514 0.417799 0.493621 0.422196 0.481721 0.424787 0.462697 0.428983 0.472957 0.422196 0.481721 0.413803 0.461201 0.424787 0.462697 0.422196 0.481721 0.407016 0.469965 0.413803 0.461201 0.422196 0.481721 0.411213 0.480225 0.407016 0.469965 0.294486 0.730519 0.29406 0.499866 0.294883 0.499721 0.294486 0.730519 0.293663 0.730591 0.29406 0.499866 0.293663 0.730591 0.293237 0.500012 0.29406 0.499866 0.293663 0.730591 0.29284 0.730663 0.293237 0.500012 0.292017 0.730735 0.293237 0.500012 0.29284 0.730663 0.292017 0.730735 0.292414 0.500157 0.293237 0.500012 0.291195 0.730807 0.292414 0.500157 0.292017 0.730735 0.291195 0.730807 0.291592 0.500303 0.292414 0.500157 0.291195 0.730807 0.290769 0.500448 0.291592 0.500303 0.291195 0.730807 0.290372 0.730879 0.290769 0.500448 0.289549 0.730952 0.290769 0.500448 0.290372 0.730879 0.289549 0.730952 0.289946 0.500594 0.290769 0.500448 0.429068 0.473023 0.413888 0.461267 0.424872 0.462763 0.429068 0.473023 0.407101 0.470031 0.413888 0.461267 0.429068 0.473023 0.411298 0.480291 0.407101 0.470031 0.429068 0.473023 0.422281 0.481787 0.411298 0.480291 0.429068 0.473023 0.413888 0.461267 0.424872 0.462763 0.429068 0.473023 0.407101 0.470031 0.413888 0.461267 0.429068 0.473023 0.411298 0.480291 0.407101 0.470031 0.429068 0.473023 0.422281 0.481787 0.411298 0.480291 0.191005 0.499644 0.189621 0.499888 0.188805 0.456752 0.186536 0.500434 0.188805 0.456752 0.189621 0.499888 0.186536 0.500434 0.186672 0.45713 0.188805 0.456752 0.184834 0.500735 0.186672 0.45713 0.186536 0.500434 0.184834 0.500735 0.185495 0.457338 0.186672 0.45713 0.185495 0.457338 0.186763 0.437204 0.186672 0.45713 0.185495 0.457338 0.185991 0.437341 0.186763 0.437204 0.188805 0.456752 0.186672 0.45713 0.186763 0.437204 0.186218 0.50049 0.185495 0.457338 0.184834 0.500735 0.187165 0.411984 0.187932 0.411848 0.187314 0.375305 0.186821 0.412045 0.187165 0.411984 0.187314 0.375305 0.185991 0.437341 0.187165 0.411984 0.186821 0.412045 0.185991 0.437341 0.186821 0.412045 0.1872439 0.41197 0.185991 0.437341 0.1872439 0.41197 0.186763 0.437204 0.1881639 0.436956 0.186763 0.437204 0.1872439 0.41197 0.188805 0.456752 0.186763 0.437204 0.1881639 0.436956 0.1897619 0.456583 0.188805 0.456752 0.1881639 0.436956 0.191005 0.499644 0.188805 0.456752 0.1897619 0.456583 0.1893039 0.499945 0.191005 0.499644 0.1897619 0.456583 0.1893039 0.499945 0.1897619 0.456583 0.188585 0.456791 0.186218 0.50049 0.1893039 0.499945 0.188585 0.456791 0.186218 0.50049 0.188585 0.456791 0.186452 0.457169 0.186218 0.50049 0.186452 0.457169 0.185495 0.457338 0.185495 0.457338 0.186452 0.457169 0.186619 0.43723 0.185495 0.457338 0.186619 0.43723 0.185991 0.437341 0.185991 0.437341 0.186619 0.43723 0.187165 0.411984 0.18802 0.436982 0.187165 0.411984 0.186619 0.43723 0.1872439 0.41197 0.186821 0.412045 0.187314 0.375305 0.18802 0.436982 0.187932 0.411848 0.187165 0.411984 0.18802 0.436982 0.188356 0.411774 0.187932 0.411848 0.187932 0.411848 0.188356 0.411774 0.187314 0.375305 0.188356 0.411774 0.188011 0.411834 0.187314 0.375305 0.188011 0.411834 0.1872439 0.41197 0.187314 0.375305 0.1881639 0.436956 0.1872439 0.41197 0.188011 0.411834 0.188792 0.436845 0.1881639 0.436956 0.188011 0.411834 0.1897619 0.456583 0.1881639 0.436956 0.188792 0.436845 0.1897619 0.456583 0.188792 0.436845 0.18802 0.436982 0.1897619 0.456583 0.18802 0.436982 0.188585 0.456791 0.188585 0.456791 0.18802 0.436982 0.186619 0.43723 0.188585 0.456791 0.186619 0.43723 0.186452 0.457169 0.18802 0.436982 0.188792 0.436845 0.188356 0.411774 0.188792 0.436845 0.188011 0.411834 0.188356 0.411774 0.190173 0.730519 0.189747 0.499866 0.1905699 0.499721 0.190173 0.730519 0.18935 0.730591 0.189747 0.499866 0.18935 0.730591 0.188925 0.500012 0.189747 0.499866 0.18935 0.730591 0.188528 0.730663 0.188925 0.500012 0.187705 0.730735 0.188925 0.500012 0.188528 0.730663 0.187705 0.730735 0.188102 0.500157 0.188925 0.500012 0.186882 0.730807 0.188102 0.500157 0.187705 0.730735 0.186882 0.730807 0.187279 0.500303 0.188102 0.500157 0.186882 0.730807 0.186456 0.500448 0.187279 0.500303 0.186882 0.730807 0.1860589 0.730879 0.186456 0.500448 0.185237 0.730952 0.186456 0.500448 0.1860589 0.730879 0.185237 0.730952 0.185634 0.500594 0.186456 0.500448 0.413888 0.461267 0.411298 0.480291 0.407101 0.470031 0.413888 0.461267 0.422281 0.481787 0.411298 0.480291 0.413888 0.461267 0.429068 0.473023 0.422281 0.481787 0.413888 0.461267 0.424872 0.462763 0.429068 0.473023 0.435369 0.482963 0.417799 0.493621 0.431542 0.475514 0.435369 0.482963 0.420778 0.502342 0.417799 0.493621 0.420778 0.502342 0.431542 0.475514 0.417799 0.493621 0.420778 0.502342 0.435369 0.482963 0.431542 0.475514 0.435369 0.482963 0.417799 0.493621 0.431542 0.475514 0.435369 0.482963 0.420778 0.502342 0.417799 0.493621 0.435369 0.482963 0.417799 0.493621 0.420778 0.502342 0.435369 0.482963 0.431542 0.475514 0.417799 0.493621 0.435369 0.482963 0.417799 0.493621 0.431542 0.475514 0.435369 0.482963 0.420778 0.502342 0.417799 0.493621 0.435369 0.482963 0.417799 0.493621 0.420778 0.502342 0.435369 0.482963 0.431542 0.475514 0.417799 0.493621 0.436727 0.525585 0.431542 0.475514 0.444747 0.517439 0.436727 0.525585 0.417799 0.493621 0.431542 0.475514 0.436727 0.525585 0.431542 0.475514 0.417799 0.493621 0.436727 0.525585 0.444747 0.517439 0.431542 0.475514 0.444747 0.517439 0.417799 0.493621 0.431542 0.475514 0.444747 0.517439 0.436727 0.525585 0.417799 0.493621 0.444747 0.517439 0.417799 0.493621 0.436727 0.525585 0.444747 0.517439 0.431542 0.475514 0.417799 0.493621 0.444747 0.517439 0.417799 0.493621 0.431542 0.475514 0.444747 0.517439 0.436727 0.525585 0.417799 0.493621 0.444747 0.517439 0.417799 0.493621 0.436727 0.525585 0.444747 0.517439 0.431542 0.475514 0.417799 0.493621 0.531669 0.946168 0.533788 0.93989 0.533788 0.946168 0.531669 0.946168 0.531669 0.93989 0.533788 0.93989 0.529551 0.93989 0.531669 0.93989 0.531669 0.946168 0.531669 0.933613 0.531669 0.93989 0.529551 0.93989 0.533788 0.933613 0.531669 0.93989 0.531669 0.933613 0.531669 0.933613 0.533788 0.927335 0.533788 0.933613 0.533788 0.933613 0.533788 0.927335 0.535907 0.927335 0.533788 0.933613 0.535907 0.927335 0.535907 0.933613 0.535907 0.933613 0.535907 0.927335 0.538026 0.927335 0.535907 0.933613 0.538026 0.927335 0.538026 0.933613 0.538026 0.933613 0.535907 0.93989 0.535907 0.933613 0.538026 0.933613 0.538026 0.93989 0.535907 0.93989 0.538026 0.946168 0.535907 0.93989 0.538026 0.93989 0.538026 0.946168 0.535907 0.946168 0.535907 0.93989 0.533788 0.946168 0.535907 0.93989 0.535907 0.946168 0.533788 0.946168 0.533788 0.93989 0.535907 0.93989 0.535907 0.933613 0.535907 0.93989 0.533788 0.93989 0.535907 0.933613 0.533788 0.93989 0.533788 0.933613 0.533788 0.933613 0.533788 0.93989 0.531669 0.93989 0.436727 0.525585 0.431542 0.475514 0.444747 0.517439 0.436727 0.525585 0.417799 0.493621 0.431542 0.475514 0.436727 0.525585 0.431542 0.475514 0.417799 0.493621 0.436727 0.525585 0.444747 0.517439 0.431542 0.475514 0.444747 0.517439 0.417799 0.493621 0.431542 0.475514 0.444747 0.517439 0.436727 0.525585 0.417799 0.493621 0.444747 0.517439 0.417799 0.493621 0.436727 0.525585 0.444747 0.517439 0.431542 0.475514 0.417799 0.493621 0.444747 0.517439 0.417799 0.493621 0.431542 0.475514 0.444747 0.517439 0.436727 0.525585 0.417799 0.493621 0.444747 0.517439 0.417799 0.493621 0.436727 0.525585 0.444747 0.517439 0.431542 0.475514 0.417799 0.493621 0.407101 0.470031 0.422281 0.481787 0.411298 0.480291 0.407101 0.470031 0.429068 0.473023 0.422281 0.481787 0.407101 0.470031 0.424872 0.462763 0.429068 0.473023 0.407101 0.470031 0.413888 0.461267 0.424872 0.462763 0.422196 0.481721 0.424787 0.462697 0.428983 0.472957 0.422196 0.481721 0.413803 0.461201 0.424787 0.462697 0.422196 0.481721 0.407016 0.469965 0.413803 0.461201 0.422196 0.481721 0.411213 0.480225 0.407016 0.469965 0.429068 0.473023 0.413888 0.461267 0.424872 0.462763 0.429068 0.473023 0.407101 0.470031 0.413888 0.461267 0.429068 0.473023 0.411298 0.480291 0.407101 0.470031 0.429068 0.473023 0.422281 0.481787 0.411298 0.480291 0.429068 0.473023 0.413888 0.461267 0.424872 0.462763 0.429068 0.473023 0.407101 0.470031 0.413888 0.461267 0.429068 0.473023 0.411298 0.480291 0.407101 0.470031 0.429068 0.473023 0.422281 0.481787 0.411298 0.480291 0.422196 0.481721 0.424787 0.462697 0.428983 0.472957 0.422196 0.481721 0.413803 0.461201 0.424787 0.462697 0.422196 0.481721 0.407016 0.469965 0.413803 0.461201 0.422196 0.481721 0.411213 0.480225 0.407016 0.469965 0.413888 0.461267 0.411298 0.480291 0.407101 0.470031 0.413888 0.461267 0.422281 0.481787 0.411298 0.480291 0.413888 0.461267 0.429068 0.473023 0.422281 0.481787 0.413888 0.461267 0.424872 0.462763 0.429068 0.473023 0.422196 0.481721 0.424787 0.462697 0.428983 0.472957 0.422196 0.481721 0.413803 0.461201 0.424787 0.462697 0.422196 0.481721 0.407016 0.469965 0.413803 0.461201 0.422196 0.481721 0.411213 0.480225 0.407016 0.469965 0.436727 0.525585 0.431542 0.475514 0.444747 0.517439 0.436727 0.525585 0.417799 0.493621 0.431542 0.475514 0.436727 0.525585 0.431542 0.475514 0.417799 0.493621 0.436727 0.525585 0.444747 0.517439 0.431542 0.475514 0.444747 0.517439 0.417799 0.493621 0.431542 0.475514 0.444747 0.517439 0.436727 0.525585 0.417799 0.493621 0.444747 0.517439 0.417799 0.493621 0.436727 0.525585 0.444747 0.517439 0.431542 0.475514 0.417799 0.493621 0.444747 0.517439 0.417799 0.493621 0.431542 0.475514 0.444747 0.517439 0.436727 0.525585 0.417799 0.493621 0.444747 0.517439 0.417799 0.493621 0.436727 0.525585 0.444747 0.517439 0.431542 0.475514 0.417799 0.493621 0.422196 0.481721 0.424787 0.462697 0.428983 0.472957 0.422196 0.481721 0.413803 0.461201 0.424787 0.462697 0.422196 0.481721 0.407016 0.469965 0.413803 0.461201 0.422196 0.481721 0.411213 0.480225 0.407016 0.469965 0.436727 0.525585 0.431542 0.475514 0.444747 0.517439 0.436727 0.525585 0.417799 0.493621 0.431542 0.475514 0.436727 0.525585 0.431542 0.475514 0.417799 0.493621 0.436727 0.525585 0.444747 0.517439 0.431542 0.475514 0.444747 0.517439 0.417799 0.493621 0.431542 0.475514 0.444747 0.517439 0.436727 0.525585 0.417799 0.493621 0.444747 0.517439 0.417799 0.493621 0.436727 0.525585 0.444747 0.517439 0.431542 0.475514 0.417799 0.493621 0.444747 0.517439 0.417799 0.493621 0.431542 0.475514 0.444747 0.517439 0.436727 0.525585 0.417799 0.493621 0.444747 0.517439 0.417799 0.493621 0.436727 0.525585 0.444747 0.517439 0.431542 0.475514 0.417799 0.493621 0.407101 0.470031 0.422281 0.481787 0.411298 0.480291 0.407101 0.470031 0.429068 0.473023 0.422281 0.481787 0.407101 0.470031 0.424872 0.462763 0.429068 0.473023 0.407101 0.470031 0.413888 0.461267 0.424872 0.462763 0.429068 0.473023 0.413888 0.461267 0.424872 0.462763 0.429068 0.473023 0.407101 0.470031 0.413888 0.461267 0.429068 0.473023 0.411298 0.480291 0.407101 0.470031 0.429068 0.473023 0.422281 0.481787 0.411298 0.480291 0.429068 0.473023 0.413888 0.461267 0.424872 0.462763 0.429068 0.473023 0.407101 0.470031 0.413888 0.461267 0.429068 0.473023 0.411298 0.480291 0.407101 0.470031 0.429068 0.473023 0.422281 0.481787 0.411298 0.480291 0.413888 0.461267 0.411298 0.480291 0.407101 0.470031 0.413888 0.461267 0.422281 0.481787 0.411298 0.480291 0.413888 0.461267 0.429068 0.473023 0.422281 0.481787 0.413888 0.461267 0.424872 0.462763 0.429068 0.473023 0.422196 0.481721 0.424787 0.462697 0.428983 0.472957 0.422196 0.481721 0.413803 0.461201 0.424787 0.462697 0.422196 0.481721 0.407016 0.469965 0.413803 0.461201 0.422196 0.481721 0.411213 0.480225 0.407016 0.469965 0.436727 0.525585 0.431542 0.475514 0.444747 0.517439 0.436727 0.525585 0.417799 0.493621 0.431542 0.475514 0.436727 0.525585 0.431542 0.475514 0.417799 0.493621 0.436727 0.525585 0.444747 0.517439 0.431542 0.475514 0.444747 0.517439 0.417799 0.493621 0.431542 0.475514 0.444747 0.517439 0.436727 0.525585 0.417799 0.493621 0.444747 0.517439 0.417799 0.493621 0.436727 0.525585 0.444747 0.517439 0.431542 0.475514 0.417799 0.493621 0.444747 0.517439 0.417799 0.493621 0.431542 0.475514 0.444747 0.517439 0.436727 0.525585 0.417799 0.493621 0.444747 0.517439 0.417799 0.493621 0.436727 0.525585 0.444747 0.517439 0.431542 0.475514 0.417799 0.493621 0.422196 0.481721 0.424787 0.462697 0.428983 0.472957 0.422196 0.481721 0.413803 0.461201 0.424787 0.462697 0.422196 0.481721 0.407016 0.469965 0.413803 0.461201 0.422196 0.481721 0.411213 0.480225 0.407016 0.469965 0.436727 0.525585 0.431542 0.475514 0.444747 0.517439 0.436727 0.525585 0.417799 0.493621 0.431542 0.475514 0.436727 0.525585 0.431542 0.475514 0.417799 0.493621 0.436727 0.525585 0.444747 0.517439 0.431542 0.475514 0.444747 0.517439 0.417799 0.493621 0.431542 0.475514 0.444747 0.517439 0.436727 0.525585 0.417799 0.493621 0.444747 0.517439 0.417799 0.493621 0.436727 0.525585 0.444747 0.517439 0.431542 0.475514 0.417799 0.493621 0.444747 0.517439 0.417799 0.493621 0.431542 0.475514 0.444747 0.517439 0.436727 0.525585 0.417799 0.493621 0.444747 0.517439 0.417799 0.493621 0.436727 0.525585 0.444747 0.517439 0.431542 0.475514 0.417799 0.493621 0.407101 0.470031 0.422281 0.481787 0.411298 0.480291 0.407101 0.470031 0.429068 0.473023 0.422281 0.481787 0.407101 0.470031 0.424872 0.462763 0.429068 0.473023 0.407101 0.470031 0.413888 0.461267 0.424872 0.462763 0.429068 0.473023 0.413888 0.461267 0.424872 0.462763 0.429068 0.473023 0.407101 0.470031 0.413888 0.461267 0.429068 0.473023 0.411298 0.480291 0.407101 0.470031 0.429068 0.473023 0.422281 0.481787 0.411298 0.480291 0.429068 0.473023 0.413888 0.461267 0.424872 0.462763 0.429068 0.473023 0.407101 0.470031 0.413888 0.461267 0.429068 0.473023 0.411298 0.480291 0.407101 0.470031 0.429068 0.473023 0.422281 0.481787 0.411298 0.480291 0.422281 0.481787 0.424872 0.462763 0.429068 0.473023 0.422281 0.481787 0.413888 0.461267 0.424872 0.462763 0.422281 0.481787 0.407101 0.470031 0.413888 0.461267 0.422281 0.481787 0.411298 0.480291 0.407101 0.470031 0.422196 0.481721 0.424787 0.462697 0.428983 0.472957 0.422196 0.481721 0.413803 0.461201 0.424787 0.462697 0.422196 0.481721 0.407016 0.469965 0.413803 0.461201 0.422196 0.481721 0.411213 0.480225 0.407016 0.469965 0.436727 0.525585 0.431542 0.475514 0.444747 0.517439 0.436727 0.525585 0.417799 0.493621 0.431542 0.475514 0.436727 0.525585 0.431542 0.475514 0.417799 0.493621 0.436727 0.525585 0.444747 0.517439 0.431542 0.475514 0.444747 0.517439 0.417799 0.493621 0.431542 0.475514 0.444747 0.517439 0.436727 0.525585 0.417799 0.493621 0.444747 0.517439 0.417799 0.493621 0.436727 0.525585 0.444747 0.517439 0.431542 0.475514 0.417799 0.493621 0.436727 0.525585 0.431542 0.475514 0.444747 0.517439 0.436727 0.525585 0.417799 0.493621 0.431542 0.475514 0.444747 0.517439 0.417799 0.493621 0.436727 0.525585 0.444747 0.517439 0.431542 0.475514 0.417799 0.493621</float_array>
          <technique_common>
            <accessor source="#c_stickybomb_launcher_xmas-mesh-map-0-array" count="11436" stride="2">
              <param name="S" type="float"/>
              <param name="T" type="float"/>
            </accessor>
          </technique_common>
        </source>
        <vertices id="c_stickybomb_launcher_xmas-mesh-vertices">
          <input semantic="POSITION" source="#c_stickybomb_launcher_xmas-mesh-positions"/>
        </vertices>
        <triangles material="xms_colored_lights_white-material" count="3812">
          <input semantic="VERTEX" source="#c_stickybomb_launcher_xmas-mesh-vertices" offset="0"/>
          <input semantic="NORMAL" source="#c_stickybomb_launcher_xmas-mesh-normals" offset="1"/>
          <input semantic="TEXCOORD" source="#c_stickybomb_launcher_xmas-mesh-map-0" offset="2" set="0"/>
          <p>0 0 0 1 1 1 2 2 2 0 0 3 3 3 4 1 1 5 4 4 6 5 5 7 6 6 8 7 7 9 8 8 10 6 6 11 9 9 12 5 5 13 10 10 14 11 11 15 10 10 16 5 5 17 11 11 18 5 5 19 4 4 20 11 11 21 4 4 22 12 12 23 12 12 24 4 4 25 6 6 26 13 13 27 12 12 28 6 6 29 8 8 30 13 13 31 6 6 32 14 14 33 13 13 34 8 8 35 14 14 36 12 12 37 13 13 38 14 14 39 15 15 40 12 12 41 11 11 42 12 12 43 15 15 44 16 16 45 11 11 46 15 15 47 16 16 48 10 10 49 11 11 50 16 16 51 17 17 52 10 10 53 16 16 54 15 15 55 18 18 56 19 19 57 18 18 58 15 15 59 19 19 60 15 15 61 14 14 62 5 5 63 7 7 64 6 6 65 9 9 66 7 7 67 5 5 68 9 9 69 8 8 70 7 7 71 9 9 72 20 20 73 8 8 74 14 14 75 8 8 76 20 20 77 21 21 78 14 14 79 20 20 80 21 21 81 19 19 82 14 14 83 22 22 84 19 19 85 21 21 86 22 22 87 23 23 88 19 19 89 24 24 90 19 19 91 23 23 92 24 24 93 18 18 94 19 19 95 25 25 96 18 18 97 24 24 98 25 25 99 16 16 100 18 18 101 26 26 102 16 16 103 25 25 104 26 26 105 17 17 106 16 16 107 26 26 108 27 27 109 17 17 110 27 27 111 10 10 112 17 17 113 27 27 114 9 9 115 10 10 116 21 21 117 20 20 118 9 9 119 21 21 120 9 9 121 27 27 122 28 28 123 21 21 124 27 27 125 28 28 126 22 22 127 21 21 128 26 26 129 28 28 130 27 27 131 29 29 132 30 30 133 31 31 134 29 29 135 32 32 136 30 30 137 29 29 138 33 33 139 32 32 140 29 29 141 34 34 142 33 33 143 35 35 144 28 28 145 26 26 146 35 35 147 36 36 148 28 28 149 36 36 150 22 22 151 28 28 152 36 36 153 37 37 154 22 22 155 38 38 156 22 22 157 37 37 158 38 38 159 23 23 160 22 22 161 39 39 162 23 23 163 38 38 164 39 39 165 24 24 166 23 23 167 39 39 168 25 25 169 24 24 170 39 39 171 40 40 172 25 25 173 35 35 174 25 25 175 40 40 176 35 35 177 26 26 178 25 25 179 41 41 180 42 42 181 43 43 182 41 41 183 44 44 184 42 42 185 41 41 186 45 45 187 44 44 188 41 41 189 46 46 190 45 45 191 42 47 192 29 48 193 31 49 194 42 47 195 44 50 196 29 48 197 44 50 198 34 51 199 29 48 200 44 50 201 45 52 202 34 51 203 45 52 204 33 53 205 34 51 206 45 52 207 46 54 208 33 53 209 41 55 210 33 53 211 46 54 212 41 55 213 32 56 214 33 53 215 41 55 216 30 57 217 32 56 218 41 55 219 43 58 220 30 57 221 42 47 222 30 57 223 43 58 224 42 47 225 31 49 226 30 57 227 47 59 228 48 60 229 49 61 230 47 59 231 50 62 232 48 60 233 47 59 234 51 63 235 50 62 236 47 59 237 52 64 238 51 63 239 53 65 240 54 66 241 55 67 242 53 65 243 55 67 244 56 68 245 57 69 246 53 65 247 56 68 248 57 69 249 58 70 250 53 65 251 59 71 252 57 69 253 56 68 254 60 72 255 61 73 256 62 74 257 55 67 258 61 73 259 60 72 260 55 67 261 63 75 262 61 73 263 55 67 264 54 66 265 63 75 266 64 76 267 63 75 268 54 66 269 53 65 270 64 76 271 54 66 272 53 65 273 65 77 274 64 76 275 58 70 276 65 77 277 53 65 278 58 70 279 66 78 280 65 77 281 67 79 282 65 77 283 66 78 284 67 79 285 68 80 286 65 77 287 69 81 288 68 80 289 67 79 290 69 81 291 70 82 292 68 80 293 59 71 294 70 82 295 69 81 296 59 71 297 71 83 298 70 82 299 59 71 300 56 68 301 71 83 302 56 68 303 72 84 304 71 83 305 56 68 306 55 67 307 72 84 308 61 73 309 63 75 310 62 74 311 73 85 312 60 72 313 62 74 314 70 82 315 74 86 316 68 80 317 65 77 318 68 80 319 74 86 320 65 77 321 74 86 322 64 76 323 55 67 324 60 72 325 72 84 326 75 87 327 72 84 328 60 72 329 75 87 330 60 72 331 73 85 332 75 87 333 73 85 334 76 88 335 76 88 336 73 85 337 62 74 338 77 89 339 76 88 340 62 74 341 63 75 342 77 89 343 62 74 344 64 76 345 77 89 346 63 75 347 64 76 348 76 88 349 77 89 350 64 76 351 74 86 352 76 88 353 75 87 354 76 88 355 74 86 356 70 82 357 75 87 358 74 86 359 70 82 360 72 84 361 75 87 362 70 82 363 71 83 364 72 84 365 78 90 366 57 69 367 59 71 368 78 90 369 79 91 370 57 69 371 79 91 372 58 70 373 57 69 374 79 91 375 80 92 376 58 70 377 81 93 378 58 70 379 80 92 380 81 93 381 66 78 382 58 70 383 82 94 384 66 78 385 81 93 386 82 94 387 67 79 388 66 78 389 82 94 390 69 81 391 67 79 392 82 94 393 83 95 394 69 81 395 78 90 396 69 81 397 83 95 398 78 90 399 59 71 400 69 81 401 47 96 402 84 97 403 52 98 404 47 96 405 85 99 406 84 97 407 47 96 408 86 100 409 85 99 410 47 96 411 49 101 412 86 100 413 49 101 414 87 102 415 86 100 416 49 101 417 48 103 418 87 102 419 50 104 420 87 102 421 48 103 422 50 104 423 88 105 424 87 102 425 50 104 426 89 106 427 88 105 428 50 104 429 51 107 430 89 106 431 52 98 432 89 106 433 51 107 434 52 98 435 84 97 436 89 106 437 90 108 438 91 109 439 92 110 440 90 108 441 93 111 442 91 109 443 90 108 444 94 112 445 93 111 446 90 108 447 95 113 448 94 112 449 96 114 450 90 115 451 92 116 452 96 114 453 97 117 454 90 115 455 97 117 456 95 118 457 90 115 458 97 117 459 98 119 460 95 118 461 98 119 462 94 120 463 95 118 464 98 119 465 99 121 466 94 120 467 100 122 468 94 120 469 99 121 470 100 122 471 93 123 472 94 120 473 100 122 474 91 124 475 93 123 476 100 122 477 101 125 478 91 124 479 96 114 480 91 124 481 101 125 482 96 114 483 92 116 484 91 124 485 100 126 486 96 127 487 101 128 488 100 126 489 97 129 490 96 127 491 100 126 492 98 130 493 97 129 494 100 126 495 99 131 496 98 130 497 102 132 498 103 133 499 104 134 500 102 132 501 104 134 502 105 135 503 106 136 504 102 132 505 105 135 506 106 136 507 107 137 508 102 132 509 108 138 510 106 136 511 105 135 512 109 139 513 110 140 514 111 141 515 104 134 516 110 140 517 109 139 518 104 134 519 112 142 520 110 140 521 104 134 522 103 133 523 112 142 524 113 143 525 112 142 526 103 133 527 102 132 528 113 143 529 103 133 530 102 132 531 114 144 532 113 143 533 107 137 534 114 144 535 102 132 536 107 137 537 115 145 538 114 144 539 115 145 540 116 146 541 114 144 542 115 145 543 117 147 544 116 146 545 118 148 546 116 146 547 117 147 548 118 148 549 119 149 550 116 146 551 108 138 552 119 149 553 118 148 554 108 138 555 120 150 556 119 149 557 108 138 558 105 135 559 120 150 560 105 135 561 121 151 562 120 150 563 105 135 564 104 134 565 121 151 566 110 140 567 112 142 568 111 141 569 122 152 570 109 139 571 111 141 572 119 149 573 123 153 574 116 146 575 114 144 576 116 146 577 123 153 578 114 144 579 123 153 580 113 143 581 104 134 582 109 139 583 121 151 584 124 154 585 121 151 586 109 139 587 124 154 588 109 139 589 122 152 590 124 154 591 122 152 592 125 155 593 125 155 594 122 152 595 111 141 596 126 156 597 125 155 598 111 141 599 112 142 600 126 156 601 111 141 602 113 143 603 126 156 604 112 142 605 113 143 606 125 155 607 126 156 608 113 143 609 123 153 610 125 155 611 124 154 612 125 155 613 123 153 614 119 149 615 124 154 616 123 153 617 119 149 618 121 151 619 124 154 620 119 149 621 120 150 622 121 151 623 127 157 624 106 136 625 108 138 626 127 157 627 128 158 628 106 136 629 128 158 630 107 137 631 106 136 632 128 158 633 129 159 634 107 137 635 130 160 636 107 137 637 129 159 638 130 160 639 115 145 640 107 137 641 131 161 642 115 145 643 130 160 644 131 161 645 117 147 646 115 145 647 131 161 648 118 148 649 117 147 650 131 161 651 132 162 652 118 148 653 127 157 654 118 148 655 132 162 656 127 157 657 108 138 658 118 148 659 133 163 660 134 164 661 135 165 662 133 163 663 136 166 664 134 164 665 133 163 666 137 167 667 136 166 668 133 163 669 138 168 670 137 167 671 139 169 672 140 170 673 141 171 674 139 169 675 142 172 676 140 170 677 142 172 678 143 173 679 140 170 680 142 172 681 144 174 682 143 173 683 144 174 684 145 175 685 143 173 686 144 174 687 146 176 688 145 175 689 147 177 690 145 175 691 146 176 692 147 177 693 148 178 694 145 175 695 147 177 696 149 179 697 148 178 698 147 177 699 150 180 700 149 179 701 139 169 702 149 179 703 150 180 704 139 169 705 141 171 706 149 179 707 133 181 708 151 182 709 138 183 710 133 181 711 152 184 712 151 182 713 133 181 714 153 185 715 152 184 716 133 181 717 135 186 718 153 185 719 135 186 720 154 187 721 153 185 722 135 186 723 134 188 724 154 187 725 136 189 726 154 187 727 134 188 728 136 189 729 155 190 730 154 187 731 136 189 732 156 191 733 155 190 734 136 189 735 137 192 736 156 191 737 138 183 738 156 191 739 137 192 740 138 183 741 151 182 742 156 191 743 140 193 744 149 194 745 141 195 746 140 193 747 148 196 748 149 194 749 140 193 750 145 197 751 148 196 752 140 193 753 143 198 754 145 197 755 157 199 756 158 200 757 159 201 758 157 199 759 160 202 760 158 200 761 160 202 762 161 203 763 158 200 764 160 202 765 162 204 766 161 203 767 163 205 768 161 203 769 162 204 770 163 205 771 164 206 772 161 203 773 165 207 774 164 206 775 163 205 776 165 207 777 166 208 778 164 206 779 165 207 780 167 209 781 166 208 782 165 207 783 168 210 784 167 209 785 157 199 786 167 209 787 168 210 788 157 199 789 159 201 790 167 209 791 147 211 792 139 212 793 150 213 794 147 211 795 142 214 796 139 212 797 147 211 798 144 215 799 142 214 800 147 211 801 146 216 802 144 215 803 169 217 804 170 218 805 171 219 806 169 217 807 172 220 808 170 218 809 172 220 810 173 221 811 170 218 812 172 220 813 174 222 814 173 221 815 174 222 816 175 223 817 173 221 818 174 222 819 176 224 820 175 223 821 177 225 822 175 223 823 176 224 824 177 225 825 178 226 826 175 223 827 177 225 828 179 227 829 178 226 830 177 225 831 180 228 832 179 227 833 169 217 834 179 227 835 180 228 836 169 217 837 171 219 838 179 227 839 181 229 840 182 230 841 183 231 842 181 229 843 184 232 844 182 230 845 181 229 846 185 233 847 184 232 848 181 229 849 186 234 850 185 233 851 187 235 852 188 236 853 189 237 854 187 235 855 190 238 856 188 236 857 191 239 858 188 236 859 190 238 860 191 239 861 192 240 862 188 236 863 193 241 864 192 240 865 191 239 866 193 241 867 194 242 868 192 240 869 195 243 870 194 242 871 193 241 872 195 243 873 196 244 874 194 242 875 195 243 876 197 245 877 196 244 878 195 243 879 198 246 880 197 245 881 198 246 882 189 237 883 197 245 884 198 246 885 187 235 886 189 237 887 199 247 888 200 248 889 201 249 890 202 250 891 201 249 892 200 248 893 202 250 894 203 251 895 201 249 896 204 252 897 203 251 898 202 250 899 204 252 900 205 253 901 203 251 902 205 253 903 206 254 904 203 251 905 205 253 906 207 255 907 206 254 908 201 249 909 203 251 910 206 254 911 208 256 912 205 253 913 204 252 914 209 257 915 210 258 916 211 259 917 212 260 918 209 257 919 211 259 920 207 255 921 209 257 922 212 260 923 207 255 924 212 260 925 213 261 926 207 255 927 213 261 928 206 254 929 214 262 930 206 254 931 213 261 932 201 249 933 206 254 934 214 262 935 215 263 936 201 249 937 214 262 938 199 247 939 201 249 940 215 263 941 216 264 942 199 247 943 215 263 944 216 264 945 215 263 946 217 265 947 208 256 948 216 264 949 217 265 950 208 256 951 217 265 952 218 266 953 208 256 954 218 266 955 205 253 956 205 253 957 218 266 958 219 267 959 205 253 960 219 267 961 207 255 962 207 255 963 219 267 964 209 257 965 220 268 966 209 257 967 219 267 968 213 261 969 212 260 970 211 259 971 220 268 972 210 258 973 209 257 974 220 268 975 221 269 976 210 258 977 210 258 978 221 269 979 211 259 980 221 269 981 222 270 982 211 259 983 222 270 984 213 261 985 211 259 986 214 262 987 213 261 988 222 270 989 223 271 990 214 262 991 222 270 992 215 263 993 214 262 994 223 271 995 215 263 996 223 271 997 220 268 998 215 263 999 220 268 1000 217 265 1001 217 265 1002 220 268 1003 219 267 1004 217 265 1005 219 267 1006 218 266 1007 220 268 1008 223 271 1009 221 269 1010 223 271 1011 222 270 1012 221 269 1013 224 272 1014 216 264 1015 208 256 1016 224 272 1017 225 273 1018 216 264 1019 225 273 1020 199 247 1021 216 264 1022 225 273 1023 226 274 1024 199 247 1025 227 275 1026 199 247 1027 226 274 1028 227 275 1029 200 248 1030 199 247 1031 228 276 1032 200 248 1033 227 275 1034 228 276 1035 202 250 1036 200 248 1037 228 276 1038 204 252 1039 202 250 1040 228 276 1041 229 277 1042 204 252 1043 224 272 1044 204 252 1045 229 277 1046 224 272 1047 208 256 1048 204 252 1049 183 278 1050 230 279 1051 181 280 1052 183 278 1053 231 281 1054 230 279 1055 183 278 1056 232 282 1057 231 281 1058 183 278 1059 182 283 1060 232 282 1061 182 283 1062 233 284 1063 232 282 1064 182 283 1065 184 285 1066 233 284 1067 185 286 1068 233 284 1069 184 285 1070 185 286 1071 234 287 1072 233 284 1073 185 286 1074 235 288 1075 234 287 1076 185 286 1077 186 289 1078 235 288 1079 181 280 1080 235 288 1081 186 289 1082 181 280 1083 230 279 1084 235 288 1085 236 290 1086 237 291 1087 238 292 1088 239 293 1089 240 294 1090 238 292 1091 241 295 1092 236 290 1093 242 296 1094 242 296 1095 236 290 1096 238 292 1097 243 297 1098 242 296 1099 238 292 1100 240 294 1101 243 297 1102 238 292 1103 244 298 1104 243 297 1105 240 294 1106 244 298 1107 242 296 1108 243 297 1109 244 298 1110 245 299 1111 242 296 1112 241 295 1113 242 296 1114 245 299 1115 246 300 1116 241 295 1117 245 299 1118 246 300 1119 247 301 1120 241 295 1121 246 300 1122 248 302 1123 247 301 1124 237 291 1125 239 293 1126 238 292 1127 249 303 1128 239 293 1129 237 291 1130 249 303 1131 240 294 1132 239 293 1133 249 303 1134 250 304 1135 240 294 1136 244 298 1137 240 294 1138 250 304 1139 251 305 1140 244 298 1141 250 304 1142 251 305 1143 245 299 1144 244 298 1145 251 305 1146 252 306 1147 245 299 1148 246 300 1149 245 299 1150 252 306 1151 253 307 1152 246 300 1153 252 306 1154 254 308 1155 246 300 1156 253 307 1157 254 308 1158 248 302 1159 246 300 1160 254 308 1161 255 309 1162 248 302 1163 255 309 1164 247 301 1165 248 302 1166 255 309 1167 249 303 1168 247 301 1169 249 303 1170 237 291 1171 247 301 1172 241 295 1173 247 301 1174 237 291 1175 241 295 1176 237 291 1177 236 290 1178 256 310 1179 249 303 1180 255 309 1181 256 310 1182 250 304 1183 249 303 1184 251 305 1185 250 304 1186 256 310 1187 253 307 1188 252 306 1189 257 311 1190 257 311 1191 252 306 1192 251 305 1193 257 311 1194 251 305 1195 258 312 1196 259 313 1197 258 312 1198 251 305 1199 259 313 1200 251 305 1201 256 310 1202 260 314 1203 259 313 1204 256 310 1205 260 314 1206 256 310 1207 255 309 1208 254 308 1209 260 314 1210 255 309 1211 159 201 1212 158 200 1213 261 315 1214 158 200 1215 262 316 1216 261 315 1217 158 200 1218 161 203 1219 262 316 1220 161 203 1221 263 317 1222 262 316 1223 161 203 1224 164 206 1225 263 317 1226 166 208 1227 263 317 1228 164 206 1229 166 208 1230 264 318 1231 263 317 1232 167 209 1233 264 318 1234 166 208 1235 167 209 1236 265 319 1237 264 318 1238 159 201 1239 265 319 1240 167 209 1241 159 201 1242 266 320 1243 265 319 1244 159 201 1245 261 315 1246 266 320 1247 261 315 1248 267 321 1249 266 320 1250 265 319 1251 266 320 1252 267 321 1253 265 319 1254 267 321 1255 268 322 1256 262 316 1257 269 323 1258 270 324 1259 262 316 1260 271 325 1261 269 323 1262 262 316 1263 263 317 1264 271 325 1265 263 317 1266 272 326 1267 271 325 1268 263 317 1269 264 318 1270 272 326 1271 265 319 1272 272 326 1273 264 318 1274 265 319 1275 268 322 1276 272 326 1277 268 322 1278 273 327 1279 272 326 1280 271 325 1281 272 326 1282 273 327 1283 271 325 1284 273 327 1285 274 328 1286 269 323 1287 271 325 1288 274 328 1289 269 323 1290 274 328 1291 275 329 1292 270 324 1293 269 323 1294 275 329 1295 270 324 1296 275 329 1297 276 330 1298 270 324 1299 276 330 1300 277 331 1301 277 331 1302 276 330 1303 278 332 1304 279 333 1305 277 331 1306 278 332 1307 273 327 1308 279 333 1309 278 332 1310 268 322 1311 279 333 1312 273 327 1313 268 322 1314 277 331 1315 279 333 1316 268 322 1317 267 321 1318 277 331 1319 270 324 1320 277 331 1321 267 321 1322 261 315 1323 270 324 1324 267 321 1325 262 316 1326 270 324 1327 261 315 1328 276 330 1329 275 329 1330 278 332 1331 275 329 1332 274 328 1333 278 332 1334 274 328 1335 273 327 1336 278 332 1337 170 334 1338 179 335 1339 171 336 1340 170 334 1341 178 337 1342 179 335 1343 170 334 1344 175 338 1345 178 337 1346 170 334 1347 173 339 1348 175 338 1349 280 340 1350 281 341 1351 282 342 1352 280 340 1353 283 343 1354 281 341 1355 283 343 1356 284 344 1357 281 341 1358 283 343 1359 285 345 1360 284 344 1361 285 345 1362 286 346 1363 284 344 1364 285 345 1365 287 347 1366 286 346 1367 288 348 1368 286 346 1369 287 347 1370 288 348 1371 289 349 1372 286 346 1373 288 348 1374 290 350 1375 289 349 1376 288 348 1377 291 351 1378 290 350 1379 280 340 1380 290 350 1381 291 351 1382 280 340 1383 282 342 1384 290 350 1385 177 352 1386 169 353 1387 180 354 1388 177 352 1389 172 355 1390 169 353 1391 177 352 1392 174 356 1393 172 355 1394 177 352 1395 176 357 1396 174 356 1397 292 358 1398 293 359 1399 294 360 1400 292 358 1401 295 361 1402 293 359 1403 296 362 1404 293 359 1405 295 361 1406 296 362 1407 297 363 1408 293 359 1409 298 364 1410 297 363 1411 296 362 1412 298 364 1413 299 365 1414 297 363 1415 300 366 1416 299 365 1417 298 364 1418 300 366 1419 301 367 1420 299 365 1421 300 366 1422 302 368 1423 301 367 1424 300 366 1425 303 369 1426 302 368 1427 303 369 1428 294 360 1429 302 368 1430 303 369 1431 292 358 1432 294 360 1433 304 370 1434 305 371 1435 306 372 1436 304 370 1437 306 372 1438 307 373 1439 308 374 1440 304 370 1441 307 373 1442 308 374 1443 309 375 1444 304 370 1445 310 376 1446 308 374 1447 307 373 1448 311 377 1449 312 378 1450 313 379 1451 306 372 1452 312 378 1453 311 377 1454 306 372 1455 314 380 1456 312 378 1457 306 372 1458 305 371 1459 314 380 1460 315 381 1461 314 380 1462 305 371 1463 304 370 1464 315 381 1465 305 371 1466 304 370 1467 316 382 1468 315 381 1469 309 375 1470 316 382 1471 304 370 1472 309 375 1473 317 383 1474 316 382 1475 318 384 1476 316 382 1477 317 383 1478 318 384 1479 319 385 1480 316 382 1481 320 386 1482 319 385 1483 318 384 1484 320 386 1485 321 387 1486 319 385 1487 310 376 1488 321 387 1489 320 386 1490 310 376 1491 322 388 1492 321 387 1493 310 376 1494 307 373 1495 322 388 1496 307 373 1497 323 389 1498 322 388 1499 307 373 1500 306 372 1501 323 389 1502 312 378 1503 314 380 1504 313 379 1505 324 390 1506 311 377 1507 313 379 1508 321 387 1509 325 391 1510 319 385 1511 316 382 1512 319 385 1513 325 391 1514 316 382 1515 325 391 1516 315 381 1517 306 372 1518 311 377 1519 323 389 1520 326 392 1521 323 389 1522 311 377 1523 326 392 1524 311 377 1525 324 390 1526 326 392 1527 324 390 1528 327 393 1529 327 393 1530 324 390 1531 313 379 1532 328 394 1533 327 393 1534 313 379 1535 314 380 1536 328 394 1537 313 379 1538 315 381 1539 328 394 1540 314 380 1541 315 381 1542 327 393 1543 328 394 1544 315 381 1545 325 391 1546 327 393 1547 326 392 1548 327 393 1549 325 391 1550 321 387 1551 326 392 1552 325 391 1553 321 387 1554 323 389 1555 326 392 1556 321 387 1557 322 388 1558 323 389 1559 329 395 1560 308 374 1561 310 376 1562 329 395 1563 330 396 1564 308 374 1565 330 396 1566 309 375 1567 308 374 1568 330 396 1569 331 397 1570 309 375 1571 332 398 1572 309 375 1573 331 397 1574 332 398 1575 317 383 1576 309 375 1577 333 399 1578 317 383 1579 332 398 1580 333 399 1581 318 384 1582 317 383 1583 333 399 1584 320 386 1585 318 384 1586 333 399 1587 334 400 1588 320 386 1589 329 395 1590 320 386 1591 334 400 1592 329 395 1593 310 376 1594 320 386 1595 190 401 1596 193 402 1597 191 403 1598 190 401 1599 195 404 1600 193 402 1601 190 401 1602 198 405 1603 195 404 1604 190 401 1605 187 406 1606 198 405 1607 335 407 1608 336 408 1609 337 409 1610 335 407 1611 338 410 1612 336 408 1613 338 410 1614 339 411 1615 336 408 1616 338 410 1617 340 412 1618 339 411 1619 340 412 1620 341 413 1621 339 411 1622 340 412 1623 342 414 1624 341 413 1625 343 415 1626 341 413 1627 342 414 1628 343 415 1629 344 416 1630 341 413 1631 343 415 1632 345 417 1633 344 416 1634 343 415 1635 346 418 1636 345 417 1637 335 407 1638 345 417 1639 346 418 1640 335 407 1641 337 409 1642 345 417 1643 281 419 1644 290 420 1645 282 421 1646 281 419 1647 289 422 1648 290 420 1649 281 419 1650 286 423 1651 289 422 1652 281 419 1653 284 424 1654 286 423 1655 347 425 1656 348 426 1657 349 427 1658 347 425 1659 350 428 1660 348 426 1661 350 428 1662 351 429 1663 348 426 1664 350 428 1665 352 430 1666 351 429 1667 353 431 1668 351 429 1669 352 430 1670 353 431 1671 354 432 1672 351 429 1673 355 433 1674 354 432 1675 353 431 1676 355 433 1677 356 434 1678 354 432 1679 355 433 1680 357 435 1681 356 434 1682 355 433 1683 358 436 1684 357 435 1685 347 425 1686 357 435 1687 358 436 1688 347 425 1689 349 427 1690 357 435 1691 288 437 1692 280 438 1693 291 439 1694 288 437 1695 283 440 1696 280 438 1697 288 437 1698 285 441 1699 283 440 1700 288 437 1701 287 442 1702 285 441 1703 359 443 1704 360 444 1705 361 445 1706 359 443 1707 362 446 1708 360 444 1709 362 446 1710 363 447 1711 360 444 1712 362 446 1713 364 448 1714 363 447 1715 364 448 1716 365 449 1717 363 447 1718 364 448 1719 366 450 1720 365 449 1721 367 451 1722 365 449 1723 366 450 1724 367 451 1725 368 452 1726 365 449 1727 367 451 1728 369 453 1729 368 452 1730 367 451 1731 370 454 1732 369 453 1733 359 443 1734 369 453 1735 370 454 1736 359 443 1737 361 445 1738 369 453 1739 295 455 1740 298 456 1741 296 457 1742 295 455 1743 300 458 1744 298 456 1745 295 455 1746 303 459 1747 300 458 1748 295 455 1749 292 460 1750 303 459 1751 371 461 1752 372 462 1753 373 463 1754 374 464 1755 373 463 1756 372 462 1757 374 464 1758 375 465 1759 373 463 1760 376 466 1761 375 465 1762 374 464 1763 376 466 1764 377 467 1765 375 465 1766 377 467 1767 378 468 1768 375 465 1769 377 467 1770 379 469 1771 378 468 1772 373 463 1773 375 465 1774 378 468 1775 380 470 1776 377 467 1777 376 466 1778 381 471 1779 382 472 1780 383 473 1781 384 474 1782 381 471 1783 383 473 1784 379 469 1785 381 471 1786 384 474 1787 379 469 1788 384 474 1789 385 475 1790 379 469 1791 385 475 1792 378 468 1793 386 476 1794 378 468 1795 385 475 1796 373 463 1797 378 468 1798 386 476 1799 387 477 1800 373 463 1801 386 476 1802 371 461 1803 373 463 1804 387 477 1805 388 478 1806 371 461 1807 387 477 1808 388 478 1809 387 477 1810 389 479 1811 380 470 1812 388 478 1813 389 479 1814 380 470 1815 389 479 1816 390 480 1817 380 470 1818 390 480 1819 377 467 1820 377 467 1821 390 480 1822 391 481 1823 377 467 1824 391 481 1825 379 469 1826 379 469 1827 391 481 1828 381 471 1829 392 482 1830 381 471 1831 391 481 1832 385 475 1833 384 474 1834 383 473 1835 392 482 1836 382 472 1837 381 471 1838 392 482 1839 393 483 1840 382 472 1841 382 472 1842 393 483 1843 383 473 1844 393 483 1845 394 484 1846 383 473 1847 394 484 1848 385 475 1849 383 473 1850 386 476 1851 385 475 1852 394 484 1853 395 485 1854 386 476 1855 394 484 1856 387 477 1857 386 476 1858 395 485 1859 387 477 1860 395 485 1861 392 482 1862 387 477 1863 392 482 1864 389 479 1865 389 479 1866 392 482 1867 391 481 1868 389 479 1869 391 481 1870 390 480 1871 392 482 1872 395 485 1873 393 483 1874 395 485 1875 394 484 1876 393 483 1877 396 486 1878 388 478 1879 380 470 1880 396 486 1881 397 487 1882 388 478 1883 397 487 1884 371 461 1885 388 478 1886 397 487 1887 398 488 1888 371 461 1889 399 489 1890 371 461 1891 398 488 1892 399 489 1893 372 462 1894 371 461 1895 400 490 1896 372 462 1897 399 489 1898 400 490 1899 374 464 1900 372 462 1901 400 490 1902 376 466 1903 374 464 1904 400 490 1905 401 491 1906 376 466 1907 396 486 1908 376 466 1909 401 491 1910 396 486 1911 380 470 1912 376 466 1913 336 492 1914 345 493 1915 337 494 1916 336 492 1917 344 495 1918 345 493 1919 336 492 1920 341 496 1921 344 495 1922 336 492 1923 339 497 1924 341 496 1925 402 498 1926 403 499 1927 404 500 1928 402 498 1929 405 501 1930 403 499 1931 405 501 1932 406 502 1933 403 499 1934 405 501 1935 407 503 1936 406 502 1937 407 503 1938 408 504 1939 406 502 1940 407 503 1941 409 505 1942 408 504 1943 410 506 1944 408 504 1945 409 505 1946 410 506 1947 411 507 1948 408 504 1949 410 506 1950 412 508 1951 411 507 1952 410 506 1953 413 509 1954 412 508 1955 402 498 1956 412 508 1957 413 509 1958 402 498 1959 404 500 1960 412 508 1961 343 510 1962 335 511 1963 346 512 1964 343 510 1965 338 513 1966 335 511 1967 343 510 1968 340 514 1969 338 513 1970 343 510 1971 342 515 1972 340 514 1973 414 516 1974 415 517 1975 416 518 1976 414 516 1977 417 519 1978 415 517 1979 418 520 1980 415 517 1981 417 519 1982 418 520 1983 419 521 1984 415 517 1985 420 522 1986 419 521 1987 418 520 1988 420 522 1989 421 523 1990 419 521 1991 422 524 1992 421 523 1993 420 522 1994 422 524 1995 423 525 1996 421 523 1997 422 524 1998 424 526 1999 423 525 2000 422 524 2001 425 527 2002 424 526 2003 425 527 2004 416 518 2005 424 526 2006 425 527 2007 414 516 2008 416 518 2009 426 528 2010 427 529 2011 428 530 2012 429 531 2013 428 530 2014 427 529 2015 429 531 2016 430 532 2017 428 530 2018 431 533 2019 429 531 2020 432 534 2021 432 534 2022 429 531 2023 427 529 2024 432 534 2025 427 529 2026 433 535 2027 433 535 2028 427 529 2029 426 528 2030 433 535 2031 426 528 2032 434 536 2033 435 537 2034 434 536 2035 426 528 2036 436 538 2037 437 539 2038 438 540 2039 439 541 2040 436 538 2041 438 540 2042 430 532 2043 436 538 2044 439 541 2045 430 532 2046 439 541 2047 440 542 2048 430 532 2049 440 542 2050 428 530 2051 441 543 2052 428 530 2053 440 542 2054 426 528 2055 428 530 2056 441 543 2057 442 544 2058 426 528 2059 441 543 2060 435 537 2061 426 528 2062 442 544 2063 443 545 2064 435 537 2065 442 544 2066 443 545 2067 442 544 2068 444 546 2069 431 533 2070 443 545 2071 444 546 2072 431 533 2073 444 546 2074 445 547 2075 431 533 2076 445 547 2077 429 531 2078 429 531 2079 445 547 2080 446 548 2081 429 531 2082 446 548 2083 430 532 2084 430 532 2085 446 548 2086 436 538 2087 447 549 2088 436 538 2089 446 548 2090 440 542 2091 439 541 2092 438 540 2093 447 549 2094 437 539 2095 436 538 2096 447 549 2097 448 550 2098 437 539 2099 437 539 2100 448 550 2101 438 540 2102 448 550 2103 449 551 2104 438 540 2105 449 551 2106 440 542 2107 438 540 2108 441 543 2109 440 542 2110 449 551 2111 441 543 2112 449 551 2113 448 550 2114 441 543 2115 448 550 2116 450 552 2117 447 549 2118 450 552 2119 448 550 2120 442 544 2121 450 552 2122 447 549 2123 442 544 2124 447 549 2125 444 546 2126 445 547 2127 444 546 2128 447 549 2129 445 547 2130 447 549 2131 446 548 2132 442 544 2133 441 543 2134 450 552 2135 451 553 2136 452 554 2137 453 555 2138 451 553 2139 454 556 2140 452 554 2141 451 553 2142 455 557 2143 454 556 2144 451 553 2145 456 558 2146 455 557 2147 457 559 2148 443 545 2149 431 533 2150 457 559 2151 458 560 2152 443 545 2153 458 560 2154 435 537 2155 443 545 2156 458 560 2157 459 561 2158 435 537 2159 460 562 2160 435 537 2161 459 561 2162 460 562 2163 434 536 2164 435 537 2165 461 563 2166 434 536 2167 460 562 2168 461 563 2169 433 535 2170 434 536 2171 461 563 2172 432 534 2173 433 535 2174 461 563 2175 462 564 2176 432 534 2177 457 559 2178 432 534 2179 462 564 2180 457 559 2181 431 533 2182 432 534 2183 453 565 2184 463 566 2185 451 567 2186 453 565 2187 464 568 2188 463 566 2189 453 565 2190 465 569 2191 464 568 2192 453 565 2193 452 570 2194 465 569 2195 452 570 2196 466 571 2197 465 569 2198 452 570 2199 454 572 2200 466 571 2201 455 573 2202 466 571 2203 454 572 2204 455 573 2205 467 574 2206 466 571 2207 455 573 2208 468 575 2209 467 574 2210 455 573 2211 456 576 2212 468 575 2213 451 567 2214 468 575 2215 456 576 2216 451 567 2217 463 566 2218 468 575 2219 469 577 2220 470 578 2221 471 579 2222 472 580 2223 473 581 2224 471 579 2225 474 582 2226 470 578 2227 475 583 2228 476 584 2229 475 583 2230 470 578 2231 476 584 2232 470 578 2233 469 577 2234 476 584 2235 469 577 2236 477 585 2237 477 585 2238 469 577 2239 471 579 2240 478 586 2241 477 585 2242 471 579 2243 473 581 2244 478 586 2245 471 579 2246 479 587 2247 478 586 2248 473 581 2249 479 587 2250 477 585 2251 478 586 2252 479 587 2253 480 588 2254 477 585 2255 476 584 2256 477 585 2257 480 588 2258 481 589 2259 476 584 2260 480 588 2261 481 589 2262 475 583 2263 476 584 2264 481 589 2265 482 590 2266 475 583 2267 481 589 2268 480 588 2269 483 591 2270 484 592 2271 483 591 2272 480 588 2273 484 592 2274 480 588 2275 479 587 2276 470 578 2277 472 580 2278 471 579 2279 474 582 2280 472 580 2281 470 578 2282 474 582 2283 473 581 2284 472 580 2285 474 582 2286 485 593 2287 473 581 2288 479 587 2289 473 581 2290 485 593 2291 486 594 2292 479 587 2293 485 593 2294 486 594 2295 484 592 2296 479 587 2297 487 595 2298 484 592 2299 486 594 2300 487 595 2301 488 596 2302 484 592 2303 488 596 2304 483 591 2305 484 592 2306 488 596 2307 489 597 2308 483 591 2309 490 598 2310 483 591 2311 489 597 2312 490 598 2313 481 589 2314 483 591 2315 491 599 2316 481 589 2317 490 598 2318 491 599 2319 482 590 2320 481 589 2321 491 599 2322 492 600 2323 482 590 2324 492 600 2325 475 583 2326 482 590 2327 492 600 2328 474 582 2329 475 583 2330 486 594 2331 485 593 2332 474 582 2333 486 594 2334 474 582 2335 492 600 2336 493 601 2337 486 594 2338 492 600 2339 493 601 2340 487 595 2341 486 594 2342 491 599 2343 493 601 2344 492 600 2345 360 602 2346 369 603 2347 361 604 2348 360 602 2349 368 605 2350 369 603 2351 360 602 2352 365 606 2353 368 605 2354 360 602 2355 363 607 2356 365 606 2357 494 608 2358 495 609 2359 496 610 2360 494 608 2361 497 611 2362 495 609 2363 497 611 2364 498 612 2365 495 609 2366 497 611 2367 499 613 2368 498 612 2369 499 613 2370 500 614 2371 498 612 2372 499 613 2373 501 615 2374 500 614 2375 502 616 2376 500 614 2377 501 615 2378 502 616 2379 503 617 2380 500 614 2381 502 616 2382 504 618 2383 503 617 2384 502 616 2385 505 619 2386 504 618 2387 494 608 2388 504 618 2389 505 619 2390 494 608 2391 496 610 2392 504 618 2393 367 620 2394 359 621 2395 370 622 2396 367 620 2397 362 623 2398 359 621 2399 367 620 2400 364 624 2401 362 623 2402 367 620 2403 366 625 2404 364 624 2405 506 626 2406 507 627 2407 508 628 2408 506 626 2409 509 629 2410 507 627 2411 510 630 2412 507 627 2413 509 629 2414 510 630 2415 509 629 2416 511 631 2417 511 631 2418 512 632 2419 510 630 2420 513 633 2421 514 634 2422 515 635 2423 513 633 2424 515 635 2425 516 636 2426 517 637 2427 516 636 2428 515 635 2429 517 637 2430 518 638 2431 516 636 2432 512 632 2433 518 638 2434 517 637 2435 512 632 2436 519 639 2437 518 638 2438 511 631 2439 519 639 2440 512 632 2441 520 640 2442 519 639 2443 511 631 2444 520 640 2445 511 631 2446 521 641 2447 511 631 2448 522 642 2449 521 641 2450 511 631 2451 509 629 2452 522 642 2453 523 643 2454 522 642 2455 509 629 2456 523 643 2457 509 629 2458 506 626 2459 523 643 2460 506 626 2461 524 644 2462 525 645 2463 524 644 2464 506 626 2465 525 645 2466 506 626 2467 508 628 2468 508 628 2469 526 646 2470 525 645 2471 523 643 2472 524 644 2473 527 647 2474 528 648 2475 513 633 2476 516 636 2477 528 648 2478 516 636 2479 529 649 2480 518 638 2481 529 649 2482 516 636 2483 518 638 2484 530 650 2485 529 649 2486 530 650 2487 518 638 2488 519 639 2489 530 650 2490 519 639 2491 520 640 2492 508 628 2493 507 627 2494 531 651 2495 508 628 2496 531 651 2497 532 652 2498 508 628 2499 532 652 2500 526 646 2501 533 653 2502 526 646 2503 532 652 2504 523 643 2505 527 647 2506 534 654 2507 523 643 2508 534 654 2509 535 655 2510 535 655 2511 534 654 2512 536 656 2513 535 655 2514 536 656 2515 537 657 2516 537 657 2517 536 656 2518 538 658 2519 537 657 2520 538 658 2521 539 659 2522 539 659 2523 538 658 2524 533 653 2525 539 659 2526 533 653 2527 540 660 2528 533 653 2529 532 652 2530 540 660 2531 532 652 2532 541 661 2533 540 660 2534 532 652 2535 531 651 2536 541 661 2537 542 662 2538 541 661 2539 531 651 2540 542 662 2541 531 651 2542 543 663 2543 543 663 2544 544 664 2545 542 662 2546 543 663 2547 545 665 2548 544 664 2549 546 666 2550 544 664 2551 545 665 2552 546 666 2553 545 665 2554 547 667 2555 547 667 2556 548 668 2557 546 666 2558 537 657 2559 539 659 2560 549 669 2561 540 660 2562 549 669 2563 539 659 2564 540 660 2565 541 661 2566 549 669 2567 542 662 2568 549 669 2569 541 661 2570 550 670 2571 549 669 2572 551 671 2573 542 662 2574 551 671 2575 549 669 2576 542 662 2577 552 672 2578 551 671 2579 542 662 2580 544 664 2581 552 672 2582 553 673 2583 552 672 2584 544 664 2585 553 673 2586 544 664 2587 546 666 2588 546 666 2589 554 674 2590 553 673 2591 546 666 2592 548 668 2593 554 674 2594 555 675 2595 554 674 2596 548 668 2597 555 675 2598 548 668 2599 556 676 2600 557 677 2601 554 674 2602 555 675 2603 557 677 2604 558 678 2605 554 674 2606 553 673 2607 554 674 2608 558 678 2609 553 673 2610 558 678 2611 559 679 2612 559 679 2613 552 672 2614 553 673 2615 559 679 2616 560 680 2617 552 672 2618 561 681 2619 552 672 2620 560 680 2621 560 680 2622 562 682 2623 561 681 2624 561 681 2625 562 682 2626 563 683 2627 561 681 2628 563 683 2629 550 670 2630 550 670 2631 551 671 2632 561 681 2633 561 681 2634 551 671 2635 552 672 2636 560 680 2637 564 684 2638 562 682 2639 559 679 2640 564 684 2641 560 680 2642 559 679 2643 565 685 2644 564 684 2645 565 685 2646 559 679 2647 558 678 2648 565 685 2649 558 678 2650 566 686 2651 557 677 2652 566 686 2653 558 678 2654 557 677 2655 567 687 2656 566 686 2657 557 677 2658 568 688 2659 567 687 2660 569 689 2661 570 690 2662 568 688 2663 567 687 2664 568 688 2665 570 690 2666 567 687 2667 570 690 2668 528 648 2669 567 687 2670 528 648 2671 529 649 2672 567 687 2673 529 649 2674 566 686 2675 530 650 2676 566 686 2677 529 649 2678 530 650 2679 565 685 2680 566 686 2681 520 640 2682 565 685 2683 530 650 2684 520 640 2685 564 684 2686 565 685 2687 521 641 2688 564 684 2689 520 640 2690 521 641 2691 562 682 2692 564 684 2693 522 642 2694 562 682 2695 521 641 2696 522 642 2697 563 683 2698 562 682 2699 523 643 2700 563 683 2701 522 642 2702 523 643 2703 535 655 2704 563 683 2705 550 670 2706 563 683 2707 535 655 2708 550 670 2709 535 655 2710 537 657 2711 537 657 2712 549 669 2713 550 670 2714 571 691 2715 572 692 2716 573 693 2717 571 691 2718 574 694 2719 572 692 2720 574 694 2721 571 691 2722 575 695 2723 574 694 2724 575 695 2725 576 696 2726 576 696 2727 577 697 2728 574 694 2729 576 696 2730 578 698 2731 577 697 2732 579 699 2733 577 697 2734 578 698 2735 579 699 2736 578 698 2737 580 700 2738 581 701 2739 579 699 2740 580 700 2741 581 701 2742 580 700 2743 582 702 2744 581 701 2745 582 702 2746 569 689 2747 581 701 2748 569 689 2749 583 703 2750 569 689 2751 568 688 2752 583 703 2753 583 703 2754 568 688 2755 584 704 2756 557 677 2757 584 704 2758 568 688 2759 585 705 2760 584 704 2761 557 677 2762 585 705 2763 557 677 2764 555 675 2765 586 706 2766 585 705 2767 555 675 2768 577 697 2769 579 699 2770 587 707 2771 588 708 2772 589 709 2773 590 710 2774 590 710 2775 589 709 2776 587 707 2777 590 710 2778 587 707 2779 591 711 2780 591 711 2781 587 707 2782 579 699 2783 591 711 2784 579 699 2785 581 701 2786 581 701 2787 592 712 2788 591 711 2789 581 701 2790 583 703 2791 592 712 2792 583 703 2793 584 704 2794 592 712 2795 592 712 2796 584 704 2797 585 705 2798 592 712 2799 585 705 2800 593 713 2801 591 711 2802 592 712 2803 593 713 2804 591 711 2805 593 713 2806 590 710 2807 593 713 2808 585 705 2809 586 706 2810 593 713 2811 586 706 2812 594 714 2813 590 710 2814 593 713 2815 594 714 2816 590 710 2817 594 714 2818 595 715 2819 588 708 2820 590 710 2821 595 715 2822 596 716 2823 588 708 2824 595 715 2825 596 716 2826 595 715 2827 597 717 2828 598 718 2829 596 716 2830 597 717 2831 598 718 2832 597 717 2833 599 719 2834 599 719 2835 597 717 2836 600 720 2837 595 715 2838 600 720 2839 597 717 2840 595 715 2841 594 714 2842 600 720 2843 586 706 2844 600 720 2845 594 714 2846 586 706 2847 555 675 2848 556 676 2849 601 721 2850 586 706 2851 556 676 2852 586 706 2853 601 721 2854 600 720 2855 602 722 2856 600 720 2857 601 721 2858 599 719 2859 600 720 2860 602 722 2861 603 723 2862 599 719 2863 602 722 2864 604 724 2865 599 719 2866 603 723 2867 604 724 2868 598 718 2869 599 719 2870 604 724 2871 605 725 2872 598 718 2873 596 716 2874 598 718 2875 605 725 2876 596 716 2877 605 725 2878 606 726 2879 588 708 2880 596 716 2881 606 726 2882 588 708 2883 606 726 2884 607 727 2885 589 709 2886 588 708 2887 607 727 2888 589 709 2889 607 727 2890 608 728 2891 587 707 2892 589 709 2893 608 728 2894 587 707 2895 608 728 2896 609 729 2897 577 697 2898 587 707 2899 609 729 2900 610 730 2901 607 727 2902 606 726 2903 611 731 2904 609 729 2905 608 728 2906 608 728 2907 612 732 2908 611 731 2909 608 728 2910 607 727 2911 612 732 2912 611 731 2913 612 732 2914 613 733 2915 547 667 2916 614 734 2917 548 668 2918 556 676 2919 548 668 2920 614 734 2921 556 676 2922 614 734 2923 615 735 2924 601 721 2925 556 676 2926 615 735 2927 616 736 2928 601 721 2929 615 735 2930 602 722 2931 601 721 2932 616 736 2933 616 736 2934 617 737 2935 602 722 2936 603 723 2937 602 722 2938 617 737 2939 582 702 2940 603 723 2941 617 737 2942 582 702 2943 604 724 2944 603 723 2945 582 702 2946 580 700 2947 604 724 2948 580 700 2949 618 738 2950 604 724 2951 580 700 2952 578 698 2953 618 738 2954 578 698 2955 619 739 2956 618 738 2957 578 698 2958 576 696 2959 619 739 2960 576 696 2961 620 740 2962 619 739 2963 576 696 2964 575 695 2965 620 740 2966 620 740 2967 575 695 2968 621 741 2969 616 736 2970 622 742 2971 617 737 2972 623 743 2973 624 744 2974 620 740 2975 619 739 2976 620 740 2977 624 744 2978 619 739 2979 624 744 2980 625 745 2981 618 738 2982 619 739 2983 625 745 2984 618 738 2985 625 745 2986 605 725 2987 604 724 2988 618 738 2989 605 725 2990 582 702 2991 617 737 2992 569 689 2993 569 689 2994 617 737 2995 622 742 2996 569 689 2997 622 742 2998 570 690 2999 528 648 3000 570 690 3001 622 742 3002 528 648 3003 622 742 3004 513 633 3005 513 633 3006 622 742 3007 616 736 3008 513 633 3009 616 736 3010 514 634 3011 616 736 3012 615 735 3013 514 634 3014 615 735 3015 515 635 3016 514 634 3017 615 735 3018 614 734 3019 515 635 3020 517 637 3021 515 635 3022 614 734 3023 517 637 3024 614 734 3025 547 667 3026 547 667 3027 512 632 3028 517 637 3029 547 667 3030 545 665 3031 512 632 3032 510 630 3033 512 632 3034 545 665 3035 510 630 3036 545 665 3037 543 663 3038 543 663 3039 507 627 3040 510 630 3041 543 663 3042 531 651 3043 507 627 3044 610 730 3045 612 732 3046 607 727 3047 612 732 3048 610 730 3049 626 746 3050 612 732 3051 626 746 3052 613 733 3053 627 747 3054 613 733 3055 626 746 3056 627 747 3057 628 748 3058 613 733 3059 627 747 3060 629 749 3061 628 748 3062 627 747 3063 630 750 3064 629 749 3065 627 747 3066 631 751 3067 630 750 3068 627 747 3069 632 752 3070 631 751 3071 626 746 3072 632 752 3073 627 747 3074 626 746 3075 624 744 3076 632 752 3077 610 730 3078 624 744 3079 626 746 3080 610 730 3081 625 745 3082 624 744 3083 606 726 3084 625 745 3085 610 730 3086 606 726 3087 605 725 3088 625 745 3089 574 694 3090 577 697 3091 609 729 3092 574 694 3093 609 729 3094 572 692 3095 611 731 3096 572 692 3097 609 729 3098 572 692 3099 611 731 3100 633 753 3101 611 731 3102 613 733 3103 633 753 3104 613 733 3105 634 754 3106 633 753 3107 613 733 3108 628 748 3109 634 754 3110 628 748 3111 635 755 3112 634 754 3113 628 748 3114 629 749 3115 635 755 3116 635 755 3117 629 749 3118 636 756 3119 630 750 3120 636 756 3121 629 749 3122 630 750 3123 637 757 3124 636 756 3125 631 751 3126 637 757 3127 630 750 3128 631 751 3129 638 758 3130 637 757 3131 639 759 3132 638 758 3133 631 751 3134 632 752 3135 639 759 3136 631 751 3137 632 752 3138 623 743 3139 639 759 3140 623 743 3141 632 752 3142 624 744 3143 620 740 3144 621 741 3145 623 743 3146 623 743 3147 621 741 3148 640 760 3149 623 743 3150 640 760 3151 639 759 3152 640 760 3153 641 761 3154 639 759 3155 639 759 3156 641 761 3157 638 758 3158 641 761 3159 642 762 3160 638 758 3161 638 758 3162 642 762 3163 643 763 3164 638 758 3165 643 763 3166 637 757 3167 637 757 3168 643 763 3169 644 764 3170 637 757 3171 644 764 3172 636 756 3173 645 765 3174 636 756 3175 644 764 3176 635 755 3177 636 756 3178 645 765 3179 645 765 3180 646 766 3181 635 755 3182 634 754 3183 635 755 3184 646 766 3185 634 754 3186 646 766 3187 647 767 3188 633 753 3189 634 754 3190 647 767 3191 633 753 3192 647 767 3193 573 693 3194 572 692 3195 633 753 3196 573 693 3197 641 761 3198 648 768 3199 642 762 3200 649 769 3201 648 768 3202 641 761 3203 640 760 3204 649 769 3205 641 761 3206 649 769 3207 650 770 3208 648 768 3209 621 741 3210 575 695 3211 571 691 3212 621 741 3213 571 691 3214 651 771 3215 651 771 3216 571 691 3217 573 693 3218 651 771 3219 573 693 3220 647 767 3221 652 772 3222 651 771 3223 647 767 3224 652 772 3225 647 767 3226 646 766 3227 652 772 3228 646 766 3229 653 773 3230 645 765 3231 653 773 3232 646 766 3233 653 773 3234 645 765 3235 654 774 3236 645 765 3237 644 764 3238 654 774 3239 653 773 3240 654 774 3241 655 775 3242 649 769 3243 656 776 3244 650 770 3245 649 769 3246 657 777 3247 656 776 3248 657 777 3249 655 775 3250 656 776 3251 657 777 3252 653 773 3253 655 775 3254 652 772 3255 653 773 3256 657 777 3257 657 777 3258 640 760 3259 652 772 3260 621 741 3261 652 772 3262 640 760 3263 621 741 3264 651 771 3265 652 772 3266 657 777 3267 649 769 3268 640 760 3269 658 778 3270 659 779 3271 660 780 3272 658 778 3273 661 781 3274 659 779 3275 661 781 3276 662 782 3277 659 779 3278 661 781 3279 663 783 3280 662 782 3281 664 784 3282 662 782 3283 663 783 3284 665 785 3285 658 786 3286 666 787 3287 667 788 3288 666 789 3289 658 778 3290 667 788 3291 658 778 3292 660 780 3293 660 780 3294 668 790 3295 667 788 3296 669 791 3297 670 792 3298 671 793 3299 669 791 3300 672 794 3301 670 792 3302 669 791 3303 673 795 3304 672 794 3305 669 791 3306 674 796 3307 673 795 3308 675 797 3309 676 798 3310 677 799 3311 678 800 3312 676 798 3313 675 797 3314 678 801 3315 679 802 3316 676 803 3317 680 804 3318 676 803 3319 679 802 3320 680 804 3321 681 805 3322 676 803 3323 682 806 3324 681 805 3325 680 804 3326 682 806 3327 683 807 3328 681 805 3329 683 807 3330 682 806 3331 684 808 3332 678 801 3333 685 809 3334 679 802 3335 669 810 3336 686 811 3337 674 812 3338 669 810 3339 687 813 3340 686 811 3341 669 810 3342 688 814 3343 687 813 3344 669 810 3345 671 815 3346 688 814 3347 671 815 3348 689 816 3349 688 814 3350 671 815 3351 670 817 3352 689 816 3353 672 818 3354 689 816 3355 670 817 3356 672 818 3357 690 819 3358 689 816 3359 672 818 3360 691 820 3361 690 819 3362 672 818 3363 673 821 3364 691 820 3365 674 812 3366 691 820 3367 673 821 3368 674 812 3369 686 811 3370 691 820 3371 403 822 3372 412 823 3373 404 824 3374 403 822 3375 411 825 3376 412 823 3377 403 822 3378 408 826 3379 411 825 3380 403 822 3381 406 827 3382 408 826 3383 685 828 3384 660 829 3385 679 830 3386 685 828 3387 668 831 3388 660 829 3389 665 832 3390 676 833 3391 658 834 3392 665 832 3393 677 835 3394 676 833 3395 677 836 3396 666 837 3397 675 838 3398 677 836 3399 665 839 3400 666 837 3401 667 840 3402 685 841 3403 678 842 3404 667 843 3405 668 844 3406 685 845 3407 660 846 3408 680 847 3409 679 848 3410 660 846 3411 659 849 3412 680 847 3413 662 850 3414 680 847 3415 659 849 3416 662 850 3417 682 851 3418 680 847 3419 664 852 3420 682 851 3421 662 850 3422 664 852 3423 684 853 3424 682 851 3425 684 853 3426 664 852 3427 663 854 3428 684 853 3429 663 854 3430 683 855 3431 661 856 3432 683 855 3433 663 854 3434 661 856 3435 681 857 3436 683 855 3437 658 858 3438 681 857 3439 661 856 3440 658 858 3441 676 859 3442 681 857 3443 410 860 3444 402 861 3445 413 862 3446 410 860 3447 405 863 3448 402 861 3449 410 860 3450 407 864 3451 405 863 3452 410 860 3453 409 865 3454 407 864 3455 692 866 3456 693 867 3457 694 868 3458 695 869 3459 692 866 3460 694 868 3461 695 869 3462 696 870 3463 692 866 3464 697 871 3465 696 870 3466 695 869 3467 697 871 3468 698 872 3469 696 870 3470 699 873 3471 700 874 3472 698 872 3473 697 871 3474 699 873 3475 698 872 3476 697 875 3477 701 876 3478 699 877 3479 702 878 3480 701 876 3481 697 875 3482 698 879 3483 703 880 3484 704 881 3485 698 879 3486 700 882 3487 703 880 3488 702 883 3489 705 884 3490 706 885 3491 702 883 3492 697 886 3493 705 884 3494 701 887 3495 706 888 3496 707 889 3497 701 890 3498 702 891 3499 706 892 3500 699 893 3501 703 894 3502 700 895 3503 699 893 3504 708 896 3505 703 894 3506 709 897 3507 710 898 3508 711 899 3509 709 897 3510 712 900 3511 710 898 3512 713 901 3513 712 900 3514 714 902 3515 709 897 3516 714 902 3517 712 900 3518 715 903 3519 714 902 3520 709 897 3521 715 903 3522 709 897 3523 716 904 3524 709 897 3525 711 899 3526 716 904 3527 717 905 3528 716 904 3529 711 899 3530 718 906 3531 711 899 3532 719 907 3533 710 898 3534 719 907 3535 711 899 3536 710 898 3537 720 908 3538 719 907 3539 721 909 3540 719 907 3541 720 908 3542 720 908 3543 722 910 3544 721 909 3545 722 910 3546 723 911 3547 721 909 3548 722 910 3549 724 912 3550 723 911 3551 724 912 3552 725 913 3553 723 911 3554 724 912 3555 726 914 3556 725 913 3557 726 914 3558 727 915 3559 725 913 3560 726 914 3561 728 916 3562 727 915 3563 728 916 3564 715 903 3565 727 915 3566 728 916 3567 729 917 3568 715 903 3569 715 903 3570 729 917 3571 714 902 3572 730 918 3573 714 902 3574 729 917 3575 713 901 3576 714 902 3577 730 918 3578 713 901 3579 730 918 3580 731 919 3581 713 901 3582 731 919 3583 732 920 3584 727 915 3585 733 921 3586 734 922 3587 727 915 3588 734 922 3589 725 913 3590 725 913 3591 734 922 3592 735 923 3593 725 913 3594 735 923 3595 723 911 3596 723 911 3597 735 923 3598 736 924 3599 723 911 3600 736 924 3601 721 909 3602 721 909 3603 736 924 3604 719 907 3605 737 925 3606 719 907 3607 736 924 3608 737 925 3609 718 906 3610 719 907 3611 737 925 3612 738 926 3613 718 906 3614 737 925 3615 739 927 3616 738 926 3617 740 928 3618 738 926 3619 739 927 3620 740 928 3621 739 927 3622 741 929 3623 741 929 3624 742 930 3625 740 928 3626 741 929 3627 743 931 3628 742 930 3629 744 932 3630 742 930 3631 743 931 3632 744 932 3633 743 931 3634 745 933 3635 746 934 3636 744 932 3637 745 933 3638 746 934 3639 747 935 3640 748 936 3641 749 937 3642 750 938 3643 751 939 3644 749 937 3645 752 940 3646 750 938 3647 749 937 3648 753 941 3649 752 940 3650 754 942 3651 752 940 3652 753 941 3653 754 942 3654 753 941 3655 755 943 3656 755 943 3657 756 944 3658 754 942 3659 755 943 3660 757 945 3661 756 944 3662 744 932 3663 756 944 3664 757 945 3665 744 932 3666 757 945 3667 758 946 3668 758 946 3669 742 930 3670 744 932 3671 758 946 3672 759 947 3673 742 930 3674 740 928 3675 742 930 3676 759 947 3677 740 928 3678 759 947 3679 760 948 3680 760 948 3681 738 926 3682 740 928 3683 760 948 3684 761 949 3685 738 926 3686 738 926 3687 761 949 3688 717 905 3689 738 926 3690 717 905 3691 718 906 3692 718 906 3693 717 905 3694 711 899 3695 762 950 3696 763 951 3697 764 952 3698 762 950 3699 764 952 3700 765 953 3701 765 953 3702 764 952 3703 766 954 3704 765 953 3705 766 954 3706 767 955 3707 768 956 3708 765 953 3709 767 955 3710 769 957 3711 768 956 3712 767 955 3713 769 957 3714 770 958 3715 768 956 3716 769 957 3717 771 959 3718 770 958 3719 772 960 3720 770 958 3721 771 959 3722 772 960 3723 771 959 3724 773 961 3725 772 960 3726 773 961 3727 774 962 3728 773 961 3729 775 963 3730 774 962 3731 747 935 3732 774 962 3733 775 963 3734 747 935 3735 775 963 3736 776 964 3737 747 935 3738 776 964 3739 748 936 3740 748 936 3741 776 964 3742 752 940 3743 748 936 3744 752 940 3745 754 942 3746 754 942 3747 746 934 3748 748 936 3749 754 942 3750 756 944 3751 746 934 3752 746 934 3753 756 944 3754 744 932 3755 777 965 3756 767 955 3757 766 954 3758 769 957 3759 767 955 3760 777 965 3761 778 966 3762 769 957 3763 777 965 3764 778 966 3765 771 959 3766 769 957 3767 778 966 3768 779 967 3769 771 959 3770 773 961 3771 771 959 3772 779 967 3773 773 961 3774 779 967 3775 780 968 3776 773 961 3777 780 968 3778 775 963 3779 781 969 3780 775 963 3781 780 968 3782 781 969 3783 776 964 3784 775 963 3785 750 938 3786 776 964 3787 781 969 3788 750 938 3789 752 940 3790 776 964 3791 782 970 3792 779 967 3793 778 966 3794 780 968 3795 779 967 3796 782 970 3797 780 968 3798 782 970 3799 781 969 3800 782 970 3801 750 938 3802 781 969 3803 783 971 3804 784 972 3805 785 973 3806 783 971 3807 786 974 3808 784 972 3809 787 975 3810 784 972 3811 786 974 3812 787 975 3813 786 974 3814 788 976 3815 789 977 3816 787 975 3817 788 976 3818 789 977 3819 788 976 3820 763 951 3821 763 951 3822 788 976 3823 790 978 3824 763 951 3825 790 978 3826 764 952 3827 764 952 3828 790 978 3829 791 979 3830 764 952 3831 791 979 3832 766 954 3833 792 980 3834 766 954 3835 791 979 3836 777 965 3837 766 954 3838 792 980 3839 792 980 3840 793 981 3841 777 965 3842 778 966 3843 777 965 3844 793 981 3845 794 982 3846 778 966 3847 793 981 3848 782 970 3849 778 966 3850 794 982 3851 751 939 3852 782 970 3853 794 982 3854 782 970 3855 751 939 3856 750 938 3857 786 974 3858 790 978 3859 788 976 3860 792 980 3861 791 979 3862 795 983 3863 796 984 3864 797 985 3865 798 986 3866 796 984 3867 793 981 3868 797 985 3869 794 982 3870 793 981 3871 796 984 3872 792 980 3873 797 985 3874 793 981 3875 797 985 3876 792 980 3877 795 983 3878 797 985 3879 795 983 3880 799 987 3881 798 986 3882 797 985 3883 799 987 3884 798 986 3885 799 987 3886 800 988 3887 799 987 3888 801 989 3889 800 988 3890 802 990 3891 803 991 3892 804 992 3893 805 993 3894 804 992 3895 803 991 3896 805 993 3897 803 991 3898 806 994 3899 805 993 3900 806 994 3901 807 995 3902 807 995 3903 806 994 3904 808 996 3905 807 995 3906 808 996 3907 809 997 3908 810 998 3909 807 995 3910 809 997 3911 810 998 3912 809 997 3913 811 999 3914 811 999 3915 801 989 3916 810 998 3917 811 999 3918 812 1000 3919 801 989 3920 812 1000 3921 800 988 3922 801 989 3923 812 1000 3924 813 1001 3925 800 988 3926 798 986 3927 800 988 3928 813 1001 3929 798 986 3930 813 1001 3931 814 1002 3932 798 986 3933 814 1002 3934 815 1003 3935 798 986 3936 815 1003 3937 796 984 3938 816 1004 3939 796 984 3940 815 1003 3941 816 1004 3942 794 982 3943 796 984 3944 751 939 3945 794 982 3946 816 1004 3947 749 937 3948 751 939 3949 817 1005 3950 817 1005 3951 751 939 3952 816 1004 3953 817 1005 3954 816 1004 3955 818 1006 3956 816 1004 3957 819 1007 3958 818 1006 3959 816 1004 3960 815 1003 3961 819 1007 3962 815 1003 3963 789 977 3964 819 1007 3965 815 1003 3966 814 1002 3967 789 977 3968 814 1002 3969 787 975 3970 789 977 3971 814 1002 3972 813 1001 3973 787 975 3974 784 972 3975 787 975 3976 813 1001 3977 784 972 3978 813 1001 3979 812 1000 3980 785 973 3981 784 972 3982 812 1000 3983 785 973 3984 812 1000 3985 811 999 3986 811 999 3987 820 1008 3988 785 973 3989 811 999 3990 809 997 3991 820 1008 3992 809 997 3993 821 1009 3994 820 1008 3995 809 997 3996 808 996 3997 821 1009 3998 822 1010 3999 821 1009 4000 808 996 4001 822 1010 4002 808 996 4003 823 1011 4004 823 1011 4005 824 1012 4006 822 1010 4007 823 1011 4008 825 1013 4009 824 1012 4010 826 1014 4011 824 1012 4012 825 1013 4013 826 1014 4014 825 1013 4015 827 1015 4016 827 1015 4017 828 1016 4018 826 1014 4019 827 1015 4020 829 1017 4021 828 1016 4022 830 1018 4023 828 1016 4024 829 1017 4025 830 1018 4026 829 1017 4027 831 1019 4028 831 1019 4029 832 1020 4030 830 1018 4031 831 1019 4032 833 1021 4033 832 1020 4034 834 1022 4035 832 1020 4036 833 1021 4037 834 1022 4038 833 1021 4039 835 1023 4040 835 1023 4041 833 1021 4042 836 1024 4043 835 1023 4044 836 1024 4045 837 1025 4046 837 1025 4047 836 1024 4048 838 1026 4049 837 1025 4050 838 1026 4051 839 1027 4052 840 1028 4053 839 1027 4054 838 1026 4055 841 1029 4056 825 1013 4057 823 1011 4058 841 1029 4059 842 1030 4060 825 1013 4061 843 1031 4062 842 1030 4063 841 1029 4064 827 1015 4065 825 1013 4066 842 1030 4067 827 1015 4068 842 1030 4069 844 1032 4070 844 1032 4071 829 1017 4072 827 1015 4073 844 1032 4074 845 1033 4075 829 1017 4076 831 1019 4077 829 1017 4078 845 1033 4079 831 1019 4080 845 1033 4081 846 1034 4082 833 1021 4083 831 1019 4084 846 1034 4085 833 1021 4086 846 1034 4087 836 1024 4088 847 1035 4089 836 1024 4090 846 1034 4091 847 1035 4092 838 1026 4093 836 1024 4094 847 1035 4095 848 1036 4096 838 1026 4097 847 1035 4098 849 1037 4099 848 1036 4100 849 1037 4101 850 1038 4102 848 1036 4103 849 1037 4104 851 1039 4105 850 1038 4106 851 1039 4107 852 1040 4108 850 1038 4109 851 1039 4110 853 1041 4111 852 1040 4112 853 1041 4113 851 1039 4114 854 1042 4115 853 1041 4116 854 1042 4117 855 1043 4118 840 1028 4119 838 1026 4120 848 1036 4121 848 1036 4122 856 1044 4123 840 1028 4124 848 1036 4125 850 1038 4126 856 1044 4127 857 1045 4128 856 1044 4129 850 1038 4130 857 1045 4131 850 1038 4132 852 1040 4133 852 1040 4134 858 1046 4135 857 1045 4136 852 1040 4137 859 1047 4138 858 1046 4139 853 1041 4140 859 1047 4141 852 1040 4142 853 1041 4143 860 1048 4144 859 1047 4145 853 1041 4146 861 1049 4147 860 1048 4148 853 1041 4149 855 1043 4150 861 1049 4151 862 1050 4152 861 1049 4153 855 1043 4154 862 1050 4155 855 1043 4156 863 1051 4157 864 1052 4158 862 1050 4159 863 1051 4160 863 1051 4161 865 1053 4162 864 1052 4163 864 1052 4164 865 1053 4165 866 1054 4166 802 990 4167 866 1054 4168 865 1053 4169 866 1054 4170 802 990 4171 804 992 4172 855 1043 4173 854 1042 4174 867 1055 4175 855 1043 4176 867 1055 4177 863 1051 4178 863 1051 4179 867 1055 4180 865 1053 4181 868 1056 4182 865 1053 4183 867 1055 4184 802 990 4185 865 1053 4186 868 1056 4187 868 1056 4188 843 1031 4189 802 990 4190 802 990 4191 843 1031 4192 803 991 4193 841 1029 4194 803 991 4195 843 1031 4196 841 1029 4197 806 994 4198 803 991 4199 823 1011 4200 806 994 4201 841 1029 4202 823 1011 4203 808 996 4204 806 994 4205 858 1046 4206 832 1020 4207 834 1022 4208 858 1046 4209 859 1047 4210 832 1020 4211 830 1018 4212 832 1020 4213 859 1047 4214 830 1018 4215 859 1047 4216 860 1048 4217 860 1048 4218 828 1016 4219 830 1018 4220 860 1048 4221 861 1049 4222 828 1016 4223 826 1014 4224 828 1016 4225 861 1049 4226 826 1014 4227 861 1049 4228 862 1050 4229 862 1050 4230 824 1012 4231 826 1014 4232 862 1050 4233 869 1057 4234 824 1012 4235 822 1010 4236 824 1012 4237 869 1057 4238 822 1010 4239 869 1057 4240 870 1058 4241 870 1058 4242 821 1009 4243 822 1010 4244 870 1058 4245 871 1059 4246 821 1009 4247 820 1008 4248 821 1009 4249 871 1059 4250 820 1008 4251 871 1059 4252 872 1060 4253 785 973 4254 820 1008 4255 872 1060 4256 785 973 4257 872 1060 4258 783 971 4259 870 1058 4260 873 1061 4261 871 1059 4262 870 1058 4263 874 1062 4264 873 1061 4265 874 1062 4266 870 1058 4267 869 1057 4268 874 1062 4269 869 1057 4270 864 1052 4271 864 1052 4272 869 1057 4273 862 1050 4274 875 1063 4275 876 1064 4276 877 1065 4277 875 1063 4278 878 1066 4279 876 1064 4280 879 1067 4281 878 1066 4282 875 1063 4283 879 1067 4284 880 1068 4285 878 1066 4286 880 1068 4287 879 1067 4288 873 1061 4289 880 1068 4290 873 1061 4291 881 1069 4292 874 1062 4293 881 1069 4294 873 1061 4295 874 1062 4296 866 1054 4297 881 1069 4298 864 1052 4299 866 1054 4300 874 1062 4301 882 1070 4302 880 1068 4303 881 1069 4304 883 1071 4305 880 1068 4306 882 1070 4307 883 1071 4308 878 1066 4309 880 1068 4310 884 1072 4311 876 1064 4312 878 1066 4313 884 1072 4314 878 1066 4315 883 1071 4316 883 1071 4317 885 1073 4318 884 1072 4319 883 1071 4320 886 1074 4321 885 1073 4322 882 1070 4323 886 1074 4324 883 1071 4325 882 1070 4326 805 993 4327 886 1074 4328 805 993 4329 882 1070 4330 804 992 4331 882 1070 4332 881 1069 4333 804 992 4334 866 1054 4335 804 992 4336 881 1069 4337 810 998 4338 805 993 4339 807 995 4340 810 998 4341 886 1074 4342 805 993 4343 801 989 4344 886 1074 4345 810 998 4346 801 989 4347 885 1073 4348 886 1074 4349 799 987 4350 885 1073 4351 801 989 4352 799 987 4353 884 1072 4354 885 1073 4355 799 987 4356 795 983 4357 884 1072 4358 876 1064 4359 884 1072 4360 795 983 4361 876 1064 4362 795 983 4363 791 979 4364 791 979 4365 877 1065 4366 876 1064 4367 791 979 4368 790 978 4369 877 1065 4370 786 974 4371 877 1065 4372 790 978 4373 875 1063 4374 877 1065 4375 786 974 4376 875 1063 4377 786 974 4378 783 971 4379 783 971 4380 879 1067 4381 875 1063 4382 783 971 4383 872 1060 4384 879 1067 4385 879 1067 4386 872 1060 4387 871 1059 4388 879 1067 4389 871 1059 4390 873 1061 4391 887 1075 4392 888 1076 4393 889 1077 4394 887 1075 4395 889 1077 4396 890 1078 4397 887 1075 4398 890 1078 4399 891 1079 4400 892 1080 4401 887 1075 4402 891 1079 4403 893 1081 4404 892 1080 4405 891 1079 4406 893 1081 4407 894 1082 4408 892 1080 4409 895 1083 4410 892 1080 4411 896 1084 4412 896 1084 4413 892 1080 4414 894 1082 4415 896 1084 4416 894 1082 4417 897 1085 4418 897 1085 4419 898 1086 4420 896 1084 4421 897 1085 4422 899 1087 4423 898 1086 4424 891 1079 4425 890 1078 4426 900 1088 4427 891 1079 4428 900 1088 4429 893 1081 4430 893 1081 4431 900 1088 4432 901 1089 4433 893 1081 4434 901 1089 4435 902 1090 4436 902 1090 4437 894 1082 4438 893 1081 4439 902 1090 4440 903 1091 4441 894 1082 4442 897 1085 4443 894 1082 4444 903 1091 4445 897 1085 4446 903 1091 4447 904 1092 4448 904 1092 4449 899 1087 4450 897 1085 4451 904 1092 4452 905 1093 4453 899 1087 4454 906 1094 4455 899 1087 4456 905 1093 4457 907 1095 4458 899 1087 4459 906 1094 4460 907 1095 4461 898 1086 4462 899 1087 4463 908 1096 4464 898 1086 4465 907 1095 4466 908 1096 4467 909 1097 4468 898 1086 4469 908 1096 4470 910 1098 4471 909 1097 4472 911 1099 4473 909 1097 4474 910 1098 4475 912 1100 4476 911 1099 4477 910 1098 4478 912 1100 4479 910 1098 4480 913 1101 4481 908 1096 4482 914 1102 4483 910 1098 4484 914 1102 4485 913 1101 4486 910 1098 4487 914 1102 4488 915 1103 4489 913 1101 4490 916 1104 4491 917 1105 4492 901 1089 4493 902 1090 4494 901 1089 4495 917 1105 4496 902 1090 4497 917 1105 4498 918 1106 4499 918 1106 4500 903 1091 4501 902 1090 4502 918 1106 4503 919 1107 4504 903 1091 4505 904 1092 4506 903 1091 4507 919 1107 4508 904 1092 4509 919 1107 4510 920 1108 4511 920 1108 4512 905 1093 4513 904 1092 4514 920 1108 4515 921 1109 4516 905 1093 4517 922 1110 4518 905 1093 4519 921 1109 4520 906 1094 4521 905 1093 4522 922 1110 4523 922 1110 4524 923 1111 4525 906 1094 4526 923 1111 4527 907 1095 4528 906 1094 4529 923 1111 4530 924 1112 4531 907 1095 4532 924 1112 4533 908 1096 4534 907 1095 4535 924 1112 4536 925 1113 4537 908 1096 4538 925 1113 4539 914 1102 4540 908 1096 4541 925 1113 4542 926 1114 4543 914 1102 4544 922 1110 4545 927 1115 4546 923 1111 4547 928 1116 4548 923 1111 4549 927 1115 4550 928 1116 4551 927 1115 4552 929 1117 4553 930 1118 4554 931 1119 4555 929 1117 4556 929 1117 4557 932 1120 4558 930 1118 4559 929 1117 4560 927 1115 4561 932 1120 4562 933 1121 4563 932 1120 4564 927 1115 4565 933 1121 4566 927 1115 4567 922 1110 4568 922 1110 4569 921 1109 4570 933 1121 4571 916 1104 4572 934 1122 4573 917 1105 4574 916 1104 4575 935 1123 4576 934 1122 4577 916 1104 4578 936 1124 4579 935 1123 4580 937 1125 4581 935 1123 4582 936 1124 4583 937 1125 4584 936 1124 4585 938 1126 4586 939 1127 4587 937 1125 4588 938 1126 4589 940 1128 4590 936 1124 4591 916 1104 4592 940 1128 4593 941 1129 4594 936 1124 4595 938 1126 4596 936 1124 4597 941 1129 4598 942 1130 4599 941 1129 4600 940 1128 4601 726 914 4602 724 912 4603 943 1131 4604 724 912 4605 944 1132 4606 943 1131 4607 724 912 4608 722 910 4609 944 1132 4610 944 1132 4611 722 910 4612 945 1133 4613 720 908 4614 945 1133 4615 722 910 4616 710 898 4617 945 1133 4618 720 908 4619 710 898 4620 712 900 4621 945 1133 4622 946 1134 4623 945 1133 4624 712 900 4625 946 1134 4626 712 900 4627 713 901 4628 732 920 4629 946 1134 4630 713 901 4631 732 920 4632 947 1135 4633 946 1134 4634 939 1127 4635 947 1135 4636 732 920 4637 939 1127 4638 948 1136 4639 947 1135 4640 939 1127 4641 938 1126 4642 948 1136 4643 948 1136 4644 938 1126 4645 949 1137 4646 938 1126 4647 941 1129 4648 949 1137 4649 949 1137 4650 941 1129 4651 950 1138 4652 942 1130 4653 950 1138 4654 941 1129 4655 944 1132 4656 945 1133 4657 946 1134 4658 951 1139 4659 952 1140 4660 947 1135 4661 951 1139 4662 947 1135 4663 948 1136 4664 948 1136 4665 949 1137 4666 951 1139 4667 951 1139 4668 949 1137 4669 953 1141 4670 949 1137 4671 950 1138 4672 953 1141 4673 950 1138 4674 954 1142 4675 953 1141 4676 955 1143 4677 953 1141 4678 954 1142 4679 955 1143 4680 954 1142 4681 956 1144 4682 956 1144 4683 957 1145 4684 955 1143 4685 956 1144 4686 958 1146 4687 957 1145 4688 959 1147 4689 958 1146 4690 956 1144 4691 959 1147 4692 960 1148 4693 958 1146 4694 954 1142 4695 959 1147 4696 956 1144 4697 955 1143 4698 957 1145 4699 952 1140 4700 955 1143 4701 952 1140 4702 951 1139 4703 951 1139 4704 953 1141 4705 955 1143 4706 961 1149 4707 950 1138 4708 942 1130 4709 961 1149 4710 962 1150 4711 950 1138 4712 950 1138 4713 962 1150 4714 954 1142 4715 962 1150 4716 963 1151 4717 954 1142 4718 954 1142 4719 963 1151 4720 959 1147 4721 964 1152 4722 959 1147 4723 963 1151 4724 965 1153 4725 959 1147 4726 964 1152 4727 965 1153 4728 960 1148 4729 959 1147 4730 966 1154 4731 960 1148 4732 965 1153 4733 966 1154 4734 967 1155 4735 960 1148 4736 968 1156 4737 960 1148 4738 967 1155 4739 968 1156 4740 958 1146 4741 960 1148 4742 943 1131 4743 958 1146 4744 968 1156 4745 943 1131 4746 957 1145 4747 958 1146 4748 944 1132 4749 957 1145 4750 943 1131 4751 944 1132 4752 952 1140 4753 957 1145 4754 946 1134 4755 952 1140 4756 944 1132 4757 946 1134 4758 947 1135 4759 952 1140 4760 969 1157 4761 970 1158 4762 963 1151 4763 964 1152 4764 963 1151 4765 970 1158 4766 962 1150 4767 969 1157 4768 963 1151 4769 969 1157 4770 962 1150 4771 961 1149 4772 969 1157 4773 961 1149 4774 971 1159 4775 972 1160 4776 969 1157 4777 971 1159 4778 969 1157 4779 972 1160 4780 970 1158 4781 972 1160 4782 973 1161 4783 970 1158 4784 970 1158 4785 973 1161 4786 974 1162 4787 970 1158 4788 974 1162 4789 964 1152 4790 964 1152 4791 974 1162 4792 731 919 4793 964 1152 4794 731 919 4795 965 1153 4796 965 1153 4797 731 919 4798 730 918 4799 965 1153 4800 730 918 4801 966 1154 4802 730 918 4803 729 917 4804 966 1154 4805 729 917 4806 967 1155 4807 966 1154 4808 729 917 4809 728 916 4810 967 1155 4811 728 916 4812 968 1156 4813 967 1155 4814 728 916 4815 726 914 4816 968 1156 4817 726 914 4818 943 1131 4819 968 1156 4820 732 920 4821 731 919 4822 974 1162 4823 732 920 4824 974 1162 4825 939 1127 4826 939 1127 4827 974 1162 4828 973 1161 4829 939 1127 4830 973 1161 4831 937 1125 4832 973 1161 4833 935 1123 4834 937 1125 4835 973 1161 4836 975 1163 4837 935 1123 4838 972 1160 4839 975 1163 4840 973 1161 4841 975 1163 4842 972 1160 4843 976 1164 4844 972 1160 4845 971 1159 4846 976 1164 4847 976 1164 4848 971 1159 4849 888 1076 4850 961 1149 4851 888 1076 4852 971 1159 4853 961 1149 4854 889 1077 4855 888 1076 4856 942 1130 4857 889 1077 4858 961 1149 4859 942 1130 4860 890 1078 4861 889 1077 4862 940 1128 4863 890 1078 4864 942 1130 4865 940 1128 4866 900 1088 4867 890 1078 4868 916 1104 4869 900 1088 4870 940 1128 4871 916 1104 4872 901 1089 4873 900 1088 4874 977 1165 4875 911 1099 4876 912 1100 4877 978 1166 4878 977 1165 4879 912 1100 4880 977 1165 4881 978 1166 4882 979 1167 4883 979 1167 4884 978 1166 4885 919 1107 4886 979 1167 4887 919 1107 4888 918 1106 4889 979 1167 4890 918 1106 4891 917 1105 4892 979 1167 4893 917 1105 4894 980 1168 4895 934 1122 4896 980 1168 4897 917 1105 4898 934 1122 4899 981 1169 4900 980 1168 4901 935 1123 4902 981 1169 4903 934 1122 4904 935 1123 4905 975 1163 4906 981 1169 4907 975 1163 4908 976 1164 4909 981 1169 4910 981 1169 4911 976 1164 4912 982 1170 4913 976 1164 4914 888 1076 4915 982 1170 4916 983 1171 4917 982 1170 4918 888 1076 4919 887 1075 4920 983 1171 4921 888 1076 4922 895 1083 4923 983 1171 4924 887 1075 4925 892 1080 4926 895 1083 4927 887 1075 4928 981 1169 4929 982 1170 4930 980 1168 4931 984 1172 4932 980 1168 4933 982 1170 4934 983 1171 4935 984 1172 4936 982 1170 4937 985 1173 4938 984 1172 4939 983 1171 4940 895 1083 4941 985 1173 4942 983 1171 4943 985 1173 4944 895 1083 4945 986 1174 4946 895 1083 4947 896 1084 4948 986 1174 4949 986 1174 4950 896 1084 4951 898 1086 4952 986 1174 4953 898 1086 4954 909 1097 4955 911 1099 4956 986 1174 4957 909 1097 4958 985 1173 4959 986 1174 4960 911 1099 4961 977 1165 4962 985 1173 4963 911 1099 4964 985 1173 4965 977 1165 4966 984 1172 4967 977 1165 4968 979 1167 4969 984 1172 4970 984 1172 4971 979 1167 4972 980 1168 4973 987 1175 4974 988 1176 4975 989 1177 4976 987 1175 4977 990 1178 4978 988 1176 4979 989 1177 4980 988 1176 4981 991 1179 4982 989 1177 4983 991 1179 4984 992 1180 4985 993 1181 4986 992 1180 4987 991 1179 4988 993 1181 4989 994 1182 4990 992 1180 4991 994 1182 4992 993 1181 4993 995 1183 4994 994 1182 4995 995 1183 4996 996 1184 4997 997 1185 4998 994 1182 4999 996 1184 5000 998 1186 5001 994 1182 5002 997 1185 5003 998 1186 5004 992 1180 5005 994 1182 5006 999 1187 5007 992 1180 5008 998 1186 5009 999 1187 5010 989 1177 5011 992 1180 5012 1000 1188 5013 989 1177 5014 999 1187 5015 1000 1188 5016 987 1175 5017 989 1177 5018 987 1175 5019 1000 1188 5020 1001 1189 5021 987 1175 5022 1001 1189 5023 1002 1190 5024 990 1178 5025 987 1175 5026 1002 1190 5027 990 1178 5028 1002 1190 5029 1003 1191 5030 991 1179 5031 1004 1192 5032 993 1181 5033 993 1181 5034 1004 1192 5035 1005 1193 5036 993 1181 5037 1005 1193 5038 995 1183 5039 1006 1194 5040 995 1183 5041 1005 1193 5042 1006 1194 5043 1007 1195 5044 995 1183 5045 1007 1195 5046 996 1184 5047 995 1183 5048 1007 1195 5049 1008 1196 5050 996 1184 5051 1008 1196 5052 1009 1197 5053 996 1184 5054 997 1185 5055 996 1184 5056 1009 1197 5057 997 1185 5058 1009 1197 5059 1010 1198 5060 997 1185 5061 1010 1198 5062 1011 1199 5063 998 1186 5064 997 1185 5065 1011 1199 5066 998 1186 5067 1011 1199 5068 1012 1200 5069 999 1187 5070 998 1186 5071 1012 1200 5072 999 1187 5073 1012 1200 5074 1013 1201 5075 1014 1202 5076 999 1187 5077 1013 1201 5078 1014 1202 5079 1000 1188 5080 999 1187 5081 1000 1188 5082 1014 1202 5083 1015 1203 5084 1000 1188 5085 1015 1203 5086 1001 1189 5087 1001 1189 5088 1015 1203 5089 1016 1204 5090 1001 1189 5091 1016 1204 5092 1017 1205 5093 1002 1190 5094 1001 1189 5095 1017 1205 5096 1002 1190 5097 1017 1205 5098 1018 1206 5099 1003 1191 5100 1002 1190 5101 1018 1206 5102 1003 1191 5103 1018 1206 5104 1019 1207 5105 1008 1196 5106 1020 1208 5107 1009 1197 5108 928 1116 5109 1009 1197 5110 1020 1208 5111 928 1116 5112 1010 1198 5113 1009 1197 5114 929 1117 5115 1010 1198 5116 928 1116 5117 929 1117 5118 931 1119 5119 1010 1198 5120 931 1119 5121 1011 1199 5122 1010 1198 5123 931 1119 5124 1021 1209 5125 1011 1199 5126 1021 1209 5127 1012 1200 5128 1011 1199 5129 1021 1209 5130 1022 1210 5131 1012 1200 5132 1013 1201 5133 1012 1200 5134 1022 1210 5135 1013 1201 5136 1022 1210 5137 1023 1211 5138 1024 1212 5139 1013 1201 5140 1023 1211 5141 1024 1212 5142 1014 1202 5143 1013 1201 5144 1014 1202 5145 1024 1212 5146 1025 1213 5147 1014 1202 5148 1025 1213 5149 1015 1203 5150 1015 1203 5151 1025 1213 5152 1026 1214 5153 1015 1203 5154 1026 1214 5155 1016 1204 5156 1027 1215 5157 1016 1204 5158 1026 1214 5159 1028 1216 5160 1029 1217 5161 1027 1215 5162 1030 1218 5163 1028 1216 5164 1027 1215 5165 1030 1218 5166 1027 1215 5167 1031 1219 5168 1031 1219 5169 1027 1215 5170 1026 1214 5171 1031 1219 5172 1026 1214 5173 1032 1220 5174 1033 1221 5175 1032 1220 5176 1026 1214 5177 1033 1221 5178 1026 1214 5179 1025 1213 5180 1025 1213 5181 1034 1222 5182 1033 1221 5183 1025 1213 5184 1024 1212 5185 1034 1222 5186 1035 1223 5187 1034 1222 5188 1024 1212 5189 1035 1223 5190 1024 1212 5191 1023 1211 5192 1023 1211 5193 1036 1224 5194 1035 1223 5195 1023 1211 5196 1022 1210 5197 1036 1224 5198 1037 1225 5199 1036 1224 5200 1022 1210 5201 1037 1225 5202 1022 1210 5203 1021 1209 5204 1021 1209 5205 1038 1226 5206 1037 1225 5207 1021 1209 5208 931 1119 5209 1038 1226 5210 930 1118 5211 1038 1226 5212 931 1119 5213 1028 1216 5214 1030 1218 5215 1039 1227 5216 1040 1228 5217 1041 1229 5218 1042 1230 5219 1043 1231 5220 1040 1228 5221 1042 1230 5222 1043 1231 5223 1042 1230 5224 1044 1232 5225 1045 1233 5226 1044 1232 5227 1042 1230 5228 1045 1233 5229 1046 1234 5230 1044 1232 5231 1045 1233 5232 1047 1235 5233 1046 1234 5234 1045 1233 5235 1048 1236 5236 1047 1235 5237 1049 1237 5238 1047 1235 5239 1048 1236 5240 1049 1237 5241 1048 1236 5242 1050 1238 5243 1050 1238 5244 1039 1227 5245 1049 1237 5246 1050 1238 5247 1051 1239 5248 1039 1227 5249 1028 1216 5250 1039 1227 5251 1051 1239 5252 1051 1239 5253 1052 1240 5254 1028 1216 5255 1051 1239 5256 1053 1241 5257 1052 1240 5258 1054 1242 5259 1052 1240 5260 1053 1241 5261 1051 1239 5262 1055 1243 5263 1053 1241 5264 1051 1239 5265 1050 1238 5266 1055 1243 5267 1050 1238 5268 1056 1244 5269 1055 1243 5270 1050 1238 5271 1048 1236 5272 1056 1244 5273 1048 1236 5274 1057 1245 5275 1056 1244 5276 1048 1236 5277 1045 1233 5278 1057 1245 5279 1045 1233 5280 1041 1229 5281 1057 1245 5282 1045 1233 5283 1042 1230 5284 1041 1229 5285 1058 1246 5286 1055 1243 5287 1056 1244 5288 1059 1247 5289 1058 1246 5290 1056 1244 5291 1059 1247 5292 1056 1244 5293 1057 1245 5294 1060 1248 5295 1059 1247 5296 1057 1245 5297 1060 1248 5298 1057 1245 5299 1041 1229 5300 1061 1249 5301 1060 1248 5302 1041 1229 5303 1040 1228 5304 1061 1249 5305 1041 1229 5306 1040 1228 5307 655 1250 5308 1061 1249 5309 1040 1228 5310 656 1251 5311 655 1250 5312 1043 1231 5313 656 1251 5314 1040 1228 5315 1043 1231 5316 650 1252 5317 656 1251 5318 1059 1247 5319 1062 1253 5320 1058 1246 5321 654 1254 5322 1061 1249 5323 655 1250 5324 654 1254 5325 1063 1255 5326 1061 1249 5327 1061 1249 5328 1063 1255 5329 1060 1248 5330 1063 1255 5331 1064 1256 5332 1060 1248 5333 1064 1256 5334 1059 1247 5335 1060 1248 5336 1064 1256 5337 1065 1257 5338 1059 1247 5339 1059 1247 5340 1065 1257 5341 1062 1253 5342 1065 1257 5343 1066 1258 5344 1062 1253 5345 1067 1259 5346 1062 1253 5347 1066 1258 5348 1066 1258 5349 1068 1260 5350 1067 1259 5351 1067 1259 5352 1068 1260 5353 1069 1261 5354 1068 1260 5355 1070 1262 5356 1069 1261 5357 1068 1260 5358 1071 1263 5359 1070 1262 5360 1071 1263 5361 1039 1227 5362 1070 1262 5363 1071 1263 5364 1049 1237 5365 1039 1227 5366 1072 1264 5367 1049 1237 5368 1071 1263 5369 1072 1264 5370 1047 1235 5371 1049 1237 5372 1046 1234 5373 1047 1235 5374 1072 1264 5375 1070 1262 5376 1039 1227 5377 1030 1218 5378 1073 1265 5379 1065 1257 5380 1064 1256 5381 1073 1265 5382 1074 1266 5383 1065 1257 5384 1065 1257 5385 1074 1266 5386 1066 1258 5387 1073 1265 5388 1075 1267 5389 1074 1266 5390 1074 1266 5391 1075 1267 5392 1076 1268 5393 1074 1266 5394 1076 1268 5395 1066 1258 5396 1066 1258 5397 1076 1268 5398 1068 1260 5399 1071 1263 5400 1068 1260 5401 1076 1268 5402 1071 1263 5403 1076 1268 5404 1072 1264 5405 1075 1267 5406 1072 1264 5407 1076 1268 5408 1075 1267 5409 1077 1269 5410 1072 1264 5411 1077 1269 5412 1075 1267 5413 1078 1270 5414 1046 1234 5415 1072 1264 5416 1077 1269 5417 1079 1271 5418 1046 1234 5419 1077 1269 5420 1077 1269 5421 1078 1270 5422 1079 1271 5423 1080 1272 5424 1079 1271 5425 1078 1270 5426 1080 1272 5427 1078 1270 5428 1081 1273 5429 1080 1272 5430 1081 1273 5431 642 1274 5432 643 1275 5433 642 1274 5434 1081 1273 5435 643 1275 5436 1081 1273 5437 1082 1276 5438 1082 1276 5439 644 1277 5440 643 1275 5441 1082 1276 5442 1083 1278 5443 644 1277 5444 654 1254 5445 644 1277 5446 1083 1278 5447 654 1254 5448 1083 1278 5449 1063 1255 5450 1063 1255 5451 1083 1278 5452 1064 1256 5453 1064 1256 5454 1083 1278 5455 1082 1276 5456 1064 1256 5457 1082 1276 5458 1081 1273 5459 1064 1256 5460 1081 1273 5461 1078 1270 5462 1064 1256 5463 1078 1270 5464 1073 1265 5465 1073 1265 5466 1078 1270 5467 1075 1267 5468 1079 1271 5469 1044 1232 5470 1046 1234 5471 1043 1231 5472 1044 1232 5473 1079 1271 5474 1043 1231 5475 1079 1271 5476 1080 1272 5477 650 1252 5478 1043 1231 5479 1080 1272 5480 650 1252 5481 1080 1272 5482 648 1279 5483 1080 1272 5484 642 1274 5485 648 1279 5486 1084 1280 5487 1085 1281 5488 1086 1282 5489 1084 1280 5490 1087 1283 5491 1085 1281 5492 1088 1284 5493 1085 1281 5494 1087 1283 5495 1087 1283 5496 1089 1285 5497 1088 1284 5498 1090 1286 5499 1091 1287 5500 1092 1288 5501 1090 1286 5502 1093 1289 5503 1091 1287 5504 1094 1290 5505 1093 1289 5506 1090 1286 5507 1094 1290 5508 1095 1291 5509 1093 1289 5510 1089 1285 5511 1095 1291 5512 1094 1290 5513 1089 1285 5514 1096 1292 5515 1095 1291 5516 1087 1283 5517 1096 1292 5518 1089 1285 5519 1097 1293 5520 1096 1292 5521 1087 1283 5522 1097 1293 5523 1087 1283 5524 1084 1280 5525 1084 1280 5526 1098 1294 5527 1097 1293 5528 1084 1280 5529 1099 1295 5530 1098 1294 5531 1086 1282 5532 1099 1295 5533 1084 1280 5534 1086 1282 5535 1100 1296 5536 1099 1295 5537 1097 1293 5538 1098 1294 5539 1101 1297 5540 1097 1293 5541 1101 1297 5542 1102 1298 5543 1102 1298 5544 1096 1292 5545 1097 1293 5546 1102 1298 5547 1095 1291 5548 1096 1292 5549 1102 1298 5550 1093 1289 5551 1095 1291 5552 1102 1298 5553 1103 1299 5554 1093 1289 5555 1091 1287 5556 1093 1289 5557 1103 1299 5558 1101 1297 5559 1103 1299 5560 1102 1298 5561 1092 1288 5562 1104 1300 5563 1105 1301 5564 1092 1288 5565 1105 1301 5566 1106 1302 5567 1092 1288 5568 1106 1302 5569 1090 1286 5570 1090 1286 5571 1106 1302 5572 1107 1303 5573 1090 1286 5574 1107 1303 5575 1094 1290 5576 1094 1290 5577 1107 1303 5578 1108 1304 5579 1094 1290 5580 1108 1304 5581 1089 1285 5582 1089 1285 5583 1108 1304 5584 1109 1305 5585 1089 1285 5586 1109 1305 5587 1088 1284 5588 1110 1306 5589 1088 1284 5590 1109 1305 5591 1088 1284 5592 1110 1306 5593 1085 1281 5594 1111 1307 5595 1085 1281 5596 1110 1306 5597 1086 1282 5598 1085 1281 5599 1111 1307 5600 1086 1282 5601 1111 1307 5602 1112 1308 5603 1112 1308 5604 1100 1296 5605 1086 1282 5606 1112 1308 5607 1113 1309 5608 1100 1296 5609 1114 1310 5610 1100 1296 5611 1113 1309 5612 1114 1310 5613 1115 1311 5614 1100 1296 5615 1111 1307 5616 1110 1306 5617 1116 1312 5618 1116 1312 5619 1110 1306 5620 1117 1313 5621 1110 1306 5622 1109 1305 5623 1117 1313 5624 1116 1312 5625 1117 1313 5626 1118 1314 5627 527 1315 5628 1115 1311 5629 1114 1310 5630 527 1315 5631 524 1316 5632 1115 1311 5633 1119 1317 5634 1115 1311 5635 524 1316 5636 1119 1317 5637 524 1316 5638 525 1318 5639 1119 1317 5640 525 1318 5641 526 1319 5642 1119 1317 5643 526 1319 5644 1120 1320 5645 1120 1320 5646 526 1319 5647 533 1321 5648 1120 1320 5649 533 1321 5650 1121 1322 5651 1121 1322 5652 533 1321 5653 538 1323 5654 1121 1322 5655 538 1323 5656 1122 1324 5657 1122 1324 5658 538 1323 5659 536 1325 5660 1122 1324 5661 536 1325 5662 1123 1326 5663 536 1325 5664 1124 1327 5665 1123 1326 5666 1123 1326 5667 1124 1327 5668 1125 1328 5669 1113 1309 5670 1125 1328 5671 1124 1327 5672 1112 1308 5673 1125 1328 5674 1113 1309 5675 1112 1308 5676 1126 1329 5677 1125 1328 5678 1111 1307 5679 1126 1329 5680 1112 1308 5681 1113 1309 5682 1124 1327 5683 1114 1310 5684 1127 1330 5685 1125 1328 5686 1126 1329 5687 1123 1326 5688 1125 1328 5689 1127 1330 5690 1127 1330 5691 1122 1324 5692 1123 1326 5693 1127 1330 5694 1128 1331 5695 1122 1324 5696 1129 1332 5697 1128 1331 5698 1127 1330 5699 1127 1330 5700 1126 1329 5701 1129 1332 5702 1129 1332 5703 1126 1329 5704 1130 1333 5705 1114 1310 5706 534 1334 5707 527 1315 5708 1114 1310 5709 1124 1327 5710 534 1334 5711 536 1325 5712 534 1334 5713 1124 1327 5714 1111 1307 5715 1130 1333 5716 1126 1329 5717 1116 1312 5718 1130 1333 5719 1111 1307 5720 1116 1312 5721 1131 1335 5722 1130 1333 5723 1131 1335 5724 1116 1312 5725 1118 1314 5726 1131 1335 5727 1118 1314 5728 1104 1300 5729 1092 1288 5730 1131 1335 5731 1104 1300 5732 1092 1288 5733 1130 1333 5734 1131 1335 5735 1092 1288 5736 1091 1287 5737 1130 1333 5738 1129 1332 5739 1130 1333 5740 1091 1287 5741 1091 1287 5742 1103 1299 5743 1129 1332 5744 1129 1332 5745 1103 1299 5746 1128 1331 5747 1101 1297 5748 1128 1331 5749 1103 1299 5750 1122 1324 5751 1128 1331 5752 1101 1297 5753 1122 1324 5754 1101 1297 5755 1121 1322 5756 1121 1322 5757 1101 1297 5758 1098 1294 5759 1121 1322 5760 1098 1294 5761 1120 1320 5762 1120 1320 5763 1098 1294 5764 1099 1295 5765 1120 1320 5766 1099 1295 5767 1119 1317 5768 1119 1317 5769 1099 1295 5770 1100 1296 5771 1119 1317 5772 1100 1296 5773 1115 1311 5774 417 1336 5775 420 1337 5776 418 1338 5777 417 1336 5778 422 1339 5779 420 1337 5780 417 1336 5781 425 1340 5782 422 1339 5783 417 1336 5784 414 1341 5785 425 1340 5786 1132 1342 5787 1133 1343 5788 1134 1344 5789 1132 1342 5790 1135 1345 5791 1133 1343 5792 1134 1344 5793 1136 1346 5794 1137 1347 5795 1137 1347 5796 1132 1342 5797 1134 1344 5798 1137 1347 5799 1135 1345 5800 1132 1342 5801 1137 1347 5802 1138 1348 5803 1135 1345 5804 1136 1346 5805 1139 1349 5806 1140 1350 5807 1136 1346 5808 1141 1351 5809 1139 1349 5810 1134 1344 5811 1141 1351 5812 1136 1346 5813 1141 1351 5814 1134 1344 5815 1133 1343 5816 1141 1351 5817 1133 1343 5818 1139 1349 5819 1142 1352 5820 1143 1353 5821 1138 1348 5822 1142 1352 5823 1138 1348 5824 1137 1347 5825 1137 1347 5826 1136 1346 5827 1142 1352 5828 1142 1352 5829 1136 1346 5830 1140 1350 5831 1142 1352 5832 1140 1350 5833 1143 1353 5834 495 1354 5835 504 1355 5836 496 1356 5837 495 1354 5838 503 1357 5839 504 1355 5840 495 1354 5841 500 1358 5842 503 1357 5843 495 1354 5844 498 1359 5845 500 1358 5846 1144 1360 5847 1145 1361 5848 1146 1362 5849 1144 1360 5850 1147 1363 5851 1145 1361 5852 1148 1364 5853 1149 1365 5854 1150 1366 5855 1144 1360 5856 1149 1365 5857 1148 1364 5858 1151 1367 5859 1144 1360 5860 1148 1364 5861 1151 1367 5862 1147 1363 5863 1144 1360 5864 1147 1363 5865 1151 1367 5866 1152 1368 5867 1147 1363 5868 1152 1368 5869 1145 1361 5870 1148 1364 5871 1150 1366 5872 1153 1369 5873 1149 1365 5874 1144 1360 5875 1146 1362 5876 1149 1365 5877 1146 1362 5878 1150 1366 5879 1154 1370 5880 1153 1369 5881 1155 1371 5882 1154 1370 5883 1148 1364 5884 1153 1369 5885 1151 1367 5886 1148 1364 5887 1154 1370 5888 1154 1370 5889 1152 1368 5890 1151 1367 5891 1154 1370 5892 1155 1371 5893 1152 1368 5894 1156 1372 5895 1157 1373 5896 1158 1374 5897 1156 1372 5898 1159 1375 5899 1157 1373 5900 1160 1376 5901 1157 1377 5902 1159 1378 5903 1160 1376 5904 1159 1378 5905 1161 1379 5906 1162 1380 5907 1160 1376 5908 1161 1379 5909 1162 1380 5910 1161 1379 5911 1163 1381 5912 1163 1381 5913 1 1382 5914 1162 1380 5915 1163 1381 5916 2 1383 5917 1 1382 5918 1164 1384 5919 1165 1385 5920 1166 1386 5921 1164 1384 5922 1167 1387 5923 1165 1385 5924 1168 1388 5925 1166 1389 5926 1169 1390 5927 1168 1388 5928 1164 1391 5929 1166 1389 5930 1170 1392 5931 1171 1393 5932 1172 1394 5933 1170 1392 5934 1173 1395 5935 1171 1393 5936 1174 1396 5937 1173 1397 5938 1170 1398 5939 1174 1396 5940 1175 1399 5941 1173 1397 5942 1171 1400 5943 1173 1401 5944 1175 1402 5945 1175 1402 5946 1162 1403 5947 1171 1400 5948 1162 1403 5949 1176 1404 5950 1171 1400 5951 502 1405 5952 494 1406 5953 505 1407 5954 502 1405 5955 497 1408 5956 494 1406 5957 502 1405 5958 499 1409 5959 497 1408 5960 502 1405 5961 501 1410 5962 499 1409 5963 1171 1400 5964 1177 1411 5965 1178 1412 5966 1171 1400 5967 1176 1404 5968 1177 1411 5969 1162 1380 5970 1174 1413 5971 1160 1376 5972 1162 1380 5973 1175 1414 5974 1174 1413 5975 1172 1415 5976 1179 1416 5977 1180 1417 5978 1172 1415 5979 1181 1418 5980 1179 1416 5981 1182 1419 5982 1179 1416 5983 1181 1418 5984 1182 1419 5985 1183 1420 5986 1179 1416 5987 1167 1421 5988 1183 1420 5989 1182 1419 5990 1167 1421 5991 1184 1422 5992 1183 1420 5993 1163 1381 5994 1168 1423 5995 1169 1424 5996 1163 1381 5997 1161 1379 5998 1168 1423 5999 1165 1425 6000 1185 1426 6001 1186 1427 6002 1165 1425 6003 1187 1428 6004 1185 1426 6005 1187 1428 6006 1177 1411 6007 1185 1426 6008 1187 1428 6009 1178 1412 6010 1177 1411 6011 1165 1429 6012 1182 1430 6013 1187 1431 6014 1165 1429 6015 1167 1432 6016 1182 1430 6017 1182 1433 6018 1178 1434 6019 1187 1435 6020 1182 1433 6021 1181 1436 6022 1178 1434 6023 1181 1437 6024 1171 1438 6025 1178 1439 6026 1181 1437 6027 1172 1440 6028 1171 1438 6029 1162 1441 6030 1 1442 6031 1176 1443 6032 3 1444 6033 1176 1443 6034 1 1442 6035 3 1444 6036 1177 1445 6037 1176 1443 6038 1158 1446 6039 1180 1447 6040 1179 1448 6041 1158 1446 6042 1157 1449 6043 1180 1447 6044 1160 1450 6045 1180 1447 6046 1157 1449 6047 1188 1451 6048 1189 1452 6049 1190 1453 6050 1188 1451 6051 1191 1454 6052 1189 1452 6053 1188 1451 6054 1192 1455 6055 1191 1454 6056 1188 1451 6057 1193 1456 6058 1192 1455 6059 1161 1457 6060 1159 1458 6061 1184 1459 6062 1156 1460 6063 1184 1459 6064 1159 1458 6065 1156 1460 6066 1183 1461 6067 1184 1459 6068 1179 1462 6069 1156 1463 6070 1158 1464 6071 1179 1462 6072 1183 1465 6073 1156 1463 6074 1185 1466 6075 3 1467 6076 0 1468 6077 1185 1466 6078 1177 1469 6079 3 1467 6080 1194 1470 6081 1195 1471 6082 1196 1472 6083 1197 1473 6084 1194 1470 6085 1196 1472 6086 1198 1474 6087 1194 1470 6088 1197 1473 6089 1198 1474 6090 1197 1473 6091 1199 1475 6092 1200 1476 6093 1198 1474 6094 1199 1475 6095 1200 1476 6096 1199 1475 6097 1201 1477 6098 1200 1476 6099 1201 1477 6100 1202 1478 6101 1203 1479 6102 1202 1478 6103 1201 1477 6104 1204 1480 6105 1202 1478 6106 1203 1479 6107 1204 1480 6108 1203 1479 6109 1205 1481 6110 1206 1482 6111 1205 1481 6112 1203 1479 6113 1206 1482 6114 1203 1479 6115 1207 1483 6116 1208 1484 6117 1206 1482 6118 1207 1483 6119 1208 1484 6120 1207 1483 6121 1209 1485 6122 1210 1486 6123 1208 1484 6124 1209 1485 6125 1210 1486 6126 1209 1485 6127 1211 1487 6128 1210 1486 6129 1211 1487 6130 1200 1476 6131 1200 1476 6132 1211 1487 6133 1198 1474 6134 1212 1488 6135 1202 1478 6136 1204 1480 6137 1212 1488 6138 1200 1476 6139 1202 1478 6140 1210 1486 6141 1200 1476 6142 1212 1488 6143 1209 1485 6144 1198 1474 6145 1211 1487 6146 1209 1485 6147 1213 1489 6148 1198 1474 6149 1207 1483 6150 1213 1489 6151 1209 1485 6152 1207 1483 6153 1214 1490 6154 1213 1489 6155 1207 1483 6156 1215 1491 6157 1214 1490 6158 1215 1491 6159 1216 1492 6160 1214 1490 6161 1215 1491 6162 1217 1493 6163 1216 1492 6164 1216 1492 6165 1217 1493 6166 1196 1472 6167 1217 1493 6168 1218 1494 6169 1196 1472 6170 1218 1494 6171 1197 1473 6172 1196 1472 6173 1199 1475 6174 1197 1473 6175 1218 1494 6176 1199 1475 6177 1218 1494 6178 1201 1477 6179 1201 1477 6180 1218 1494 6181 1217 1493 6182 1201 1477 6183 1217 1493 6184 1215 1491 6185 1203 1479 6186 1201 1477 6187 1215 1491 6188 1207 1483 6189 1203 1479 6190 1215 1491 6191 1213 1489 6192 1194 1470 6193 1198 1474 6194 1213 1489 6195 1195 1471 6196 1194 1470 6197 1214 1490 6198 1195 1471 6199 1213 1489 6200 1214 1490 6201 1216 1492 6202 1195 1471 6203 1195 1471 6204 1216 1492 6205 1196 1472 6206 1190 1495 6207 1219 1496 6208 1188 1497 6209 1190 1495 6210 1220 1498 6211 1219 1496 6212 1190 1495 6213 1221 1499 6214 1220 1498 6215 1190 1495 6216 1189 1500 6217 1221 1499 6218 1189 1500 6219 1222 1501 6220 1221 1499 6221 1189 1500 6222 1191 1502 6223 1222 1501 6224 1192 1503 6225 1222 1501 6226 1191 1502 6227 1192 1503 6228 1223 1504 6229 1222 1501 6230 1192 1503 6231 1224 1505 6232 1223 1504 6233 1192 1503 6234 1193 1506 6235 1224 1505 6236 1188 1497 6237 1224 1505 6238 1193 1506 6239 1188 1497 6240 1219 1496 6241 1224 1505 6242 708 1507 6243 707 1508 6244 705 1509 6245 707 1510 6246 706 1511 6247 705 1512 6248 1225 1513 6249 1226 1514 6250 1227 1515 6251 1226 1514 6252 1228 1516 6253 1227 1515 6254 1226 1514 6255 1229 1517 6256 1228 1516 6257 705 1509 6258 1228 1516 6259 1229 1517 6260 705 1509 6261 1229 1517 6262 704 1518 6263 708 1507 6264 705 1509 6265 704 1518 6266 703 1519 6267 708 1507 6268 704 1518 6269 1230 1520 6270 1208 1484 6271 1210 1486 6272 1230 1520 6273 1231 1521 6274 1208 1484 6275 1231 1521 6276 1206 1482 6277 1208 1484 6278 1231 1521 6279 1232 1522 6280 1206 1482 6281 1233 1523 6282 1206 1482 6283 1232 1522 6284 1233 1523 6285 1205 1481 6286 1206 1482 6287 1234 1524 6288 1205 1481 6289 1233 1523 6290 1234 1524 6291 1204 1480 6292 1205 1481 6293 1234 1524 6294 1212 1488 6295 1204 1480 6296 1234 1524 6297 1235 1525 6298 1212 1488 6299 1230 1520 6300 1212 1488 6301 1235 1525 6302 1230 1520 6303 1210 1486 6304 1212 1488 6305 1229 1526 6306 698 1527 6307 704 1528 6308 1229 1526 6309 696 1529 6310 698 1527 6311 692 1530 6312 696 1529 6313 1229 1526 6314 692 1530 6315 1229 1526 6316 1226 1531 6317 1226 1531 6318 693 1532 6319 692 1530 6320 1226 1531 6321 1225 1533 6322 693 1532 6323 694 1534 6324 693 1532 6325 1225 1533 6326 694 1534 6327 1225 1533 6328 1227 1535 6329 1227 1535 6330 695 1536 6331 694 1534 6332 1227 1535 6333 1228 1537 6334 695 1536 6335 697 1538 6336 695 1536 6337 1228 1537 6338 697 1538 6339 1228 1537 6340 705 1539 6341 1236 1540 6342 1237 1541 6343 1238 1542 6344 1236 1540 6345 1239 1543 6346 1237 1541 6347 1239 1543 6348 1240 1544 6349 1237 1541 6350 1239 1543 6351 1241 1545 6352 1240 1544 6353 1241 1545 6354 1242 1546 6355 1240 1544 6356 1241 1545 6357 1243 1547 6358 1242 1546 6359 1244 1548 6360 1242 1546 6361 1243 1547 6362 1244 1548 6363 1245 1549 6364 1242 1546 6365 1244 1548 6366 1246 1550 6367 1245 1549 6368 1244 1548 6369 1247 1551 6370 1246 1550 6371 1236 1540 6372 1246 1550 6373 1247 1551 6374 1236 1540 6375 1238 1542 6376 1246 1550 6377 1248 1552 6378 1249 1553 6379 1250 1554 6380 737 925 6381 736 924 6382 735 923 6383 737 925 6384 735 923 6385 1251 1555 6386 1251 1555 6387 735 923 6388 734 922 6389 1251 1555 6390 734 922 6391 1252 1556 6392 1252 1556 6393 734 922 6394 733 921 6395 1252 1556 6396 733 921 6397 1249 1553 6398 1249 1553 6399 733 921 6400 1253 1557 6401 1249 1553 6402 1253 1557 6403 1250 1554 6404 1254 1558 6405 1250 1554 6406 1253 1557 6407 1255 1559 6408 1250 1554 6409 1254 1558 6410 1255 1559 6411 1248 1552 6412 1250 1554 6413 1248 1552 6414 1255 1559 6415 1256 1560 6416 1248 1552 6417 1256 1560 6418 1257 1561 6419 1256 1560 6420 1258 1562 6421 1257 1561 6422 1259 1563 6423 1257 1561 6424 1258 1562 6425 1259 1563 6426 1258 1562 6427 1260 1564 6428 1261 1565 6429 1259 1563 6430 1260 1564 6431 1261 1565 6432 1260 1564 6433 1262 1566 6434 1252 1556 6435 1263 1567 6436 1251 1555 6437 1252 1556 6438 1264 1568 6439 1263 1567 6440 1249 1553 6441 1264 1568 6442 1252 1556 6443 1249 1553 6444 1265 1569 6445 1264 1568 6446 1248 1552 6447 1265 1569 6448 1249 1553 6449 1265 1569 6450 1248 1552 6451 1257 1561 6452 1265 1569 6453 1257 1561 6454 1259 1563 6455 1264 1568 6456 1265 1569 6457 1259 1563 6458 1264 1568 6459 1259 1563 6460 1261 1565 6461 1266 1570 6462 1264 1568 6463 1261 1565 6464 1266 1570 6465 1263 1567 6466 1264 1568 6467 741 929 6468 1263 1567 6469 1266 1570 6470 741 929 6471 739 927 6472 1263 1567 6473 1251 1555 6474 1263 1567 6475 739 927 6476 1251 1555 6477 739 927 6478 737 925 6479 1267 1571 6480 1268 1572 6481 1269 1573 6482 1267 1571 6483 1269 1573 6484 1262 1566 6485 1270 1574 6486 1267 1571 6487 1262 1566 6488 1270 1574 6489 1262 1566 6490 1260 1564 6491 1271 1575 6492 1270 1574 6493 1260 1564 6494 1271 1575 6495 1260 1564 6496 1258 1562 6497 1271 1575 6498 1258 1562 6499 1272 1576 6500 1256 1560 6501 1272 1576 6502 1258 1562 6503 760 948 6504 1272 1576 6505 1256 1560 6506 1255 1559 6507 760 948 6508 1256 1560 6509 1255 1559 6510 761 949 6511 760 948 6512 761 949 6513 1255 1559 6514 1254 1558 6515 761 949 6516 1254 1558 6517 717 905 6518 717 905 6519 1254 1558 6520 716 904 6521 1254 1558 6522 1253 1557 6523 716 904 6524 715 903 6525 716 904 6526 1253 1557 6527 715 903 6528 1253 1557 6529 733 921 6530 715 903 6531 733 921 6532 727 915 6533 1271 1575 6534 1272 1576 6535 1273 1577 6536 1273 1577 6537 1272 1576 6538 759 947 6539 760 948 6540 759 947 6541 1272 1576 6542 1273 1577 6543 759 947 6544 758 946 6545 1274 1578 6546 1268 1572 6547 1267 1571 6548 1275 1579 6549 1274 1578 6550 1267 1571 6551 1275 1579 6552 1267 1571 6553 1270 1574 6554 1271 1575 6555 1275 1579 6556 1270 1574 6557 1271 1575 6558 1276 1580 6559 1275 1579 6560 1273 1577 6561 1276 1580 6562 1271 1575 6563 1273 1577 6564 1277 1581 6565 1276 1580 6566 758 946 6567 1277 1581 6568 1273 1577 6569 758 946 6570 757 945 6571 1277 1581 6572 1278 1582 6573 1277 1581 6574 757 945 6575 1278 1582 6576 757 945 6577 755 943 6578 755 943 6579 1279 1583 6580 1278 1582 6581 755 943 6582 753 941 6583 1279 1583 6584 1280 1584 6585 1279 1583 6586 753 941 6587 1280 1584 6588 753 941 6589 749 937 6590 817 1005 6591 1280 1584 6592 749 937 6593 1274 1578 6594 1275 1579 6595 1281 1585 6596 1275 1579 6597 1282 1586 6598 1281 1585 6599 1275 1579 6600 1276 1580 6601 1282 1586 6602 1282 1586 6603 1276 1580 6604 1277 1581 6605 1282 1586 6606 1277 1581 6607 1278 1582 6608 1278 1582 6609 1283 1587 6610 1282 1586 6611 1278 1582 6612 1279 1583 6613 1283 1587 6614 1280 1584 6615 1283 1587 6616 1279 1583 6617 1281 1585 6618 1282 1586 6619 1283 1587 6620 1266 1570 6621 1261 1565 6622 1262 1566 6623 1266 1570 6624 1262 1566 6625 1269 1573 6626 741 929 6627 1266 1570 6628 1269 1573 6629 741 929 6630 1269 1573 6631 743 931 6632 1268 1572 6633 743 931 6634 1269 1573 6635 1268 1572 6636 745 933 6637 743 931 6638 1284 1588 6639 745 933 6640 1268 1572 6641 1274 1578 6642 1284 1588 6643 1268 1572 6644 1284 1588 6645 1274 1578 6646 1285 1589 6647 1274 1578 6648 1281 1585 6649 1285 1589 6650 1285 1589 6651 1281 1585 6652 1286 1590 6653 1281 1585 6654 1283 1587 6655 1286 1590 6656 1287 1591 6657 1286 1590 6658 1283 1587 6659 1280 1584 6660 1287 1591 6661 1283 1587 6662 1287 1591 6663 1280 1584 6664 1288 1592 6665 817 1005 6666 1288 1592 6667 1280 1584 6668 1288 1592 6669 817 1005 6670 818 1006 6671 1288 1592 6672 818 1006 6673 1289 1593 6674 1290 1594 6675 1288 1592 6676 1289 1593 6677 1290 1594 6678 1291 1595 6679 1288 1592 6680 1287 1591 6681 1288 1592 6682 1291 1595 6683 1284 1588 6684 746 934 6685 745 933 6686 746 934 6687 1284 1588 6688 747 935 6689 1284 1588 6690 1285 1589 6691 747 935 6692 747 935 6693 1285 1589 6694 774 962 6695 1285 1589 6696 1286 1590 6697 774 962 6698 772 960 6699 774 962 6700 1286 1590 6701 1287 1591 6702 772 960 6703 1286 1590 6704 1287 1591 6705 770 958 6706 772 960 6707 1287 1591 6708 1291 1595 6709 770 958 6710 768 956 6711 770 958 6712 1291 1595 6713 768 956 6714 1291 1595 6715 1290 1594 6716 768 956 6717 1290 1594 6718 765 953 6719 1289 1593 6720 765 953 6721 1290 1594 6722 1289 1593 6723 762 950 6724 765 953 6725 818 1006 6726 762 950 6727 1289 1593 6728 818 1006 6729 819 1007 6730 762 950 6731 819 1007 6732 763 951 6733 762 950 6734 819 1007 6735 789 977 6736 763 951 6737 1292 1596 6738 1293 1597 6739 1294 1598 6740 1295 1599 6741 1294 1598 6742 1293 1597 6743 1295 1599 6744 1296 1600 6745 1294 1598 6746 1297 1601 6747 1298 1602 6748 1295 1599 6749 1298 1602 6750 1296 1600 6751 1295 1599 6752 1298 1602 6753 1299 1603 6754 1296 1600 6755 1296 1600 6756 1299 1603 6757 1300 1604 6758 1296 1600 6759 1300 1604 6760 1301 1605 6761 1296 1600 6762 1301 1605 6763 1302 1606 6764 1296 1600 6765 1302 1606 6766 1294 1598 6767 1303 1607 6768 1294 1598 6769 1302 1606 6770 1292 1596 6771 1294 1598 6772 1303 1607 6773 1292 1596 6774 1303 1607 6775 1304 1608 6776 1292 1596 6777 1304 1608 6778 1305 1609 6779 1306 1610 6780 1305 1609 6781 1304 1608 6782 1306 1610 6783 1304 1608 6784 1307 1611 6785 1304 1608 6786 1308 1612 6787 1307 1611 6788 1304 1608 6789 1309 1613 6790 1308 1612 6791 1308 1612 6792 1309 1613 6793 1310 1614 6794 1309 1613 6795 1311 1615 6796 1310 1614 6797 1311 1615 6798 1302 1606 6799 1310 1614 6800 1303 1607 6801 1302 1606 6802 1311 1615 6803 1303 1607 6804 1311 1615 6805 1309 1613 6806 1303 1607 6807 1309 1613 6808 1304 1608 6809 1302 1606 6810 1301 1605 6811 1310 1614 6812 1301 1605 6813 1300 1604 6814 1310 1614 6815 1300 1604 6816 1308 1612 6817 1310 1614 6818 1299 1603 6819 1308 1612 6820 1300 1604 6821 1299 1603 6822 1307 1611 6823 1308 1612 6824 1298 1602 6825 1307 1611 6826 1299 1603 6827 1298 1602 6828 1306 1610 6829 1307 1611 6830 1297 1601 6831 1306 1610 6832 1298 1602 6833 1297 1601 6834 1312 1616 6835 1306 1610 6836 1312 1616 6837 1305 1609 6838 1306 1610 6839 1312 1616 6840 1313 1617 6841 1305 1609 6842 1314 1618 6843 1305 1609 6844 1313 1617 6845 1314 1618 6846 1292 1596 6847 1305 1609 6848 1315 1619 6849 1292 1596 6850 1314 1618 6851 1315 1619 6852 1293 1597 6853 1292 1596 6854 1316 1620 6855 1293 1597 6856 1315 1619 6857 1316 1620 6858 1295 1599 6859 1293 1597 6860 1297 1601 6861 1295 1599 6862 1316 1620 6863 1317 1621 6864 1316 1620 6865 1315 1619 6866 1317 1621 6867 1318 1622 6868 1316 1620 6869 1318 1622 6870 1297 1601 6871 1316 1620 6872 1318 1622 6873 1319 1623 6874 1297 1601 6875 1320 1624 6876 1297 1601 6877 1319 1623 6878 1320 1624 6879 1312 1616 6880 1297 1601 6881 1321 1625 6882 1312 1616 6883 1320 1624 6884 1321 1625 6885 1313 1617 6886 1312 1616 6887 1321 1625 6888 1314 1618 6889 1313 1617 6890 1321 1625 6891 1322 1626 6892 1314 1618 6893 1317 1621 6894 1314 1618 6895 1322 1626 6896 1317 1621 6897 1315 1619 6898 1314 1618 6899 1186 1427 6900 1163 1627 6901 1165 1425 6902 1163 1627 6903 1169 1628 6904 1165 1425 6905 1165 1425 6906 1169 1628 6907 1166 1629 6908 1184 1422 6909 1167 1421 6910 1161 1630 6911 1161 1630 6912 1167 1421 6913 1168 1631 6914 1167 1421 6915 1164 1632 6916 1168 1631 6917 1323 1633 6918 1324 1634 6919 1325 1635 6920 1323 1633 6921 1326 1636 6922 1324 1634 6923 1326 1636 6924 1327 1637 6925 1324 1634 6926 1326 1636 6927 1328 1638 6928 1327 1637 6929 1328 1638 6930 1329 1639 6931 1327 1637 6932 1328 1638 6933 1330 1640 6934 1329 1639 6935 1331 1641 6936 1329 1639 6937 1330 1640 6938 1331 1641 6939 1332 1642 6940 1329 1639 6941 1331 1641 6942 1333 1643 6943 1332 1642 6944 1331 1641 6945 1334 1644 6946 1333 1643 6947 1323 1633 6948 1333 1643 6949 1334 1644 6950 1323 1633 6951 1325 1635 6952 1333 1643 6953 1180 1417 6954 1160 1645 6955 1172 1415 6956 1172 1415 6957 1160 1645 6958 1174 1646 6959 1172 1415 6960 1174 1646 6961 1170 1647 6962 1163 1648 6963 1186 1649 6964 2 1650 6965 1186 1649 6966 0 1651 6967 2 1650 6968 1186 1649 6969 1185 1652 6970 0 1651 6971 1335 1653 6972 1336 1654 6973 1337 1655 6974 1335 1653 6975 1338 1656 6976 1336 1654 6977 1338 1656 6978 1339 1657 6979 1336 1654 6980 1338 1656 6981 1340 1658 6982 1339 1657 6983 1341 1659 6984 1339 1657 6985 1340 1658 6986 1341 1659 6987 1342 1660 6988 1339 1657 6989 1343 1661 6990 1342 1660 6991 1341 1659 6992 1343 1661 6993 1344 1662 6994 1342 1660 6995 1343 1661 6996 1345 1663 6997 1344 1662 6998 1343 1661 6999 1346 1664 7000 1345 1663 7001 1335 1653 7002 1345 1663 7003 1346 1664 7004 1335 1653 7005 1337 1655 7006 1345 1663 7007 1242 1665 7008 1237 1666 7009 1240 1667 7010 1242 1665 7011 1238 1668 7012 1237 1666 7013 1242 1665 7014 1246 1669 7015 1238 1668 7016 1242 1665 7017 1245 1670 7018 1246 1669 7019 1347 1671 7020 1348 1672 7021 1349 1673 7022 1347 1671 7023 1350 1674 7024 1348 1672 7025 1350 1674 7026 1351 1675 7027 1348 1672 7028 1350 1674 7029 1352 1676 7030 1351 1675 7031 1352 1676 7032 1353 1677 7033 1351 1675 7034 1352 1676 7035 1354 1678 7036 1353 1677 7037 1355 1679 7038 1353 1677 7039 1354 1678 7040 1355 1679 7041 1356 1680 7042 1353 1677 7043 1355 1679 7044 1357 1681 7045 1356 1680 7046 1355 1679 7047 1358 1682 7048 1357 1681 7049 1347 1671 7050 1357 1681 7051 1358 1682 7052 1347 1671 7053 1349 1673 7054 1357 1681 7055 1244 1683 7056 1236 1684 7057 1247 1685 7058 1244 1683 7059 1239 1686 7060 1236 1684 7061 1244 1683 7062 1241 1687 7063 1239 1686 7064 1244 1683 7065 1243 1688 7066 1241 1687 7067 1359 1689 7068 1360 1690 7069 1361 1691 7070 1359 1689 7071 1362 1692 7072 1360 1690 7073 1363 1693 7074 1360 1690 7075 1362 1692 7076 1363 1693 7077 1364 1694 7078 1365 1695 7079 1363 1693 7080 1365 1695 7081 1360 1690 7082 1360 1690 7083 1365 1695 7084 1366 1696 7085 1361 1691 7086 1360 1690 7087 1366 1696 7088 1367 1697 7089 1361 1691 7090 1366 1696 7091 1359 1689 7092 1361 1691 7093 1367 1697 7094 1359 1689 7095 1367 1697 7096 1368 1698 7097 1369 1699 7098 1359 1689 7099 1368 1698 7100 1369 1699 7101 1362 1692 7102 1359 1689 7103 1369 1699 7104 1370 1700 7105 1362 1692 7106 1371 1701 7107 1362 1692 7108 1370 1700 7109 1371 1701 7110 1363 1693 7111 1362 1692 7112 1371 1701 7113 1372 1702 7114 1363 1693 7115 1371 1701 7116 1373 1703 7117 1372 1702 7118 1365 1695 7119 1364 1694 7120 1366 1696 7121 1368 1698 7122 1367 1697 7123 1374 1704 7124 1374 1704 7125 1367 1697 7126 1366 1696 7127 1364 1694 7128 1374 1704 7129 1366 1696 7130 1375 1705 7131 1374 1704 7132 1364 1694 7133 1368 1698 7134 1374 1704 7135 1375 1705 7136 1376 1706 7137 1368 1698 7138 1375 1705 7139 1369 1699 7140 1368 1698 7141 1376 1706 7142 1377 1707 7143 1369 1699 7144 1376 1706 7145 1377 1707 7146 1378 1708 7147 1369 1699 7148 1379 1709 7149 1369 1699 7150 1378 1708 7151 1379 1709 7152 1370 1700 7153 1369 1699 7154 1380 1710 7155 1370 1700 7156 1379 1709 7157 1380 1710 7158 1371 1701 7159 1370 1700 7160 1381 1711 7161 1371 1701 7162 1380 1710 7163 1381 1711 7164 1373 1703 7165 1371 1701 7166 1381 1711 7167 1382 1712 7168 1373 1703 7169 1382 1712 7170 1372 1702 7171 1373 1703 7172 1382 1712 7173 1375 1705 7174 1372 1702 7175 1375 1705 7176 1364 1694 7177 1372 1702 7178 1363 1693 7179 1372 1702 7180 1364 1694 7181 1376 1706 7182 1375 1705 7183 1382 1712 7184 1383 1713 7185 1376 1706 7186 1382 1712 7187 1383 1713 7188 1377 1707 7189 1376 1706 7190 1381 1711 7191 1383 1713 7192 1382 1712 7193 1384 1714 7194 1385 1715 7195 1386 1716 7196 1384 1714 7197 1387 1717 7198 1385 1715 7199 1387 1717 7200 1388 1718 7201 1385 1715 7202 1387 1717 7203 1389 1719 7204 1388 1718 7205 1390 1720 7206 1388 1718 7207 1389 1719 7208 1390 1720 7209 1391 1721 7210 1388 1718 7211 1392 1722 7212 1391 1721 7213 1390 1720 7214 1392 1722 7215 1393 1723 7216 1391 1721 7217 1392 1722 7218 1394 1724 7219 1393 1723 7220 1392 1722 7221 1395 1725 7222 1394 1724 7223 1384 1714 7224 1394 1724 7225 1395 1725 7226 1384 1714 7227 1386 1716 7228 1394 1724 7229 1396 1726 7230 1397 1727 7231 1398 1728 7232 1396 1726 7233 1399 1729 7234 1397 1727 7235 1396 1726 7236 1400 1730 7237 1399 1729 7238 1396 1726 7239 1401 1731 7240 1400 1730 7241 1402 1732 7242 1403 1733 7243 1404 1734 7244 1402 1732 7245 1405 1735 7246 1403 1733 7247 1405 1735 7248 1406 1736 7249 1403 1733 7250 1405 1735 7251 1407 1737 7252 1406 1736 7253 1407 1737 7254 1408 1738 7255 1406 1736 7256 1407 1737 7257 1409 1739 7258 1408 1738 7259 1410 1740 7260 1408 1738 7261 1409 1739 7262 1410 1740 7263 1411 1741 7264 1408 1738 7265 1410 1740 7266 1412 1742 7267 1411 1741 7268 1410 1740 7269 1413 1743 7270 1412 1742 7271 1402 1732 7272 1412 1742 7273 1413 1743 7274 1402 1732 7275 1404 1734 7276 1412 1742 7277 1399 1744 7278 1414 1745 7279 1397 1746 7280 1399 1744 7281 1415 1747 7282 1414 1745 7283 1399 1744 7284 1416 1748 7285 1415 1747 7286 1399 1744 7287 1400 1749 7288 1416 1748 7289 1400 1749 7290 1417 1750 7291 1416 1748 7292 1400 1749 7293 1401 1751 7294 1417 1750 7295 1396 1752 7296 1417 1750 7297 1401 1751 7298 1396 1752 7299 1418 1753 7300 1417 1750 7301 1396 1752 7302 1419 1754 7303 1418 1753 7304 1396 1752 7305 1398 1755 7306 1419 1754 7307 1397 1746 7308 1419 1754 7309 1398 1755 7310 1397 1746 7311 1414 1745 7312 1419 1754 7313 1324 1756 7314 1333 1757 7315 1325 1758 7316 1324 1756 7317 1332 1759 7318 1333 1757 7319 1324 1756 7320 1329 1760 7321 1332 1759 7322 1324 1756 7323 1327 1761 7324 1329 1760 7325 1420 1762 7326 1421 1763 7327 1422 1764 7328 1420 1762 7329 1423 1765 7330 1421 1763 7331 1423 1765 7332 1424 1766 7333 1421 1763 7334 1423 1765 7335 1425 1767 7336 1424 1766 7337 1426 1768 7338 1424 1766 7339 1425 1767 7340 1426 1768 7341 1427 1769 7342 1424 1766 7343 1428 1770 7344 1427 1769 7345 1426 1768 7346 1428 1770 7347 1429 1771 7348 1427 1769 7349 1428 1770 7350 1430 1772 7351 1429 1771 7352 1428 1770 7353 1431 1773 7354 1430 1772 7355 1420 1762 7356 1430 1772 7357 1431 1773 7358 1420 1762 7359 1422 1764 7360 1430 1772 7361 1331 1774 7362 1323 1775 7363 1334 1776 7364 1331 1774 7365 1326 1777 7366 1323 1775 7367 1331 1774 7368 1328 1778 7369 1326 1777 7370 1331 1774 7371 1330 1779 7372 1328 1778 7373 1432 1780 7374 1433 1781 7375 1434 1782 7376 1432 1780 7377 1435 1783 7378 1433 1781 7379 1435 1783 7380 1436 1784 7381 1433 1781 7382 1435 1783 7383 1437 1785 7384 1436 1784 7385 1437 1785 7386 1438 1786 7387 1436 1784 7388 1437 1785 7389 1439 1787 7390 1438 1786 7391 1440 1788 7392 1438 1786 7393 1439 1787 7394 1440 1788 7395 1441 1789 7396 1438 1786 7397 1440 1788 7398 1442 1790 7399 1441 1789 7400 1440 1788 7401 1443 1791 7402 1442 1790 7403 1432 1780 7404 1442 1790 7405 1443 1791 7406 1432 1780 7407 1434 1782 7408 1442 1790 7409 1444 1792 7410 1445 1793 7411 1446 1794 7412 1444 1792 7413 1447 1795 7414 1445 1793 7415 1444 1792 7416 1448 1796 7417 1447 1795 7418 1444 1792 7419 1449 1797 7420 1448 1796 7421 1450 1798 7422 1451 1799 7423 1452 1800 7424 1453 1801 7425 1452 1800 7426 1451 1799 7427 1453 1801 7428 1454 1802 7429 1452 1800 7430 1455 1803 7431 1453 1801 7432 1456 1804 7433 1456 1804 7434 1453 1801 7435 1451 1799 7436 1456 1804 7437 1451 1799 7438 1457 1805 7439 1457 1805 7440 1451 1799 7441 1450 1798 7442 1457 1805 7443 1450 1798 7444 1458 1806 7445 1459 1807 7446 1458 1806 7447 1450 1798 7448 1460 1808 7449 1461 1809 7450 1462 1810 7451 1463 1811 7452 1460 1808 7453 1462 1810 7454 1454 1802 7455 1460 1808 7456 1463 1811 7457 1454 1802 7458 1463 1811 7459 1464 1812 7460 1454 1802 7461 1464 1812 7462 1452 1800 7463 1465 1813 7464 1452 1800 7465 1464 1812 7466 1450 1798 7467 1452 1800 7468 1465 1813 7469 1466 1814 7470 1450 1798 7471 1465 1813 7472 1459 1807 7473 1450 1798 7474 1466 1814 7475 1467 1815 7476 1459 1807 7477 1466 1814 7478 1467 1815 7479 1466 1814 7480 1468 1816 7481 1455 1803 7482 1467 1815 7483 1468 1816 7484 1455 1803 7485 1468 1816 7486 1469 1817 7487 1455 1803 7488 1469 1817 7489 1453 1801 7490 1453 1801 7491 1469 1817 7492 1470 1818 7493 1453 1801 7494 1470 1818 7495 1454 1802 7496 1454 1802 7497 1470 1818 7498 1460 1808 7499 1471 1819 7500 1460 1808 7501 1470 1818 7502 1464 1812 7503 1463 1811 7504 1462 1810 7505 1471 1819 7506 1461 1809 7507 1460 1808 7508 1471 1819 7509 1472 1820 7510 1461 1809 7511 1461 1809 7512 1472 1820 7513 1462 1810 7514 1472 1820 7515 1473 1821 7516 1462 1810 7517 1473 1821 7518 1464 1812 7519 1462 1810 7520 1465 1813 7521 1464 1812 7522 1473 1821 7523 1465 1813 7524 1473 1821 7525 1472 1820 7526 1465 1813 7527 1472 1820 7528 1474 1822 7529 1471 1819 7530 1474 1822 7531 1472 1820 7532 1466 1814 7533 1474 1822 7534 1471 1819 7535 1466 1814 7536 1471 1819 7537 1468 1816 7538 1469 1817 7539 1468 1816 7540 1471 1819 7541 1469 1817 7542 1471 1819 7543 1470 1818 7544 1466 1814 7545 1465 1813 7546 1474 1822 7547 1444 1823 7548 1475 1824 7549 1449 1825 7550 1444 1823 7551 1476 1826 7552 1475 1824 7553 1444 1823 7554 1477 1827 7555 1476 1826 7556 1444 1823 7557 1446 1828 7558 1477 1827 7559 1446 1828 7560 1478 1829 7561 1477 1827 7562 1446 1828 7563 1445 1830 7564 1478 1829 7565 1447 1831 7566 1478 1829 7567 1445 1830 7568 1447 1831 7569 1479 1832 7570 1478 1829 7571 1447 1831 7572 1480 1833 7573 1479 1832 7574 1447 1831 7575 1448 1834 7576 1480 1833 7577 1449 1825 7578 1480 1833 7579 1448 1834 7580 1449 1825 7581 1475 1824 7582 1480 1833 7583 1481 1835 7584 1482 1836 7585 1483 1837 7586 1484 1838 7587 1481 1835 7588 1485 1839 7589 1484 1838 7590 1482 1836 7591 1481 1835 7592 1484 1838 7593 1486 1840 7594 1482 1836 7595 1482 1836 7596 1486 1840 7597 1483 1837 7598 1486 1840 7599 1487 1841 7600 1483 1837 7601 1488 1842 7602 1485 1839 7603 1489 1843 7604 1488 1842 7605 1484 1838 7606 1485 1839 7607 1488 1842 7608 1490 1844 7609 1484 1838 7610 1484 1838 7611 1490 1844 7612 1486 1840 7613 1491 1845 7614 1486 1840 7615 1490 1844 7616 1491 1845 7617 1487 1841 7618 1486 1840 7619 1491 1845 7620 1492 1846 7621 1487 1841 7622 1487 1841 7623 1492 1846 7624 1483 1837 7625 1492 1846 7626 1493 1847 7627 1483 1837 7628 1493 1847 7629 1481 1835 7630 1483 1837 7631 1494 1848 7632 1481 1835 7633 1493 1847 7634 1494 1848 7635 1485 1839 7636 1481 1835 7637 1495 1849 7638 1485 1839 7639 1494 1848 7640 1495 1849 7641 1489 1843 7642 1485 1839 7643 1342 1660 7644 1489 1843 7645 1495 1849 7646 1342 1660 7647 1344 1662 7648 1489 1843 7649 1345 1663 7650 1489 1843 7651 1344 1662 7652 1345 1663 7653 1488 1842 7654 1489 1843 7655 1337 1655 7656 1488 1842 7657 1345 1663 7658 1339 1657 7659 1342 1660 7660 1495 1849 7661 1488 1842 7662 1496 1850 7663 1490 1844 7664 1496 1850 7665 1491 1845 7666 1490 1844 7667 1496 1850 7668 1497 1851 7669 1491 1845 7670 1337 1655 7671 1496 1850 7672 1488 1842 7673 1336 1654 7674 1496 1850 7675 1337 1655 7676 1336 1654 7677 1497 1851 7678 1496 1850 7679 1336 1654 7680 1498 1852 7681 1497 1851 7682 1498 1852 7683 1491 1845 7684 1497 1851 7685 1498 1852 7686 1499 1853 7687 1491 1845 7688 1491 1845 7689 1499 1853 7690 1492 1846 7691 1499 1853 7692 1493 1847 7693 1492 1846 7694 1499 1853 7695 1494 1848 7696 1493 1847 7697 1495 1849 7698 1494 1848 7699 1499 1853 7700 1495 1849 7701 1499 1853 7702 1498 1852 7703 1339 1657 7704 1495 1849 7705 1498 1852 7706 1336 1654 7707 1339 1657 7708 1498 1852 7709 1500 1854 7710 1467 1815 7711 1455 1803 7712 1500 1854 7713 1501 1855 7714 1467 1815 7715 1501 1855 7716 1459 1807 7717 1467 1815 7718 1501 1855 7719 1502 1856 7720 1459 1807 7721 1503 1857 7722 1459 1807 7723 1502 1856 7724 1503 1857 7725 1458 1806 7726 1459 1807 7727 1504 1858 7728 1458 1806 7729 1503 1857 7730 1504 1858 7731 1457 1805 7732 1458 1806 7733 1504 1858 7734 1456 1804 7735 1457 1805 7736 1504 1858 7737 1505 1859 7738 1456 1804 7739 1500 1854 7740 1456 1804 7741 1505 1859 7742 1500 1854 7743 1455 1803 7744 1456 1804 7745 1348 1860 7746 1357 1861 7747 1349 1862 7748 1348 1860 7749 1356 1863 7750 1357 1861 7751 1348 1860 7752 1353 1864 7753 1356 1863 7754 1348 1860 7755 1351 1865 7756 1353 1864 7757 1506 1866 7758 1507 1867 7759 1508 1868 7760 1506 1866 7761 1509 1869 7762 1507 1867 7763 1509 1869 7764 1510 1870 7765 1507 1867 7766 1509 1869 7767 1511 1871 7768 1510 1870 7769 1511 1871 7770 1512 1872 7771 1510 1870 7772 1511 1871 7773 1513 1873 7774 1512 1872 7775 1514 1874 7776 1512 1872 7777 1513 1873 7778 1514 1874 7779 1515 1875 7780 1512 1872 7781 1514 1874 7782 1516 1876 7783 1515 1875 7784 1514 1874 7785 1517 1877 7786 1516 1876 7787 1506 1866 7788 1516 1876 7789 1517 1877 7790 1506 1866 7791 1508 1868 7792 1516 1876 7793 1355 1878 7794 1347 1879 7795 1358 1880 7796 1355 1878 7797 1350 1881 7798 1347 1879 7799 1355 1878 7800 1352 1882 7801 1350 1881 7802 1355 1878 7803 1354 1883 7804 1352 1882 7805 1518 1884 7806 1519 1885 7807 1520 1886 7808 1518 1884 7809 1521 1887 7810 1519 1885 7811 1522 1888 7812 1521 1887 7813 1518 1884 7814 1523 1889 7815 1524 1890 7816 1525 1891 7817 1525 1891 7818 1524 1890 7819 1522 1888 7820 1525 1891 7821 1522 1888 7822 1526 1892 7823 1527 1893 7824 1526 1892 7825 1522 1888 7826 1527 1893 7827 1522 1888 7828 1518 1884 7829 1528 1894 7830 1527 1893 7831 1518 1884 7832 1528 1894 7833 1518 1884 7834 1520 1886 7835 1529 1895 7836 1528 1894 7837 1520 1886 7838 1530 1896 7839 1531 1897 7840 1532 1898 7841 1519 1885 7842 1531 1897 7843 1530 1896 7844 1519 1885 7845 1533 1899 7846 1531 1897 7847 1519 1885 7848 1521 1887 7849 1533 1899 7850 1534 1900 7851 1533 1899 7852 1521 1887 7853 1522 1888 7854 1534 1900 7855 1521 1887 7856 1522 1888 7857 1535 1901 7858 1534 1900 7859 1522 1888 7860 1524 1890 7861 1535 1901 7862 1536 1902 7863 1535 1901 7864 1524 1890 7865 1523 1889 7866 1536 1902 7867 1524 1890 7868 1529 1895 7869 1536 1902 7870 1523 1889 7871 1529 1895 7872 1537 1903 7873 1536 1902 7874 1529 1895 7875 1520 1886 7876 1537 1903 7877 1520 1886 7878 1538 1904 7879 1537 1903 7880 1520 1886 7881 1519 1885 7882 1538 1904 7883 1519 1885 7884 1530 1896 7885 1538 1904 7886 1539 1905 7887 1538 1904 7888 1530 1896 7889 1539 1905 7890 1530 1896 7891 1540 1906 7892 1531 1897 7893 1533 1899 7894 1532 1898 7895 1540 1906 7896 1530 1896 7897 1532 1898 7898 1539 1905 7899 1540 1906 7900 1541 1907 7901 1541 1907 7902 1540 1906 7903 1532 1898 7904 1542 1908 7905 1541 1907 7906 1532 1898 7907 1533 1899 7908 1542 1908 7909 1532 1898 7910 1534 1900 7911 1542 1908 7912 1533 1899 7913 1534 1900 7914 1541 1907 7915 1542 1908 7916 1534 1900 7917 1535 1901 7918 1541 1907 7919 1539 1905 7920 1541 1907 7921 1535 1901 7922 1536 1902 7923 1539 1905 7924 1535 1901 7925 1536 1902 7926 1538 1904 7927 1539 1905 7928 1536 1902 7929 1537 1903 7930 1538 1904 7931 1543 1909 7932 1528 1894 7933 1529 1895 7934 1543 1909 7935 1544 1910 7936 1528 1894 7937 1544 1910 7938 1527 1893 7939 1528 1894 7940 1544 1910 7941 1545 1911 7942 1527 1893 7943 1546 1912 7944 1527 1893 7945 1545 1911 7946 1546 1912 7947 1526 1892 7948 1527 1893 7949 1547 1913 7950 1526 1892 7951 1546 1912 7952 1547 1913 7953 1525 1891 7954 1526 1892 7955 1547 1913 7956 1523 1889 7957 1525 1891 7958 1547 1913 7959 1548 1914 7960 1523 1889 7961 1543 1909 7962 1523 1889 7963 1548 1914 7964 1543 1909 7965 1529 1895 7966 1523 1889 7967 1549 1915 7968 1550 1916 7969 1551 1917 7970 1549 1915 7971 1552 1918 7972 1550 1916 7973 1549 1915 7974 1553 1919 7975 1552 1918 7976 1549 1915 7977 1554 1920 7978 1553 1919 7979 1555 1921 7980 1556 1922 7981 1557 1923 7982 1555 1921 7983 1558 1924 7984 1556 1922 7985 1558 1924 7986 1559 1925 7987 1556 1922 7988 1558 1924 7989 1560 1926 7990 1559 1925 7991 1560 1926 7992 1561 1927 7993 1559 1925 7994 1560 1926 7995 1562 1928 7996 1561 1927 7997 1563 1929 7998 1561 1927 7999 1562 1928 8000 1563 1929 8001 1564 1930 8002 1561 1927 8003 1563 1929 8004 1565 1931 8005 1564 1930 8006 1563 1929 8007 1566 1932 8008 1565 1931 8009 1555 1921 8010 1565 1931 8011 1566 1932 8012 1555 1921 8013 1557 1923 8014 1565 1931 8015 1553 1933 8016 1567 1934 8017 1552 1935 8018 1553 1933 8019 1568 1936 8020 1567 1934 8021 1553 1933 8022 1569 1937 8023 1568 1936 8024 1553 1933 8025 1554 1938 8026 1569 1937 8027 1549 1939 8028 1569 1937 8029 1554 1938 8030 1549 1939 8031 1570 1940 8032 1569 1937 8033 1551 1941 8034 1570 1940 8035 1549 1939 8036 1551 1941 8037 1571 1942 8038 1570 1940 8039 1551 1941 8040 1572 1943 8041 1571 1942 8042 1551 1941 8043 1550 1944 8044 1572 1943 8045 1552 1935 8046 1572 1943 8047 1550 1944 8048 1552 1935 8049 1567 1934 8050 1572 1943 8051 1573 1945 8052 1574 1946 8053 1575 1947 8054 1576 1948 8055 1577 1949 8056 1578 1950 8057 1579 1951 8058 1576 1948 8059 1578 1950 8060 1580 1952 8061 1579 1951 8062 1578 1950 8063 1581 1953 8064 1579 1951 8065 1580 1952 8066 1581 1953 8067 1580 1952 8068 1582 1954 8069 1583 1955 8070 1581 1953 8071 1582 1954 8072 1583 1955 8073 1582 1954 8074 1584 1956 8075 1584 1956 8076 1582 1954 8077 1573 1945 8078 1573 1945 8079 1582 1954 8080 1580 1952 8081 1573 1945 8082 1580 1952 8083 1574 1946 8084 1574 1946 8085 1580 1952 8086 1578 1950 8087 1575 1947 8088 1574 1946 8089 1578 1950 8090 1577 1949 8091 1575 1947 8092 1578 1950 8093 1385 1715 8094 1585 1957 8095 1586 1958 8096 1385 1715 8097 1586 1958 8098 1386 1716 8099 1386 1716 8100 1586 1958 8101 1587 1959 8102 1386 1716 8103 1587 1959 8104 1394 1724 8105 1394 1724 8106 1587 1959 8107 1588 1960 8108 1394 1724 8109 1588 1960 8110 1393 1723 8111 1393 1723 8112 1588 1960 8113 1583 1955 8114 1393 1723 8115 1583 1955 8116 1391 1721 8117 1388 1718 8118 1391 1721 8119 1583 1955 8120 1388 1718 8121 1583 1955 8122 1584 1956 8123 1385 1715 8124 1388 1718 8125 1584 1956 8126 1385 1715 8127 1584 1956 8128 1585 1957 8129 1584 1956 8130 1573 1945 8131 1585 1957 8132 1585 1957 8133 1573 1945 8134 1589 1961 8135 1573 1945 8136 1575 1947 8137 1589 1961 8138 1590 1962 8139 1589 1961 8140 1575 1947 8141 1590 1962 8142 1575 1947 8143 1577 1949 8144 1590 1962 8145 1577 1949 8146 1576 1948 8147 1581 1953 8148 1576 1948 8149 1579 1951 8150 1581 1953 8151 1591 1963 8152 1576 1948 8153 1590 1962 8154 1576 1948 8155 1591 1963 8156 1587 1959 8157 1590 1962 8158 1591 1963 8159 1587 1959 8160 1589 1961 8161 1590 1962 8162 1587 1959 8163 1586 1958 8164 1589 1961 8165 1585 1957 8166 1589 1961 8167 1586 1958 8168 1583 1955 8169 1591 1963 8170 1581 1953 8171 1583 1955 8172 1588 1960 8173 1591 1963 8174 1587 1959 8175 1591 1963 8176 1588 1960 8177 1403 1964 8178 1412 1965 8179 1404 1966 8180 1403 1964 8181 1411 1967 8182 1412 1965 8183 1403 1964 8184 1408 1968 8185 1411 1967 8186 1403 1964 8187 1406 1969 8188 1408 1968 8189 1592 1970 8190 1593 1971 8191 1594 1972 8192 1592 1970 8193 1595 1973 8194 1593 1971 8195 1595 1973 8196 1596 1974 8197 1593 1971 8198 1595 1973 8199 1597 1975 8200 1596 1974 8201 1597 1975 8202 1598 1976 8203 1596 1974 8204 1597 1975 8205 1599 1977 8206 1598 1976 8207 1600 1978 8208 1598 1976 8209 1599 1977 8210 1600 1978 8211 1601 1979 8212 1598 1976 8213 1600 1978 8214 1602 1980 8215 1601 1979 8216 1600 1978 8217 1603 1981 8218 1602 1980 8219 1592 1970 8220 1602 1980 8221 1603 1981 8222 1592 1970 8223 1594 1972 8224 1602 1980 8225 1410 1982 8226 1402 1983 8227 1413 1984 8228 1410 1982 8229 1405 1985 8230 1402 1983 8231 1410 1982 8232 1407 1986 8233 1405 1985 8234 1410 1982 8235 1409 1987 8236 1407 1986 8237 1604 1988 8238 1605 1989 8239 1606 1990 8240 1607 1991 8241 1606 1990 8242 1605 1989 8243 1607 1991 8244 1608 1992 8245 1606 1990 8246 1607 1991 8247 1609 1993 8248 1608 1992 8249 1608 1992 8250 1609 1993 8251 1610 1994 8252 1610 1994 8253 1611 1995 8254 1612 1996 8255 1613 1997 8256 1611 1995 8257 1610 1994 8258 1613 1997 8259 1610 1994 8260 1609 1993 8261 1614 1998 8262 1613 1997 8263 1609 1993 8264 1607 1991 8265 1614 1998 8266 1609 1993 8267 1615 1999 8268 1614 1998 8269 1607 1991 8270 1615 1999 8271 1607 1991 8272 1616 2000 8273 1616 2000 8274 1607 1991 8275 1605 1989 8276 1616 2000 8277 1605 1989 8278 1617 2001 8279 1617 2001 8280 1605 1989 8281 1604 1988 8282 1617 2001 8283 1604 1988 8284 1618 2002 8285 1619 2003 8286 1618 2002 8287 1604 1988 8288 1619 2003 8289 1604 1988 8290 1620 2004 8291 1621 2005 8292 1619 2003 8293 1620 2004 8294 1621 2005 8295 1620 2004 8296 1622 2006 8297 1621 2005 8298 1622 2006 8299 1614 1998 8300 1614 1998 8301 1622 2006 8302 1613 1997 8303 1620 2004 8304 1613 1997 8305 1622 2006 8306 1621 2005 8307 1614 1998 8308 1615 1999 8309 1620 2004 8310 1623 2007 8311 1613 1997 8312 1604 1988 8313 1623 2007 8314 1620 2004 8315 1604 1988 8316 1624 2008 8317 1623 2007 8318 1604 1988 8319 1606 1990 8320 1624 2008 8321 1624 2008 8322 1606 1990 8323 1625 2009 8324 1608 1992 8325 1625 2009 8326 1606 1990 8327 1608 1992 8328 1626 2010 8329 1625 2009 8330 1608 1992 8331 1610 1994 8332 1626 2010 8333 1626 2010 8334 1610 1994 8335 1612 1996 8336 1625 2009 8337 1626 2010 8338 1612 1996 8339 1627 2011 8340 1625 2009 8341 1612 1996 8342 1624 2008 8343 1625 2009 8344 1627 2011 8345 1624 2008 8346 1627 2011 8347 1628 2012 8348 1624 2008 8349 1628 2012 8350 1623 2007 8351 1613 1997 8352 1623 2007 8353 1628 2012 8354 1613 1997 8355 1628 2012 8356 1611 1995 8357 1611 1995 8358 1628 2012 8359 1612 1996 8360 1628 2012 8361 1627 2011 8362 1612 1996 8363 1629 2013 8364 1630 2014 8365 1631 2015 8366 1629 2013 8367 1632 2016 8368 1630 2014 8369 1629 2013 8370 1633 2017 8371 1632 2016 8372 1629 2013 8373 1634 2018 8374 1633 2017 8375 1635 2019 8376 1621 2005 8377 1615 1999 8378 1635 2019 8379 1636 2020 8380 1621 2005 8381 1636 2020 8382 1619 2003 8383 1621 2005 8384 1636 2020 8385 1637 2021 8386 1619 2003 8387 1638 2022 8388 1619 2003 8389 1637 2021 8390 1638 2022 8391 1618 2002 8392 1619 2003 8393 1639 2023 8394 1618 2002 8395 1638 2022 8396 1639 2023 8397 1617 2001 8398 1618 2002 8399 1639 2023 8400 1616 2000 8401 1617 2001 8402 1639 2023 8403 1640 2024 8404 1616 2000 8405 1635 2019 8406 1616 2000 8407 1640 2024 8408 1635 2019 8409 1615 1999 8410 1616 2000 8411 1629 2025 8412 1641 2026 8413 1634 2027 8414 1629 2025 8415 1642 2028 8416 1641 2026 8417 1629 2025 8418 1643 2029 8419 1642 2028 8420 1629 2025 8421 1631 2030 8422 1643 2029 8423 1631 2030 8424 1644 2031 8425 1643 2029 8426 1631 2030 8427 1630 2032 8428 1644 2031 8429 1632 2033 8430 1644 2031 8431 1630 2032 8432 1632 2033 8433 1645 2034 8434 1644 2031 8435 1632 2033 8436 1646 2035 8437 1645 2034 8438 1632 2033 8439 1633 2036 8440 1646 2035 8441 1634 2027 8442 1646 2035 8443 1633 2036 8444 1634 2027 8445 1641 2026 8446 1646 2035 8447 1421 1763 8448 1424 1766 8449 1647 2037 8450 1424 1766 8451 1648 2038 8452 1647 2037 8453 1424 1766 8454 1427 1769 8455 1648 2038 8456 1429 1771 8457 1648 2038 8458 1427 1769 8459 1429 1771 8460 1649 2039 8461 1648 2038 8462 1430 1772 8463 1649 2039 8464 1429 1771 8465 1650 2040 8466 1651 2041 8467 1652 2042 8468 1651 2041 8469 1653 2043 8470 1652 2042 8471 1654 2044 8472 1653 2043 8473 1651 2041 8474 1654 2044 8475 1655 2045 8476 1653 2043 8477 1647 2037 8478 1655 2045 8479 1654 2044 8480 1647 2037 8481 1656 2046 8482 1655 2045 8483 1647 2037 8484 1648 2038 8485 1656 2046 8486 1648 2038 8487 1657 2047 8488 1656 2046 8489 1648 2038 8490 1649 2039 8491 1657 2047 8492 1658 2048 8493 1657 2047 8494 1649 2039 8495 1430 1772 8496 1658 2048 8497 1649 2039 8498 1422 1764 8499 1658 2048 8500 1430 1772 8501 1422 1764 8502 1659 2049 8503 1658 2048 8504 1421 1763 8505 1659 2049 8506 1422 1764 8507 1421 1763 8508 1660 2050 8509 1659 2049 8510 1421 1763 8511 1647 2037 8512 1660 2050 8513 1647 2037 8514 1654 2044 8515 1660 2050 8516 1660 2050 8517 1654 2044 8518 1661 2051 8519 1654 2044 8520 1651 2041 8521 1650 2040 8522 1660 2050 8523 1661 2051 8524 1659 2049 8525 1658 2048 8526 1659 2049 8527 1661 2051 8528 1658 2048 8529 1661 2051 8530 1662 2052 8531 1658 2048 8532 1662 2052 8533 1657 2047 8534 1662 2052 8535 1663 2053 8536 1657 2047 8537 1656 2046 8538 1657 2047 8539 1663 2053 8540 1656 2046 8541 1663 2053 8542 1664 2054 8543 1654 2044 8544 1650 2040 8545 1661 2051 8546 1662 2052 8547 1661 2051 8548 1650 2040 8549 1662 2052 8550 1650 2040 8551 1665 2055 8552 1662 2052 8553 1665 2055 8554 1663 2053 8555 1663 2053 8556 1665 2055 8557 1652 2042 8558 1664 2054 8559 1663 2053 8560 1652 2042 8561 1653 2043 8562 1664 2054 8563 1652 2042 8564 1656 2046 8565 1664 2054 8566 1653 2043 8567 1656 2046 8568 1653 2043 8569 1655 2045 8570 1665 2055 8571 1650 2040 8572 1652 2042 8573 1666 2056 8574 1667 2057 8575 1668 2058 8576 1666 2056 8577 1669 2059 8578 1667 2057 8579 1669 2059 8580 1670 2060 8581 1667 2057 8582 1669 2059 8583 1671 2061 8584 1670 2060 8585 1671 2061 8586 1672 2062 8587 1670 2060 8588 1671 2061 8589 1673 2063 8590 1672 2062 8591 1674 2064 8592 1672 2062 8593 1673 2063 8594 1674 2064 8595 1675 2065 8596 1672 2062 8597 1674 2064 8598 1676 2066 8599 1675 2065 8600 1674 2064 8601 1677 2067 8602 1676 2066 8603 1666 2056 8604 1676 2066 8605 1677 2067 8606 1666 2056 8607 1668 2058 8608 1676 2066 8609 1438 2068 8610 1433 2069 8611 1436 2070 8612 1438 2068 8613 1434 2071 8614 1433 2069 8615 1438 2068 8616 1442 2072 8617 1434 2071 8618 1438 2068 8619 1441 2073 8620 1442 2072 8621 1678 2074 8622 1679 2075 8623 1680 2076 8624 1678 2074 8625 1680 2076 8626 1681 2077 8627 1682 2078 8628 1678 2074 8629 1681 2077 8630 1682 2078 8631 1683 2079 8632 1678 2074 8633 1684 2080 8634 1682 2078 8635 1681 2077 8636 1685 2081 8637 1686 2082 8638 1687 2083 8639 1680 2076 8640 1686 2082 8641 1685 2081 8642 1680 2076 8643 1688 2084 8644 1686 2082 8645 1680 2076 8646 1679 2075 8647 1688 2084 8648 1689 2085 8649 1688 2084 8650 1679 2075 8651 1678 2074 8652 1689 2085 8653 1679 2075 8654 1678 2074 8655 1690 2086 8656 1689 2085 8657 1683 2079 8658 1690 2086 8659 1678 2074 8660 1683 2079 8661 1691 2087 8662 1690 2086 8663 1692 2088 8664 1690 2086 8665 1691 2087 8666 1692 2088 8667 1693 2089 8668 1690 2086 8669 1694 2090 8670 1693 2089 8671 1692 2088 8672 1694 2090 8673 1695 2091 8674 1693 2089 8675 1684 2080 8676 1695 2091 8677 1694 2090 8678 1684 2080 8679 1696 2092 8680 1695 2091 8681 1684 2080 8682 1681 2077 8683 1696 2092 8684 1681 2077 8685 1697 2093 8686 1696 2092 8687 1681 2077 8688 1680 2076 8689 1697 2093 8690 1686 2082 8691 1688 2084 8692 1687 2083 8693 1698 2094 8694 1685 2081 8695 1687 2083 8696 1695 2091 8697 1699 2095 8698 1693 2089 8699 1690 2086 8700 1693 2089 8701 1699 2095 8702 1690 2086 8703 1699 2095 8704 1689 2085 8705 1680 2076 8706 1685 2081 8707 1697 2093 8708 1700 2096 8709 1697 2093 8710 1685 2081 8711 1700 2096 8712 1685 2081 8713 1698 2094 8714 1700 2096 8715 1698 2094 8716 1701 2097 8717 1701 2097 8718 1698 2094 8719 1687 2083 8720 1702 2098 8721 1701 2097 8722 1687 2083 8723 1688 2084 8724 1702 2098 8725 1687 2083 8726 1689 2085 8727 1702 2098 8728 1688 2084 8729 1689 2085 8730 1701 2097 8731 1702 2098 8732 1689 2085 8733 1699 2095 8734 1701 2097 8735 1700 2096 8736 1701 2097 8737 1699 2095 8738 1695 2091 8739 1700 2096 8740 1699 2095 8741 1695 2091 8742 1697 2093 8743 1700 2096 8744 1695 2091 8745 1696 2092 8746 1697 2093 8747 1703 2099 8748 1682 2078 8749 1684 2080 8750 1703 2099 8751 1704 2100 8752 1682 2078 8753 1704 2100 8754 1683 2079 8755 1682 2078 8756 1704 2100 8757 1705 2101 8758 1683 2079 8759 1706 2102 8760 1683 2079 8761 1705 2101 8762 1706 2102 8763 1691 2087 8764 1683 2079 8765 1707 2103 8766 1691 2087 8767 1706 2102 8768 1707 2103 8769 1692 2088 8770 1691 2087 8771 1707 2103 8772 1694 2090 8773 1692 2088 8774 1707 2103 8775 1708 2104 8776 1694 2090 8777 1703 2099 8778 1694 2090 8779 1708 2104 8780 1703 2099 8781 1684 2080 8782 1694 2090 8783 1440 2105 8784 1432 2106 8785 1443 2107 8786 1440 2105 8787 1435 2108 8788 1432 2106 8789 1440 2105 8790 1437 2109 8791 1435 2108 8792 1440 2105 8793 1439 2110 8794 1437 2109 8795 1709 2111 8796 1710 2112 8797 1711 2113 8798 1709 2111 8799 1712 2114 8800 1710 2112 8801 1712 2114 8802 1713 2115 8803 1710 2112 8804 1712 2114 8805 1714 2116 8806 1713 2115 8807 1714 2116 8808 1715 2117 8809 1713 2115 8810 1714 2116 8811 1716 2118 8812 1715 2117 8813 1717 2119 8814 1715 2117 8815 1716 2118 8816 1717 2119 8817 1718 2120 8818 1715 2117 8819 1717 2119 8820 1719 2121 8821 1718 2120 8822 1717 2119 8823 1720 2122 8824 1719 2121 8825 1709 2111 8826 1719 2121 8827 1720 2122 8828 1709 2111 8829 1711 2113 8830 1719 2121 8831 1721 2123 8832 1722 2124 8833 1723 2125 8834 1721 2123 8835 1724 2126 8836 1722 2124 8837 1721 2123 8838 1725 2127 8839 1724 2126 8840 1721 2123 8841 1726 2128 8842 1725 2127 8843 1727 2129 8844 1728 2130 8845 1729 2131 8846 1730 2132 8847 1729 2131 8848 1728 2130 8849 1730 2132 8850 1731 2133 8851 1729 2131 8852 1732 2134 8853 1731 2133 8854 1730 2132 8855 1732 2134 8856 1733 2135 8857 1731 2133 8858 1733 2135 8859 1734 2136 8860 1731 2133 8861 1733 2135 8862 1735 2137 8863 1734 2136 8864 1729 2131 8865 1731 2133 8866 1734 2136 8867 1736 2138 8868 1733 2135 8869 1732 2134 8870 1737 2139 8871 1738 2140 8872 1739 2141 8873 1740 2142 8874 1737 2139 8875 1739 2141 8876 1735 2137 8877 1737 2139 8878 1740 2142 8879 1735 2137 8880 1740 2142 8881 1741 2143 8882 1735 2137 8883 1741 2143 8884 1734 2136 8885 1742 2144 8886 1734 2136 8887 1741 2143 8888 1729 2131 8889 1734 2136 8890 1742 2144 8891 1743 2145 8892 1729 2131 8893 1742 2144 8894 1727 2129 8895 1729 2131 8896 1743 2145 8897 1744 2146 8898 1727 2129 8899 1743 2145 8900 1744 2146 8901 1743 2145 8902 1745 2147 8903 1736 2138 8904 1744 2146 8905 1745 2147 8906 1736 2138 8907 1745 2147 8908 1746 2148 8909 1736 2138 8910 1746 2148 8911 1733 2135 8912 1733 2135 8913 1746 2148 8914 1747 2149 8915 1733 2135 8916 1747 2149 8917 1735 2137 8918 1735 2137 8919 1747 2149 8920 1737 2139 8921 1748 2150 8922 1737 2139 8923 1747 2149 8924 1741 2143 8925 1740 2142 8926 1739 2141 8927 1748 2150 8928 1738 2140 8929 1737 2139 8930 1748 2150 8931 1749 2151 8932 1738 2140 8933 1738 2140 8934 1749 2151 8935 1739 2141 8936 1749 2151 8937 1750 2152 8938 1739 2141 8939 1750 2152 8940 1741 2143 8941 1739 2141 8942 1742 2144 8943 1741 2143 8944 1750 2152 8945 1751 2153 8946 1742 2144 8947 1750 2152 8948 1743 2145 8949 1742 2144 8950 1751 2153 8951 1743 2145 8952 1751 2153 8953 1748 2150 8954 1743 2145 8955 1748 2150 8956 1745 2147 8957 1745 2147 8958 1748 2150 8959 1747 2149 8960 1745 2147 8961 1747 2149 8962 1746 2148 8963 1748 2150 8964 1751 2153 8965 1749 2151 8966 1751 2153 8967 1750 2152 8968 1749 2151 8969 1752 2154 8970 1744 2146 8971 1736 2138 8972 1752 2154 8973 1753 2155 8974 1744 2146 8975 1753 2155 8976 1727 2129 8977 1744 2146 8978 1753 2155 8979 1754 2156 8980 1727 2129 8981 1755 2157 8982 1727 2129 8983 1754 2156 8984 1755 2157 8985 1728 2130 8986 1727 2129 8987 1756 2158 8988 1728 2130 8989 1755 2157 8990 1756 2158 8991 1730 2132 8992 1728 2130 8993 1756 2158 8994 1732 2134 8995 1730 2132 8996 1756 2158 8997 1757 2159 8998 1732 2134 8999 1752 2154 9000 1732 2134 9001 1757 2159 9002 1752 2154 9003 1736 2138 9004 1732 2134 9005 1723 2160 9006 1758 2161 9007 1721 2162 9008 1723 2160 9009 1759 2163 9010 1758 2161 9011 1723 2160 9012 1760 2164 9013 1759 2163 9014 1723 2160 9015 1722 2165 9016 1760 2164 9017 1722 2165 9018 1761 2166 9019 1760 2164 9020 1722 2165 9021 1724 2167 9022 1761 2166 9023 1725 2168 9024 1761 2166 9025 1724 2167 9026 1725 2168 9027 1762 2169 9028 1761 2166 9029 1725 2168 9030 1763 2170 9031 1762 2169 9032 1725 2168 9033 1726 2171 9034 1763 2170 9035 1721 2162 9036 1763 2170 9037 1726 2171 9038 1721 2162 9039 1758 2161 9040 1763 2170 9041 1507 2172 9042 1516 2173 9043 1508 2174 9044 1507 2172 9045 1515 2175 9046 1516 2173 9047 1507 2172 9048 1512 2176 9049 1515 2175 9050 1507 2172 9051 1510 2177 9052 1512 2176 9053 1764 2178 9054 1765 2179 9055 1766 2180 9056 1764 2178 9057 1767 2181 9058 1765 2179 9059 1767 2181 9060 1768 2182 9061 1765 2179 9062 1767 2181 9063 1769 2183 9064 1768 2182 9065 1769 2183 9066 1770 2184 9067 1768 2182 9068 1769 2183 9069 1771 2185 9070 1770 2184 9071 1772 2186 9072 1770 2184 9073 1771 2185 9074 1772 2186 9075 1773 2187 9076 1770 2184 9077 1772 2186 9078 1774 2188 9079 1773 2187 9080 1772 2186 9081 1775 2189 9082 1774 2188 9083 1764 2178 9084 1774 2188 9085 1775 2189 9086 1764 2178 9087 1766 2180 9088 1774 2188 9089 1514 2190 9090 1506 2191 9091 1517 2192 9092 1514 2190 9093 1509 2193 9094 1506 2191 9095 1514 2190 9096 1511 2194 9097 1509 2193 9098 1514 2190 9099 1513 2195 9100 1511 2194 9101 1776 2196 9102 921 1109 9103 920 1108 9104 1776 2196 9105 1777 2197 9106 921 1109 9107 1778 2198 9108 921 1109 9109 1777 2197 9110 1778 2198 9111 933 1121 9112 921 1109 9113 1778 2198 9114 932 1120 9115 933 1121 9116 920 1108 9117 919 1107 9118 978 1166 9119 920 1108 9120 978 1166 9121 1776 2196 9122 978 1166 9123 912 1100 9124 1776 2196 9125 1776 2196 9126 912 1100 9127 913 1101 9128 1776 2196 9129 913 1101 9130 1777 2197 9131 915 1103 9132 1777 2197 9133 913 1101 9134 915 1103 9135 1778 2198 9136 1777 2197 9137 915 1103 9138 1779 2199 9139 1778 2198 9140 1778 2198 9141 1779 2199 9142 932 1120 9143 930 1118 9144 932 1120 9145 1779 2199 9146 926 1114 9147 915 1103 9148 914 1102 9149 926 1114 9150 1780 2200 9151 915 1103 9152 915 1103 9153 1780 2200 9154 1779 2199 9155 1781 2201 9156 1779 2199 9157 1780 2200 9158 930 1118 9159 1779 2199 9160 1781 2201 9161 1781 2201 9162 1038 1226 9163 930 1118 9164 1781 2201 9165 1782 2202 9166 1038 1226 9167 1037 1225 9168 1038 1226 9169 1782 2202 9170 1037 1225 9171 1782 2202 9172 1783 2203 9173 1036 1224 9174 1037 1225 9175 1783 2203 9176 1036 1224 9177 1783 2203 9178 1784 2204 9179 1035 1223 9180 1036 1224 9181 1784 2204 9182 1035 1223 9183 1784 2204 9184 1785 2205 9185 1785 2205 9186 1034 1222 9187 1035 1223 9188 1785 2205 9189 1786 2206 9190 1034 1222 9191 1033 1221 9192 1034 1222 9193 1786 2206 9194 1033 1221 9195 1786 2206 9196 1787 2207 9197 1787 2207 9198 1032 1220 9199 1033 1221 9200 924 1112 9201 923 1111 9202 928 1116 9203 924 1112 9204 928 1116 9205 1020 1208 9206 925 1113 9207 924 1112 9208 1020 1208 9209 925 1113 9210 1020 1208 9211 1008 1196 9212 926 1114 9213 925 1113 9214 1008 1196 9215 926 1114 9216 1008 1196 9217 1007 1195 9218 1780 2200 9219 926 1114 9220 1007 1195 9221 1780 2200 9222 1007 1195 9223 1006 1194 9224 1781 2201 9225 1780 2200 9226 1006 1194 9227 1781 2201 9228 1006 1194 9229 1005 1193 9230 1781 2201 9231 1005 1193 9232 1782 2202 9233 1004 1192 9234 1782 2202 9235 1005 1193 9236 1004 1192 9237 1783 2203 9238 1782 2202 9239 1784 2204 9240 1783 2203 9241 1004 1192 9242 1784 2204 9243 1004 1192 9244 1788 2208 9245 1785 2205 9246 1784 2204 9247 1788 2208 9248 1785 2205 9249 1788 2208 9250 1789 2209 9251 1789 2209 9252 1786 2206 9253 1785 2205 9254 1027 1215 9255 1029 1217 9256 1016 1204 9257 1029 1217 9258 1017 1205 9259 1016 1204 9260 1029 1217 9261 1790 2210 9262 1017 1205 9263 1790 2210 9264 1018 1206 9265 1017 1205 9266 1790 2210 9267 1791 2211 9268 1018 1206 9269 1792 2212 9270 1018 1206 9271 1791 2211 9272 1792 2212 9273 1019 1207 9274 1018 1206 9275 1793 2213 9276 1019 1207 9277 1792 2212 9278 1793 2213 9279 1794 2214 9280 1019 1207 9281 1003 1191 9282 1019 1207 9283 1794 2214 9284 1003 1191 9285 1794 2214 9286 1795 2215 9287 1795 2215 9288 990 1178 9289 1003 1191 9290 1795 2215 9291 1796 2216 9292 990 1178 9293 988 1176 9294 990 1178 9295 1796 2216 9296 988 1176 9297 1796 2216 9298 1789 2209 9299 988 1176 9300 1789 2209 9301 1788 2208 9302 988 1176 9303 1788 2208 9304 991 1179 9305 991 1179 9306 1788 2208 9307 1004 1192 9308 1789 2209 9309 1796 2216 9310 1786 2206 9311 1787 2207 9312 1786 2206 9313 1796 2216 9314 1787 2207 9315 1796 2216 9316 1795 2215 9317 1795 2215 9318 1797 2217 9319 1787 2207 9320 1795 2215 9321 1794 2214 9322 1797 2217 9323 1798 2218 9324 1797 2217 9325 1794 2214 9326 1798 2218 9327 1794 2214 9328 1793 2213 9329 1793 2213 9330 1799 2219 9331 1798 2218 9332 1793 2213 9333 1800 2220 9334 1799 2219 9335 1792 2212 9336 1800 2220 9337 1793 2213 9338 1792 2212 9339 1801 2221 9340 1800 2220 9341 1791 2211 9342 1801 2221 9343 1792 2212 9344 1791 2211 9345 1802 2222 9346 1801 2221 9347 1054 1242 9348 1802 2222 9349 1791 2211 9350 1054 1242 9351 1791 2211 9352 1790 2210 9353 1052 1240 9354 1054 1242 9355 1790 2210 9356 1052 1240 9357 1790 2210 9358 1029 1217 9359 1028 1216 9360 1052 1240 9361 1029 1217 9362 1787 2207 9363 1797 2217 9364 1032 1220 9365 1031 1219 9366 1032 1220 9367 1797 2217 9368 1031 1219 9369 1797 2217 9370 1798 2218 9371 1798 2218 9372 1030 1218 9373 1031 1219 9374 1798 2218 9375 1799 2219 9376 1030 1218 9377 1070 1262 9378 1030 1218 9379 1799 2219 9380 1070 1262 9381 1799 2219 9382 1800 2220 9383 1070 1262 9384 1800 2220 9385 1069 1261 9386 1069 1261 9387 1800 2220 9388 1801 2221 9389 1069 1261 9390 1801 2221 9391 1803 2223 9392 1803 2223 9393 1801 2221 9394 1802 2222 9395 1803 2223 9396 1802 2222 9397 1804 2224 9398 1804 2224 9399 1802 2222 9400 1054 1242 9401 1804 2224 9402 1054 1242 9403 1805 2225 9404 1054 1242 9405 1053 1241 9406 1805 2225 9407 1806 2226 9408 1805 2225 9409 1053 1241 9410 1806 2226 9411 1053 1241 9412 1055 1243 9413 1058 1246 9414 1806 2226 9415 1055 1243 9416 1067 1259 9417 1807 2227 9418 1062 1253 9419 1058 1246 9420 1062 1253 9421 1807 2227 9422 1058 1246 9423 1807 2227 9424 1806 2226 9425 1807 2227 9426 1805 2225 9427 1806 2226 9428 1807 2227 9429 1804 2224 9430 1805 2225 9431 1807 2227 9432 1803 2223 9433 1804 2224 9434 1807 2227 9435 1067 1259 9436 1803 2223 9437 1067 1259 9438 1069 1261 9439 1803 2223 9440 1808 2228 9441 260 314 9442 254 308 9443 1808 2228 9444 1809 2229 9445 260 314 9446 1809 2229 9447 259 313 9448 260 314 9449 1809 2229 9450 1810 2230 9451 259 313 9452 1811 2231 9453 259 313 9454 1810 2230 9455 1811 2231 9456 258 312 9457 259 313 9458 1812 2232 9459 258 312 9460 1811 2231 9461 1812 2232 9462 257 311 9463 258 312 9464 1812 2232 9465 253 307 9466 257 311 9467 1812 2232 9468 1813 2233 9469 253 307 9470 1808 2228 9471 253 307 9472 1813 2233 9473 1808 2228 9474 254 308 9475 253 307 9476 1814 2234 9477 1815 2235 9478 1816 2236 9479 1814 2234 9480 1817 2237 9481 1815 2235 9482 1814 2234 9483 1818 2238 9484 1817 2237 9485 1814 2234 9486 1819 2239 9487 1818 2238 9488 1820 2240 9489 1821 2241 9490 1822 2242 9491 1820 2240 9492 1823 2243 9493 1821 2241 9494 1823 2243 9495 1824 2244 9496 1821 2241 9497 1823 2243 9498 1825 2245 9499 1824 2244 9500 1825 2245 9501 1826 2246 9502 1824 2244 9503 1825 2245 9504 1827 2247 9505 1826 2246 9506 1828 2248 9507 1826 2246 9508 1827 2247 9509 1828 2248 9510 1829 2249 9511 1826 2246 9512 1828 2248 9513 1830 2250 9514 1829 2249 9515 1828 2248 9516 1831 2251 9517 1830 2250 9518 1820 2240 9519 1830 2250 9520 1831 2251 9521 1820 2240 9522 1822 2242 9523 1830 2250 9524 1814 2252 9525 1832 2253 9526 1819 2254 9527 1814 2252 9528 1833 2255 9529 1832 2253 9530 1814 2252 9531 1834 2256 9532 1833 2255 9533 1814 2252 9534 1816 2257 9535 1834 2256 9536 1816 2257 9537 1835 2258 9538 1834 2256 9539 1816 2257 9540 1815 2259 9541 1835 2258 9542 1817 2260 9543 1835 2258 9544 1815 2259 9545 1817 2260 9546 1836 2261 9547 1835 2258 9548 1817 2260 9549 1837 2262 9550 1836 2261 9551 1817 2260 9552 1818 2263 9553 1837 2262 9554 1819 2254 9555 1837 2262 9556 1818 2263 9557 1819 2254 9558 1832 2253 9559 1837 2262 9560 1556 2264 9561 1565 2265 9562 1557 2266 9563 1556 2264 9564 1564 2267 9565 1565 2265 9566 1556 2264 9567 1561 2268 9568 1564 2267 9569 1556 2264 9570 1559 2269 9571 1561 2268 9572 1838 2270 9573 493 601 9574 491 599 9575 1838 2270 9576 1839 2271 9577 493 601 9578 1839 2271 9579 487 595 9580 493 601 9581 1839 2271 9582 1840 2272 9583 487 595 9584 1841 2273 9585 487 595 9586 1840 2272 9587 1841 2273 9588 488 596 9589 487 595 9590 1842 2274 9591 488 596 9592 1841 2273 9593 1842 2274 9594 489 597 9595 488 596 9596 1842 2274 9597 490 598 9598 489 597 9599 1842 2274 9600 1843 2275 9601 490 598 9602 1838 2270 9603 490 598 9604 1843 2275 9605 1838 2270 9606 491 599 9607 490 598 9608 1563 2276 9609 1555 2277 9610 1566 2278 9611 1563 2276 9612 1558 2279 9613 1555 2277 9614 1563 2276 9615 1560 2280 9616 1558 2279 9617 1563 2276 9618 1562 2281 9619 1560 2280 9620 1844 2282 9621 1845 2283 9622 1846 2284 9623 1844 2282 9624 1847 2285 9625 1845 2283 9626 1847 2285 9627 1848 2286 9628 1845 2283 9629 1847 2285 9630 1849 2287 9631 1848 2286 9632 1849 2287 9633 1850 2288 9634 1848 2286 9635 1849 2287 9636 1851 2289 9637 1850 2288 9638 1852 2290 9639 1850 2288 9640 1851 2289 9641 1852 2290 9642 1853 2291 9643 1850 2288 9644 1852 2290 9645 1854 2292 9646 1853 2291 9647 1852 2290 9648 1855 2293 9649 1854 2292 9650 1844 2282 9651 1854 2292 9652 1855 2293 9653 1844 2282 9654 1846 2284 9655 1854 2292 9656 1856 2294 9657 1857 2295 9658 1858 2296 9659 1856 2294 9660 1859 2297 9661 1857 2295 9662 1856 2294 9663 1860 2298 9664 1859 2297 9665 1856 2294 9666 1861 2299 9667 1860 2298 9668 1862 2300 9669 1863 2301 9670 1864 2302 9671 1862 2300 9672 1865 2303 9673 1863 2301 9674 1863 2301 9675 1865 2303 9676 1866 2304 9677 1865 2303 9678 1867 2305 9679 1866 2304 9680 1867 2305 9681 1868 2306 9682 1866 2304 9683 1862 2300 9684 1867 2305 9685 1865 2303 9686 356 434 9687 1869 2307 9688 354 432 9689 356 434 9690 1870 2308 9691 1869 2307 9692 1869 2307 9693 1870 2308 9694 1864 2302 9695 1871 2309 9696 1864 2302 9697 1870 2308 9698 1871 2309 9699 1862 2300 9700 1864 2302 9701 1871 2309 9702 1872 2310 9703 1862 2300 9704 1862 2300 9705 1872 2310 9706 1867 2305 9707 1873 2311 9708 1867 2305 9709 1872 2310 9710 1873 2311 9711 1868 2306 9712 1867 2305 9713 1873 2311 9714 1874 2312 9715 1868 2306 9716 1868 2306 9717 1874 2312 9718 1866 2304 9719 1874 2312 9720 1875 2313 9721 1866 2304 9722 1875 2313 9723 1863 2301 9724 1866 2304 9725 1876 2314 9726 1863 2301 9727 1875 2313 9728 1876 2314 9729 1864 2302 9730 1863 2301 9731 1869 2307 9732 1864 2302 9733 1876 2314 9734 1869 2307 9735 1876 2314 9736 1877 2315 9737 1869 2307 9738 1877 2315 9739 1878 2316 9740 1873 2311 9741 1877 2315 9742 1874 2312 9743 1876 2314 9744 1874 2312 9745 1877 2315 9746 1876 2314 9747 1875 2313 9748 1874 2312 9749 1878 2316 9750 1877 2315 9751 1873 2311 9752 1878 2316 9753 1873 2311 9754 1879 2317 9755 1879 2317 9756 1873 2311 9757 1872 2310 9758 1879 2317 9759 1872 2310 9760 1880 2318 9761 1871 2309 9762 1880 2318 9763 1872 2310 9764 349 427 9765 1880 2318 9766 1871 2309 9767 349 427 9768 1871 2309 9769 357 435 9770 357 435 9771 1871 2309 9772 1870 2308 9773 357 435 9774 1870 2308 9775 356 434 9776 349 427 9777 1879 2317 9778 1880 2318 9779 349 427 9780 348 426 9781 1879 2317 9782 348 426 9783 1878 2316 9784 1879 2317 9785 348 426 9786 351 429 9787 1878 2316 9788 351 429 9789 1869 2307 9790 1878 2316 9791 351 429 9792 354 432 9793 1869 2307 9794 1881 2319 9795 1383 1713 9796 1381 1711 9797 1881 2319 9798 1882 2320 9799 1383 1713 9800 1882 2320 9801 1377 1707 9802 1383 1713 9803 1882 2320 9804 1883 2321 9805 1377 1707 9806 1884 2322 9807 1377 1707 9808 1883 2321 9809 1884 2322 9810 1378 1708 9811 1377 1707 9812 1885 2323 9813 1378 1708 9814 1884 2322 9815 1885 2323 9816 1379 1709 9817 1378 1708 9818 1885 2323 9819 1380 1710 9820 1379 1709 9821 1885 2323 9822 1886 2324 9823 1380 1710 9824 1881 2319 9825 1380 1710 9826 1886 2324 9827 1881 2319 9828 1381 1711 9829 1380 1710 9830 1856 2325 9831 1887 2326 9832 1861 2327 9833 1856 2325 9834 1888 2328 9835 1887 2326 9836 1856 2325 9837 1889 2329 9838 1888 2328 9839 1856 2325 9840 1858 2330 9841 1889 2329 9842 1858 2330 9843 1890 2331 9844 1889 2329 9845 1858 2330 9846 1857 2332 9847 1890 2331 9848 1859 2333 9849 1890 2331 9850 1857 2332 9851 1859 2333 9852 1891 2334 9853 1890 2331 9854 1859 2333 9855 1892 2335 9856 1891 2334 9857 1859 2333 9858 1860 2336 9859 1892 2335 9860 1861 2327 9861 1892 2335 9862 1860 2336 9863 1861 2327 9864 1887 2326 9865 1892 2335 9866 1893 2337 9867 1894 2338 9868 1895 2339 9869 1896 2340 9870 1897 2341 9871 1895 2339 9872 1898 2342 9873 1894 2338 9874 1899 2343 9875 1900 2344 9876 1899 2343 9877 1894 2338 9878 1900 2344 9879 1894 2338 9880 1893 2337 9881 1900 2344 9882 1893 2337 9883 1901 2345 9884 1901 2345 9885 1893 2337 9886 1895 2339 9887 1902 2346 9888 1901 2345 9889 1895 2339 9890 1897 2341 9891 1902 2346 9892 1895 2339 9893 1903 2347 9894 1902 2346 9895 1897 2341 9896 1903 2347 9897 1901 2345 9898 1902 2346 9899 1903 2347 9900 1904 2348 9901 1901 2345 9902 1900 2344 9903 1901 2345 9904 1904 2348 9905 1905 2349 9906 1900 2344 9907 1904 2348 9908 1905 2349 9909 1899 2343 9910 1900 2344 9911 1905 2349 9912 1906 2350 9913 1899 2343 9914 1905 2349 9915 1904 2348 9916 1907 2351 9917 1908 2352 9918 1907 2351 9919 1904 2348 9920 1908 2352 9921 1904 2348 9922 1903 2347 9923 1894 2338 9924 1896 2340 9925 1895 2339 9926 1898 2342 9927 1896 2340 9928 1894 2338 9929 1898 2342 9930 1897 2341 9931 1896 2340 9932 1898 2342 9933 1909 2353 9934 1897 2341 9935 1903 2347 9936 1897 2341 9937 1909 2353 9938 1910 2354 9939 1903 2347 9940 1909 2353 9941 1910 2354 9942 1908 2352 9943 1903 2347 9944 1911 2355 9945 1908 2352 9946 1910 2354 9947 1911 2355 9948 1912 2356 9949 1908 2352 9950 1913 2357 9951 1908 2352 9952 1912 2356 9953 1913 2357 9954 1907 2351 9955 1908 2352 9956 1914 2358 9957 1907 2351 9958 1913 2357 9959 1914 2358 9960 1905 2349 9961 1907 2351 9962 1915 2359 9963 1905 2349 9964 1914 2358 9965 1915 2359 9966 1906 2350 9967 1905 2349 9968 1915 2359 9969 1916 2360 9970 1906 2350 9971 1916 2360 9972 1899 2343 9973 1906 2350 9974 1916 2360 9975 1898 2342 9976 1899 2343 9977 1910 2354 9978 1909 2353 9979 1898 2342 9980 1910 2354 9981 1898 2342 9982 1916 2360 9983 1917 2361 9984 1910 2354 9985 1916 2360 9986 1917 2361 9987 1911 2355 9988 1910 2354 9989 1915 2359 9990 1917 2361 9991 1916 2360 9992 1918 2362 9993 1919 2363 9994 1920 2364 9995 1918 2362 9996 1921 2365 9997 1919 2363 9998 1918 2362 9999 1922 2366 10000 1921 2365 10001 1918 2362 10002 1923 2367 10003 1922 2366 10004 1924 2368 10005 1925 2369 10006 1926 2370 10007 1924 2368 10008 1927 2371 10009 1925 2369 10010 1927 2371 10011 1928 2372 10012 1925 2369 10013 1927 2371 10014 1929 2373 10015 1928 2372 10016 1929 2373 10017 1930 2374 10018 1928 2372 10019 1929 2373 10020 1931 2375 10021 1930 2374 10022 1932 2376 10023 1930 2374 10024 1931 2375 10025 1932 2376 10026 1933 2377 10027 1930 2374 10028 1932 2376 10029 1934 2378 10030 1933 2377 10031 1932 2376 10032 1935 2379 10033 1934 2378 10034 1924 2368 10035 1934 2378 10036 1935 2379 10037 1924 2368 10038 1926 2370 10039 1934 2378 10040 1920 2380 10041 1936 2381 10042 1918 2382 10043 1920 2380 10044 1937 2383 10045 1936 2381 10046 1920 2380 10047 1938 2384 10048 1937 2383 10049 1920 2380 10050 1919 2385 10051 1938 2384 10052 1919 2385 10053 1939 2386 10054 1938 2384 10055 1919 2385 10056 1921 2387 10057 1939 2386 10058 1922 2388 10059 1939 2386 10060 1921 2387 10061 1922 2388 10062 1940 2389 10063 1939 2386 10064 1922 2388 10065 1941 2390 10066 1940 2389 10067 1922 2388 10068 1923 2391 10069 1941 2390 10070 1918 2382 10071 1941 2390 10072 1923 2391 10073 1918 2382 10074 1936 2381 10075 1941 2390 10076 1667 2392 10077 1676 2393 10078 1668 2394 10079 1667 2392 10080 1675 2395 10081 1676 2393 10082 1667 2392 10083 1672 2396 10084 1675 2395 10085 1667 2392 10086 1670 2397 10087 1672 2396 10088 1942 2398 10089 1943 2399 10090 1944 2400 10091 1943 2399 10092 1945 2401 10093 1944 2400 10094 1945 2401 10095 1946 2402 10096 1944 2400 10097 1947 2403 10098 1946 2402 10099 1945 2401 10100 1947 2403 10101 1948 2404 10102 1946 2402 10103 1949 2405 10104 1948 2404 10105 1947 2403 10106 1949 2405 10107 1950 2406 10108 1948 2404 10109 1951 2407 10110 1950 2406 10111 1949 2405 10112 1951 2407 10113 1952 2408 10114 1950 2406 10115 1953 2409 10116 1950 2406 10117 1952 2408 10118 1953 2409 10119 1954 2410 10120 1950 2406 10121 1955 2411 10122 1954 2410 10123 1953 2409 10124 1955 2411 10125 1956 2412 10126 1954 2410 10127 1955 2411 10128 1957 2413 10129 1956 2412 10130 1956 2412 10131 1957 2413 10132 1958 2414 10133 1959 2415 10134 1958 2414 10135 1957 2413 10136 1959 2415 10137 1960 2416 10138 1958 2414 10139 1949 2405 10140 1960 2416 10141 1959 2415 10142 1955 2411 10143 1961 2417 10144 1957 2413 10145 1961 2417 10146 1959 2415 10147 1957 2413 10148 1961 2417 10149 1962 2418 10150 1959 2415 10151 1962 2418 10152 1949 2405 10153 1959 2415 10154 1962 2418 10155 1951 2407 10156 1949 2405 10157 1949 2405 10158 1947 2403 10159 1960 2416 10160 1960 2416 10161 1947 2403 10162 1945 2401 10163 1960 2416 10164 1945 2401 10165 1943 2399 10166 1960 2416 10167 1943 2399 10168 1942 2398 10169 1960 2416 10170 1942 2398 10171 1958 2414 10172 1963 2419 10173 1958 2414 10174 1942 2398 10175 1956 2412 10176 1958 2414 10177 1963 2419 10178 1956 2412 10179 1963 2419 10180 1964 2420 10181 1956 2412 10182 1964 2420 10183 1954 2410 10184 1950 2406 10185 1954 2410 10186 1964 2420 10187 1950 2406 10188 1964 2420 10189 1948 2404 10190 1948 2404 10191 1964 2420 10192 1965 2421 10193 1948 2404 10194 1965 2421 10195 1946 2402 10196 1946 2402 10197 1965 2421 10198 1944 2400 10199 1965 2421 10200 1966 2422 10201 1944 2400 10202 1966 2422 10203 1942 2398 10204 1944 2400 10205 1963 2419 10206 1942 2398 10207 1966 2422 10208 1963 2419 10209 1966 2422 10210 1965 2421 10211 1963 2419 10212 1965 2421 10213 1964 2420 10214 1674 2423 10215 1666 2424 10216 1677 2425 10217 1674 2423 10218 1669 2426 10219 1666 2424 10220 1674 2423 10221 1671 2427 10222 1669 2426 10223 1674 2423 10224 1673 2428 10225 1671 2427 10226 1967 2429 10227 1962 2418 10228 1961 2417 10229 1967 2429 10230 1968 2430 10231 1962 2418 10232 1968 2430 10233 1951 2407 10234 1962 2418 10235 1968 2430 10236 1969 2431 10237 1951 2407 10238 1970 2432 10239 1951 2407 10240 1969 2431 10241 1970 2432 10242 1952 2408 10243 1951 2407 10244 1971 2433 10245 1952 2408 10246 1970 2432 10247 1971 2433 10248 1953 2409 10249 1952 2408 10250 1971 2433 10251 1955 2411 10252 1953 2409 10253 1971 2433 10254 1972 2434 10255 1955 2411 10256 1967 2429 10257 1955 2411 10258 1972 2434 10259 1967 2429 10260 1961 2417 10261 1955 2411 10262 1973 2435 10263 1974 2436 10264 1975 2437 10265 1973 2435 10266 1976 2438 10267 1974 2436 10268 1973 2435 10269 1977 2439 10270 1976 2438 10271 1973 2435 10272 1978 2440 10273 1977 2439 10274 1979 2441 10275 1980 2442 10276 1981 2443 10277 1979 2441 10278 1982 2444 10279 1980 2442 10280 1982 2444 10281 1983 2445 10282 1980 2442 10283 1982 2444 10284 1984 2446 10285 1983 2445 10286 1984 2446 10287 1985 2447 10288 1983 2445 10289 1984 2446 10290 1986 2448 10291 1985 2447 10292 1987 2449 10293 1985 2447 10294 1986 2448 10295 1987 2449 10296 1988 2450 10297 1985 2447 10298 1987 2449 10299 1989 2451 10300 1988 2450 10301 1987 2449 10302 1990 2452 10303 1989 2451 10304 1979 2441 10305 1989 2451 10306 1990 2452 10307 1979 2441 10308 1981 2443 10309 1989 2451 10310 1977 2453 10311 1991 2454 10312 1976 2455 10313 1977 2453 10314 1992 2456 10315 1991 2454 10316 1977 2453 10317 1993 2457 10318 1992 2456 10319 1977 2453 10320 1978 2458 10321 1993 2457 10322 1978 2458 10323 1994 2459 10324 1993 2457 10325 1978 2458 10326 1973 2460 10327 1994 2459 10328 1975 2461 10329 1994 2459 10330 1973 2460 10331 1975 2461 10332 1995 2462 10333 1994 2459 10334 1975 2461 10335 1996 2463 10336 1995 2462 10337 1975 2461 10338 1974 2464 10339 1996 2463 10340 1976 2455 10341 1996 2463 10342 1974 2464 10343 1976 2455 10344 1991 2454 10345 1996 2463 10346 1710 2465 10347 1719 2466 10348 1711 2467 10349 1710 2465 10350 1718 2468 10351 1719 2466 10352 1710 2465 10353 1715 2469 10354 1718 2468 10355 1710 2465 10356 1713 2470 10357 1715 2469 10358 1997 2471 10359 1998 2472 10360 1999 2473 10361 1999 2473 10362 1998 2472 10363 2000 2474 10364 1999 2473 10365 2000 2474 10366 2001 2475 10367 2000 2474 10368 2002 2476 10369 2001 2475 10370 2000 2474 10371 2003 2477 10372 2002 2476 10373 2004 2478 10374 2003 2477 10375 2000 2474 10376 2004 2478 10377 2005 2479 10378 2003 2477 10379 2004 2478 10380 2006 2480 10381 2005 2479 10382 2005 2479 10383 2006 2480 10384 2007 2481 10385 2006 2480 10386 2008 2482 10387 2007 2481 10388 2008 2482 10389 2009 2483 10390 2007 2481 10391 2010 2484 10392 2009 2483 10393 2008 2482 10394 2010 2484 10395 2011 2485 10396 2009 2483 10397 2012 2486 10398 2011 2485 10399 2010 2484 10400 2012 2486 10401 2013 2487 10402 2011 2485 10403 2003 2477 10404 2005 2479 10405 2007 2481 10406 2002 2476 10407 2003 2477 10408 2007 2481 10409 2009 2483 10410 2002 2476 10411 2007 2481 10412 2001 2475 10413 2002 2476 10414 2009 2483 10415 2001 2475 10416 2009 2483 10417 2011 2485 10418 1999 2473 10419 2001 2475 10420 2011 2485 10421 1999 2473 10422 2011 2485 10423 2013 2487 10424 1997 2471 10425 1999 2473 10426 2013 2487 10427 1997 2471 10428 2013 2487 10429 2014 2488 10430 2014 2488 10431 2013 2487 10432 2012 2486 10433 2014 2488 10434 2012 2486 10435 2015 2489 10436 2016 2490 10437 2015 2489 10438 2012 2486 10439 2016 2490 10440 2012 2486 10441 2017 2491 10442 2018 2492 10443 2016 2490 10444 2017 2491 10445 2018 2492 10446 2017 2491 10447 2019 2493 10448 2020 2494 10449 2018 2492 10450 2019 2493 10451 2020 2494 10452 2019 2493 10453 1998 2472 10454 1997 2471 10455 2020 2494 10456 1998 2472 10457 2019 2493 10458 2000 2474 10459 1998 2472 10460 2019 2493 10461 2004 2478 10462 2000 2474 10463 2017 2491 10464 2004 2478 10465 2019 2493 10466 2017 2491 10467 2021 2495 10468 2004 2478 10469 2012 2486 10470 2021 2495 10471 2017 2491 10472 2012 2486 10473 2010 2484 10474 2021 2495 10475 2021 2495 10476 2010 2484 10477 2008 2482 10478 2021 2495 10479 2008 2482 10480 2006 2480 10481 2004 2478 10482 2021 2495 10483 2006 2480 10484 1717 2496 10485 1709 2497 10486 1720 2498 10487 1717 2496 10488 1712 2499 10489 1709 2497 10490 1717 2496 10491 1714 2500 10492 1712 2499 10493 1717 2496 10494 1716 2501 10495 1714 2500 10496 2022 2502 10497 2018 2492 10498 2020 2494 10499 2022 2502 10500 2023 2503 10501 2018 2492 10502 2023 2503 10503 2016 2490 10504 2018 2492 10505 2023 2503 10506 2024 2504 10507 2016 2490 10508 2025 2505 10509 2016 2490 10510 2024 2504 10511 2025 2505 10512 2015 2489 10513 2016 2490 10514 2026 2506 10515 2015 2489 10516 2025 2505 10517 2026 2506 10518 2014 2488 10519 2015 2489 10520 2026 2506 10521 1997 2471 10522 2014 2488 10523 2026 2506 10524 2027 2507 10525 1997 2471 10526 2022 2502 10527 1997 2471 10528 2027 2507 10529 2022 2502 10530 2020 2494 10531 1997 2471 10532 2028 2508 10533 2029 2509 10534 2030 2510 10535 2028 2508 10536 2031 2511 10537 2029 2509 10538 2028 2508 10539 2032 2512 10540 2031 2511 10541 2028 2508 10542 2033 2513 10543 2032 2512 10544 2034 2514 10545 2035 2515 10546 2036 2516 10547 2034 2514 10548 2037 2517 10549 2035 2515 10550 2037 2517 10551 2038 2518 10552 2035 2515 10553 2037 2517 10554 2039 2519 10555 2038 2518 10556 2039 2519 10557 2040 2520 10558 2038 2518 10559 2039 2519 10560 2041 2521 10561 2040 2520 10562 2042 2522 10563 2040 2520 10564 2041 2521 10565 2042 2522 10566 2043 2523 10567 2040 2520 10568 2042 2522 10569 2044 2524 10570 2043 2523 10571 2042 2522 10572 2045 2525 10573 2044 2524 10574 2034 2514 10575 2044 2524 10576 2045 2525 10577 2034 2514 10578 2036 2516 10579 2044 2524 10580 2028 2526 10581 2046 2527 10582 2033 2528 10583 2028 2526 10584 2047 2529 10585 2046 2527 10586 2028 2526 10587 2048 2530 10588 2047 2529 10589 2028 2526 10590 2030 2531 10591 2048 2530 10592 2030 2531 10593 2049 2532 10594 2048 2530 10595 2030 2531 10596 2029 2533 10597 2049 2532 10598 2031 2534 10599 2049 2532 10600 2029 2533 10601 2031 2534 10602 2050 2535 10603 2049 2532 10604 2031 2534 10605 2051 2536 10606 2050 2535 10607 2031 2534 10608 2032 2537 10609 2051 2536 10610 2033 2528 10611 2051 2536 10612 2032 2537 10613 2033 2528 10614 2046 2527 10615 2051 2536 10616 1765 2538 10617 1774 2539 10618 1766 2540 10619 1765 2538 10620 1773 2541 10621 1774 2539 10622 1765 2538 10623 1770 2542 10624 1773 2541 10625 1765 2538 10626 1768 2543 10627 1770 2542 10628 2052 2544 10629 1917 2361 10630 1915 2359 10631 2052 2544 10632 2053 2545 10633 1917 2361 10634 2053 2545 10635 1911 2355 10636 1917 2361 10637 2053 2545 10638 2054 2546 10639 1911 2355 10640 2055 2547 10641 1911 2355 10642 2054 2546 10643 2055 2547 10644 1912 2356 10645 1911 2355 10646 2056 2548 10647 1912 2356 10648 2055 2547 10649 2056 2548 10650 1913 2357 10651 1912 2356 10652 2056 2548 10653 1914 2358 10654 1913 2357 10655 2056 2548 10656 2057 2549 10657 1914 2358 10658 2052 2544 10659 1914 2358 10660 2057 2549 10661 2052 2544 10662 1915 2359 10663 1914 2358 10664 1772 2550 10665 1764 2551 10666 1775 2552 10667 1772 2550 10668 1767 2553 10669 1764 2551 10670 1772 2550 10671 1769 2554 10672 1767 2553 10673 1772 2550 10674 1771 2555 10675 1769 2554 10676 1600 2556 10677 1592 2557 10678 1603 2558 10679 1600 2556 10680 1595 2559 10681 1592 2557 10682 1600 2556 10683 1597 2560 10684 1595 2559 10685 1600 2556 10686 1599 2561 10687 1597 2560 10688 2058 2562 10689 2059 2563 10690 2060 2564 10691 2061 2565 10692 2060 2564 10693 2059 2563 10694 2061 2565 10695 2062 2566 10696 2060 2564 10697 2063 2567 10698 2062 2566 10699 2061 2565 10700 2063 2567 10701 2064 2568 10702 2062 2566 10703 2064 2568 10704 2065 2569 10705 2062 2566 10706 2064 2568 10707 2066 2570 10708 2065 2569 10709 2060 2564 10710 2062 2566 10711 2065 2569 10712 2067 2571 10713 2064 2568 10714 2063 2567 10715 2068 2572 10716 2069 2573 10717 2070 2574 10718 2071 2575 10719 2068 2572 10720 2070 2574 10721 2066 2570 10722 2068 2572 10723 2071 2575 10724 2066 2570 10725 2071 2575 10726 2072 2576 10727 2066 2570 10728 2072 2576 10729 2065 2569 10730 2073 2577 10731 2065 2569 10732 2072 2576 10733 2060 2564 10734 2065 2569 10735 2073 2577 10736 2074 2578 10737 2060 2564 10738 2073 2577 10739 2058 2562 10740 2060 2564 10741 2074 2578 10742 2075 2579 10743 2058 2562 10744 2074 2578 10745 2075 2579 10746 2074 2578 10747 2076 2580 10748 2067 2571 10749 2075 2579 10750 2076 2580 10751 2067 2571 10752 2076 2580 10753 2077 2581 10754 2067 2571 10755 2077 2581 10756 2064 2568 10757 2064 2568 10758 2077 2581 10759 2078 2582 10760 2064 2568 10761 2078 2582 10762 2066 2570 10763 2066 2570 10764 2078 2582 10765 2068 2572 10766 2079 2583 10767 2068 2572 10768 2078 2582 10769 2072 2576 10770 2071 2575 10771 2070 2574 10772 2079 2583 10773 2069 2573 10774 2068 2572 10775 2079 2583 10776 2080 2584 10777 2069 2573 10778 2069 2573 10779 2080 2584 10780 2070 2574 10781 2080 2584 10782 2081 2585 10783 2070 2574 10784 2081 2585 10785 2072 2576 10786 2070 2574 10787 2073 2577 10788 2072 2576 10789 2081 2585 10790 2082 2586 10791 2073 2577 10792 2081 2585 10793 2074 2578 10794 2073 2577 10795 2082 2586 10796 2074 2578 10797 2082 2586 10798 2079 2583 10799 2074 2578 10800 2079 2583 10801 2076 2580 10802 2076 2580 10803 2079 2583 10804 2078 2582 10805 2076 2580 10806 2078 2582 10807 2077 2581 10808 2079 2583 10809 2082 2586 10810 2080 2584 10811 2082 2586 10812 2081 2585 10813 2080 2584 10814 2083 2587 10815 2075 2579 10816 2067 2571 10817 2083 2587 10818 2084 2588 10819 2075 2579 10820 2084 2588 10821 2058 2562 10822 2075 2579 10823 2084 2588 10824 2085 2589 10825 2058 2562 10826 2086 2590 10827 2058 2562 10828 2085 2589 10829 2086 2590 10830 2059 2563 10831 2058 2562 10832 2087 2591 10833 2059 2563 10834 2086 2590 10835 2087 2591 10836 2061 2565 10837 2059 2563 10838 2087 2591 10839 2063 2567 10840 2061 2565 10841 2087 2591 10842 2088 2592 10843 2063 2567 10844 2083 2587 10845 2063 2567 10846 2088 2592 10847 2083 2587 10848 2067 2571 10849 2063 2567 10850 2089 2593 10851 2090 2594 10852 2091 2595 10853 2089 2593 10854 2092 2596 10855 2090 2594 10856 2089 2593 10857 2093 2597 10858 2092 2596 10859 2089 2593 10860 2094 2598 10861 2093 2597 10862 2095 2599 10863 2096 2600 10864 2097 2601 10865 2095 2599 10866 2098 2602 10867 2096 2600 10868 2098 2602 10869 2099 2603 10870 2096 2600 10871 2098 2602 10872 2100 2604 10873 2099 2603 10874 2100 2604 10875 2101 2605 10876 2099 2603 10877 2100 2604 10878 2102 2606 10879 2101 2605 10880 2103 2607 10881 2101 2605 10882 2102 2606 10883 2103 2607 10884 2104 2608 10885 2101 2605 10886 2103 2607 10887 2105 2609 10888 2104 2608 10889 2103 2607 10890 2106 2610 10891 2105 2609 10892 2095 2599 10893 2105 2609 10894 2106 2610 10895 2095 2599 10896 2097 2601 10897 2105 2609 10898 2091 2611 10899 2107 2612 10900 2089 2613 10901 2091 2611 10902 2108 2614 10903 2107 2612 10904 2091 2611 10905 2109 2615 10906 2108 2614 10907 2091 2611 10908 2090 2616 10909 2109 2615 10910 2090 2616 10911 2110 2617 10912 2109 2615 10913 2090 2616 10914 2092 2618 10915 2110 2617 10916 2093 2619 10917 2110 2617 10918 2092 2618 10919 2093 2619 10920 2111 2620 10921 2110 2617 10922 2093 2619 10923 2112 2621 10924 2111 2620 10925 2093 2619 10926 2094 2622 10927 2112 2621 10928 2089 2613 10929 2112 2621 10930 2094 2622 10931 2089 2613 10932 2107 2612 10933 2112 2621 10934 842 1030 10935 2113 2623 10936 844 1032 10937 842 1030 10938 2114 2624 10939 2113 2623 10940 843 1031 10941 2114 2624 10942 842 1030 10943 868 1056 10944 2114 2624 10945 843 1031 10946 2115 2625 10947 2114 2624 10948 868 1056 10949 868 1056 10950 867 1055 10951 2115 2625 10952 2115 2625 10953 867 1055 10954 854 1042 10955 2115 2625 10956 854 1042 10957 2116 2626 10958 2116 2626 10959 854 1042 10960 851 1039 10961 2116 2626 10962 851 1039 10963 849 1037 10964 849 1037 10965 2117 2627 10966 2116 2626 10967 849 1037 10968 847 1035 10969 2117 2627 10970 846 1034 10971 2117 2627 10972 847 1035 10973 846 1034 10974 845 1033 10975 2117 2627 10976 844 1032 10977 2117 2627 10978 845 1033 10979 844 1032 10980 2113 2623 10981 2117 2627 10982 2116 2626 10983 2117 2627 10984 2113 2623 10985 2116 2626 10986 2113 2623 10987 2115 2625 10988 2115 2625 10989 2113 2623 10990 2114 2624 10991 2118 2628 10992 2119 2629 10993 2120 2630 10994 2118 2628 10995 2121 2631 10996 2119 2629 10997 2118 2628 10998 2122 2632 10999 2121 2631 11000 2118 2628 11001 2123 2633 11002 2122 2632 11003 2123 2633 11004 2124 2634 11005 2122 2632 11006 2123 2633 11007 2125 2635 11008 2124 2634 11009 2126 2636 11010 2124 2634 11011 2125 2635 11012 2126 2636 11013 2127 2637 11014 2124 2634 11015 2126 2636 11016 2128 2638 11017 2127 2637 11018 2126 2636 11019 2129 2639 11020 2128 2638 11021 2120 2630 11022 2128 2638 11023 2129 2639 11024 2120 2630 11025 2119 2629 11026 2128 2638 11027 2118 2640 11028 2125 2641 11029 2123 2642 11030 2118 2640 11031 2126 2643 11032 2125 2641 11033 2118 2640 11034 2129 2644 11035 2126 2643 11036 2118 2640 11037 2120 2645 11038 2129 2644 11039 1821 2646 11040 1830 2647 11041 1822 2648 11042 1821 2646 11043 1829 2649 11044 1830 2647 11045 1821 2646 11046 1826 2650 11047 1829 2649 11048 1821 2646 11049 1824 2651 11050 1826 2650 11051 2103 2652 11052 2095 2653 11053 2106 2654 11054 2103 2652 11055 2098 2655 11056 2095 2653 11057 2103 2652 11058 2100 2656 11059 2098 2655 11060 2103 2652 11061 2102 2657 11062 2100 2656 11063 1828 2658 11064 1820 2659 11065 1831 2660 11066 1828 2658 11067 1823 2661 11068 1820 2659 11069 1828 2658 11070 1825 2662 11071 1823 2661 11072 1828 2658 11073 1827 2663 11074 1825 2662 11075 2096 2664 11076 2105 2665 11077 2097 2666 11078 2096 2664 11079 2104 2667 11080 2105 2665 11081 2096 2664 11082 2101 2668 11083 2104 2667 11084 2096 2664 11085 2099 2669 11086 2101 2668 11087 2130 2670 11088 2131 2671 11089 2132 2672 11090 2130 2670 11091 2133 2673 11092 2131 2671 11093 2130 2670 11094 2134 2674 11095 2133 2673 11096 2130 2670 11097 2135 2675 11098 2134 2674 11099 1593 2676 11100 1602 2677 11101 1594 2678 11102 1593 2676 11103 1601 2679 11104 1602 2677 11105 1593 2676 11106 1598 2680 11107 1601 2679 11108 1593 2676 11109 1596 2681 11110 1598 2680 11111 2132 2682 11112 2136 2683 11113 2130 2684 11114 2132 2682 11115 2137 2685 11116 2136 2683 11117 2132 2682 11118 2138 2686 11119 2137 2685 11120 2132 2682 11121 2131 2687 11122 2138 2686 11123 2131 2687 11124 2139 2688 11125 2138 2686 11126 2131 2687 11127 2133 2689 11128 2139 2688 11129 2134 2690 11130 2139 2688 11131 2133 2689 11132 2134 2690 11133 2140 2691 11134 2139 2688 11135 2134 2690 11136 2141 2692 11137 2140 2691 11138 2134 2690 11139 2135 2693 11140 2141 2692 11141 2130 2684 11142 2141 2692 11143 2135 2693 11144 2130 2684 11145 2136 2683 11146 2141 2692 11147 1845 2694 11148 1854 2695 11149 1846 2696 11150 1845 2694 11151 1853 2697 11152 1854 2695 11153 1845 2694 11154 1850 2698 11155 1853 2697 11156 1845 2694 11157 1848 2699 11158 1850 2698 11159 2142 2700 11160 2143 2701 11161 2144 2702 11162 2142 2700 11163 2145 2703 11164 2143 2701 11165 2142 2700 11166 2146 2704 11167 2145 2703 11168 2142 2700 11169 2147 2705 11170 2146 2704 11171 2147 2705 11172 2148 2706 11173 2146 2704 11174 2147 2705 11175 2149 2707 11176 2148 2706 11177 2150 2708 11178 2148 2706 11179 2149 2707 11180 2150 2708 11181 2151 2709 11182 2148 2706 11183 2150 2708 11184 2152 2710 11185 2151 2709 11186 2150 2708 11187 2153 2711 11188 2152 2710 11189 2144 2702 11190 2152 2710 11191 2153 2711 11192 2144 2702 11193 2143 2701 11194 2152 2710 11195 2142 2712 11196 2149 2713 11197 2147 2714 11198 2142 2712 11199 2150 2715 11200 2149 2713 11201 2142 2712 11202 2153 2716 11203 2150 2715 11204 2142 2712 11205 2144 2717 11206 2153 2716 11207 1852 2718 11208 1844 2719 11209 1855 2720 11210 1852 2718 11211 1847 2721 11212 1844 2719 11213 1852 2718 11214 1849 2722 11215 1847 2721 11216 1852 2718 11217 1851 2723 11218 1849 2722 11219 2042 2724 11220 2034 2725 11221 2045 2726 11222 2042 2724 11223 2037 2727 11224 2034 2725 11225 2042 2724 11226 2039 2728 11227 2037 2727 11228 2042 2724 11229 2041 2729 11230 2039 2728 11231 2154 2730 11232 2155 2731 11233 2156 2732 11234 2154 2730 11235 2157 2733 11236 2155 2731 11237 2154 2730 11238 2158 2734 11239 2157 2733 11240 2154 2730 11241 2159 2735 11242 2158 2734 11243 2035 2736 11244 2044 2737 11245 2036 2738 11246 2035 2736 11247 2043 2739 11248 2044 2737 11249 2035 2736 11250 2040 2740 11251 2043 2739 11252 2035 2736 11253 2038 2741 11254 2040 2740 11255 2156 2742 11256 2160 2743 11257 2154 2744 11258 2156 2742 11259 2161 2745 11260 2160 2743 11261 2156 2742 11262 2162 2746 11263 2161 2745 11264 2156 2742 11265 2155 2747 11266 2162 2746 11267 2155 2747 11268 2163 2748 11269 2162 2746 11270 2155 2747 11271 2157 2749 11272 2163 2748 11273 2158 2750 11274 2163 2748 11275 2157 2749 11276 2158 2750 11277 2164 2751 11278 2163 2748 11279 2158 2750 11280 2165 2752 11281 2164 2751 11282 2158 2750 11283 2159 2753 11284 2165 2752 11285 2154 2744 11286 2165 2752 11287 2159 2753 11288 2154 2744 11289 2160 2743 11290 2165 2752 11291 1925 2754 11292 1934 2755 11293 1926 2756 11294 1925 2754 11295 1933 2757 11296 1934 2755 11297 1925 2754 11298 1930 2758 11299 1933 2757 11300 1925 2754 11301 1928 2759 11302 1930 2758 11303 2166 2760 11304 2167 2761 11305 2168 2762 11306 2166 2760 11307 2169 2763 11308 2167 2761 11309 2166 2760 11310 2170 2764 11311 2169 2763 11312 2166 2760 11313 2171 2765 11314 2170 2764 11315 2171 2765 11316 2172 2766 11317 2170 2764 11318 2171 2765 11319 2173 2767 11320 2172 2766 11321 2174 2768 11322 2172 2766 11323 2173 2767 11324 2174 2768 11325 2175 2769 11326 2172 2766 11327 2174 2768 11328 2176 2770 11329 2175 2769 11330 2174 2768 11331 2177 2771 11332 2176 2770 11333 2168 2762 11334 2176 2770 11335 2177 2771 11336 2168 2762 11337 2167 2761 11338 2176 2770 11339 2166 2772 11340 2173 2773 11341 2171 2774 11342 2166 2772 11343 2174 2775 11344 2173 2773 11345 2166 2772 11346 2177 2776 11347 2174 2775 11348 2166 2772 11349 2168 2777 11350 2177 2776 11351 1932 2778 11352 1924 2779 11353 1935 2780 11354 1932 2778 11355 1927 2781 11356 1924 2779 11357 1932 2778 11358 1929 2782 11359 1927 2781 11360 1932 2778 11361 1931 2783 11362 1929 2782 11363 1987 2784 11364 1979 2785 11365 1990 2786 11366 1987 2784 11367 1982 2787 11368 1979 2785 11369 1987 2784 11370 1984 2788 11371 1982 2787 11372 1987 2784 11373 1986 2789 11374 1984 2788 11375 2178 2790 11376 2179 2791 11377 2180 2792 11378 2178 2790 11379 2181 2793 11380 2179 2791 11381 2178 2790 11382 2182 2794 11383 2181 2793 11384 2178 2790 11385 2183 2795 11386 2182 2794 11387 1980 2796 11388 1989 2797 11389 1981 2798 11390 1980 2796 11391 1988 2799 11392 1989 2797 11393 1980 2796 11394 1985 2800 11395 1988 2799 11396 1980 2796 11397 1983 2801 11398 1985 2800 11399 2182 2802 11400 2184 2803 11401 2181 2804 11402 2182 2802 11403 2185 2805 11404 2184 2803 11405 2182 2802 11406 2186 2806 11407 2185 2805 11408 2182 2802 11409 2183 2807 11410 2186 2806 11411 2183 2807 11412 2187 2808 11413 2186 2806 11414 2183 2807 11415 2178 2809 11416 2187 2808 11417 2180 2810 11418 2187 2808 11419 2178 2809 11420 2180 2810 11421 2188 2811 11422 2187 2808 11423 2179 2812 11424 2188 2811 11425 2180 2810 11426 2179 2812 11427 2189 2813 11428 2188 2811 11429 2181 2804 11430 2189 2813 11431 2179 2812 11432 2181 2804 11433 2184 2803 11434 2189 2813 11435</p>
        </triangles>
      </mesh>
    </geometry>
  </library_geometries>
  <library_controllers>
    <controller id="c_stickybomb_launcher_xmas_qc_skeleton_c_stickybomb_launcher_xmas-skin" name="c_stickybomb_launcher_xmas.qc_skeleton">
      <skin source="#c_stickybomb_launcher_xmas-mesh">
        <bind_shape_matrix>1 0 0 0 0 1 0 0 0 0 1 0 0 0 0 1</bind_shape_matrix>
        <source id="c_stickybomb_launcher_xmas_qc_skeleton_c_stickybomb_launcher_xmas-skin-joints">
          <Name_array id="c_stickybomb_launcher_xmas_qc_skeleton_c_stickybomb_launcher_xmas-skin-joints-array" count="5">weapon_bone weapon_bone_1 vm_weapon_bone vm_weapon_bone_1 c_weapon_stattrack</Name_array>
          <technique_common>
            <accessor source="#c_stickybomb_launcher_xmas_qc_skeleton_c_stickybomb_launcher_xmas-skin-joints-array" count="5" stride="1">
              <param name="JOINT" type="name"/>
            </accessor>
          </technique_common>
        </source>
        <source id="c_stickybomb_launcher_xmas_qc_skeleton_c_stickybomb_launcher_xmas-skin-bind_poses">
          <float_array id="c_stickybomb_launcher_xmas_qc_skeleton_c_stickybomb_launcher_xmas-skin-bind_poses-array" count="80">1 0 0 0 0 1 0 0 0 0 1 0 0 0 0 1 0 -0.5207145 0.8537309 -1.001661 0 0.8537307 0.5207145 -3.920764 -1 0 0 1.51299 0 0 0 1 1 0 0 0 0 1 0 0.640123 0 0 1 -1.708212 0 0 0 1 0.9976124 0 0.06905996 -7.65211 0 1 0 0.9775069 -0.06905996 0 0.9976124 -9.073723 0 0 0 1 0.7701967 0.6371942 0.02793776 -5.470177 0.02152323 0.01781201 -0.9996097 9.095407 -0.6374431 0.7704974 4.33344e-6 0.6733589 0 0 0 1</float_array>
          <technique_common>
            <accessor source="#c_stickybomb_launcher_xmas_qc_skeleton_c_stickybomb_launcher_xmas-skin-bind_poses-array" count="5" stride="16">
              <param name="TRANSFORM" type="float4x4"/>
            </accessor>
          </technique_common>
        </source>
        <source id="c_stickybomb_launcher_xmas_qc_skeleton_c_stickybomb_launcher_xmas-skin-weights">
          <float_array id="c_stickybomb_launcher_xmas_qc_skeleton_c_stickybomb_launcher_xmas-skin-weights-array" count="2190">1 1 1 1 1 1 1 1 1 1 1 1 1 1 1 1 1 1 1 1 1 1 1 1 1 1 1 1 1 1 1 1 1 1 1 1 1 1 1 1 1 1 1 1 1 1 1 1 1 1 1 1 1 1 1 1 1 1 1 1 1 1 1 1 1 1 1 1 1 1 1 1 1 1 1 1 1 1 1 1 1 1 1 1 1 1 1 1 1 1 1 1 1 1 1 1 1 1 1 1 1 1 1 1 1 1 1 1 1 1 1 1 1 1 1 1 1 1 1 1 1 1 1 1 1 1 1 1 1 1 1 1 1 1 1 1 1 1 1 1 1 1 1 1 1 1 1 1 1 1 1 1 1 1 1 1 1 1 1 1 1 1 1 1 1 1 1 1 1 1 1 1 1 1 1 1 1 1 1 1 1 1 1 1 1 1 1 1 1 1 1 1 1 1 1 1 1 1 1 1 1 1 1 1 1 1 1 1 1 1 1 1 1 1 1 1 1 1 1 1 1 1 1 1 1 1 1 1 1 1 1 1 1 1 1 1 1 1 1 1 1 1 1 1 1 1 1 1 1 1 1 1 1 1 1 1 1 1 1 1 1 1 1 1 1 1 1 1 1 1 1 1 1 1 1 1 1 1 1 1 1 1 1 1 1 1 1 1 1 1 1 1 1 1 1 1 1 1 1 1 1 1 1 1 1 1 1 1 1 1 1 1 1 1 1 1 1 1 1 1 1 1 1 1 1 1 1 1 1 1 1 1 1 1 1 1 1 1 1 1 1 1 1 1 1 1 1 1 1 1 1 1 1 1 1 1 1 1 1 1 1 1 1 1 1 1 1 1 1 1 1 1 1 1 1 1 1 1 1 1 1 1 1 1 1 1 1 1 1 1 1 1 1 1 1 1 1 1 1 1 1 1 1 1 1 1 1 1 1 1 1 1 1 1 1 1 1 1 1 1 1 1 1 1 1 1 1 1 1 1 1 1 1 1 1 1 1 1 1 1 1 1 1 1 1 1 1 1 1 1 1 1 1 1 1 1 1 1 1 1 1 1 1 1 1 1 1 1 1 1 1 1 1 1 1 1 1 1 1 1 1 1 1 1 1 1 1 1 1 1 1 1 1 1 1 1 1 1 1 1 1 1 1 1 1 1 1 1 1 1 1 1 1 1 1 1 1 1 1 1 1 1 1 1 1 1 1 1 1 1 1 1 1 1 1 1 1 1 1 1 1 1 1 1 1 1 1 1 1 1 1 1 1 1 1 1 1 1 1 1 1 1 1 1 1 1 1 1 1 1 1 1 1 1 1 1 1 1 1 1 1 1 1 1 1 1 1 1 1 1 1 1 1 1 1 1 1 1 1 1 1 1 1 1 1 1 1 1 1 1 1 1 1 1 1 1 1 1 1 1 1 1 1 1 1 1 1 1 1 1 1 1 1 1 1 1 1 1 1 1 1 1 1 1 1 1 1 1 1 1 1 1 1 1 1 1 1 1 1 1 1 1 1 1 1 1 1 1 1 1 1 1 1 1 1 1 1 1 1 1 1 1 1 1 1 1 1 1 1 1 1 1 1 1 1 1 1 1 1 1 1 1 1 1 1 1 1 1 1 1 1 1 1 1 1 1 1 1 1 1 1 1 1 1 1 1 1 1 1 1 1 1 1 1 1 1 1 1 1 1 1 1 1 1 1 1 1 1 1 1 1 1 1 1 1 1 1 1 1 1 1 1 1 1 1 1 1 1 1 1 1 1 1 1 1 1 1 1 1 1 1 1 1 1 1 1 1 1 1 1 1 1 1 1 1 1 1 1 1 1 1 1 1 1 1 1 1 1 1 1 1 1 1 1 1 1 1 1 1 1 1 1 1 1 1 1 1 1 1 1 1 1 1 1 1 1 1 1 1 1 1 1 1 1 1 1 1 1 1 1 1 1 1 1 1 1 1 1 1 1 1 1 1 1 1 1 1 1 1 1 1 1 1 1 1 1 1 1 1 1 1 1 1 1 1 1 1 1 1 1 1 1 1 1 1 1 1 1 1 1 1 1 1 1 1 1 1 1 1 1 1 1 1 1 1 1 1 1 1 1 1 1 1 1 1 1 1 1 1 1 1 1 1 1 1 1 1 1 1 1 1 1 1 1 1 1 1 1 1 1 1 1 1 1 1 1 1 1 1 1 1 1 1 1 1 1 1 1 1 1 1 1 1 1 1 1 1 1 1 1 1 1 1 1 1 1 1 1 1 1 1 1 1 1 1 1 1 1 1 1 1 1 1 1 1 1 1 1 1 1 1 1 1 1 1 1 1 1 1 1 1 1 1 1 1 1 1 1 1 1 1 1 1 1 1 1 1 1 1 1 1 1 1 1 1 1 1 1 1 1 1 1 1 1 1 1 1 1 1 1 1 1 1 1 1 1 1 1 1 1 1 1 1 1 1 1 1 1 1 1 1 1 1 1 1 1 1 1 1 1 1 1 1 1 1 1 1 1 1 1 1 1 1 1 1 1 1 1 1 1 1 1 1 1 1 1 1 1 1 1 1 1 1 1 1 1 1 1 1 1 1 1 1 1 1 1 1 1 1 1 1 1 1 1 1 1 1 1 1 1 1 1 1 1 1 1 1 1 1 1 1 1 1 1 1 1 1 1 1 1 1 1 1 1 1 1 1 1 1 1 1 1 1 1 1 1 1 1 1 1 1 1 1 1 1 1 1 1 1 1 1 1 1 1 1 1 1 1 1 1 1 1 1 1 1 1 1 1 1 1 1 1 1 1 1 1 1 1 1 1 1 1 1 1 1 1 1 1 1 1 1 1 1 1 1 1 1 1 1 1 1 1 1 1 1 1 1 1 1 1 1 1 1 1 1 1 1 1 1 1 1 1 1 1 1 1 1 1 1 1 1 1 1 1 1 1 1 1 1 1 1 1 1 1 1 1 1 1 1 1 1 1 1 1 1 1 1 1 1 1 1 1 1 1 1 1 1 1 1 1 1 1 1 1 1 1 1 1 1 1 1 1 1 1 1 1 1 1 1 1 1 1 1 1 1 1 1 1 1 1 1 1 1 1 1 1 1 1 1 1 1 1 1 1 1 1 1 1 1 1 1 1 1 1 1 1 1 1 1 1 1 1 1 1 1 1 1 1 1 1 1 1 1 1 1 1 1 1 1 1 1 1 1 1 1 1 1 1 1 1 1 1 1 1 1 1 1 1 1 1 1 1 1 1 1 1 1 1 1 1 1 1 1 1 1 1 1 1 1 1 1 1 1 1 1 1 1 1 1 1 1 1 1 1 1 1 1 1 1 1 1 1 1 1 1 1 1 1 1 1 1 1 1 1 1 1 1 1 1 1 1 1 1 1 1 1 1 1 1 1 1 1 1 1 1 1 1 1 1 1 1 1 1 1 1 1 1 1 1 1 1 1 1 1 1 1 1 1 1 1 1 1 1 1 1 1 1 1 1 1 1 1 1 1 1 1 1 1 1 1 1 1 1 1 1 1 1 1 1 1 1 1 1 1 1 1 1 1 1 1 1 1 1 1 1 1 1 1 1 1 1 1 1 1 1 1 1 1 1 1 1 1 1 1 1 1 1 1 1 1 1 1 1 1 1 1 1 1 1 1 1 1 1 1 1 1 1 1 1 1 1 1 1 1 1 1 1 1 1 1 1 1 1 1 1 1 1 1 1 1 1 1 1 1 1 1 1 1 1 1 1 1 1 1 1 1 1 1 1 1 1 1 1 1 1 1 1 1 1 1 1 1 1 1 1 1 1 1 1 1 1 1 1 1 1 1 1 1 1 1 1 1 1 1 1 1 1 1 1 1 1 1 1 1 1 1 1 1 1 1 1 1 1 1 1 1 1 1 1 1 1 1 1 1 1 1 1 1 1 1 1 1 1 1 1 1 1 1 1 1 1 1 1 1 1 1 1 1 1 1 1 1 1 1 1 1 1 1 1 1 1 1 1 1 1 1 1 1 1 1 1 1 1 1 1 1 1 1 1 1 1 1 1 1 1 1 1 1 1 1 1 1 1 1 1 1 1 1 1 1 1 1 1 1 1 1 1 1 1 1 1 1 1 1 1 1 1 1 1 1 1 1 1 1 1 1 1 1 1 1 1 1 1 1 1 1 1 1 1 1 1 1 1 1 1 1 1 1 1 1 1 1 1 1 1 1 1 1 1 1 1 1 1 1 1 1 1 1 1 1 1 1 1 1 1 1 1 1 1 1 1 1 1 1 1 1 1 1 1 1 1 1 1 1 1 1 1 1 1 1 1 1 1 1 1 1 1 1 1 1 1 1 1 1 1 1 1 1 1 1 1 1 1 1 1 1 1 1 1 1 1 1 1 1 1 1 1 1 1 1 1 1 1 1 1 1 1 1 1 1 1 1 1 1 1 1 1 1 1 1 1 1 1 1 1 1 1 1 1 1 1 1 1 1 1 1 1 1 1 1 1 1 1 1 1 1 1 1 1 1 1 1 1 1 1 1 1 1 1 1 1 1 1 1 1 1 1 1 1 1 1 1 1 1 1 1 1 1 1 1 1 1 1 1 1 1 1 1 1 1 1 1 1 1 1 1 1 1 1 1 1 1 1 1 1 1 1 1 1 1 1 1 1 1 1 1 1 1 1 1 1 1 1 1 1 1 1 1 1 1 1 1 1 1 1 1 1 1 1 1 1 1 1 1 1 1 1 1 1 1 1 1 1 1 1 1 1 1 1 1 1 1 1 1 1 1 1 1 1 1 1 1 1 1 1 1 1 1 1 1 1 1 1 1 1 1 1 1 1 1 1 1 1 1 1 1 1 1 1 1 1 1 1 1 1 1 1 1 1 1 1 1 1 1 1 1 1 1 1 1 1 1 1 1 1 1 1 1 1 1 1 1 1 1 1 1 1 1 1 1 1 1 1 1 1 1 1 1 1 1 1 1 1 1 1 1 1 1 1 1</float_array>
          <technique_common>
            <accessor source="#c_stickybomb_launcher_xmas_qc_skeleton_c_stickybomb_launcher_xmas-skin-weights-array" count="2190" stride="1">
              <param name="WEIGHT" type="float"/>
            </accessor>
          </technique_common>
        </source>
        <joints>
          <input semantic="JOINT" source="#c_stickybomb_launcher_xmas_qc_skeleton_c_stickybomb_launcher_xmas-skin-joints"/>
          <input semantic="INV_BIND_MATRIX" source="#c_stickybomb_launcher_xmas_qc_skeleton_c_stickybomb_launcher_xmas-skin-bind_poses"/>
        </joints>
        <vertex_weights count="2190">
          <input semantic="JOINT" source="#c_stickybomb_launcher_xmas_qc_skeleton_c_stickybomb_launcher_xmas-skin-joints" offset="0"/>
          <input semantic="WEIGHT" source="#c_stickybomb_launcher_xmas_qc_skeleton_c_stickybomb_launcher_xmas-skin-weights" offset="1"/>
          <vcount>1 1 1 1 1 1 1 1 1 1 1 1 1 1 1 1 1 1 1 1 1 1 1 1 1 1 1 1 1 1 1 1 1 1 1 1 1 1 1 1 1 1 1 1 1 1 1 1 1 1 1 1 1 1 1 1 1 1 1 1 1 1 1 1 1 1 1 1 1 1 1 1 1 1 1 1 1 1 1 1 1 1 1 1 1 1 1 1 1 1 1 1 1 1 1 1 1 1 1 1 1 1 1 1 1 1 1 1 1 1 1 1 1 1 1 1 1 1 1 1 1 1 1 1 1 1 1 1 1 1 1 1 1 1 1 1 1 1 1 1 1 1 1 1 1 1 1 1 1 1 1 1 1 1 1 1 1 1 1 1 1 1 1 1 1 1 1 1 1 1 1 1 1 1 1 1 1 1 1 1 1 1 1 1 1 1 1 1 1 1 1 1 1 1 1 1 1 1 1 1 1 1 1 1 1 1 1 1 1 1 1 1 1 1 1 1 1 1 1 1 1 1 1 1 1 1 1 1 1 1 1 1 1 1 1 1 1 1 1 1 1 1 1 1 1 1 1 1 1 1 1 1 1 1 1 1 1 1 1 1 1 1 1 1 1 1 1 1 1 1 1 1 1 1 1 1 1 1 1 1 1 1 1 1 1 1 1 1 1 1 1 1 1 1 1 1 1 1 1 1 1 1 1 1 1 1 1 1 1 1 1 1 1 1 1 1 1 1 1 1 1 1 1 1 1 1 1 1 1 1 1 1 1 1 1 1 1 1 1 1 1 1 1 1 1 1 1 1 1 1 1 1 1 1 1 1 1 1 1 1 1 1 1 1 1 1 1 1 1 1 1 1 1 1 1 1 1 1 1 1 1 1 1 1 1 1 1 1 1 1 1 1 1 1 1 1 1 1 1 1 1 1 1 1 1 1 1 1 1 1 1 1 1 1 1 1 1 1 1 1 1 1 1 1 1 1 1 1 1 1 1 1 1 1 1 1 1 1 1 1 1 1 1 1 1 1 1 1 1 1 1 1 1 1 1 1 1 1 1 1 1 1 1 1 1 1 1 1 1 1 1 1 1 1 1 1 1 1 1 1 1 1 1 1 1 1 1 1 1 1 1 1 1 1 1 1 1 1 1 1 1 1 1 1 1 1 1 1 1 1 1 1 1 1 1 1 1 1 1 1 1 1 1 1 1 1 1 1 1 1 1 1 1 1 1 1 1 1 1 1 1 1 1 1 1 1 1 1 1 1 1 1 1 1 1 1 1 1 1 1 1 1 1 1 1 1 1 1 1 1 1 1 1 1 1 1 1 1 1 1 1 1 1 1 1 1 1 1 1 1 1 1 1 1 1 1 1 1 1 1 1 1 1 1 1 1 1 1 1 1 1 1 1 1 1 1 1 1 1 1 1 1 1 1 1 1 1 1 1 1 1 1 1 1 1 1 1 1 1 1 1 1 1 1 1 1 1 1 1 1 1 1 1 1 1 1 1 1 1 1 1 1 1 1 1 1 1 1 1 1 1 1 1 1 1 1 1 1 1 1 1 1 1 1 1 1 1 1 1 1 1 1 1 1 1 1 1 1 1 1 1 1 1 1 1 1 1 1 1 1 1 1 1 1 1 1 1 1 1 1 1 1 1 1 1 1 1 1 1 1 1 1 1 1 1 1 1 1 1 1 1 1 1 1 1 1 1 1 1 1 1 1 1 1 1 1 1 1 1 1 1 1 1 1 1 1 1 1 1 1 1 1 1 1 1 1 1 1 1 1 1 1 1 1 1 1 1 1 1 1 1 1 1 1 1 1 1 1 1 1 1 1 1 1 1 1 1 1 1 1 1 1 1 1 1 1 1 1 1 1 1 1 1 1 1 1 1 1 1 1 1 1 1 1 1 1 1 1 1 1 1 1 1 1 1 1 1 1 1 1 1 1 1 1 1 1 1 1 1 1 1 1 1 1 1 1 1 1 1 1 1 1 1 1 1 1 1 1 1 1 1 1 1 1 1 1 1 1 1 1 1 1 1 1 1 1 1 1 1 1 1 1 1 1 1 1 1 1 1 1 1 1 1 1 1 1 1 1 1 1 1 1 1 1 1 1 1 1 1 1 1 1 1 1 1 1 1 1 1 1 1 1 1 1 1 1 1 1 1 1 1 1 1 1 1 1 1 1 1 1 1 1 1 1 1 1 1 1 1 1 1 1 1 1 1 1 1 1 1 1 1 1 1 1 1 1 1 1 1 1 1 1 1 1 1 1 1 1 1 1 1 1 1 1 1 1 1 1 1 1 1 1 1 1 1 1 1 1 1 1 1 1 1 1 1 1 1 1 1 1 1 1 1 1 1 1 1 1 1 1 1 1 1 1 1 1 1 1 1 1 1 1 1 1 1 1 1 1 1 1 1 1 1 1 1 1 1 1 1 1 1 1 1 1 1 1 1 1 1 1 1 1 1 1 1 1 1 1 1 1 1 1 1 1 1 1 1 1 1 1 1 1 1 1 1 1 1 1 1 1 1 1 1 1 1 1 1 1 1 1 1 1 1 1 1 1 1 1 1 1 1 1 1 1 1 1 1 1 1 1 1 1 1 1 1 1 1 1 1 1 1 1 1 1 1 1 1 1 1 1 1 1 1 1 1 1 1 1 1 1 1 1 1 1 1 1 1 1 1 1 1 1 1 1 1 1 1 1 1 1 1 1 1 1 1 1 1 1 1 1 1 1 1 1 1 1 1 1 1 1 1 1 1 1 1 1 1 1 1 1 1 1 1 1 1 1 1 1 1 1 1 1 1 1 1 1 1 1 1 1 1 1 1 1 1 1 1 1 1 1 1 1 1 1 1 1 1 1 1 1 1 1 1 1 1 1 1 1 1 1 1 1 1 1 1 1 1 1 1 1 1 1 1 1 1 1 1 1 1 1 1 1 1 1 1 1 1 1 1 1 1 1 1 1 1 1 1 1 1 1 1 1 1 1 1 1 1 1 1 1 1 1 1 1 1 1 1 1 1 1 1 1 1 1 1 1 1 1 1 1 1 1 1 1 1 1 1 1 1 1 1 1 1 1 1 1 1 1 1 1 1 1 1 1 1 1 1 1 1 1 1 1 1 1 1 1 1 1 1 1 1 1 1 1 1 1 1 1 1 1 1 1 1 1 1 1 1 1 1 1 1 1 1 1 1 1 1 1 1 1 1 1 1 1 1 1 1 1 1 1 1 1 1 1 1 1 1 1 1 1 1 1 1 1 1 1 1 1 1 1 1 1 1 1 1 1 1 1 1 1 1 1 1 1 1 1 1 1 1 1 1 1 1 1 1 1 1 1 1 1 1 1 1 1 1 1 1 1 1 1 1 1 1 1 1 1 1 1 1 1 1 1 1 1 1 1 1 1 1 1 1 1 1 1 1 1 1 1 1 1 1 1 1 1 1 1 1 1 1 1 1 1 1 1 1 1 1 1 1 1 1 1 1 1 1 1 1 1 1 1 1 1 1 1 1 1 1 1 1 1 1 1 1 1 1 1 1 1 1 1 1 1 1 1 1 1 1 1 1 1 1 1 1 1 1 1 1 1 1 1 1 1 1 1 1 1 1 1 1 1 1 1 1 1 1 1 1 1 1 1 1 1 1 1 1 1 1 1 1 1 1 1 1 1 1 1 1 1 1 1 1 1 1 1 1 1 1 1 1 1 1 1 1 1 1 1 1 1 1 1 1 1 1 1 1 1 1 1 1 1 1 1 1 1 1 1 1 1 1 1 1 1 1 1 1 1 1 1 1 1 1 1 1 1 1 1 1 1 1 1 1 1 1 1 1 1 1 1 1 1 1 1 1 1 1 1 1 1 1 1 1 1 1 1 1 1 1 1 1 1 1 1 1 1 1 1 1 1 1 1 1 1 1 1 1 1 1 1 1 1 1 1 1 1 1 1 1 1 1 1 1 1 1 1 1 1 1 1 1 1 1 1 1 1 1 1 1 1 1 1 1 1 1 1 1 1 1 1 1 1 1 1 1 1 1 1 1 1 1 1 1 1 1 1 1 1 1 1 1 1 1 1 1 1 1 1 1 1 1 1 1 1 1 1 1 1 1 1 1 1 1 1 1 1 1 1 1 1 1 1 1 1 1 1 1 1 1 1 1 1 1 1 1 1 1 1 1 1 1 1 1 1 1 1 1 1 1 1 1 1 1 1 1 1 1 1 1 1 1 1 1 1 1 1 1 1 1 1 1 1 1 1 1 1 1 1 1 1 1 1 1 1 1 1 1 1 1 1 1 1 1 1 1 1 1 1 1 1 1 1 1 1 1 1 1 1 1 1 1 1 1 1 1 1 1 1 1 1 1 1 1 1 1 1 1 1 1 1 1 1 1 1 1 1 1 1 1 1 1 1 1 1 1 1 1 1 1 1 1 1 1 1 1 1 1 1 1 1 1 1 1 1 1 1 1 1 1 1 1 1 1 1 1 1 1 1 1 1 1 1 1 1 1 1 1 1 1 1 1 1 1 1 1 1 1 1 1 1 1 1 1 1 1 1 1 1 1 1 1 1 1 1 1 1 1 1 1 1 1 1 1 1 1 1 1 1 1 1 1 1 1 1 1 1 1 1 1 1 1 1 1 1 1 1 1 1 1 1 1 1 1 1 1 1 1 1 1 1 1 1 1 1 1 1 1 1 1 1 1 1 1 1 1 1 1 1 1 1 1 1 1 1 1 1 1 1 1 1 1 1 1 1 1 1 1 1 1 1 1 1 1 1 1 1 1 1 1 1 1 1 1 1 1 1 1 1 1 1 1 1 1 1 1 1 1 1 1 1 1 1 1 1 1 1 1 1 1 1 1 1 1 1 1 1 1 1 1 1 1 1 1 1 1 1 1 1 1 1 1 1 1 1 1 1 1 1 1 1 1 1 1 1 1 1 1 1 1 1 1 1 1 1 1 1 1 1 1 1 1 1 </vcount>
          <v>0 0 0 1 0 2 0 3 0 4 0 5 0 6 0 7 0 8 0 9 0 10 0 11 0 12 0 13 0 14 0 15 0 16 0 17 0 18 0 19 0 20 0 21 0 22 0 23 0 24 0 25 0 26 0 27 0 28 0 29 0 30 0 31 0 32 0 33 0 34 0 35 0 36 0 37 0 38 0 39 0 40 0 41 0 42 0 43 0 44 0 45 0 46 0 47 0 48 0 49 0 50 0 51 0 52 0 53 0 54 0 55 0 56 0 57 0 58 0 59 0 60 0 61 0 62 0 63 0 64 0 65 0 66 0 67 0 68 0 69 0 70 0 71 0 72 0 73 0 74 0 75 0 76 0 77 0 78 0 79 0 80 0 81 0 82 0 83 0 84 0 85 0 86 0 87 0 88 0 89 0 90 0 91 0 92 0 93 0 94 0 95 0 96 0 97 0 98 0 99 0 100 0 101 0 102 0 103 0 104 0 105 0 106 0 107 0 108 0 109 0 110 0 111 0 112 0 113 0 114 0 115 0 116 0 117 0 118 0 119 0 120 0 121 0 122 0 123 0 124 0 125 0 126 0 127 0 128 0 129 0 130 0 131 0 132 0 133 0 134 0 135 0 136 0 137 0 138 0 139 0 140 0 141 0 142 0 143 0 144 0 145 0 146 0 147 0 148 0 149 0 150 0 151 0 152 0 153 0 154 0 155 0 156 0 157 0 158 0 159 0 160 0 161 0 162 0 163 0 164 0 165 0 166 0 167 0 168 0 169 0 170 0 171 0 172 0 173 0 174 0 175 0 176 0 177 0 178 0 179 0 180 0 181 0 182 0 183 0 184 0 185 0 186 0 187 0 188 0 189 0 190 0 191 0 192 0 193 0 194 0 195 0 196 0 197 0 198 0 199 0 200 0 201 0 202 0 203 0 204 0 205 0 206 0 207 0 208 0 209 0 210 0 211 0 212 0 213 0 214 0 215 0 216 0 217 0 218 0 219 0 220 0 221 0 222 0 223 0 224 0 225 0 226 0 227 0 228 0 229 0 230 0 231 0 232 0 233 0 234 0 235 0 236 0 237 0 238 0 239 0 240 0 241 0 242 0 243 0 244 0 245 0 246 0 247 0 248 0 249 0 250 0 251 0 252 0 253 0 254 0 255 0 256 0 257 0 258 0 259 0 260 0 261 0 262 0 263 0 264 0 265 0 266 0 267 0 268 0 269 0 270 0 271 0 272 0 273 0 274 0 275 0 276 0 277 0 278 0 279 0 280 0 281 0 282 0 283 0 284 0 285 0 286 0 287 0 288 0 289 0 290 0 291 0 292 0 293 0 294 0 295 0 296 0 297 0 298 0 299 0 300 0 301 0 302 0 303 0 304 0 305 0 306 0 307 0 308 0 309 0 310 0 311 0 312 0 313 0 314 0 315 0 316 0 317 0 318 0 319 0 320 0 321 0 322 0 323 0 324 0 325 0 326 0 327 0 328 0 329 0 330 0 331 0 332 0 333 0 334 0 335 0 336 0 337 0 338 0 339 0 340 0 341 0 342 0 343 0 344 0 345 0 346 0 347 0 348 0 349 0 350 0 351 0 352 0 353 0 354 0 355 0 356 0 357 0 358 0 359 0 360 0 361 0 362 0 363 0 364 0 365 0 366 0 367 0 368 0 369 0 370 0 371 0 372 0 373 0 374 0 375 0 376 0 377 0 378 0 379 0 380 0 381 0 382 0 383 0 384 0 385 0 386 0 387 0 388 0 389 0 390 0 391 0 392 0 393 0 394 0 395 0 396 0 397 0 398 0 399 0 400 0 401 0 402 0 403 0 404 0 405 0 406 0 407 0 408 0 409 0 410 0 411 0 412 0 413 0 414 0 415 0 416 0 417 0 418 0 419 0 420 0 421 0 422 0 423 0 424 0 425 0 426 0 427 0 428 0 429 0 430 0 431 0 432 0 433 0 434 0 435 0 436 0 437 0 438 0 439 0 440 0 441 0 442 0 443 0 444 0 445 0 446 0 447 0 448 0 449 0 450 0 451 0 452 0 453 0 454 0 455 0 456 0 457 0 458 0 459 0 460 0 461 0 462 0 463 0 464 0 465 0 466 0 467 0 468 0 469 0 470 0 471 0 472 0 473 0 474 0 475 0 476 0 477 0 478 0 479 0 480 0 481 0 482 0 483 0 484 0 485 0 486 0 487 0 488 0 489 0 490 0 491 0 492 0 493 0 494 0 495 0 496 0 497 0 498 0 499 0 500 0 501 0 502 0 503 0 504 0 505 0 506 0 507 0 508 0 509 0 510 0 511 0 512 0 513 0 514 0 515 0 516 0 517 0 518 0 519 0 520 0 521 0 522 0 523 0 524 0 525 0 526 0 527 0 528 0 529 0 530 0 531 0 532 0 533 0 534 0 535 0 536 0 537 0 538 0 539 0 540 0 541 0 542 0 543 0 544 0 545 0 546 0 547 0 548 0 549 0 550 0 551 0 552 0 553 0 554 0 555 0 556 0 557 0 558 0 559 0 560 0 561 0 562 0 563 0 564 0 565 0 566 0 567 0 568 0 569 0 570 0 571 0 572 0 573 0 574 0 575 0 576 0 577 0 578 0 579 0 580 0 581 0 582 0 583 0 584 0 585 0 586 0 587 0 588 0 589 0 590 0 591 0 592 0 593 0 594 0 595 0 596 0 597 0 598 0 599 0 600 0 601 0 602 0 603 0 604 0 605 0 606 0 607 0 608 0 609 0 610 0 611 0 612 0 613 0 614 0 615 0 616 0 617 0 618 0 619 0 620 0 621 0 622 0 623 0 624 0 625 0 626 0 627 0 628 0 629 0 630 0 631 0 632 0 633 0 634 0 635 0 636 0 637 0 638 0 639 0 640 0 641 0 642 0 643 0 644 0 645 0 646 0 647 0 648 0 649 0 650 0 651 0 652 0 653 0 654 0 655 0 656 0 657 0 658 0 659 0 660 0 661 0 662 0 663 0 664 0 665 0 666 0 667 0 668 0 669 0 670 0 671 0 672 0 673 0 674 0 675 0 676 0 677 0 678 0 679 0 680 0 681 0 682 0 683 0 684 0 685 0 686 0 687 0 688 0 689 0 690 0 691 0 692 0 693 0 694 0 695 0 696 0 697 0 698 0 699 0 700 0 701 0 702 0 703 0 704 0 705 0 706 0 707 0 708 0 709 0 710 0 711 0 712 0 713 0 714 0 715 0 716 0 717 0 718 0 719 0 720 0 721 0 722 0 723 0 724 0 725 0 726 0 727 0 728 0 729 0 730 0 731 0 732 0 733 0 734 0 735 0 736 0 737 0 738 0 739 0 740 0 741 0 742 0 743 0 744 0 745 0 746 0 747 0 748 0 749 0 750 0 751 0 752 0 753 0 754 0 755 0 756 0 757 0 758 0 759 0 760 0 761 0 762 0 763 0 764 0 765 0 766 0 767 0 768 0 769 0 770 0 771 0 772 0 773 0 774 0 775 0 776 0 777 0 778 0 779 0 780 0 781 0 782 0 783 0 784 0 785 0 786 0 787 0 788 0 789 0 790 0 791 0 792 0 793 0 794 0 795 0 796 0 797 0 798 0 799 0 800 0 801 0 802 0 803 0 804 0 805 0 806 0 807 0 808 0 809 0 810 0 811 0 812 0 813 0 814 0 815 0 816 0 817 0 818 0 819 0 820 0 821 0 822 0 823 0 824 0 825 0 826 0 827 0 828 0 829 0 830 0 831 0 832 0 833 0 834 0 835 0 836 0 837 0 838 0 839 0 840 0 841 0 842 0 843 0 844 0 845 0 846 0 847 0 848 0 849 0 850 0 851 0 852 0 853 0 854 0 855 0 856 0 857 0 858 0 859 0 860 0 861 0 862 0 863 0 864 0 865 0 866 0 867 0 868 0 869 0 870 0 871 0 872 0 873 0 874 0 875 0 876 0 877 0 878 0 879 0 880 0 881 0 882 0 883 0 884 0 885 0 886 0 887 0 888 0 889 0 890 0 891 0 892 0 893 0 894 0 895 0 896 0 897 0 898 0 899 0 900 0 901 0 902 0 903 0 904 0 905 0 906 0 907 0 908 0 909 0 910 0 911 0 912 0 913 0 914 0 915 0 916 0 917 0 918 0 919 0 920 0 921 0 922 0 923 0 924 0 925 0 926 0 927 0 928 0 929 0 930 0 931 0 932 0 933 0 934 0 935 0 936 0 937 0 938 0 939 0 940 0 941 0 942 0 943 0 944 0 945 0 946 0 947 0 948 0 949 0 950 0 951 0 952 0 953 0 954 0 955 0 956 0 957 0 958 0 959 0 960 0 961 0 962 0 963 0 964 0 965 0 966 0 967 0 968 0 969 0 970 0 971 0 972 0 973 0 974 0 975 0 976 0 977 0 978 0 979 0 980 0 981 0 982 0 983 0 984 0 985 0 986 0 987 0 988 0 989 0 990 0 991 0 992 0 993 0 994 0 995 0 996 0 997 0 998 0 999 0 1000 0 1001 0 1002 0 1003 0 1004 0 1005 0 1006 0 1007 0 1008 0 1009 0 1010 0 1011 0 1012 0 1013 0 1014 0 1015 0 1016 0 1017 0 1018 0 1019 0 1020 0 1021 0 1022 0 1023 0 1024 0 1025 0 1026 0 1027 0 1028 0 1029 0 1030 0 1031 0 1032 0 1033 0 1034 0 1035 0 1036 0 1037 0 1038 0 1039 0 1040 0 1041 0 1042 0 1043 0 1044 0 1045 0 1046 0 1047 0 1048 0 1049 0 1050 0 1051 0 1052 0 1053 0 1054 0 1055 0 1056 0 1057 0 1058 0 1059 0 1060 0 1061 0 1062 0 1063 0 1064 0 1065 0 1066 0 1067 0 1068 0 1069 0 1070 0 1071 0 1072 0 1073 0 1074 0 1075 0 1076 0 1077 0 1078 0 1079 0 1080 0 1081 0 1082 0 1083 0 1084 0 1085 0 1086 0 1087 0 1088 0 1089 0 1090 0 1091 0 1092 0 1093 0 1094 0 1095 0 1096 0 1097 0 1098 0 1099 0 1100 0 1101 0 1102 0 1103 0 1104 0 1105 0 1106 0 1107 0 1108 0 1109 0 1110 0 1111 0 1112 0 1113 0 1114 0 1115 0 1116 0 1117 0 1118 0 1119 0 1120 0 1121 0 1122 0 1123 0 1124 0 1125 0 1126 0 1127 0 1128 0 1129 0 1130 0 1131 0 1132 0 1133 0 1134 0 1135 0 1136 0 1137 0 1138 0 1139 0 1140 0 1141 0 1142 0 1143 0 1144 0 1145 0 1146 0 1147 0 1148 0 1149 0 1150 0 1151 0 1152 0 1153 0 1154 0 1155 0 1156 0 1157 0 1158 0 1159 0 1160 0 1161 0 1162 0 1163 0 1164 0 1165 0 1166 0 1167 0 1168 0 1169 0 1170 0 1171 0 1172 0 1173 0 1174 0 1175 0 1176 0 1177 0 1178 0 1179 0 1180 0 1181 0 1182 0 1183 0 1184 0 1185 0 1186 0 1187 0 1188 0 1189 0 1190 0 1191 0 1192 0 1193 0 1194 0 1195 0 1196 0 1197 0 1198 0 1199 0 1200 0 1201 0 1202 0 1203 0 1204 0 1205 0 1206 0 1207 0 1208 0 1209 0 1210 0 1211 0 1212 0 1213 0 1214 0 1215 0 1216 0 1217 0 1218 0 1219 0 1220 0 1221 0 1222 0 1223 0 1224 0 1225 0 1226 0 1227 0 1228 0 1229 0 1230 0 1231 0 1232 0 1233 0 1234 0 1235 0 1236 0 1237 0 1238 0 1239 0 1240 0 1241 0 1242 0 1243 0 1244 0 1245 0 1246 0 1247 0 1248 0 1249 0 1250 0 1251 0 1252 0 1253 0 1254 0 1255 0 1256 0 1257 0 1258 0 1259 0 1260 0 1261 0 1262 0 1263 0 1264 0 1265 0 1266 0 1267 0 1268 0 1269 0 1270 0 1271 0 1272 0 1273 0 1274 0 1275 0 1276 0 1277 0 1278 0 1279 0 1280 0 1281 0 1282 0 1283 0 1284 0 1285 0 1286 0 1287 0 1288 0 1289 0 1290 0 1291 0 1292 0 1293 0 1294 0 1295 0 1296 0 1297 0 1298 0 1299 0 1300 0 1301 0 1302 0 1303 0 1304 0 1305 0 1306 0 1307 0 1308 0 1309 0 1310 0 1311 0 1312 0 1313 0 1314 0 1315 0 1316 0 1317 0 1318 0 1319 0 1320 0 1321 0 1322 0 1323 0 1324 0 1325 0 1326 0 1327 0 1328 0 1329 0 1330 0 1331 0 1332 0 1333 0 1334 0 1335 0 1336 0 1337 0 1338 0 1339 0 1340 0 1341 0 1342 0 1343 0 1344 0 1345 0 1346 0 1347 0 1348 0 1349 0 1350 0 1351 0 1352 0 1353 0 1354 0 1355 0 1356 0 1357 0 1358 0 1359 0 1360 0 1361 0 1362 0 1363 0 1364 0 1365 0 1366 0 1367 0 1368 0 1369 0 1370 0 1371 0 1372 0 1373 0 1374 0 1375 0 1376 0 1377 0 1378 0 1379 0 1380 0 1381 0 1382 0 1383 0 1384 0 1385 0 1386 0 1387 0 1388 0 1389 0 1390 0 1391 0 1392 0 1393 0 1394 0 1395 0 1396 0 1397 0 1398 0 1399 0 1400 0 1401 0 1402 0 1403 0 1404 0 1405 0 1406 0 1407 0 1408 0 1409 0 1410 0 1411 0 1412 0 1413 0 1414 0 1415 0 1416 0 1417 0 1418 0 1419 0 1420 0 1421 0 1422 0 1423 0 1424 0 1425 0 1426 0 1427 0 1428 0 1429 0 1430 0 1431 0 1432 0 1433 0 1434 0 1435 0 1436 0 1437 0 1438 0 1439 0 1440 0 1441 0 1442 0 1443 0 1444 0 1445 0 1446 0 1447 0 1448 0 1449 0 1450 0 1451 0 1452 0 1453 0 1454 0 1455 0 1456 0 1457 0 1458 0 1459 0 1460 0 1461 0 1462 0 1463 0 1464 0 1465 0 1466 0 1467 0 1468 0 1469 0 1470 0 1471 0 1472 0 1473 0 1474 0 1475 0 1476 0 1477 0 1478 0 1479 0 1480 0 1481 0 1482 0 1483 0 1484 0 1485 0 1486 0 1487 0 1488 0 1489 0 1490 0 1491 0 1492 0 1493 0 1494 0 1495 0 1496 0 1497 0 1498 0 1499 0 1500 0 1501 0 1502 0 1503 0 1504 0 1505 0 1506 0 1507 0 1508 0 1509 0 1510 0 1511 0 1512 0 1513 0 1514 0 1515 0 1516 0 1517 0 1518 0 1519 0 1520 0 1521 0 1522 0 1523 0 1524 0 1525 0 1526 0 1527 0 1528 0 1529 0 1530 0 1531 0 1532 0 1533 0 1534 0 1535 0 1536 0 1537 0 1538 0 1539 0 1540 0 1541 0 1542 0 1543 0 1544 0 1545 0 1546 0 1547 0 1548 0 1549 0 1550 0 1551 0 1552 0 1553 0 1554 0 1555 0 1556 0 1557 0 1558 0 1559 0 1560 0 1561 0 1562 0 1563 0 1564 0 1565 0 1566 0 1567 0 1568 0 1569 0 1570 0 1571 0 1572 0 1573 0 1574 0 1575 0 1576 0 1577 0 1578 0 1579 0 1580 0 1581 0 1582 0 1583 0 1584 0 1585 0 1586 0 1587 0 1588 0 1589 0 1590 0 1591 0 1592 0 1593 0 1594 0 1595 0 1596 0 1597 0 1598 0 1599 0 1600 0 1601 0 1602 0 1603 0 1604 0 1605 0 1606 0 1607 0 1608 0 1609 0 1610 0 1611 0 1612 0 1613 0 1614 0 1615 0 1616 0 1617 0 1618 0 1619 0 1620 0 1621 0 1622 0 1623 0 1624 0 1625 0 1626 0 1627 0 1628 0 1629 0 1630 0 1631 0 1632 0 1633 0 1634 0 1635 0 1636 0 1637 0 1638 0 1639 0 1640 0 1641 0 1642 0 1643 0 1644 0 1645 0 1646 0 1647 0 1648 0 1649 0 1650 0 1651 0 1652 0 1653 0 1654 0 1655 0 1656 0 1657 0 1658 0 1659 0 1660 0 1661 0 1662 0 1663 0 1664 0 1665 0 1666 0 1667 0 1668 0 1669 0 1670 0 1671 0 1672 0 1673 0 1674 0 1675 0 1676 0 1677 0 1678 0 1679 0 1680 0 1681 0 1682 0 1683 0 1684 0 1685 0 1686 0 1687 0 1688 0 1689 0 1690 0 1691 0 1692 0 1693 0 1694 0 1695 0 1696 0 1697 0 1698 0 1699 0 1700 0 1701 0 1702 0 1703 0 1704 0 1705 0 1706 0 1707 0 1708 0 1709 0 1710 0 1711 0 1712 0 1713 0 1714 0 1715 0 1716 0 1717 0 1718 0 1719 0 1720 0 1721 0 1722 0 1723 0 1724 0 1725 0 1726 0 1727 0 1728 0 1729 0 1730 0 1731 0 1732 0 1733 0 1734 0 1735 0 1736 0 1737 0 1738 0 1739 0 1740 0 1741 0 1742 0 1743 0 1744 0 1745 0 1746 0 1747 0 1748 0 1749 0 1750 0 1751 0 1752 0 1753 0 1754 0 1755 0 1756 0 1757 0 1758 0 1759 0 1760 0 1761 0 1762 0 1763 0 1764 0 1765 0 1766 0 1767 0 1768 0 1769 0 1770 0 1771 0 1772 0 1773 0 1774 0 1775 0 1776 0 1777 0 1778 0 1779 0 1780 0 1781 0 1782 0 1783 0 1784 0 1785 0 1786 0 1787 0 1788 0 1789 0 1790 0 1791 0 1792 0 1793 0 1794 0 1795 0 1796 0 1797 0 1798 0 1799 0 1800 0 1801 0 1802 0 1803 0 1804 0 1805 0 1806 0 1807 0 1808 0 1809 0 1810 0 1811 0 1812 0 1813 0 1814 0 1815 0 1816 0 1817 0 1818 0 1819 0 1820 0 1821 0 1822 0 1823 0 1824 0 1825 0 1826 0 1827 0 1828 0 1829 0 1830 0 1831 0 1832 0 1833 0 1834 0 1835 0 1836 0 1837 0 1838 0 1839 0 1840 0 1841 0 1842 0 1843 0 1844 0 1845 0 1846 0 1847 0 1848 0 1849 0 1850 0 1851 0 1852 0 1853 0 1854 0 1855 0 1856 0 1857 0 1858 0 1859 0 1860 0 1861 0 1862 0 1863 0 1864 0 1865 0 1866 0 1867 0 1868 0 1869 0 1870 0 1871 0 1872 0 1873 0 1874 0 1875 0 1876 0 1877 0 1878 0 1879 0 1880 0 1881 0 1882 0 1883 0 1884 0 1885 0 1886 0 1887 0 1888 0 1889 0 1890 0 1891 0 1892 0 1893 0 1894 0 1895 0 1896 0 1897 0 1898 0 1899 0 1900 0 1901 0 1902 0 1903 0 1904 0 1905 0 1906 0 1907 0 1908 0 1909 0 1910 0 1911 0 1912 0 1913 0 1914 0 1915 0 1916 0 1917 0 1918 0 1919 0 1920 0 1921 0 1922 0 1923 0 1924 0 1925 0 1926 0 1927 0 1928 0 1929 0 1930 0 1931 0 1932 0 1933 0 1934 0 1935 0 1936 0 1937 0 1938 0 1939 0 1940 0 1941 0 1942 0 1943 0 1944 0 1945 0 1946 0 1947 0 1948 0 1949 0 1950 0 1951 0 1952 0 1953 0 1954 0 1955 0 1956 0 1957 0 1958 0 1959 0 1960 0 1961 0 1962 0 1963 0 1964 0 1965 0 1966 0 1967 0 1968 0 1969 0 1970 0 1971 0 1972 0 1973 0 1974 0 1975 0 1976 0 1977 0 1978 0 1979 0 1980 0 1981 0 1982 0 1983 0 1984 0 1985 0 1986 0 1987 0 1988 0 1989 0 1990 0 1991 0 1992 0 1993 0 1994 0 1995 0 1996 0 1997 0 1998 0 1999 0 2000 0 2001 0 2002 0 2003 0 2004 0 2005 0 2006 0 2007 0 2008 0 2009 0 2010 0 2011 0 2012 0 2013 0 2014 0 2015 0 2016 0 2017 0 2018 0 2019 0 2020 0 2021 0 2022 0 2023 0 2024 0 2025 0 2026 0 2027 0 2028 0 2029 0 2030 0 2031 0 2032 0 2033 0 2034 0 2035 0 2036 0 2037 0 2038 0 2039 0 2040 0 2041 0 2042 0 2043 0 2044 0 2045 0 2046 0 2047 0 2048 0 2049 0 2050 0 2051 0 2052 0 2053 0 2054 0 2055 0 2056 0 2057 0 2058 0 2059 0 2060 0 2061 0 2062 0 2063 0 2064 0 2065 0 2066 0 2067 0 2068 0 2069 0 2070 0 2071 0 2072 0 2073 0 2074 0 2075 0 2076 0 2077 0 2078 0 2079 0 2080 0 2081 0 2082 0 2083 0 2084 0 2085 0 2086 0 2087 0 2088 0 2089 0 2090 0 2091 0 2092 0 2093 0 2094 0 2095 0 2096 0 2097 0 2098 0 2099 0 2100 0 2101 0 2102 0 2103 0 2104 0 2105 0 2106 0 2107 0 2108 0 2109 0 2110 0 2111 0 2112 0 2113 0 2114 0 2115 0 2116 0 2117 0 2118 0 2119 0 2120 0 2121 0 2122 0 2123 0 2124 0 2125 0 2126 0 2127 0 2128 0 2129 0 2130 0 2131 0 2132 0 2133 0 2134 0 2135 0 2136 0 2137 0 2138 0 2139 0 2140 0 2141 0 2142 0 2143 0 2144 0 2145 0 2146 0 2147 0 2148 0 2149 0 2150 0 2151 0 2152 0 2153 0 2154 0 2155 0 2156 0 2157 0 2158 0 2159 0 2160 0 2161 0 2162 0 2163 0 2164 0 2165 0 2166 0 2167 0 2168 0 2169 0 2170 0 2171 0 2172 0 2173 0 2174 0 2175 0 2176 0 2177 0 2178 0 2179 0 2180 0 2181 0 2182 0 2183 0 2184 0 2185 0 2186 0 2187 0 2188 0 2189</v>
        </vertex_weights>
      </skin>
    </controller>
  </library_controllers>
  <library_animations>
    <animation id="action_container-c_stickybomb_launcher_xmas_qc_skeleton" name="c_stickybomb_launcher_xmas.qc_skeleton"/>
  </library_animations>
  <library_visual_scenes>
    <visual_scene id="c_stickybomb_launcher_xmas_qc" name="c_stickybomb_launcher_xmas.qc">
      <node id="c_stickybomb_launcher_xmas_qc_skeleton" name="c_stickybomb_launcher_xmas.qc_skeleton" type="NODE">
        <matrix sid="transform">1 0 0 0 0 1 0 0 0 0 1 0 0 0 0 1</matrix>
        <node id="c_stickybomb_launcher_xmas_qc_skeleton_weapon_bone" name="weapon_bone" sid="weapon_bone" type="JOINT">
          <matrix sid="transform">1 0 0 0 0 1 0 0 0 0 1 0 0 0 0 1</matrix>
          <node id="c_stickybomb_launcher_xmas_qc_skeleton_weapon_bone_1" name="weapon_bone_1" sid="weapon_bone_1" type="JOINT">
            <matrix sid="transform">-4.37114e-8 0 -1 1.51299 -0.5207146 0.853731 -2.98023e-8 2.825698 0.8537309 0.5207146 -4.47035e-8 2.896748 0 0 0 1</matrix>
            <extra>
              <technique profile="blender">
                <layer sid="layer" type="string">0</layer>
                <roll sid="roll" type="float">-1.570796</roll>
                <tip_x sid="tip_x" type="float">0</tip_x>
                <tip_y sid="tip_y" type="float">0.02901387</tip_y>
                <tip_z sid="tip_z" type="float">0.01769638</tip_z>
              </technique>
            </extra>
          </node>
          <node id="c_stickybomb_launcher_xmas_qc_skeleton_vm_weapon_bone" name="vm_weapon_bone" sid="vm_weapon_bone" type="JOINT">
            <matrix sid="transform">1 0 0 0 0 1 0 -0.640123 0 0 1 1.708212 0 0 0 1</matrix>
            <extra>
              <technique profile="blender">
                <layer sid="layer" type="string">0</layer>
                <tip_x sid="tip_x" type="float">0</tip_x>
                <tip_y sid="tip_y" type="float">0.03398489</tip_y>
                <tip_z sid="tip_z" type="float">0</tip_z>
              </technique>
            </extra>
          </node>
          <node id="c_stickybomb_launcher_xmas_qc_skeleton_vm_weapon_bone_1" name="vm_weapon_bone_1" sid="vm_weapon_bone_1" type="JOINT">
            <matrix sid="transform">0.9976125 0 -0.06905998 7.00721 0 1 0 -0.977507 0.06905998 0 0.9976125 9.580515 0 0 0 1</matrix>
            <extra>
              <technique profile="blender">
                <layer sid="layer" type="string">0</layer>
                <roll sid="roll" type="float">-0.06911498</roll>
                <tip_x sid="tip_x" type="float">0</tip_x>
                <tip_y sid="tip_y" type="float">0.03398489</tip_y>
                <tip_z sid="tip_z" type="float">0</tip_z>
              </technique>
            </extra>
          </node>
          <node id="c_stickybomb_launcher_xmas_qc_skeleton_c_weapon_stattrack" name="c_weapon_stattrack" sid="c_weapon_stattrack" type="JOINT">
            <matrix sid="transform">0.7701968 0.02152323 -0.6374431 4.446578 0.6371942 0.01781209 0.7704975 2.804736 0.02793779 -0.9996097 4.25801e-6 9.244678 0 0 0 1</matrix>
            <extra>
              <technique profile="blender">
                <layer sid="layer" type="string">0</layer>
                <roll sid="roll" type="float">-0.7125117</roll>
                <tip_x sid="tip_x" type="float">7.31468e-4</tip_x>
                <tip_y sid="tip_y" type="float">6.05345e-4</tip_y>
                <tip_z sid="tip_z" type="float">-0.03397178</tip_z>
              </technique>
            </extra>
          </node>
          <extra>
            <technique profile="blender">
              <layer sid="layer" type="string">0</layer>
              <tip_x sid="tip_x" type="float">0</tip_x>
              <tip_y sid="tip_y" type="float">0.03398483</tip_y>
              <tip_z sid="tip_z" type="float">0</tip_z>
            </technique>
          </extra>
        </node>
        <node id="c_stickybomb_launcher_xmas" name="c_stickybomb_launcher_xmas" type="NODE">
          <matrix sid="transform">1 0 0 0 0 1 0 0 0 0 1 0 0 0 0 1</matrix>
          <instance_controller url="#c_stickybomb_launcher_xmas_qc_skeleton_c_stickybomb_launcher_xmas-skin">
            <skeleton>#c_stickybomb_launcher_xmas_qc_skeleton_weapon_bone</skeleton>
            <bind_material>
              <technique_common>
                <instance_material symbol="xms_colored_lights_white-material" target="#xms_colored_lights_white-material">
                  <bind_vertex_input semantic="UVMap" input_semantic="TEXCOORD" input_set="0"/>
                </instance_material>
              </technique_common>
            </bind_material>
          </instance_controller>
        </node>
      </node>
    </visual_scene>
  </library_visual_scenes>
  <scene>
    <instance_visual_scene url="#c_stickybomb_launcher_xmas_qc"/>
  </scene>
</COLLADA>