<?xml version="1.0" encoding="utf-8"?>
<COLLADA xmlns="http://www.collada.org/2005/11/COLLADASchema" version="1.4.1" xmlns:xsi="http://www.w3.org/2001/XMLSchema-instance">
  <asset>
    <contributor>
      <author>Blender User</author>
      <authoring_tool>Blender 2.90.1 commit date:2020-09-23, commit time:06:43, hash:3e85bb34d0d7</authoring_tool>
    </contributor>
    <created>2024-03-01T16:48:09</created>
    <modified>2024-03-01T16:48:09</modified>
    <unit name="meter" meter="1"/>
    <up_axis>Z_UP</up_axis>
  </asset>
  <library_effects>
    <effect id="chain_heavy-effect">
      <profile_COMMON>
        <newparam sid="chain_heavy_png-surface">
          <surface type="2D">
            <init_from>chain_heavy_png</init_from>
          </surface>
        </newparam>
        <newparam sid="chain_heavy_png-sampler">
          <sampler2D>
            <source>chain_heavy_png-surface</source>
          </sampler2D>
        </newparam>
        <technique sid="common">
          <lambert>
            <emission>
              <color sid="emission">0 0 0 1</color>
            </emission>
            <diffuse>
              <texture texture="chain_heavy_png-sampler" texcoord="UVMap"/>
            </diffuse>
            <index_of_refraction>
              <float sid="ior">1.45</float>
            </index_of_refraction>
          </lambert>
        </technique>
      </profile_COMMON>
    </effect>
    <effect id="fob_engy-effect">
      <profile_COMMON>
        <newparam sid="fob_engy_png-surface">
          <surface type="2D">
            <init_from>fob_engy_png</init_from>
          </surface>
        </newparam>
        <newparam sid="fob_engy_png-sampler">
          <sampler2D>
            <source>fob_engy_png-surface</source>
          </sampler2D>
        </newparam>
        <technique sid="common">
          <lambert>
            <emission>
              <color sid="emission">0 0 0 1</color>
            </emission>
            <diffuse>
              <texture texture="fob_engy_png-sampler" texcoord="UVMap"/>
            </diffuse>
            <index_of_refraction>
              <float sid="ior">1.45</float>
            </index_of_refraction>
          </lambert>
        </technique>
      </profile_COMMON>
    </effect>
    <effect id="fob_engy_illum-effect">
      <profile_COMMON>
        <newparam sid="fob_engy_png-surface">
          <surface type="2D">
            <init_from>fob_engy_png</init_from>
          </surface>
        </newparam>
        <newparam sid="fob_engy_png-sampler">
          <sampler2D>
            <source>fob_engy_png-surface</source>
          </sampler2D>
        </newparam>
        <technique sid="common">
          <lambert>
            <emission>
              <color sid="emission">0 0 0 1</color>
            </emission>
            <diffuse>
              <texture texture="fob_engy_png-sampler" texcoord="UVMap"/>
            </diffuse>
            <index_of_refraction>
              <float sid="ior">1.45</float>
            </index_of_refraction>
          </lambert>
        </technique>
      </profile_COMMON>
    </effect>
  </library_effects>
  <library_images>
    <image id="chain_heavy_png" name="chain_heavy_png">
      <init_from>chain_heavy.png</init_from>
    </image>
    <image id="fob_engy_png" name="fob_engy_png">
      <init_from>fob_engy.png</init_from>
    </image>
  </library_images>
  <library_materials>
    <material id="chain_heavy-material" name="chain_heavy">
      <instance_effect url="#chain_heavy-effect"/>
    </material>
    <material id="fob_engy-material" name="fob_engy">
      <instance_effect url="#fob_engy-effect"/>
    </material>
    <material id="fob_engy_illum-material" name="fob_engy_illum">
      <instance_effect url="#fob_engy_illum-effect"/>
    </material>
  </library_materials>
  <library_geometries>
    <geometry id="fob_e_stickybomb-mesh" name="fob_e_stickybomb">
      <mesh>
        <source id="fob_e_stickybomb-mesh-positions">
          <float_array id="fob_e_stickybomb-mesh-positions-array" count="6375">4.952619 -13.32051 10.15197 5.075659 -13.71981 9.301819 4.714717 -13.47241 9.363018 5.313561 -13.56791 10.09076 6.657286 0.198545 9.381094 6.613782 -0.315955 9.70249 6.823564 -0.155973 9.28973 6.457314 0.04162299 9.799853 6.833528 0.411352 9.545185 6.633573 0.254488 9.963959 7.018903 0.1767539 10.11282 7.222562 0.334779 9.696265 7.716836 -0.404058 10.18925 7.985054 -0.22811 9.817608 7.866314 -0.763584 10.08702 8.176124 -0.578212 9.754573 7.74235 -0.93634 9.842343 8.06547 -0.748429 9.524636 7.680065 -0.656146 9.309026 7.386045 -0.838167 9.657149 7.917794 -1.222677 9.788683 8.266489 -1.02931 9.502925 8.455818 -0.731314 9.934244 8.125658 -0.920959 10.24209 7.920479 -0.250573 10.40478 8.178313 -0.07811599 10.0267 7.340941 0.591272 9.856353 6.660495 0.703304 9.570078 6.342842 0.320452 9.274503 6.579789 -0.335967 9.116683 7.588187 -0.888359 9.088258 6.459805 0.547587 9.988933 7.141538 0.435404 10.27576 7.289116 -1.072399 9.431323 6.373349 -0.495384 9.531349 6.14158 0.163987 9.692808 0.570005 -10.90671 10.082 0.1461859 -11.37152 10.60114 0.146721 -11.40068 10.10624 0.568628 -10.87903 10.57104 0.455196 -10.19453 10.04255 0.45395 -10.16827 10.53167 -0.268774 -9.446652 10.49169 -0.268209 -9.472499 10.00255 -0.992163 -9.332161 10.48536 -0.993446 -9.357872 9.996205 -0.604666 -11.29398 10.10183 -0.604632 -11.26819 10.60612 -1.278523 -10.45409 10.5475 -0.391355 -10.88978 10.58188 -0.997496 -10.26676 10.53712 -1.085397 -9.872356 10.51527 -1.405649 -9.743311 10.50813 -0.85581 -9.643671 10.5026 -0.456634 -9.727011 10.50722 0.173165 -10.35559 10.54205 0.256628 -10.75 10.5639 0.02318596 -11.0067 10.57913 -1.407655 -9.769845 10.01903 -1.280007 -10.48202 10.05848 -0.391455 -10.91752 10.08448 0.02324599 -11.03406 10.08793 0.25677 -10.77716 10.07483 0.173292 -10.3826 10.05297 -0.456575 -9.753976 10.01814 -0.856415 -9.670627 10.01353 -1.085922 -9.899383 10.02621 -0.997808 -10.29394 10.04805 0.939846 -13.24547 10.22053 1.374221 -12.88364 10.80601 0.939846 -13.17435 10.84003 1.374222 -12.95462 10.18777 0.595021 -12.72838 9.71093 1.027373 -12.39241 9.678715 0.02542996 -11.59764 9.606232 0.451432 -11.2367 9.575608 -0.285442 -10.93867 9.973764 0.135316 -10.60834 9.939415 1.188489 -12.59689 10.63355 0.988999 -12.16306 10.81424 1.027375 -12.22064 11.17475 0.451433 -11.07152 11.01431 0.492993 -11.11215 10.67759 0.308646 -10.81438 10.41917 0.135315 -10.54191 10.51796 0.308642 -10.85133 10.09738 0.492997 -11.19994 9.912999 0.988999 -12.2546 10.01694 1.188487 -12.63624 10.29087 0.02543395 -11.43004 11.06596 0.559596 -12.47798 10.85211 0.59472 -12.56061 11.22049 0.074395 -11.44539 10.71937 -0.109726 -11.14765 10.45894 -0.285443 -10.87145 10.55911 -0.109727 -11.18497 10.13393 0.07439696 -11.534 9.947579 0.559596 -12.56992 10.05133 0.754458 -12.93607 10.32496 0.754456 -12.89665 10.66825 -2.154716 -9.289991 10.95375 -2.408959 -8.582739 10.49016 -2.676307 -8.988593 10.51323 -1.886531 -8.883592 10.92976 -1.265126 -9.857285 10.98518 -1.32249 -9.83899 10.65113 -1.034266 -10.03892 10.44149 -0.771369 -10.20551 10.58065 -0.771369 -10.23778 9.99803 -1.034491 -10.05684 10.11796 -1.265835 -9.936382 9.557516 -1.323096 -9.881295 9.8875 -2.156616 -9.369091 9.526072 -2.09972 -9.38738 9.860138 -2.399104 -9.187444 10.06979 -2.677331 -9.020869 9.930615 -2.398492 -9.169522 10.3933 -2.09859 -9.345073 10.62377 -2.410314 -8.614949 9.908715 -1.888806 -8.962522 9.505037 -0.99561 -9.529496 9.536435 -0.500632 -9.83034 9.976022 -0.763087 -9.632201 10.41889 -1.052062 -9.432338 10.62843 -0.994598 -9.450562 10.96117 -1.830568 -8.938457 10.60109 -2.131336 -8.762963 10.37073 -2.132299 -8.780881 10.04732 -1.832026 -8.980743 9.837771 -1.052837 -9.474626 9.865115 -0.76342 -9.650121 10.09548 -0.500393 -9.798124 10.5575 -4.873484 -0.842954 10.04312 -5.144822 -1.105211 9.531723 -5.187512 -1.097747 10.01961 -4.830672 -0.850337 9.555251 -4.601332 0.004676997 10.05424 -4.55849 -0.002649962 9.566346 -4.706773 0.394108 10.03918 -4.663996 0.386919 9.551292 -4.971202 0.485931 9.522933 -5.013879 0.493086 10.01083 -5.283623 0.231057 9.499406 -5.326169 0.238291 9.987321 -5.555804 -0.61663 9.488304 -5.59833 -0.609341 9.976214 -5.450834 -1.006198 9.503368 -5.493415 -0.99877 9.991269 -4.580364 -1.006887 10.07129 -5.166698 -1.434273 10.02704 -5.12377 -1.443074 9.539164 -4.536314 -1.014924 9.583514 -4.267156 -0.03380995 10.08405 -4.222985 -0.04129099 9.596286 -4.488884 0.651657 10.0544 -4.445222 0.645481 9.566542 -4.998474 0.823794 9.515484 -5.041026 0.829609 10.00342 -5.578687 0.395642 9.471135 -5.891303 -0.57799 9.458374 -5.67197 -1.264762 9.488096 -5.620064 0.402224 9.959157 -5.932502 -0.570853 9.946407 -5.713753 -1.256311 9.976059 1.334935 -14.62815 10.11603 0.711981 -14.65003 10.63901 0.711366 -14.62815 10.11603 1.334332 -14.65003 10.639 1.787155 -14.00305 10.14394 1.785583 -14.02609 10.66687 1.787159 -12.91127 10.1927 1.785583 -12.93493 10.7156 1.33431 -12.31099 10.74347 1.334933 -12.28616 10.22061 0.260725 -12.93493 10.7156 0.614672 -13.95575 10.67001 0.61467 -13.00527 10.71246 0.260725 -14.02609 10.66686 0.850084 -14.31695 10.65389 1.196221 -14.31695 10.65389 1.431642 -13.95575 10.67002 1.431634 -13.00527 10.71246 1.196221 -12.64407 10.72858 0.850084 -12.64407 10.72858 0.711991 -12.31099 10.74347 0.259149 -12.91127 10.1927 0.614505 -13.93243 10.1471 0.259153 -14.00304 10.14395 0.614505 -12.98188 10.18954 0.850028 -12.62056 10.20568 0.711366 -12.28616 10.22062 1.196277 -12.62056 10.20568 1.431801 -12.98188 10.18955 1.431801 -13.93243 10.14709 1.19628 -14.29375 10.13097 0.85002 -14.29375 10.13096 1.380449 -14.1101 10.3766 0.989519 -14.44564 9.935273 1.46885 -14.46312 10.14486 0.901084 -14.0925 10.16712 0.762187 -14.10445 10.48406 1.241595 -14.12204 10.69345 0.661659 -14.47384 10.68339 1.141124 -14.49131 10.89267 0.689756 -15.48733 10.70977 1.196055 -15.50382 10.84159 0.745204 -15.98932 10.45474 1.251481 -16.00568 10.58666 0.833031 -15.96853 10.12045 1.339273 -15.98491 10.25249 1.40327 -15.45478 10.05287 0.897052 -15.43828 9.920732 1.491962 -15.50377 9.706509 1.369189 -16.30926 10.09713 0.86306 -16.29417 9.964478 0.986098 -15.48747 9.572999 1.133246 -14.36277 9.613171 1.612008 -14.38059 9.824028 1.441423 -13.77231 10.26519 0.962294 -13.75337 10.05525 1.191779 -13.79378 10.83484 0.712148 -13.77488 10.62604 1.000312 -14.43319 11.21983 1.105198 -15.5953 11.17866 1.211338 -16.34661 10.69795 0.520291 -14.4155 11.01185 0.598534 -15.57919 11.04818 0.704898 -16.3316 10.56649 3.007757 -12.66258 9.855324 3.227351 -12.50872 10.42815 3.035591 -12.63116 9.79221 3.173364 -12.55764 10.40775 2.651191 -13.47667 10.94298 2.618335 -13.48224 10.87199 1.994177 -14.44974 11.10192 1.986727 -14.4994 11.1585 1.83306 -14.54748 10.54685 1.802035 -14.6105 10.5184 2.378564 -13.6458 10.01887 2.388733 -13.62468 10.09372 1.744104 -13.80937 10.75253 0.437465 -13.07144 11.3232 1.708239 -13.94991 11.10908 0.01245695 -12.39958 11.00528 0.284746 -12.42895 11.25067 0.726659 -11.71987 10.99052 0.247489 -13.29327 11.09951 1.518407 -14.17151 10.88531 1.539603 -14.05451 10.53748 0.268832 -13.17606 10.7516 0.473732 -12.93027 10.96641 0.414544 -12.57433 10.91874 0.809566 -11.94048 10.68619 1.144184 -11.85446 10.57173 0.558027 -11.82448 10.41891 1.180449 -11.71329 10.21493 0.495532 -11.62444 10.7209 1.349082 -11.60868 10.78654 0.116114 -12.53357 10.67906 1.370384 -11.49149 10.43849 2.626348 -12.47671 10.5686 2.647505 -12.35975 10.22062 2.457716 -12.58132 9.996983 2.42186 -12.72186 10.35354 2.212343 -13.18536 10.99152 3.127482 -12.44026 10.44509 2.790049 -12.21724 10.48515 2.55132 -13.40822 10.95991 1.886855 -14.43095 11.17543 1.551039 -14.20535 11.21453 2.278693 -13.57735 10.03581 2.935721 -12.56271 9.809147 2.930571 -12.60968 9.868405 2.311547 -13.57177 10.1068 1.755874 -14.49458 10.55994 1.702164 -14.54205 10.53533 1.916991 -14.39683 11.115 2.541151 -13.42934 10.88507 3.096177 -12.50473 10.42083 1.376381 -14.31022 10.60846 2.60833 -12.33345 9.883229 3.442991 -15.49757 10.91156 3.258299 -15.60867 10.27146 4.491858 -13.62932 9.545277 4.683618 -13.50688 10.18121 3.184347 -15.92801 10.26393 3.413479 -15.79018 11.05804 4.237824 -14.52136 10.79068 4.107456 -14.47484 10.69605 1.954254 -13.34547 10.1167 3.899599 -14.73119 9.644215 3.834829 -14.64396 9.771931 3.774421 -16.03758 10.99683 3.545289 -16.17541 10.20272 4.598768 -14.76876 10.72947 -3.557546 3.348634 9.669297 -3.604259 2.929768 10.0248 -3.445266 3.218038 9.943751 -3.806465 3.164954 9.530547 -3.076344 3.200316 10.43716 -3.14851 3.384177 10.1616 -2.384047 4.222127 10.53938 -2.542352 4.306332 10.25163 -2.398345 4.650133 10.09611 -2.149423 4.833807 10.23486 -2.510625 4.780726 9.821668 -2.351623 5.06899 9.7406 -2.879549 4.798449 9.328252 -2.807384 4.614591 9.603828 -3.571835 3.776626 9.226031 -3.413539 3.692434 9.513786 -1.81978 4.578466 9.977805 -2.054012 3.967975 10.28168 -2.745936 2.946607 10.17953 -3.272825 2.676517 9.768037 -3.474634 2.911246 9.274744 -2.548493 4.543107 9.07305 -2.021585 4.813189 9.484542 -3.240405 3.521732 8.970882 -2.476617 4.35998 9.347533 -2.179969 4.526069 9.565277 -2.067728 4.395523 9.839636 -2.21169 4.051844 9.995071 -2.81781 3.129736 9.90505 -3.114454 2.963643 9.687293 -3.226696 3.094192 9.412933 -3.082731 3.437866 9.257498 -2.59514 4.485253 9.671935 -2.956982 4.492758 10.0879 -2.660054 4.602839 9.966814 -2.840081 4.281002 9.556882 -2.535292 4.940114 10.46735 -2.411461 4.85263 10.1641 -1.635477 5.55402 10.41722 -1.626068 5.400157 10.11525 -1.289165 5.489987 9.911401 -1.044228 5.694236 10.02645 -1.224254 5.372408 9.616549 -0.927327 5.482487 9.495434 -1.34902 5.035131 9.115995 -1.472851 5.122616 9.419252 -2.248836 4.421228 9.166129 -2.258241 4.575092 9.468103 -1.124195 4.650908 9.320322 -0.703263 5.097388 9.698964 -0.81993 5.308713 10.22892 -2.613627 3.897295 9.760379 -2.023507 4.0373 9.370452 -1.247534 4.738043 9.622368 -0.999022 4.987747 9.819579 -1.063911 5.105296 10.11435 -1.410062 5.168721 10.61886 -1.40069 5.015472 10.31809 -2.186032 4.467978 10.36694 -2.309371 4.555115 10.66899 -2.434547 4.218277 10.16973 -2.7303 4.10864 10.29037 -2.369652 4.100737 9.874973 -2.032874 4.19055 9.671224 -4.274817 2.145548 10.19118 -4.169474 1.609959 10.1133 -4.049619 1.927094 10.11024 -4.575029 2.003367 10.25906 -3.482742 1.753966 9.941276 -3.669501 2.026653 10.01686 -2.797011 2.503774 9.825457 -3.072476 2.679474 9.916018 -2.998715 3.076214 9.932744 -2.698508 3.218393 9.86486 -3.223908 3.29466 10.01368 -3.104062 3.6118 10.01062 -3.790789 3.467792 10.18265 -3.604023 3.195102 10.10707 -4.476517 2.717977 10.29846 -4.201051 2.542283 10.20791 -2.826955 3.261265 9.394111 -2.925344 2.548045 9.354822 -3.610677 1.79866 9.470584 -4.296046 1.654845 9.642256 -4.700809 2.047486 9.787732 -3.917072 3.510073 9.71128 -3.231695 3.653886 9.539588 -4.602409 2.760691 9.827028 -3.731049 3.238464 9.636006 -3.35108 3.338008 9.542654 -3.12596 3.119633 9.461747 -3.199719 2.723047 9.445024 -3.796695 2.070267 9.54586 -4.176672 1.970729 9.639203 -4.401793 2.189106 9.72011 -4.328034 2.58569 9.736829 4.26054 -14.97859 9.583012 -1.259967 5.608154 9.774782 -1.509608 5.245722 10.10695 -1.21712 5.361503 9.98049 -1.586771 5.6899 9.736495 -0.874817 4.955413 10.29321 -0.853403 5.212134 10.07278 0.196745 5.232624 9.969053 0.306104 4.98309 10.17086 0.502176 5.418787 9.781497 0.828982 5.337045 9.819793 0.459332 5.665425 9.575793 0.751821 5.781225 9.449335 0.1170279 6.071528 9.263085 0.09561496 5.814808 9.48351 -0.954535 5.794311 9.58723 -1.063891 6.043842 9.385426 0.081357 5.753859 8.891948 0.714956 5.464174 9.077788 0.791961 5.020876 9.447496 -1.620904 5.373007 9.364555 -1.098988 5.726203 9.014207 -0.990062 5.477668 9.215221 0.06002599 5.498157 9.111501 0.423616 5.348851 9.203737 0.466452 5.102296 9.409381 0.270041 4.667664 9.797854 0.161118 4.916216 9.596853 -0.910302 4.640017 9.920119 -0.888971 4.895714 9.70057 -1.252564 5.045025 9.608326 -1.543898 4.929693 9.734289 -1.295393 5.291591 9.402691 6.783482 -0.269024 9.953695 6.942852 -0.189262 9.387691 7.296847 0.09025496 9.548657 7.152051 0.01146495 10.11331 6.665563 0.419316 10.51029 6.296329 0.133705 10.38086 5.912254 1.433618 10.42873 5.53837 1.147244 10.29857 5.655458 1.958476 10.00185 5.280571 1.67103 9.872377 6.686141 0.03531497 9.540196 6.509665 0.332878 9.322576 6.628405 0.324599 9.005783 5.831932 1.241062 9.244628 5.866315 1.337896 8.922903 5.572319 1.481975 9.445447 5.413948 1.748811 9.310877 5.49814 1.438716 9.757753 5.656101 1.138906 9.981636 6.332311 0.230636 10.05938 6.609881 -0.008316993 9.854433 5.947484 1.768479 9.574257 6.205624 1.527399 9.373093 6.240358 1.624633 9.050133 5.789102 2.036417 9.43922 5.873279 1.725205 9.886664 6.030038 1.425222 10.11046 6.701721 0.516635 10.18754 6.977643 0.276587 9.988986 7.051395 0.319838 9.676498 6.997195 0.610542 9.132215 6.878221 0.618862 9.450301 3.70333 3.629001 10.00988 4.421479 3.105286 10.06247 4.133966 2.709182 10.04352 3.415864 3.23286 9.990926 3.158475 3.431054 9.751197 3.445853 3.827252 9.770023 3.181262 3.429841 9.428094 3.468642 3.826043 9.446828 3.757129 3.62615 9.246977 3.469645 3.230012 9.22833 4.187743 2.706336 9.280925 4.475277 3.102438 9.29957 4.445132 2.508151 9.520662 4.732755 2.904186 9.539404 4.422352 2.509356 9.843756 4.709959 2.905392 9.862627 3.184088 4.011978 9.880946 2.938703 3.612868 9.280756 2.897738 3.615034 9.861656 3.225133 4.009805 9.29889 3.727174 3.663818 8.911364 3.439805 3.267531 8.894055 4.264179 2.666347 8.954436 4.552018 3.06229 8.971775 4.705867 2.324154 9.41018 4.994523 2.719459 9.428479 3.626593 3.66915 10.33767 4.451437 3.067619 10.39808 4.953476 2.721635 10.01055 4.6649 2.326326 9.991117 4.163807 2.671666 10.37779 3.339434 3.272848 10.31741 -4.990177 0.677604 9.232805 -4.744233 -0.047683 9.650156 -5.189751 0.152499 9.687079 -4.545018 0.476441 9.196846 -4.077781 1.617246 9.08365 -4.5227 1.818942 9.119573 -3.800199 2.158313 9.47107 -4.244595 2.36102 9.507818 -4.190453 2.372719 10.0887 -3.746163 2.169992 10.05078 -4.861378 0.759887 10.32146 -4.857508 0.706276 10.6562 -4.390031 1.847619 10.54298 -4.447863 1.780671 10.21567 -4.330255 2.084675 9.977194 -4.360316 2.078176 9.654656 -4.51883 1.765332 9.454319 -4.932343 0.744546 9.560107 -5.049946 0.440544 9.798579 -5.019879 0.447042 10.12113 -5.135609 0.1642 10.26796 -3.945387 1.645863 10.50411 -4.412623 0.505058 10.61731 -4.6902 -0.03600895 10.2299 -4.487411 0.543123 9.522853 -4.60498 0.239223 9.761221 -4.073922 1.563854 9.417081 -3.915478 1.876589 9.617303 -3.88543 1.883087 9.939736 -4.002987 1.579181 10.17811 -4.416478 0.558455 10.28389 -4.574929 0.245716 10.08365 5.831036 1.153328 10.01405 6.277597 1.548649 9.54551 6.247804 1.555952 10.03437 5.862037 1.146764 9.525226 5.147347 1.28028 9.478323 5.115378 1.286962 9.967055 4.444547 2.021073 9.42187 4.412302 2.02816 9.910579 4.348874 2.735526 9.404261 4.316526 2.744018 9.892956 5.447585 3.013163 9.960296 5.863807 2.090896 10.00156 6.150003 2.272031 10.01676 5.252248 2.736154 9.952389 4.860209 2.829604 9.92603 4.739015 3.145987 9.913233 4.625612 2.606402 9.914765 4.698501 2.209301 9.925796 5.310058 1.564042 9.974971 5.703272 1.470458 10.00132 5.9367 1.6938 10.01259 4.770518 3.136694 9.424511 5.477693 3.004043 9.471485 6.179713 2.26334 9.527928 5.734435 1.462682 9.512533 5.341121 1.556278 9.486205 4.729611 2.201496 9.437026 4.656725 2.598443 9.426008 4.891247 2.82157 9.437262 5.283133 2.728133 9.463612 5.894649 2.082919 9.512777 5.967743 1.685951 9.523797 1.753752 5.307307 10.14663 2.155991 4.561509 9.939977 2.312611 5.004903 9.802886 1.598173 4.863314 10.28297 -0.02758699 5.694257 9.618815 -0.02268099 5.51964 9.062068 -0.176695 5.075754 9.200546 -0.181593 5.250024 9.756186 0.524152 5.645134 10.08261 0.369128 5.20096 10.219 0.589678 5.525762 9.772109 1.69382 5.227653 9.822579 2.016644 5.060103 9.646986 2.01937 4.963141 9.337829 2.317519 4.830287 9.246136 1.765778 4.879421 8.782359 1.700253 4.998781 9.092849 0.53618 5.217238 8.718323 0.59611 5.296892 9.042378 0.273282 5.464437 9.217977 0.270559 5.561398 9.527122 0.115383 5.11771 9.664865 0.434393 5.082064 9.909742 1.538478 4.783978 9.96021 1.861194 4.616493 9.78469 1.863918 4.519559 9.475636 2.160886 4.387232 9.384311 1.610174 4.436307 8.921504 1.544908 4.555201 9.230772 0.381128 4.773953 8.857538 0.440823 4.853291 9.180311 0.118106 5.020776 9.355815 3.560265 3.350311 9.860013 3.911498 3.8276 9.381916 3.885516 3.834647 9.870998 3.586888 3.344208 9.370948 2.839359 3.325505 9.819916 2.867388 3.319548 9.33093 1.679286 4.087347 9.281478 1.650771 4.093625 9.770434 1.430536 4.763699 9.257361 1.401617 4.771323 9.746281 3.636354 4.512337 9.846838 3.662744 4.503934 9.357796 2.47464 5.271735 9.308355 3.423553 4.265747 9.347956 2.344598 4.960087 9.305735 1.941549 4.965863 9.283019 1.755133 5.247065 9.268336 1.761004 4.697014 9.276928 1.918476 4.325538 9.291338 2.997428 3.63119 9.333548 3.400483 3.625422 9.356263 3.581024 3.894274 9.362366 1.726865 5.25566 9.757268 2.44777 5.280461 9.797364 3.396216 4.273202 9.836948 3.553728 3.901582 9.851366 3.373121 3.632635 9.845261 2.969919 3.638391 9.82255 1.890914 4.332764 9.780322 1.733407 4.704389 9.765905 1.914006 4.973326 9.772004 2.317209 4.967574 9.794734 3.816268 -9.110476 9.959563 4.116828 -9.60552 9.977392 4.128468 -9.581147 10.46645 3.827091 -9.085133 10.4486 4.129819 -8.445213 9.917497 4.140832 -8.418526 10.40644 5.071136 -7.909519 9.866541 5.082729 -7.882519 10.35547 5.821649 -7.962154 9.85033 5.835168 -7.935353 10.33922 4.167979 -9.056811 9.947973 4.364671 -8.692223 9.924348 5.184988 -8.225592 9.879976 5.60654 -8.235525 9.869848 5.76901 -8.510853 9.879765 6.112912 -8.457179 9.868149 5.790646 -9.122455 9.910218 5.570219 -8.875439 9.903374 4.860111 -9.658148 9.961186 4.755054 -9.342071 9.947758 4.334209 -9.332143 9.957882 6.127575 -8.431359 10.35709 5.804761 -9.097965 10.39923 4.87335 -9.63396 10.45022 1.851982 -10.74736 10.56358 2.343614 -11.12763 10.09284 2.343369 -11.10212 10.58434 1.853218 -10.77363 10.07445 1.825433 -10.02651 10.52364 1.826818 -10.05418 10.03461 2.394658 -9.205646 9.987598 2.393595 -9.177493 10.47661 3.085346 -8.926128 10.46268 3.085884 -8.95469 9.973686 2.133886 -10.5593 10.55315 2.138668 -10.15606 10.53082 2.633832 -9.41687 10.48986 3.012037 -9.258146 10.48107 3.285206 -9.43788 10.49102 3.580862 -9.249814 10.48061 3.59027 -9.970667 10.52054 3.273559 -9.841119 10.51336 3.014315 -10.81968 10.56758 2.774575 -10.58031 10.55432 2.403299 -10.73904 10.56311 3.580431 -9.277731 9.991578 3.589264 -9.997185 10.03145 3.013254 -10.84572 10.07846 3.273762 -9.868151 10.0243 3.285704 -9.465066 10.00197 3.012756 -9.285388 9.992012 2.634107 -9.444077 10.00079 2.138809 -10.18321 10.04176 2.134013 -10.5863 10.06408 2.403329 -10.76598 10.07403 2.774463 -10.60729 10.06525 4.346627 -9.306683 10.44687 4.180147 -9.031254 10.43695 4.376788 -8.666524 10.41333 5.197255 -8.199857 10.36894 5.619257 -8.209815 10.35881 5.782059 -8.485237 10.36872 5.583224 -8.849966 10.39236 4.767754 -9.316635 10.43674 2.753301 -9.914635 10.56621 2.56788 -9.486157 9.964733 2.737935 -9.945117 9.983687 2.583214 -9.455734 10.54611 3.151622 -9.230167 10.94256 3.319083 -9.688634 10.96351 4.159032 -8.87426 10.8987 4.319797 -9.33253 10.91962 4.893795 -9.150743 10.47204 4.736553 -8.692799 10.45204 4.280916 -9.407225 9.492206 3.354438 -9.722929 9.865233 3.281197 -9.763333 9.536107 4.226634 -9.412886 9.827 4.569599 -9.283514 10.0325 4.878497 -9.181225 9.889525 4.577493 -9.266589 10.35595 4.246773 -9.372933 10.59049 3.374497 -9.682976 10.62871 3.044887 -9.812338 10.42323 3.036506 -9.829269 10.09976 4.721548 -8.72322 9.870697 4.120449 -8.948801 9.474217 3.113811 -9.304703 9.518095 2.87563 -9.353847 10.4037 3.207413 -9.224524 10.6091 4.086356 -8.914497 10.57088 4.419266 -8.808201 10.33643 4.411667 -8.825116 10.01309 4.066226 -8.95444 9.807693 3.187456 -9.26446 9.845912 2.867367 -9.370763 10.08035 6.776875 -7.457411 9.331614 6.146666 -8.161598 9.721951 6.082613 -8.227854 9.394085 6.75105 -7.490818 9.667548 6.983149 -7.224946 9.866871 7.183108 -6.995384 9.715964 7.202744 -6.966511 10.29897 6.994546 -7.208941 10.19026 6.830687 -7.386775 10.75879 6.779229 -7.453032 10.43091 6.175428 -8.123813 10.48532 6.137502 -8.157219 10.82125 5.928554 -8.389675 10.28601 5.709681 -8.619242 10.43465 5.91719 -8.405685 9.962599 5.688193 -8.648071 9.852232 6.824201 -6.646013 10.27618 6.462131 -7.065874 10.75487 5.769783 -7.835874 10.81731 5.342532 -8.297035 10.43154 5.321404 -8.325802 9.85026 5.549676 -8.084374 9.960196 5.779211 -7.840366 9.719654 5.715348 -7.906364 9.393084 6.407343 -7.136362 9.330652 6.382589 -7.169632 9.665267 6.61289 -6.903848 9.862407 6.816574 -6.675126 9.690998 6.623625 -6.887842 10.18627 6.411117 -7.131865 10.42831 5.80759 -7.802601 10.48271 5.56068 -8.068376 10.28348 7.336734 -3.638639 10.05489 8.066022 -3.738243 9.862895 7.678525 -3.654833 9.577301 7.715978 -3.721643 10.33429 7.689578 -5.994035 9.689019 7.245118 -5.91075 9.506703 7.587758 -5.343968 9.114434 8.010863 -5.427998 9.354913 7.823528 -4.33847 9.184004 8.219527 -4.423107 9.468986 7.550329 -5.675087 10.11007 7.308679 -5.392962 10.59968 7.479142 -5.98216 10.23195 7.462356 -5.335124 10.30386 7.562572 -4.457119 10.35239 7.401684 -4.383461 10.63548 7.747173 -4.033762 10.20525 7.940499 -4.043013 9.94488 8.019543 -4.479027 9.739426 7.86312 -5.354778 9.652442 7.695644 -5.682582 9.821016 7.5551 -3.958288 9.654828 7.629822 -4.394147 9.450469 7.457989 -5.270818 9.397777 7.268179 -5.599251 9.595659 7.11936 -5.591909 9.889832 7.031645 -5.899172 10.05812 6.904925 -5.310359 10.38727 7.060178 -5.251855 10.06684 7.014306 -4.29992 10.37361 7.18102 -4.372694 10.07221 7.361634 -3.949224 9.920432 7.327541 -5.227301 10.05355 7.981724 -5.490982 9.768741 7.494386 -5.250939 9.586708 7.838657 -5.468455 10.23905 8.057428 -6.177927 10.26316 8.099471 -6.196275 9.774674 7.69817 -7.110524 10.27557 7.41882 -6.913281 10.28402 7.083872 -7.130919 10.31726 7.073877 -7.469594 10.32947 6.788964 -6.997539 10.33236 6.542789 -7.229393 10.35666 6.389959 -6.521605 10.32148 6.716206 -6.59813 10.29834 7.01676 -5.78453 10.10026 6.743443 -5.586906 10.03143 7.329882 -5.566567 10.10376 7.619465 -5.700492 10.18714 7.717851 -6.100639 10.22883 7.041379 -7.484754 9.84097 6.511327 -7.245023 9.868112 6.366346 -6.538755 9.826127 6.838495 -5.607717 9.528685 7.664698 -7.12632 9.787222 7.773849 -6.119652 9.74305 7.732636 -5.721259 9.712583 7.456634 -5.587714 9.626106 7.101431 -5.804348 9.602556 6.695508 -6.615088 9.803145 6.756535 -7.014088 9.843896 7.051335 -7.147423 9.828798 7.390732 -6.929968 9.795298 7.64957 -0.830158 10.34862 7.484667 -0.325147 9.724466 7.270555 -0.862754 10.0537 7.89941 -0.296786 9.988086 8.198902 -0.346433 9.488679 7.784746 -0.375748 9.23606 7.569316 -2.166209 10.43387 7.243784 -2.20665 10.09855 7.858401 -0.934392 10.09708 7.990692 -0.622976 9.895133 8.181124 -0.657125 9.634536 8.549383 -0.997792 9.248989 8.361606 -1.030153 9.525633 8.380778 -2.264612 9.700644 8.60653 -2.374385 9.468016 8.199587 -2.565718 9.901766 8.276696 -2.892987 9.854203 7.847553 -2.8068 10.2489 7.961209 -2.517326 10.11447 7.815398 -2.149877 10.2037 7.517941 -2.843704 9.894225 8.154945 -1.026055 8.943381 8.275591 -2.412793 9.123567 8.043833 -2.300755 9.340353 7.866423 -2.602544 9.54038 7.9467 -2.930154 9.504506 7.630918 -2.554753 9.752727 7.487399 -2.188604 9.851257 7.490843 -0.966355 9.766901 7.604291 -0.65328 9.594188 7.796566 -0.688441 9.34132 7.986591 -1.061318 9.205957 -2.062748 -8.972709 9.965686 -2.028892 -9.523339 9.991736 -2.23698 -9.243465 9.970268 -1.713844 -9.035741 9.983483 -2.003414 -8.361629 9.94079 -2.245228 -8.603293 9.941346 -2.913711 -7.801853 9.876677 -3.038137 -8.115931 9.885533 -3.45423 -8.114842 9.867431 -3.656779 -7.834969 9.845962 -3.62582 -8.38559 9.87202 -3.965887 -8.322564 9.854216 -3.674709 -8.996677 9.896904 -3.443956 -8.755011 9.896349 -2.770638 -9.556442 9.961018 -2.65493 -9.242371 9.952169 -3.695523 -8.972957 10.38571 -3.986096 -8.300184 10.34311 -2.79194 -9.532408 10.44978 -2.0516 -9.499453 10.48045 -1.736904 -9.01281 10.47221 -3.465712 -8.732254 10.38515 -3.647535 -8.36298 10.36082 -3.677814 -7.813566 10.33487 -3.476006 -8.092319 10.35625 -2.935706 -7.780602 10.36552 -3.059695 -8.093432 10.37435 -2.266847 -8.580751 10.43015 -2.02586 -8.340052 10.42959 -2.084446 -8.95003 10.45449 -2.258705 -9.22069 10.45907 -2.676554 -9.219581 10.44096 -5.399547 -6.131768 9.69477 -5.344628 -5.731746 9.685371 -5.377883 -5.715796 10.17379 -5.432761 -6.115671 10.18319 -5.054024 -6.919719 10.23551 -5.020784 -6.935875 9.747076 -4.711298 -7.130948 10.26586 -4.677927 -7.147161 9.777455 -4.385517 -7.008424 9.792868 -4.418995 -6.992257 10.28127 -4.330598 -6.608403 9.78346 -4.364111 -6.592381 10.27188 -4.742852 -5.788336 10.21956 -4.709361 -5.804297 9.731155 -5.08558 -5.577107 10.18921 -5.052229 -5.593012 9.700787 -5.351713 -2.939898 9.58111 -5.018845 -2.863726 9.593165 -5.047672 -3.884875 9.640831 -5.559983 -2.608664 9.555305 -5.423958 -2.291949 9.546605 -6.000168 -2.309719 9.520037 -5.879029 -2.618533 9.540546 -6.425126 -2.907272 9.528074 -6.102767 -2.963188 9.546294 -6.124829 -3.852245 9.587799 -6.450987 -3.928417 9.575736 -5.915583 -4.183479 9.613611 -6.047965 -4.500199 9.622296 -5.474247 -4.482428 9.648859 -5.599022 -4.173611 9.628362 -5.376556 -3.828956 9.622614 -5.447231 -2.271178 10.03542 -5.042851 -2.841896 10.08189 -5.071655 -3.862461 10.12953 -5.497698 -4.458897 10.13755 -6.070243 -4.476628 10.11104 -5.622043 -4.151302 10.11713 -5.399411 -3.806762 10.11139 -5.374483 -2.917768 10.06988 -5.582713 -2.586642 10.04408 -6.022408 -2.28891 10.00892 -5.901737 -2.596509 10.02933 -6.446455 -2.88535 10.01693 -6.125451 -2.941047 10.03507 -6.147431 -3.830041 10.07658 -6.472491 -3.905913 10.06457 -5.938262 -4.161167 10.10237 -3.412643 -8.066644 10.28298 -3.625983 -7.779688 10.48343 -3.590341 -7.815944 10.81788 -4.19453 -6.983964 10.7591 -4.152544 -7.05496 10.43224 -4.342427 -6.791109 10.19287 -4.526412 -6.530364 10.30392 -4.511276 -6.5609 9.722559 -4.334179 -6.808096 9.869516 -4.158181 -7.058794 9.334612 -4.133065 -7.095051 9.669044 -3.606736 -7.819777 9.720239 -3.554146 -7.890775 9.393389 -3.404717 -8.08363 9.959625 -3.206786 -8.344373 9.848545 -3.221269 -8.313831 10.42993 -3.602692 -8.628882 9.852758 -3.95037 -8.174441 9.396627 -4.558395 -7.341988 9.33781 -4.91197 -6.843166 9.726595 -4.926743 -6.812565 10.30912 -4.593862 -7.267005 10.76524 -4.022796 -8.063058 10.48828 -3.987095 -8.099457 10.82405 -4.551673 -7.338284 10.43707 -4.742799 -7.074339 10.19758 -4.734417 -7.091329 9.87414 -4.532592 -7.378386 9.673582 -4.003076 -8.103165 9.724781 -3.801188 -8.367104 9.964266 -3.617557 -8.59828 10.43528 -3.809526 -8.350112 10.28774 -4.135181 -7.235748 9.817442 -4.695204 -7.46804 10.27804 -4.66177 -7.485596 9.78968 -4.169641 -7.218684 10.30575 -4.002372 -6.525757 9.803167 -4.037189 -6.510065 10.29149 -4.471975 -5.587019 10.23144 -4.437407 -5.602179 9.743087 -5.101686 -5.240016 10.17703 -5.068384 -5.254578 9.688558 -5.292735 -7.137989 9.735144 -5.594971 -5.504423 9.660796 -5.727775 -6.214415 9.675072 -5.627222 -5.489363 10.14933 -5.759685 -6.197989 10.16357 -5.324898 -7.121036 10.22362 -5.447426 -5.454495 9.213238 -4.856898 -5.883062 9.686033 -5.331494 -6.003187 9.667614 -4.972705 -5.335389 9.232625 -5.283076 -4.344839 9.176556 -5.753681 -4.463376 9.157147 -5.891847 -3.877124 9.547284 -5.421338 -3.759675 9.565876 -5.920308 -3.851226 10.12953 -5.449474 -3.73383 10.14695 -5.352163 -4.281509 10.60037 -5.822419 -4.399918 10.58389 -5.516378 -5.391037 10.63998 -5.520293 -5.34169 10.30455 -5.42922 -5.679481 10.1032 -5.359864 -5.977289 10.24986 -5.413286 -5.693859 9.779892 -5.483282 -5.375632 9.541424 -5.76017 -4.512722 9.492578 -5.838035 -4.174931 9.693935 -5.853837 -4.160551 10.01724 -5.797039 -4.478779 10.25572 -4.885396 -5.857214 10.26714 -5.042083 -5.272061 10.65644 -5.046111 -5.222912 10.32232 -5.326558 -4.360058 10.27349 -5.383624 -4.041938 10.03512 -5.367974 -4.056314 9.711921 -5.289526 -4.393986 9.51067 -5.008823 -5.256839 9.5595 -4.938267 -5.57496 9.797868 -4.954064 -5.560583 10.12107 2.64995 -10.21888 10.73305 2.518521 -10.05804 10.00053 2.333223 -9.904654 10.53087 2.835618 -10.37257 10.20164 2.563458 -10.90467 9.795784 2.246839 -10.58913 9.595509 1.88164 -11.88789 9.751956 1.32813 -12.39511 10.13312 0.993896 -12.05945 9.91994 1.554295 -11.56055 9.544695 1.489702 -11.37792 9.860126 2.09568 -10.54922 9.894844 2.260645 -10.24814 10.1073 2.157586 -10.16283 10.40228 1.792811 -10.2133 10.89502 1.852423 -10.34786 10.59107 1.239502 -11.17081 10.57623 1.08433 -11.17153 10.8898 1.070499 -11.6196 10.36512 0.797378 -11.89678 10.48241 1.178637 -11.70912 10.05561 2.108494 -10.52807 11.09796 1.13123 -12.23212 10.69669 1.410687 -11.49805 11.0999 1.5644 -11.49517 10.78372 2.168344 -10.66317 10.7928 2.473612 -10.47808 10.60393 2.576707 -10.56341 10.30885 2.411697 -10.86461 10.0963 1.8147 -11.70235 10.06734 1.510059 -12.04014 10.26707 1.40188 -11.9506 10.57669 -5.756609 -2.41804 9.065472 -5.38482 -3.023191 9.538228 -5.862138 -2.990372 9.500148 -5.276502 -2.45192 9.104491 -5.564313 -1.313054 9.04305 -5.079004 -1.347517 9.082083 -5.550811 -0.717614 9.452034 -5.063772 -0.753183 9.490211 -5.594535 -0.701677 10.0337 -5.107409 -0.737281 10.07071 -5.37859 -2.6997 9.983097 -5.352496 -2.356303 10.19527 -5.383666 -2.412956 10.52687 -5.185915 -1.308555 10.50445 -5.167778 -1.383294 10.17575 -5.121333 -1.051929 9.948728 -5.097071 -1.06077 9.625861 -5.110494 -1.404171 9.413691 -5.295216 -2.377177 9.433209 -5.354321 -2.708545 9.660225 -5.428518 -3.007285 10.11875 7.914327 -2.887665 9.453618 7.36611 -3.816625 9.539875 7.849708 -3.850872 9.469935 7.43075 -2.85336 9.523548 7.969201 -2.549165 9.666707 7.485649 -2.514747 9.736738 7.532227 -2.513283 10.05738 8.015774 -2.547704 9.987241 7.540683 -2.8499 10.2804 8.024227 -2.884209 10.21015 7.476057 -3.813168 10.29672 7.959595 -3.847414 10.22648 7.415882 -4.263487 10.08859 7.899443 -4.297619 10.01844 7.369307 -4.264953 9.767943 7.852887 -4.299085 9.697909 8.002699 -3.911638 10.55521 7.896623 -4.60826 10.15086 8.076362 -2.816993 10.53697 8.055752 -2.235891 10.11059 7.972047 -2.238523 9.534297 7.871243 -2.823444 9.124888 7.797573 -3.918088 9.143126 7.812904 -4.610896 9.574543 7.387481 -2.788882 9.193511 7.48848 -2.202872 9.603789 7.313771 -3.884108 9.211765 7.329158 -4.577998 9.644095 7.413044 -4.575362 10.22154 7.572361 -2.200234 10.18124 7.593025 -2.782418 10.60851 7.519322 -3.877644 10.62675 -5.6078 -1.01757 9.911225 -5.583524 -1.026417 9.588253 -5.65301 -1.349048 10.13834 -5.832814 -2.322119 10.15786 -5.857241 -2.665634 9.94559 -5.832964 -2.674481 9.622609 -5.775509 -2.343002 9.395503 -5.595706 -1.369932 9.375982 -5.671515 -1.274012 10.46836 -5.905877 -2.97444 10.0818 -5.863946 -2.378996 10.49078 -2.849468 -26.0459 7.667772 -1.681634 -26.84909 8.01724 -2.646299 -27.01944 8.225422 -2.028076 -25.84837 7.505769 5.39238 -24.7272 7.880518 5.414975 -24.83589 7.663914 5.344526 -24.45476 7.345693 5.353927 -24.81463 7.065268 5.419987 -25.02785 7.514332 5.328517 -25.25931 6.966049 5.406433 -25.26504 7.461411 5.376992 -25.5005 7.515624 5.273322 -25.70073 7.067692 5.337502 -25.68758 7.666243 5.19928 -26.05147 7.350063 5.121051 -26.24204 7.757238 5.29577 -25.78923 7.883431 5.260077 -25.78533 8.124168 5.054131 -26.23471 8.208566 5.237483 -25.67663 8.340783 5.011774 -26.03095 8.614659 5.002374 -25.67107 8.895086 5.23247 -25.48468 8.490361 5.027784 -25.2264 8.994299 5.246025 -25.24748 8.543284 5.082979 -24.78498 8.892654 5.275464 -25.01204 8.489068 5.31496 -24.82495 8.338449 5.157021 -24.43424 8.610289 5.23525 -24.24367 8.203106 5.356688 -24.7233 8.12126 5.30217 -24.25099 7.751783 4.962862 -26.0459 7.667772 4.751237 -26.72244 8.79575 4.759693 -27.01944 8.225422 4.923872 -25.66247 8.317688 4.667097 -26.44022 9.366737 4.826105 -25.32216 8.8608 4.034475 -25.49479 8.168087 3.940592 -25.18647 8.734745 4.141469 -25.84836 7.505769 3.546943 -26.43715 9.215403 3.795027 -26.84909 8.01724 0.550604 -17.39964 10.08546 0.548795 -16.80529 10.2693 0.10828 -17.22027 10.1366 0.695562 -16.975 10.2168 1.397547 -15.79363 9.894985 0.729869 -15.40123 10.01173 1.575209 -15.40123 10.01173 0.907526 -15.79364 9.894985 0.546609 -16.12565 9.811504 0.10786 -16.03429 9.844142 0.548572 -16.63343 9.675319 0.106639 -17.01736 9.565785 0.695331 -16.80067 9.624114 0.55043 -17.24326 9.488597 0.109551 -16.18774 10.42839 0.730538 -15.55504 10.59248 0.546791 -16.28303 10.41196 0.90759 -15.95286 10.50199 1.397483 -15.95287 10.502 1.574538 -15.55504 10.59248 1.717958 -16.28303 10.41196 2.155195 -16.18774 10.42839 1.715916 -16.8158 10.26604 2.156489 -17.24259 10.12985 1.714135 -17.39964 10.08547 2.158131 -17.03971 9.559017 1.714317 -17.24327 9.488594 1.716143 -16.64396 9.672091 2.156885 -16.03429 9.844142 1.718138 -16.12565 9.8115 1.559343 -16.80916 9.621513 1.559109 -16.98348 10.21418 0.789742 -20.64881 3.534791 0.815698 -20.71172 3.372965 0.659277 -20.7258 3.294522 0.536677 -20.67158 3.407854 0.617302 -20.624 3.55634 0.574021 -20.73001 3.660001 0.823328 -20.76574 3.6288 0.860848 -20.85663 3.394849 0.634723 -20.87707 3.281453 0.457462 -20.79882 3.445332 5.14417 -25.59779 7.694038 5.134794 -25.23893 7.973677 5.109449 -25.68235 7.874744 5.079756 -25.67911 8.075037 5.060957 -25.58867 8.255266 5.056784 -25.42898 8.379709 5.068063 -25.23163 8.423745 5.092556 -25.03573 8.378636 5.125416 -24.88007 8.253321 5.160132 -24.79549 8.072616 5.189834 -24.79875 7.872318 5.208629 -24.88918 7.6921 5.212801 -25.04889 7.567648 5.201526 -25.24623 7.523622 5.177027 -25.44213 7.568728 0.590967 -20.04165 3.848019 0.529369 -19.88378 3.893819 0.663945 -19.78833 3.953732 0.808739 -19.8872 3.944954 0.763641 -20.04377 3.879605 0.779937 -20.14068 3.997331 0.5303 -20.13767 3.951723 0.441216 -19.90949 4.01806 0.635778 -19.77148 4.104657 0.845125 -19.91436 4.091848 0.644567 -18.80476 4.378293 0.562289 -18.67156 4.457673 0.683434 -18.57299 4.537793 0.8406 -18.64525 4.507932 0.816584 -18.78851 4.409337 0.849949 -18.90548 4.502736 0.601267 -18.92903 4.457901 0.4823 -18.73653 4.57277 0.657444 -18.59402 4.688584 0.884666 -18.69842 4.645302 0.761985 -17.76862 5.311379 0.657728 -17.67029 5.412743 0.757551 -17.5939 5.535267 0.923519 -17.64501 5.509637 0.92627 -17.753 5.371247 0.958767 -17.89064 5.430539 0.721262 -17.9133 5.344021 0.570505 -17.77124 5.490644 0.71483 -17.6608 5.667767 0.954792 -17.73459 5.630623 1.426116 -22.43211 13.8751 1.414729 -22.52701 14.02233 1.577583 -22.56938 14.0723 1.689639 -22.50068 13.95592 1.596004 -22.41584 13.83404 1.747672 -22.62197 13.88218 1.612325 -22.49939 13.70595 1.366699 -22.52302 13.76522 1.350238 -22.6602 13.97809 1.585695 -22.72136 14.05038 3.676617 -26.57507 8.585936 1.678383 -21.06986 2.357984 1.555783 -21.01563 2.471314 1.636407 -20.96806 2.619798 1.808847 -20.99286 2.598253 1.834804 -21.05578 2.436422 1.879953 -21.20069 2.45831 1.653829 -21.22112 2.344914 1.476568 -21.14286 2.508794 1.593126 -21.07407 2.723463 1.842434 -21.1098 2.692262 1.417073 -20.73934 3.401555 1.294473 -20.68511 3.514886 1.375101 -20.63755 3.663369 1.547541 -20.66234 3.641824 1.573494 -20.72526 3.479993 1.61864 -20.87018 3.501878 1.392522 -20.8906 3.388486 1.215259 -20.81236 3.552365 1.331817 -20.74355 3.767034 1.581128 -20.77928 3.735833 1.405013 -18.89155 4.439873 1.322738 -18.75834 4.51925 1.443883 -18.65977 4.599374 1.601046 -18.73204 4.569512 1.577033 -18.8753 4.470918 1.610398 -18.99226 4.564312 1.361716 -19.01582 4.519482 1.242745 -18.82332 4.63435 1.417894 -18.6808 4.750165 1.645115 -18.7852 4.706883 0.50659 -21.30132 2.396813 0.07280099 -21.14819 2.328779 0.500668 -21.152 2.332345 0.06305199 -21.29738 2.393117 -1.393429 -21.16574 2.572564 -1.373644 -21.31643 2.621449 -1.811424 -21.23295 3.461011 -1.772736 -21.38507 3.494355 -2.927054 -21.49414 5.931859 -2.858313 -21.69527 5.931042 -3.302452 -21.96048 8.474789 -3.351823 -21.75795 8.498848 -2.931579 -22.14402 11.04333 -2.899054 -22.31964 11.00985 -1.891534 -22.50794 13.08126 -1.852367 -22.65578 13.03984 -0.034226 -22.85108 14.04365 -0.004489958 -22.71113 14.12344 0.307871 -22.71391 14.12604 0.347642 -22.85448 14.04683 1.914474 -22.86841 14.05989 3.799891 -22.55856 13.12869 1.892668 -22.72801 14.13925 3.752033 -22.70562 13.08654 4.835962 -22.3885 11.07435 4.878963 -22.21355 11.10846 5.282697 -22.0369 8.546372 5.344272 -21.83536 8.571366 4.957758 -21.56433 5.997605 4.876711 -21.76412 5.995541 3.831662 -21.43491 3.541059 3.879959 -21.28359 3.508443 3.444376 -21.3591 2.661474 3.473833 -21.20885 2.613004 2.01171 -21.16543 2.344937 2.011749 -21.3147 2.409356 -2.313539 -20.53853 10.88088 -1.127351 -19.6302 12.30428 -1.998073 -19.35523 10.83646 -1.364895 -20.82626 12.4146 -0.619576 -17.66238 6.774094 -1.07339 -18.41966 5.684669 -2.120324 -18.68177 7.15974 -2.44525 -19.77179 6.694649 -2.765165 -20.15398 8.796947 -2.920727 -21.20269 8.604313 -2.454709 -21.60533 10.78361 -1.508969 -21.89364 12.3144 0.497071 -18.66604 12.21591 -0.667316 -18.54646 11.60908 0.459048 -19.78251 13.0732 0.419741 -21.01605 13.3807 0.386444 -22.09953 13.36238 -2.594031 -20.91853 6.384895 -1.272617 -19.52687 5.309461 0.53908 -18.30041 4.967747 0.556605 -17.56361 6.186775 0.565694 -17.07035 7.625141 -1.265735 -20.74744 4.814385 0.50934 -19.35691 4.30742 0.470044 -20.6933 3.868374 -2.492225 -19.01692 9.006897 -1.409067 -17.85218 7.843491 0.181205 -17.14419 7.957817 0.562074 -17.05262 8.607602 -0.252261 -17.25125 8.564599 0.557224 -17.10289 9.386039 -0.411104 -17.34806 9.331726 -0.267287 -17.52952 10.08644 -1.700289 -18.09502 9.182785 -1.435558 -18.3428 10.52671 0.547022 -17.33135 10.13195 0.154128 -17.64563 10.70008 0.531931 -17.69563 11.04469 4.282132 -21.69623 9.866809 4.459312 -21.42029 7.839299 3.736616 -19.82334 8.271882 3.471046 -19.57212 6.61318 2.456403 -18.89412 8.105826 2.484863 -19.47094 6.112103 3.778836 -21.02537 5.75528 2.822093 -20.84899 5.134919 1.056699 -20.72033 4.750669 -1.520375 -21.91158 11.44912 -0.390496 -22.02218 12.26172 -0.08312195 -20.38922 11.74002 -0.973023 -20.28524 11.10277 -0.163147 -19.20731 10.02529 -1.483676 -20.08277 9.861892 -1.623226 -19.82334 8.271883 -2.168738 -21.69623 9.866809 -2.345921 -21.42028 7.839299 -1.357655 -19.57212 6.61318 -1.665445 -21.02537 5.75528 -0.371475 -19.47094 6.112103 -0.708696 -20.84899 5.134918 1.056699 -19.42242 5.814721 1.056699 -18.75105 8.016661 2.276538 -19.20731 10.02529 2.196513 -20.38922 11.74002 3.086414 -20.28524 11.10277 3.597074 -20.08277 9.861892 1.056699 -19.09055 10.09739 1.056699 -20.42702 11.97172 3.633766 -21.91158 11.44912 2.503886 -22.02218 12.26172 1.056699 -22.06238 12.55716 -0.343012 -18.89412 8.105828 0.810278 -16.814 6.686787 0.978718 -16.86024 6.669376 0.996035 -16.94571 6.51701 1.02515 -17.09076 6.557396 1.000111 -16.96725 6.777679 0.756571 -16.90051 6.802921 0.723486 -16.87087 6.545208 0.631091 -16.98275 6.598248 0.797079 -17.10034 6.446496 0.838276 -16.95229 6.440285 -2.082759 -26.78729 4.581607 0.05258595 -27.37294 7.81635 -1.533119 -27.37583 7.817921 -0.001097977 -26.68004 3.878367 0.01472496 -25.27009 7.700696 -0.03245794 -24.38991 4.608091 2.060804 -27.37294 7.81635 4.196154 -26.78729 4.581607 3.646513 -27.37583 7.817921 2.114492 -26.68004 3.878367 2.12443 -25.27002 7.700596 2.179007 -24.38991 4.608091 1.250395 -22.08898 13.50524 1.229542 -22.19553 13.64316 1.388818 -22.24344 13.69927 1.508134 -22.16651 13.59599 1.422561 -22.07104 13.47606 1.570011 -22.28191 13.51616 1.446324 -22.14395 13.34274 1.197414 -22.16998 13.38481 1.167264 -22.324 13.58423 1.397542 -22.39319 13.66541 0.755686 -16.59576 8.021576 0.928907 -16.61505 8.042477 1.004352 -16.60238 7.88446 1.055162 -16.74398 7.854664 0.946101 -16.76235 8.083081 0.695657 -16.7346 8.052857 0.724062 -16.57119 7.85067 0.649935 -16.69909 7.805775 0.872117 -16.70489 7.683277 0.877729 -16.57529 7.765926 0.237477 -22.93801 14.15056 0.19765 -22.70196 14.21551 0.238939 -22.87589 14.04108 0.198275 -22.71994 14.12131 0.395705 -21.30477 2.396223 0.389765 -21.15397 2.331029 0.398443 -19.35391 4.307862 0.359133 -20.69198 3.867635 0.428407 -18.29501 4.971336 0.557501 -17.44231 6.046467 0.668187 -17.44711 6.042755 0.684964 -16.74628 7.176609 0.574034 -16.74492 7.176605 0.787482 -16.67551 9.160045 0.959838 -16.70067 9.181816 1.036894 -16.68725 9.024643 1.08345 -16.82975 8.992356 0.972061 -16.84922 9.219551 0.722864 -16.81297 9.188072 0.758003 -16.64652 8.989453 0.68024 -16.77109 8.941432 0.903093 -16.78146 8.820466 0.912133 -16.6538 8.905757 0.392408 -21.14698 2.169244 1.629672 -20.70361 3.878037 0.360494 -20.61206 3.789838 1.546076 -22.10986 13.37204 0.275338 -22.04514 13.46211 0.275765 -22.09313 13.35972 0.67319 -16.84609 9.227256 0.560941 -16.59081 9.486755 0.562276 -16.84488 9.223675 0.671871 -16.59182 9.487663 0.660765 -16.83858 10.31506 0.549835 -16.83744 10.31379 0.65815 -17.17105 10.41392 0.547062 -17.17425 10.42404 0.69941 -16.55257 10.08061 0.867351 -16.58877 10.11663 0.962523 -16.55261 9.973602 1.008854 -16.68961 9.922592 0.871284 -16.74196 10.12932 0.628464 -16.68971 10.07723 0.690768 -16.49399 9.915363 0.615964 -16.60507 9.838314 0.851056 -16.605 9.742736 0.853364 -16.49403 9.849217 0.396223 -21.35463 2.280649 4.183041 -25.42033 8.201631 2.794314 -26.07402 11.85835 2.294878 -26.13508 12.22479 1.752907 -26.16584 12.37173 1.056699 -26.19659 12.51867 0.360487 -26.16584 12.37173 -0.18148 -26.13508 12.22479 -0.680916 -26.07402 11.85835 -2.04511 -25.42033 8.201631 1.793095 -24.15553 12.72882 2.277436 -24.09725 12.74464 2.025212 -23.93436 12.80184 2.150393 -24.38551 12.64778 2.571119 -24.44392 12.58716 2.577434 -24.13767 12.70068 2.877584 -24.08558 12.67334 2.99187 -24.36944 12.54789 3.349325 -24.12569 12.54409 3.129747 -23.91291 12.67061 3.300879 -23.68042 12.68855 3.593773 -23.79068 12.56877 1.85425 -23.70851 12.86043 1.548771 -23.83007 12.81153 3.673544 -23.38282 12.62561 3.355321 -23.39945 12.72757 3.300879 -23.12063 12.77989 3.593773 -22.97804 12.70137 3.349325 -22.65255 12.78445 3.129747 -22.8945 12.83678 2.877588 -22.73165 12.89425 2.991864 -22.42266 12.86554 2.571119 -22.36462 12.92643 2.577434 -22.69097 12.93673 2.277436 -22.74326 12.96557 2.1504 -22.43916 12.96535 1.793092 -22.68299 12.96909 2.025212 -22.91587 12.96802 1.85425 -23.14864 12.95178 1.548771 -23.01786 12.94405 1.469078 -23.42551 12.88728 1.799749 -23.42961 12.9124 0.710305 -17.16751 10.94362 0.877228 -17.2039 10.98394 0.977513 -17.15619 10.84797 1.028183 -17.28851 10.78928 0.88322 -17.35753 10.98581 0.641872 -17.30504 10.92749 0.707405 -17.09732 10.78276 0.637679 -17.20357 10.69492 0.87643 -17.19335 10.6095 0.872534 -17.09033 10.72363 1.771907 -24.24177 12.06071 1.070585 -24.30695 12.36468 0.341484 -24.24177 12.06072 -0.569423 -24.13429 11.51342 -1.534613 -23.99809 10.9851 0.338492 -23.93863 12.01172 0.652864 -23.38801 12.16243 1.070585 -23.20451 12.27503 1.46053 -23.38849 12.16537 1.774902 -23.93863 12.01171 2.682817 -24.13429 11.51342 3.648011 -23.99809 10.9851 1.056699 -23.39025 12.15439 1.289288 -23.51521 12.57032 1.056699 -23.46571 12.61691 1.251668 -23.43964 12.10718 1.527372 -24.01216 12.40672 1.489751 -23.9366 11.94357 1.997739 -24.53573 12.19787 1.862616 -24.41094 11.43311 0.824106 -23.51521 12.57032 0.861726 -23.43964 12.10718 -1.480379 -23.79068 12.56877 -1.588268 -23.13895 11.13107 -1.499158 -23.61417 11.06005 -1.560147 -23.38282 12.62561 -1.480379 -22.97804 12.70137 -1.499157 -22.66579 11.21479 -1.226263 -22.28351 11.29713 -1.235931 -22.65255 12.78445 -0.827149 -22.0118 11.37067 -0.878473 -22.42266 12.86554 -0.357407 -21.93977 11.41679 -0.457725 -22.36462 12.92643 0.112348 -22.02272 11.43762 -0.03700298 -22.43916 12.96536 0.511456 -22.30372 11.42097 0.320299 -22.68299 12.96909 0.784357 -22.69235 11.37753 0.564623 -23.01786 12.94405 0.873471 -23.16758 11.30651 0.64432 -23.42551 12.88728 0.56462 -23.83007 12.81153 0.784357 -23.64073 11.22279 0.320299 -24.15553 12.72882 0.511456 -24.02301 11.14045 -0.03699898 -24.38551 12.64778 0.112355 -24.29471 11.06691 -0.457725 -24.44392 12.58716 -0.357407 -24.36687 11.02077 -0.878476 -24.36944 12.5479 -0.827155 -24.28378 10.99996 -1.235931 -24.12569 12.54409 -1.226262 -24.00281 11.0166 0.613522 -18.02915 11.96011 0.778296 -18.08596 11.98098 0.883478 -17.98406 11.88416 0.932409 -18.0756 11.77127 0.780363 -18.22294 11.91118 0.542123 -18.14089 11.88092 0.616849 -17.89215 11.85042 0.546928 -17.94285 11.72232 0.788137 -17.90248 11.65455 0.783677 -17.86429 11.80347 -0.1640419 -24.09725 12.74464 0.08818197 -23.93436 12.80184 -0.464043 -24.13766 12.70068 -0.76419 -24.08558 12.67334 -1.016353 -23.91291 12.67061 -1.187484 -23.68042 12.68855 0.259144 -23.70851 12.86043 0.259144 -23.14864 12.95178 0.313645 -23.42961 12.9124 0.08818197 -22.91587 12.96802 -0.1640419 -22.74326 12.96557 -0.464043 -22.69098 12.93673 -0.76419 -22.73165 12.89425 -1.016353 -22.8945 12.83678 -1.187484 -23.12063 12.77989 -1.241927 -23.39945 12.72757 0.831932 -19.18295 12.68681 0.667386 -19.21964 12.88535 0.682763 -19.35029 12.80577 0.500532 -19.17205 12.85875 0.441522 -19.28158 12.76722 0.50058 -19.02692 12.76 0.441593 -19.07178 12.62444 0.68288 -19.01083 12.57474 0.66747 -18.98481 12.72555 0.770585 -19.10391 12.80302 0.467143 -20.43585 13.42629 0.63817 -20.47494 13.43226 0.728616 -20.32677 13.40601 0.793036 -20.34498 13.26804 0.662304 -20.55918 13.30591 0.415038 -20.50271 13.29717 0.451867 -20.26357 13.39638 0.392951 -20.25362 13.25391 0.626566 -20.15614 13.23591 0.613451 -20.19614 13.38384 -0.526487 -29.0705 11.83626 -1.582796 -25.46463 9.666813 -0.833975 -25.79279 11.71436 -1.498116 -28.51889 7.791748 -1.825046 -25.94347 6.438511 -1.989426 -24.47572 9.077331 -1.921078 -25.23828 6.328357 -2.100028 -24.02743 8.609401 -2.200343 -23.85628 7.892567 -2.008076 -24.82596 6.405213 -2.195766 -24.2448 6.811536 -2.184552 -23.97912 7.20376 0.403238 -21.63177 13.56741 0.574769 -21.66873 13.57234 0.663095 -21.51708 13.56744 0.73077 -21.51644 13.42982 0.603102 -21.73565 13.43684 0.355113 -21.68225 13.42959 0.385529 -21.45731 13.55948 0.329511 -21.43003 13.4181 0.56168 -21.32756 13.41825 0.546114 -21.38643 13.55948 2.592808 -29.07392 11.86391 2.112868 -25.8768 12.2572 2.851254 -25.80458 11.79011 1.956085 -29.11446 12.19594 1.056699 -25.9036 12.45194 1.056699 -29.11594 12.26551 0.175427 -29.10061 12.09778 -0.02243196 -25.87366 12.23704 0.386555 -22.18474 13.68859 0.549405 -22.22711 13.73856 0.661461 -22.1584 13.62218 0.719495 -22.2797 13.54845 0.557517 -22.37908 13.71664 0.322063 -22.31793 13.64435 0.397938 -22.08984 13.54136 0.338521 -22.18074 13.43148 0.584151 -22.15712 13.37221 0.567829 -22.07356 13.5003 -2.598601 -24.2573 6.890162 -2.646595 -25.26 6.467773 -2.609858 -25.96768 6.588321 -2.631501 -24.84451 6.525527 -2.234581 -25.46463 9.666813 -1.109057 -29.11112 12.08988 -1.324042 -25.89443 12.28881 -2.220229 -28.54488 7.924116 -2.442222 -24.47498 9.077128 -2.521271 -24.02688 8.609543 -2.542993 -23.86916 7.959697 -2.574571 -23.99251 7.279523 0.00238198 -25.98521 12.98262 1.056699 -26.00431 13.09089 2.111012 -25.98522 12.98262 3.437439 -25.89443 12.28881 4.347971 -25.46463 9.666813 3.631035 -25.46463 9.666813 4.711992 -24.2573 6.890162 4.759993 -25.26 6.467773 4.744895 -24.84451 6.525527 4.723255 -25.96768 6.588321 3.222454 -29.11112 12.08988 4.333622 -28.54488 7.924116 4.555614 -24.47498 9.077126 4.634663 -24.02688 8.609543 4.656387 -23.86916 7.959697 4.687963 -23.99251 7.279523 -2.106327 -24.17383 7.598625 -3.231128 -24.45476 7.345693 -3.188775 -24.25099 7.751784 -2.15533 -24.37438 7.174976 -3.240531 -24.81463 7.065268 -2.178878 -24.74246 6.875956 -3.215118 -25.25931 6.966049 -2.172296 -25.20517 6.760785 -3.159927 -25.70073 7.067692 -2.136893 -25.67086 6.852281 -2.079677 -26.0473 7.132327 -3.085881 -26.05147 7.350063 -2.011985 -26.25993 7.545442 -3.007653 -26.24204 7.757238 -1.947217 -26.26663 8.009816 -2.940737 -26.23471 8.208566 -1.89821 -26.06608 8.433465 -2.898383 -26.03095 8.614659 -1.874662 -25.698 8.732487 -2.888979 -25.67107 8.895087 -1.881244 -25.23529 8.847657 -2.914389 -25.2264 8.994299 -1.91665 -24.7696 8.756155 -2.969581 -24.78498 8.892655 -1.973867 -24.39317 8.476113 -3.043626 -24.43424 8.610289 -2.041558 -24.18054 8.062999 -3.121855 -24.24367 8.203106 -3.182378 -25.78923 7.883431 -2.996058 -25.68236 7.874744 -3.030778 -25.59779 7.694038 -2.966358 -25.67911 8.075037 -3.146682 -25.78533 8.124168 -3.124091 -25.67663 8.340784 -2.947563 -25.58867 8.255267 -2.943389 -25.42897 8.379709 -3.119074 -25.48468 8.490362 -2.954669 -25.23163 8.423745 -3.132629 -25.24748 8.543284 -2.979164 -25.03573 8.378636 -3.162069 -25.01204 8.489068 -3.012022 -24.88007 8.253321 -3.201564 -24.82495 8.338449 -3.243289 -24.7233 8.12126 -3.046738 -24.79549 8.072616 -3.278986 -24.7272 7.880518 -3.076435 -24.79875 7.872319 -3.095233 -24.88918 7.6921 -3.301579 -24.8359 7.663913 -3.306596 -25.02785 7.514332 -3.099407 -25.04889 7.567648 -3.293041 -25.26504 7.46141 -3.088127 -25.24623 7.523621 -3.263598 -25.5005 7.515624 -3.063635 -25.44213 7.568728 -3.224103 -25.68758 7.666243 1.415257 -19.87245 4.006299 1.56423 -19.9641 3.991426 1.524338 -20.12234 3.92669 1.549715 -20.21898 4.043031 1.607384 -19.99026 4.136658 1.392002 -19.85779 4.158287 1.283298 -19.97401 3.950765 1.201222 -20.00464 4.078019 1.298689 -20.22786 4.00678 1.350697 -20.12845 3.901574 1.403922 -17.68296 5.522091 1.569891 -17.73407 5.49646 1.572641 -17.84205 5.358071 1.605138 -17.9797 5.417363 1.60116 -17.82364 5.617447 1.361201 -17.74985 5.654591 1.304099 -17.75934 5.399563 1.21688 -17.8603 5.477467 1.367634 -18.00235 5.330842 1.408356 -17.85768 5.298203 -2.553706 -26.44022 9.366737 -1.827202 -25.18646 8.734745 -2.712708 -25.32216 8.8608 -1.433549 -26.43715 9.215404 -1.563226 -26.57507 8.585936 -2.637842 -26.72244 8.795751 -2.448189 -21.30612 6.410004 -1.485971 -21.1344 4.829098 1.096868 -18.99233 5.179073 1.036618 -21.11027 4.013108 3.549239 -21.17918 4.871057 4.486785 -21.36787 6.467827 4.592273 -19.70688 8.951748 4.849758 -21.64004 8.602272 1.101021 -18.23073 9.188926 1.025101 -20.36404 12.71067 4.448596 -22.02442 10.70867 -2.469999 -19.64386 8.892891 -2.486375 -21.96269 10.65084 -2.84578 -21.57152 8.538109 -1.553288 -22.28454 12.34721 0.954981 -22.48019 13.31113 3.481922 -22.32932 12.38917 1.341895 -16.91092 6.641582 1.510393 -16.95223 6.614857 1.52148 -17.039 6.462646 1.557371 -17.1826 6.502785 1.541343 -17.05722 6.722843 1.297725 -16.99758 6.761559 1.248839 -16.97213 6.505917 1.163189 -17.08611 6.56543 1.323656 -17.20045 6.405495 1.359814 -17.0513 6.395332 3.000907 -22.57691 4.451941 3.957311 -21.0772 5.552864 4.412704 -22.65216 5.097567 2.937841 -20.88925 4.891829 1.056699 -22.52248 4.118327 1.056699 -20.75216 4.482387 -0.824444 -20.88925 4.891829 -0.887509 -22.57691 4.451941 -1.84392 -21.0772 5.552863 -2.299313 -22.65216 5.097567 1.721703 -17.06293 8.617268 2.102207 -17.16128 7.973824 1.725326 -17.08067 7.634804 2.880621 -17.6935 6.803264 1.716231 -17.57392 6.196442 3.296767 -18.45856 5.721104 1.698711 -18.31071 4.97741 3.430936 -19.56878 5.34871 1.668972 -19.36722 4.317086 3.353117 -20.78863 4.852948 4.656537 -20.98307 6.445351 4.575782 -19.83431 6.753208 4.314372 -18.73902 7.213375 3.648863 -17.89716 7.885639 2.523665 -17.27594 8.587731 1.716849 -17.1132 9.395702 4.946713 -21.27275 8.669934 4.854139 -20.22186 8.86052 4.649746 -19.08047 9.06643 3.913594 -18.14495 9.22956 2.66994 -17.37547 9.357398 2.508639 -17.5542 10.10957 1.706651 -17.34166 10.14162 3.602493 -18.39462 10.60699 4.137505 -19.41193 10.88469 4.361462 -20.59803 10.9366 4.43773 -21.66675 10.84112 2.075127 -17.66271 10.71609 2.818419 -18.5767 11.64327 3.238701 -19.66807 12.32583 3.382756 -20.86856 12.45421 3.461863 -21.9379 12.35585 1.691556 -17.70594 11.05435 1.6567 -18.67637 12.22556 1.618676 -19.79282 13.08286 1.57937 -21.02636 13.39036 1.603894 -16.88488 8.957226 1.557339 -16.74237 8.989514 1.480282 -16.75579 9.146686 1.492505 -16.90435 9.184421 1.307927 -16.73063 9.124917 1.243305 -16.86808 9.152947 1.278448 -16.70164 8.954326 1.200682 -16.82621 8.906304 1.423538 -16.83658 8.78534 1.432578 -16.70891 8.870632 0.853706 -21.15325 2.308648 0.787456 -20.94898 2.456029 0.8338 -21.06493 2.545732 0.61681 -20.93104 2.49307 0.58709 -21.03912 2.59934 0.525115 -20.98107 2.351998 0.45453 -21.11147 2.395387 0.6193 -21.18201 2.215726 0.639079 -21.02995 2.227755 0.801232 -21.01011 2.292035 1.332412 -16.68731 7.976638 1.505634 -16.70658 7.997543 1.581079 -16.69393 7.839527 1.631889 -16.83553 7.809731 1.522828 -16.85389 8.038144 1.272384 -16.82614 8.007924 1.300788 -16.66274 7.805737 1.226661 -16.79063 7.760841 1.448844 -16.79643 7.638343 1.454456 -16.66683 7.720993 2.824789 -23.40103 12.31514 2.778096 -24.45331 11.69276 3.667848 -24.37641 11.22146 3.802729 -22.02151 11.62001 2.598768 -22.13936 12.48589 1.056699 -23.45189 12.62687 1.056699 -22.1822 12.8007 -0.485377 -22.13936 12.48589 -0.711395 -23.40103 12.31514 -1.689339 -22.02151 11.62001 -2.608497 -23.07742 7.519412 -2.569011 -21.49801 7.773518 -2.380211 -21.79204 9.933959 -2.208416 -23.44077 9.746309 -1.55445 -24.37641 11.22146 -0.664699 -24.45331 11.69276 0.115652 -24.53573 12.19787 0.586022 -24.01217 12.40672 4.125376 -26.25993 7.545442 4.19307 -26.0473 7.132328 4.060611 -26.26663 8.009816 4.011601 -26.06608 8.433465 3.98806 -25.698 8.732487 3.994642 -25.23529 8.847657 4.030045 -24.7696 8.756155 4.087261 -24.39317 8.476113 4.154953 -24.18054 8.062999 4.219721 -24.17384 7.598625 4.268727 -24.37438 7.174975 4.292272 -24.74246 6.875957 4.28569 -25.20517 6.760784 4.250284 -25.67086 6.852282 1.605688 -16.84697 10.32294 0.547864 -17.05485 10.46084 1.602017 -17.2051 10.48448 0.550541 -16.71888 10.35562 1.616798 -16.60021 9.49554 0.561846 -16.46772 9.509269 0.563245 -16.72089 9.238506 1.618118 -16.85445 9.234668 0.533373 -17.50928 11.24661 0.53365 -17.41062 11.31871 0.386294 -18.58237 12.30933 0.386412 -18.66111 12.21115 0.348153 -19.77977 13.07152 0.347707 -19.72619 13.18252 0.307952 -20.99857 13.50312 0.30886 -21.01275 13.37913 0.399856 -19.30095 4.194685 0.429911 -18.21242 4.878773 0.559018 -17.33954 5.974182 0.575323 -16.6285 7.145878 0.567562 -16.67214 8.57647 0.566501 -16.79779 8.569577 4.682402 -21.49801 7.773518 4.493606 -21.79204 9.933959 0.326809 -22.51298 14.12505 0.489663 -22.55536 14.17502 0.601719 -22.48665 14.05865 0.659752 -22.60795 13.98491 0.497775 -22.70733 14.1531 0.262318 -22.64618 14.08081 0.338196 -22.41809 13.97782 0.278779 -22.509 13.86794 0.524405 -22.48537 13.80867 0.508084 -22.40181 13.93677 -2.11412 -24.49716 5.311331 -2.236426 -23.18311 8.779995 -2.189826 -22.63219 5.15319 -1.905306 -23.3797 9.756273 4.349821 -23.1831 8.779995 4.260668 -24.49716 5.311331 4.30322 -22.63219 5.15319 4.035664 -23.3797 9.756274 1.304913 -16.64029 10.03508 1.472854 -16.67651 10.0711 1.568022 -16.64034 9.928077 1.614357 -16.77735 9.877071 1.476786 -16.82969 10.0838 1.233963 -16.77744 10.03171 1.296267 -16.58173 9.869838 1.221466 -16.6928 9.792793 1.456558 -16.69273 9.697216 1.458863 -16.58177 9.803691 2.055531 -29.19048 12.73469 1.056699 -29.19663 12.8443 0.05786299 -29.19048 12.73469 1.280756 -17.25988 10.89881 1.447678 -17.29627 10.93914 1.547964 -17.24857 10.80316 1.598634 -17.38088 10.74448 1.453668 -17.44991 10.94101 1.212322 -17.3974 10.88269 1.277856 -17.18968 10.73796 1.20813 -17.29595 10.65011 1.446878 -17.28573 10.56469 1.442984 -17.1827 10.67883 -1.921081 -25.49479 8.168087 -2.810478 -25.66247 8.317688 1.291768 -18.10724 11.9131 1.456539 -18.16405 11.93397 1.561724 -18.06215 11.83714 1.610652 -18.1537 11.72425 1.458609 -18.30104 11.86416 1.220369 -18.21898 11.83391 1.295095 -17.97024 11.80341 1.225174 -18.02094 11.67531 1.466383 -17.98058 11.60753 1.461923 -17.94238 11.75645 1.274594 -19.23744 12.80977 1.441451 -19.28503 12.83638 1.544647 -19.1693 12.75404 1.605994 -19.24835 12.63783 1.456825 -19.41568 12.75679 1.215584 -19.34697 12.71824 1.274643 -19.09231 12.71103 1.215656 -19.13718 12.57546 1.456942 -19.07622 12.52577 1.441533 -19.05021 12.67657 -3.021396 -25.23893 7.973677 3.918841 -25.94286 6.434769 3.563838 -28.51717 7.783009 4.026005 -25.23803 6.32673 4.112014 -24.82567 6.403389 4.282481 -24.24398 6.806326 4.279659 -23.97849 7.200209 4.292413 -23.85548 7.88839 4.120129 -24.02761 8.609354 4.011438 -24.47587 9.077372 1.241209 -20.50125 13.37732 1.412236 -20.54033 13.38328 1.502678 -20.39217 13.35704 1.567098 -20.41037 13.21906 1.436367 -20.62457 13.25693 1.1891 -20.5681 13.2482 1.225929 -20.32897 13.34741 1.167014 -20.31902 13.20494 1.400628 -20.22153 13.18693 1.387516 -20.26154 13.33486 1.198426 -21.70446 13.52598 1.369977 -21.73779 13.50947 1.455009 -21.58423 13.50629 1.507108 -21.57209 13.36257 1.384196 -21.79408 13.36709 1.136164 -21.74592 13.39084 1.177414 -21.53034 13.53302 1.10578 -21.49417 13.401 1.335036 -21.38675 13.38353 1.335974 -21.45602 13.52085 0.677434 -16.79878 8.570183 0.644046 -17.51363 11.25114 0.250778 -24.41094 11.43311 -0.588111 -24.35054 11.06295 -1.07169 -24.30914 10.80915 -1.439266 -23.45356 9.824727 -1.424839 -23.07742 7.519412 -1.045724 -22.78964 5.755722 -0.866097 -22.74072 5.455863 1.056699 -22.722 5.341172 2.979488 -22.74072 5.455863 3.159119 -22.78964 5.755722 4.721888 -23.07742 7.519412 3.538233 -23.07742 7.519412 4.32181 -23.44077 9.746309 3.55266 -23.45356 9.824728 3.185085 -24.30914 10.80915 2.701502 -24.35054 11.06295 0.623643 -23.9366 11.94357 1.588969 -17.52203 11.25902 1.622358 -16.80718 8.578057 1.62989 -16.75468 7.184479 1.613113 -17.45551 6.050629 2.207519 -22.54606 4.418496 -0.09412395 -22.54606 4.418495 1.329037 -22.69235 11.37753 1.601935 -22.30372 11.42097 1.239923 -23.16758 11.30651 1.329037 -23.64073 11.22279 1.601935 -24.02301 11.14045 2.001039 -24.29471 11.06691 2.470801 -24.36687 11.02077 2.940549 -24.28379 10.99996 3.339654 -24.00281 11.0166 3.612555 -23.61417 11.06005 3.701663 -23.13896 11.13107 3.612555 -22.66579 11.21479 3.339654 -22.28351 11.29713 2.940543 -22.0118 11.37067 2.470801 -21.93977 11.41679 2.001046 -22.02272 11.43762 0.01710796 -22.91606 12.701 -0.199814 -22.77301 12.72436 -0.455694 -22.72277 12.73257 -0.711573 -22.77301 12.72439 -0.928502 -22.91605 12.70106 -1.073452 -23.13015 12.66614 0.1620489 -23.13017 12.66606 -1.124356 -23.38269 12.62494 -1.073461 -23.63523 12.58373 -0.928521 -23.84932 12.54879 -0.7116 -23.99239 12.52543 -0.45572 -24.04262 12.51722 -0.199836 -23.99238 12.5254 0.01709198 -23.84933 12.54872 0.162039 -23.63524 12.58364 0.212943 -23.3827 12.62485 2.313231 -23.99238 12.5254 2.301603 -23.65927 12.65879 2.096305 -23.84933 12.54872 2.219592 -23.53814 12.67855 2.569101 -23.40431 12.75733 1.951352 -23.63524 12.58364 1.900454 -23.3827 12.62485 2.190797 -23.39526 12.70186 1.951346 -23.13017 12.66605 2.219589 -23.25237 12.72518 2.096286 -22.91606 12.701 2.301593 -23.13125 12.74495 2.313208 -22.77301 12.72436 2.424324 -23.05031 12.75816 2.569088 -22.72277 12.73257 2.569094 -23.02189 12.76281 2.824971 -22.77301 12.72439 2.713865 -23.05031 12.75818 2.836598 -23.13124 12.74498 2.918606 -23.25237 12.72523 3.237747 -23.38269 12.62494 3.186846 -23.13015 12.66614 3.041896 -22.91605 12.70106 2.947405 -23.39526 12.70192 2.918612 -23.53814 12.6786 3.186855 -23.63523 12.58373 2.836608 -23.65927 12.65883 3.041916 -23.84933 12.54879 2.713878 -23.7402 12.64562 2.82499 -23.99238 12.52543 2.569107 -23.76863 12.64097 2.569113 -24.04262 12.51722 2.424336 -23.7402 12.6456 -0.600484 -23.7402 12.64562 -0.455707 -23.4043 12.75733 -0.723214 -23.65927 12.65883 -0.455713 -23.76863 12.64097 -0.310942 -23.7402 12.6456 -0.1882089 -23.65927 12.65879 -0.106201 -23.53814 12.67855 -0.07739895 -23.39526 12.70186 -0.106195 -23.25237 12.72518 -0.188199 -23.13125 12.74495 -0.310929 -23.05031 12.75816 -0.4557 -23.02189 12.76281 -0.600471 -23.05031 12.75818 -0.723204 -23.13124 12.74499 -0.805212 -23.25237 12.72523 -0.834014 -23.39526 12.70192 -0.805218 -23.53814 12.6786</float_array>
          <technique_common>
            <accessor source="#fob_e_stickybomb-mesh-positions-array" count="2125" stride="3">
              <param name="X" type="float"/>
              <param name="Y" type="float"/>
              <param name="Z" type="float"/>
            </accessor>
          </technique_common>
        </source>
        <source id="fob_e_stickybomb-mesh-normals">
          <float_array id="fob_e_stickybomb-mesh-normals-array" count="8319">0.5020836 0.8084713 -0.3070607 0.5020827 0.8084724 -0.3070594 0.5020819 0.8084732 -0.3070584 0.5020844 0.8084706 -0.3070616 0.9015193 0.09413915 -0.4223753 0.2133632 0.00785166 0.9769415 0.7167093 0.6669975 -0.2035738 0.2854408 -0.418197 0.8623427 0.5647165 -0.359789 -0.7427295 -0.04901254 -0.8427633 0.5360486 -0.4851123 -0.8350344 0.259584 0.1271874 -0.3237231 -0.9375643 -0.796777 -0.5955286 0.1024307 -0.04949808 -0.03408598 -0.9981925 -0.9781063 -0.1173661 0.1718525 -0.05422878 0.5343112 -0.8435466 -0.7224326 0.2704617 0.6363503 0.1718603 0.9064038 -0.3858708 0.4296931 0.8885435 -0.1607931 -0.1444969 0.2105355 0.9668483 -0.1573104 -0.9065951 0.3915849 0.7318644 -0.281727 -0.6204872 0.9827715 0.09108155 -0.1608244 0.04982906 -0.5477167 0.8351787 0.06007474 0.0155847 0.9980723 0.8093863 0.5783688 -0.1018993 0.476523 0.8368039 -0.269602 0.03616058 0.840774 -0.5401774 -0.29111 0.4368991 -0.8511019 -0.2177357 0.01023471 -0.9759542 0.1701274 -0.2178478 -0.9610407 -0.5757268 0.3624234 0.7329311 -0.1358126 0.3300336 0.9341481 -0.4063887 -0.8990735 0.1628351 -0.727183 -0.6540886 0.2082619 -0.9029315 -0.07109022 0.4238643 0.6323894 -0.2256686 -0.7410516 0.2405824 -0.5706224 0.7851817 0.2339055 -0.65505 -0.718469 0.6462211 -0.1387377 0.7504333 0.6105927 0.2895464 -0.7371157 0.6082358 0.3727213 0.7008053 0.312396 0.6523714 0.6905218 0.3132877 0.5739595 -0.7565852 -0.2046306 0.6723042 0.7114307 -0.1788892 0.5824267 -0.7929551 -0.3326098 -0.6326584 -0.699367 -0.3314182 -0.5549411 0.763022 -0.6320291 -0.2479369 0.7342116 0.3580737 0.6383215 0.6814169 0.6082587 0.3727188 0.7007868 0.6277325 -0.169478 0.7597559 -0.6311919 0.2400269 0.7375527 0.1884528 -0.5908517 0.7844614 -0.331403 -0.5549265 0.7630391 -0.6083925 -0.2894936 0.7389534 -0.6312105 0.2400408 0.7375322 -0.1709629 0.6663658 0.7257606 -0.6218575 0.1832097 -0.7613985 -0.630707 -0.3313692 -0.7017145 0.3442602 0.5433105 -0.7657015 -0.1788766 0.582432 -0.792954 -0.6413539 0.1339995 -0.7554532 -0.6082329 -0.3692734 -0.7026308 -0.3325975 -0.6326633 -0.6993684 0.186376 -0.6598749 -0.7278937 0.6323654 -0.2256523 -0.741077 0.6105694 0.2895373 -0.7371385 -0.327223 -0.9192851 -0.2187236 0.9491672 -0.06339699 0.308322 -0.3265479 -0.8470353 0.4194015 0.9489333 -0.131814 -0.2866194 -0.5534129 -0.5813055 -0.5965051 0.7315499 0.08250957 -0.6767769 -0.7763276 -0.259058 -0.5746344 0.4971635 0.4202919 -0.7590674 -0.9645313 0.01746892 -0.2633899 0.2767681 0.844795 -0.4579532 0.352677 0.8195943 -0.4515354 0.5607066 0.391169 -0.7297911 0.733119 0.2465208 0.6338487 0.4972589 0.5810597 0.6442852 0.7566054 0.1277233 -0.6412761 0.9553199 -0.0548768 -0.2904352 0.2612495 0.9299091 0.2588783 0.9593529 -0.004876852 0.2821672 0.7566916 0.2693083 0.5957273 0.5696197 0.5294343 0.6286755 0.352761 0.9005253 0.2541927 -0.77692 -0.1222789 0.6176109 -0.6984139 -0.2671803 -0.6639524 -0.5340321 -0.4572741 0.7111331 -0.4889508 -0.5613725 -0.6676736 -0.270129 -0.9239755 -0.270739 -0.9579266 0.06701147 0.2790808 -0.2796335 -0.8321278 0.4789242 -0.4891002 -0.3966951 0.7767973 -0.6995131 -0.1113889 0.7058852 -0.9415728 0.1039566 0.320365 -0.9393614 -0.002752959 -0.3429177 -0.5340385 -0.457265 0.7111341 -0.09207594 0.9634506 0.251565 -0.8959339 -0.2969319 0.3303546 0.2148334 0.7586768 0.6150254 -0.2171289 -0.6850764 0.69536 -0.5550459 -0.5349801 -0.6369619 -0.8970489 -0.3248873 -0.2995856 0.08122956 -0.9311412 0.3554967 0.08047789 -0.9612854 -0.2635411 -0.8959384 -0.2969211 0.3303518 -0.2259687 -0.7483048 -0.6236811 -0.5340487 -0.4572801 0.7111167 -0.5550479 -0.535 -0.6369434 -0.2171075 -0.6850591 0.6953837 0.08122456 -0.9311407 0.3554992 -0.8970454 -0.3248803 -0.2996038 0.08049309 -0.9612857 -0.263535 -0.2259927 -0.7483282 -0.6236443 -0.06853914 0.9274961 -0.367496 0.2288148 0.6744328 -0.701986 0.5690793 0.4569128 -0.6836516 0.9042463 0.281482 -0.321102 -0.06851071 0.9274976 -0.3674979 0.2288187 0.6744222 -0.7019948 0.5696308 0.5294353 0.6286646 0.5418565 0.4441003 -0.713559 0.8878532 0.307414 -0.3423644 0.8887944 0.3434864 0.3034166 0.5696288 0.5294317 0.6286694 0.2148171 0.7586712 0.615038 -0.09209746 0.9634502 0.2515587 0.9045473 0.3149517 0.287402 -0.6193524 0.4126154 0.6679456 -0.04112076 0.6461085 -0.7621371 -0.1709793 0.6663727 0.7257503 -0.494755 0.3922002 -0.7754976 -0.7490306 0.01070654 0.662449 -0.6249344 -0.01116305 -0.7805976 -0.5340464 -0.4572805 0.7111182 -0.4050205 -0.4819599 -0.7769641 0.1863715 -0.6598756 -0.7278941 0.05552983 -0.6376814 0.7682961 0.6316074 -0.4009378 -0.663567 0.5059883 -0.3795291 0.7745538 0.7520061 -0.02655577 -0.6586211 0.626545 -0.004820823 0.7793704 0.541858 0.444086 -0.7135668 0.4107792 0.4677596 0.782599 0.505978 -0.3795077 0.7745711 0.05550056 -0.637649 0.7683251 0.1863669 -0.6598635 -0.7279062 0.6316312 -0.4009552 -0.6635337 0.6265485 -0.004762232 0.7793681 0.7520248 -0.02654331 -0.6586003 0.4108673 0.4676292 0.782631 0.5418598 0.4440651 -0.7135785 -0.04114258 0.6460915 -0.7621504 -0.1709685 0.6663565 0.7257678 -0.494763 0.3922086 -0.7754883 -0.6249405 -0.01117247 -0.7805926 -0.4050068 -0.4819386 -0.7769844 -0.619356 0.4126077 0.667947 -0.7490503 0.01069498 0.6624268 -0.5340331 -0.4572845 0.7111256 0.314635 -0.5462461 -0.7762861 -0.3021975 -0.6240223 0.720606 -0.3031287 -0.5591781 -0.7716431 0.314745 -0.6134798 0.7242777 0.6633083 -0.1645087 -0.7300404 0.6635334 -0.2289938 0.7122397 0.6633113 0.2289411 -0.7124634 0.6634975 0.1645853 0.7298513 0.31474 0.5464593 0.7760936 0.3146267 0.61327 -0.7245067 -0.6548719 0.1792694 0.7341698 0.6635012 0.1645846 0.729848 0.6635175 -0.2289884 0.7122561 -0.6320505 -0.2479454 0.7341903 0.3147403 0.5464369 0.7761091 -0.3021916 0.5572648 0.7733928 -0.6548563 0.1792632 0.7341853 -0.6635114 -0.2289946 0.7122598 -0.3022061 -0.6239968 0.7206244 0.3147644 -0.6134748 0.7242736 -0.3022024 0.5572386 0.7734073 -0.6568458 0.2445477 -0.7132672 0.663293 0.2289236 -0.7124861 -0.6568054 -0.179978 -0.7322669 0.6633039 -0.1645209 -0.7300417 0.3146286 -0.5462573 -0.7762808 -0.303135 0.6257198 -0.7187377 -0.3031194 -0.559166 -0.7716554 -0.6568248 -0.1799888 -0.7322467 -0.6568044 0.2445383 -0.7133085 -0.3031377 0.625732 -0.7187261 0.3146492 0.6132722 -0.7244952 0.5518233 -0.6157404 0.5624544 -0.9215817 -0.1641044 0.3517912 0.4246051 -0.267996 0.8648056 -0.8238388 -0.5655074 -0.03861361 -0.5550538 -0.5349854 -0.6369504 0.8043474 -0.5939998 -0.01377081 -0.4308369 -0.1838092 -0.8835122 0.9148416 -0.1709055 -0.3658635 -0.4834406 0.1643241 -0.8598157 0.8828006 0.1836402 -0.4323649 -0.6440418 0.5810897 -0.4975389 0.8371554 0.5363466 -0.1072531 -0.8198719 0.5437831 0.1791935 0.6598203 0.499534 0.5613404 0.488248 0.0728569 0.8696585 -0.8742499 0.1716057 0.454135 0.8741431 -0.2016254 -0.4418384 0.8061947 -0.5688832 -0.1625487 -0.65569 -0.5265939 -0.5410819 -0.4948903 -0.1034735 -0.8627728 -0.428326 0.2840509 -0.8578181 0.9222472 0.179795 -0.3422484 0.8159611 0.5760136 0.04915243 -0.5516701 0.6276654 -0.5492688 0.5734654 0.5552083 0.6023963 -0.7948823 0.6067367 0.005719542 0.4374576 0.1976948 0.8772386 0.4920165 -0.1979613 0.8477801 0.6405034 -0.6057024 0.4721018 -0.9142253 0.185768 0.3601147 -0.8824281 -0.2169539 0.4174347 -0.8217769 -0.5630329 0.08761775 -0.7716907 0.6359961 -0.001628339 -0.7113884 0.6738579 0.1996047 -0.7716894 0.6359975 -0.001634597 -0.7113756 0.673869 0.1996134 -0.7385937 0.583919 0.3369242 -0.7385848 0.5839194 0.3369431 -0.8496719 0.4432362 0.2856564 -0.8496782 0.4432308 0.2856458 -0.8990973 0.4315575 0.07336336 -0.8990989 0.4315553 0.07335734 -0.857098 0.5114098 -0.06199395 -0.8571004 0.5114026 -0.06202042 0.5020934 0.8084704 -0.3070475 0.2567697 0.1644528 0.9523785 0.2567694 0.16451 0.9523687 -0.9516732 0.1821057 0.247297 0.2567764 0.1644714 0.9523734 0.2771605 0.1971839 0.9403727 -0.7812777 -0.5313037 0.3275999 -0.5078521 -0.8120744 0.2874395 -0.3003427 -0.1812574 -0.9364507 -0.3003587 -0.1812649 -0.9364442 0.7944812 0.5111266 -0.3279473 0.9491588 -0.1995097 -0.2435026 0.5551494 -0.8316704 -0.01155835 -0.1275032 -0.9682916 0.214836 -0.2799948 -0.148602 -0.9484305 -0.2799741 -0.1485823 -0.9484397 -0.5410956 0.8409426 0.005590558 0.2771738 0.1971954 0.9403663 -0.3003493 -0.1812481 -0.9364505 0.1503964 0.9636418 -0.2208518 0.277171 0.1971822 0.9403699 0.5020846 0.8084576 -0.3070955 -0.279996 -0.1486029 -0.94843 -0.5078808 -0.8120546 0.2874447 0.2342362 0.2028427 0.950783 0.2952035 0.3021528 0.9063987 0.2952007 0.3021562 0.9063985 0.2342162 0.202856 0.9507851 0.1694771 0.100472 0.9803993 0.1694642 0.100476 0.9804012 0.7405959 -0.5836898 -0.3329023 0.8396434 -0.4684789 -0.2748211 0.8396452 -0.4684538 -0.2748585 0.7405847 -0.5836905 -0.332926 0.7028323 -0.675346 -0.2234606 0.7027217 -0.6754955 -0.2233563 0.7708913 -0.636963 0.002218127 0.7708972 -0.6369561 0.002176046 0.8575432 -0.5101277 0.06625413 0.8575418 -0.5101333 0.06622761 0.8996411 -0.4303794 -0.07361769 0.8996258 -0.4304129 -0.07360792 -0.5077361 -0.8121361 0.2874702 -0.5077155 -0.8121472 0.2874755 -0.5076953 -0.8121557 0.2874867 -0.5077597 -0.8121224 0.2874676 0.502101 0.8084596 -0.3070632 0.5020855 0.8084697 -0.3070622 0.5021156 0.8084512 -0.3070613 0.502107 0.8084548 -0.307066 -0.5079199 -0.8120857 0.2872881 -0.5079124 -0.8120886 0.2872925 -0.5079231 -0.8121006 0.2872403 -0.5079127 -0.8120883 0.2872934 0.5020691 0.8084626 -0.3071076 0.5020694 0.8084627 -0.3071067 0.5020694 0.8084627 -0.3071066 0.5020813 0.8084541 -0.3071098 -0.5078586 -0.8120563 0.2874792 -0.5078571 -0.8120566 0.2874814 -0.5078593 -0.8120563 0.2874784 -0.5078564 -0.8120566 0.2874823 0.5020829 0.8084725 -0.3070588 0.5020824 0.8084733 -0.3070573 0.5020831 0.8084722 -0.3070594 0.5020823 0.8084737 -0.3070567 -0.951672 0.1821196 0.2472915 -0.9516713 0.1821252 0.24729 -0.9516714 0.1821179 0.247295 -0.9516706 0.1821288 0.2472897 -0.3270594 0.5881123 0.7397001 -0.3748397 0.5161472 0.7701216 -0.3270586 0.5881123 0.7397004 -0.374843 0.5161467 0.7701205 -0.4194346 0.4398336 0.7941166 -0.4194329 0.4398324 0.7941181 -0.3230494 -0.1419521 -0.9356755 -0.3786499 -0.2335561 -0.8955869 -0.3786567 -0.233553 -0.8955848 -0.3230563 -0.1419474 -0.9356738 -0.2632619 -0.04847651 -0.9635058 -0.263296 -0.04843223 -0.9634987 -0.5410747 0.8409561 0.005580008 -0.5410764 0.840955 0.005580365 -0.5410775 0.8409543 0.005580782 -0.5410736 0.8409567 0.005581021 -0.7943053 0.1996285 -0.5737838 -0.771854 0.2698139 -0.5757099 -0.7943052 0.1996309 -0.5737829 -0.7718524 0.2698149 -0.5757118 -0.7267488 0.3368799 -0.5986219 -0.7267493 0.3368802 -0.5986213 -0.5078539 -0.8120586 0.2874807 -0.5078544 -0.8120574 0.2874836 -0.5078547 -0.8120564 0.2874858 -0.5078536 -0.8120597 0.2874785 0.3410183 0.2751187 0.8988973 0.2567605 0.1644551 0.9523806 0.3410192 0.2751182 0.8988971 0.2567789 0.1644621 0.9523744 0.2118178 0.06782156 0.9749531 0.2118172 0.06782263 0.9749531 0.2567492 0.1644521 0.9523841 0.3410143 0.2751184 0.8988988 0.3410165 0.2751173 0.8988983 0.2567479 0.1644514 0.9523846 0.2118157 0.06781798 0.9749538 0.2118152 0.06781762 0.974954 -0.3003325 -0.1812499 -0.9364555 -0.3360767 -0.2668457 -0.9032419 -0.3360756 -0.2668469 -0.9032419 -0.3003394 -0.1812529 -0.9364527 -0.2174648 -0.07655692 -0.9730613 -0.2174649 -0.0765565 -0.9730612 -0.01405364 0.6836474 0.7296772 -0.7847845 -0.181321 0.5926516 -0.2311249 0.9594556 0.1613266 -0.9948708 0.06301605 0.07912755 -0.3904864 -0.04716318 0.9193999 -0.6243495 0.763287 -0.1660744 -0.1343745 0.2504283 0.9587644 -0.8814704 0.4275835 -0.2004551 -0.9948731 0.06300443 0.0791077 -0.01248615 0.7121929 0.7018728 -0.7847795 -0.1813266 0.5926568 -0.2311392 0.9594519 0.1613284 -0.6243512 0.763288 -0.1660632 -0.3904659 -0.0471673 0.9194083 -0.8814721 0.4275879 -0.2004383 -0.1343831 0.2504382 0.9587606 0.9941337 -0.07975035 -0.07306295 0.8746828 -0.4389188 0.2056217 0.6372492 -0.7507257 0.1741397 0.2246478 -0.9557508 -0.1899313 0.02950274 -0.6898314 -0.7233687 0.4070079 0.05562257 -0.9117296 0.7759944 0.1739805 -0.6062701 0.1319137 -0.2646471 -0.9552805 0.6372339 -0.7507358 0.1741511 0.2246275 -0.9557599 -0.1899094 0.02950519 -0.6898193 -0.7233801 0.1319127 -0.2646554 -0.9552783 0.4070143 0.05561178 -0.9117274 0.776 0.1739447 -0.6062734 0.9941306 -0.07976651 -0.07308679 0.8746804 -0.4389049 0.205662 0.2567734 0.1644611 0.952376 0.3410038 0.2751293 0.8988996 0.341004 0.2751304 0.8988991 0.2567721 0.1644603 0.9523766 0.2118154 0.06783223 0.9749529 0.2118149 0.06782776 0.9749532 -0.3003199 -0.1812455 -0.9364604 -0.3360739 -0.2668548 -0.9032403 -0.3360698 -0.2668536 -0.9032421 -0.3003386 -0.1812518 -0.9364532 -0.2174704 -0.0765475 -0.9730607 -0.2174705 -0.07655441 -0.9730601 0.09332978 0.9951663 -0.03055948 -0.9168916 0.3981855 -0.02753549 0.2194073 0.7667964 -0.6032279 -0.7943042 0.1996293 -0.5737849 -0.6572813 0.6889301 0.3055431 -0.04522794 0.4221299 -0.9054064 -0.3222562 0.8960523 0.3053546 -0.4098497 0.2044623 -0.8889424 -0.7943067 0.1996409 -0.5737773 0.09330964 0.9951686 -0.03054171 -0.9168939 0.39818 -0.02753913 0.2193619 0.7668232 -0.6032103 -0.0452255 0.4221173 -0.9054125 -0.6572899 0.6889146 0.3055597 -0.4098513 0.2044703 -0.8889396 -0.3222554 0.8960458 0.3053744 0.6692254 -0.6684422 -0.3245344 0.9106983 -0.4126266 0.01918071 0.7845986 -0.1841338 0.5920303 -0.1067561 -0.9934568 0.04058253 0.3096013 -0.9035546 -0.2962029 0.05663269 -0.410261 0.9102081 -0.2278683 -0.7741202 0.5906047 -0.1068071 -0.9934517 0.04057204 0.3946586 -0.2085226 0.8948536 0.309603 -0.9035606 -0.2961828 0.6692228 -0.6684291 -0.3245667 0.05662971 -0.4102599 0.9102087 0.9107035 -0.4126157 0.01917457 -0.227856 -0.7741186 0.5906116 0.7846058 -0.1841692 0.5920098 0.3946756 -0.2085501 0.8948398 -0.8168888 0.559915 0.1385214 -0.8168888 0.5599156 0.1385188 -0.8168889 0.559916 0.1385163 -0.8168888 0.5599145 0.1385223 -0.8168883 0.5599153 0.1385222 -0.8168879 0.5599161 0.138522 0.8027359 0.1466607 0.5780188 0.006604909 -0.705407 0.7087718 0.3653746 0.5709385 0.7352079 -0.4147639 -0.2966753 0.8602062 0.5163261 -0.6556719 0.5509099 -0.1262767 0.5343656 0.8357676 0.7803962 -0.3669261 0.5063071 -0.4112344 0.2228102 0.883879 -0.4147841 -0.2966787 0.8601953 0.8027331 0.1466858 0.5780165 0.00660783 -0.7054118 0.7087669 0.3653888 0.5709114 0.7352221 -0.1262906 0.534408 0.8357385 0.5163259 -0.6556703 0.5509121 -0.4112093 0.222796 0.8838941 0.7804062 -0.3669341 0.5062861 0.4131422 0.2800983 -0.866521 0.4059129 -0.2388255 -0.8821548 0.1417749 -0.5277004 -0.8375156 -0.3804466 -0.5708203 -0.7276157 -0.8004982 -0.1633278 -0.5766513 -0.5013616 0.6612244 -0.5580491 -0.02436965 0.7045148 -0.7092709 -0.7854324 0.3505834 -0.5100856 0.1417636 -0.5276952 -0.8375207 -0.3804463 -0.5708462 -0.7275955 -0.8215022 -0.150264 -0.5500501 -0.7854478 0.3505985 -0.5100515 -0.5013566 0.6612477 -0.5580261 -0.02438127 0.7044907 -0.7092944 0.413114 0.2800968 -0.8665349 0.4059296 -0.2388364 -0.8821442 0.8061901 -0.5688847 -0.1625661 0.8061897 -0.5688858 -0.1625646 0.8061909 -0.5688838 -0.1625654 0.8061907 -0.5688838 -0.1625663 0.8061895 -0.5688854 -0.1625674 0.806189 -0.5688855 -0.1625689 0.669871 0.2774031 0.6887093 -0.4919685 0.2190813 0.8425974 0.5872452 0.7517487 0.3000285 -0.5721533 0.6805548 0.4576963 -0.077066 -0.04971653 0.9957857 0.1891971 0.9767613 0.1007065 -0.2311057 0.9594601 0.1613273 0.3133683 -0.02862721 0.9492001 -0.5721521 0.6805604 0.4576893 0.6921129 0.2986649 0.657099 -0.4919695 0.2190817 0.8425968 0.5872483 0.7517386 0.3000477 0.1891964 0.9767587 0.1007333 -0.07706964 -0.0496782 0.9957873 0.3133821 -0.02864247 0.9491951 -0.2311142 0.9594613 0.1613079 0.09051942 0.04181832 -0.9950163 0.4777029 -0.2141577 -0.852019 0.5609771 -0.6933148 -0.4523488 -0.6799979 -0.3096934 -0.6645999 -0.3294137 0.01908743 -0.9439927 0.2147224 -0.9645617 -0.1533468 -0.1749622 -0.9797738 -0.09711629 -0.5922759 -0.7422813 -0.3134132 -0.6700647 -0.2772259 -0.6885921 0.2147064 -0.9645589 -0.1533861 -0.3294029 0.0190736 -0.9439969 -0.1749615 -0.9797728 -0.09712851 0.09051257 0.04183846 -0.9950161 0.4777241 -0.2141278 -0.8520147 -0.5922435 -0.7422934 -0.3134458 0.5609591 -0.6933183 -0.4523659 -0.3360845 -0.2668459 -0.9032389 -0.3360884 -0.2668445 -0.9032379 -0.3003376 -0.1812518 -0.9364535 -0.3003339 -0.1812507 -0.9364549 -0.2174609 -0.07655441 -0.9730623 -0.217459 -0.07655578 -0.9730626 -0.2618208 -0.9600868 0.09840357 -0.1187416 -0.8698378 -0.4788347 0.9949038 0.06168162 -0.07976245 0.849933 -0.0627532 0.5231406 0.5096225 0.1912235 0.8388794 -0.5770058 -0.692135 0.4336053 0.2605178 0.5050265 0.822848 -0.8359099 -0.3378691 0.4325497 0.127537 0.86683 0.4820169 -0.9969969 -0.008790969 0.07694077 -0.9943767 -0.06324189 0.08494406 -0.8133119 -0.3742111 0.4455219 -0.2521748 -0.5084365 -0.8233471 -0.5931487 -0.6637973 0.4555743 -0.5231523 -0.1827641 -0.8324115 -0.2974412 -0.9466652 0.1239112 -0.8576673 0.0723536 -0.5090892 -0.1538319 -0.8621836 -0.482675 -0.2521634 -0.5084187 -0.8233615 -0.5231389 -0.1827661 -0.8324195 -0.8401627 0.04293191 -0.5406326 0.8499341 -0.06277346 0.5231364 0.5096166 0.1912332 0.8388807 0.5839605 0.6761768 -0.4491938 0.2730563 0.9547308 -0.1180229 0.9958356 0.02096343 -0.0887252 0.8180865 0.3711083 -0.4393326 0.5839618 0.6761705 -0.4492018 0.273073 0.9547263 -0.1180203 0.1274913 0.8668273 0.4820337 0.8180775 0.3711003 -0.4393564 0.2605192 0.5050354 0.8228421 0.6422305 0.4576763 -0.614876 0.2994835 0.7076337 -0.639972 -0.5587311 -0.4556449 -0.69297 -0.2088801 -0.7137348 -0.6685445 0.05922955 -0.9535898 -0.295226 0.9374769 0.2532675 -0.2387313 0.01669806 -0.9513424 0.3076829 0.8948239 0.2555697 0.3660253 0.5359493 0.4705247 0.7009743 -0.3114475 -0.6971026 0.6457929 -0.6291967 -0.465364 0.6225335 0.2182912 0.7021762 0.6777151 -0.9311403 -0.2646718 0.250852 -0.04932653 0.94998 0.3083908 -0.8868597 -0.2670339 -0.377058 -0.005071282 0.9476286 -0.3193342 -0.04932051 0.9499821 0.3083858 -0.8868719 -0.2669829 -0.3770655 -0.9311516 -0.2646382 0.2508453 -0.005032777 0.9476411 -0.3192977 0.2995035 0.7076374 -0.6399586 -0.5587208 -0.4556037 -0.6930054 -0.2088848 -0.7137426 -0.6685348 0.642228 0.4576916 -0.6148673 0.0591821 -0.9535937 -0.2952228 0.9374813 0.2532852 -0.2386955 0.2182921 0.7021787 0.677712 0.5664478 0.4385991 0.6976875 0.8948209 0.2555735 0.3660299 0.01668578 -0.9513407 0.307689 -0.311448 -0.6971021 0.6457932 -0.6291976 -0.46536 0.6225356 -0.810418 0.06774836 -0.5819217 0.4099715 -0.852382 -0.3246046 -0.9475626 -0.2397053 -0.2113446 0.4967457 -0.4876839 -0.7179193 0.6840237 -0.1206542 -0.7194124 -0.6447554 0.4577776 -0.6121522 0.8896724 0.2138832 -0.4034066 -0.4747608 0.8314698 -0.2885488 -0.4163528 0.8440948 0.3378675 0.9480781 0.2265042 0.2232573 -0.6447487 0.4577851 -0.6121536 -0.6735634 0.1345402 0.7267815 -0.5153653 0.4767472 0.7121171 -0.8104161 0.06775707 -0.5819235 -0.9475492 -0.2397433 -0.2113615 -0.8824268 -0.2169732 0.4174275 -0.6735451 0.134536 0.7267993 -0.5153525 0.4767505 0.7121242 -0.4163755 0.8440863 0.3378609 -0.4747111 0.8314847 -0.2885872 -0.8824355 -0.2169432 0.4174248 0.8038638 -0.07956588 0.5894679 0.6507214 -0.4413098 0.6179056 0.4660741 -0.8402413 0.277073 0.8038786 -0.07960247 0.5894429 0.9480907 0.2264693 0.2232391 0.6506959 -0.4413042 0.6179366 0.4660512 -0.8402559 0.2770677 0.4099793 -0.8523747 -0.3246144 0.4967557 -0.4876752 -0.7179182 0.6633064 -0.164524 -0.7300387 0.8896894 0.2138403 -0.4033923 0.1433199 -0.6254193 0.7670138 0.6953026 -0.2377381 -0.6782588 0.5812243 -0.2060796 0.7872164 0.2339143 -0.6550493 -0.7184668 -0.2600789 -0.6269496 -0.7343659 -0.3906616 -0.5880242 0.7082451 -0.5736384 -0.3093866 -0.7584319 -0.6610953 -0.3027462 0.6865114 -0.5796914 0.191292 -0.792064 -0.6879673 0.2510797 0.6809259 0.2717424 0.6142663 0.7408327 -0.6611082 -0.3027562 0.6864945 0.575538 0.3110241 0.7563201 -0.3906639 -0.588006 0.7082589 0.143295 -0.6254202 0.7670177 -0.2350189 0.6506118 0.7221292 0.5812139 -0.2060899 0.7872214 0.5755311 0.3110246 0.7563251 0.2717428 0.6142684 0.7408307 -0.2046229 0.6723151 0.7114225 -0.6745073 0.2146751 0.7063671 -0.1399674 0.6245665 -0.7683267 0.3745256 0.5929345 -0.712853 0.6652137 0.2869392 -0.6893161 -0.09982681 0.6304754 -0.7697633 0.3745242 0.5929314 -0.7128563 0.665192 0.286937 -0.689338 0.6666162 -0.2083447 -0.7156923 0.1863627 -0.6598795 -0.7278928 -0.2994706 -0.6114709 -0.7324075 -0.5835041 -0.3445497 -0.7353968 -0.5796849 0.1912986 -0.7920672 0.406906 0.7949205 0.4500324 0.3210515 -0.7642802 0.559287 0.7963892 0.5883125 0.1401879 -0.01363116 -0.5209654 0.853469 -0.3327347 0.9426026 0.0280714 -0.3095447 0.7603812 -0.5709663 -0.7860341 -0.6000612 -0.1485833 -0.7913192 -0.4117033 0.4520115 0.03284257 0.9119346 0.4090192 -0.3900852 -0.4092168 0.8248487 0.4069397 0.4077073 -0.8174196 9.5843e-4 0.5285077 -0.848928 -0.3095713 0.7603693 -0.5709679 -0.332746 0.9425987 0.02807056 0.8014862 0.4068846 -0.4382519 0.4069433 0.4077108 -0.8174161 0.03285861 0.9119393 0.4090077 9.73582e-4 0.5285412 -0.8489072 0.4069057 0.7949095 0.4500519 0.796386 0.588312 0.1402083 0.8014802 0.4069043 -0.4382447 0.3121704 -0.9498761 -0.01688182 -0.0182451 -0.9171493 -0.3981259 -0.4207881 -0.7918736 -0.4425764 -0.786024 -0.6000743 -0.1485842 -0.7913178 -0.4116913 0.4520251 0.3121839 -0.9498717 -0.01688396 -0.01825767 -0.9171493 -0.3981253 -0.3900868 -0.4092203 0.8248461 -0.4207784 -0.7918769 -0.4425796 -0.01362502 -0.5209535 0.8534764 0.3210383 -0.7643009 0.5592662 0.2804563 -0.5710462 0.7715249 0.6889691 -0.06778407 -0.7216141 0.6138994 -0.03610795 0.7885581 0.3594462 -0.6116584 -0.7047499 -0.2339287 -0.6558651 0.7177174 -0.1665493 -0.6712149 -0.72231 -0.514459 -0.4245124 -0.7450646 -0.5641413 -0.4383285 0.6997233 -0.6166073 0.05180633 -0.7855644 -0.6917555 0.08418589 0.7172079 0.5140573 0.4502333 0.7300925 0.5709719 0.4238031 -0.703123 0.2222576 0.6337252 -0.7409412 -0.5144747 -0.4245165 -0.7450514 -0.1665475 -0.6712097 -0.7223153 0.3594607 -0.6116325 -0.704765 -0.2790991 0.5533028 -0.7848311 0.688951 -0.06776589 -0.7216332 0.5418568 0.4440903 -0.7135651 0.2222626 0.6337209 -0.7409434 -0.2790992 0.5533205 -0.7848185 -0.6165707 0.05179136 -0.7855942 -0.3640745 0.5934104 0.7178537 0.1504566 0.6740407 0.7232096 -0.5641404 -0.4383241 0.6997268 -0.6917734 0.08418864 0.7171903 -0.3484396 0.6209855 0.7021161 0.1504595 0.6740537 0.7231968 0.5140592 0.4502303 0.7300931 0.6139144 -0.03609985 0.7885468 0.2405829 -0.5705947 0.7852016 -0.2339307 -0.6558745 0.7177082 -0.6777926 -0.07263791 -0.7316563 -0.3639525 -0.6034943 -0.7094599 -0.3314003 -0.5549504 0.7630229 -0.642186 0.004151284 0.7665377 -0.5444762 0.4103181 -0.7315633 -0.477342 0.5212831 0.7073957 -0.1894146 0.6347584 -0.7491355 -0.1364859 0.7117355 0.6890604 0.3442496 0.54332 -0.7656995 0.3492612 0.6078018 0.7131575 0.6364511 -0.02334856 -0.7709636 0.4781421 -0.5211198 -0.7069755 0.1370449 -0.7088769 -0.6918904 -0.363969 -0.6034751 -0.7094677 -0.6777912 -0.07263666 -0.7316578 0.6364468 -0.02333152 -0.7709677 0.4967486 -0.4876837 -0.7179175 -0.5140565 0.4481186 -0.731393 0.1370471 -0.7088719 -0.6918951 -0.18943 0.6347504 -0.7491382 0.3110753 0.5305703 -0.7884969 0.6741642 0.05404782 0.7366014 0.5321679 -0.4262623 0.7315039 0.1740091 -0.6366791 0.7512395 -0.6083952 -0.2895001 0.7389487 -0.07424706 -0.6915454 -0.7185071 -0.0745393 -0.610348 0.7886186 -0.6082214 -0.3692717 -0.7026416 -0.6595864 0.2517146 0.7082271 -0.6413654 0.1340038 -0.7554427 -0.4409862 0.4933039 -0.7497883 -0.4409357 0.572967 0.6908579 0.06083387 0.6986975 0.7128262 0.08823591 0.6341984 -0.7681191 0.580626 0.3596835 0.7304117 0.6462201 -0.1387598 0.7504302 0.4398782 -0.494573 0.749603 -0.07216954 -0.6387984 0.7659819 -0.5838751 -0.2614235 0.7686012 0.5806413 0.3596897 0.7303966 0.6462404 -0.1387536 0.7504138 -0.659561 0.2517156 0.7082504 0.4398744 -0.4945642 0.7496111 -0.4409337 0.5729753 0.6908523 0.06082856 0.6986704 0.7128532 0.5794848 0.2761372 -0.7667761 0.6666064 -0.2083543 -0.7156986 0.4386159 -0.5728296 -0.6924467 -0.6593396 0.1718553 -0.7319406 -0.5834817 -0.3445437 -0.7354175 -0.07426899 -0.691562 -0.7184888 0.4386292 -0.5728468 -0.6924239 0.6610787 -0.244626 -0.7093188 0.5795183 0.2761341 -0.766752 0.06085079 0.6159618 -0.7854223 -0.4409894 0.4933235 -0.7497735 0.3492681 0.6077935 0.7131612 0.6741996 0.05404275 0.7365693 0.5321508 -0.4262442 0.7315269 0.1740107 -0.6366814 0.7512372 -0.3131022 -0.5276045 0.7896839 -0.6421689 0.004176318 0.7665519 -0.4773422 0.5212817 0.7073965 -0.1720233 0.7256647 0.6661971 -0.2853151 -0.8823478 0.3742429 -0.8199344 0.4821733 -0.3085721 -0.3031447 -0.9199278 -0.2486687 -0.8040073 0.5138083 0.2992883 -0.4262222 0.643882 0.6354138 0.07960355 -0.7068284 0.7028918 -0.04541486 0.7781437 0.6264423 0.4375402 -0.5965351 0.6728332 0.8105436 -0.4891877 0.3220474 0.3148906 0.9143614 0.2545336 0.4156661 -0.6468902 -0.6393393 0.437555 -0.5965188 0.6728382 0.03221791 -0.7852579 -0.6183301 0.07959949 -0.7068153 0.7029054 -0.2853266 -0.8823372 0.3742591 0.7911829 -0.5311693 -0.3031317 -0.2701556 -0.923967 -0.270742 0.03220289 -0.7852533 -0.6183369 0.4156649 -0.6469246 -0.6393054 0.7911694 -0.5311855 -0.3031387 0.8105549 -0.4891747 0.3220388 0.2988173 0.8821529 -0.3640255 -0.06545847 0.7150693 -0.6959822 -0.4601424 0.5760137 -0.675631 0.2660229 0.8958081 -0.3560334 -0.06546467 0.7150853 -0.6959652 -0.4289482 0.6043508 -0.6713893 -0.7972502 0.506837 -0.3278851 -0.7811438 0.5402094 0.3130306 -0.3759579 0.6591572 0.6512814 -0.04540127 0.7781429 0.6264442 0.2612552 0.9299109 0.2588657 0.650603 -0.3578856 -0.6698012 0.6871818 -0.3152198 0.6545362 0.3670628 -0.6717337 -0.6434584 0.4375482 -0.5965191 0.6728422 0.1995451 -0.9148932 0.3509307 0.9387987 -0.06717431 -0.3378531 0.9593458 -0.004885435 0.2821909 0.1771498 -0.9459001 -0.2718291 0.7043055 -0.2799113 0.6523829 0.3670548 -0.6717352 -0.6434615 0.6316143 -0.4009429 -0.6635573 0.4375556 -0.5965152 0.6728408 0.9311479 -0.1005938 -0.350492 0.1638711 -0.9245794 0.3439466 0.9491642 -0.06344932 0.3083204 0.1418122 -0.9541269 -0.2636877 -0.1530274 0.948915 0.2759407 -0.3759493 0.659131 0.651313 -0.6410904 0.3631034 0.6761354 -0.9415758 0.1039607 0.3203551 -0.9591701 0.05916523 -0.2765721 -0.1530863 0.9489048 0.275943 -0.3759384 0.6591354 0.6513149 -0.6998894 0.3064522 -0.6451681 -0.4289283 0.6043204 -0.6714293 -0.6410813 0.3630775 0.6761578 -0.9361724 0.07110846 0.3442744 -0.1888312 0.9184703 -0.3474985 -0.9645308 0.01746201 -0.2633923 -0.6999116 0.306486 -0.645128 -0.4289376 0.6043219 -0.6714221 -0.1888251 0.9184725 -0.3474962 -0.7055005 0.7010838 -0.103685 0.869309 0.4383072 0.2284491 -0.3256238 0.6854246 -0.6512775 0.5140525 0.4501925 0.7301211 0.6908927 -0.7224525 0.02701407 -0.6310298 -0.4776263 -0.6112892 -0.3390059 -0.08776968 -0.9366812 0.893055 -0.392543 -0.2199151 -0.1920365 0.2993629 -0.9346143 0.9893608 0.03381985 -0.141498 0.8767006 0.476282 0.06746375 0.3019028 -0.2329109 0.9244498 0.4691025 -0.6515641 0.5961602 0.9703363 0.10949 -0.2155448 0.9408777 -0.2708715 -0.2034156 0.2876103 0.113372 0.9510138 0.7296286 -0.6749936 0.1096625 0.3183253 -0.6602062 0.6802917 0.1703581 -0.2723472 0.946998 0.3036246 0.07544863 0.9497998 0.6147515 0.4726076 0.6314448 -0.8887498 -0.4065498 -0.2117573 -0.9885203 -0.006961345 0.1509281 -0.9043216 0.3684778 0.2154684 -0.7128574 0.7010412 -0.01937961 -0.4681288 0.6581876 -0.589614 -0.8701378 -0.4905809 -0.04680424 -0.9607934 -0.1213712 0.2492892 -0.2883812 0.2313086 -0.929157 -0.928025 0.3006433 0.2199619 -0.2693401 -0.0879442 -0.9590213 -0.5144575 -0.4245192 -0.7450618 -0.1720088 0.725659 0.6662073 0.671415 0.3566619 -0.6496108 0.1412853 0.5952458 -0.7910252 0.3445582 0.4641264 0.8160064 0.6138865 -0.03610742 0.7885681 0.7506822 -0.07941639 -0.6558731 0.5321509 -0.4262363 0.7315313 -0.5153464 0.4767395 0.712136 -0.01406323 0.6836584 0.7296668 0.05550092 -0.6376509 0.7683236 0.566451 0.4386038 0.6976818 -0.4891027 -0.3966954 0.7767956 -0.6548359 0.179267 0.7342025 0.7242838 0.02137315 0.6891708 0.5096206 -0.3000066 0.8064013 -0.5330207 0.5893992 0.60704 -0.1093941 -0.5885962 0.8009915 -0.6693363 -0.3705425 0.6439623 -0.7541033 0.09522217 0.649816 -0.01624822 -0.689575 -0.724032 -0.5587388 -0.455627 -0.6929755 -0.7170665 -0.03376156 -0.6961867 -0.479198 0.3144077 -0.8194614 0.4967501 -0.4876909 -0.7179116 -0.6166073 0.05179262 -0.7855654 -0.3558124 -0.4575809 -0.8148725 0.2026342 -0.719236 -0.6645593 0.5564571 -0.5685576 -0.6058859 0.6666166 -0.2083386 -0.7156936 0.4810658 0.3604315 -0.7991651 -0.09984254 0.6304777 -0.7697592 -0.5444653 0.4102917 -0.7315863 0.1287093 0.267282 0.954984 -0.8093282 0.5382035 -0.2352127 -0.9753224 0.2172146 0.03954833 0.420011 0.6671898 0.6151818 0.7358294 0.6700451 0.09795278 -0.4722312 0.4632728 -0.7499173 0.04112094 -0.1060411 0.9935112 -0.9837011 -0.1796986 0.006381273 0.9790388 -0.2036476 -0.003263771 0.8168264 -0.519712 0.2503883 0.4433072 -0.4533231 0.7732897 0.9531509 0.2871004 -0.09527176 0.1369012 -0.03226852 0.9900591 0.0833168 0.3360694 0.9381449 0.9765238 -0.2114886 0.04091399 0.3324175 0.6700772 0.6636982 0.7014721 -0.5783654 0.41645 0.2520101 -0.4827854 0.838695 0.7728392 0.5824292 0.2519841 0.9865992 0.1611325 0.02565759 -0.76339 -0.6002074 -0.2387195 -0.1725453 0.05081701 -0.9836899 -0.08684992 -0.353786 -0.9312855 -0.9808799 0.1872107 -0.05316841 -0.7134541 0.5569956 -0.4251344 -0.3234736 -0.687835 -0.6498059 -0.2562208 0.4683358 -0.8455842 -0.04106301 0.0904296 -0.995056 -0.1121841 -0.2680025 -0.9568644 -0.4153365 -0.6715215 -0.6136404 -0.7600605 -0.6434379 -0.09108066 -0.961423 -0.2617512 0.08457028 -0.624934 -0.01117265 -0.7805977 0.359444 -0.6116282 -0.7047773 -0.2790978 0.5533444 -0.7848021 0.6889662 -0.06776249 -0.7216189 0.5418737 0.4440888 -0.7135531 -0.4530695 -0.4968346 -0.7401915 0.2222738 0.6337171 -0.7409433 -0.1442801 -0.7013063 -0.6981066 0.3594498 -0.6116512 -0.7047544 -0.2791129 0.5533394 -0.7848002 0.6889649 -0.06775259 -0.721621 -0.6249192 -0.01115608 -0.7806097 -0.4919038 -0.4838997 -0.7237898 0.541858 0.4440876 -0.7135658 -0.1442915 -0.701349 -0.6980614 0.2222649 0.6337353 -0.7409305 -0.564149 -0.4383351 0.6997129 -0.6917815 0.08418858 0.7171825 -0.2061578 -0.6343666 0.7450357 0.2889627 -0.5420135 0.7891274 0.6265429 -0.004755616 0.7793724 0.465811 0.4856438 0.7397096 0.6265507 -0.004760265 0.7793662 -0.3484483 0.6210042 0.7020953 0.2889504 -0.5420261 0.7891233 0.1601752 0.698678 0.6972754 -0.206163 -0.6343745 0.7450274 -0.5340479 -0.4572763 0.7111198 0.4658029 0.4856458 0.7397134 -0.6917611 0.08419209 0.7172018 -0.3484427 0.6209722 0.7021263 0.1601758 0.6986873 0.6972659 0.7315191 0.08250766 -0.6768105 0.5819774 -0.4140397 -0.6999096 0.4798325 -0.3648913 0.7978816 0.633412 0.1298729 0.7628385 0.4658291 0.4856479 0.7396955 0.541855 0.4440724 -0.7135776 -0.01406854 0.6836541 0.7296707 0.08823442 0.6342205 -0.768101 -0.4796584 0.3647567 -0.7980479 -0.5751494 0.4290592 0.6964994 -0.6338565 -0.1130585 -0.7651429 -0.7304854 -0.06529438 0.6797999 -0.5641417 -0.43834 0.6997159 -0.4530752 -0.4968334 -0.7401887 -0.07214921 -0.6388116 0.7659729 0.02952283 -0.6898277 -0.7233713 -0.6246467 -0.2355706 -0.7445287 0.7001539 0.1505661 -0.6979359 0.6953465 -0.2377446 -0.6782116 -0.260103 -0.6269883 -0.7343243 0.3442467 0.5433164 -0.7657033 -0.2791184 0.5533299 -0.7848052 0.3594525 -0.611656 -0.7047488 -0.6218355 0.183222 -0.7614134 0.695329 -0.2377348 -0.6782329 0.7001451 0.1505675 -0.6979443 -0.62463 -0.235574 -0.7445417 0.3442667 0.5433178 -0.7656934 -0.2600913 -0.626984 -0.7343322 0.3594345 -0.6116443 -0.7047681 -0.279098 0.5533238 -0.7848167 -0.6218296 0.1832057 -0.7614222 0.2717607 0.6142763 0.7408177 0.6315593 0.2195755 0.7435856 0.6277529 -0.1694899 0.7597365 0.2889379 -0.5420131 0.7891368 -0.3313954 -0.5549324 0.7630381 -0.3484336 0.6209806 0.7021233 -0.687972 0.2510783 0.6809217 -0.6919611 -0.1658033 0.7026373 -0.3313905 -0.5549138 0.7630538 -0.3484503 0.6210018 0.7020962 0.2889427 -0.5420179 0.7891317 -0.6879682 0.2510701 0.6809285 0.6277471 -0.169499 0.7597392 0.6315422 0.2195774 0.7435995 -0.6919351 -0.1657866 0.7026668 0.2717301 0.6142655 0.7408378 0.2660331 0.8958088 -0.356024 0.4796115 0.5485838 -0.6848568 0.6921135 0.2986729 0.6570947 0.4527206 0.63072 0.630267 0.7144755 0.2242825 -0.6627383 0.9553312 -0.054847 -0.2904035 0.2612339 0.9299146 0.2588742 0.2660462 0.8958026 -0.3560297 0.943585 -0.008861899 0.331012 0.4796261 0.548595 -0.6848375 0.6921105 0.298672 0.6570982 0.4527175 0.6307313 0.6302579 0.7144732 0.2242921 -0.6627376 0.2612777 0.9299068 0.258858 0.9553295 -0.05484724 -0.2904089 0.9435948 -0.008833944 0.3309848 -0.2701659 -0.9239671 -0.2707307 -0.4578115 -0.6183081 -0.6388301 -0.679984 -0.309698 -0.6646119 -0.9424803 0.03517031 -0.3324065 -0.9579287 0.0670194 0.2790718 -0.7236611 -0.214095 0.6561083 -0.6799764 -0.3097021 -0.6646178 -0.4713973 -0.5627021 0.679081 -0.457801 -0.6183049 -0.6388407 -0.2701554 -0.923972 -0.2707246 -0.2548037 -0.9033052 0.3451303 -0.4713822 -0.5627045 0.6790894 -0.7236757 -0.2141085 0.6560877 -0.9555275 0.03030079 0.2933415 -0.2547957 -0.9033021 0.3451443 -0.9393641 -0.002743721 -0.3429104 0.5819889 -0.4140208 -0.6999112 -0.07216656 -0.6387892 0.7659899 0.02953612 -0.6898049 -0.7233927 0.4798403 -0.3649141 0.7978666 0.7315199 0.08251452 -0.6768087 0.6334098 0.1298726 0.7628402 0.4658285 0.4856703 0.7396811 0.5418751 0.4440944 -0.7135487 -0.01407116 0.6836377 0.7296859 0.08825862 0.6341993 -0.7681157 -0.4530811 -0.4968367 -0.7401829 -0.4947583 0.3921971 -0.775497 -0.6338656 -0.1130737 -0.7651332 -0.5751388 0.4290362 0.6965223 -0.7305167 -0.06530666 0.6797649 -0.5340518 -0.4572904 0.7111078 -0.6217183 -0.4034764 -0.6713221 0.8723332 -0.4204639 -0.2494893 -0.5647632 -0.7689828 -0.2995132 0.7749543 -0.03907197 -0.6308084 0.6714161 0.3566684 -0.6496061 -0.7170822 -0.03376698 -0.6961702 -0.8408052 0.4056261 -0.3584889 0.6031292 0.7301631 -0.3210874 -0.8698464 0.4323753 0.237527 0.5872582 0.7517396 0.3000257 0.6211162 0.4197434 0.6618384 -0.7801972 0.05469059 0.6231383 -0.6693413 -0.3705379 0.6439595 -0.7170829 -0.03375345 -0.6961702 -0.8535336 0.3665784 -0.3702711 -0.5945449 -0.7416273 0.310653 -0.8838211 0.3941636 0.2519828 -0.7802065 0.05469572 0.6231264 -0.669348 -0.370547 0.6439473 -0.6237521 -0.7131831 0.3198488 -0.5922362 -0.7423057 -0.3134304 -0.621703 -0.403477 -0.6713358 0.8533169 -0.3785383 0.3585517 0.7242825 0.02139651 0.6891713 0.6714207 0.3566628 -0.6496044 0.77494 -0.03908568 -0.6308252 0.8723344 -0.4204628 -0.2494868 0.8533159 -0.3785431 0.3585487 0.7242711 0.02138262 0.6891837 0.6211066 0.4197353 0.6618525 0.5872675 0.7517305 0.3000304 0.6031526 0.7301591 -0.3210524 0.796729 0.0255956 0.6037945 0.03614884 0.8407739 -0.5401783 -0.1677026 0.9857665 -0.01184314 0.9896199 -0.1341091 0.05164599 0.872345 -0.4204502 -0.249471 -0.1208295 0.4257146 -0.8967539 0.6692373 -0.6684431 -0.3245079 0.3121653 -0.9498782 -0.01686257 -0.7963922 -0.08043903 -0.5994073 -0.4062691 0.09604358 -0.908692 -0.6764245 0.6574195 0.3320388 -0.8496836 0.4432234 0.2856411 -0.9878591 0.1493585 -0.04273861 -0.7875689 -0.01643246 -0.6160076 -0.5730761 0.7552403 0.3181135 -0.4062551 0.09602737 -0.9086999 -0.1952679 0.3533486 -0.9148854 -0.8654751 0.4008654 0.3004329 -0.06651747 0.7703781 -0.6341082 -0.9971925 0.06190943 -0.04212468 -0.3327829 0.9425859 0.02806425 0.4382694 -0.1114673 0.8919053 0.0642842 -0.7772259 0.6259294 0.1973223 -0.3580985 0.912595 0.8622921 -0.4004588 -0.3099759 0.5889655 -0.7386332 -0.3279339 0.1814112 -0.9834047 0.002294301 -0.01882618 -0.8176531 0.5754034 0.1318148 -0.4030578 0.905632 0.3893247 -0.09791636 0.9158813 0.7852968 0.07489109 0.6145732 0.9973592 -0.06492185 0.03255432 -0.6831163 -0.1273063 -0.7191281 0.7027254 -0.6755027 -0.2233229 -0.7662262 -0.5324956 -0.359647 0.7420107 -0.3080067 -0.5954427 -0.6414211 0.2779452 -0.7150702 0.7836499 0.06567847 -0.6177212 -0.6637486 0.6460627 -0.376883 0.8108837 0.5251402 -0.258255 -0.7204605 0.6539047 0.2309662 0.7653084 0.5419148 0.3473203 0.8288647 0.4863282 -0.2765292 0.7836505 0.06568169 -0.6177199 0.6429021 -0.2965227 0.7062232 0.6887586 0.138734 0.711593 0.742034 -0.3079984 -0.595418 0.7262322 -0.6434638 -0.2419528 0.6793847 -0.626024 0.3827927 0.642903 -0.2965128 0.7062265 0.6887623 0.1387466 0.7115869 0.779562 0.5058665 0.3692995 0.6587039 -0.6584963 0.3639944 0.7953171 -0.2301436 0.5608074 -0.5986412 0.2120357 0.7724439 0.8160243 0.1143679 0.5665903 -0.6267825 -0.1324774 0.7678499 0.7531569 -0.6198578 0.2202979 -0.7364696 -0.5174831 0.4356878 -0.8265797 -0.5277841 -0.1954735 0.6562746 -0.6330733 -0.4105143 -0.8214737 -0.1502653 -0.5500923 0.6035906 -0.2502863 -0.756991 -0.7943038 0.1996278 -0.573786 0.6198991 0.1020399 -0.7780186 -0.7657958 0.5967357 -0.239715 0.7416018 0.4921095 -0.4559112 -0.6655592 0.6033829 0.4392722 0.8385457 0.4988754 0.219008 0.7953296 -0.2301453 0.5607887 0.753136 -0.6198726 0.2203278 0.8247202 0.1647427 0.5410144 0.8222108 0.5387947 0.1834933 0.7353282 0.5360688 -0.4146357 0.6366099 0.1572341 -0.7549871 0.6035637 -0.2504813 -0.7569478 0.6562661 -0.6330899 -0.4105022 -0.7943911 0.2584273 -0.5496892 -0.7393138 0.6423943 -0.2018531 -0.8215085 -0.1502446 -0.5500459 -0.8265823 -0.5277805 -0.1954726 -0.7364702 -0.5174903 0.4356781 -0.6521579 0.6451379 0.3981045 -0.6051761 0.2659109 0.7503689 -0.6267664 -0.13248 0.7678625 -0.7662221 -0.5324988 -0.3596509 -0.8229041 -0.5027396 0.2647297 -0.6831246 -0.1273107 -0.7191195 -0.641437 0.2779459 -0.7150558 -0.6637371 0.6460618 -0.3769049 -0.7204686 0.6539028 0.2309462 -0.7424084 0.3203189 0.5884094 -0.7868054 -0.0848158 0.6113458 -0.7424156 0.3203116 0.5884044 -0.8228793 -0.5026594 0.2649593 -0.7868057 -0.08482801 0.6113436 -0.07851487 -0.4915255 -0.8673167 -0.07851231 -0.4915273 -0.867316 -0.07851338 -0.4915266 -0.8673162 -0.07849925 -0.4915122 -0.8673256 -0.07850027 -0.4915115 -0.8673259 -0.0784983 -0.4915129 -0.8673253 0.9759908 0.204877 0.07394176 0.9883733 0.1453047 -0.04477691 0.9883734 0.1453031 -0.04477858 0.9911221 0.04009586 -0.1267651 0.9911224 0.04008901 -0.1267649 0.9836934 -0.0899083 -0.1557683 0.9836941 -0.08990597 -0.1557651 0.9675577 -0.2189568 -0.126056 0.9675565 -0.2189608 -0.126058 0.9459102 -0.3214997 -0.04349756 0.9459092 -0.3215019 -0.04350191 0.9230374 -0.3772202 0.07554411 0.9230397 -0.3772149 0.07554298 0.9034718 -0.3750792 0.2074958 0.9034723 -0.375079 0.2074936 0.8910901 -0.3155038 0.3262146 0.8910947 -0.3154989 0.3262065 0.8883448 -0.2102905 0.4081932 0.888342 -0.2102977 0.4081955 0.8957708 -0.08028638 0.4372057 0.895771 -0.08028703 0.4372053 0.9119072 0.0487644 0.4074892 0.9119076 0.04876226 0.4074885 0.9335551 0.1513038 0.324934 0.9335567 0.1513036 0.3249294 0.9564254 0.207023 0.2058935 0.9564254 0.2070229 0.2058933 0.9759904 0.2048773 0.07394689 0.9859341 -0.1267326 0.1089631 0.9850307 -0.08922511 0.1474911 0.9859355 -0.126708 0.1089786 0.9850317 -0.08920061 0.1474992 0.9790489 -0.06133896 0.194167 0.9790523 -0.06137925 0.1941372 0.241527 0.8560555 -0.4569832 0.2414922 0.8560541 -0.4570042 0.2414976 0.8560513 -0.4570067 0.2414698 0.8560708 -0.4569849 0.2414885 0.856054 -0.4570065 0.2415013 0.8560494 -0.4570085 -0.09803134 0.40208 0.9103415 -0.09810513 0.402042 0.9103503 -0.0980671 0.4020619 0.9103457 -0.09807687 0.4020562 0.9103471 0.07850259 -0.4915128 -0.867325 0.07856023 -0.4915778 -0.8672829 0.0785259 -0.4915391 -0.8673079 0.07851701 -0.491528 -0.8673151 -0.155505 -0.8561923 0.4926997 0.6482468 0.0490182 0.7598509 -0.5578467 -0.5414851 0.6289682 0.2878611 0.3665655 0.8847405 -0.2647048 -0.4007777 -0.8771024 -0.2711289 0.7960485 -0.5411062 0.2806231 0.7898004 -0.5454045 0.2480338 -0.4133208 -0.8761536 0.6180379 -0.05912309 -0.783922 -0.6364238 0.4381695 -0.634801 0.6556024 0.4094882 -0.6344327 -0.5501294 -0.1141756 -0.8272374 0.2806234 0.7898185 -0.545378 -0.1610603 -0.4496442 -0.8785669 -0.641831 0.05826151 0.7646299 -0.2703512 0.4261258 0.8633232 0.6107508 -0.4484239 0.6526098 0.248157 -0.7900704 0.5605416 -0.2648332 -0.7796002 0.5675272 0.291325 0.4167427 0.8610781 -0.6226037 -0.4314319 0.6528638 0.6482399 0.04899984 0.759858 -0.6418129 0.05826419 0.7646448 0.5458885 -0.5515357 0.6307251 0.1409892 -0.8603962 0.4897353 0.5381034 -0.121221 -0.8341165 0.1462973 -0.4548334 -0.8784781 -0.6364394 0.4381744 -0.6347819 0.6555932 0.4094764 -0.6344498 -0.6296885 -0.04392343 -0.7756051 -0.2711279 0.7960452 -0.5411117 -0.2703619 0.3763629 0.8861465 0.5369954 0.8227412 0.1863682 0.6528827 0.5427194 -0.5283938 -0.03919494 0.4828856 -0.8748058 -0.5777036 0.7250359 -0.3749421 -0.2231127 0.9342701 0.2781369 -0.3596965 0.7284263 0.5831069 0.6804923 0.5677706 0.4632136 0.8379999 0.1834582 -0.5139061 -0.1076936 0.1028436 -0.9888505 -0.8299642 0.4561266 -0.3211044 0.9850313 -0.08920317 0.1475003 0.9850316 -0.08920145 0.1474988 0.9850316 -0.08921056 0.1474936 0.9850327 -0.0892021 0.1474906 0.9850313 -0.08919835 0.1475024 0.9850313 -0.08920246 0.1474999 0.9850313 -0.08920282 0.1475002 0.9850319 -0.08919972 0.1474981 0.9850327 -0.08919537 0.1474953 0.9850312 -0.08919501 0.147506 0.9850304 -0.08920216 0.1475064 0.9850323 -0.08920508 0.1474919 0.9850327 -0.08919179 0.1474972 0.9850306 -0.08920282 0.1475046 0.9850313 -0.08920931 0.1474964 -0.2471301 -0.2510512 -0.9358954 -0.4929045 0.451853 -0.743555 0.09891819 0.871688 -0.4799743 0.7377478 0.4365882 -0.5148971 0.5392212 -0.2568287 -0.8020472 0.6330717 -0.5523544 -0.542333 -0.4111922 -0.5523461 -0.7251447 -0.7792626 0.4186255 -0.4663718 0.03187495 0.9939569 -0.1050415 0.9056548 0.3962184 -0.1509982 -0.2131577 -0.06226354 -0.9750319 -0.5735313 0.5271738 -0.6270167 -0.04080933 0.9607245 -0.2744869 0.6525883 0.6420652 -0.4023442 0.5474796 0.007293164 -0.8367872 0.6900849 -0.3210903 -0.6486015 -0.3498996 -0.4158953 -0.8394054 -0.8442008 0.3922032 -0.3653788 -0.1139326 0.9864689 0.1178916 0.8348414 0.547656 -0.05579262 -0.08078962 0.2227254 -0.9715279 -0.5380473 0.6590707 -0.5254816 -0.09909099 0.9949871 0.01347887 0.6326297 0.7685017 -0.09583777 0.6426995 0.3119307 -0.6997404 0.7946975 -0.07202804 -0.6027172 -0.198406 -0.1622819 -0.9665918 -0.8252382 0.4368769 -0.3579396 -0.2235196 0.8972283 0.3808154 0.7777485 0.5843406 0.2316324 -0.4651459 0.8822631 0.0724644 -0.5152018 0.4649149 0.7200148 0.2015748 0.2743168 0.9402755 0.6979673 0.5761513 0.4253134 0.2828877 0.9526154 -0.1117962 0.9233839 0.2862619 0.2557664 0.3565503 0.8026509 -0.478146 -0.6496399 0.7317273 -0.2062605 -0.7367199 0.1368247 0.6622106 0.2258162 -0.09943342 0.9690821 -0.1156622 -0.943766 0.3097226 -0.1156625 -0.9437702 0.3097099 -0.1697904 -0.9155588 0.3645865 -0.1697824 -0.9155659 0.3645727 -0.2227705 -0.8812138 0.416936 -0.2227665 -0.8812111 0.4169437 -0.03921186 0.482846 -0.8748269 -0.5776803 0.7250518 -0.3749473 -0.2231298 0.934258 0.278164 0.5370137 0.8227189 0.1864141 0.6529042 0.5426907 -0.5283967 0.838004 0.1834533 -0.5139012 -0.1076828 0.1028417 -0.9888519 -0.8299624 0.4561298 -0.3211045 -0.3596929 0.7284351 0.5830981 0.6804825 0.5677751 0.4632225 -0.03920847 0.4828534 -0.8748231 -0.5777011 0.7250376 -0.3749425 -0.2231314 0.934257 0.2781659 0.5369939 0.8227425 0.1863667 0.6528838 0.5427175 -0.5283943 0.8379992 0.1834362 -0.5139148 -0.1076867 0.1028427 -0.9888514 -0.8299767 0.4561126 -0.3210918 -0.3596966 0.7284264 0.5831066 0.6804991 0.5677677 0.4632073 -0.2131584 -0.06226551 -0.9750316 -0.5735262 0.5271752 -0.6270201 -0.04079782 0.9607147 -0.2745232 0.6525725 0.6420648 -0.4023705 0.5475022 0.007253944 -0.8367729 0.6900753 -0.3210781 -0.6486176 -0.3499015 -0.4158946 -0.839405 -0.8441948 0.3922448 -0.3653479 -0.1138848 0.9864737 0.1178983 0.8348394 0.5476592 -0.0557903 0.004127502 -0.3962296 -0.9181423 -0.07105135 -0.3761239 -0.9238412 0.004126846 -0.3962314 -0.9181415 -0.07105016 -0.3761143 -0.9238452 -0.5608957 -0.3531899 -0.7487677 -0.560911 -0.3531877 -0.7487573 -0.8596667 -0.2901291 -0.4204739 -0.859663 -0.2901442 -0.4204712 -0.9085149 -0.284383 -0.3061488 -0.9085022 -0.2844167 -0.306155 -0.9677854 -0.2496135 -0.03293287 -0.9677848 -0.2496156 -0.03293365 -0.9290748 -0.2595447 0.2635464 -0.9290834 -0.2595095 0.2635507 -0.7052797 -0.3331585 0.6257683 -0.705289 -0.3331279 0.6257741 -0.2542077 -0.4370762 0.862753 -0.2542235 -0.4370696 0.8627518 -0.01163738 -0.4933925 0.869729 -0.01163744 -0.4933928 0.8697288 0.4590049 -0.3810262 0.8025794 0.6831296 -0.3733053 0.6276761 0.4590064 -0.3809953 0.8025932 0.683129 -0.3733137 0.6276717 0.9107831 -0.3133178 0.2688983 0.9107891 -0.3132977 0.2689009 0.9519418 -0.3053244 -0.02416622 0.9519504 -0.305298 -0.02416056 0.8950175 -0.3353682 -0.294061 0.8950048 -0.3353959 -0.2940681 0.8484659 -0.338096 -0.4071815 0.8484692 -0.3380858 -0.4071831 0.5576215 -0.3831776 -0.7363648 0.5576298 -0.3832067 -0.7363434 0.1542568 -0.3616749 -0.9194543 0.1542581 -0.3616641 -0.9194583 -0.9046605 0.1550686 0.396917 -0.5781343 0.4151259 0.7024467 -0.8157491 0.4034476 0.4144677 -0.6678213 0.1245166 0.7338327 -0.3912016 0.870684 -0.298112 -0.5474177 0.6310805 -0.5496101 -0.7984187 0.5467068 -0.2522687 -0.8924494 0.2810831 -0.3528828 -0.9779525 0.1980465 0.0662325 -0.9172837 0.3909271 0.07593774 -0.8219274 0.4205901 0.3841086 -0.5797768 0.4590545 0.6731477 -0.2945796 0.6861723 0.6651244 -0.4167829 0.6987494 0.5814133 -0.3812439 0.406848 0.8301373 -0.4591371 0.09644359 0.8831148 -0.2582581 0.5907387 0.7644152 -0.3650085 0.7926425 0.4883511 -0.6256847 0.7041488 0.335698 -0.7811158 0.6175172 0.09236192 -0.8279656 0.4894126 -0.2737673 -0.6214397 0.3489718 -0.7014495 -0.3765673 0.6511027 -0.6589858 -0.2781487 0.8826332 -0.3789353 -0.2460708 0.9587788 -0.1421003 -0.682427 0.7158233 -0.1479545 -0.5160551 0.7279905 -0.4513504 -0.4576295 0.3670232 -0.8098576 -0.2125014 0.8415286 -0.4966617 -0.1062012 0.8008873 0.5893225 0.001717805 0.7790628 0.6269436 -0.4892377 0.8559789 -0.1671729 -0.2748922 0.9447842 -0.1783735 -0.04081356 0.9606704 -0.2746758 0.01090836 0.95819 -0.2859252 -0.8867727 0.4499836 0.1055884 -0.5680456 0.8160305 -0.1068583 -0.297115 0.9448649 -0.1376698 -0.2338164 0.9718275 0.02968919 -0.342161 0.9396048 -0.008301258 -0.2471814 0.9535962 0.1719176 -0.3749822 0.9125646 0.1631382 -0.3454475 0.8771144 0.3336711 -0.6451039 0.7507277 0.1422986 -0.5927081 0.7070147 0.3857817 -0.2366902 0.92029 0.3115191 -0.3029246 0.8361421 0.4572781 -0.2520565 0.847386 0.4673377 0.8860803 0.3765118 0.2703715 0.9230213 0.3844795 -0.01439344 0.7537613 0.657032 0.01236683 0.6629035 0.6626591 -0.3484853 0.3128623 0.9497306 -0.01135736 0.3250799 0.8063357 -0.4941112 0.7397852 0.4965308 -0.454065 0.3397749 0.5876561 -0.7343115 9.68331e-7 0.6226254 -0.7825201 -0.7043659 0.3655524 0.6084737 -0.3572127 0.3438244 0.8684376 -0.3293793 0.6031786 0.7264192 -0.6320844 0.5221204 0.5725904 -0.310745 0.8807564 0.3573597 -0.7255185 0.6150922 0.3086819 -0.753759 0.6570345 0.01237076 -0.8860802 0.3765119 0.2703719 -0.9230086 0.3845043 -0.0145443 -0.6629046 0.6626609 -0.3484798 -0.7397852 0.4965302 -0.4540656 -0.3250774 0.8063381 -0.4941091 -0.3397733 0.5876549 -0.7343133 2.87666e-6 0.8301408 -0.5575537 -5.3132e-7 0.9981352 -0.06104344 0.3107458 0.8807563 0.3573591 0.3293811 0.6031776 0.7264193 0.6320843 0.5221204 0.5725904 0.7255159 0.6150979 0.3086767 4.07664e-7 0.9252021 0.3794746 1.58465e-6 0.6065644 0.7950344 0.704366 0.3655511 0.6084743 0.3571926 0.3434916 0.8685775 0 0.3359753 0.9418708 -0.3128389 0.9497378 -0.01140558 -0.1372848 0.9788081 0.1519469 0.6261314 0.7753479 0.08243376 0.7036159 0.395618 -0.5902637 0.8483923 0.02298176 -0.528869 0.7432591 0.5434336 0.390187 -0.2690677 0.825051 0.4968837 -0.5160593 0.7279839 -0.451356 -0.7955996 0.4850926 -0.3629141 -0.1052499 -0.01248443 -0.9943675 0.005868434 0.3689723 -0.929422 -0.01496773 -0.9859393 -0.166432 -0.01499128 -0.9859423 -0.1664131 -0.01498109 -0.9859407 -0.1664233 -0.0149616 -0.9859385 -0.1664375 0.9997954 0.01728361 -0.01051419 0.9997979 0.01715975 -0.01046854 0.9998011 0.01700878 -0.01041287 0.9997925 0.01741981 -0.01056444 -0.01499235 -0.9859411 -0.1664196 -0.0149672 -0.9859387 -0.1664359 -0.01497477 -0.9859408 -0.1664233 -0.01495951 -0.9859384 -0.1664386 -0.9995143 0.02999198 -0.00846666 -0.9994902 0.03071308 -0.008732736 -0.9995102 0.03011423 -0.008510887 -0.9994928 0.03063392 -0.008702814 1.16524e-5 -0.9618064 -0.2737309 7.28955e-6 -0.9618072 -0.273728 7.46739e-7 -0.9618085 -0.2737236 1.84167e-5 -0.9618051 -0.2737355 -0.4644823 0.877855 0.1167344 -0.5781175 0.4151337 0.7024559 0.1447181 0.1942039 0.9702277 0.6732414 0.5324392 0.5130835 0.293692 0.9557762 -0.01538783 0.9072694 0.2552469 0.3342328 0.3890157 0.8356841 -0.3876839 -0.649553 0.7317848 -0.2063297 -0.7753601 0.08915543 0.6251943 0.1852768 -0.2064427 0.960757 -0.3597034 0.7284263 0.5831025 0.3992837 0.6140986 0.6807757 0.7191921 0.6940133 -0.03329062 0.9263241 0.3574031 -0.1191082 0.4715498 0.2533098 0.8446746 -0.5781363 0.4151479 0.7024321 -0.5173307 0.8365531 -0.1804108 -0.7658721 0.5568427 -0.3215063 0.1833218 0.5370705 -0.8233764 0.1585376 0.815818 -0.5561537 0.0508182 -0.350214 0.9352902 0.05083078 -0.3502429 0.9352787 0.05082046 -0.3502382 0.935281 0.05082291 -0.3502008 0.9352949 0.01045298 -0.7842157 -0.6204004 7.49578e-4 -0.8583421 -0.5130773 -0.03319382 -0.8690089 -0.4936819 0.01045644 -0.7842205 -0.6203942 -0.03922277 0.4828946 -0.8747997 -0.03919208 0.4828798 -0.8748093 -0.03919374 0.4828833 -0.8748073 -0.03918236 0.4828873 -0.8748055 -0.01764684 0.3960035 0.9180794 -0.01746684 0.3958992 0.9181278 -0.01775455 0.3960576 0.9180541 -0.01752531 0.3959271 0.9181148 -0.00713247 -0.3121064 0.9500204 -0.006201624 -0.4243098 0.9054959 -0.00715965 -0.3121075 0.9500198 -0.00614351 -0.4243218 0.9054906 -0.01041036 -0.6659188 0.7459515 -0.0103507 -0.6659531 0.7459219 -0.01515728 -0.8246686 0.5654133 -0.01515603 -0.8246749 0.5654041 -0.01495689 -0.8506191 0.5255697 -0.01491957 -0.8506214 0.525567 -0.3596987 0.7284229 0.5831097 0.3992694 0.6141595 0.6807291 0.7409738 0.6713882 -0.01399576 0.9488017 0.3016061 -0.09385704 0.4715911 0.2533368 0.8446434 -0.5781492 0.4151378 0.7024273 -0.4892274 0.8559842 -0.1671758 -0.7452951 0.5871589 -0.3158795 0.1833351 0.5370512 -0.8233859 0.1885744 0.8213596 -0.5383383 0.06325703 0.9539219 -0.2933117 0.06309521 0.953965 -0.2932062 0.06311506 0.9539593 -0.2932204 0.06311118 0.9539608 -0.2932164 1.68698e-4 -0.9579204 0.2870341 1.62811e-4 -0.9579198 0.2870359 1.53081e-4 -0.95792 0.2870358 1.88251e-4 -0.9579206 0.2870337 0.05914986 0.7701061 0.6351677 0.05921804 0.7700453 0.635235 0.05917966 0.7700785 0.6351983 0.05920565 0.7700559 0.6352233 -0.001821815 -0.7609882 -0.6487632 -0.001823306 -0.7609858 -0.648766 -0.001824975 -0.7609873 -0.6487643 -0.001804709 -0.7609944 -0.6487559 -0.02131438 -0.7173124 0.6964257 -0.009656012 -0.9744927 0.2242116 -0.02128869 -0.7173071 0.6964319 -0.009661734 -0.9744914 0.2242171 -0.02364069 -0.7114709 -0.7023178 -0.02363443 -0.7114713 -0.7023177 -0.03527945 -0.2977713 -0.9539852 -0.03527504 -0.2977698 -0.9539858 -0.4064416 0.6354752 0.6564881 0.3327932 0.4722823 0.8162096 0.754486 0.6300579 0.1837881 0.9520286 0.3005763 0.05740725 0.3762805 0.08612686 0.922494 -0.6360131 0.3116762 0.7059358 -0.4443663 0.8930841 -0.07028061 -0.686863 0.6745272 -0.2706146 0.291811 0.6590145 -0.6932145 0.2709996 0.8908248 -0.3646786 0.08705115 -0.439487 -0.8940209 0.0870487 -0.4394708 -0.894029 0.08705049 -0.4394719 -0.8940283 0.08704876 -0.4394494 -0.8940396 -0.009662091 -0.97449 0.2242233 -0.01168209 -0.919344 0.3932815 -0.009664475 -0.9744896 0.2242249 -0.0116508 -0.9193344 0.3933048 -0.01496022 -0.9859387 -0.1664363 -0.0149461 -0.9859425 -0.1664153 -0.01495969 -0.9859384 -0.1664385 -0.01496523 -0.9859402 -0.1664276 -0.01495581 -0.9859376 -0.1664435 -0.01497101 -0.9859408 -0.1664231 -0.01498192 -0.9859408 -0.166422 -0.01495683 -0.9859371 -0.1664461 -0.01496744 -0.9859393 -0.1664319 0.02452045 -0.9822757 -0.1858317 0.02431452 -0.9822744 -0.1858657 -0.1438199 -0.01563954 0.9894804 -0.1438198 -0.01565438 0.9894801 -0.1438291 -0.01566255 0.9894787 -0.1438325 -0.01566326 0.9894781 0.1439578 -0.01563465 0.9894604 0.1439629 -0.01564979 0.9894593 0.1439678 -0.01565766 0.9894585 0.1439661 -0.01565408 0.9894589 0.01668941 -0.2992798 0.9540195 0.07796251 -0.3432192 0.9360142 0.0167039 -0.2992797 0.9540192 0.07792109 -0.3432117 0.9360203 0.1168344 -0.3495154 0.9296175 0.1170772 -0.349196 0.929707 0.1835699 -0.336577 0.9235898 0.1835801 -0.3365837 0.9235854 0.2494998 -0.2934671 0.9228364 0.2499811 -0.2929581 0.9228678 0.3193157 -0.244832 0.9154753 0.3193299 -0.2448405 0.915468 -0.05941772 -0.2373026 0.969617 -0.05914884 -0.2376327 0.9695525 0.3092215 -0.1531434 0.9385784 0.3099391 -0.1531055 0.9383478 0.2917109 -0.0771144 0.953393 0.2916209 -0.07700306 0.9534295 0.2500046 -0.01591187 0.968114 0.2494763 -0.01556932 0.9682558 0.1835594 0.02556252 0.9826763 0.1835291 0.0255956 0.982681 0.1171914 0.03523874 0.992484 0.1170933 0.03536951 0.9924909 0.07793229 0.02787715 0.9965689 0.07794427 0.02787905 0.9965679 0.01668578 -0.01948416 0.9996709 0.0166974 -0.01948428 0.9996708 -0.05949997 -0.08333593 0.9947437 -0.05910313 -0.08287197 0.994806 -0.07719582 -0.1605563 0.9840034 -0.07674193 -0.1605601 0.9840382 -0.4434847 0.5807613 0.6826695 0.2913281 0.4167362 0.8610801 0.7356679 0.6255792 0.2596989 0.9437023 0.3091278 0.1177546 0.336782 0.02458369 0.9412617 -0.6694744 0.2511577 0.699088 -0.4560575 0.889606 -0.02475535 -0.6868407 0.6745398 -0.2706402 0.3086216 0.7112487 -0.631568 0.2705751 0.9184601 -0.2884792 0.3990079 0.1240267 0.9085209 0.3541956 0.1519998 0.9227359 0.4681102 0.1679973 0.867554 0.005065917 0.09093868 0.9958437 0.005044519 0.09087294 0.9958498 -0.351489 0.1532021 0.9235717 -0.394322 0.1244093 0.9105122 -0.46811 0.1679964 0.8675542 -0.4682807 0.1670762 0.8676398 -0.4680937 0.1679975 0.8675628 -0.4680982 0.1679942 0.867561 -0.4360464 0.09524583 0.8948697 -0.3703309 0.05630642 0.9271918 6.74678e-5 0.04315215 0.9990685 0.3838413 0.05724328 0.9216232 0.4426111 0.09564274 0.8915985 0.4680919 0.1679988 0.8675636 0.4681079 0.1680001 0.8675546 0.4680956 0.1679953 0.8675622 -0.01497352 -0.9859349 -0.1664584 -0.2531541 -0.9563806 -0.1457719 -0.0149582 -0.9859386 -0.1664379 -0.2531888 -0.9563742 -0.1457529 -0.9015037 -0.4327637 0.002616941 -0.8391361 -0.5439167 0.002301931 -0.9015033 -0.4327645 0.002616167 -0.8391346 -0.5439191 0.002284705 -0.763081 -0.6463009 0.00163424 -0.7631374 -0.6462336 0.001900196 0.2531803 -0.9563768 -0.1457503 0.2531856 -0.9563758 -0.1457473 -0.9198336 -0.390886 -0.03338313 -0.9998065 -0.003170609 0.01941645 -0.9198633 -0.3908157 -0.03338587 -0.9998079 -0.003158986 0.01934713 -0.9198353 0.3812189 0.09260177 -0.919862 0.3811601 0.09257954 -0.7025697 0.6917498 0.1669675 -0.7025749 0.6917454 0.1669635 -0.3783648 0.8960685 0.2321672 -0.3785754 0.8960055 0.2320668 -0.01027435 0.963033 0.2691879 -0.01025843 0.9630336 0.2691859 0.3595927 0.8910441 0.2770082 0.3595999 0.8910124 0.2771012 0.6876015 0.6810134 0.2518432 0.6876573 0.6809429 0.2518813 0.9083305 0.3649196 0.2043757 0.9083013 0.3650101 0.2043442 0.9897021 -0.02305489 0.1412743 0.9897577 -0.02299332 0.1408933 0.9083153 -0.4109969 0.0777505 0.9082999 -0.4110361 0.07772153 0.6876017 -0.7257459 0.02229261 0.6876298 -0.7257183 0.0223245 0.3597442 -0.9328238 -0.02058827 0.3597506 -0.9328219 -0.02056014 -0.01028704 -0.998651 -0.05089521 -0.01031148 -0.9986497 -0.05091685 -0.3786348 -0.923276 -0.06478655 -0.3787513 -0.923225 -0.06483089 -0.7025386 -0.7089765 -0.06158053 -0.7026321 -0.7088806 -0.0616157 -0.447422 0.2119362 0.8688479 0.277774 -0.04198938 0.9597284 0.7437055 0.406761 0.5305165 0.947557 0.1855076 0.2602356 0.3112525 -0.4277691 0.8486081 -0.6822338 -0.07914948 0.7268374 -0.4327287 0.8145092 0.3864203 -0.6619804 0.7466149 0.06594097 0.3436381 0.9120677 -0.2237082 0.3015178 0.9370964 0.17589 -0.07781755 -0.3432109 0.9360293 0.01680213 -0.2990496 0.9540897 0.01661372 -0.2992883 0.9540181 -0.07782554 -0.3432106 0.9360287 -0.1171942 -0.3488531 0.9298211 -0.1170858 -0.3491007 0.9297418 -0.1859815 -0.3324411 0.9246047 -0.1864457 -0.3323592 0.9245407 -0.2495236 -0.293422 0.9228443 -0.2499856 -0.2929554 0.9228675 -0.3193129 -0.2448339 0.9154756 -0.3193208 -0.2448371 0.915472 0.0593633 -0.2373765 0.9696022 0.05906593 -0.2376461 0.9695544 0.05941295 -0.08322489 0.9947581 0.07720625 -0.1605565 0.9840025 0.05912202 -0.08287608 0.9948046 0.07674562 -0.1605636 0.9840374 0.01680809 -0.01972824 0.9996641 0.01637053 -0.01945763 0.9996767 -0.07778066 0.02787756 0.9965807 -0.07779312 0.02787905 0.9965797 -0.1171903 0.03523838 0.9924841 -0.1170979 0.03532171 0.992492 -0.1859745 0.0213204 0.9823232 -0.1866334 0.0213887 0.9821968 -0.2496542 -0.01533812 0.9682136 -0.2498489 -0.01557916 0.9681596 -0.29171 -0.07711392 0.9533933 -0.2916157 -0.07700306 0.9534311 -0.3092222 -0.1531431 0.9385781 -0.3087942 -0.1531663 0.9387153 0.9072627 0.2551636 0.3343144 0.2257992 -0.09937053 0.9690926 0.2620295 -0.4694896 0.8431609 -0.5088788 0.113862 0.8532748 -0.7145755 -0.1799122 0.6760277 -0.5085505 0.7521816 0.4190457 -0.7142255 0.6952304 0.08084958 0.3201687 0.9374397 -0.1367441 0.2261246 0.9377895 0.263474 0.6831769 0.4106159 0.6038742 -0.4913556 -0.2945825 0.8196285 0.2619936 -0.4694542 0.8431916 0.6630183 0.1847433 0.7254493 0.903298 0.1499915 0.4019394 0.3556114 -0.7448909 0.5645158 -0.6761988 -0.5063713 0.5351107 -0.579787 0.4590664 0.6731308 -0.7685146 0.532284 0.355048 0.2261182 0.9377808 0.2635104 0.1527858 0.761775 0.6295677 0.9590063 0.1291815 -0.2522282 0.9746001 0.1401252 -0.1746986 0.9590106 0.1292071 -0.2521987 0.974605 0.1401082 -0.1746847 0.9883745 0.1452904 -0.04479604 0.9883727 0.1453065 -0.0447824 0.9770303 0.2099392 -0.03657126 0.9770349 0.2099197 -0.03656053 0.9587206 0.2738373 -0.07660371 0.9587167 0.2738478 -0.07661348 0.9587115 0.2738636 -0.07662415 0.9587177 0.2738469 -0.07660585 -0.5034102 -0.4047923 0.7633619 0.2522394 -0.5700294 0.7819476 0.6626618 0.08286976 0.7443198 0.8917105 0.1102381 0.4389761 0.3565372 -0.8059362 0.4725971 -0.6785784 -0.5807678 0.4497113 -0.5812191 0.3625032 0.7285436 -0.7850892 0.4711182 0.4020978 0.183436 0.9000291 0.3953466 0.1256383 0.6767683 0.7253963 -0.5040712 0.03050649 -0.8631232 -0.3255329 0.03660249 -0.944822 -0.5041095 0.03049647 -0.8631011 -0.3255466 0.03659701 -0.9448176 0.0294066 0.04902708 -0.9983645 0.02946454 0.04904729 -0.9983618 0.3306146 0.04734259 -0.9425777 0.3306005 0.04734897 -0.9425824 0.4619457 0.03824442 -0.8860833 0.4619437 0.03824615 -0.8860843 -0.5152484 0.4648727 0.7200087 0.2015752 0.2743086 0.9402777 0.697955 0.5761621 0.425319 0.9233849 0.2862539 0.2557717 0.2258152 -0.09943598 0.9690821 -0.7366769 0.1367871 0.6622661 -0.4651278 0.8822714 0.07248151 -0.6496189 0.7317507 -0.206243 0.3565669 0.8026463 -0.4781411 0.2828843 0.9526197 -0.1117683 -0.9971682 -0.01926279 0.07269626 -0.997168 -0.01925927 0.07269781 -0.9930005 -0.05576425 0.1041175 -0.9971687 -0.01925235 0.07269167 -0.9737495 -0.1050198 0.2019477 -0.9563528 -0.117361 0.2676115 -0.9563468 -0.11734 0.2676416 -0.9737492 -0.1049899 0.2019647 -0.9930016 -0.05572968 0.1041254 -0.9971686 -0.01924693 0.0726943 -0.9971692 -0.01924139 0.07268691 -0.9971694 -0.01924037 0.07268518 0.007713615 0.9872751 0.1588349 0.007714331 0.987276 0.1588297 0.00769484 0.9872751 0.1588358 0.007689177 0.9872748 0.1588375 0.007705092 0.9872744 0.1588401 0.007688462 0.9872762 0.1588289 0.007699191 0.9872749 0.1588362 0.007700026 0.9872748 0.1588367 0.007697939 0.9872757 0.1588318 0.007698297 0.9872759 0.1588302 0.007704615 0.9872737 0.1588438 0.007696986 0.9872765 0.158827 0.007707715 0.9872752 0.1588342 0.007680475 0.9872755 0.158834 0.9971681 -0.0192601 0.07269656 0.9971672 -0.01925659 0.07270961 0.9971694 -0.01923966 0.07268464 0.9930002 -0.05576306 0.1041206 0.9563603 -0.117389 0.267572 0.9737495 -0.1050196 0.2019479 0.9563547 -0.1173677 0.2676016 0.9737491 -0.1049892 0.2019656 0.9930015 -0.0557295 0.1041266 0.9971687 -0.01924878 0.07269364 0.9971689 -0.01924711 0.0726909 0.9971695 -0.01923865 0.07268339 -0.09877038 0.9721277 -0.2126312 -0.1549888 0.7770382 -0.610074 -0.0987637 0.9721369 -0.2125926 -0.1549702 0.7770105 -0.6101139 -0.1875567 0.4293456 -0.8834506 -0.1875029 0.4292682 -0.8834995 -0.1939408 -0.001636624 -0.9810119 -0.1939657 -0.001601874 -0.9810071 -0.1739938 -0.4328647 -0.8845081 -0.1742133 -0.4328024 -0.8844953 -0.1286691 -0.7804285 -0.6118625 -0.1286568 -0.7803956 -0.6119071 -0.06234425 -0.9744275 -0.2158803 -0.06234002 -0.9744201 -0.2159147 -0.01440018 -0.974449 0.2241471 -0.0143947 -0.9744545 0.2241237 0.0847724 -0.7805415 0.6193293 0.08476966 -0.7805082 0.6193716 0.1306633 -0.4331113 0.8918193 0.1306735 -0.4331768 0.8917861 0.1396248 -0.002039253 0.9902024 0.1396217 -0.002028405 0.9902029 0.09808689 0.4020502 0.9103487 0.09808611 0.4020469 0.9103502 0.04904782 0.7783221 0.6259465 0.04906946 0.7782935 0.6259806 -0.02620184 0.9728976 0.2297473 -0.02620375 0.9728977 0.2297468 -0.4713624 0.842862 0.2596173 -0.4713692 0.84286 0.2596119 -0.4023926 0.6748339 0.618611 -0.5303702 0.8364043 -0.1383311 -0.5303673 0.836407 -0.1383257 -0.5677045 0.6567344 -0.4963987 -0.5677043 0.6567281 -0.4964072 -0.5759967 0.3394543 -0.7436388 -0.5759973 0.3394432 -0.7436434 -0.553593 -0.05263376 -0.8311225 -0.5535938 -0.05264037 -0.8311216 -0.5049381 -0.4418268 -0.741503 -0.5049297 -0.4418367 -0.7415028 -0.4396384 -0.7510834 -0.4925363 -0.4396278 -0.7510861 -0.4925416 -0.3706557 -0.9191216 -0.1335285 -0.3706595 -0.919122 -0.1335148 -0.3116607 -0.9126603 0.2644221 -0.3116621 -0.9126562 0.2644341 -0.2743159 -0.7329916 0.6224743 -0.2743191 -0.7329959 0.6224677 -0.2660133 -0.415696 0.869732 -0.2660199 -0.4156932 0.8697313 -0.2884324 -0.02362608 0.9572088 -0.2884434 -0.02361524 0.9572057 -0.3371072 0.3655806 0.8675884 -0.3371109 0.3655705 0.8675912 -0.4023854 0.6748439 0.6186048 0.038513 0.8780257 -0.4770616 0.6959075 0.4746707 -0.5388883 0.5205017 -0.226049 -0.8233954 0.6382171 -0.5180155 -0.5695077 0.8790775 0.4406493 -0.1817997 -0.02008348 0.9948802 -0.09904599 -0.5417303 0.4312958 -0.7214655 -0.8155899 0.3826613 -0.4340317 -0.4112018 -0.5523532 -0.7251338 -0.2471327 -0.2510506 -0.9358948 -0.988373 0.1453053 -0.04478168 -0.9883723 0.1453103 -0.04478144 -0.9759902 0.204878 0.07394748 -0.9911213 0.04009777 -0.1267703 -0.9911211 0.04010003 -0.1267715 -0.9836915 -0.08991104 -0.155779 -0.9836918 -0.08991003 -0.1557775 -0.9675562 -0.218963 -0.1260569 -0.9675568 -0.2189612 -0.1260554 -0.9459079 -0.3215058 -0.04350167 -0.9459082 -0.3215054 -0.04349857 -0.9230365 -0.3772245 0.07553541 -0.9230359 -0.3772267 0.07553148 -0.9034731 -0.3750811 0.2074858 -0.9034745 -0.3750799 0.2074823 -0.8910937 -0.3154975 0.3262107 -0.8910944 -0.3154996 0.3262069 -0.8883446 -0.2102864 0.4081954 -0.8883444 -0.2102869 0.4081957 -0.8957717 -0.08028364 0.4372044 -0.8957704 -0.08028584 0.4372068 -0.9119068 0.0487647 0.4074901 -0.9119063 0.04876565 0.407491 -0.9335567 0.1513031 0.32493 -0.9335563 0.1512999 0.3249324 -0.9564265 0.2070186 0.2058926 -0.9564266 0.2070191 0.2058914 -0.9759908 0.204875 0.07394665 -0.09910416 0.9949854 0.01350742 0.6326383 0.7684972 -0.09581774 0.6427007 0.3119431 -0.6997338 0.7946981 -0.07202881 -0.6027163 0.7777454 0.5843433 0.2316352 -0.2234642 0.8972341 0.3808343 -0.5380294 0.6590784 -0.5254904 -0.8252382 0.4368736 -0.3579432 -0.1984022 -0.1622833 -0.9665924 -0.08076769 0.2227619 -0.9715213 0.09807503 0.4020549 0.9103478 0.09807604 0.4020566 0.910347 0.09807544 0.4020555 0.9103475 0.09810692 0.4020385 0.9103516 0.09810739 0.4020393 0.9103513 0.09810727 0.402039 0.9103513 0.1156681 -0.9437673 0.3097165 0.1697914 -0.9155588 0.3645861 0.1156625 -0.9437698 0.3097106 0.169783 -0.9155659 0.3645724 0.2227531 -0.8811979 0.4169789 0.2227711 -0.8812108 0.4169422 0.7117365 -0.6761239 0.1904935 0.3772711 -0.8623205 0.3377426 -0.01515126 -0.8246848 0.5653898 -0.01165735 -0.9193358 0.3933012 -0.404537 -0.8496819 0.338217 -0.7402662 -0.6454859 0.1880262 -0.7746223 -0.6224634 -0.1118022 -0.8800601 -0.4695734 -0.07067638 -0.009778439 -0.9840772 -0.1774728 -0.002531528 -0.6270926 -0.7789406 -0.7004501 -0.6056739 -0.3775302 -0.6547198 -0.7487955 -0.1031863 -0.5919218 -0.8021023 0.07912379 -0.4408785 -0.8906265 0.1114026 -0.2254413 -0.9699041 0.09199124 0.01206439 -0.9944574 0.1044471 0.2034941 -0.9746493 0.09300088 0.4158306 -0.9023686 0.1132072 0.5642357 -0.8214828 0.08248639 0.6287937 -0.7716717 -0.09561043 0.7490063 -0.6544955 -0.1030781 -0.5030457 -0.8115808 -0.2971226 0.6819012 -0.6345666 -0.3637801 0.8568593 -0.5118296 -0.06182873 0.3749158 -0.7041987 -0.6029448 -0.001821577 -0.7609781 -0.6487751 -0.3833693 -0.6899184 -0.6140364 -0.2468112 -0.8919555 -0.3788133 0.04552662 -0.9043821 -0.4242883 0.233949 -0.8978267 -0.3730618 0.4836311 -0.8266622 -0.2876293 -0.1372612 0.9788148 0.1519244 0.6055399 0.7949255 0.03761863 0.6556151 0.4094406 -0.6344504 0.8149064 0.04206359 -0.5780643 0.7474914 0.5704436 0.3403687 -0.2692134 0.825034 0.496833 -0.5465071 0.7095796 -0.4447773 -0.8299719 0.4561954 -0.3209868 -0.1624643 -0.02786564 -0.9863209 -0.05950999 0.3575237 -0.9320061 0.3201942 0.2794055 -0.9052118 0.4764469 0.3022392 -0.8256209 0.4764513 0.3022423 -0.8256171 0.3202062 0.2794106 -0.905206 0 0.2296432 -0.9732749 -1.19786e-6 0.2299302 -0.9732072 -0.3408499 0.2672301 -0.9013377 -0.3408606 0.2672184 -0.9013371 -0.4764438 0.302237 -0.8256234 -0.4764482 0.3022409 -0.8256196 0.2532418 0.9668661 0.03222656 0.3201487 0.9374448 -0.1367563 0.2828873 0.9526153 -0.1117988 0.417781 0.8580447 -0.2986947 0.3030883 0.873782 -0.3803189 0.5748955 0.6048921 -0.5509999 0.4022825 0.633274 -0.6611603 0.6426996 0.3119388 -0.6997367 0.4793387 0.3396817 -0.8092285 0.544073 0.707005 -0.4518059 0.356218 0.7198045 -0.5958106 0.8530128 0.4467447 -0.2697932 0.9095877 0.2275854 -0.3476423 0.8254356 0.5065906 -0.2490425 0.5961266 0.7961354 -0.1039318 0.3644184 0.9312193 -0.005461215 0.2631516 0.9485612 0.1760201 0.2989897 0.9375727 -0.177659 0.1205856 0.9650298 -0.2327587 0.5099321 0.8403658 -0.1837245 0.7118331 0.6872282 -0.1449525 0.8071614 0.5815728 0.1013094 0.9359576 0.3416361 0.08525353 0.9877552 0.1373656 0.07396209 0.9077597 0.4037619 0.1137928 0.6691687 0.7275437 0.151306 0.3952773 0.9027614 0.1696401 0.3606384 0.8674506 0.3427382 0.2505037 0.9148634 0.316659 0.6072243 0.6863618 0.4002328 0.8284976 0.3603731 0.4286293 0.908292 0.0968821 0.4069639 0.8356932 0.3788999 0.3975573 0.6458261 0.679497 0.3481275 0.3134251 0.827232 0.4663177 0.4239909 0.6835209 0.594164 0.5809842 0.3848603 0.717175 0.6627017 0.0828976 0.7442812 0.5845177 0.4316599 0.6870289 0.3768215 0.7808925 0.4982092 0.2620659 0.8403359 0.4745073 0.2998113 0.6743133 0.6748443 0.3791106 0.3875346 0.840293 0.4484984 0.07008755 0.8910315 0.3890956 0.4348061 0.8121259 0.2197948 0.8057735 0.5499268 0.9488039 0.3016003 -0.09385341 0.7409895 0.6713708 -0.01400178 0.3992713 0.6141514 0.6807353 0.4716073 0.253336 0.8446346 -0.3597229 0.728401 0.5831221 -0.5781418 0.415136 0.7024346 -0.4891937 0.8560059 -0.1671634 -0.7452629 0.587166 -0.3159419 0.1833879 0.5370432 -0.8233793 0.1885755 0.8213676 -0.5383257 0.780951 0.2183562 -0.5851803 0.5193836 0.8422865 0.1442023 0.6979922 0.5761419 0.4252851 -0.2231358 0.9342554 0.278168 -0.3335189 0.706026 0.6247338 -0.6364189 0.703581 -0.3161402 -0.896521 0.3928899 -0.204665 -0.1997922 0.10301 -0.9744086 -0.135916 0.4848373 -0.863979 0.5816287 0.5701624 -0.5801921 -0.3597071 0.7284288 0.5830973 0.3992664 0.6141349 0.6807531 0.7191966 0.6940087 -0.03329205 0.9263757 0.3573077 -0.1189936 0.4715446 0.2533475 0.844666 -0.5781373 0.4151535 0.7024279 -0.5173283 0.8365545 -0.1804111 -0.7658733 0.5568443 -0.3215006 0.1832843 0.5370561 -0.823394 0.158542 0.815838 -0.5561231 0.319303 -0.244821 0.9154826 0.5812881 -0.3176608 0.74913 0.8062942 -0.1540505 0.5711026 0.8062936 -0.1540661 0.5710994 0.4231038 -0.1506124 0.8934758 5.26197e-7 -0.1736204 0.9848127 3.70913e-7 -0.1180832 0.9930038 -0.4231033 -0.1506131 0.8934761 -0.3193033 -0.2448243 0.9154816 -0.8062939 -0.1540678 0.5710984 -0.9972502 0.06846112 -0.02837365 -0.9647834 0.1918438 -0.17997 -0.9647845 0.1918303 -0.1799781 -0.9972504 0.06846481 -0.02835673 -0.9667959 -0.09066998 0.2389246 -0.9668004 -0.09065759 0.2389106 -0.806294 -0.1540536 0.5711021 -0.5812795 -0.3176546 0.7491394 -0.3560134 -0.3490712 0.8668355 -0.1879467 -0.2345319 0.9537667 -0.1879295 -0.2345219 0.9537725 -2.51383e-5 -0.228408 0.9735655 0.1880578 -0.2345166 0.9537485 0.1880576 -0.2345179 0.9537484 0.3560119 -0.3490715 0.866836 0.1286689 -0.7804242 -0.611868 0.06234252 -0.9744291 -0.2158739 0.1286581 -0.7803981 -0.6119036 0.06233686 -0.9744196 -0.2159184 -0.01438313 -0.9744549 0.2241222 -0.01438337 -0.9744533 0.2241294 -0.08476924 -0.7805117 0.6193673 -0.08476865 -0.780507 0.6193732 -0.1306717 -0.433157 0.8917959 -0.1306685 -0.4331285 0.8918102 -0.1396267 -0.002038538 0.9902021 -0.1396224 -0.002027273 0.9902028 -0.09808623 0.4020501 0.9103488 -0.09808403 0.4020453 0.9103512 -0.04905164 0.7783179 0.6259514 -0.04907107 0.7782921 0.6259821 0.02623105 0.9729087 0.2296966 0.02620589 0.9728989 0.2297415 0.09876179 0.9721388 -0.2125848 0.09877145 0.9721258 -0.2126399 0.1549669 0.7770123 -0.6101124 0.1549885 0.7770413 -0.6100701 0.187494 0.4292741 -0.8834986 0.1875234 0.4293119 -0.883474 0.1939712 -0.001596033 -0.9810059 0.1939641 -0.001600265 -0.9810073 0.1740076 -0.4327733 -0.88455 0.1740036 -0.4328011 -0.8845372 0.09738373 0.7288333 0.6777305 0.05121874 0.3578854 0.9323598 0.05122345 0.3578446 0.9323752 0.09739285 0.7288335 0.6777288 0.1205689 0.965027 -0.2327792 0.1205708 0.9650205 -0.2328046 0.08518981 0.7209925 -0.6876865 0.08519703 0.7209718 -0.6877073 0.2743201 -0.7329829 0.6224827 0.2660219 -0.4156979 0.8697285 0.2743257 -0.7329905 0.6224713 0.2660235 -0.4156925 0.8697307 0.2884374 -0.02362275 0.9572073 0.2884474 -0.02361005 0.9572046 0.337102 0.3655812 0.8675902 0.33711 0.3655588 0.8675966 0.402381 0.6748388 0.6186131 0.4023594 0.6748523 0.6186125 0.4713646 0.8428613 0.2596158 0.4713781 0.8428565 0.2596065 0.530376 0.8364006 -0.1383317 0.5303788 0.8363984 -0.1383337 0.5677022 0.6567347 -0.4964008 0.5677002 0.6567371 -0.4964 0.5759936 0.3394538 -0.7436414 0.5759873 0.3394379 -0.7436535 0.5535869 -0.05262988 -0.8311268 0.5535846 -0.05263632 -0.8311279 0.5049284 -0.4418334 -0.7415056 0.5049287 -0.4418392 -0.741502 0.4396392 -0.751083 -0.4925359 0.4396396 -0.7510885 -0.4925275 0.3706549 -0.9191227 -0.1335238 0.3706572 -0.9191217 -0.1335243 0.3116642 -0.9126585 0.2644243 0.3116705 -0.912654 0.264432 -0.9998694 0.009701311 -0.0129348 -0.9998761 0.009616672 -0.0124672 -0.9998853 0.009508728 -0.01179093 -0.9998764 0.009610891 -0.01244539 -0.9998763 0.009614706 -0.01245266 -0.9998765 0.00962013 -0.01243162 -0.9981215 0.05651521 -0.02365398 -0.9981213 0.05652159 -0.02365046 -0.9981207 0.05653607 -0.02363818 -0.9981207 0.0565409 -0.02362942 -0.9998756 0.009639203 -0.01248449 -0.9998756 0.009642541 -0.01248514 -0.9998759 0.009616017 -0.01248097 -0.9998759 0.009625017 -0.01247882 -0.9981217 0.05649888 -0.02368718 -0.9981214 0.05649632 -0.02370387 -0.9978211 -0.0511738 -0.04164576 -0.9978213 -0.05116504 -0.04165047 -0.9818202 -0.1831783 -0.04974853 -0.98182 -0.1831777 -0.04975581 -0.9998762 0.009588658 -0.01248013 -0.9995127 -0.03050112 -0.006644725 -0.9995127 -0.03049588 -0.006664514 -0.9998758 0.00963664 -0.01247888 -0.9998758 0.009616792 -0.01248663 -0.9998762 0.009628832 -0.01245111 -0.9998759 0.009619772 -0.0124787 -0.9998759 0.009619295 -0.01247984 -0.9982866 0.04876101 0.03234875 -0.9982871 0.0487349 0.0323708 -0.9982896 0.04863309 0.03244662 -0.9982901 0.04861819 0.03245365 -0.9998762 0.009621322 -0.01246124 -0.999876 0.009619951 -0.01246666 -0.9998763 0.009615123 -0.01245063 -0.9998764 0.009614229 -0.01244354 -0.9998761 0.009616315 -0.01246678 -0.999878 0.009575188 -0.01234227 0.3559842 0.9278758 0.111004 0.2824161 0.959286 0.003396689 0.282377 0.9592977 0.003360211 0.1577584 0.9835684 -0.08778077 0.1577007 0.9835751 -0.08780938 2.79278e-7 0.9930369 -0.117804 4.34539e-7 0.9930368 -0.1178054 -0.1577046 0.9835738 -0.08781731 -0.1577624 0.9835671 -0.08778887 -0.2824174 0.9592857 0.003385305 -0.282385 0.9592953 0.003355324 -0.3559475 0.9279119 0.1108188 -0.3559824 0.9278799 0.1109755 -0.3481285 0.9140956 0.2079319 -0.3480845 0.9140844 0.2080553 -0.2618222 0.9085424 0.3255765 -0.2619175 0.9085472 0.3254863 -0.1285455 0.9001697 0.4161378 -0.1290848 0.9001923 0.4159221 0 0.8972883 0.4414451 -1.67945e-7 0.8972884 0.4414451 0.1288604 0.9001811 0.4160158 0.1287804 0.9001775 0.4160481 0.2618453 0.9085439 0.3255538 0.2618944 0.9085466 0.3255065 0.3480904 0.9140887 0.2080267 0.3481122 0.9140942 0.2079656 0.3559248 0.9279303 0.1107382 -0.5152465 0.4648734 0.7200095 0.2015751 0.274307 0.9402783 0.6979614 0.5761563 0.4253162 0.9233862 0.2862557 0.2557653 0.2258153 -0.09943443 0.9690822 -0.7367208 0.1368256 0.6622095 -0.465126 0.882272 0.07248383 -0.6496386 0.7317287 -0.206259 0.3565051 0.8026624 -0.4781602 0.2828832 0.9526218 -0.1117537 -0.9942511 -0.103685 0.02672684 -0.9706851 -0.16856 0.1713421 -0.9978992 -0.06384581 -0.01099956 -0.94134 -0.27267 0.1988218 -0.941349 -0.2726412 0.1988189 -0.9406279 -0.218283 0.2599456 -0.9842228 -0.1245848 0.1256344 -0.9875869 -0.1432865 0.06435352 -0.987589 -0.1432603 0.06437897 0.9709427 -0.1639544 0.1743252 0.994257 -0.1032971 0.02797675 0.9987133 -0.0502777 -0.006622254 0.9857913 -0.1559351 0.06244891 0.98579 -0.1559494 0.06243407 0.9841652 -0.1215198 0.1290419 0.9400718 -0.2181337 0.2620741 0.9397521 -0.2804908 0.1954249 0.9397467 -0.2805224 0.195406 0.9709452 -0.1639456 0.1743195 0.9397438 -0.280525 0.1954163 -0.4064665 0.6354532 0.6564939 0.3327934 0.4722583 0.8162235 0.7544773 0.6300667 0.1837931 0.9520401 0.3005522 0.05734187 0.3762795 0.08612674 0.9224945 -0.6359745 0.3116534 0.7059806 -0.4443379 0.8930998 -0.07026189 -0.6868597 0.6745398 -0.2705919 0.2918123 0.659014 -0.6932144 0.2709981 0.8908173 -0.3646982 0.2965382 -0.08060079 0.9516137 0.4757049 -0.08100199 0.8758674 0.4757872 -0.08096098 0.8758265 0.2965062 -0.08083909 0.9516034 1.52906e-6 -0.07755357 0.9969882 1.08652e-6 -0.07831525 0.9969288 -0.2965065 -0.08083862 0.9516035 -0.296538 -0.0806002 0.9516139 -0.4757065 -0.0810014 0.8758666 -0.4757489 -0.08098059 0.8758454 -0.4434831 0.5807626 0.6826694 0.2913275 0.4166912 0.8611022 0.7356672 0.62558 0.2596988 0.9437042 0.3091198 0.1177601 0.3367764 0.02458274 0.9412637 -0.6694406 0.2511369 0.6991278 -0.4560875 0.88959 -0.02477693 -0.6868399 0.6745406 -0.2706401 0.3086116 0.7112511 -0.6315701 0.2705746 0.9184619 -0.2884741 -0.2414931 0.8560532 -0.4570057 -0.2414889 0.8560518 -0.4570104 -0.2415054 0.8560474 -0.4570099 -0.2414903 0.8560456 -0.4570215 -0.2414957 0.8560528 -0.457005 -0.2415035 0.8560487 -0.4570086 -0.2415025 0.8560479 -0.4570106 -0.2415015 0.8560469 -0.457013 -0.4474607 0.2119051 0.8688355 0.2777752 -0.04199206 0.959728 0.7437165 0.4067532 0.530507 0.9475612 0.1855013 0.2602254 0.3112744 -0.4277654 0.8486019 -0.6822333 -0.07914984 0.7268376 -0.4327207 0.8145101 0.3864273 -0.6619688 0.746626 0.06593233 0.3436046 0.9120793 -0.2237128 0.3015188 0.9370898 0.1759242 -0.9850317 -0.08919882 0.1474997 -0.979053 -0.06137686 0.1941344 -0.9790526 -0.06137198 0.1941382 -0.9850329 -0.08918005 0.147504 -0.9859365 -0.1266916 0.1089894 -0.9859355 -0.1267077 0.1089792 -0.5088736 0.1138663 0.8532774 0.2257992 -0.09938132 0.9690914 0.6831756 0.4106691 0.6038395 0.9072645 0.2551582 0.3343136 0.2619849 -0.4694834 0.8431781 -0.7145373 -0.1799564 0.6760563 -0.5085449 0.752182 0.4190516 -0.7142311 0.6952242 0.08085352 0.3201631 0.9374416 -0.1367437 0.2261263 0.9378021 0.2634278 -0.9850312 -0.08919262 0.1475067 -0.9850303 -0.08919632 0.1475105 -0.985032 -0.08919948 0.1474974 -0.9850319 -0.08919906 0.1474981 -0.985033 -0.08919632 0.1474933 -0.9850322 -0.08920192 0.1474946 -0.9850322 -0.08921074 0.147489 -0.9850336 -0.08920192 0.1474853 -0.9850336 -0.08919847 0.1474871 -0.9850324 -0.08920198 0.1474933 -0.9850312 -0.08920156 0.1475012 -0.9850308 -0.08919978 0.1475055 -0.9850308 -0.0892049 0.1475023 -0.9850319 -0.08919906 0.1474983 -0.9850329 -0.08918809 0.1474986 0.1654795 -0.3284868 -0.9298995 0.1466172 -0.4736865 -0.8684035 0.1466637 -0.4736772 -0.8684006 0.1655384 -0.328444 -0.9299041 0.1939615 -0.001608669 -0.9810078 0.1939563 -0.001621782 -0.9810088 0.1882135 0.3406335 -0.9211648 0.1883711 0.3403003 -0.9212558 0.1592115 0.6887847 -0.7072676 0.1592112 0.6888044 -0.7072485 0.1042185 0.9223108 -0.3721308 0.1042248 0.9222905 -0.3721795 0.03314942 0.9990178 0.02940213 0.03315663 0.9990188 0.02936261 -0.002969682 0.8777402 0.4791278 -0.002968072 0.8777304 0.4791456 -6.39426e-4 0.6226992 0.7824611 -6.40099e-4 0.6227441 0.7824254 -1.19971e-4 0.512029 0.8589682 0 0.5120591 0.8589503 -0.4913581 -0.2945841 0.8196265 0.2619965 -0.4694632 0.8431859 0.6630206 0.1847434 0.7254472 0.9033051 0.1499856 0.4019258 0.355556 -0.7449139 0.5645205 -0.6762033 -0.5063643 0.5351116 -0.5797985 0.4590614 0.6731243 -0.7685747 0.532184 0.3550679 0.2261135 0.9377822 0.2635099 0.1527858 0.7617794 0.6295623 -6.41759e-4 0.6227647 0.7824089 1.01454e-4 0.5120087 0.8589802 0 0.5120273 0.8589691 -6.43175e-4 0.6227182 0.782446 -0.002967953 0.8777385 0.4791307 -0.002966642 0.8777434 0.4791219 -0.03303796 0.999019 0.02949279 -0.03303343 0.9990186 0.02950924 -0.104212 0.9223187 -0.372113 -0.1042111 0.9223229 -0.372103 -0.159197 0.6888098 -0.7072465 -0.1591991 0.6887956 -0.7072597 -0.1883482 0.3403189 -0.9212535 -0.1881963 0.340654 -0.9211608 -0.1939586 -0.001620709 -0.9810084 -0.193956 -0.001638889 -0.981009 -0.1656784 -0.3283809 -0.9299015 -0.165543 -0.3285095 -0.9298802 -0.1468716 -0.4736126 -0.8684008 -0.1468622 -0.4736142 -0.8684015 -0.4103759 -0.4702497 0.7813175 0.34505 -0.6192252 0.7053374 0.7220274 0.05927926 0.6893203 0.9328601 0.0986936 0.3464557 0.4181893 -0.8296917 0.3697697 -0.6163715 -0.6270351 0.4763543 -0.5027107 0.2955949 0.8123458 -0.7429318 0.4227514 0.5189736 0.2127524 0.8729876 0.4388956 0.1948495 0.6251774 0.7557691 -0.009428858 -0.9904236 -0.1377403 -0.009419322 -0.9904239 -0.1377382 -0.009428977 -0.9904235 -0.13774 -0.009401381 -0.990424 -0.1377388 -0.009392857 -0.9904241 -0.137739 -0.009394943 -0.990424 -0.1377388 -0.009384989 -0.9904239 -0.1377409 -0.009400844 -0.9904238 -0.13774 -0.009008228 -0.9903794 -0.1380859 -0.008998334 -0.9903796 -0.1380849 -0.009152233 -0.9904306 -0.1377086 -0.00917828 -0.990462 -0.137481 -0.01031154 -0.9904409 -0.137552 -0.009666919 -0.9904261 -0.1377059 -0.01046472 -0.9992297 -0.03782343 -0.01057118 -0.9992281 -0.03783601 -0.01046258 -0.9992289 -0.03784394 -0.01046073 -0.9992282 -0.0378611 -0.0104627 -0.9992293 -0.03783261 -0.01046037 -0.9992294 -0.03783237 -0.974318 0.1332309 -0.1815319 -0.9597014 0.1219366 -0.2531889 -0.9597001 0.1219412 -0.2531918 -0.974321 0.1332262 -0.1815204 -0.9852203 0.151871 -0.07922399 -0.9852156 0.1518992 -0.0792272 -0.9696705 0.23167 -0.07789868 -0.9696835 0.2316094 -0.07791769 -0.9526672 0.2879046 -0.09765326 -0.952672 0.2878934 -0.09763926 -0.9526685 0.2879045 -0.09764182 -0.9526708 0.2878948 -0.09764766 -0.004847943 -0.807736 -0.5895245 -0.01434105 -0.9256436 -0.3781248 -0.01432842 -0.9256433 -0.3781261 -0.004780232 -0.8077089 -0.5895622 -0.002490699 -0.6271117 -0.7789254 -0.00249356 -0.6271125 -0.7789248 0.004653632 -0.4348896 -0.9004719 0.004640936 -0.434906 -0.9004639 0.01373821 -0.1136496 -0.993426 0.01377648 -0.1136538 -0.9934249 0.01992416 0.01680934 -0.9996603 0.01992267 0.0168094 -0.9996602 -0.01498121 -0.9859365 -0.1664475 -0.01498156 -0.9859367 -0.1664465 -0.01498115 -0.9859365 -0.1664479 -0.01498323 -0.9859364 -0.1664482 -0.01498293 -0.9859367 -0.1664467 -0.01498353 -0.9859365 -0.1664476 -0.05733776 -0.9286147 -0.3665887 -0.05736088 -0.9286127 -0.3665899 -0.05736768 -0.9286136 -0.3665868 -0.05735635 -0.9286155 -0.3665838 -0.01498436 -0.9859366 -0.1664472 -0.01496303 -0.9859381 -0.1664401 -0.01509964 -0.9859567 -0.1663169 -0.01494204 -0.9859414 -0.1664221 -0.01496201 -0.985938 -0.1664406 -0.0149573 -0.9859386 -0.1664375 -0.01498353 -0.9859364 -0.1664482 -0.01498407 -0.9859366 -0.1664474 -0.01495468 -0.9859386 -0.1664381 -0.01495772 -0.9859384 -0.1664388 -0.01494598 -0.9859384 -0.1664395 -0.01497304 -0.9859383 -0.1664382 -0.01495736 -0.9859384 -0.1664388 -0.01498281 -0.9859365 -0.1664477 0.05735975 -0.9286153 -0.3665836 0.05737096 -0.9286132 -0.3665872 0.05733639 -0.9286145 -0.3665891 0.0573588 -0.928614 -0.3665871 -0.0149849 -0.9859364 -0.1664478 -0.01498538 -0.9859364 -0.1664481 -0.01498472 -0.9859364 -0.1664488 -0.0149843 -0.9859364 -0.1664483 0.839126 -0.5439323 0.002287805 0.9015054 -0.4327602 0.002621054 0.8391352 -0.5439183 0.002284944 0.8391335 -0.5439209 0.002285957 0.9015048 -0.4327613 0.002616167 0.7631617 -0.6462043 0.002038836 0.7631328 -0.646239 0.001905083 0.9365749 0.2556681 0.2397109 0.9340761 0.2981583 0.1964777 0.9340801 0.298136 0.1964924 0.9530798 0.2235792 0.2040869 0.9650886 0.2085487 0.1584661 0.9769012 0.1412773 0.1603273 0.9644848 0.2610769 -0.04009932 0.9759434 0.2044411 -0.07575154 0.948809 0.301588 -0.09384101 0.9376023 0.3471279 0.02010607 0.937599 0.3471369 0.02010422 0.9548557 0.2909972 -0.05976063 0.9548543 0.2909972 -0.05978417 0.9182437 0.3419585 -0.1997324 0.9182386 0.3419665 -0.199742 0.8529981 0.4467759 -0.2697882 0.9668005 -0.09065705 0.2389106 0.9667958 -0.09067147 0.238924 0.9972503 0.06846106 -0.02837496 0.9972504 0.06846475 -0.02835845 0.9647833 0.1918434 -0.1799705 0.9647846 0.1918298 -0.179978 -0.8279469 0.4894505 -0.273756 -0.8965192 0.3928949 -0.2046631 -0.8965366 0.3928644 -0.2046455 -0.9361379 0.3451658 -0.06712949 -0.9361439 0.3451481 -0.06713742 -0.917087 0.3985068 0.01200062 -0.9170822 0.398518 0.01198762 -0.9311405 0.344497 -0.1195797 -0.9517555 0.3003221 -0.06299352 -0.9656971 0.2371236 -0.1058374 -0.9704299 0.1561822 0.1840459 -0.9564793 0.2362948 0.1712082 -0.9403129 0.2491366 0.2318244 -0.9180233 0.3502478 0.1859028 -0.9180172 0.35028 0.185872 -0.9230855 0.3091989 0.2287126 0.3201988 0.2794145 -0.9052074 0.3201982 0.2794144 -0.9052076 0.219654 0.02832365 -0.9751666 0.3259077 0.09416425 -0.9407005 0.320118 -0.09453248 -0.9426496 0.2196617 0.02833735 -0.9751645 0.162207 -0.0997681 -0.9817002 0.3200938 -0.09449815 -0.9426612 -0.2197843 0.02801227 -0.9751462 -0.1619964 -0.1026073 -0.9814423 -0.3195967 -0.100052 -0.9422568 -0.3260142 0.09345686 -0.9407342 -0.3408681 0.2672119 -0.9013361 -0.3408687 0.2672129 -0.9013356 0.1260431 0.9893431 0.07289373 0.1258853 0.9893837 0.07261484 0.1260834 0.9893351 0.07293272 0.1260415 0.9893463 0.07285284 0.1205727 0.9650245 -0.2327876 0.1205707 0.9650241 -0.2327904 0.1222577 0.8117193 -0.5711086 0.1220992 0.8118774 -0.5709176 0.1145491 0.6599623 -0.7425149 0.1145536 0.659967 -0.7425099 0.1032617 0.4159006 -0.9035285 0.1032503 0.4160187 -0.9034754 0.09690034 0.3000837 -0.9489786 0.09736675 0.2996327 -0.9490733 -0.9082678 0.3651062 0.2043212 -0.6876578 0.6809422 0.2518818 -0.6876009 0.681014 0.2518432 -0.9083586 0.3648208 0.204427 -0.9896293 -0.02313476 0.1417695 -0.9897724 -0.02297574 0.1407937 -0.9083439 -0.4109206 0.07781791 -0.9082844 -0.411076 0.07769238 -0.6876274 -0.7257205 0.02232438 -0.6876304 -0.7257176 0.0223245 -0.3597438 -0.932824 -0.02058833 -0.3597503 -0.9328221 -0.02056145 -0.01027315 -0.9986512 -0.0508967 -0.01030206 -0.9986507 -0.05089759 0.3786814 -0.9232563 -0.06479364 0.3786179 -0.9232836 -0.06477653 0.702574 -0.7089405 -0.06158941 0.7025294 -0.7089864 -0.06157034 0.9198119 -0.3909369 -0.03338325 0.9198822 -0.3907708 -0.03338921 0.9997994 -0.003228604 0.01976782 0.9998058 -0.003176689 0.01944822 0.919875 0.3811304 0.09257304 0.9198204 0.3812517 0.09261661 0.7025685 0.691751 0.1669678 0.7025748 0.6917456 0.1669631 0.3784984 0.89603 0.2320976 0.3785735 0.8960062 0.2320672 -0.01029568 0.963033 0.2691869 -0.01029783 0.963033 0.2691867 -0.3595904 0.891045 0.2770085 -0.359561 0.8909984 0.2771962 0.0848459 0.1054975 0.9907934 0.07853841 -0.03035485 0.9964489 0.07837998 -0.03015005 0.9964675 0.0847947 0.1056646 0.99078 0.09442001 0.4301513 0.8978056 0.09437274 0.4302154 0.8977798 0.09985983 0.6210669 0.77737 0.09946876 0.6207672 0.7776592 0.1151282 0.8005774 0.5880659 0.1151075 0.8005398 0.588121 0.120292 0.9171296 0.3800043 0.1202677 0.9171441 0.3799771 -0.6753032 -0.7114737 0.1943471 -0.3723921 -0.9146211 0.1574565 -0.3724187 -0.9146116 0.1574489 -0.6752673 -0.7115312 0.1942611 -0.02321958 -0.9831664 0.1812311 -0.02320247 -0.9831671 0.1812296 0.3052448 -0.9037048 0.3002389 0.3052436 -0.9036917 0.3002796 0.5433579 -0.6905586 0.4773796 0.5433588 -0.6905642 0.4773703 0.6467289 -0.4115771 0.6421418 0.6467489 -0.4115656 0.6421291 -0.8729524 -0.4115634 0.2618583 -0.8729252 -0.4116293 0.2618452 0.6708823 -0.1194225 0.7318848 0.6467365 0.1860946 0.7396627 0.6467533 0.186099 0.7396468 0.6708317 -0.1194297 0.7319298 0.5433957 0.5029869 0.6721051 0.5433995 0.5030277 0.6720716 0.3052955 0.7613987 0.5718976 0.3052975 0.7613911 0.5719065 -0.02321565 0.8745948 0.4842984 -0.02319663 0.8745681 0.4843478 -0.3724366 0.8171202 0.4400065 -0.3724076 0.8171239 0.4400242 -0.6752825 0.6128949 0.4103089 -0.6752705 0.6128901 0.4103359 -0.8729338 0.3070362 0.3790984 -0.8729235 0.3070595 0.379103 -0.94295 -0.05359923 0.3285918 -0.9431604 -0.05351024 0.3280017 -0.09888619 -0.3921105 0.9145877 -0.1437938 -0.2996477 0.9431515 -0.1862882 -0.3323338 0.9245815 -0.1879476 -0.2345309 0.9537668 -4.79119e-6 -0.1735985 0.9848165 -0.2387039 -0.2535337 0.937412 -0.2585591 -0.1554969 0.9533981 -0.2034667 -0.1576611 0.9663045 -0.239243 -0.05747264 0.9692574 -0.1879181 -0.08081507 0.9788544 -0.1862737 0.02123922 0.9822683 -0.143823 -0.01565217 0.9894797 -0.09937608 0.08108806 0.9917405 -0.07780563 0.02789276 0.9965784 0.005032956 0.0909422 0.9958435 6.63412e-5 0.04322832 0.9990653 0.1002581 0.08106136 0.9916539 0.07793462 0.02786314 0.9965691 0.1439236 -0.01568871 0.9894645 0.1881001 -0.08079379 0.9788212 0.2594334 -0.1555186 0.9531571 0.2396718 -0.05751365 0.9691489 0.183419 0.02557951 0.982702 0.2036019 -0.1576694 0.9662747 0.1881018 -0.2345365 0.953735 0.2404845 -0.2535445 0.9369538 0.1439628 -0.299689 0.9431125 0.1834241 -0.3366056 0.9236084 0.07793927 -0.3432178 0.9360166 0.0992456 -0.3921285 0.9145412 6.72757e-5 -0.3584955 0.9335315 -6.14324e-5 -0.4116248 0.9113534 -0.07780861 -0.3431969 0.9360351 0.8729161 0.3070662 0.3791145 0.6753006 0.6128647 0.4103243 0.6752747 0.6129257 0.4102758 0.8729324 0.307017 0.3791171 0.3724148 0.8171217 0.4400219 0.3724408 0.8171193 0.4400045 0.0231992 0.8745708 0.4843425 0.02319955 0.8745669 0.4843496 -0.3052966 0.7613874 0.571912 -0.3052954 0.7613951 0.5719024 -0.5433849 0.5030146 0.6720933 -0.5433834 0.5030308 0.6720823 -0.6467532 0.1860933 0.7396483 -0.646762 0.1861064 0.7396374 -0.6707705 -0.1194383 0.7319846 -0.6467429 -0.4115628 0.6421369 -0.6467279 -0.4115746 0.6421444 -0.6708156 -0.1194318 0.7319443 -0.5433595 -0.690562 0.4773727 -0.543358 -0.6905574 0.477381 -0.3052657 -0.9036949 0.3002473 -0.3052542 -0.903684 0.3002921 0.02322292 -0.9831647 0.1812405 0.02321517 -0.9831642 0.1812441 0.3723884 -0.9146205 0.1574684 0.3723978 -0.9146189 0.157455 0.675289 -0.7115208 0.1942241 0.6752954 -0.7115068 0.1942531 0.8729317 -0.4116011 0.2618681 0.8729254 -0.4116265 0.2618489 0.9432264 -0.05348211 0.3278168 0.9431424 -0.05351805 0.3280524 -0.07779854 -0.3431732 0.9360447 -4.2445e-6 -0.1735965 0.9848169 -0.1437984 -0.2996506 0.9431499 6.52984e-5 -0.3584929 0.9335325 0.07793807 -0.3431918 0.9360263 -0.1862841 -0.3323385 0.9245806 -0.09924381 -0.3921296 0.914541 6.09756e-5 -0.4116233 0.9113541 0.09936749 -0.3921293 0.9145277 0.1439831 -0.2997079 0.9431035 0.1881275 -0.2345468 0.9537274 0.2035975 -0.1576661 0.9662761 0.2397979 -0.2535276 0.9371343 0.2595564 -0.1555225 0.9531229 0.2398102 -0.05751514 0.9691146 0.1881138 -0.08078843 0.9788189 0.143925 -0.01568371 0.9894644 0.07793253 0.02783787 0.99657 6.11712e-5 0.04322612 0.9990654 -0.07780164 0.02789211 0.9965787 -0.1438292 -0.015648 0.9894788 -0.187959 -0.08079552 0.978848 0.1835474 -0.3366124 0.9235813 0.1835532 0.02557104 0.9826771 0.0993821 0.08108705 0.99174 0.005038559 0.09093332 0.9958443 -0.09923607 0.08109664 0.9917538 -0.1862818 0.02122509 0.9822672 -0.2396788 -0.05750882 0.9691476 -0.2034693 -0.1576622 0.9663038 -0.187917 -0.2345208 0.9537752 -0.2396832 -0.2535303 0.9371629 -0.2594366 -0.1555213 0.9531558</float_array>
          <technique_common>
            <accessor source="#fob_e_stickybomb-mesh-normals-array" count="2773" stride="3">
              <param name="X" type="float"/>
              <param name="Y" type="float"/>
              <param name="Z" type="float"/>
            </accessor>
          </technique_common>
        </source>
        <source id="fob_e_stickybomb-mesh-map-0">
          <float_array id="fob_e_stickybomb-mesh-map-0-array" count="23286">0.08455598 0.257038 0.06087595 0.301474 0.08439797 0.301518 0.08455598 0.257038 0.06103295 0.256995 0.06087595 0.301474 0.642753 0.157385 0.620396 0.172857 0.642753 0.172341 0.642753 0.157385 0.620396 0.157896 0.620396 0.172857 0.620396 0.157896 0.642753 0.157385 0.642753 0.143955 0.620396 0.157896 0.642753 0.143955 0.620396 0.144442 0.620395 0.126873 0.620396 0.144442 0.642753 0.143955 0.620395 0.126873 0.642753 0.143955 0.642753 0.126411 0.642753 0.126411 0.620396 0.09034395 0.620395 0.126873 0.642753 0.126411 0.642753 0.08986598 0.620396 0.09034395 0.642753 0.08986598 0.620396 0.07539099 0.620396 0.09034395 0.642753 0.08986598 0.642753 0.07490098 0.620396 0.07539099 0.642753 0.07490098 0.620396 0.06193697 0.620396 0.07539099 0.642753 0.07490098 0.642753 0.06146997 0.620396 0.06193697 0.642753 0.043877 0.620396 0.06193697 0.642753 0.06146997 0.642753 0.043877 0.620396 0.04431998 0.620396 0.06193697 0.642753 0.007547974 0.620396 0.04431998 0.642753 0.043877 0.642753 0.007547974 0.620396 0.007986962 0.620396 0.04431998 0.09627199 0.446827 0.121458 0.448303 0.121458 0.430752 0.09627199 0.446827 0.121458 0.430752 0.09627199 0.428995 0.09627199 0.399494 0.09627199 0.428995 0.121458 0.430752 0.09627199 0.399494 0.121458 0.430752 0.121458 0.40123 0.121458 0.354245 0.09627199 0.399494 0.121458 0.40123 0.121458 0.354245 0.121458 0.40123 0.14197 0.397094 0.121458 0.354245 0.14197 0.397094 0.1392199 0.355449 0.1489289 0.338649 0.121458 0.354245 0.1392199 0.355449 0.1489289 0.338649 0.141658 0.324628 0.121458 0.354245 0.164741 0.337216 0.141658 0.324628 0.1489289 0.338649 0.164741 0.337216 0.170085 0.322051 0.141658 0.324628 0.164741 0.337216 0.192505 0.347519 0.170085 0.322051 0.164741 0.337216 0.17654 0.352066 0.192505 0.347519 0.17654 0.352066 0.195662 0.395327 0.192505 0.347519 0.17654 0.352066 0.1792899 0.393711 0.195662 0.395327 0.1695809 0.410511 0.195662 0.395327 0.1792899 0.393711 0.1695809 0.410511 0.176853 0.424532 0.195662 0.395327 0.176853 0.424532 0.1695809 0.410511 0.153768 0.411944 0.176853 0.424532 0.153768 0.411944 0.148423 0.427109 0.153768 0.411944 0.121458 0.40123 0.148423 0.427109 0.153768 0.411944 0.14197 0.397094 0.121458 0.40123 0.121458 0.354245 0.121458 0.320925 0.09627199 0.31913 0.121458 0.354245 0.09627199 0.31913 0.09627199 0.352492 0.121458 0.354245 0.09627199 0.352492 0.09627199 0.399494 0.09627199 0.352492 0.08434396 0.396959 0.09627199 0.399494 0.07432496 0.412886 0.09627199 0.399494 0.08434396 0.396959 0.07432496 0.412886 0.08142095 0.427499 0.09627199 0.399494 0.07432496 0.412886 0.05279797 0.42772 0.08142095 0.427499 0.07432496 0.412886 0.05843096 0.413008 0.05279797 0.42772 0.05843096 0.413008 0.03231596 0.400071 0.05279797 0.42772 0.05843096 0.413008 0.04682898 0.397249 0.03231596 0.400071 0.04474794 0.355569 0.03231596 0.400071 0.04682898 0.397249 0.04474794 0.355569 0.03231596 0.352998 0.03231596 0.400071 0.05476796 0.339642 0.03231596 0.352998 0.04474794 0.355569 0.05476796 0.339642 0.04767096 0.325028 0.03231596 0.352998 0.07629299 0.324807 0.04767096 0.325028 0.05476796 0.339642 0.07629299 0.324807 0.05476796 0.339642 0.070661 0.339519 0.070661 0.339519 0.09627199 0.352492 0.07629299 0.324807 0.070661 0.339519 0.08226197 0.355279 0.09627199 0.352492 0.09627199 0.352492 0.08226197 0.355279 0.08434396 0.396959 0.00800395 0.399827 0.00800395 0.432911 0.03231596 0.432693 0.00800395 0.399827 0.03231596 0.432693 0.03231596 0.400071 0.03231596 0.400071 0.00800395 0.35371 0.00800395 0.399827 0.03231596 0.400071 0.03231596 0.352998 0.00800395 0.35371 0.03231596 0.352998 0.00800395 0.32432 0.00800395 0.35371 0.03231596 0.352998 0.03231596 0.32382 0.00800395 0.32432 0.03231596 0.32382 0.00800395 0.307081 0.00800395 0.32432 0.03231596 0.32382 0.03231596 0.306588 0.00800395 0.307081 0.222324 0.60185 0.248188 0.581662 0.222213 0.581716 0.222324 0.60185 0.248299 0.601756 0.248188 0.581662 0.222517 0.636654 0.248299 0.601756 0.222324 0.60185 0.222517 0.636654 0.248473 0.633158 0.248299 0.601756 0.222517 0.636654 0.248307 0.675044 0.248473 0.633158 0.222517 0.636654 0.223109 0.671988 0.248307 0.675044 0.223109 0.671988 0.244955 0.709672 0.248307 0.675044 0.223109 0.671988 0.220546 0.70678 0.244955 0.709672 0.347773 0.636226 0.34901 0.601408 0.324355 0.601655 0.347773 0.636226 0.324355 0.601655 0.32246 0.636408 0.322362 0.678343 0.347773 0.636226 0.32246 0.636408 0.322362 0.678343 0.32246 0.636408 0.305031 0.635454 0.322362 0.678343 0.305031 0.635454 0.305266 0.67779 0.293984 0.693376 0.322362 0.678343 0.305266 0.67779 0.293984 0.693376 0.300736 0.708507 0.322362 0.678343 0.293984 0.693376 0.270676 0.70718 0.300736 0.708507 0.293984 0.693376 0.277264 0.692639 0.270676 0.70718 0.277264 0.692639 0.248307 0.675044 0.270676 0.70718 0.277264 0.692639 0.265803 0.676048 0.248307 0.675044 0.248307 0.675044 0.265803 0.676048 0.265568 0.633712 0.248307 0.675044 0.265568 0.633712 0.248473 0.633158 0.276851 0.618125 0.248473 0.633158 0.265568 0.633712 0.276851 0.618125 0.270098 0.602994 0.248473 0.633158 0.270098 0.602994 0.276851 0.618125 0.293571 0.618863 0.270098 0.602994 0.293571 0.618863 0.30016 0.604322 0.293571 0.618863 0.32246 0.636408 0.30016 0.604322 0.293571 0.618863 0.305031 0.635454 0.32246 0.636408 0.348623 0.729785 0.322536 0.709746 0.322647 0.729839 0.348623 0.729785 0.348512 0.709651 0.322536 0.709746 0.348337 0.678183 0.322536 0.709746 0.348512 0.709651 0.348337 0.678183 0.322362 0.678343 0.322536 0.709746 0.322362 0.678343 0.348337 0.678183 0.347773 0.636226 0.348337 0.678183 0.365258 0.635115 0.347773 0.636226 0.376538 0.618412 0.347773 0.636226 0.365258 0.635115 0.376538 0.618412 0.369761 0.603875 0.347773 0.636226 0.376538 0.618412 0.399865 0.602262 0.369761 0.603875 0.376538 0.618412 0.393255 0.617516 0.399865 0.602262 0.393255 0.617516 0.421853 0.628936 0.399865 0.602262 0.393255 0.617516 0.404715 0.633 0.421853 0.628936 0.422125 0.677566 0.421853 0.628936 0.404715 0.633 0.422125 0.677566 0.404715 0.633 0.404952 0.67534 0.393671 0.692043 0.422125 0.677566 0.404952 0.67534 0.393671 0.692043 0.400448 0.706579 0.422125 0.677566 0.400448 0.706579 0.393671 0.692043 0.376955 0.692939 0.400448 0.706579 0.376955 0.692939 0.370344 0.708192 0.376955 0.692939 0.348337 0.678183 0.370344 0.708192 0.376955 0.692939 0.365494 0.677454 0.348337 0.678183 0.348337 0.678183 0.365494 0.677454 0.365258 0.635115 0.679633 0.449785 0.695667 0.425671 0.677342 0.426266 0.679633 0.449785 0.699428 0.449086 0.695667 0.425671 0.678137 0.477862 0.699428 0.449086 0.679633 0.449785 0.678137 0.477862 0.699385 0.477044 0.699428 0.449086 0.678235 0.523698 0.699385 0.477044 0.678137 0.477862 0.678235 0.523698 0.698048 0.522917 0.699385 0.477044 0.671017 0.554554 0.698048 0.522917 0.678235 0.523698 0.671017 0.554554 0.689407 0.553773 0.698048 0.522917 0.734283 0.464247 0.743811 0.478465 0.75846 0.475982 0.757885 0.518427 0.75846 0.475982 0.743811 0.478465 0.757885 0.518427 0.743811 0.478465 0.743311 0.515438 0.733403 0.529319 0.757885 0.518427 0.743311 0.515438 0.733403 0.529319 0.738928 0.542374 0.757885 0.518427 0.733403 0.529319 0.717089 0.545781 0.738928 0.542374 0.733403 0.529319 0.722965 0.532923 0.717089 0.545781 0.722965 0.532923 0.698048 0.522917 0.717089 0.545781 0.722965 0.532923 0.713437 0.518705 0.698048 0.522917 0.698048 0.522917 0.713437 0.518705 0.713937 0.481732 0.698048 0.522917 0.713937 0.481732 0.699385 0.477044 0.723846 0.46785 0.699385 0.477044 0.713937 0.481732 0.723846 0.46785 0.718319 0.454796 0.699385 0.477044 0.740159 0.451389 0.718319 0.454796 0.723846 0.46785 0.740159 0.451389 0.723846 0.46785 0.734283 0.464247 0.734283 0.464247 0.75846 0.475982 0.740159 0.451389 0.614439 0.522639 0.629667 0.481471 0.614301 0.476656 0.614439 0.522639 0.629169 0.518447 0.629667 0.481471 0.638702 0.53267 0.629169 0.518447 0.614439 0.522639 0.638702 0.53267 0.614439 0.522639 0.632802 0.545578 0.632802 0.545578 0.652995 0.532917 0.638702 0.53267 0.632802 0.545578 0.658544 0.546023 0.652995 0.532917 0.652995 0.532917 0.658544 0.546023 0.678235 0.523698 0.652995 0.532917 0.678235 0.523698 0.662908 0.51903 0.678235 0.523698 0.663407 0.482055 0.662908 0.51903 0.678235 0.523698 0.678137 0.477862 0.663407 0.482055 0.653874 0.467832 0.663407 0.482055 0.678137 0.477862 0.653874 0.467832 0.678137 0.477862 0.659773 0.454923 0.653874 0.467832 0.659773 0.454923 0.634031 0.454478 0.653874 0.467832 0.634031 0.454478 0.639579 0.467585 0.639579 0.467585 0.634031 0.454478 0.614301 0.476656 0.639579 0.467585 0.614301 0.476656 0.629667 0.481471 0.59415 0.58379 0.612509 0.585231 0.609828 0.557915 0.59415 0.58379 0.609828 0.557915 0.590036 0.556418 0.593175 0.522796 0.590036 0.556418 0.609828 0.557915 0.593175 0.522796 0.609828 0.557915 0.614439 0.522639 0.594598 0.473673 0.593175 0.522796 0.614439 0.522639 0.594598 0.473673 0.614439 0.522639 0.614301 0.476656 0.614301 0.476656 0.589977 0.442268 0.594598 0.473673 0.614301 0.476656 0.608156 0.444957 0.589977 0.442268 0.648671 0.395572 0.681941 0.424291 0.683115 0.401069 0.648671 0.395572 0.649293 0.418801 0.681941 0.424291 0.649293 0.418801 0.648671 0.395572 0.601363 0.395683 0.648671 0.395572 0.602595 0.380505 0.601363 0.395683 0.58759 0.370487 0.601363 0.395683 0.602595 0.380505 0.58759 0.370487 0.573749 0.376437 0.601363 0.395683 0.58759 0.370487 0.567894 0.349823 0.573749 0.376437 0.58759 0.370487 0.584339 0.355709 0.567894 0.349823 0.584339 0.355709 0.587018 0.330468 0.567894 0.349823 0.584339 0.355709 0.594923 0.345623 0.587018 0.330468 0.634326 0.330356 0.587018 0.330468 0.594923 0.345623 0.634326 0.330356 0.594923 0.345623 0.633094 0.345534 0.649814 0.355552 0.634326 0.330356 0.633094 0.345534 0.649814 0.355552 0.661941 0.349603 0.634326 0.330356 0.667795 0.376217 0.661941 0.349603 0.649814 0.355552 0.667795 0.376217 0.649814 0.355552 0.653065 0.37033 0.653065 0.37033 0.648671 0.395572 0.667795 0.376217 0.653065 0.37033 0.640767 0.380416 0.648671 0.395572 0.648671 0.395572 0.640767 0.380416 0.602595 0.380505 0.660267 0.313479 0.690812 0.332655 0.689641 0.312692 0.660267 0.313479 0.661472 0.335063 0.690812 0.332655 0.634326 0.330356 0.661472 0.335063 0.660267 0.313479 0.634326 0.330356 0.660267 0.313479 0.633075 0.307167 0.587018 0.330468 0.634326 0.330356 0.633075 0.307167 0.587018 0.330468 0.633075 0.307167 0.585794 0.307276 0.585794 0.307276 0.552602 0.336127 0.587018 0.330468 0.585794 0.307276 0.551442 0.312925 0.552602 0.336127 0.584436 0.267331 0.601102 0.257241 0.601527 0.242126 0.645344 0.242026 0.601527 0.242126 0.601102 0.257241 0.645344 0.242026 0.601102 0.257241 0.63927 0.257154 0.651613 0.267179 0.645344 0.242026 0.63927 0.257154 0.651613 0.267179 0.666256 0.261249 0.645344 0.242026 0.648435 0.281967 0.666256 0.261249 0.651613 0.267179 0.648435 0.281967 0.660542 0.287836 0.666256 0.261249 0.648435 0.281967 0.633075 0.307167 0.660542 0.287836 0.648435 0.281967 0.631769 0.292057 0.633075 0.307167 0.633075 0.307167 0.631769 0.292057 0.5936 0.292144 0.633075 0.307167 0.5936 0.292144 0.585794 0.307276 0.581257 0.282119 0.585794 0.307276 0.5936 0.292144 0.581257 0.282119 0.566614 0.28805 0.585794 0.307276 0.566614 0.28805 0.581257 0.282119 0.584436 0.267331 0.566614 0.28805 0.584436 0.267331 0.572329 0.261462 0.584436 0.267331 0.601527 0.242126 0.572329 0.261462 0.372846 0.23006 0.389127 0.252402 0.389155 0.23006 0.372846 0.23006 0.372811 0.252402 0.389127 0.252402 0.339057 0.23006 0.372811 0.252402 0.372846 0.23006 0.339057 0.23006 0.339019 0.252402 0.372811 0.252402 0.32518 0.23006 0.339019 0.252402 0.339057 0.23006 0.32518 0.23006 0.325136 0.252402 0.339019 0.252402 0.312662 0.252402 0.325136 0.252402 0.32518 0.23006 0.312662 0.252402 0.32518 0.23006 0.31271 0.23006 0.296349 0.252402 0.312662 0.252402 0.31271 0.23006 0.296349 0.252402 0.31271 0.23006 0.296403 0.23006 0.296403 0.23006 0.262532 0.252402 0.296349 0.252402 0.296403 0.23006 0.262591 0.23006 0.262532 0.252402 0.262591 0.23006 0.248649 0.252402 0.262532 0.252402 0.262591 0.23006 0.2487159 0.23006 0.248649 0.252402 0.2487159 0.23006 0.236174 0.252402 0.248649 0.252402 0.2487159 0.23006 0.236246 0.23006 0.236174 0.252402 0.694074 0.176533 0.684057 0.201035 0.694215 0.201035 0.694074 0.176533 0.68392 0.176533 0.684057 0.201035 0.666539 0.201035 0.684057 0.201035 0.68392 0.176533 0.666539 0.201035 0.68392 0.176533 0.666409 0.176533 0.638503 0.176533 0.666539 0.201035 0.666409 0.176533 0.638503 0.176533 0.638624 0.201035 0.666539 0.201035 0.622492 0.176533 0.638624 0.201035 0.638503 0.176533 0.622492 0.176533 0.622612 0.201035 0.638624 0.201035 0.622612 0.201035 0.622492 0.176533 0.612333 0.176533 0.622612 0.201035 0.612333 0.176533 0.612461 0.201035 0.594942 0.201035 0.612461 0.201035 0.612333 0.176533 0.594942 0.201035 0.612333 0.176533 0.594821 0.176533 0.594821 0.176533 0.56703 0.201035 0.594942 0.201035 0.594821 0.176533 0.566913 0.176533 0.56703 0.201035 0.55092 0.176533 0.56703 0.201035 0.566913 0.176533 0.55092 0.176533 0.551028 0.201035 0.56703 0.201035 0.458919 0.005986988 0.482103 0.02125698 0.482103 0.005301952 0.458919 0.005986988 0.458919 0.02193498 0.482103 0.02125698 0.482103 0.03603398 0.482103 0.02125698 0.458919 0.02193498 0.482103 0.03603398 0.458919 0.02193498 0.458919 0.03671598 0.458919 0.05329495 0.482103 0.03603398 0.458919 0.03671598 0.458919 0.05329495 0.482103 0.05261099 0.482103 0.03603398 0.482103 0.05261099 0.458919 0.05329495 0.458919 0.09034597 0.482103 0.05261099 0.458919 0.09034597 0.482103 0.08967196 0.458919 0.106689 0.482103 0.08967196 0.458919 0.09034597 0.458919 0.106689 0.482103 0.106028 0.482103 0.08967196 0.458919 0.121269 0.482103 0.106028 0.458919 0.106689 0.458919 0.121269 0.482103 0.120606 0.482103 0.106028 0.482103 0.1372449 0.482103 0.120606 0.458919 0.121269 0.482103 0.1372449 0.458919 0.121269 0.458919 0.1379089 0.482103 0.174189 0.482103 0.1372449 0.458919 0.1379089 0.482103 0.174189 0.458919 0.1379089 0.458919 0.17485 0.605721 0.936249 0.605721 0.968879 0.629538 0.972979 0.605721 0.936249 0.629538 0.972979 0.629538 0.941031 0.629538 0.941031 0.605721 0.890581 0.605721 0.936249 0.629538 0.941031 0.629538 0.893943 0.605721 0.890581 0.629538 0.893943 0.605721 0.861402 0.605721 0.890581 0.629538 0.893943 0.629538 0.864801 0.605721 0.861402 0.605721 0.861402 0.629538 0.864801 0.629538 0.839215 0.605721 0.861402 0.629538 0.839215 0.605721 0.839215 0.70071 0.899758 0.681836 0.943129 0.70071 0.946925 0.70071 0.899758 0.684232 0.900796 0.681836 0.943129 0.674202 0.8838 0.684232 0.900796 0.70071 0.899758 0.674202 0.8838 0.70071 0.899758 0.681485 0.869439 0.652521 0.867047 0.674202 0.8838 0.681485 0.869439 0.652521 0.867047 0.658119 0.882472 0.674202 0.8838 0.658119 0.882472 0.652521 0.867047 0.629538 0.893943 0.658119 0.882472 0.629538 0.893943 0.646269 0.89766 0.646269 0.89766 0.629538 0.893943 0.629538 0.941031 0.646269 0.89766 0.629538 0.941031 0.643874 0.939993 0.653903 0.956989 0.643874 0.939993 0.629538 0.941031 0.653903 0.956989 0.629538 0.941031 0.64662 0.97135 0.669986 0.958317 0.653903 0.956989 0.64662 0.97135 0.669986 0.958317 0.64662 0.97135 0.675584 0.973742 0.669986 0.958317 0.675584 0.973742 0.70071 0.946925 0.669986 0.958317 0.70071 0.946925 0.681836 0.943129 0.70071 0.899758 0.724835 0.865392 0.700709 0.867092 0.70071 0.899758 0.724835 0.897983 0.724835 0.865392 0.724835 0.897983 0.70071 0.899758 0.70071 0.946925 0.724835 0.897983 0.70071 0.946925 0.724835 0.945083 0.700709 0.976258 0.724835 0.945083 0.70071 0.946925 0.700709 0.976258 0.724835 0.973539 0.724835 0.945083 0.70071 0.999172 0.724835 0.973539 0.700709 0.976258 0.70071 0.999172 0.724835 0.999172 0.724835 0.973539 0.76557 0.959134 0.771269 0.974022 0.793702 0.946389 0.76557 0.959134 0.793702 0.946389 0.777352 0.943128 0.779467 0.900784 0.777352 0.943128 0.793702 0.946389 0.779467 0.900784 0.793702 0.946389 0.79613 0.897779 0.769292 0.884608 0.779467 0.900784 0.79613 0.897779 0.769292 0.884608 0.79613 0.897779 0.776474 0.86982 0.753151 0.884483 0.769292 0.884608 0.776474 0.86982 0.753151 0.884483 0.776474 0.86982 0.747452 0.869595 0.753151 0.884483 0.747452 0.869595 0.724835 0.897983 0.753151 0.884483 0.724835 0.897983 0.741369 0.90049 0.724835 0.897983 0.739253 0.942833 0.741369 0.90049 0.724835 0.897983 0.724835 0.945083 0.739253 0.942833 0.749428 0.959009 0.739253 0.942833 0.724835 0.945083 0.749428 0.959009 0.724835 0.945083 0.742246 0.973797 0.771269 0.974022 0.749428 0.959009 0.742246 0.973797 0.771269 0.974022 0.76557 0.959134 0.749428 0.959009 0.251802 0.50047 0.2212409 0.478394 0.221554 0.500569 0.251802 0.50047 0.251423 0.477702 0.2212409 0.478394 0.282838 0.500253 0.251423 0.477702 0.251802 0.50047 0.282838 0.500253 0.282396 0.476893 0.251423 0.477702 0.334473 0.499399 0.282396 0.476893 0.282838 0.500253 0.334473 0.499399 0.334002 0.47604 0.282396 0.476893 0.334473 0.499399 0.364978 0.475527 0.334002 0.47604 0.334473 0.499399 0.365506 0.498886 0.364978 0.475527 0.331991 0.408001 0.285301 0.424573 0.32906 0.42385 0.331991 0.408001 0.281754 0.40883 0.285301 0.424573 0.268876 0.435353 0.285301 0.424573 0.281754 0.40883 0.268876 0.435353 0.281754 0.40883 0.253421 0.429443 0.253421 0.429443 0.269177 0.4508 0.268876 0.435353 0.253421 0.429443 0.253962 0.457217 0.269177 0.4508 0.269177 0.4508 0.253962 0.457217 0.282396 0.476893 0.269177 0.4508 0.282396 0.476893 0.286011 0.461032 0.334002 0.47604 0.286011 0.461032 0.282396 0.476893 0.334002 0.47604 0.329771 0.460309 0.286011 0.461032 0.346196 0.449529 0.329771 0.460309 0.334002 0.47604 0.346196 0.449529 0.334002 0.47604 0.361651 0.455439 0.345895 0.434082 0.346196 0.449529 0.361651 0.455439 0.345895 0.434082 0.361651 0.455439 0.36111 0.427666 0.345895 0.434082 0.36111 0.427666 0.331991 0.408001 0.345895 0.434082 0.331991 0.408001 0.32906 0.42385 0.335806 0.56759 0.287797 0.552521 0.284172 0.568445 0.335806 0.56759 0.33156 0.551797 0.287797 0.552521 0.34799 0.54101 0.33156 0.551797 0.335806 0.56759 0.34799 0.54101 0.335806 0.56759 0.363507 0.546944 0.362962 0.519115 0.34799 0.54101 0.363507 0.546944 0.362962 0.519115 0.347688 0.525558 0.34799 0.54101 0.347688 0.525558 0.362962 0.519115 0.334473 0.499399 0.347688 0.525558 0.334473 0.499399 0.330847 0.515323 0.330847 0.515323 0.334473 0.499399 0.282838 0.500253 0.330847 0.515323 0.282838 0.500253 0.287084 0.516047 0.270654 0.526833 0.287084 0.516047 0.282838 0.500253 0.270654 0.526833 0.282838 0.500253 0.255138 0.520901 0.270957 0.542286 0.270654 0.526833 0.255138 0.520901 0.270957 0.542286 0.255138 0.520901 0.255682 0.548729 0.270957 0.542286 0.255682 0.548729 0.284172 0.568445 0.270957 0.542286 0.284172 0.568445 0.287797 0.552521 0.397395 0.589447 0.397098 0.567313 0.366846 0.567385 0.397395 0.589447 0.366846 0.567385 0.367217 0.590132 0.335806 0.56759 0.367217 0.590132 0.366846 0.567385 0.335806 0.56759 0.336932 0.590939 0.367217 0.590132 0.283958 0.591815 0.336932 0.590939 0.335806 0.56759 0.283958 0.591815 0.335806 0.56759 0.284172 0.568445 0.284172 0.568445 0.253667 0.592316 0.283958 0.591815 0.284172 0.568445 0.253139 0.568957 0.253667 0.592316 0.375945 0.02243399 0.396878 0.008109986 0.375945 0.008120954 0.375945 0.02243399 0.396878 0.02242898 0.396878 0.008109986 0.396878 0.03633296 0.396878 0.02242898 0.375945 0.02243399 0.396878 0.03633296 0.375945 0.02243399 0.375945 0.03633898 0.396878 0.05309295 0.396878 0.03633296 0.375945 0.03633898 0.396878 0.05309295 0.375945 0.03633898 0.375945 0.05309695 0.375945 0.05309695 0.396878 0.08930099 0.396878 0.05309295 0.375945 0.05309695 0.375945 0.08930397 0.396878 0.08930099 0.375945 0.08930397 0.396878 0.10362 0.396878 0.08930099 0.375945 0.08930397 0.375945 0.103618 0.396878 0.10362 0.375945 0.103618 0.396878 0.117526 0.396878 0.10362 0.375945 0.103618 0.375945 0.11752 0.396878 0.117526 0.375945 0.134277 0.396878 0.117526 0.375945 0.11752 0.375945 0.134277 0.396878 0.134289 0.396878 0.117526 0.396878 0.170497 0.396878 0.134289 0.375945 0.134277 0.396878 0.170497 0.375945 0.134277 0.375945 0.1704829 0.545713 0.174335 0.532777 0.196823 0.545735 0.196823 0.545713 0.174335 0.532764 0.174335 0.532777 0.196823 0.519056 0.196823 0.532777 0.196823 0.532764 0.174335 0.519056 0.196823 0.532764 0.174335 0.519051 0.174335 0.482963 0.196823 0.519056 0.196823 0.519051 0.174335 0.482963 0.196823 0.519051 0.174335 0.482961 0.174335 0.469245 0.174335 0.482963 0.196823 0.482961 0.174335 0.469245 0.174335 0.469244 0.196823 0.482963 0.196823 0.456289 0.196823 0.469244 0.196823 0.469245 0.174335 0.456289 0.196823 0.469245 0.174335 0.456291 0.174335 0.442571 0.196823 0.456289 0.196823 0.456291 0.174335 0.442571 0.196823 0.456291 0.174335 0.442576 0.174335 0.442576 0.174335 0.406478 0.196823 0.442571 0.196823 0.442576 0.174335 0.406485 0.174335 0.406478 0.196823 0.39277 0.174335 0.406478 0.196823 0.406485 0.174335 0.39277 0.174335 0.392758 0.196823 0.406478 0.196823 0.246029 0.328062 0.245682 0.295977 0.220066 0.296342 0.246029 0.328062 0.220066 0.296342 0.2209669 0.328813 0.221579 0.374493 0.246029 0.328062 0.2209669 0.328813 0.221579 0.374493 0.247202 0.374369 0.246029 0.328062 0.221579 0.374493 0.2481549 0.402825 0.247202 0.374369 0.221579 0.374493 0.2219949 0.403349 0.2481549 0.402825 0.2219949 0.403349 0.248803 0.429963 0.2481549 0.402825 0.2219949 0.403349 0.222645 0.430541 0.248803 0.429963 0.273247 0.31462 0.26643 0.300421 0.246029 0.328062 0.273247 0.31462 0.246029 0.328062 0.262639 0.330404 0.247202 0.374369 0.262639 0.330404 0.246029 0.328062 0.247202 0.374369 0.263675 0.371318 0.262639 0.330404 0.27507 0.386631 0.263675 0.371318 0.247202 0.374369 0.27507 0.386631 0.247202 0.374369 0.26898 0.401106 0.27507 0.386631 0.26898 0.401106 0.298064 0.400483 0.27507 0.386631 0.298064 0.400483 0.291247 0.386284 0.291247 0.386284 0.298064 0.400483 0.318465 0.372842 0.291247 0.386284 0.318465 0.372842 0.301856 0.3705 0.301856 0.3705 0.318465 0.372842 0.317293 0.326535 0.301856 0.3705 0.317293 0.326535 0.300819 0.329586 0.289424 0.314274 0.300819 0.329586 0.317293 0.326535 0.289424 0.314274 0.317293 0.326535 0.295515 0.299798 0.295515 0.299798 0.273247 0.31462 0.289424 0.314274 0.295515 0.299798 0.26643 0.300421 0.273247 0.31462 0.343532 0.372423 0.319083 0.404924 0.344154 0.404567 0.343532 0.372423 0.318465 0.372842 0.319083 0.404924 0.318465 0.372842 0.343532 0.372423 0.342911 0.326081 0.318465 0.372842 0.342911 0.326081 0.317293 0.326535 0.342504 0.297558 0.317293 0.326535 0.342911 0.326081 0.342504 0.297558 0.316345 0.298078 0.317293 0.326535 0.341587 0.270372 0.316345 0.298078 0.342504 0.297558 0.341587 0.270372 0.315974 0.270933 0.316345 0.298078 0.343532 0.372423 0.359557 0.328601 0.342911 0.326081 0.343532 0.372423 0.360107 0.369526 0.359557 0.328601 0.371325 0.384957 0.360107 0.369526 0.343532 0.372423 0.371325 0.384957 0.343532 0.372423 0.365036 0.399428 0.394185 0.399096 0.371325 0.384957 0.365036 0.399428 0.394185 0.399096 0.38751 0.384773 0.371325 0.384957 0.38751 0.384773 0.394185 0.399096 0.414962 0.371943 0.38751 0.384773 0.414962 0.371943 0.39831 0.369091 0.39831 0.369091 0.414962 0.371943 0.41433 0.324937 0.39831 0.369091 0.41433 0.324937 0.397761 0.328166 0.386543 0.312735 0.397761 0.328166 0.41433 0.324937 0.386543 0.312735 0.41433 0.324937 0.39283 0.298264 0.370357 0.312919 0.386543 0.312735 0.39283 0.298264 0.370357 0.312919 0.39283 0.298264 0.363682 0.298595 0.370357 0.312919 0.363682 0.298595 0.342911 0.326081 0.370357 0.312919 0.342911 0.326081 0.359557 0.328601 0.13276 0.301708 0.1304129 0.257224 0.1302559 0.301703 0.13276 0.301708 0.132918 0.257228 0.1304129 0.257224 0.132918 0.257228 0.130605 0.202949 0.1304129 0.257224 0.132918 0.257228 0.13311 0.2029539 0.130605 0.202949 0.130605 0.202949 0.13311 0.2029539 0.133263 0.1596159 0.130605 0.202949 0.133263 0.1596159 0.130758 0.159611 0.133457 0.10477 0.130758 0.159611 0.133263 0.1596159 0.133457 0.10477 0.130952 0.1047649 0.130758 0.159611 0.133457 0.10477 0.131121 0.05696499 0.130952 0.1047649 0.133457 0.10477 0.133626 0.05697 0.131121 0.05696499 0.133819 0.002431988 0.131121 0.05696499 0.133626 0.05697 0.133819 0.002431988 0.131314 0.002426981 0.131121 0.05696499 0.215637 0.002023994 0.232138 0.07800698 0.232138 0.002023994 0.182201 0.11068 0.164072 0.11068 0.164072 0.156419 0.182201 0.11068 0.164072 0.07800698 0.164072 0.11068 0.182201 0.11068 0.182201 0.07800698 0.164072 0.07800698 0.164072 0.002023994 0.164072 0.07800698 0.182201 0.07800698 0.164072 0.002023994 0.182201 0.07800698 0.182201 0.002023994 0.182201 0.07800698 0.202017 0.002023994 0.182201 0.002023994 0.182201 0.07800698 0.202017 0.07800698 0.202017 0.002023994 0.202017 0.07800698 0.215637 0.002023994 0.202017 0.002023994 0.202017 0.07800698 0.215638 0.07800698 0.215637 0.002023994 0.215637 0.002023994 0.215638 0.07800698 0.232138 0.07800698 0.232138 0.11068 0.232138 0.07800698 0.215638 0.07800698 0.232138 0.11068 0.215638 0.07800698 0.215637 0.11068 0.215637 0.11068 0.232138 0.156419 0.232138 0.11068 0.215637 0.11068 0.215637 0.156419 0.232138 0.156419 0.232138 0.156419 0.215637 0.156419 0.215638 0.193284 0.202017 0.156419 0.215638 0.193284 0.215637 0.156419 0.202017 0.156419 0.202017 0.193284 0.215638 0.193284 0.182201 0.156419 0.202017 0.193284 0.202017 0.156419 0.182201 0.156419 0.164072 0.156419 0.164072 0.193284 0.182201 0.11068 0.164072 0.156419 0.182201 0.156419 0.182201 0.11068 0.182201 0.156419 0.202017 0.156419 0.182201 0.11068 0.202017 0.156419 0.202017 0.11068 0.202017 0.11068 0.202017 0.156419 0.215637 0.156419 0.202017 0.11068 0.215637 0.156419 0.215637 0.11068 0.215638 0.07800698 0.202017 0.11068 0.215637 0.11068 0.215638 0.07800698 0.202017 0.07800698 0.202017 0.11068 0.202017 0.07800698 0.182201 0.11068 0.202017 0.11068 0.202017 0.07800698 0.182201 0.07800698 0.182201 0.11068 0.182201 0.156419 0.182201 0.193284 0.202017 0.193284 0.182201 0.156419 0.164072 0.193284 0.182201 0.193284 0.182201 0.193284 0.164072 0.193284 0.164072 0.266765 0.182201 0.193284 0.164072 0.266765 0.182201 0.266765 0.202017 0.266765 0.182201 0.193284 0.182201 0.266765 0.202017 0.266765 0.202017 0.193284 0.182201 0.193284 0.215638 0.266765 0.202017 0.193284 0.202017 0.266765 0.215638 0.266765 0.215638 0.193284 0.202017 0.193284 0.232138 0.193284 0.215638 0.193284 0.215638 0.266765 0.232138 0.156419 0.215638 0.193284 0.232138 0.193284 0.232138 0.193284 0.215638 0.266765 0.232138 0.266765 0.158025 0.2029989 0.139591 0.257241 0.157833 0.257274 0.158025 0.2029989 0.139783 0.202966 0.139591 0.257241 0.158025 0.2029989 0.139936 0.159628 0.139783 0.202966 0.158025 0.2029989 0.158178 0.1596609 0.139936 0.159628 0.1403 0.05698198 0.140493 0.002443969 0.136928 0.002436995 0.1403 0.05698198 0.136928 0.002436995 0.136736 0.05697596 0.1365669 0.104776 0.1403 0.05698198 0.136736 0.05697596 0.1365669 0.104776 0.14013 0.104782 0.1403 0.05698198 0.1365669 0.104776 0.139936 0.159628 0.14013 0.104782 0.1365669 0.104776 0.136372 0.159621 0.139936 0.159628 0.139783 0.202966 0.139936 0.159628 0.136372 0.159621 0.139783 0.202966 0.136372 0.159621 0.136219 0.202959 0.136027 0.257234 0.139783 0.202966 0.136219 0.202959 0.136027 0.257234 0.139591 0.257241 0.139783 0.202966 0.13587 0.301714 0.139591 0.257241 0.136027 0.257234 0.13587 0.301714 0.139434 0.30172 0.139591 0.257241 0.158372 0.104816 0.139936 0.159628 0.158178 0.1596609 0.158372 0.104816 0.14013 0.104782 0.139936 0.159628 0.139591 0.257241 0.157676 0.301754 0.157833 0.257274 0.139591 0.257241 0.139434 0.30172 0.157676 0.301754 0.136372 0.159621 0.133457 0.10477 0.133263 0.1596159 0.136372 0.159621 0.1365669 0.104776 0.133457 0.10477 0.136027 0.257234 0.13276 0.301708 0.13587 0.301714 0.136027 0.257234 0.132918 0.257228 0.13276 0.301708 0.130952 0.1047649 0.007894992 0.159437 0.130758 0.159611 0.130952 0.1047649 0.008088946 0.104591 0.007894992 0.159437 0.1304129 0.257224 0.007391989 0.301529 0.1302559 0.301703 0.1304129 0.257224 0.007549941 0.25705 0.007391989 0.301529 0.007894992 0.159437 0.001623988 0.10458 0.001429975 0.159425 0.007894992 0.159437 0.008088946 0.104591 0.001623988 0.10458 0.007549941 0.25705 0.001276969 0.202763 0.001084983 0.257038 0.007549941 0.25705 0.007741987 0.202775 0.001276969 0.202763 0.007894992 0.159437 0.001276969 0.202763 0.007741987 0.202775 0.007894992 0.159437 0.001429975 0.159425 0.001276969 0.202763 0.158541 0.05701595 0.14013 0.104782 0.158372 0.104816 0.158541 0.05701595 0.1403 0.05698198 0.14013 0.104782 0.158541 0.05701595 0.140493 0.002443969 0.1403 0.05698198 0.158541 0.05701595 0.158734 0.00247699 0.140493 0.002443969 0.007549941 0.25705 9.27e-4 0.301518 0.007391989 0.301529 0.007549941 0.25705 0.001084983 0.257038 9.27e-4 0.301518 0.008088946 0.104591 0.001792967 0.05677998 0.001623988 0.10458 0.008088946 0.104591 0.008257985 0.05679094 0.001792967 0.05677998 0.008450984 0.002252995 0.001792967 0.05677998 0.008257985 0.05679094 0.008450984 0.002252995 0.001985967 0.002240955 0.001792967 0.05677998 0.08509498 0.10458 0.06137895 0.159382 0.08490097 0.159425 0.08509498 0.10458 0.06157296 0.1045359 0.06137895 0.159382 0.08455598 0.257038 0.06122499 0.20272 0.06103295 0.256995 0.08455598 0.257038 0.08474797 0.202763 0.06122499 0.20272 0.08490097 0.159425 0.06122499 0.20272 0.08474797 0.202763 0.08490097 0.159425 0.06137895 0.159382 0.06122499 0.20272 0.136219 0.202959 0.132918 0.257228 0.136027 0.257234 0.136219 0.202959 0.13311 0.2029539 0.132918 0.257228 0.136372 0.159621 0.13311 0.2029539 0.136219 0.202959 0.136372 0.159621 0.133263 0.1596159 0.13311 0.2029539 0.136736 0.05697596 0.133457 0.10477 0.1365669 0.104776 0.136736 0.05697596 0.133626 0.05697 0.133457 0.10477 0.136736 0.05697596 0.133819 0.002431988 0.133626 0.05697 0.136736 0.05697596 0.136928 0.002436995 0.133819 0.002431988 0.514984 0.481144 0.53743 0.467755 0.531096 0.481328 0.514984 0.481144 0.508415 0.467424 0.53743 0.467755 0.559005 0.49314 0.531096 0.481328 0.53743 0.467755 0.559005 0.49314 0.542181 0.496198 0.531096 0.481328 0.542181 0.496198 0.559005 0.49314 0.559078 0.538416 0.542181 0.496198 0.559078 0.538416 0.542515 0.534989 0.531683 0.549609 0.542515 0.534989 0.559078 0.538416 0.531683 0.549609 0.559078 0.538416 0.538252 0.56333 0.515572 0.549426 0.531683 0.549609 0.538252 0.56333 0.515572 0.549426 0.538252 0.56333 0.509238 0.562999 0.487667 0.537612 0.515572 0.549426 0.509238 0.562999 0.487667 0.537612 0.504487 0.534555 0.515572 0.549426 0.48759 0.492337 0.504487 0.534555 0.487667 0.537612 0.48759 0.492337 0.504153 0.495764 0.504487 0.534555 0.514984 0.481144 0.504153 0.495764 0.48759 0.492337 0.514984 0.481144 0.48759 0.492337 0.508415 0.467424 0.559078 0.538416 0.583746 0.568649 0.559343 0.568885 0.559078 0.538416 0.583486 0.538594 0.583746 0.568649 0.559005 0.49314 0.583486 0.538594 0.559078 0.538416 0.559005 0.49314 0.58277 0.492647 0.583486 0.538594 0.559005 0.49314 0.589697 0.468306 0.58277 0.492647 0.559005 0.49314 0.566582 0.468734 0.589697 0.468306 0.566582 0.468734 0.587347 0.442158 0.589697 0.468306 0.566582 0.468734 0.564227 0.442533 0.587347 0.442158 0.48759 0.492337 0.487667 0.537612 0.463888 0.537752 0.487667 0.537612 0.472483 0.562171 0.463888 0.537752 0.487667 0.537612 0.495645 0.561737 0.472483 0.562171 0.471247 0.588383 0.472483 0.562171 0.495645 0.561737 0.471247 0.588383 0.495645 0.561737 0.494407 0.588002 0.48759 0.492337 0.462924 0.462105 0.487326 0.461869 0.48759 0.492337 0.463188 0.492515 0.462924 0.462105 0.48759 0.492337 0.463888 0.537752 0.463188 0.492515 0.447378 0.53505 0.463188 0.492515 0.463888 0.537752 0.436658 0.550137 0.447378 0.53505 0.463888 0.537752 0.436658 0.550137 0.463888 0.537752 0.44329 0.563525 0.436658 0.550137 0.44329 0.563525 0.414348 0.564445 0.436658 0.550137 0.414348 0.564445 0.42056 0.550649 0.392968 0.539651 0.42056 0.550649 0.414348 0.564445 0.392968 0.539651 0.409384 0.536258 0.42056 0.550649 0.392968 0.539651 0.408784 0.497472 0.409384 0.536258 0.392968 0.539651 0.392279 0.495126 0.408784 0.497472 0.419505 0.482385 0.408784 0.497472 0.392279 0.495126 0.419505 0.482385 0.392279 0.495126 0.412872 0.468998 0.441814 0.468077 0.419505 0.482385 0.412872 0.468998 0.441814 0.468077 0.435602 0.481873 0.419505 0.482385 0.463188 0.492515 0.435602 0.481873 0.441814 0.468077 0.463188 0.492515 0.446778 0.496264 0.435602 0.481873 0.447378 0.53505 0.446778 0.496264 0.463188 0.492515 0.130605 0.202949 0.007549941 0.25705 0.1304129 0.257224 0.130605 0.202949 0.007741987 0.202775 0.007549941 0.25705 0.130758 0.159611 0.007741987 0.202775 0.130605 0.202949 0.130758 0.159611 0.007894992 0.159437 0.007741987 0.202775 0.131121 0.05696499 0.008088946 0.104591 0.130952 0.1047649 0.131121 0.05696499 0.008257985 0.05679094 0.008088946 0.104591 0.131121 0.05696499 0.008450984 0.002252995 0.008257985 0.05679094 0.131121 0.05696499 0.131314 0.002426981 0.008450984 0.002252995 0.166994 0.612685 0.190176 0.598024 0.183627 0.612577 0.166994 0.612685 0.160223 0.598218 0.190176 0.598024 0.212105 0.625007 0.183627 0.612577 0.190176 0.598024 0.212105 0.625007 0.19506 0.628182 0.183627 0.612577 0.19506 0.628182 0.212105 0.625007 0.212467 0.672382 0.19506 0.628182 0.212467 0.672382 0.195375 0.669428 0.184182 0.68518 0.195375 0.669428 0.212467 0.672382 0.184182 0.68518 0.212467 0.672382 0.190953 0.699647 0.16755 0.685288 0.184182 0.68518 0.190953 0.699647 0.16755 0.685288 0.190953 0.699647 0.161001 0.699841 0.139069 0.672491 0.16755 0.685288 0.161001 0.699841 0.139069 0.672491 0.156117 0.669683 0.16755 0.685288 0.138713 0.62585 0.156117 0.669683 0.139069 0.672491 0.138713 0.62585 0.155802 0.628437 0.156117 0.669683 0.166994 0.612685 0.155802 0.628437 0.138713 0.62585 0.166994 0.612685 0.138713 0.62585 0.160223 0.598218 0.138713 0.62585 0.139069 0.672491 0.114183 0.673126 0.139069 0.672491 0.111568 0.701038 0.114183 0.673126 0.139069 0.672491 0.136242 0.700101 0.111568 0.701038 0.111568 0.701038 0.136242 0.700101 0.139192 0.726097 0.111568 0.701038 0.139192 0.726097 0.114511 0.726981 0.138713 0.62585 0.111896 0.594471 0.136982 0.593739 0.138713 0.62585 0.113624 0.626518 0.111896 0.594471 0.138713 0.62585 0.114183 0.673126 0.113624 0.626518 0.09705299 0.670586 0.113624 0.626518 0.114183 0.673126 0.08589899 0.686353 0.09705299 0.670586 0.114183 0.673126 0.08589899 0.686353 0.114183 0.673126 0.092673 0.700751 0.08589899 0.686353 0.092673 0.700751 0.06278097 0.700998 0.08589899 0.686353 0.06278097 0.700998 0.06927299 0.686491 0.040838 0.673737 0.06927299 0.686491 0.06278097 0.700998 0.040838 0.673737 0.05781197 0.670911 0.06927299 0.686491 0.040838 0.673737 0.05740898 0.629669 0.05781197 0.670911 0.040838 0.673737 0.04028999 0.627125 0.05740898 0.629669 0.06856399 0.613902 0.05740898 0.629669 0.04028999 0.627125 0.06856399 0.613902 0.04028999 0.627125 0.06178897 0.599504 0.09168195 0.599257 0.06856399 0.613902 0.06178897 0.599504 0.09168195 0.599257 0.08518898 0.613764 0.06856399 0.613902 0.113624 0.626518 0.08518898 0.613764 0.09168195 0.599257 0.113624 0.626518 0.09665 0.629343 0.08518898 0.613764 0.09705299 0.670586 0.09665 0.629343 0.113624 0.626518 0.01574599 0.6731 0.03974097 0.705808 0.01464897 0.705601 0.01574599 0.6731 0.040838 0.673737 0.03974097 0.705808 0.01538896 0.627195 0.040838 0.673737 0.01574599 0.6731 0.01538896 0.627195 0.04028999 0.627125 0.040838 0.673737 0.01538896 0.627195 0.03622996 0.599338 0.04028999 0.627125 0.01538896 0.627195 0.01150596 0.599349 0.03622996 0.599338 0.01150596 0.599349 0.03800696 0.573303 0.03622996 0.599338 0.01150596 0.599349 0.01328694 0.573264 0.03800696 0.573303 0.270605 0.226417 0.236913 0.226417 0.237152 0.202873 0.270605 0.226417 0.237152 0.202873 0.270846 0.202873 0.270846 0.202873 0.286149 0.226417 0.270605 0.226417 0.270846 0.202873 0.2864 0.202873 0.286149 0.226417 0.299123 0.226417 0.286149 0.226417 0.2864 0.202873 0.299123 0.226417 0.2864 0.202873 0.299381 0.202873 0.299123 0.226417 0.299381 0.202873 0.312868 0.202873 0.299123 0.226417 0.312868 0.202873 0.31261 0.226417 0.346577 0.202873 0.31261 0.226417 0.312868 0.202873 0.346577 0.202873 0.346321 0.226417 0.31261 0.226417 0.346577 0.202873 0.361858 0.226417 0.346321 0.226417 0.346577 0.202873 0.362124 0.202873 0.361858 0.226417 0.362124 0.202873 0.374852 0.226417 0.361858 0.226417 0.362124 0.202873 0.375128 0.202873 0.374852 0.226417 0.374852 0.226417 0.375128 0.202873 0.388565 0.202873 0.374852 0.226417 0.388565 0.202873 0.388284 0.226417 0.959618 0.60738 0.998977 0.688736 0.999191 0.628057 0.959618 0.60738 0.95926 0.708647 0.998977 0.688736 0.922458 0.688596 0.95926 0.708647 0.959618 0.60738 0.922458 0.688596 0.959618 0.60738 0.922673 0.627917 0.514984 0.481144 0.53743 0.467755 0.531096 0.481328 0.514984 0.481144 0.508415 0.467424 0.53743 0.467755 0.559005 0.49314 0.531096 0.481328 0.53743 0.467755 0.559005 0.49314 0.542181 0.496198 0.531096 0.481328 0.542181 0.496198 0.559005 0.49314 0.559078 0.538416 0.542181 0.496198 0.559078 0.538416 0.542515 0.534989 0.531683 0.549609 0.542515 0.534989 0.559078 0.538416 0.531683 0.549609 0.559078 0.538416 0.538252 0.56333 0.515572 0.549426 0.531683 0.549609 0.538252 0.56333 0.515572 0.549426 0.538252 0.56333 0.509238 0.562999 0.487667 0.537612 0.515572 0.549426 0.509238 0.562999 0.487667 0.537612 0.504487 0.534555 0.515572 0.549426 0.48759 0.492337 0.504487 0.534555 0.487667 0.537612 0.48759 0.492337 0.504153 0.495764 0.504487 0.534555 0.514984 0.481144 0.504153 0.495764 0.48759 0.492337 0.514984 0.481144 0.48759 0.492337 0.508415 0.467424 0.559078 0.538416 0.583746 0.568649 0.559343 0.568885 0.559078 0.538416 0.583486 0.538594 0.583746 0.568649 0.58277 0.492647 0.583486 0.538594 0.559078 0.538416 0.58277 0.492647 0.559078 0.538416 0.559005 0.49314 0.559005 0.49314 0.589697 0.468306 0.58277 0.492647 0.559005 0.49314 0.566582 0.468734 0.589697 0.468306 0.566582 0.468734 0.587347 0.442158 0.589697 0.468306 0.566582 0.468734 0.564227 0.442533 0.587347 0.442158 0.48759 0.492337 0.487667 0.537612 0.463888 0.537752 0.487667 0.537612 0.472483 0.562171 0.463888 0.537752 0.487667 0.537612 0.495645 0.561737 0.472483 0.562171 0.471247 0.588383 0.472483 0.562171 0.495645 0.561737 0.471247 0.588383 0.495645 0.561737 0.494407 0.588002 0.48759 0.492337 0.462924 0.462105 0.487326 0.461869 0.48759 0.492337 0.463188 0.492515 0.462924 0.462105 0.48759 0.492337 0.463888 0.537752 0.463188 0.492515 0.447378 0.53505 0.463188 0.492515 0.463888 0.537752 0.436658 0.550137 0.447378 0.53505 0.463888 0.537752 0.436658 0.550137 0.463888 0.537752 0.44329 0.563525 0.436658 0.550137 0.44329 0.563525 0.414348 0.564445 0.436658 0.550137 0.414348 0.564445 0.42056 0.550649 0.392968 0.539651 0.42056 0.550649 0.414348 0.564445 0.392968 0.539651 0.409384 0.536258 0.42056 0.550649 0.392968 0.539651 0.408784 0.497472 0.409384 0.536258 0.392968 0.539651 0.392279 0.495126 0.408784 0.497472 0.419505 0.482385 0.408784 0.497472 0.392279 0.495126 0.419505 0.482385 0.392279 0.495126 0.412872 0.468998 0.441814 0.468077 0.419505 0.482385 0.412872 0.468998 0.441814 0.468077 0.435602 0.481873 0.419505 0.482385 0.463188 0.492515 0.435602 0.481873 0.441814 0.468077 0.463188 0.492515 0.446778 0.496264 0.435602 0.481873 0.447378 0.53505 0.446778 0.496264 0.463188 0.492515 0.88749 0.61855 0.917556 0.689545 0.917771 0.628866 0.88749 0.61855 0.887205 0.699128 0.917556 0.689545 0.88749 0.61855 0.857159 0.689434 0.887205 0.699128 0.88749 0.61855 0.857374 0.628755 0.857159 0.689434 0.672349 0.171244 0.694571 0.157503 0.694572 0.171314 0.672349 0.171244 0.672349 0.157424 0.694571 0.157503 0.694571 0.157503 0.672349 0.157424 0.672349 0.144684 0.694571 0.157503 0.672349 0.144684 0.694571 0.144771 0.694571 0.144771 0.672349 0.144684 0.672349 0.106187 0.694571 0.144771 0.672349 0.106187 0.694572 0.106276 0.672349 0.106187 0.694572 0.08974897 0.694572 0.106276 0.672349 0.106187 0.672349 0.08965998 0.694572 0.08974897 0.672349 0.075841 0.694572 0.08974897 0.672349 0.08965998 0.672349 0.075841 0.694572 0.07592999 0.694572 0.08974897 0.694572 0.07592999 0.672349 0.075841 0.672349 0.063102 0.694572 0.07592999 0.672349 0.063102 0.694571 0.06319797 0.672349 0.02460497 0.694571 0.06319797 0.672349 0.063102 0.672349 0.02460497 0.694572 0.02470397 0.694571 0.06319797 0.672349 0.02460497 0.694571 0.008180975 0.694572 0.02470397 0.672349 0.02460497 0.672349 0.008075952 0.694571 0.008180975 0.847535 0.959034 0.824216 0.972625 0.830839 0.958519 0.847535 0.959034 0.854283 0.973553 0.824216 0.972625 0.802294 0.945196 0.830839 0.958519 0.824216 0.972625 0.802294 0.945196 0.819416 0.942703 0.830839 0.958519 0.81924 0.902018 0.819416 0.942703 0.802294 0.945196 0.81924 0.902018 0.802294 0.945196 0.802092 0.898466 0.830529 0.886903 0.81924 0.902018 0.802092 0.898466 0.830529 0.886903 0.802092 0.898466 0.823782 0.872384 0.847225 0.887418 0.830529 0.886903 0.823782 0.872384 0.847225 0.887418 0.823782 0.872384 0.853849 0.873312 0.875772 0.901133 0.847225 0.887418 0.853849 0.873312 0.875772 0.901133 0.858649 0.903234 0.847225 0.887418 0.875772 0.901133 0.858825 0.943919 0.858649 0.903234 0.875772 0.901133 0.87597 0.947079 0.858825 0.943919 0.847535 0.959034 0.858825 0.943919 0.87597 0.947079 0.847535 0.959034 0.87597 0.947079 0.854283 0.973553 0.87597 0.947079 0.875772 0.901133 0.900558 0.900938 0.875772 0.901133 0.893264 0.87175 0.900558 0.900938 0.875772 0.901133 0.869118 0.872262 0.893264 0.87175 0.893264 0.87175 0.869118 0.872262 0.872152 0.846426 0.893264 0.87175 0.872152 0.846426 0.896292 0.845965 0.87597 0.947079 0.901796 0.979981 0.876356 0.98028 0.87597 0.947079 0.901414 0.946845 0.901796 0.979981 0.87597 0.947079 0.900558 0.900938 0.901414 0.946845 0.91844 0.943472 0.901414 0.946845 0.900558 0.900938 0.91844 0.943472 0.900558 0.900938 0.917971 0.902792 0.929137 0.88683 0.917971 0.902792 0.900558 0.900938 0.929137 0.88683 0.900558 0.900938 0.922318 0.872869 0.929137 0.88683 0.922318 0.872869 0.952308 0.87154 0.929137 0.88683 0.952308 0.87154 0.945818 0.886091 0.974367 0.897674 0.945818 0.886091 0.952308 0.87154 0.974367 0.897674 0.95734 0.901047 0.945818 0.886091 0.975229 0.943581 0.95734 0.901047 0.974367 0.897674 0.975229 0.943581 0.95781 0.941727 0.95734 0.901047 0.946643 0.957689 0.95781 0.941727 0.975229 0.943581 0.946643 0.957689 0.975229 0.943581 0.953463 0.97165 0.923472 0.972979 0.946643 0.957689 0.953463 0.97165 0.923472 0.972979 0.929963 0.958429 0.946643 0.957689 0.901414 0.946845 0.929963 0.958429 0.923472 0.972979 0.901414 0.946845 0.91844 0.943472 0.929963 0.958429 0.999812 0.897833 0.973985 0.864538 0.999425 0.864239 0.999812 0.897833 0.974367 0.897674 0.973985 0.864538 1 0.942995 0.974367 0.897674 0.999812 0.897833 1 0.942995 0.975229 0.943581 0.974367 0.897674 1 0.942995 0.975453 0.973032 0.975229 0.943581 1 0.942995 0.999549 0.972522 0.975453 0.973032 0.999549 0.972522 0.974377 0.998663 0.975453 0.973032 0.999549 0.972522 0.998481 0.998203 0.974377 0.998663 0.06157296 0.1045359 0.08509498 0.10458 0.08526396 0.05677998 0.06157296 0.1045359 0.08526396 0.05677998 0.06174194 0.05673599 0.08526396 0.05677998 0.06193494 0.00219798 0.06174194 0.05673599 0.08526396 0.05677998 0.08545696 0.002240955 0.06193494 0.00219798 0.132341 0.867026 0.132448 0.840751 0.10767 0.84164 0.132341 0.867026 0.10767 0.84164 0.107791 0.867967 0.107627 0.897109 0.132341 0.867026 0.107791 0.867967 0.107627 0.897109 0.1324689 0.896592 0.132341 0.867026 0.107608 0.943554 0.1324689 0.896592 0.107627 0.897109 0.107608 0.943554 0.1324689 0.942739 0.1324689 0.896592 0.107669 0.976952 0.1324689 0.942739 0.107608 0.943554 0.107669 0.976952 0.132414 0.976193 0.1324689 0.942739 0.17486 0.88507 0.186302 0.9 0.203499 0.897088 0.186315 0.939299 0.203499 0.897088 0.186302 0.9 0.186315 0.939299 0.203513 0.942203 0.203499 0.897088 0.174881 0.954236 0.203513 0.942203 0.186315 0.939299 0.174881 0.954236 0.181596 0.968006 0.203513 0.942203 0.158064 0.954241 0.181596 0.968006 0.174881 0.954236 0.158064 0.954241 0.151359 0.968015 0.181596 0.968006 0.158064 0.954241 0.1324689 0.942739 0.151359 0.968015 0.158064 0.954241 0.146621 0.93931 0.1324689 0.942739 0.1324689 0.942739 0.146621 0.93931 0.1466079 0.900011 0.1324689 0.942739 0.1466079 0.900011 0.1324689 0.896592 0.158042 0.885074 0.1324689 0.896592 0.1466079 0.900011 0.158042 0.885074 0.151327 0.871304 0.1324689 0.896592 0.151327 0.871304 0.158042 0.885074 0.17486 0.88507 0.151327 0.871304 0.17486 0.88507 0.181565 0.871296 0.17486 0.88507 0.203499 0.897088 0.181565 0.871296 0.05778098 0.954986 0.04633599 0.939803 0.03141498 0.94302 0.05778098 0.954986 0.03141498 0.94302 0.05085498 0.968916 0.05085498 0.968916 0.07478797 0.955105 0.05778098 0.954986 0.05085498 0.968916 0.081483 0.969129 0.07478797 0.955105 0.07478797 0.955105 0.081483 0.969129 0.107608 0.943554 0.07478797 0.955105 0.107608 0.943554 0.08648097 0.940083 0.107608 0.943554 0.08680796 0.900352 0.08648097 0.940083 0.107608 0.943554 0.107627 0.897109 0.08680796 0.900352 0.07536399 0.88517 0.08680796 0.900352 0.107627 0.897109 0.07536399 0.88517 0.107627 0.897109 0.08228898 0.87124 0.05835598 0.885051 0.07536399 0.88517 0.08228898 0.87124 0.05835598 0.885051 0.08228898 0.87124 0.05166095 0.871027 0.05835598 0.885051 0.05166095 0.871027 0.03147 0.896602 0.05835598 0.885051 0.03147 0.896602 0.04666399 0.900073 0.04633599 0.939803 0.04666399 0.900073 0.03147 0.896602 0.04633599 0.939803 0.03147 0.896602 0.03141498 0.94302 0.007353961 0.89514 0.03141498 0.94302 0.03147 0.896602 0.007353961 0.89514 0.007353961 0.942346 0.03141498 0.94302 0.03147 0.896602 0.007300972 0.863243 0.007353961 0.89514 0.03147 0.896602 0.03169298 0.863243 0.007300972 0.863243 0.007353961 0.942346 0.03187096 0.972074 0.03141498 0.94302 0.007353961 0.942346 0.007232964 0.971361 0.03187096 0.972074 0.03153198 0.998446 0.03187096 0.972074 0.007232964 0.971361 0.03153198 0.998446 0.007232964 0.971361 0.007312953 0.998446 0.270846 0.202873 0.237152 0.202873 0.236913 0.226417 0.270846 0.202873 0.236913 0.226417 0.270605 0.226417 0.286149 0.226417 0.270846 0.202873 0.270605 0.226417 0.286149 0.226417 0.2864 0.202873 0.270846 0.202873 0.2864 0.202873 0.286149 0.226417 0.299123 0.226417 0.2864 0.202873 0.299123 0.226417 0.299381 0.202873 0.312868 0.202873 0.299381 0.202873 0.299123 0.226417 0.312868 0.202873 0.299123 0.226417 0.31261 0.226417 0.312868 0.202873 0.31261 0.226417 0.346321 0.226417 0.312868 0.202873 0.346321 0.226417 0.346577 0.202873 0.361858 0.226417 0.346577 0.202873 0.346321 0.226417 0.361858 0.226417 0.362124 0.202873 0.346577 0.202873 0.374852 0.226417 0.362124 0.202873 0.361858 0.226417 0.374852 0.226417 0.375128 0.202873 0.362124 0.202873 0.388565 0.202873 0.375128 0.202873 0.374852 0.226417 0.388565 0.202873 0.374852 0.226417 0.388284 0.226417 0.139192 0.726097 0.111568 0.701038 0.114511 0.726981 0.139192 0.726097 0.136242 0.700101 0.111568 0.701038 0.139069 0.672491 0.111568 0.701038 0.136242 0.700101 0.139069 0.672491 0.114183 0.673126 0.111568 0.701038 0.113624 0.626518 0.114183 0.673126 0.139069 0.672491 0.113624 0.626518 0.139069 0.672491 0.138713 0.62585 0.138713 0.62585 0.111896 0.594471 0.113624 0.626518 0.138713 0.62585 0.136982 0.593739 0.111896 0.594471 0.139069 0.672491 0.155802 0.628437 0.138713 0.62585 0.139069 0.672491 0.156117 0.669683 0.155802 0.628437 0.16755 0.685288 0.156117 0.669683 0.139069 0.672491 0.16755 0.685288 0.139069 0.672491 0.161001 0.699841 0.190953 0.699647 0.16755 0.685288 0.161001 0.699841 0.190953 0.699647 0.184182 0.68518 0.16755 0.685288 0.184182 0.68518 0.190953 0.699647 0.212467 0.672382 0.184182 0.68518 0.212467 0.672382 0.195375 0.669428 0.195375 0.669428 0.212467 0.672382 0.212105 0.625007 0.195375 0.669428 0.212105 0.625007 0.19506 0.628182 0.183627 0.612577 0.19506 0.628182 0.212105 0.625007 0.183627 0.612577 0.212105 0.625007 0.190176 0.598024 0.166994 0.612685 0.183627 0.612577 0.190176 0.598024 0.166994 0.612685 0.190176 0.598024 0.160223 0.598218 0.166994 0.612685 0.160223 0.598218 0.138713 0.62585 0.166994 0.612685 0.138713 0.62585 0.155802 0.628437 0.114183 0.673126 0.113624 0.626518 0.09665 0.629343 0.08518898 0.613764 0.09665 0.629343 0.113624 0.626518 0.08518898 0.613764 0.113624 0.626518 0.09168195 0.599257 0.09168195 0.599257 0.06856399 0.613902 0.08518898 0.613764 0.09168195 0.599257 0.06178897 0.599504 0.06856399 0.613902 0.06856399 0.613902 0.06178897 0.599504 0.04028999 0.627125 0.06856399 0.613902 0.04028999 0.627125 0.05740898 0.629669 0.040838 0.673737 0.05740898 0.629669 0.04028999 0.627125 0.040838 0.673737 0.05781197 0.670911 0.05740898 0.629669 0.06927299 0.686491 0.05781197 0.670911 0.040838 0.673737 0.06927299 0.686491 0.040838 0.673737 0.06278097 0.700998 0.08589899 0.686353 0.06927299 0.686491 0.06278097 0.700998 0.08589899 0.686353 0.06278097 0.700998 0.092673 0.700751 0.08589899 0.686353 0.092673 0.700751 0.114183 0.673126 0.08589899 0.686353 0.114183 0.673126 0.09705299 0.670586 0.114183 0.673126 0.09665 0.629343 0.09705299 0.670586 0.01150596 0.599349 0.03800696 0.573303 0.01328694 0.573264 0.01150596 0.599349 0.03622996 0.599338 0.03800696 0.573303 0.01538896 0.627195 0.03622996 0.599338 0.01150596 0.599349 0.01538896 0.627195 0.04028999 0.627125 0.03622996 0.599338 0.01538896 0.627195 0.040838 0.673737 0.04028999 0.627125 0.01538896 0.627195 0.01574599 0.6731 0.040838 0.673737 0.01574599 0.6731 0.03974097 0.705808 0.040838 0.673737 0.01574599 0.6731 0.01464897 0.705601 0.03974097 0.705808 0.03147 0.896602 0.007300972 0.863243 0.03169298 0.863243 0.03147 0.896602 0.007353961 0.89514 0.007300972 0.863243 0.03147 0.896602 0.007353961 0.942346 0.007353961 0.89514 0.03147 0.896602 0.03141498 0.94302 0.007353961 0.942346 0.03141498 0.94302 0.007232964 0.971361 0.007353961 0.942346 0.03141498 0.94302 0.03187096 0.972074 0.007232964 0.971361 0.007232964 0.971361 0.03187096 0.972074 0.03153198 0.998446 0.007232964 0.971361 0.03153198 0.998446 0.007312953 0.998446 0.08680796 0.900352 0.107627 0.897109 0.107608 0.943554 0.08680796 0.900352 0.107608 0.943554 0.08648097 0.940083 0.07478797 0.955105 0.08648097 0.940083 0.107608 0.943554 0.07478797 0.955105 0.107608 0.943554 0.081483 0.969129 0.05778098 0.954986 0.07478797 0.955105 0.081483 0.969129 0.05778098 0.954986 0.081483 0.969129 0.05085498 0.968916 0.03141498 0.94302 0.05778098 0.954986 0.05085498 0.968916 0.03141498 0.94302 0.04633599 0.939803 0.05778098 0.954986 0.03147 0.896602 0.04633599 0.939803 0.03141498 0.94302 0.03147 0.896602 0.04666399 0.900073 0.04633599 0.939803 0.05835598 0.885051 0.04666399 0.900073 0.03147 0.896602 0.05835598 0.885051 0.03147 0.896602 0.05166095 0.871027 0.05166095 0.871027 0.07536399 0.88517 0.05835598 0.885051 0.05166095 0.871027 0.08228898 0.87124 0.07536399 0.88517 0.107627 0.897109 0.07536399 0.88517 0.08228898 0.87124 0.107627 0.897109 0.08680796 0.900352 0.07536399 0.88517 0.107608 0.943554 0.132414 0.976193 0.107669 0.976952 0.107608 0.943554 0.1324689 0.942739 0.132414 0.976193 0.107627 0.897109 0.1324689 0.942739 0.107608 0.943554 0.107627 0.897109 0.1324689 0.896592 0.1324689 0.942739 0.107627 0.897109 0.132341 0.867026 0.1324689 0.896592 0.107627 0.897109 0.107791 0.867967 0.132341 0.867026 0.10767 0.84164 0.132341 0.867026 0.107791 0.867967 0.10767 0.84164 0.132448 0.840751 0.132341 0.867026 0.203499 0.897088 0.186302 0.9 0.17486 0.88507 0.186315 0.939299 0.186302 0.9 0.203499 0.897088 0.186315 0.939299 0.203499 0.897088 0.203513 0.942203 0.174881 0.954236 0.186315 0.939299 0.203513 0.942203 0.174881 0.954236 0.203513 0.942203 0.181596 0.968006 0.174881 0.954236 0.181596 0.968006 0.151359 0.968015 0.174881 0.954236 0.151359 0.968015 0.158064 0.954241 0.1324689 0.942739 0.158064 0.954241 0.151359 0.968015 0.1324689 0.942739 0.146621 0.93931 0.158064 0.954241 0.1324689 0.942739 0.1466079 0.900011 0.146621 0.93931 0.1324689 0.942739 0.1324689 0.896592 0.1466079 0.900011 0.158042 0.885074 0.1466079 0.900011 0.1324689 0.896592 0.158042 0.885074 0.1324689 0.896592 0.151327 0.871304 0.181565 0.871296 0.158042 0.885074 0.151327 0.871304 0.181565 0.871296 0.17486 0.88507 0.158042 0.885074 0.203499 0.897088 0.17486 0.88507 0.181565 0.871296 0.566582 0.468734 0.587347 0.442158 0.564227 0.442533 0.566582 0.468734 0.589697 0.468306 0.587347 0.442158 0.58277 0.492647 0.589697 0.468306 0.566582 0.468734 0.58277 0.492647 0.566582 0.468734 0.559005 0.49314 0.559005 0.49314 0.583486 0.538594 0.58277 0.492647 0.559005 0.49314 0.559078 0.538416 0.583486 0.538594 0.559078 0.538416 0.583746 0.568649 0.583486 0.538594 0.559078 0.538416 0.559343 0.568885 0.583746 0.568649 0.487667 0.537612 0.504153 0.495764 0.48759 0.492337 0.487667 0.537612 0.504487 0.534555 0.504153 0.495764 0.515572 0.549426 0.504487 0.534555 0.487667 0.537612 0.515572 0.549426 0.487667 0.537612 0.509238 0.562999 0.538252 0.56333 0.515572 0.549426 0.509238 0.562999 0.538252 0.56333 0.531683 0.549609 0.515572 0.549426 0.531683 0.549609 0.538252 0.56333 0.559078 0.538416 0.531683 0.549609 0.559078 0.538416 0.542515 0.534989 0.559078 0.538416 0.542181 0.496198 0.542515 0.534989 0.559078 0.538416 0.559005 0.49314 0.542181 0.496198 0.531096 0.481328 0.542181 0.496198 0.559005 0.49314 0.531096 0.481328 0.559005 0.49314 0.53743 0.467755 0.514984 0.481144 0.531096 0.481328 0.53743 0.467755 0.514984 0.481144 0.53743 0.467755 0.508415 0.467424 0.514984 0.481144 0.508415 0.467424 0.48759 0.492337 0.514984 0.481144 0.48759 0.492337 0.504153 0.495764 0.471247 0.588383 0.494407 0.588002 0.495645 0.561737 0.471247 0.588383 0.495645 0.561737 0.472483 0.562171 0.487667 0.537612 0.472483 0.562171 0.495645 0.561737 0.487667 0.537612 0.463888 0.537752 0.472483 0.562171 0.463888 0.537752 0.487667 0.537612 0.48759 0.492337 0.463888 0.537752 0.48759 0.492337 0.463188 0.492515 0.487326 0.461869 0.463188 0.492515 0.48759 0.492337 0.487326 0.461869 0.462924 0.462105 0.463188 0.492515 0.419505 0.482385 0.412872 0.468998 0.392279 0.495126 0.419505 0.482385 0.392279 0.495126 0.408784 0.497472 0.392968 0.539651 0.408784 0.497472 0.392279 0.495126 0.392968 0.539651 0.409384 0.536258 0.408784 0.497472 0.42056 0.550649 0.409384 0.536258 0.392968 0.539651 0.42056 0.550649 0.392968 0.539651 0.414348 0.564445 0.436658 0.550137 0.42056 0.550649 0.414348 0.564445 0.436658 0.550137 0.414348 0.564445 0.44329 0.563525 0.436658 0.550137 0.44329 0.563525 0.463888 0.537752 0.436658 0.550137 0.463888 0.537752 0.447378 0.53505 0.447378 0.53505 0.463888 0.537752 0.463188 0.492515 0.447378 0.53505 0.463188 0.492515 0.446778 0.496264 0.435602 0.481873 0.446778 0.496264 0.463188 0.492515 0.435602 0.481873 0.463188 0.492515 0.441814 0.468077 0.412872 0.468998 0.435602 0.481873 0.441814 0.468077 0.412872 0.468998 0.419505 0.482385 0.435602 0.481873 0.837921 0.523131 0.858434 0.498062 0.836452 0.495487 0.837921 0.523131 0.861061 0.523815 0.858434 0.498062 0.834932 0.599057 0.834938 0.621599 0.855206 0.622118 0.834932 0.599057 0.855206 0.622118 0.85722 0.599705 0.838244 0.565893 0.834932 0.599057 0.85722 0.599705 0.838244 0.565893 0.85722 0.599705 0.862518 0.566645 0.838244 0.565893 0.862518 0.566645 0.861061 0.523815 0.838244 0.565893 0.861061 0.523815 0.837921 0.523131 0.818792 0.561551 0.838244 0.565893 0.837921 0.523131 0.818792 0.561551 0.837921 0.523131 0.818536 0.527721 0.805569 0.514943 0.818536 0.527721 0.837921 0.523131 0.805569 0.514943 0.837921 0.523131 0.813056 0.502994 0.786648 0.515064 0.805569 0.514943 0.813056 0.502994 0.786648 0.515064 0.813056 0.502994 0.778981 0.503212 0.786648 0.515064 0.778981 0.503212 0.754438 0.525617 0.786648 0.515064 0.754438 0.525617 0.773875 0.528006 0.754731 0.564473 0.773875 0.528006 0.754438 0.525617 0.754731 0.564473 0.77413 0.561836 0.773875 0.528006 0.787103 0.575749 0.77413 0.561836 0.754731 0.564473 0.787103 0.575749 0.754731 0.564473 0.77961 0.586563 0.77961 0.586563 0.806031 0.575628 0.787103 0.575749 0.77961 0.586563 0.813685 0.586346 0.806031 0.575628 0.806031 0.575628 0.813685 0.586346 0.838244 0.565893 0.806031 0.575628 0.838244 0.565893 0.818792 0.561551 0.894875 0.574468 0.887572 0.586445 0.921561 0.585864 0.894875 0.574468 0.862518 0.566645 0.887572 0.586445 0.894875 0.574468 0.881758 0.561839 0.862518 0.566645 0.881758 0.561839 0.861061 0.523815 0.862518 0.566645 0.881758 0.561839 0.881076 0.528029 0.861061 0.523815 0.893675 0.514961 0.861061 0.523815 0.881076 0.528029 0.893675 0.514961 0.885893 0.503241 0.861061 0.523815 0.885893 0.503241 0.893675 0.514961 0.91258 0.514638 0.885893 0.503241 0.91258 0.514638 0.919884 0.502661 0.91258 0.514638 0.944939 0.522469 0.919884 0.502661 0.91258 0.514638 0.925697 0.527267 0.944939 0.522469 0.946347 0.565226 0.944939 0.522469 0.925697 0.527267 0.946347 0.565226 0.925697 0.527267 0.926379 0.561078 0.91378 0.574145 0.946347 0.565226 0.926379 0.561078 0.91378 0.574145 0.921561 0.585864 0.946347 0.565226 0.894875 0.574468 0.921561 0.585864 0.91378 0.574145 0.969561 0.5656 0.931883 0.600403 0.953977 0.600827 0.969561 0.5656 0.946347 0.565226 0.931883 0.600403 0.944939 0.522469 0.946347 0.565226 0.969561 0.5656 0.944939 0.522469 0.969561 0.5656 0.96917 0.518906 0.96917 0.518906 0.940361 0.489502 0.944939 0.522469 0.96917 0.518906 0.962548 0.487995 0.940361 0.489502 0.958962 0.456802 0.940361 0.489502 0.962548 0.487995 0.958962 0.456802 0.938852 0.458221 0.940361 0.489502 0.694571 0.157503 0.672349 0.171244 0.694572 0.171314 0.694571 0.157503 0.672349 0.157424 0.672349 0.171244 0.694571 0.144771 0.672349 0.157424 0.694571 0.157503 0.694571 0.144771 0.672349 0.144684 0.672349 0.157424 0.672349 0.106187 0.672349 0.144684 0.694571 0.144771 0.672349 0.106187 0.694571 0.144771 0.694572 0.106276 0.694572 0.08974897 0.672349 0.106187 0.694572 0.106276 0.694572 0.08974897 0.672349 0.08965998 0.672349 0.106187 0.672349 0.075841 0.672349 0.08965998 0.694572 0.08974897 0.672349 0.075841 0.694572 0.08974897 0.694572 0.07592999 0.672349 0.063102 0.672349 0.075841 0.694572 0.07592999 0.672349 0.063102 0.694572 0.07592999 0.694571 0.06319797 0.694571 0.06319797 0.672349 0.02460497 0.672349 0.063102 0.694571 0.06319797 0.694572 0.02470397 0.672349 0.02460497 0.694572 0.02470397 0.672349 0.008075952 0.672349 0.02460497 0.694572 0.02470397 0.694571 0.008180975 0.672349 0.008075952 0.321126 0.158258 0.321126 0.1707929 0.343293 0.170554 0.321126 0.158258 0.343293 0.170554 0.343293 0.1580229 0.321126 0.119354 0.321126 0.158258 0.343293 0.1580229 0.321126 0.119354 0.343293 0.1580229 0.343293 0.119122 0.343293 0.102099 0.321126 0.119354 0.343293 0.119122 0.343293 0.102099 0.321126 0.102298 0.321126 0.119354 0.321126 0.102298 0.343293 0.102099 0.343293 0.08600795 0.321126 0.102298 0.343293 0.08600795 0.321126 0.08618998 0.321125 0.073722 0.321126 0.08618998 0.343293 0.08600795 0.321125 0.073722 0.343293 0.08600795 0.343293 0.07352799 0.321125 0.073722 0.343293 0.07352799 0.343293 0.03466999 0.321125 0.073722 0.343293 0.03466999 0.321125 0.03486096 0.343293 0.01761698 0.321125 0.03486096 0.343293 0.03466999 0.343293 0.01761698 0.321125 0.01778298 0.321125 0.03486096 0.343293 0.001533985 0.321125 0.01778298 0.343293 0.01761698 0.343293 0.001533985 0.321125 0.001675963 0.321125 0.01778298 0.999549 0.972522 0.974377 0.998663 0.998481 0.998203 0.999549 0.972522 0.975453 0.973032 0.974377 0.998663 1 0.942995 0.975453 0.973032 0.999549 0.972522 1 0.942995 0.975229 0.943581 0.975453 0.973032 1 0.942995 0.974367 0.897674 0.975229 0.943581 1 0.942995 0.999812 0.897833 0.974367 0.897674 0.999812 0.897833 0.973985 0.864538 0.974367 0.897674 0.999812 0.897833 0.999425 0.864239 0.973985 0.864538 0.87597 0.947079 0.876356 0.98028 0.901796 0.979981 0.87597 0.947079 0.901796 0.979981 0.901414 0.946845 0.900558 0.900938 0.87597 0.947079 0.901414 0.946845 0.900558 0.900938 0.901414 0.946845 0.91844 0.943472 0.900558 0.900938 0.91844 0.943472 0.917971 0.902792 0.929137 0.88683 0.900558 0.900938 0.917971 0.902792 0.929137 0.88683 0.922318 0.872869 0.900558 0.900938 0.945818 0.886091 0.922318 0.872869 0.929137 0.88683 0.945818 0.886091 0.952308 0.87154 0.922318 0.872869 0.945818 0.886091 0.974367 0.897674 0.952308 0.87154 0.945818 0.886091 0.95734 0.901047 0.974367 0.897674 0.95734 0.901047 0.975229 0.943581 0.974367 0.897674 0.95734 0.901047 0.95781 0.941727 0.975229 0.943581 0.946643 0.957689 0.975229 0.943581 0.95781 0.941727 0.946643 0.957689 0.953463 0.97165 0.975229 0.943581 0.923472 0.972979 0.953463 0.97165 0.946643 0.957689 0.923472 0.972979 0.946643 0.957689 0.929963 0.958429 0.929963 0.958429 0.901414 0.946845 0.923472 0.972979 0.929963 0.958429 0.91844 0.943472 0.901414 0.946845 0.872152 0.846426 0.893264 0.87175 0.896292 0.845965 0.872152 0.846426 0.869118 0.872262 0.893264 0.87175 0.875772 0.901133 0.893264 0.87175 0.869118 0.872262 0.875772 0.901133 0.900558 0.900938 0.893264 0.87175 0.900558 0.900938 0.875772 0.901133 0.87597 0.947079 0.875772 0.901133 0.858825 0.943919 0.87597 0.947079 0.847535 0.959034 0.87597 0.947079 0.858825 0.943919 0.847535 0.959034 0.854283 0.973553 0.87597 0.947079 0.847535 0.959034 0.824216 0.972625 0.854283 0.973553 0.847535 0.959034 0.830839 0.958519 0.824216 0.972625 0.830839 0.958519 0.802294 0.945196 0.824216 0.972625 0.830839 0.958519 0.819416 0.942703 0.802294 0.945196 0.81924 0.902018 0.802294 0.945196 0.819416 0.942703 0.81924 0.902018 0.802092 0.898466 0.802294 0.945196 0.830529 0.886903 0.802092 0.898466 0.81924 0.902018 0.830529 0.886903 0.823782 0.872384 0.802092 0.898466 0.823782 0.872384 0.830529 0.886903 0.847225 0.887418 0.823782 0.872384 0.847225 0.887418 0.853849 0.873312 0.847225 0.887418 0.875772 0.901133 0.853849 0.873312 0.847225 0.887418 0.858649 0.903234 0.875772 0.901133 0.875772 0.901133 0.858649 0.903234 0.858825 0.943919 0.618034 0.138642 0.594719 0.174493 0.618034 0.174168 0.618034 0.138642 0.594719 0.138965 0.594719 0.174493 0.618034 0.121498 0.594719 0.138965 0.618034 0.138642 0.618034 0.121498 0.594719 0.1218219 0.594719 0.138965 0.594719 0.108029 0.594719 0.1218219 0.618034 0.121498 0.594719 0.108029 0.618034 0.121498 0.618034 0.107702 0.594719 0.092588 0.594719 0.108029 0.618034 0.107702 0.594719 0.092588 0.618034 0.107702 0.618034 0.09227895 0.618034 0.09227895 0.594719 0.05705499 0.594719 0.092588 0.618034 0.09227895 0.618034 0.05675899 0.594719 0.05705499 0.618034 0.03961598 0.594719 0.05705499 0.618034 0.05675899 0.618034 0.03961598 0.594719 0.03990995 0.594719 0.05705499 0.618034 0.03961598 0.594719 0.02606099 0.594719 0.03990995 0.618034 0.03961598 0.618034 0.02576798 0.594719 0.02606099 0.594719 0.01071995 0.594719 0.02606099 0.618034 0.02576798 0.594719 0.01071995 0.618034 0.02576798 0.618034 0.01043295 0.734593 0.704779 0.734704 0.724874 0.76068 0.724819 0.734593 0.704779 0.76068 0.724819 0.760568 0.704685 0.734418 0.673378 0.734593 0.704779 0.760568 0.704685 0.734418 0.673378 0.760568 0.704685 0.760394 0.673217 0.760394 0.673217 0.734516 0.631441 0.734418 0.673378 0.760394 0.673217 0.75983 0.631261 0.734516 0.631441 0.75983 0.631261 0.736418 0.596686 0.734516 0.631441 0.75983 0.631261 0.761074 0.596443 0.736418 0.596686 0.734418 0.673378 0.70604 0.688411 0.712793 0.703541 0.734418 0.673378 0.717322 0.672824 0.70604 0.688411 0.734516 0.631441 0.717322 0.672824 0.734418 0.673378 0.734516 0.631441 0.717088 0.630487 0.717322 0.672824 0.705627 0.613897 0.717088 0.630487 0.734516 0.631441 0.705627 0.613897 0.734516 0.631441 0.712215 0.599355 0.688907 0.613159 0.705627 0.613897 0.712215 0.599355 0.688907 0.613159 0.712215 0.599355 0.682155 0.598029 0.688907 0.613159 0.682155 0.598029 0.660529 0.628192 0.688907 0.613159 0.660529 0.628192 0.677625 0.628745 0.677625 0.628745 0.660529 0.628192 0.660363 0.670078 0.677625 0.628745 0.660363 0.670078 0.677859 0.671082 0.68932 0.687672 0.677859 0.671082 0.660363 0.670078 0.68932 0.687672 0.660363 0.670078 0.682731 0.702214 0.682731 0.702214 0.70604 0.688411 0.68932 0.687672 0.682731 0.702214 0.712793 0.703541 0.70604 0.688411 0.63438 0.596884 0.660244 0.576696 0.634268 0.576751 0.63438 0.596884 0.660355 0.59679 0.660244 0.576696 0.634572 0.631689 0.660355 0.59679 0.63438 0.596884 0.634572 0.631689 0.660529 0.628192 0.660355 0.59679 0.660529 0.628192 0.634572 0.631689 0.635166 0.667023 0.660529 0.628192 0.635166 0.667023 0.660363 0.670078 0.632605 0.701815 0.660363 0.670078 0.635166 0.667023 0.632605 0.701815 0.657014 0.704705 0.660363 0.670078 0.177624 0.450382 0.20903 0.426446 0.183741 0.426126 0.177624 0.450382 0.203187 0.450654 0.20903 0.426446 0.177136 0.484062 0.203187 0.450654 0.177624 0.450382 0.177136 0.484062 0.202947 0.48561 0.203187 0.450654 0.177136 0.484062 0.202369 0.526845 0.202947 0.48561 0.177136 0.484062 0.17681 0.527997 0.202369 0.526845 0.1744959 0.562076 0.202369 0.526845 0.17681 0.527997 0.1744959 0.562076 0.199778 0.560869 0.202369 0.526845 0.149341 0.47131 0.177136 0.484062 0.156049 0.456791 0.149341 0.47131 0.160315 0.48634 0.177136 0.484062 0.17681 0.527997 0.177136 0.484062 0.160315 0.48634 0.17681 0.527997 0.160315 0.48634 0.159883 0.526939 0.148582 0.542774 0.17681 0.527997 0.159883 0.526939 0.148582 0.542774 0.154987 0.556819 0.17681 0.527997 0.154987 0.556819 0.148582 0.542774 0.132209 0.543365 0.154987 0.556819 0.132209 0.543365 0.125501 0.557884 0.132209 0.543365 0.104414 0.530613 0.125501 0.557884 0.132209 0.543365 0.121236 0.528335 0.104414 0.530613 0.121236 0.528335 0.10488 0.486671 0.104414 0.530613 0.121236 0.528335 0.121666 0.487736 0.10488 0.486671 0.132968 0.471902 0.10488 0.486671 0.121666 0.487736 0.132968 0.471902 0.1265619 0.457856 0.10488 0.486671 0.132968 0.471902 0.156049 0.456791 0.1265619 0.457856 0.132968 0.471902 0.149341 0.47131 0.156049 0.456791 0.08351999 0.588296 0.108834 0.588681 0.103816 0.564291 0.08351999 0.588296 0.103816 0.564291 0.07825297 0.563953 0.104414 0.530613 0.07825297 0.563953 0.103816 0.564291 0.104414 0.530613 0.07858198 0.53034 0.07825297 0.563953 0.079328 0.486428 0.07858198 0.53034 0.104414 0.530613 0.079328 0.486428 0.104414 0.530613 0.10488 0.486671 0.10488 0.486671 0.075383 0.453853 0.079328 0.486428 0.10488 0.486671 0.100673 0.454023 0.075383 0.453853 0.06189495 0.527685 0.07858198 0.53034 0.079328 0.486428 0.05051499 0.542449 0.07858198 0.53034 0.06189495 0.527685 0.05051499 0.542449 0.056795 0.557063 0.07858198 0.53034 0.05051499 0.542449 0.02740597 0.555312 0.056795 0.557063 0.05051499 0.542449 0.03416895 0.541475 0.02740597 0.555312 0.03416895 0.541475 0.006546974 0.527395 0.02740597 0.555312 0.03416895 0.541475 0.02331298 0.525387 0.006546974 0.527395 0.006546974 0.527395 0.02331298 0.525387 0.02400296 0.484793 0.006546974 0.527395 0.02400296 0.484793 0.007338941 0.480793 0.03538298 0.470029 0.007338941 0.480793 0.02400296 0.484793 0.03538298 0.470029 0.02910298 0.455416 0.007338941 0.480793 0.02910298 0.455416 0.03538298 0.470029 0.05172997 0.471003 0.02910298 0.455416 0.05172997 0.471003 0.05849397 0.457166 0.05172997 0.471003 0.079328 0.486428 0.05849397 0.457166 0.05172997 0.471003 0.06258499 0.487091 0.079328 0.486428 0.06189495 0.527685 0.079328 0.486428 0.06258499 0.487091 0.805727 0.687078 0.812503 0.701615 0.834181 0.672602 0.78901 0.687973 0.812503 0.701615 0.805727 0.687078 0.78901 0.687973 0.782399 0.703227 0.812503 0.701615 0.78901 0.687973 0.760394 0.673217 0.782399 0.703227 0.78901 0.687973 0.77755 0.672489 0.760394 0.673217 0.75983 0.631261 0.760394 0.673217 0.77755 0.672489 0.75983 0.631261 0.77755 0.672489 0.777315 0.630149 0.788597 0.613446 0.75983 0.631261 0.777315 0.630149 0.788597 0.613446 0.78182 0.59891 0.75983 0.631261 0.78182 0.59891 0.788597 0.613446 0.805313 0.612551 0.78182 0.59891 0.805313 0.612551 0.811925 0.597298 0.805313 0.612551 0.833911 0.623972 0.811925 0.597298 0.805313 0.612551 0.816773 0.628036 0.833911 0.623972 0.816773 0.628036 0.834181 0.672602 0.833911 0.623972 0.816773 0.628036 0.817008 0.670375 0.834181 0.672602 0.805727 0.687078 0.834181 0.672602 0.817008 0.670375 0.386338 0.74373 0.408753 0.713526 0.386265 0.714115 0.386338 0.74373 0.410601 0.743033 0.408753 0.713526 0.404842 0.768468 0.410601 0.743033 0.386338 0.74373 0.404842 0.768468 0.386338 0.74373 0.378759 0.771005 0.378759 0.771005 0.404026 0.819503 0.404842 0.768468 0.378759 0.771005 0.377999 0.818584 0.404026 0.819503 0.383698 0.853295 0.404026 0.819503 0.377999 0.818584 0.383698 0.853295 0.409742 0.852409 0.404026 0.819503 0.305099 0.803327 0.32274 0.763891 0.305861 0.755749 0.305099 0.803327 0.322126 0.802281 0.32274 0.763891 0.333129 0.819225 0.322126 0.802281 0.305099 0.803327 0.333129 0.819225 0.305099 0.803327 0.326298 0.831345 0.326298 0.831345 0.349648 0.822682 0.333129 0.819225 0.326298 0.831345 0.356047 0.837572 0.349648 0.822682 0.349648 0.822682 0.356047 0.837572 0.377999 0.818584 0.349648 0.822682 0.377999 0.818584 0.361118 0.810441 0.361118 0.810441 0.377999 0.818584 0.378759 0.771005 0.361118 0.810441 0.378759 0.771005 0.361732 0.772052 0.35073 0.755108 0.361732 0.772052 0.378759 0.771005 0.35073 0.755108 0.378759 0.771005 0.357561 0.742987 0.35073 0.755108 0.357561 0.742987 0.327811 0.736761 0.35073 0.755108 0.327811 0.736761 0.33421 0.751651 0.33421 0.751651 0.327811 0.736761 0.305861 0.755749 0.33421 0.751651 0.305861 0.755749 0.32274 0.763891 0.3069 0.86017 0.285832 0.829201 0.284542 0.85873 0.3069 0.86017 0.310006 0.830692 0.285832 0.829201 0.279124 0.801774 0.285832 0.829201 0.310006 0.830692 0.279124 0.801774 0.310006 0.830692 0.305099 0.803327 0.279124 0.801774 0.305099 0.803327 0.305861 0.755749 0.279124 0.801774 0.305861 0.755749 0.279886 0.754222 0.312669 0.721208 0.279886 0.754222 0.305861 0.755749 0.312669 0.721208 0.286681 0.719745 0.279886 0.754222 0.235135 0.752346 0.2287189 0.740093 0.2066529 0.769213 0.235135 0.752346 0.2066529 0.769213 0.223599 0.768978 0.222986 0.807365 0.223599 0.768978 0.2066529 0.769213 0.222986 0.807365 0.2066529 0.769213 0.2059479 0.81328 0.234054 0.819907 0.222986 0.807365 0.2059479 0.81328 0.234054 0.819907 0.2059479 0.81328 0.227209 0.834558 0.234054 0.819907 0.227209 0.834558 0.257085 0.829152 0.234054 0.819907 0.257085 0.829152 0.250671 0.816899 0.250671 0.816899 0.257085 0.829152 0.279124 0.801774 0.250671 0.816899 0.279124 0.801774 0.262206 0.800267 0.279124 0.801774 0.26282 0.76188 0.262206 0.800267 0.279124 0.801774 0.279886 0.754222 0.26282 0.76188 0.251752 0.749338 0.26282 0.76188 0.279886 0.754222 0.251752 0.749338 0.279886 0.754222 0.258597 0.734686 0.2287189 0.740093 0.251752 0.749338 0.258597 0.734686 0.2287189 0.740093 0.235135 0.752346 0.251752 0.749338 0.561826 0.168888 0.53864 0.152618 0.53864 0.16906 0.561826 0.168888 0.561826 0.152453 0.53864 0.152618 0.53864 0.140657 0.53864 0.152618 0.561826 0.152453 0.53864 0.140657 0.561826 0.152453 0.561826 0.140491 0.53864 0.123262 0.53864 0.140657 0.561826 0.140491 0.53864 0.123262 0.561826 0.140491 0.561825 0.123097 0.53864 0.123262 0.561825 0.123097 0.561825 0.09120798 0.53864 0.123262 0.561825 0.09120798 0.538639 0.091367 0.561826 0.07473796 0.538639 0.091367 0.561825 0.09120798 0.561826 0.07473796 0.53864 0.07488799 0.538639 0.091367 0.561826 0.06281399 0.53864 0.07488799 0.561826 0.07473796 0.561826 0.06281399 0.53864 0.06296396 0.53864 0.07488799 0.53864 0.04556798 0.53864 0.06296396 0.561826 0.06281399 0.53864 0.04556798 0.561826 0.06281399 0.561825 0.04541999 0.53864 0.01367396 0.53864 0.04556798 0.561825 0.04541999 0.53864 0.01367396 0.561825 0.04541999 0.561825 0.013529 0.03141498 0.94302 0.04666399 0.900073 0.03147 0.896602 0.03141498 0.94302 0.04633599 0.939803 0.04666399 0.900073 0.05778098 0.954986 0.04633599 0.939803 0.03141498 0.94302 0.05778098 0.954986 0.03141498 0.94302 0.05085498 0.968916 0.081483 0.969129 0.05778098 0.954986 0.05085498 0.968916 0.081483 0.969129 0.07478797 0.955105 0.05778098 0.954986 0.07478797 0.955105 0.081483 0.969129 0.107608 0.943554 0.07478797 0.955105 0.107608 0.943554 0.08648097 0.940083 0.107608 0.943554 0.08680796 0.900352 0.08648097 0.940083 0.107608 0.943554 0.107627 0.897109 0.08680796 0.900352 0.07536399 0.88517 0.08680796 0.900352 0.107627 0.897109 0.07536399 0.88517 0.107627 0.897109 0.08228898 0.87124 0.05835598 0.885051 0.07536399 0.88517 0.08228898 0.87124 0.05835598 0.885051 0.08228898 0.87124 0.05166095 0.871027 0.05835598 0.885051 0.05166095 0.871027 0.03147 0.896602 0.05835598 0.885051 0.03147 0.896602 0.04666399 0.900073 0.107669 0.976952 0.132414 0.976193 0.1324689 0.942739 0.107669 0.976952 0.1324689 0.942739 0.107608 0.943554 0.107627 0.897109 0.107608 0.943554 0.1324689 0.942739 0.107627 0.897109 0.1324689 0.942739 0.1324689 0.896592 0.1324689 0.896592 0.107791 0.867967 0.107627 0.897109 0.1324689 0.896592 0.132341 0.867026 0.107791 0.867967 0.132341 0.867026 0.10767 0.84164 0.107791 0.867967 0.132341 0.867026 0.132448 0.840751 0.10767 0.84164 0.17486 0.88507 0.186302 0.9 0.203499 0.897088 0.203513 0.942203 0.203499 0.897088 0.186302 0.9 0.203513 0.942203 0.186302 0.9 0.186315 0.939299 0.174881 0.954236 0.203513 0.942203 0.186315 0.939299 0.174881 0.954236 0.181596 0.968006 0.203513 0.942203 0.174881 0.954236 0.151359 0.968015 0.181596 0.968006 0.174881 0.954236 0.158064 0.954241 0.151359 0.968015 0.158064 0.954241 0.1324689 0.942739 0.151359 0.968015 0.158064 0.954241 0.146621 0.93931 0.1324689 0.942739 0.1324689 0.942739 0.146621 0.93931 0.1466079 0.900011 0.1324689 0.942739 0.1466079 0.900011 0.1324689 0.896592 0.158042 0.885074 0.1324689 0.896592 0.1466079 0.900011 0.158042 0.885074 0.151327 0.871304 0.1324689 0.896592 0.151327 0.871304 0.158042 0.885074 0.17486 0.88507 0.151327 0.871304 0.17486 0.88507 0.181565 0.871296 0.17486 0.88507 0.203499 0.897088 0.181565 0.871296 0.317024 0.158501 0.293617 0.171772 0.317024 0.171319 0.317024 0.158501 0.293617 0.15895 0.293617 0.171772 0.317024 0.1199589 0.293617 0.15895 0.317024 0.158501 0.317024 0.1199589 0.293617 0.120405 0.293617 0.15895 0.317024 0.1199589 0.293618 0.103911 0.293617 0.120405 0.317024 0.1199589 0.317024 0.103495 0.293618 0.103911 0.293618 0.103911 0.317024 0.103495 0.317024 0.08884495 0.293618 0.103911 0.317024 0.08884495 0.293618 0.08925896 0.317024 0.07587498 0.293618 0.08925896 0.317024 0.08884495 0.317024 0.07587498 0.293617 0.076312 0.293618 0.08925896 0.317024 0.07587498 0.293617 0.03768295 0.293617 0.076312 0.317024 0.07587498 0.317024 0.03724795 0.293617 0.03768295 0.317024 0.03724795 0.293618 0.021263 0.293617 0.03768295 0.317024 0.03724795 0.317024 0.02086097 0.293618 0.021263 0.317024 0.02086097 0.293617 0.006597995 0.293618 0.021263 0.317024 0.02086097 0.317024 0.00622797 0.293617 0.006597995 0.114511 0.726981 0.136242 0.700101 0.111568 0.701038 0.114511 0.726981 0.139192 0.726097 0.136242 0.700101 0.136982 0.593739 0.111896 0.594471 0.113624 0.626518 0.136982 0.593739 0.113624 0.626518 0.138713 0.62585 0.114183 0.673126 0.138713 0.62585 0.113624 0.626518 0.114183 0.673126 0.139069 0.672491 0.138713 0.62585 0.114183 0.673126 0.136242 0.700101 0.139069 0.672491 0.114183 0.673126 0.111568 0.701038 0.136242 0.700101 0.183627 0.612577 0.212105 0.625007 0.190176 0.598024 0.183627 0.612577 0.19506 0.628182 0.212105 0.625007 0.195375 0.669428 0.212105 0.625007 0.19506 0.628182 0.195375 0.669428 0.212467 0.672382 0.212105 0.625007 0.184182 0.68518 0.212467 0.672382 0.195375 0.669428 0.184182 0.68518 0.190953 0.699647 0.212467 0.672382 0.190953 0.699647 0.184182 0.68518 0.16755 0.685288 0.190953 0.699647 0.16755 0.685288 0.161001 0.699841 0.16755 0.685288 0.139069 0.672491 0.161001 0.699841 0.16755 0.685288 0.156117 0.669683 0.139069 0.672491 0.139069 0.672491 0.156117 0.669683 0.155802 0.628437 0.139069 0.672491 0.155802 0.628437 0.138713 0.62585 0.166994 0.612685 0.138713 0.62585 0.155802 0.628437 0.166994 0.612685 0.160223 0.598218 0.138713 0.62585 0.183627 0.612577 0.160223 0.598218 0.166994 0.612685 0.183627 0.612577 0.190176 0.598024 0.160223 0.598218 0.08589899 0.686353 0.114183 0.673126 0.09705299 0.670586 0.09705299 0.670586 0.114183 0.673126 0.113624 0.626518 0.09705299 0.670586 0.113624 0.626518 0.09665 0.629343 0.08518898 0.613764 0.09665 0.629343 0.113624 0.626518 0.08518898 0.613764 0.113624 0.626518 0.09168195 0.599257 0.09168195 0.599257 0.06856399 0.613902 0.08518898 0.613764 0.09168195 0.599257 0.06178897 0.599504 0.06856399 0.613902 0.06856399 0.613902 0.06178897 0.599504 0.04028999 0.627125 0.06856399 0.613902 0.04028999 0.627125 0.05740898 0.629669 0.040838 0.673737 0.05740898 0.629669 0.04028999 0.627125 0.040838 0.673737 0.05781197 0.670911 0.05740898 0.629669 0.06927299 0.686491 0.05781197 0.670911 0.040838 0.673737 0.06927299 0.686491 0.040838 0.673737 0.06278097 0.700998 0.06927299 0.686491 0.06278097 0.700998 0.092673 0.700751 0.06927299 0.686491 0.092673 0.700751 0.08589899 0.686353 0.08589899 0.686353 0.092673 0.700751 0.114183 0.673126 0.01464897 0.705601 0.03974097 0.705808 0.040838 0.673737 0.01464897 0.705601 0.040838 0.673737 0.01574599 0.6731 0.01574599 0.6731 0.040838 0.673737 0.04028999 0.627125 0.01574599 0.6731 0.04028999 0.627125 0.01538896 0.627195 0.01538896 0.627195 0.04028999 0.627125 0.03622996 0.599338 0.01538896 0.627195 0.03622996 0.599338 0.01150596 0.599349 0.03622996 0.599338 0.01328694 0.573264 0.01150596 0.599349 0.03622996 0.599338 0.03800696 0.573303 0.01328694 0.573264 0.270846 0.202873 0.237152 0.202873 0.236913 0.226417 0.270846 0.202873 0.236913 0.226417 0.270605 0.226417 0.270605 0.226417 0.2864 0.202873 0.270846 0.202873 0.270605 0.226417 0.286149 0.226417 0.2864 0.202873 0.299381 0.202873 0.2864 0.202873 0.286149 0.226417 0.299381 0.202873 0.286149 0.226417 0.299123 0.226417 0.31261 0.226417 0.299381 0.202873 0.299123 0.226417 0.31261 0.226417 0.312868 0.202873 0.299381 0.202873 0.31261 0.226417 0.346577 0.202873 0.312868 0.202873 0.31261 0.226417 0.346321 0.226417 0.346577 0.202873 0.346321 0.226417 0.362124 0.202873 0.346577 0.202873 0.346321 0.226417 0.361858 0.226417 0.362124 0.202873 0.374852 0.226417 0.362124 0.202873 0.361858 0.226417 0.374852 0.226417 0.375128 0.202873 0.362124 0.202873 0.388565 0.202873 0.375128 0.202873 0.374852 0.226417 0.388565 0.202873 0.374852 0.226417 0.388284 0.226417 0.494407 0.588002 0.472483 0.562171 0.471247 0.588383 0.494407 0.588002 0.495645 0.561737 0.472483 0.562171 0.487667 0.537612 0.472483 0.562171 0.495645 0.561737 0.487667 0.537612 0.463888 0.537752 0.472483 0.562171 0.463888 0.537752 0.487667 0.537612 0.48759 0.492337 0.487667 0.537612 0.504153 0.495764 0.48759 0.492337 0.514984 0.481144 0.48759 0.492337 0.504153 0.495764 0.514984 0.481144 0.508415 0.467424 0.48759 0.492337 0.531096 0.481328 0.508415 0.467424 0.514984 0.481144 0.531096 0.481328 0.53743 0.467755 0.508415 0.467424 0.531096 0.481328 0.559005 0.49314 0.53743 0.467755 0.531096 0.481328 0.542181 0.496198 0.559005 0.49314 0.542515 0.534989 0.559005 0.49314 0.542181 0.496198 0.542515 0.534989 0.559078 0.538416 0.559005 0.49314 0.531683 0.549609 0.559078 0.538416 0.542515 0.534989 0.531683 0.549609 0.538252 0.56333 0.559078 0.538416 0.509238 0.562999 0.538252 0.56333 0.531683 0.549609 0.509238 0.562999 0.531683 0.549609 0.515572 0.549426 0.509238 0.562999 0.515572 0.549426 0.504487 0.534555 0.509238 0.562999 0.504487 0.534555 0.487667 0.537612 0.487667 0.537612 0.504487 0.534555 0.504153 0.495764 0.566582 0.468734 0.587347 0.442158 0.564227 0.442533 0.566582 0.468734 0.589697 0.468306 0.587347 0.442158 0.559005 0.49314 0.589697 0.468306 0.566582 0.468734 0.559005 0.49314 0.58277 0.492647 0.589697 0.468306 0.559078 0.538416 0.58277 0.492647 0.559005 0.49314 0.559078 0.538416 0.583486 0.538594 0.58277 0.492647 0.559343 0.568885 0.583486 0.538594 0.559078 0.538416 0.559343 0.568885 0.583746 0.568649 0.583486 0.538594 0.48759 0.492337 0.487326 0.461869 0.462924 0.462105 0.48759 0.492337 0.462924 0.462105 0.463188 0.492515 0.463888 0.537752 0.48759 0.492337 0.463188 0.492515 0.447378 0.53505 0.463888 0.537752 0.463188 0.492515 0.436658 0.550137 0.463888 0.537752 0.447378 0.53505 0.436658 0.550137 0.44329 0.563525 0.463888 0.537752 0.436658 0.550137 0.414348 0.564445 0.44329 0.563525 0.436658 0.550137 0.42056 0.550649 0.414348 0.564445 0.42056 0.550649 0.392968 0.539651 0.414348 0.564445 0.42056 0.550649 0.409384 0.536258 0.392968 0.539651 0.392968 0.539651 0.409384 0.536258 0.408784 0.497472 0.392968 0.539651 0.408784 0.497472 0.392279 0.495126 0.419505 0.482385 0.392279 0.495126 0.408784 0.497472 0.419505 0.482385 0.412872 0.468998 0.392279 0.495126 0.441814 0.468077 0.412872 0.468998 0.419505 0.482385 0.441814 0.468077 0.419505 0.482385 0.435602 0.481873 0.435602 0.481873 0.463188 0.492515 0.441814 0.468077 0.435602 0.481873 0.446778 0.496264 0.463188 0.492515 0.447378 0.53505 0.463188 0.492515 0.446778 0.496264 0.535183 0.1337929 0.51198 0.169571 0.535183 0.16906 0.535183 0.1337929 0.51198 0.134302 0.51198 0.169571 0.535183 0.1337929 0.51198 0.118169 0.51198 0.134302 0.535183 0.1337929 0.535183 0.117663 0.51198 0.118169 0.51198 0.10446 0.51198 0.118169 0.535183 0.117663 0.51198 0.10446 0.535183 0.117663 0.535183 0.1039569 0.51198 0.08980095 0.51198 0.10446 0.535183 0.1039569 0.51198 0.08980095 0.535183 0.1039569 0.535183 0.08930897 0.535183 0.08930897 0.51198 0.05446296 0.51198 0.08980095 0.535183 0.08930897 0.535183 0.05397695 0.51198 0.05446296 0.535183 0.05397695 0.51198 0.03835797 0.51198 0.05446296 0.535183 0.05397695 0.535183 0.03787195 0.51198 0.03835797 0.535183 0.03787195 0.51198 0.02456098 0.51198 0.03835797 0.535183 0.03787195 0.535183 0.02407497 0.51198 0.02456098 0.535183 0.009612977 0.51198 0.02456098 0.535183 0.02407497 0.535183 0.009612977 0.51198 0.01009398 0.51198 0.02456098 0.007312953 0.998446 0.03153198 0.998446 0.03187096 0.972074 0.007312953 0.998446 0.03187096 0.972074 0.007232964 0.971361 0.03141498 0.94302 0.007232964 0.971361 0.03187096 0.972074 0.03141498 0.94302 0.007353961 0.942346 0.007232964 0.971361 0.007353961 0.942346 0.03141498 0.94302 0.03147 0.896602 0.007353961 0.942346 0.03147 0.896602 0.007353961 0.89514 0.03169298 0.863243 0.007353961 0.89514 0.03147 0.896602 0.03169298 0.863243 0.007300972 0.863243 0.007353961 0.89514 0.838244 0.565893 0.85722 0.599705 0.862518 0.566645 0.838244 0.565893 0.834932 0.599057 0.85722 0.599705 0.85722 0.599705 0.834932 0.599057 0.834938 0.621599 0.85722 0.599705 0.834938 0.621599 0.855206 0.622118 0.837921 0.523131 0.862518 0.566645 0.861061 0.523815 0.837921 0.523131 0.838244 0.565893 0.862518 0.566645 0.818792 0.561551 0.838244 0.565893 0.837921 0.523131 0.806031 0.575628 0.838244 0.565893 0.818792 0.561551 0.806031 0.575628 0.813685 0.586346 0.838244 0.565893 0.77961 0.586563 0.813685 0.586346 0.806031 0.575628 0.77961 0.586563 0.806031 0.575628 0.787103 0.575749 0.787103 0.575749 0.754731 0.564473 0.77961 0.586563 0.787103 0.575749 0.77413 0.561836 0.754731 0.564473 0.754731 0.564473 0.77413 0.561836 0.773875 0.528006 0.754731 0.564473 0.773875 0.528006 0.754438 0.525617 0.786648 0.515064 0.754438 0.525617 0.773875 0.528006 0.786648 0.515064 0.778981 0.503212 0.754438 0.525617 0.786648 0.515064 0.813056 0.502994 0.778981 0.503212 0.786648 0.515064 0.805569 0.514943 0.813056 0.502994 0.805569 0.514943 0.837921 0.523131 0.813056 0.502994 0.805569 0.514943 0.818536 0.527721 0.837921 0.523131 0.818792 0.561551 0.837921 0.523131 0.818536 0.527721 0.861061 0.523815 0.836452 0.495487 0.837921 0.523131 0.861061 0.523815 0.858434 0.498062 0.836452 0.495487 0.946347 0.565226 0.944939 0.522469 0.925697 0.527267 0.91258 0.514638 0.925697 0.527267 0.944939 0.522469 0.91258 0.514638 0.944939 0.522469 0.919884 0.502661 0.919884 0.502661 0.893675 0.514961 0.91258 0.514638 0.919884 0.502661 0.885893 0.503241 0.893675 0.514961 0.893675 0.514961 0.885893 0.503241 0.861061 0.523815 0.893675 0.514961 0.861061 0.523815 0.881076 0.528029 0.881758 0.561839 0.881076 0.528029 0.861061 0.523815 0.881758 0.561839 0.861061 0.523815 0.862518 0.566645 0.894875 0.574468 0.881758 0.561839 0.862518 0.566645 0.894875 0.574468 0.862518 0.566645 0.887572 0.586445 0.894875 0.574468 0.887572 0.586445 0.921561 0.585864 0.894875 0.574468 0.921561 0.585864 0.91378 0.574145 0.91378 0.574145 0.921561 0.585864 0.946347 0.565226 0.91378 0.574145 0.946347 0.565226 0.926379 0.561078 0.946347 0.565226 0.925697 0.527267 0.926379 0.561078 0.946347 0.565226 0.931883 0.600403 0.953977 0.600827 0.946347 0.565226 0.953977 0.600827 0.969561 0.5656 0.944939 0.522469 0.946347 0.565226 0.969561 0.5656 0.944939 0.522469 0.969561 0.5656 0.96917 0.518906 0.96917 0.518906 0.940361 0.489502 0.944939 0.522469 0.96917 0.518906 0.962548 0.487995 0.940361 0.489502 0.958962 0.456802 0.940361 0.489502 0.962548 0.487995 0.958962 0.456802 0.938852 0.458221 0.940361 0.489502 0.694571 0.157503 0.672349 0.171244 0.694572 0.171314 0.694571 0.157503 0.672349 0.157424 0.672349 0.171244 0.672349 0.144684 0.672349 0.157424 0.694571 0.157503 0.672349 0.144684 0.694571 0.157503 0.694571 0.144771 0.672349 0.106187 0.672349 0.144684 0.694571 0.144771 0.672349 0.106187 0.694571 0.144771 0.694572 0.106276 0.694572 0.106276 0.672349 0.08965998 0.672349 0.106187 0.694572 0.106276 0.694572 0.08974897 0.672349 0.08965998 0.672349 0.08965998 0.694572 0.08974897 0.694572 0.07592999 0.672349 0.08965998 0.694572 0.07592999 0.672349 0.075841 0.694571 0.06319797 0.672349 0.075841 0.694572 0.07592999 0.694571 0.06319797 0.672349 0.063102 0.672349 0.075841 0.672349 0.063102 0.694571 0.06319797 0.694572 0.02470397 0.672349 0.063102 0.694572 0.02470397 0.672349 0.02460497 0.694571 0.008180975 0.672349 0.02460497 0.694572 0.02470397 0.694571 0.008180975 0.672349 0.008075952 0.672349 0.02460497 0.649293 0.418801 0.601363 0.395683 0.598548 0.418921 0.574165 0.402119 0.598548 0.418921 0.601363 0.395683 0.574165 0.402119 0.573195 0.423756 0.598548 0.418921 0.543881 0.421746 0.573195 0.423756 0.574165 0.402119 0.543881 0.421746 0.574165 0.402119 0.544727 0.401692 0.454629 0.296646 0.441504 0.318309 0.455587 0.311971 0.454629 0.296646 0.439777 0.29071 0.441504 0.318309 0.454629 0.296646 0.467199 0.270297 0.439777 0.29071 0.454629 0.296646 0.469608 0.286005 0.467199 0.270297 0.511146 0.269364 0.467199 0.270297 0.469608 0.286005 0.511146 0.269364 0.469608 0.286005 0.510733 0.285435 0.527017 0.295642 0.511146 0.269364 0.510733 0.285435 0.527017 0.295642 0.541101 0.289304 0.511146 0.269364 0.541101 0.289304 0.527017 0.295642 0.527976 0.310967 0.541101 0.289304 0.527976 0.310967 0.542827 0.316903 0.527976 0.310967 0.515405 0.337316 0.542827 0.316903 0.527976 0.310967 0.512995 0.321608 0.515405 0.337316 0.512995 0.321608 0.471456 0.338241 0.515405 0.337316 0.512995 0.321608 0.471871 0.322179 0.471456 0.338241 0.455587 0.311971 0.471456 0.338241 0.471871 0.322179 0.455587 0.311971 0.441504 0.318309 0.471456 0.338241 0.51575 0.360908 0.54863 0.360439 0.548346 0.336858 0.51575 0.360908 0.548346 0.336858 0.515405 0.337316 0.471785 0.361179 0.51575 0.360908 0.515405 0.337316 0.471785 0.361179 0.515405 0.337316 0.471456 0.338241 0.471456 0.338241 0.440808 0.35988 0.471785 0.361179 0.471456 0.338241 0.438843 0.337581 0.440808 0.35988 0.41613 0.337903 0.440808 0.35988 0.438843 0.337581 0.41613 0.337903 0.418139 0.360188 0.440808 0.35988 0.513661 0.376598 0.51575 0.360908 0.471785 0.361179 0.528844 0.386932 0.51575 0.360908 0.513661 0.376598 0.528844 0.386932 0.543517 0.380724 0.51575 0.360908 0.528844 0.386932 0.542341 0.408297 0.543517 0.380724 0.528844 0.386932 0.528191 0.402268 0.542341 0.408297 0.528191 0.402268 0.514492 0.428459 0.542341 0.408297 0.528191 0.402268 0.512118 0.412795 0.514492 0.428459 0.514492 0.428459 0.512118 0.412795 0.470993 0.413051 0.514492 0.428459 0.470993 0.413051 0.467281 0.428751 0.45581 0.402717 0.467281 0.428751 0.470993 0.413051 0.45581 0.402717 0.441138 0.408925 0.467281 0.428751 0.442313 0.381351 0.441138 0.408925 0.45581 0.402717 0.442313 0.381351 0.45581 0.402717 0.456464 0.38738 0.456464 0.38738 0.471785 0.361179 0.442313 0.381351 0.456464 0.38738 0.472537 0.376853 0.471785 0.361179 0.513661 0.376598 0.471785 0.361179 0.472537 0.376853 0.403315 0.01017898 0.4265 0.02735298 0.4265 0.010315 0.403315 0.01017898 0.403315 0.02721095 0.4265 0.02735298 0.4265 0.02735298 0.403315 0.02721095 0.403315 0.03959494 0.4265 0.02735298 0.403315 0.03959494 0.4265 0.03974795 0.403315 0.05760794 0.4265 0.03974795 0.403315 0.03959494 0.403315 0.05760794 0.4265 0.05777496 0.4265 0.03974795 0.4265 0.05777496 0.403315 0.05760794 0.403315 0.090649 0.4265 0.05777496 0.403315 0.090649 0.4265 0.09081298 0.403315 0.1077139 0.4265 0.09081298 0.403315 0.090649 0.403315 0.1077139 0.4265 0.1078799 0.4265 0.09081298 0.403315 0.1077139 0.4265 0.120235 0.4265 0.1078799 0.403315 0.1077139 0.403315 0.12006 0.4265 0.120235 0.4265 0.13826 0.4265 0.120235 0.403315 0.12006 0.4265 0.13826 0.403315 0.12006 0.403315 0.138076 0.4265 0.1712999 0.4265 0.13826 0.403315 0.138076 0.4265 0.1712999 0.403315 0.138076 0.403315 0.171113 0.406461 0.201514 0.394633 0.201514 0.394564 0.224544 0.406461 0.201514 0.394564 0.224544 0.406388 0.224544 0.406461 0.201514 0.406388 0.224544 0.442133 0.224544 0.406461 0.201514 0.442133 0.224544 0.442209 0.201514 0.457478 0.224544 0.442209 0.201514 0.442133 0.224544 0.457478 0.224544 0.457555 0.201514 0.442209 0.201514 0.457478 0.224544 0.470391 0.201514 0.457555 0.201514 0.457478 0.224544 0.470309 0.224544 0.470391 0.201514 0.482221 0.201514 0.470391 0.201514 0.470309 0.224544 0.482221 0.201514 0.470309 0.224544 0.482132 0.224544 0.517877 0.224544 0.482221 0.201514 0.482132 0.224544 0.517877 0.224544 0.517968 0.201514 0.482221 0.201514 0.533221 0.224544 0.517968 0.201514 0.517877 0.224544 0.533221 0.224544 0.533315 0.201514 0.517968 0.201514 0.533315 0.201514 0.533221 0.224544 0.546046 0.224544 0.533315 0.201514 0.546046 0.224544 0.546142 0.201514 0.238312 0.02364099 0.261717 0.007435977 0.2383109 0.00722295 0.238312 0.02364099 0.261717 0.02385896 0.261717 0.007435977 0.2383109 0.06224095 0.261717 0.02385896 0.238312 0.02364099 0.2383109 0.06224095 0.261717 0.06246197 0.261717 0.02385896 0.238312 0.07516795 0.261717 0.06246197 0.2383109 0.06224095 0.238312 0.07516795 0.261717 0.07538098 0.261717 0.06246197 0.261717 0.09003198 0.261717 0.07538098 0.238312 0.07516795 0.261717 0.09003198 0.238312 0.07516795 0.2383109 0.089814 0.261717 0.106499 0.261717 0.09003198 0.2383109 0.089814 0.261717 0.106499 0.2383109 0.089814 0.2383109 0.106262 0.2383109 0.106262 0.261717 0.145059 0.261717 0.106499 0.2383109 0.106262 0.238312 0.144818 0.261717 0.145059 0.238312 0.144818 0.261717 0.157902 0.261717 0.145059 0.238312 0.144818 0.238312 0.1576769 0.261717 0.157902 0.238312 0.172332 0.261717 0.157902 0.238312 0.1576769 0.238312 0.172332 0.261717 0.172541 0.261717 0.157902 0.467199 0.270297 0.433975 0.247174 0.434259 0.270754 0.467199 0.270297 0.468477 0.246695 0.433975 0.247174 0.511146 0.269364 0.468477 0.246695 0.467199 0.270297 0.511146 0.269364 0.5092 0.246452 0.468477 0.246695 0.543088 0.262367 0.5092 0.246452 0.511146 0.269364 0.543088 0.262367 0.541137 0.240112 0.5092 0.246452 0.543088 0.262367 0.564665 0.243003 0.541137 0.240112 0.543088 0.262367 0.566663 0.265264 0.564665 0.243003 0.487327 0.673811 0.504474 0.676971 0.504275 0.631025 0.476037 0.688926 0.504474 0.676971 0.487327 0.673811 0.476037 0.688926 0.482785 0.703445 0.504474 0.676971 0.452717 0.702516 0.482785 0.703445 0.476037 0.688926 0.452717 0.702516 0.476037 0.688926 0.459342 0.68841 0.459342 0.68841 0.430797 0.675087 0.452717 0.702516 0.459342 0.68841 0.447919 0.672594 0.430797 0.675087 0.430797 0.675087 0.447919 0.672594 0.447743 0.631909 0.430797 0.675087 0.447743 0.631909 0.430596 0.628358 0.459033 0.616795 0.430596 0.628358 0.447743 0.631909 0.459033 0.616795 0.452285 0.602275 0.430596 0.628358 0.459033 0.616795 0.482353 0.603204 0.452285 0.602275 0.459033 0.616795 0.475729 0.61731 0.482353 0.603204 0.475729 0.61731 0.504275 0.631025 0.482353 0.603204 0.475729 0.61731 0.487152 0.633126 0.504275 0.631025 0.487327 0.673811 0.504275 0.631025 0.487152 0.633126 0.504474 0.676971 0.50486 0.710172 0.5303 0.709873 0.504474 0.676971 0.5303 0.709873 0.529917 0.676738 0.504275 0.631025 0.504474 0.676971 0.529917 0.676738 0.504275 0.631025 0.529917 0.676738 0.529062 0.630831 0.529062 0.630831 0.497623 0.602154 0.504275 0.631025 0.529062 0.630831 0.521769 0.601644 0.497623 0.602154 0.497623 0.602154 0.521769 0.601644 0.524799 0.575857 0.497623 0.602154 0.524799 0.575857 0.500659 0.576317 0.557641 0.616723 0.550822 0.602762 0.529062 0.630831 0.557641 0.616723 0.529062 0.630831 0.546475 0.632685 0.546943 0.673365 0.546475 0.632685 0.529062 0.630831 0.546943 0.673365 0.529062 0.630831 0.529917 0.676738 0.558466 0.688322 0.546943 0.673365 0.529917 0.676738 0.558466 0.688322 0.529917 0.676738 0.551976 0.702871 0.558466 0.688322 0.551976 0.702871 0.581965 0.701543 0.558466 0.688322 0.581965 0.701543 0.575146 0.687582 0.575146 0.687582 0.581965 0.701543 0.603732 0.673473 0.575146 0.687582 0.603732 0.673473 0.586313 0.67162 0.603732 0.673473 0.585844 0.63094 0.586313 0.67162 0.603732 0.673473 0.602871 0.627567 0.585844 0.63094 0.574322 0.615984 0.585844 0.63094 0.602871 0.627567 0.574322 0.615984 0.602871 0.627567 0.580813 0.601433 0.550822 0.602762 0.574322 0.615984 0.580813 0.601433 0.550822 0.602762 0.557641 0.616723 0.574322 0.615984 0.626979 0.728097 0.598561 0.702925 0.602874 0.728555 0.626979 0.728097 0.622658 0.702416 0.598561 0.702925 0.628503 0.672889 0.598561 0.702925 0.622658 0.702416 0.628503 0.672889 0.603732 0.673473 0.598561 0.702925 0.603732 0.673473 0.628503 0.672889 0.628316 0.627726 0.603732 0.673473 0.628316 0.627726 0.602871 0.627567 0.627929 0.594133 0.602871 0.627567 0.628316 0.627726 0.627929 0.594133 0.602489 0.594432 0.602871 0.627567 0.430877 0.03006398 0.453763 0.01271694 0.430877 0.01286596 0.430877 0.03006398 0.453763 0.02990597 0.453763 0.01271694 0.453763 0.04081499 0.453763 0.02990597 0.430877 0.03006398 0.453763 0.04081499 0.430877 0.03006398 0.430877 0.04098397 0.453763 0.05964297 0.453763 0.04081499 0.430877 0.04098397 0.453763 0.05964297 0.430877 0.04098397 0.430877 0.05980598 0.430877 0.05980598 0.453763 0.08964896 0.453763 0.05964297 0.430877 0.05980598 0.430877 0.089796 0.453763 0.08964896 0.430877 0.089796 0.453763 0.106866 0.453763 0.08964896 0.430877 0.089796 0.430877 0.107 0.453763 0.106866 0.430877 0.117917 0.453763 0.106866 0.430877 0.107 0.430877 0.117917 0.453763 0.11778 0.453763 0.106866 0.430877 0.136738 0.453763 0.11778 0.430877 0.117917 0.430877 0.136738 0.453763 0.136608 0.453763 0.11778 0.430877 0.166736 0.453763 0.136608 0.430877 0.136738 0.430877 0.166736 0.453763 0.166608 0.453763 0.136608 0.711268 0.746732 0.72313 0.76102 0.740133 0.757731 0.741613 0.801794 0.740133 0.757731 0.72313 0.76102 0.741613 0.801794 0.72313 0.76102 0.724421 0.799402 0.713538 0.814286 0.741613 0.801794 0.724421 0.799402 0.713538 0.814286 0.720661 0.827561 0.741613 0.801794 0.713538 0.814286 0.690599 0.828349 0.720661 0.827561 0.713538 0.814286 0.696818 0.814724 0.690599 0.828349 0.696818 0.814724 0.667966 0.804111 0.690599 0.828349 0.696818 0.814724 0.684955 0.800437 0.667966 0.804111 0.667966 0.804111 0.684955 0.800437 0.683665 0.762055 0.667966 0.804111 0.683665 0.762055 0.666458 0.759276 0.694548 0.747171 0.666458 0.759276 0.683665 0.762055 0.694548 0.747171 0.687423 0.733895 0.666458 0.759276 0.717487 0.733107 0.687423 0.733895 0.694548 0.747171 0.717487 0.733107 0.694548 0.747171 0.711268 0.746732 0.711268 0.746732 0.740133 0.757731 0.717487 0.733107 0.666458 0.759276 0.662347 0.727186 0.637309 0.72881 0.666458 0.759276 0.637309 0.72881 0.641433 0.760958 0.641433 0.760958 0.667966 0.804111 0.666458 0.759276 0.641433 0.760958 0.643685 0.805783 0.667966 0.804111 0.643685 0.805783 0.661942 0.832711 0.667966 0.804111 0.643685 0.805783 0.638387 0.834013 0.661942 0.832711 0.638387 0.834013 0.667422 0.858018 0.661942 0.832711 0.638387 0.834013 0.643878 0.859371 0.667422 0.858018 0.569515 0.808235 0.584935 0.766059 0.567244 0.763385 0.569515 0.808235 0.586541 0.804434 0.584935 0.766059 0.598526 0.818647 0.586541 0.804434 0.569515 0.808235 0.598526 0.818647 0.569515 0.808235 0.592395 0.832367 0.62251 0.831375 0.598526 0.818647 0.592395 0.832367 0.62251 0.831375 0.615248 0.818096 0.598526 0.818647 0.615248 0.818096 0.62251 0.831375 0.643685 0.805783 0.615248 0.818096 0.643685 0.805783 0.626012 0.803134 0.643685 0.805783 0.624406 0.764759 0.626012 0.803134 0.643685 0.805783 0.641433 0.760958 0.624406 0.764759 0.612422 0.750546 0.624406 0.764759 0.641433 0.760958 0.612422 0.750546 0.641433 0.760958 0.618553 0.736826 0.612422 0.750546 0.618553 0.736826 0.588437 0.737818 0.612422 0.750546 0.588437 0.737818 0.595699 0.751097 0.595699 0.751097 0.588437 0.737818 0.567244 0.763385 0.595699 0.751097 0.567244 0.763385 0.584935 0.766059 0.569515 0.808235 0.542973 0.840488 0.568089 0.840566 0.569515 0.808235 0.544411 0.808601 0.542973 0.840488 0.544411 0.808601 0.569515 0.808235 0.567244 0.763385 0.544411 0.808601 0.567244 0.763385 0.542899 0.763021 0.559612 0.735406 0.542899 0.763021 0.567244 0.763385 0.559612 0.735406 0.53607 0.73511 0.542899 0.763021 0.540135 0.709597 0.53607 0.73511 0.559612 0.735406 0.540135 0.709597 0.559612 0.735406 0.563686 0.709843 0.427031 0.966076 0.401538 0.99415 0.427031 0.993529 0.427031 0.966076 0.401538 0.966751 0.401538 0.99415 0.427031 0.940946 0.401538 0.966751 0.427031 0.966076 0.427031 0.940946 0.401538 0.941695 0.401538 0.966751 0.427031 0.940946 0.401538 0.893699 0.401538 0.941695 0.427031 0.940946 0.427031 0.893643 0.401538 0.893699 0.427031 0.893643 0.401538 0.862301 0.401538 0.893699 0.427031 0.893643 0.427031 0.861814 0.401538 0.862301 0.4744 0.953041 0.481424 0.96731 0.502283 0.941074 0.457566 0.953009 0.481424 0.96731 0.4744 0.953041 0.457566 0.953009 0.451107 0.967253 0.481424 0.96731 0.457566 0.953009 0.427031 0.940946 0.451107 0.967253 0.457566 0.953009 0.445809 0.937583 0.427031 0.940946 0.445005 0.897059 0.427031 0.940946 0.445809 0.937583 0.445005 0.897059 0.427031 0.893643 0.427031 0.940946 0.456151 0.881677 0.427031 0.893643 0.445005 0.897059 0.456151 0.881677 0.449126 0.867408 0.427031 0.893643 0.449126 0.867408 0.456151 0.881677 0.472985 0.881709 0.449126 0.867408 0.472985 0.881709 0.479443 0.867466 0.472985 0.881709 0.502283 0.893775 0.479443 0.867466 0.472985 0.881709 0.484741 0.897135 0.502283 0.893775 0.484741 0.897135 0.502283 0.941074 0.502283 0.893775 0.484741 0.897135 0.485545 0.937659 0.502283 0.941074 0.4744 0.953041 0.502283 0.941074 0.485545 0.937659 0.502283 0.846407 0.527115 0.867515 0.527115 0.845777 0.502283 0.846407 0.502283 0.868201 0.527115 0.867515 0.502283 0.893775 0.527115 0.867515 0.502283 0.868201 0.502283 0.893775 0.527115 0.893391 0.527115 0.867515 0.527115 0.940647 0.527115 0.893391 0.502283 0.893775 0.527115 0.940647 0.502283 0.893775 0.502283 0.941074 0.502283 0.941074 0.527115 0.972416 0.527115 0.940647 0.502283 0.941074 0.502283 0.972905 0.527115 0.972416 0.57414 0.950793 0.581228 0.964713 0.602433 0.937209 0.551001 0.965964 0.581228 0.964713 0.57414 0.950793 0.551001 0.965964 0.57414 0.950793 0.557328 0.951489 0.557328 0.951489 0.527115 0.940647 0.551001 0.965964 0.557328 0.951489 0.545482 0.936566 0.527115 0.940647 0.527115 0.893391 0.527115 0.940647 0.545482 0.936566 0.527115 0.893391 0.545482 0.936566 0.544396 0.89605 0.555418 0.88018 0.527115 0.893391 0.544396 0.89605 0.555418 0.88018 0.54833 0.86626 0.527115 0.893391 0.555418 0.88018 0.578556 0.865008 0.54833 0.86626 0.555418 0.88018 0.57223 0.879484 0.578556 0.865008 0.57223 0.879484 0.601187 0.890697 0.578556 0.865008 0.57223 0.879484 0.584076 0.894407 0.601187 0.890697 0.601187 0.890697 0.584076 0.894407 0.585162 0.934923 0.601187 0.890697 0.585162 0.934923 0.602433 0.937209 0.57414 0.950793 0.602433 0.937209 0.585162 0.934923 0.355587 0.176338 0.388303 0.199651 0.388568 0.176338 0.355587 0.176338 0.35532 0.199651 0.388303 0.199651 0.339676 0.176338 0.35532 0.199651 0.355587 0.176338 0.339676 0.176338 0.339398 0.199651 0.35532 0.199651 0.339398 0.199651 0.339676 0.176338 0.326871 0.176338 0.339398 0.199651 0.326871 0.176338 0.326584 0.199651 0.312256 0.199651 0.326584 0.199651 0.326871 0.176338 0.312256 0.199651 0.326871 0.176338 0.312546 0.176338 0.312546 0.176338 0.279273 0.199651 0.312256 0.199651 0.312546 0.176338 0.279562 0.176338 0.279273 0.199651 0.279562 0.176338 0.263353 0.199651 0.279273 0.199651 0.279562 0.176338 0.263649 0.176338 0.263353 0.199651 0.263649 0.176338 0.250493 0.199651 0.263353 0.199651 0.263649 0.176338 0.250794 0.176338 0.250493 0.199651 0.236563 0.176338 0.250493 0.199651 0.250794 0.176338 0.236563 0.176338 0.236256 0.199651 0.250493 0.199651 0.171622 0.760714 0.197797 0.728881 0.172701 0.72858 0.171622 0.760714 0.1967239 0.76132 0.197797 0.728881 0.171622 0.760714 0.197106 0.807197 0.1967239 0.76132 0.171622 0.760714 0.172208 0.807353 0.197106 0.807197 0.176562 0.835164 0.197106 0.807197 0.172208 0.807353 0.176562 0.835164 0.201256 0.834951 0.197106 0.807197 0.201256 0.834951 0.176562 0.835164 0.175044 0.861264 0.201256 0.834951 0.175044 0.861264 0.199741 0.860998 0.07363599 0.808701 0.07538199 0.84075 0.100464 0.840113 0.07363599 0.808701 0.100464 0.840113 0.098715 0.808004 0.07363599 0.808701 0.098715 0.808004 0.09813195 0.76137 0.098715 0.808004 0.115325 0.76391 0.09813195 0.76137 0.126473 0.748132 0.09813195 0.76137 0.115325 0.76391 0.126473 0.748132 0.119661 0.733681 0.09813195 0.76137 0.143104 0.747984 0.119661 0.733681 0.126473 0.748132 0.143104 0.747984 0.149612 0.733415 0.119661 0.733681 0.143104 0.747984 0.171622 0.760714 0.149612 0.733415 0.143104 0.747984 0.154581 0.763562 0.171622 0.760714 0.172208 0.807353 0.171622 0.760714 0.154581 0.763562 0.172208 0.807353 0.154581 0.763562 0.155014 0.804808 0.143865 0.820586 0.172208 0.807353 0.155014 0.804808 0.143865 0.820586 0.150677 0.835037 0.172208 0.807353 0.120726 0.835303 0.150677 0.835037 0.143865 0.820586 0.120726 0.835303 0.143865 0.820586 0.127234 0.820734 0.127234 0.820734 0.098715 0.808004 0.120726 0.835303 0.127234 0.820734 0.115757 0.805156 0.098715 0.808004 0.098715 0.808004 0.115757 0.805156 0.115325 0.76391 0.09728199 0.70741 0.072595 0.708592 0.07579195 0.734512 0.09728199 0.70741 0.07579195 0.734512 0.100485 0.73338 0.09813195 0.76137 0.100485 0.73338 0.07579195 0.734512 0.09813195 0.76137 0.07579195 0.734512 0.07324695 0.762087 0.07363599 0.808701 0.09813195 0.76137 0.07324695 0.762087 0.07363599 0.808701 0.07324695 0.762087 0.05626797 0.764892 0.07363599 0.808701 0.05626797 0.764892 0.05661296 0.806136 0.04543596 0.821889 0.07363599 0.808701 0.05661296 0.806136 0.04543596 0.821889 0.05218899 0.836295 0.07363599 0.808701 0.02880996 0.822006 0.05218899 0.836295 0.04543596 0.821889 0.02880996 0.822006 0.02229696 0.836506 0.05218899 0.836295 0.02880996 0.822006 3.95e-4 0.809585 0.02229696 0.836506 0.02880996 0.822006 0.01737099 0.806413 3.95e-4 0.809585 3.95e-4 0.809585 0.01737099 0.806413 0.01702696 0.76517 3.95e-4 0.809585 0.01702696 0.76517 0 0.762238 0.02820396 0.749417 0 0.762238 0.01702696 0.76517 0.02820396 0.749417 0.02144998 0.735011 0 0.762238 0.05134296 0.7348 0.02144998 0.735011 0.02820396 0.749417 0.05134296 0.7348 0.02820396 0.749417 0.04482996 0.7493 0.04482996 0.7493 0.07324695 0.762087 0.05134296 0.7348 0.04482996 0.7493 0.05626797 0.764892 0.07324695 0.762087 0.567157 0.02559995 0.591025 0.01083195 0.567157 0.01113098 0.567157 0.02559995 0.591025 0.02530598 0.591025 0.01083195 0.567157 0.02559995 0.591025 0.039312 0.591025 0.02530598 0.567157 0.02559995 0.567157 0.03959596 0.591025 0.039312 0.591025 0.056059 0.591025 0.039312 0.567157 0.03959596 0.591025 0.056059 0.567157 0.03959596 0.567157 0.05633097 0.567157 0.09264296 0.591025 0.056059 0.567157 0.05633097 0.567157 0.09264296 0.591025 0.09236496 0.591025 0.056059 0.567157 0.09264296 0.591025 0.106892 0.591025 0.09236496 0.567157 0.09264296 0.567157 0.107172 0.591025 0.106892 0.591025 0.120874 0.591025 0.106892 0.567157 0.107172 0.591025 0.120874 0.567157 0.107172 0.567157 0.121148 0.567157 0.1378909 0.591025 0.120874 0.567157 0.121148 0.567157 0.1378909 0.591025 0.137626 0.591025 0.120874 0.567157 0.1378909 0.591025 0.173918 0.591025 0.137626 0.567157 0.1378909 0.567157 0.174181 0.591025 0.173918 0.532635 0.714841 0.510347 0.727063 0.532013 0.729293 0.532635 0.714841 0.510924 0.712622 0.510347 0.727063 0.484062 0.709296 0.510347 0.727063 0.510924 0.712622 0.484062 0.709296 0.483459 0.725912 0.510347 0.727063 0.443048 0.709247 0.414378 0.71245 0.415912 0.731163 0.443048 0.709247 0.415912 0.731163 0.446662 0.727913 0.446662 0.727913 0.484062 0.709296 0.443048 0.709247 0.446662 0.727913 0.483459 0.725912 0.484062 0.709296 0.483459 0.725912 0.446662 0.727913 0.452373 0.740501 0.483459 0.725912 0.452373 0.740501 0.480672 0.739789 0.492412 0.747962 0.483459 0.725912 0.480672 0.739789 0.492412 0.747962 0.501751 0.74276 0.483459 0.725912 0.493861 0.760375 0.501751 0.74276 0.492412 0.747962 0.493861 0.760375 0.504356 0.765078 0.501751 0.74276 0.493861 0.760375 0.489804 0.781675 0.504356 0.765078 0.493861 0.760375 0.484092 0.769088 0.489804 0.781675 0.489804 0.781675 0.484092 0.769088 0.455793 0.769799 0.489804 0.781675 0.455793 0.769799 0.452896 0.7837 0.444054 0.761627 0.452896 0.7837 0.455793 0.769799 0.444054 0.761627 0.434715 0.766829 0.452896 0.7837 0.434715 0.766829 0.444054 0.761627 0.442605 0.749213 0.434715 0.766829 0.442605 0.749213 0.43211 0.74451 0.442605 0.749213 0.446662 0.727913 0.43211 0.74451 0.442605 0.749213 0.452373 0.740501 0.446662 0.727913 0.489463 0.800365 0.489804 0.781675 0.452896 0.7837 0.489463 0.800365 0.520701 0.783375 0.489804 0.781675 0.489463 0.800365 0.520376 0.802128 0.520701 0.783375 0.428267 0.800504 0.410842 0.7875 0.408804 0.801892 0.428267 0.800504 0.430264 0.786095 0.410842 0.7875 0.452752 0.800305 0.430264 0.786095 0.428267 0.800504 0.452752 0.800305 0.452896 0.7837 0.430264 0.786095 0.489463 0.800365 0.452896 0.7837 0.452752 0.800305 0.489463 0.800365 0.452752 0.800305 0.455819 0.813087 0.489463 0.800365 0.455819 0.813087 0.48413 0.813133 0.494141 0.821617 0.489463 0.800365 0.48413 0.813133 0.494141 0.821617 0.504543 0.816648 0.489463 0.800365 0.504543 0.816648 0.494141 0.821617 0.493036 0.834064 0.504543 0.816648 0.493036 0.834064 0.502554 0.839065 0.493036 0.834064 0.482493 0.855292 0.502554 0.839065 0.493036 0.834064 0.481523 0.842514 0.482493 0.855292 0.482493 0.855292 0.481523 0.842514 0.453211 0.842468 0.482493 0.855292 0.453211 0.842468 0.449975 0.855239 0.443201 0.833984 0.449975 0.855239 0.453211 0.842468 0.443201 0.833984 0.432799 0.838952 0.449975 0.855239 0.443201 0.833984 0.434788 0.816535 0.432799 0.838952 0.443201 0.833984 0.444305 0.821536 0.434788 0.816535 0.444305 0.821536 0.452752 0.800305 0.434788 0.816535 0.444305 0.821536 0.455819 0.813087 0.452752 0.800305 0.856144 0.797381 0.826629 0.829651 0.851223 0.830846 0.856144 0.797381 0.831566 0.796263 0.826629 0.829651 0.855408 0.753988 0.831566 0.796263 0.856144 0.797381 0.855408 0.753988 0.831986 0.753015 0.831566 0.796263 0.845222 0.716453 0.831986 0.753015 0.855408 0.753988 0.845222 0.716453 0.823958 0.713851 0.831986 0.753015 0.823958 0.713851 0.845222 0.716453 0.849243 0.684928 0.823958 0.713851 0.849243 0.684928 0.828884 0.682507 0.779745 0.804343 0.766852 0.791225 0.747252 0.793598 0.747633 0.754294 0.747252 0.793598 0.766852 0.791225 0.747633 0.754294 0.766852 0.791225 0.767184 0.756988 0.78033 0.744085 0.747633 0.754294 0.767184 0.756988 0.78033 0.744085 0.772809 0.732024 0.747633 0.754294 0.799473 0.744242 0.772809 0.732024 0.78033 0.744085 0.799473 0.744242 0.807227 0.732307 0.772809 0.732024 0.799473 0.744242 0.831986 0.753015 0.807227 0.732307 0.799473 0.744242 0.812367 0.757359 0.831986 0.753015 0.812367 0.757359 0.831566 0.796263 0.831986 0.753015 0.812367 0.757359 0.812035 0.791597 0.831566 0.796263 0.798889 0.8045 0.831566 0.796263 0.812035 0.791597 0.798889 0.8045 0.80641 0.81656 0.831566 0.796263 0.80641 0.81656 0.798889 0.8045 0.779745 0.804343 0.80641 0.81656 0.779745 0.804343 0.771991 0.816277 0.779745 0.804343 0.747252 0.793598 0.771991 0.816277 0.321126 0.158258 0.321126 0.1707929 0.343293 0.170554 0.321126 0.158258 0.343293 0.170554 0.343293 0.1580229 0.343293 0.119122 0.321126 0.158258 0.343293 0.1580229 0.343293 0.119122 0.321126 0.119354 0.321126 0.158258 0.343293 0.119122 0.321126 0.102298 0.321126 0.119354 0.343293 0.119122 0.343293 0.102099 0.321126 0.102298 0.321126 0.08618998 0.321126 0.102298 0.343293 0.102099 0.321126 0.08618998 0.343293 0.102099 0.343293 0.08600795 0.343293 0.07352799 0.321126 0.08618998 0.343293 0.08600795 0.343293 0.07352799 0.321125 0.073722 0.321126 0.08618998 0.321125 0.073722 0.343293 0.07352799 0.343293 0.03466999 0.321125 0.073722 0.343293 0.03466999 0.321125 0.03486096 0.343293 0.01761698 0.321125 0.03486096 0.343293 0.03466999 0.343293 0.01761698 0.321125 0.01778298 0.321125 0.03486096 0.343293 0.001533985 0.321125 0.01778298 0.343293 0.01761698 0.343293 0.001533985 0.321125 0.001675963 0.321125 0.01778298 0.618034 0.138642 0.594719 0.174493 0.618034 0.174168 0.618034 0.138642 0.594719 0.138965 0.594719 0.174493 0.618034 0.121498 0.594719 0.138965 0.618034 0.138642 0.618034 0.121498 0.594719 0.1218219 0.594719 0.138965 0.594719 0.108029 0.594719 0.1218219 0.618034 0.121498 0.594719 0.108029 0.618034 0.121498 0.618034 0.107702 0.594719 0.092588 0.594719 0.108029 0.618034 0.107702 0.594719 0.092588 0.618034 0.107702 0.618034 0.09227895 0.618034 0.09227895 0.594719 0.05705499 0.594719 0.092588 0.618034 0.09227895 0.618034 0.05675899 0.594719 0.05705499 0.618034 0.05675899 0.594719 0.03990995 0.594719 0.05705499 0.618034 0.05675899 0.618034 0.03961598 0.594719 0.03990995 0.618034 0.03961598 0.594719 0.02606099 0.594719 0.03990995 0.618034 0.03961598 0.618034 0.02576798 0.594719 0.02606099 0.618034 0.01043295 0.594719 0.02606099 0.618034 0.02576798 0.618034 0.01043295 0.594719 0.01071995 0.594719 0.02606099 0.929963 0.958429 0.901414 0.946845 0.923472 0.972979 0.929963 0.958429 0.91844 0.943472 0.901414 0.946845 0.900558 0.900938 0.901414 0.946845 0.91844 0.943472 0.900558 0.900938 0.91844 0.943472 0.917971 0.902792 0.929137 0.88683 0.900558 0.900938 0.917971 0.902792 0.929137 0.88683 0.922318 0.872869 0.900558 0.900938 0.929137 0.88683 0.952308 0.87154 0.922318 0.872869 0.929137 0.88683 0.945818 0.886091 0.952308 0.87154 0.945818 0.886091 0.974367 0.897674 0.952308 0.87154 0.945818 0.886091 0.95734 0.901047 0.974367 0.897674 0.95734 0.901047 0.975229 0.943581 0.974367 0.897674 0.95734 0.901047 0.95781 0.941727 0.975229 0.943581 0.946643 0.957689 0.975229 0.943581 0.95781 0.941727 0.946643 0.957689 0.953463 0.97165 0.975229 0.943581 0.923472 0.972979 0.953463 0.97165 0.946643 0.957689 0.923472 0.972979 0.946643 0.957689 0.929963 0.958429 0.999812 0.897833 0.999425 0.864239 0.973985 0.864538 0.999812 0.897833 0.973985 0.864538 0.974367 0.897674 1 0.942995 0.999812 0.897833 0.974367 0.897674 1 0.942995 0.974367 0.897674 0.975229 0.943581 0.975229 0.943581 0.999549 0.972522 1 0.942995 0.975229 0.943581 0.975453 0.973032 0.999549 0.972522 0.999549 0.972522 0.975453 0.973032 0.974377 0.998663 0.999549 0.972522 0.974377 0.998663 0.998481 0.998203 0.872152 0.846426 0.893264 0.87175 0.896292 0.845965 0.872152 0.846426 0.869118 0.872262 0.893264 0.87175 0.875772 0.901133 0.893264 0.87175 0.869118 0.872262 0.875772 0.901133 0.900558 0.900938 0.893264 0.87175 0.900558 0.900938 0.875772 0.901133 0.87597 0.947079 0.900558 0.900938 0.87597 0.947079 0.901414 0.946845 0.876356 0.98028 0.901414 0.946845 0.87597 0.947079 0.876356 0.98028 0.901796 0.979981 0.901414 0.946845 0.847535 0.959034 0.854283 0.973553 0.87597 0.947079 0.847535 0.959034 0.824216 0.972625 0.854283 0.973553 0.847535 0.959034 0.830839 0.958519 0.824216 0.972625 0.830839 0.958519 0.802294 0.945196 0.824216 0.972625 0.830839 0.958519 0.819416 0.942703 0.802294 0.945196 0.81924 0.902018 0.802294 0.945196 0.819416 0.942703 0.81924 0.902018 0.802092 0.898466 0.802294 0.945196 0.830529 0.886903 0.802092 0.898466 0.81924 0.902018 0.830529 0.886903 0.823782 0.872384 0.802092 0.898466 0.823782 0.872384 0.830529 0.886903 0.847225 0.887418 0.823782 0.872384 0.847225 0.887418 0.853849 0.873312 0.847225 0.887418 0.875772 0.901133 0.853849 0.873312 0.847225 0.887418 0.858649 0.903234 0.875772 0.901133 0.875772 0.901133 0.858649 0.903234 0.858825 0.943919 0.875772 0.901133 0.858825 0.943919 0.87597 0.947079 0.847535 0.959034 0.87597 0.947079 0.858825 0.943919 0.37049 0.172415 0.349557 0.157494 0.349557 0.172607 0.37049 0.172415 0.37049 0.157308 0.349557 0.157494 0.349557 0.139872 0.349557 0.157494 0.37049 0.157308 0.349557 0.139872 0.37049 0.157308 0.37049 0.1396819 0.349557 0.10317 0.349557 0.139872 0.37049 0.1396819 0.349557 0.10317 0.37049 0.1396819 0.37049 0.102971 0.37049 0.08617699 0.349557 0.10317 0.37049 0.102971 0.37049 0.08617699 0.349557 0.08635699 0.349557 0.10317 0.349557 0.07115298 0.349557 0.08635699 0.37049 0.08617699 0.349557 0.07115298 0.37049 0.08617699 0.37049 0.07098996 0.349557 0.053653 0.349557 0.07115298 0.37049 0.07098996 0.349557 0.053653 0.37049 0.07098996 0.37049 0.05348998 0.349557 0.053653 0.37049 0.05348998 0.37049 0.01681196 0.349557 0.053653 0.37049 0.01681196 0.349557 0.01698195 0.37049 0 0.349557 0.01698195 0.37049 0.01681196 0.37049 0 0.349557 1.64e-4 0.349557 0.01698195 0.51198 0.01009398 0.535183 0.02407497 0.535183 0.009612977 0.51198 0.01009398 0.51198 0.02456098 0.535183 0.02407497 0.535183 0.02407497 0.51198 0.02456098 0.51198 0.03835797 0.535183 0.02407497 0.51198 0.03835797 0.535183 0.03787195 0.535183 0.03787195 0.51198 0.03835797 0.51198 0.05446296 0.535183 0.03787195 0.51198 0.05446296 0.535183 0.05397695 0.51198 0.08980095 0.535183 0.05397695 0.51198 0.05446296 0.51198 0.08980095 0.535183 0.08930897 0.535183 0.05397695 0.535183 0.08930897 0.51198 0.08980095 0.51198 0.10446 0.535183 0.08930897 0.51198 0.10446 0.535183 0.1039569 0.51198 0.10446 0.535183 0.117663 0.535183 0.1039569 0.51198 0.10446 0.51198 0.118169 0.535183 0.117663 0.535183 0.1337929 0.535183 0.117663 0.51198 0.118169 0.535183 0.1337929 0.51198 0.118169 0.51198 0.134302 0.51198 0.134302 0.535183 0.16906 0.535183 0.1337929 0.51198 0.134302 0.51198 0.169571 0.535183 0.16906 0.535183 0.1337929 0.535183 0.16906 0.51198 0.169571 0.535183 0.1337929 0.51198 0.169571 0.51198 0.134302 0.51198 0.134302 0.535183 0.117663 0.535183 0.1337929 0.51198 0.134302 0.51198 0.118169 0.535183 0.117663 0.51198 0.10446 0.535183 0.117663 0.51198 0.118169 0.51198 0.10446 0.535183 0.1039569 0.535183 0.117663 0.535183 0.1039569 0.51198 0.10446 0.51198 0.08980095 0.535183 0.1039569 0.51198 0.08980095 0.535183 0.08930897 0.51198 0.05446296 0.535183 0.08930897 0.51198 0.08980095 0.51198 0.05446296 0.535183 0.05397695 0.535183 0.08930897 0.51198 0.05446296 0.535183 0.03787195 0.535183 0.05397695 0.51198 0.05446296 0.51198 0.03835797 0.535183 0.03787195 0.51198 0.03835797 0.535183 0.02407497 0.535183 0.03787195 0.51198 0.03835797 0.51198 0.02456098 0.535183 0.02407497 0.535183 0.02407497 0.51198 0.02456098 0.51198 0.01009398 0.535183 0.02407497 0.51198 0.01009398 0.535183 0.009612977 0.646672 0.005475997 0.669873 0.02096199 0.669873 0.005974948 0.646672 0.005475997 0.646672 0.02045696 0.669873 0.02096199 0.646672 0.03475099 0.669873 0.02096199 0.646672 0.02045696 0.646672 0.03475099 0.669873 0.035254 0.669873 0.02096199 0.646672 0.05143594 0.669873 0.035254 0.646672 0.03475099 0.646672 0.05143594 0.669873 0.05193698 0.669873 0.035254 0.646672 0.08803695 0.669873 0.05193698 0.646672 0.05143594 0.646672 0.08803695 0.669873 0.08854699 0.669873 0.05193698 0.646672 0.1032119 0.669873 0.08854699 0.646672 0.08803695 0.646672 0.1032119 0.669873 0.103734 0.669873 0.08854699 0.669873 0.103734 0.646672 0.1032119 0.646672 0.117411 0.669873 0.103734 0.646672 0.117411 0.669873 0.117936 0.669873 0.13465 0.669873 0.117936 0.646672 0.117411 0.669873 0.13465 0.646672 0.117411 0.646672 0.13412 0.646672 0.13412 0.669873 0.171186 0.669873 0.13465 0.646672 0.13412 0.646672 0.170653 0.669873 0.171186 0.485538 0.153608 0.485538 0.169163 0.508424 0.169456 0.485538 0.153608 0.508424 0.169456 0.508424 0.153948 0.508424 0.137545 0.485538 0.153608 0.508424 0.153948 0.508424 0.137545 0.485538 0.137157 0.485538 0.153608 0.485538 0.137157 0.508424 0.137545 0.508424 0.100001 0.485538 0.137157 0.508424 0.100001 0.485538 0.09960997 0.508424 0.08787 0.485538 0.09960997 0.508424 0.100001 0.508424 0.08787 0.485538 0.08751499 0.485538 0.09960997 0.508424 0.072344 0.485538 0.08751499 0.508424 0.08787 0.508424 0.072344 0.485538 0.07198899 0.485538 0.08751499 0.485538 0.05549395 0.485538 0.07198899 0.508424 0.072344 0.485538 0.05549395 0.508424 0.072344 0.508424 0.05588799 0.485538 0.01802599 0.485538 0.05549395 0.508424 0.05588799 0.485538 0.01802599 0.508424 0.05588799 0.508424 0.01842194 0.508424 0.01842194 0.485538 0.006019949 0.485538 0.01802599 0.508424 0.01842194 0.508424 0.006418943 0.485538 0.006019949 0.940555 0.75384 0.920908 0.758431 0.921011 0.792684 0.907838 0.744293 0.920908 0.758431 0.940555 0.75384 0.907838 0.744293 0.940555 0.75384 0.915473 0.733374 0.915473 0.733374 0.88868 0.745492 0.907838 0.744293 0.915473 0.733374 0.880972 0.733461 0.88868 0.745492 0.88868 0.745492 0.880972 0.733461 0.855408 0.753988 0.88868 0.745492 0.855408 0.753988 0.875688 0.758545 0.875688 0.758545 0.855408 0.753988 0.856144 0.797381 0.875688 0.758545 0.856144 0.797381 0.875791 0.792799 0.888862 0.805786 0.875791 0.792799 0.856144 0.797381 0.888862 0.805786 0.856144 0.797381 0.881226 0.817855 0.908019 0.805737 0.888862 0.805786 0.881226 0.817855 0.908019 0.805737 0.881226 0.817855 0.915727 0.817768 0.908019 0.805737 0.915727 0.817768 0.941234 0.797191 0.908019 0.805737 0.941234 0.797191 0.921011 0.792684 0.940555 0.75384 0.921011 0.792684 0.941234 0.797191 0.946937 0.865081 0.926808 0.832703 0.926405 0.864633 0.946937 0.865081 0.948286 0.83324 0.926808 0.832703 0.941234 0.797191 0.926808 0.832703 0.948286 0.83324 0.941234 0.797191 0.948286 0.83324 0.964726 0.797859 0.964726 0.797859 0.940555 0.75384 0.941234 0.797191 0.964726 0.797859 0.965127 0.750575 0.940555 0.75384 0.965127 0.750575 0.935422 0.720371 0.940555 0.75384 0.965127 0.750575 0.960012 0.719163 0.935422 0.720371 0.672349 0.171244 0.694571 0.157503 0.694572 0.171314 0.672349 0.171244 0.672349 0.157424 0.694571 0.157503 0.694571 0.157503 0.672349 0.157424 0.672349 0.144684 0.694571 0.157503 0.672349 0.144684 0.694571 0.144771 0.694572 0.106276 0.694571 0.144771 0.672349 0.144684 0.694572 0.106276 0.672349 0.144684 0.672349 0.106187 0.672349 0.106187 0.694572 0.08974897 0.694572 0.106276 0.672349 0.106187 0.672349 0.08965998 0.694572 0.08974897 0.672349 0.075841 0.694572 0.08974897 0.672349 0.08965998 0.672349 0.075841 0.694572 0.07592999 0.694572 0.08974897 0.694572 0.07592999 0.672349 0.075841 0.672349 0.063102 0.694572 0.07592999 0.672349 0.063102 0.694571 0.06319797 0.672349 0.02460497 0.694571 0.06319797 0.672349 0.063102 0.672349 0.02460497 0.694572 0.02470397 0.694571 0.06319797 0.672349 0.02460497 0.694571 0.008180975 0.694572 0.02470397 0.672349 0.02460497 0.672349 0.008075952 0.694571 0.008180975 0.618034 0.138642 0.618034 0.174168 0.594719 0.174493 0.618034 0.138642 0.594719 0.174493 0.594719 0.138965 0.594719 0.138965 0.618034 0.121498 0.618034 0.138642 0.594719 0.138965 0.594719 0.1218219 0.618034 0.121498 0.594719 0.108029 0.618034 0.121498 0.594719 0.1218219 0.594719 0.108029 0.618034 0.107702 0.618034 0.121498 0.618034 0.107702 0.594719 0.108029 0.594719 0.092588 0.618034 0.107702 0.594719 0.092588 0.618034 0.09227895 0.594719 0.05705499 0.618034 0.09227895 0.594719 0.092588 0.594719 0.05705499 0.618034 0.05675899 0.618034 0.09227895 0.594719 0.05705499 0.618034 0.03961598 0.618034 0.05675899 0.594719 0.05705499 0.594719 0.03990995 0.618034 0.03961598 0.618034 0.03961598 0.594719 0.03990995 0.594719 0.02606099 0.618034 0.03961598 0.594719 0.02606099 0.618034 0.02576798 0.618034 0.02576798 0.594719 0.02606099 0.594719 0.01071995 0.618034 0.02576798 0.594719 0.01071995 0.618034 0.01043295 0.41816 0.642458 0.442116 0.736156 0.413374 0.737733 0.41816 0.642458 0.442116 0.646306 0.442116 0.736156 0.224511 0.816808 0.224511 0.863544 0.251053 0.875274 0.224511 0.863544 0.235326 0.938519 0.251053 0.875274 0.224511 0.863544 0.2140409 0.905649 0.235326 0.938519 0.2140409 0.905649 0.206986 0.982288 0.235326 0.938519 0.2140409 0.905649 0.195173 0.934788 0.206986 0.982288 0.206986 0.982288 0.195173 0.934788 0.171645 0.945189 0.206986 0.982288 0.171645 0.945189 0.171645 0.99791 0.171645 0.99791 0.171645 0.945189 0.148117 0.934788 0.171645 0.99791 0.148117 0.934788 0.136305 0.982287 0.148117 0.934788 0.107964 0.938519 0.136305 0.982287 0.148117 0.934788 0.129249 0.905649 0.107964 0.938519 0.107964 0.938519 0.129249 0.905649 0.118778 0.863543 0.107964 0.938519 0.118778 0.863543 0.09223699 0.875274 0.09223699 0.875274 0.118778 0.863543 0.118778 0.816808 0.09223699 0.875274 0.118778 0.816808 0.09223699 0.805075 0.118778 0.816808 0.107964 0.741831 0.09223699 0.805075 0.118778 0.816808 0.129249 0.774702 0.107964 0.741831 0.129249 0.774702 0.136305 0.698063 0.107964 0.741831 0.129249 0.774702 0.148117 0.745563 0.136305 0.698063 0.148117 0.745563 0.171645 0.682443 0.136305 0.698063 0.148117 0.745563 0.171645 0.735165 0.171645 0.682443 0.171645 0.682443 0.171645 0.735165 0.195173 0.745563 0.171645 0.682443 0.195173 0.745563 0.206986 0.698062 0.195173 0.745563 0.235326 0.741831 0.206986 0.698062 0.195173 0.745563 0.2140409 0.774702 0.235326 0.741831 0.2140409 0.774702 0.251053 0.805075 0.235326 0.741831 0.2140409 0.774702 0.224511 0.816808 0.251053 0.805075 0.224511 0.816808 0.251053 0.875274 0.251053 0.805075 0.41816 0.642458 0.386167 0.739538 0.413374 0.737733 0.41816 0.642458 0.383656 0.63843 0.386167 0.739538 0.383656 0.63843 0.360775 0.741222 0.386167 0.739538 0.383656 0.63843 0.351455 0.634671 0.360775 0.741222 0.351455 0.634671 0.384181 0.59659 0.352249 0.59659 0.351455 0.634671 0.383656 0.63843 0.384181 0.59659 0.383656 0.63843 0.418397 0.59659 0.384181 0.59659 0.383656 0.63843 0.41816 0.642458 0.418397 0.59659 0.360775 0.741222 0.333845 0.641325 0.333845 0.745903 0.360775 0.741222 0.351455 0.634671 0.333845 0.641325 0.41816 0.642458 0.442116 0.736156 0.442116 0.646306 0.41816 0.642458 0.413374 0.737733 0.442116 0.736156 0.160892 0.563182 0.160932 0.556575 0.16734 0.56146 0.160892 0.563182 0.160921 0.558462 0.160932 0.556575 0.119449 0.543777 0.11066 0.538839 0.122 0.538888 0.119449 0.543777 0.113152 0.54375 0.11066 0.538839 0.108837 0.549026 0.11066 0.538839 0.113152 0.54375 0.108837 0.549026 0.102382 0.547745 0.11066 0.538839 0.102382 0.547745 0.108837 0.549026 0.108794 0.556182 0.102382 0.547745 0.108794 0.556182 0.102303 0.560746 0.102303 0.560746 0.108794 0.556182 0.108782 0.55804 0.102303 0.560746 0.108782 0.55804 0.108753 0.562956 0.102303 0.560746 0.108753 0.562956 0.160892 0.563182 0.102303 0.560746 0.160892 0.563182 0.09277999 0.56142 0.102303 0.560746 0.09277999 0.56142 0.09286397 0.547491 0.102303 0.560746 0.09286397 0.547491 0.102382 0.547745 0.09286397 0.547491 0.102441 0.537868 0.102382 0.547745 0.09286397 0.547491 0.09292197 0.537849 0.102441 0.537868 0.160932 0.556575 0.167419 0.54825 0.16734 0.56146 0.160932 0.556575 0.1609759 0.549253 0.167419 0.54825 0.159267 0.539071 0.167419 0.54825 0.1609759 0.549253 0.159267 0.539071 0.1609759 0.549253 0.156727 0.543941 0.150432 0.543914 0.159267 0.539071 0.156727 0.543941 0.150432 0.543914 0.1479499 0.539022 0.159267 0.539071 0.1461189 0.549188 0.1479499 0.539022 0.150432 0.543914 0.1461189 0.549188 0.139689 0.547912 0.1479499 0.539022 0.139689 0.547912 0.1461189 0.549188 0.1460739 0.556627 0.139689 0.547912 0.1460739 0.556627 0.1396059 0.561741 0.1460739 0.556627 0.146035 0.563117 0.1396059 0.561741 0.1300899 0.561127 0.1396059 0.561741 0.146035 0.563117 0.1300899 0.561127 0.146035 0.563117 0.123616 0.56302 0.123616 0.56302 0.123656 0.556363 0.1300899 0.561127 0.123656 0.556363 0.13017 0.547866 0.1300899 0.561127 0.123656 0.556363 0.1237 0.549091 0.13017 0.547866 0.122 0.538888 0.13017 0.547866 0.1237 0.549091 0.122 0.538888 0.1237 0.549091 0.119449 0.543777 0.139689 0.547912 0.1396059 0.561741 0.1300899 0.561127 0.139689 0.547912 0.1300899 0.561127 0.13017 0.547866 0.130355 0.53799 0.139689 0.547912 0.13017 0.547866 0.123616 0.56302 0.123645 0.558198 0.123656 0.556363 0.1460739 0.556627 0.146063 0.558491 0.146035 0.563117 0.130355 0.53799 0.1396239 0.538051 0.139689 0.547912 0.1396239 0.538051 0.130355 0.53799 0.130582 0.528365 0.1396239 0.538051 0.130582 0.528365 0.139601 0.528443 0.300367 0.945589 0.309019 0.933476 0.323017 0.938103 0.300367 0.945589 0.323017 0.938103 0.323017 0.953075 0.300367 0.945589 0.323017 0.953075 0.309018 0.957702 0.306396 0.966063 0.309018 0.957702 0.323017 0.953075 0.291823 0.945659 0.309018 0.957702 0.306396 0.966063 0.291823 0.945659 0.300367 0.945589 0.309018 0.957702 0.306396 0.925256 0.300367 0.945589 0.291823 0.945659 0.306396 0.925256 0.309019 0.933476 0.300367 0.945589 0.306396 0.925256 0.323017 0.938103 0.309019 0.933476 0.306396 0.925256 0.329975 0.933049 0.323017 0.938103 0.329975 0.933049 0.323017 0.953075 0.323017 0.938103 0.329975 0.933049 0.329975 0.958269 0.323017 0.953075 0.306396 0.966063 0.323017 0.953075 0.329975 0.958269 0.154107 0.904472 0.170526 0.838443 0.1409389 0.884136 0.1409389 0.884136 0.170526 0.838443 0.133631 0.854751 0.133631 0.854751 0.170526 0.838443 0.133631 0.822135 0.133631 0.822135 0.170526 0.838443 0.1409389 0.79275 0.1409389 0.79275 0.170526 0.838443 0.154107 0.772414 0.154107 0.772414 0.170526 0.838443 0.170526 0.765157 0.170526 0.765157 0.170526 0.838443 0.186947 0.772414 0.186947 0.772414 0.170526 0.838443 0.200114 0.79275 0.200114 0.79275 0.170526 0.838443 0.207421 0.822135 0.207421 0.822135 0.170526 0.838443 0.207421 0.854751 0.207421 0.854751 0.170526 0.838443 0.200114 0.884136 0.200114 0.884136 0.170526 0.838443 0.186947 0.904472 0.186947 0.904472 0.170526 0.838443 0.170526 0.911731 0.170526 0.911731 0.170526 0.838443 0.154107 0.904472 0.323017 0.938103 0.323017 0.953075 0.309018 0.957702 0.323017 0.938103 0.309018 0.957702 0.300367 0.945589 0.323017 0.938103 0.300367 0.945589 0.309019 0.933476 0.306396 0.925256 0.309019 0.933476 0.300367 0.945589 0.306396 0.925256 0.323017 0.938103 0.309019 0.933476 0.306396 0.925256 0.329975 0.933049 0.323017 0.938103 0.329975 0.933049 0.323017 0.953075 0.323017 0.938103 0.329975 0.933049 0.329975 0.958269 0.323017 0.953075 0.306396 0.966063 0.323017 0.953075 0.329975 0.958269 0.306396 0.966063 0.309018 0.957702 0.323017 0.953075 0.291823 0.945659 0.309018 0.957702 0.306396 0.966063 0.291823 0.945659 0.300367 0.945589 0.309018 0.957702 0.306396 0.925256 0.300367 0.945589 0.291823 0.945659 0.323017 0.938103 0.323017 0.953075 0.309018 0.957702 0.323017 0.938103 0.309018 0.957702 0.300367 0.945589 0.323017 0.938103 0.300367 0.945589 0.309019 0.933476 0.306396 0.925256 0.309019 0.933476 0.300367 0.945589 0.306396 0.925256 0.323017 0.938103 0.309019 0.933476 0.306396 0.925256 0.329975 0.933049 0.323017 0.938103 0.329975 0.933049 0.323017 0.953075 0.323017 0.938103 0.329975 0.933049 0.329975 0.958269 0.323017 0.953075 0.306396 0.966063 0.323017 0.953075 0.329975 0.958269 0.306396 0.966063 0.309018 0.957702 0.323017 0.953075 0.291823 0.945659 0.309018 0.957702 0.306396 0.966063 0.291823 0.945659 0.300367 0.945589 0.309018 0.957702 0.306396 0.925256 0.300367 0.945589 0.291823 0.945659 0.323017 0.938103 0.323017 0.953075 0.309018 0.957702 0.323017 0.938103 0.309018 0.957702 0.300367 0.945589 0.323017 0.938103 0.300367 0.945589 0.309019 0.933476 0.306396 0.925256 0.309019 0.933476 0.300367 0.945589 0.306396 0.925256 0.323017 0.938103 0.309019 0.933476 0.306396 0.925256 0.329975 0.933049 0.323017 0.938103 0.329975 0.933049 0.323017 0.953075 0.323017 0.938103 0.329975 0.933049 0.329975 0.958269 0.323017 0.953075 0.306396 0.966063 0.323017 0.953075 0.329975 0.958269 0.306396 0.966063 0.309018 0.957702 0.323017 0.953075 0.291823 0.945659 0.309018 0.957702 0.306396 0.966063 0.291823 0.945659 0.300367 0.945589 0.309018 0.957702 0.306396 0.925256 0.300367 0.945589 0.291823 0.945659 0.323017 0.953075 0.309018 0.957702 0.300367 0.945589 0.323017 0.953075 0.300367 0.945589 0.309019 0.933476 0.323017 0.953075 0.309019 0.933476 0.323017 0.938103 0.306396 0.925256 0.323017 0.938103 0.309019 0.933476 0.306396 0.925256 0.329975 0.933049 0.323017 0.938103 0.329975 0.933049 0.323017 0.953075 0.323017 0.938103 0.329975 0.933049 0.329975 0.958269 0.323017 0.953075 0.306396 0.966063 0.323017 0.953075 0.329975 0.958269 0.306396 0.966063 0.309018 0.957702 0.323017 0.953075 0.291823 0.945659 0.309018 0.957702 0.306396 0.966063 0.291823 0.945659 0.300367 0.945589 0.309018 0.957702 0.306396 0.925256 0.300367 0.945589 0.291823 0.945659 0.306396 0.925256 0.309019 0.933476 0.300367 0.945589 0.360775 0.741222 0.353637 0.783384 0.383762 0.783384 0.360775 0.741222 0.383762 0.783384 0.386167 0.739538 0.383762 0.783384 0.413374 0.737733 0.386167 0.739538 0.383762 0.783384 0.416043 0.783384 0.413374 0.737733 0.323017 0.938103 0.323017 0.953075 0.309018 0.957702 0.323017 0.938103 0.309018 0.957702 0.300367 0.945589 0.323017 0.938103 0.300367 0.945589 0.309019 0.933476 0.306396 0.925256 0.309019 0.933476 0.300367 0.945589 0.306396 0.925256 0.323017 0.938103 0.309019 0.933476 0.306396 0.925256 0.329975 0.933049 0.323017 0.938103 0.329975 0.933049 0.323017 0.953075 0.323017 0.938103 0.329975 0.933049 0.329975 0.958269 0.323017 0.953075 0.306396 0.966063 0.323017 0.953075 0.329975 0.958269 0.306396 0.966063 0.309018 0.957702 0.323017 0.953075 0.291823 0.945659 0.309018 0.957702 0.306396 0.966063 0.291823 0.945659 0.300367 0.945589 0.309018 0.957702 0.306396 0.925256 0.300367 0.945589 0.291823 0.945659 0.323017 0.938103 0.323017 0.953075 0.309018 0.957702 0.323017 0.938103 0.309018 0.957702 0.300367 0.945589 0.323017 0.938103 0.300367 0.945589 0.309019 0.933476 0.306396 0.925256 0.309019 0.933476 0.300367 0.945589 0.306396 0.925256 0.323017 0.938103 0.309019 0.933476 0.306396 0.925256 0.329975 0.933049 0.323017 0.938103 0.329975 0.933049 0.323017 0.953075 0.323017 0.938103 0.329975 0.933049 0.329975 0.958269 0.323017 0.953075 0.306396 0.966063 0.323017 0.953075 0.329975 0.958269 0.306396 0.966063 0.309018 0.957702 0.323017 0.953075 0.291823 0.945659 0.309018 0.957702 0.306396 0.966063 0.291823 0.945659 0.300367 0.945589 0.309018 0.957702 0.306396 0.925256 0.300367 0.945589 0.291823 0.945659 0.323017 0.938103 0.323017 0.953075 0.309018 0.957702 0.323017 0.938103 0.309018 0.957702 0.300367 0.945589 0.323017 0.938103 0.300367 0.945589 0.309019 0.933476 0.306396 0.925256 0.309019 0.933476 0.300367 0.945589 0.306396 0.925256 0.323017 0.938103 0.309019 0.933476 0.306396 0.925256 0.329975 0.933049 0.323017 0.938103 0.329975 0.933049 0.323017 0.953075 0.323017 0.938103 0.329975 0.933049 0.329975 0.958269 0.323017 0.953075 0.306396 0.966063 0.323017 0.953075 0.329975 0.958269 0.306396 0.966063 0.309018 0.957702 0.323017 0.953075 0.291823 0.945659 0.309018 0.957702 0.306396 0.966063 0.291823 0.945659 0.300367 0.945589 0.309018 0.957702 0.306396 0.925256 0.300367 0.945589 0.291823 0.945659 0.782871 0.007073998 0.79717 0.01789599 0.781011 0.01737397 0.782871 0.007073998 0.801054 0.007635951 0.79717 0.01789599 0.801054 0.007635951 0.885248 0.04050797 0.79717 0.01789599 0.801054 0.007635951 0.892198 0.02978795 0.885248 0.04050797 0.905484 0.112999 0.885248 0.04050797 0.892198 0.02978795 0.905484 0.112999 0.892198 0.02978795 0.912713 0.103699 0.912713 0.103699 0.969497 0.315706 0.905484 0.112999 0.912713 0.103699 0.978617 0.311957 0.969497 0.315706 1 0.509804 0.969497 0.315706 0.978617 0.311957 1 0.509804 0.988614 0.509455 0.969497 0.315706 1 0.509804 0.965345 0.732159 0.988614 0.509455 1 0.509804 0.976143 0.740987 0.965345 0.732159 0.976143 0.740987 0.911341 0.897785 0.965345 0.732159 0.976143 0.740987 0.918359 0.911689 0.911341 0.897785 0.806235 0.992516 0.911341 0.897785 0.918359 0.911689 0.806235 0.992516 0.801522 0.978674 0.911341 0.897785 0.806235 0.992516 0.788086 0.978514 0.801522 0.978674 0.806235 0.992516 0.788525 0.992295 0.788086 0.978514 0.697776 0.99139 0.606567 0.890841 0.70183 0.977699 0.697776 0.99139 0.600225 0.904596 0.606567 0.890841 0.543938 0.7312 0.606567 0.890841 0.600225 0.904596 0.543938 0.7312 0.553826 0.722634 0.606567 0.890841 0.522281 0.509804 0.553826 0.722634 0.543938 0.7312 0.522281 0.509804 0.53249 0.509455 0.553826 0.722634 0.554239 0.306092 0.53249 0.509455 0.522281 0.509804 0.554239 0.306092 0.522281 0.509804 0.546413 0.302171 0.604577 0.09660595 0.554239 0.306092 0.546413 0.302171 0.604577 0.09660595 0.610711 0.106055 0.554239 0.306092 0.626163 0.02367597 0.610711 0.106055 0.604577 0.09660595 0.626163 0.02367597 0.631988 0.03455895 0.610711 0.106055 0.705859 0.015531 0.631988 0.03455895 0.626163 0.02367597 0.705859 0.015531 0.626163 0.02367597 0.703081 0.005167961 0.924732 0.684387 0.858532 0.758259 0.898789 0.651773 0.924732 0.684387 0.877974 0.803683 0.858532 0.758259 0.826968 0.34446 0.85075 0.271251 0.906878 0.381534 0.85075 0.271251 0.934201 0.354293 0.906878 0.381534 0.906878 0.381534 0.934201 0.354293 0.948006 0.509533 0.934201 0.354293 0.968285 0.50699 0.948006 0.509533 0.968285 0.50699 0.924732 0.684387 0.948006 0.509533 0.968285 0.50699 0.942824 0.708834 0.924732 0.684387 0.942824 0.708834 0.877974 0.803683 0.924732 0.684387 0.942824 0.708834 0.89345 0.839268 0.877974 0.803683 0.858532 0.758259 0.778875 0.721822 0.825899 0.682491 0.858532 0.758259 0.784307 0.810851 0.778875 0.721822 0.877974 0.803683 0.784307 0.810851 0.858532 0.758259 0.877974 0.803683 0.785973 0.875303 0.784307 0.810851 0.786812 0.924571 0.785973 0.875303 0.877974 0.803683 0.786812 0.924571 0.877974 0.803683 0.89345 0.839268 0.786812 0.924571 0.89345 0.839268 0.911341 0.897785 0.965345 0.732159 0.911341 0.897785 0.89345 0.839268 0.965345 0.732159 0.89345 0.839268 0.942824 0.708834 0.988614 0.509455 0.965345 0.732159 0.942824 0.708834 0.988614 0.509455 0.942824 0.708834 0.968285 0.50699 0.988614 0.509455 0.968285 0.50699 0.953565 0.330964 0.934201 0.354293 0.953565 0.330964 0.968285 0.50699 0.864418 0.233877 0.953565 0.330964 0.934201 0.354293 0.85075 0.271251 0.864418 0.233877 0.934201 0.354293 0.776891 0.2145079 0.864418 0.233877 0.85075 0.271251 0.781799 0.301504 0.776891 0.2145079 0.85075 0.271251 0.781799 0.301504 0.85075 0.271251 0.826968 0.34446 0.784519 0.381973 0.781799 0.301504 0.826968 0.34446 0.988614 0.509455 0.953565 0.330964 0.969497 0.315706 0.969497 0.315706 0.953565 0.330964 0.87731 0.19438 0.864418 0.233877 0.87731 0.19438 0.953565 0.330964 0.781679 0.160659 0.87731 0.19438 0.864418 0.233877 0.776891 0.2145079 0.781679 0.160659 0.864418 0.233877 0.781679 0.160659 0.7827 0.130227 0.87731 0.19438 0.786812 0.924571 0.911341 0.897785 0.801522 0.978674 0.801522 0.978674 0.788086 0.978514 0.786812 0.924571 0.969497 0.315706 0.87731 0.19438 0.905484 0.112999 0.905484 0.112999 0.87731 0.19438 0.885248 0.04050797 0.885248 0.04050797 0.87731 0.19438 0.7827 0.130227 0.885248 0.04050797 0.7827 0.130227 0.79717 0.01789599 0.79717 0.01789599 0.7827 0.130227 0.781011 0.01737397 0.948006 0.509533 0.924732 0.684387 0.898789 0.651773 0.948006 0.509533 0.898789 0.651773 0.922335 0.509622 0.906878 0.381534 0.948006 0.509533 0.922335 0.509622 0.85688 0.420485 0.906878 0.381534 0.922335 0.509622 0.826968 0.34446 0.906878 0.381534 0.85688 0.420485 0.798899 0.40817 0.826968 0.34446 0.85688 0.420485 0.784519 0.381973 0.826968 0.34446 0.798899 0.40817 0.798899 0.40817 0.784519 0.4537 0.784519 0.381973 0.798899 0.40817 0.81744 0.455042 0.784519 0.4537 0.81744 0.455042 0.784519 0.50934 0.784519 0.4537 0.81744 0.455042 0.823817 0.50934 0.784519 0.50934 0.784519 0.50934 0.823817 0.50934 0.81706 0.570739 0.867344 0.508758 0.81706 0.570739 0.823817 0.50934 0.867344 0.508758 0.856287 0.608079 0.81706 0.570739 0.922335 0.509622 0.856287 0.608079 0.867344 0.508758 0.922335 0.509622 0.898789 0.651773 0.856287 0.608079 0.898789 0.651773 0.825899 0.682491 0.856287 0.608079 0.898789 0.651773 0.858532 0.758259 0.825899 0.682491 0.81744 0.455042 0.867344 0.508758 0.823817 0.50934 0.81744 0.455042 0.85688 0.420485 0.867344 0.508758 0.85688 0.420485 0.922335 0.509622 0.867344 0.508758 0.798899 0.40817 0.85688 0.420485 0.81744 0.455042 0.784519 0.50934 0.81706 0.570739 0.784519 0.569589 0.784519 0.569589 0.81706 0.570739 0.798214 0.616651 0.856287 0.608079 0.798214 0.616651 0.81706 0.570739 0.856287 0.608079 0.825899 0.682491 0.798214 0.616651 0.825899 0.682491 0.784519 0.641942 0.798214 0.616651 0.825899 0.682491 0.778875 0.721822 0.784519 0.641942 0.784519 0.569589 0.798214 0.616651 0.784519 0.641942 0.463035 0.170192 0.464789 0.12498 0.484984 0.1322759 0.464789 0.12498 0.492617 0.101023 0.484984 0.1322759 0.504758 0.1291 0.484984 0.1322759 0.492617 0.101023 0.504758 0.1291 0.492617 0.101023 0.507259 0.09146195 0.481509 0.07924598 0.507259 0.09146195 0.492617 0.101023 0.481509 0.07924598 0.499619 0.066311 0.507259 0.09146195 0.464789 0.12498 0.481509 0.07924598 0.492617 0.101023 0.53099 0.06094497 0.507259 0.09146195 0.499619 0.066311 0.554899 0.2163929 0.534286 0.232625 0.528914 0.206645 0.554899 0.2163929 0.528914 0.206645 0.542734 0.195326 0.53357 0.169263 0.542734 0.195326 0.528914 0.206645 0.53357 0.169263 0.552908 0.172034 0.542734 0.195326 0.558808 0.141137 0.552908 0.172034 0.53357 0.169263 0.571161 0.18317 0.552908 0.172034 0.558808 0.141137 0.571161 0.18317 0.558808 0.141137 0.580156 0.138828 0.580156 0.138828 0.558808 0.141137 0.558789 0.108966 0.580156 0.138828 0.558789 0.108966 0.574735 0.09043598 0.574735 0.09043598 0.558789 0.108966 0.546826 0.09621196 0.574735 0.09043598 0.546826 0.09621196 0.5602 0.073583 0.53099 0.06094497 0.5602 0.073583 0.546826 0.09621196 0.53099 0.06094497 0.546826 0.09621196 0.527713 0.08825099 0.53099 0.06094497 0.527713 0.08825099 0.507259 0.09146195 0.507259 0.09146195 0.527713 0.08825099 0.522819 0.129024 0.507259 0.09146195 0.522819 0.129024 0.504758 0.1291 0.50285 0.165576 0.504758 0.1291 0.522819 0.129024 0.484984 0.1322759 0.504758 0.1291 0.50285 0.165576 0.546826 0.09621196 0.522819 0.129024 0.527713 0.08825099 0.571161 0.18317 0.542734 0.195326 0.552908 0.172034 0.571161 0.18317 0.554899 0.2163929 0.542734 0.195326 0.50285 0.165576 0.498527 0.202998 0.487778 0.188729 0.50285 0.165576 0.487778 0.188729 0.483404 0.163691 0.498527 0.202998 0.51806 0.1686699 0.513193 0.209214 0.498527 0.202998 0.50285 0.165576 0.51806 0.1686699 0.50285 0.165576 0.522819 0.129024 0.51806 0.1686699 0.484984 0.1322759 0.50285 0.165576 0.483404 0.163691 0.463035 0.170192 0.484984 0.1322759 0.483404 0.163691 0.463035 0.170192 0.483404 0.163691 0.487778 0.188729 0.463035 0.170192 0.487778 0.188729 0.470973 0.206319 0.470973 0.206319 0.487778 0.188729 0.498527 0.202998 0.470973 0.206319 0.498527 0.202998 0.487159 0.226968 0.487159 0.226968 0.498527 0.202998 0.513193 0.209214 0.487159 0.226968 0.513193 0.209214 0.509915 0.236521 0.534286 0.232625 0.509915 0.236521 0.513193 0.209214 0.534286 0.232625 0.513193 0.209214 0.528914 0.206645 0.528914 0.206645 0.513193 0.209214 0.51806 0.1686699 0.528914 0.206645 0.51806 0.1686699 0.53357 0.169263 0.522819 0.129024 0.53357 0.169263 0.51806 0.1686699 0.522819 0.129024 0.540349 0.133372 0.53357 0.169263 0.546826 0.09621196 0.540349 0.133372 0.522819 0.129024 0.540349 0.133372 0.546826 0.09621196 0.558789 0.108966 0.540349 0.133372 0.558789 0.108966 0.558808 0.141137 0.558808 0.141137 0.53357 0.169263 0.540349 0.133372 0.101708 0.578456 0.101716 0.569204 0.107002 0.569204 0.101708 0.578456 0.107002 0.569204 0.1069959 0.578456 0.112599 0.569204 0.1069959 0.578456 0.107002 0.569204 0.112599 0.569204 0.112595 0.578456 0.1069959 0.578456 0.112599 0.569204 0.120162 0.578456 0.112595 0.578456 0.112599 0.569204 0.120341 0.569204 0.120162 0.578456 0.120162 0.578456 0.120341 0.569204 0.122336 0.569204 0.120162 0.578456 0.122336 0.569204 0.122126 0.578456 0.122126 0.578456 0.122336 0.569204 0.122336 0.569204 0.122126 0.578456 0.122336 0.569204 0.122126 0.578456 0.1273249 0.578456 0.122126 0.578456 0.122126 0.578456 0.1273249 0.578456 0.122126 0.578456 0.1273249 0.578456 0.1273249 0.578456 0.1273249 0.578456 0.127327 0.569204 0.1273249 0.578456 0.127327 0.569204 0.127327 0.569204 0.127327 0.569204 0.127327 0.569204 0.122336 0.569204 0.127327 0.569204 0.122336 0.569204 0.122336 0.569204 0.309018 0.957702 0.300367 0.945589 0.309019 0.933476 0.306396 0.925256 0.309019 0.933476 0.300367 0.945589 0.306396 0.925256 0.300367 0.945589 0.291823 0.945659 0.291823 0.945659 0.300367 0.945589 0.309018 0.957702 0.291823 0.945659 0.309018 0.957702 0.306396 0.966063 0.306396 0.966063 0.309018 0.957702 0.323017 0.953075 0.306396 0.966063 0.323017 0.953075 0.329975 0.958269 0.329975 0.933049 0.329975 0.958269 0.323017 0.953075 0.329975 0.933049 0.323017 0.953075 0.323017 0.938103 0.306396 0.925256 0.329975 0.933049 0.323017 0.938103 0.306396 0.925256 0.323017 0.938103 0.309019 0.933476 0.309018 0.957702 0.309019 0.933476 0.323017 0.938103 0.309018 0.957702 0.323017 0.938103 0.323017 0.953075 0.513163 0.675904 0.495886 0.590106 0.513163 0.597588 0.513163 0.675904 0.486739 0.682386 0.495886 0.590106 0.04223996 0.93733 0.06355297 0.99071 0.04302495 0.990614 0.04223996 0.93733 0.05906897 0.924998 0.06355297 0.99071 0.462006 0.590242 0.44479 0.676088 0.44479 0.597776 0.462006 0.590242 0.471218 0.682498 0.44479 0.676088 0.003614962 0.992227 0.02422499 0.937819 0.02414095 0.991124 0.003614962 0.992227 0.00723499 0.926315 0.02422499 0.937819 0.02422499 0.937819 0.04302495 0.990614 0.02414095 0.991124 0.02422499 0.937819 0.04223996 0.93733 0.04302495 0.990614 0.323017 0.953075 0.309018 0.957702 0.300367 0.945589 0.323017 0.953075 0.300367 0.945589 0.309019 0.933476 0.323017 0.953075 0.309019 0.933476 0.323017 0.938103 0.306396 0.925256 0.323017 0.938103 0.309019 0.933476 0.306396 0.925256 0.329975 0.933049 0.323017 0.938103 0.329975 0.933049 0.323017 0.953075 0.323017 0.938103 0.329975 0.933049 0.329975 0.958269 0.323017 0.953075 0.306396 0.966063 0.323017 0.953075 0.329975 0.958269 0.306396 0.966063 0.309018 0.957702 0.323017 0.953075 0.291823 0.945659 0.309018 0.957702 0.306396 0.966063 0.291823 0.945659 0.300367 0.945589 0.309018 0.957702 0.306396 0.925256 0.300367 0.945589 0.291823 0.945659 0.306396 0.925256 0.309019 0.933476 0.300367 0.945589 0.309018 0.957702 0.300367 0.945589 0.309019 0.933476 0.306396 0.925256 0.309019 0.933476 0.300367 0.945589 0.306396 0.925256 0.300367 0.945589 0.291823 0.945659 0.291823 0.945659 0.300367 0.945589 0.309018 0.957702 0.291823 0.945659 0.309018 0.957702 0.306396 0.966063 0.306396 0.966063 0.309018 0.957702 0.323017 0.953075 0.306396 0.966063 0.323017 0.953075 0.329975 0.958269 0.329975 0.933049 0.329975 0.958269 0.323017 0.953075 0.329975 0.933049 0.323017 0.953075 0.323017 0.938103 0.306396 0.925256 0.329975 0.933049 0.323017 0.938103 0.306396 0.925256 0.323017 0.938103 0.309019 0.933476 0.309018 0.957702 0.309019 0.933476 0.323017 0.938103 0.309018 0.957702 0.323017 0.938103 0.323017 0.953075 0.70183 0.977699 0.770438 0.993634 0.697776 0.99139 0.70183 0.977699 0.769999 0.978514 0.770438 0.993634 0.770438 0.993634 0.788525 0.992295 0.697776 0.99139 0.770438 0.993634 0.778836 0.992295 0.788525 0.992295 0.788086 0.978514 0.778836 0.992295 0.778396 0.978514 0.788086 0.978514 0.788525 0.992295 0.778836 0.992295 0.781011 0.01737397 0.773182 0.007073998 0.782871 0.007073998 0.781011 0.01737397 0.771322 0.01737397 0.773182 0.007073998 0.7827 0.130227 0.771989 0.160659 0.77301 0.130227 0.7827 0.130227 0.781679 0.160659 0.771989 0.160659 0.776891 0.2145079 0.771989 0.160659 0.781679 0.160659 0.776891 0.2145079 0.767202 0.2145079 0.771989 0.160659 0.776891 0.2145079 0.764405 0.289027 0.767202 0.2145079 0.776891 0.2145079 0.774094 0.289027 0.764405 0.289027 0.775813 0.366751 0.764405 0.289027 0.774094 0.289027 0.775813 0.366751 0.766124 0.366751 0.764405 0.289027 0.309018 0.957702 0.300367 0.945589 0.309019 0.933476 0.306396 0.925256 0.309019 0.933476 0.300367 0.945589 0.306396 0.925256 0.300367 0.945589 0.291823 0.945659 0.291823 0.945659 0.300367 0.945589 0.309018 0.957702 0.291823 0.945659 0.309018 0.957702 0.306396 0.966063 0.306396 0.966063 0.309018 0.957702 0.323017 0.953075 0.306396 0.966063 0.323017 0.953075 0.329975 0.958269 0.329975 0.933049 0.329975 0.958269 0.323017 0.953075 0.329975 0.933049 0.323017 0.953075 0.323017 0.938103 0.306396 0.925256 0.329975 0.933049 0.323017 0.938103 0.306396 0.925256 0.323017 0.938103 0.309019 0.933476 0.309018 0.957702 0.309019 0.933476 0.323017 0.938103 0.309018 0.957702 0.323017 0.938103 0.323017 0.953075 0.762924 0.01737397 0.71553 0.128733 0.705859 0.015531 0.762924 0.01737397 0.764613 0.130227 0.71553 0.128733 0.7827 0.130227 0.771322 0.01737397 0.781011 0.01737397 0.7827 0.130227 0.77301 0.130227 0.771322 0.01737397 0.710754 0.924571 0.769999 0.978514 0.70183 0.977699 0.710754 0.924571 0.768725 0.924571 0.769999 0.978514 0.788086 0.978514 0.777123 0.924571 0.786812 0.924571 0.788086 0.978514 0.778396 0.978514 0.777123 0.924571 0.775813 0.494305 0.766124 0.50934 0.766124 0.494102 0.775813 0.494305 0.775813 0.50934 0.766124 0.50934 0.775813 0.574252 0.766124 0.50934 0.775813 0.50934 0.775813 0.574252 0.766124 0.574252 0.766124 0.50934 0.775813 0.58658 0.766124 0.574252 0.775813 0.574252 0.775813 0.58658 0.766124 0.587528 0.766124 0.574252 0.309018 0.957702 0.300367 0.945589 0.309019 0.933476 0.306396 0.925256 0.309019 0.933476 0.300367 0.945589 0.306396 0.925256 0.300367 0.945589 0.291823 0.945659 0.291823 0.945659 0.300367 0.945589 0.309018 0.957702 0.291823 0.945659 0.309018 0.957702 0.306396 0.966063 0.306396 0.966063 0.309018 0.957702 0.323017 0.953075 0.306396 0.966063 0.323017 0.953075 0.329975 0.958269 0.329975 0.933049 0.329975 0.958269 0.323017 0.953075 0.329975 0.933049 0.323017 0.953075 0.323017 0.938103 0.306396 0.925256 0.329975 0.933049 0.323017 0.938103 0.306396 0.925256 0.323017 0.938103 0.309019 0.933476 0.309018 0.957702 0.309019 0.933476 0.323017 0.938103 0.309018 0.957702 0.323017 0.938103 0.323017 0.953075 0.705859 0.015531 0.764784 0.007073998 0.762924 0.01737397 0.705859 0.015531 0.703081 0.005167961 0.764784 0.007073998 0.782871 0.007073998 0.764784 0.007073998 0.703081 0.005167961 0.782871 0.007073998 0.773182 0.007073998 0.764784 0.007073998 0.291964 0.33537 0.311888 0.322996 0.298448 0.234387 0.291964 0.33537 0.298448 0.234387 0.293614 0.225524 0.288369 0.221946 0.291964 0.33537 0.293614 0.225524 0.281631 0.218369 0.291964 0.33537 0.288369 0.221946 0.271546 0.335367 0.291964 0.33537 0.281631 0.218369 0.271546 0.335367 0.281631 0.218369 0.274892 0.221946 0.274892 0.221946 0.269647 0.225524 0.271546 0.335367 0.264813 0.234387 0.271546 0.335367 0.269647 0.225524 0.264813 0.234387 0.25161 0.322996 0.271546 0.335367 0.320523 0.338275 0.367315 0.2154639 0.38381 0.334239 0.320523 0.338275 0.318567 0.215619 0.367315 0.2154639 0.255665 0.338272 0.2080799 0.2154639 0.256828 0.215619 0.255665 0.338272 0.19234 0.334239 0.2080799 0.2154639 0.06538796 0.216035 0.05307495 0.217431 0.06000298 0.227759 0.06538796 0.216035 0.05591499 0.203408 0.05307495 0.217431 0.05307495 0.217431 0.04409295 0.198658 0.04408597 0.21343 0.05307495 0.217431 0.05588299 0.203395 0.04409295 0.198658 0.04407596 0.1986899 0.03272294 0.2179329 0.04408597 0.21343 0.04407596 0.1986899 0.02914196 0.203941 0.03272294 0.2179329 0.03272294 0.2179329 0.01831597 0.2180449 0.02489095 0.229277 0.03272294 0.2179329 0.02912896 0.2039459 0.01831597 0.2180449 0.01827597 0.218042 0.02032995 0.244369 0.02489095 0.229277 0.01827597 0.218042 0.01157099 0.237847 0.02032995 0.244369 0.065472 0.24263 0.06544899 0.216021 0.06000298 0.227759 0.065472 0.24263 0.07339996 0.235103 0.06544899 0.216021 0.02032995 0.244369 0.01156097 0.237877 0.009764969 0.262175 0.02032995 0.244369 0.009764969 0.262175 0.01918596 0.262179 0.009764969 0.262175 0.02187198 0.283696 0.01918596 0.262179 0.009764969 0.262175 0.01373797 0.291357 0.02187198 0.283696 0.02187198 0.283696 0.02195596 0.309763 0.02750694 0.297801 0.02187198 0.283696 0.01374995 0.291385 0.02195596 0.309763 0.02199095 0.309754 0.03477799 0.307764 0.02750694 0.297801 0.02199095 0.309754 0.03190594 0.321946 0.03477799 0.307764 0.03477799 0.307764 0.044016 0.325776 0.04403799 0.311024 0.03477799 0.307764 0.03191697 0.321949 0.044016 0.325776 0.04402995 0.325805 0.05521994 0.305499 0.04403799 0.311024 0.04402995 0.325805 0.05873197 0.319341 0.05521994 0.305499 0.05521994 0.305499 0.06914997 0.304569 0.06273198 0.29355 0.05521994 0.305499 0.05877196 0.319323 0.06914997 0.304569 0.06921899 0.304572 0.06680196 0.278778 0.06273198 0.29355 0.06921899 0.304572 0.075356 0.285168 0.06680196 0.278778 0.07686996 0.262201 0.07341796 0.2351469 0.065472 0.24263 0.07686996 0.262201 0.065472 0.24263 0.06767898 0.262198 0.06680196 0.278778 0.07686996 0.262201 0.06767898 0.262198 0.06680196 0.278778 0.07537096 0.285123 0.07686996 0.262201 0.309018 0.957702 0.300367 0.945589 0.309019 0.933476 0.306396 0.925256 0.309019 0.933476 0.300367 0.945589 0.306396 0.925256 0.300367 0.945589 0.291823 0.945659 0.291823 0.945659 0.300367 0.945589 0.309018 0.957702 0.291823 0.945659 0.309018 0.957702 0.306396 0.966063 0.306396 0.966063 0.309018 0.957702 0.323017 0.953075 0.306396 0.966063 0.323017 0.953075 0.329975 0.958269 0.329975 0.933049 0.329975 0.958269 0.323017 0.953075 0.329975 0.933049 0.323017 0.953075 0.323017 0.938103 0.306396 0.925256 0.329975 0.933049 0.323017 0.938103 0.306396 0.925256 0.323017 0.938103 0.309019 0.933476 0.309018 0.957702 0.309019 0.933476 0.323017 0.938103 0.309018 0.957702 0.323017 0.938103 0.323017 0.953075 0.285279 0.130245 0.28491 0.050924 0.296466 0.05311 0.28491 0.050924 0.285279 0.130245 0.270258 0.128048 0.28491 0.050924 0.270258 0.128048 0.270258 0.04852098 0.270258 0.128048 0.255607 0.050924 0.270258 0.04852098 0.270258 0.128048 0.255238 0.130245 0.255607 0.050924 0.244051 0.05311 0.255607 0.050924 0.255238 0.130245 0.231522 0.05870199 0.234411 0.137567 0.211889 0.169389 0.231522 0.05870199 0.244051 0.05311 0.234411 0.137567 0.244051 0.05311 0.255238 0.130245 0.234411 0.137567 0.234411 0.137567 0.255238 0.130245 0.25518 0.1455039 0.270258 0.128048 0.25518 0.1455039 0.255238 0.130245 0.270258 0.128048 0.26162 0.155185 0.25518 0.1455039 0.270258 0.128048 0.270258 0.168909 0.26162 0.155185 0.270258 0.128048 0.278577 0.155145 0.270258 0.168909 0.270258 0.128048 0.285337 0.1455039 0.278577 0.155145 0.270258 0.128048 0.285279 0.130245 0.285337 0.1455039 0.306105 0.137567 0.285337 0.1455039 0.285279 0.130245 0.285279 0.130245 0.296466 0.05311 0.306105 0.137567 0.306105 0.137567 0.296466 0.05311 0.308995 0.05870199 0.306105 0.137567 0.308995 0.05870199 0.328628 0.169389 0.03373199 0.876606 0.02263897 0.893898 0.03074496 0.899834 0.03373199 0.876606 0.02947098 0.873602 0.02263897 0.893898 0.02947098 0.873602 0.01363694 0.863611 0.02263897 0.893898 0.02947098 0.873602 0.02305299 0.847998 0.01363694 0.863611 0.02305299 0.847998 5.64e-4 0.831219 0.01363694 0.863611 0.02305299 0.847998 0.01299399 0.818111 5.64e-4 0.831219 0.40519 0.526767 0.415822 0.508416 0.41344 0.531905 0.40519 0.526767 0.411488 0.505831 0.415822 0.508416 0.142915 0.671491 0.122156 0.597135 0.143344 0.597135 0.142915 0.671491 0.122121 0.671491 0.122156 0.597135 0.122156 0.597135 0.122121 0.671491 0.101467 0.671491 0.122156 0.597135 0.101467 0.671491 0.10106 0.597135 0.101467 0.671491 0.08063095 0.597135 0.10106 0.597135 0.101467 0.671491 0.081263 0.671491 0.08063095 0.597135 0.081263 0.671491 0.05990499 0.597135 0.08063095 0.597135 0.081263 0.671491 0.06051498 0.671491 0.05990499 0.597135 0.06051498 0.671491 0.040012 0.597135 0.05990499 0.597135 0.06051498 0.671491 0.04041898 0.671491 0.040012 0.597135 0.02048099 0.597135 0.040012 0.597135 0.04041898 0.671491 0.02048099 0.597135 0.04041898 0.671491 0.02072095 0.671491 0.00109297 0.597135 0.02048099 0.597135 0.02072095 0.671491 0.00109297 0.597135 0.02072095 0.671491 0.001432955 0.671491 0.327175 0.671491 0.308315 0.597135 0.327396 0.597135 0.327175 0.671491 0.308 0.671491 0.308315 0.597135 0.308 0.671491 0.288292 0.597135 0.308315 0.597135 0.308 0.671491 0.288323 0.671491 0.288292 0.597135 0.268425 0.671491 0.288292 0.597135 0.288323 0.671491 0.268425 0.671491 0.267936 0.597135 0.288292 0.597135 0.248463 0.671491 0.267936 0.597135 0.268425 0.671491 0.248463 0.671491 0.247745 0.597135 0.267936 0.597135 0.227455 0.671491 0.247745 0.597135 0.248463 0.671491 0.227455 0.671491 0.226828 0.597135 0.247745 0.597135 0.20636 0.671491 0.226828 0.597135 0.227455 0.671491 0.20636 0.671491 0.206151 0.597135 0.226828 0.597135 0.206151 0.597135 0.20636 0.671491 0.185119 0.671491 0.206151 0.597135 0.185119 0.671491 0.185377 0.597135 0.185377 0.597135 0.185119 0.671491 0.163591 0.671491 0.185377 0.597135 0.163591 0.671491 0.164094 0.597135 0.164094 0.597135 0.163591 0.671491 0.142915 0.671491 0.164094 0.597135 0.142915 0.671491 0.143344 0.597135 0.309018 0.957702 0.300367 0.945589 0.309019 0.933476 0.306396 0.925256 0.309019 0.933476 0.300367 0.945589 0.306396 0.925256 0.300367 0.945589 0.291823 0.945659 0.291823 0.945659 0.300367 0.945589 0.309018 0.957702 0.291823 0.945659 0.309018 0.957702 0.306396 0.966063 0.306396 0.966063 0.309018 0.957702 0.323017 0.953075 0.306396 0.966063 0.323017 0.953075 0.329975 0.958269 0.329975 0.933049 0.329975 0.958269 0.323017 0.953075 0.329975 0.933049 0.323017 0.953075 0.323017 0.938103 0.306396 0.925256 0.329975 0.933049 0.323017 0.938103 0.306396 0.925256 0.323017 0.938103 0.309019 0.933476 0.309018 0.957702 0.309019 0.933476 0.323017 0.938103 0.309018 0.957702 0.323017 0.938103 0.323017 0.953075 0.05307495 0.217431 0.06538796 0.216035 0.06000298 0.227759 0.05307495 0.217431 0.05591499 0.203408 0.06538796 0.216035 0.05307495 0.217431 0.04409295 0.198658 0.05588299 0.203395 0.05307495 0.217431 0.04408597 0.21343 0.04409295 0.198658 0.03272294 0.2179329 0.04407596 0.1986899 0.04408597 0.21343 0.03272294 0.2179329 0.02914196 0.203941 0.04407596 0.1986899 0.03272294 0.2179329 0.01831597 0.2180449 0.02912896 0.2039459 0.03272294 0.2179329 0.02489095 0.229277 0.01831597 0.2180449 0.02032995 0.244369 0.01827597 0.218042 0.02489095 0.229277 0.02032995 0.244369 0.01157099 0.237847 0.01827597 0.218042 0.065472 0.24263 0.06544899 0.216021 0.07339996 0.235103 0.065472 0.24263 0.06000298 0.227759 0.06544899 0.216021 0.06680196 0.278778 0.07686996 0.262201 0.07537096 0.285123 0.06680196 0.278778 0.06767898 0.262198 0.07686996 0.262201 0.065472 0.24263 0.07686996 0.262201 0.06767898 0.262198 0.065472 0.24263 0.07341796 0.2351469 0.07686996 0.262201 0.06680196 0.278778 0.06921899 0.304572 0.06273198 0.29355 0.06680196 0.278778 0.075356 0.285168 0.06921899 0.304572 0.05521994 0.305499 0.06914997 0.304569 0.05877196 0.319323 0.05521994 0.305499 0.06273198 0.29355 0.06914997 0.304569 0.05521994 0.305499 0.04402995 0.325805 0.04403799 0.311024 0.05521994 0.305499 0.05873197 0.319341 0.04402995 0.325805 0.03477799 0.307764 0.044016 0.325776 0.03191697 0.321949 0.03477799 0.307764 0.04403799 0.311024 0.044016 0.325776 0.03477799 0.307764 0.02199095 0.309754 0.02750694 0.297801 0.03477799 0.307764 0.03190594 0.321946 0.02199095 0.309754 0.02187198 0.283696 0.02195596 0.309763 0.01374995 0.291385 0.02187198 0.283696 0.02750694 0.297801 0.02195596 0.309763 0.02032995 0.244369 0.009764969 0.262175 0.01156097 0.237877 0.02032995 0.244369 0.01918596 0.262179 0.009764969 0.262175 0.02187198 0.283696 0.009764969 0.262175 0.01918596 0.262179 0.02187198 0.283696 0.01373797 0.291357 0.009764969 0.262175 0.306396 0.925256 0.300367 0.945589 0.291823 0.945659 0.291823 0.945659 0.300367 0.945589 0.309018 0.957702 0.291823 0.945659 0.309018 0.957702 0.306396 0.966063 0.306396 0.966063 0.309018 0.957702 0.323017 0.953075 0.306396 0.966063 0.323017 0.953075 0.329975 0.958269 0.329975 0.933049 0.329975 0.958269 0.323017 0.953075 0.329975 0.933049 0.323017 0.953075 0.323017 0.938103 0.306396 0.925256 0.329975 0.933049 0.323017 0.938103 0.306396 0.925256 0.323017 0.938103 0.309019 0.933476 0.306396 0.925256 0.309019 0.933476 0.300367 0.945589 0.309018 0.957702 0.300367 0.945589 0.309019 0.933476 0.309018 0.957702 0.309019 0.933476 0.323017 0.938103 0.309018 0.957702 0.323017 0.938103 0.323017 0.953075 0.309018 0.957702 0.300367 0.945589 0.309019 0.933476 0.306396 0.925256 0.309019 0.933476 0.300367 0.945589 0.306396 0.925256 0.300367 0.945589 0.291823 0.945659 0.291823 0.945659 0.300367 0.945589 0.309018 0.957702 0.291823 0.945659 0.309018 0.957702 0.306396 0.966063 0.306396 0.966063 0.309018 0.957702 0.323017 0.953075 0.306396 0.966063 0.323017 0.953075 0.329975 0.958269 0.329975 0.933049 0.329975 0.958269 0.323017 0.953075 0.329975 0.933049 0.323017 0.953075 0.323017 0.938103 0.306396 0.925256 0.329975 0.933049 0.323017 0.938103 0.306396 0.925256 0.323017 0.938103 0.309019 0.933476 0.309018 0.957702 0.309019 0.933476 0.323017 0.938103 0.309018 0.957702 0.323017 0.938103 0.323017 0.953075 0.25311 0.214016 0.176373 0.342054 0.237357 0.342271 0.25311 0.214016 0.1471329 0.214016 0.176373 0.342054 0.109247 0.307243 0.176373 0.342054 0.1471329 0.214016 0.109247 0.307243 0.159364 0.385521 0.176373 0.342054 0.104904 0.335581 0.159364 0.385521 0.109247 0.307243 0.104904 0.335581 0.1481429 0.400858 0.159364 0.385521 0.1323429 0.406454 0.1481429 0.400858 0.104904 0.335581 0.1323429 0.406454 0.104904 0.335581 0.1051959 0.359151 0.1323429 0.406454 0.1051959 0.359151 0.111159 0.385177 0.1323429 0.406454 0.111159 0.385177 0.1185899 0.397426 0.309018 0.957702 0.300367 0.945589 0.309019 0.933476 0.306396 0.925256 0.309019 0.933476 0.300367 0.945589 0.306396 0.925256 0.300367 0.945589 0.291823 0.945659 0.291823 0.945659 0.300367 0.945589 0.309018 0.957702 0.291823 0.945659 0.309018 0.957702 0.306396 0.966063 0.306396 0.966063 0.309018 0.957702 0.323017 0.953075 0.306396 0.966063 0.323017 0.953075 0.329975 0.958269 0.329975 0.933049 0.329975 0.958269 0.323017 0.953075 0.329975 0.933049 0.323017 0.953075 0.323017 0.938103 0.306396 0.925256 0.329975 0.933049 0.323017 0.938103 0.306396 0.925256 0.323017 0.938103 0.309019 0.933476 0.309018 0.957702 0.309019 0.933476 0.323017 0.938103 0.309018 0.957702 0.323017 0.938103 0.323017 0.953075 0.322801 0.214016 0.317806 0.342437 0.3401 0.342292 0.322801 0.214016 0.307666 0.214016 0.317806 0.342437 0.307666 0.214016 0.290502 0.342619 0.317806 0.342437 0.307666 0.214016 0.288629 0.214016 0.290502 0.342619 0.269326 0.214016 0.290502 0.342619 0.288629 0.214016 0.269326 0.214016 0.262345 0.342432 0.290502 0.342619 0.25311 0.214016 0.262345 0.342432 0.269326 0.214016 0.25311 0.214016 0.237357 0.342271 0.262345 0.342432 0.309018 0.957702 0.300367 0.945589 0.309019 0.933476 0.306396 0.925256 0.309019 0.933476 0.300367 0.945589 0.306396 0.925256 0.300367 0.945589 0.291823 0.945659 0.291823 0.945659 0.300367 0.945589 0.309018 0.957702 0.291823 0.945659 0.309018 0.957702 0.306396 0.966063 0.306396 0.966063 0.309018 0.957702 0.323017 0.953075 0.306396 0.966063 0.323017 0.953075 0.329975 0.958269 0.329975 0.933049 0.329975 0.958269 0.323017 0.953075 0.329975 0.933049 0.323017 0.953075 0.323017 0.938103 0.306396 0.925256 0.329975 0.933049 0.323017 0.938103 0.306396 0.925256 0.323017 0.938103 0.309019 0.933476 0.309018 0.957702 0.309019 0.933476 0.323017 0.938103 0.309018 0.957702 0.323017 0.938103 0.323017 0.953075 0.111631 0.383141 0.105447 0.339903 0.109981 0.311624 0.111631 0.383141 0.105539 0.357197 0.105447 0.339903 0.173958 0.34831 0.238147 0.209506 0.233497 0.342283 0.173958 0.34831 0.145861 0.213074 0.238147 0.209506 0.109981 0.311624 0.145861 0.213074 0.173958 0.34831 0.109981 0.311624 0.173958 0.34831 0.158389 0.3859 0.111631 0.383141 0.109981 0.311624 0.158389 0.3859 0.111631 0.383141 0.158389 0.3859 0.14724 0.401847 0.111631 0.383141 0.14724 0.401847 0.133113 0.404688 0.111631 0.383141 0.133113 0.404688 0.119117 0.396034 0.08136898 0.31175 0.064125 0.358747 0.07362496 0.312209 0.08136898 0.31175 0.06977796 0.371344 0.064125 0.358747 0.06977796 0.371344 0.05473595 0.370564 0.064125 0.358747 0.06977796 0.371344 0.05444896 0.387034 0.05473595 0.370564 0.04226595 0.375423 0.05473595 0.370564 0.05444896 0.387034 0.04226595 0.375423 0.05444896 0.387034 0.04226595 0.389499 0.030083 0.387033 0.04226595 0.375423 0.04226595 0.389499 0.030083 0.387033 0.02998596 0.370925 0.04226595 0.375423 0.01475495 0.371342 0.02998596 0.370925 0.030083 0.387033 0.01475495 0.371342 0.02126199 0.360141 0.02998596 0.370925 0.003164947 0.311747 0.02126199 0.360141 0.01475495 0.371342 0.003164947 0.311747 0.01168197 0.312253 0.02126199 0.360141 0.464013 0.383141 0.470197 0.339903 0.470106 0.357197 0.464013 0.383141 0.465663 0.311624 0.470197 0.339903 0.337497 0.209506 0.401687 0.34831 0.342148 0.342283 0.337497 0.209506 0.429783 0.213074 0.401687 0.34831 0.401687 0.34831 0.429783 0.213074 0.465663 0.311624 0.401687 0.34831 0.465663 0.311624 0.417255 0.3859 0.464013 0.383141 0.417255 0.3859 0.465663 0.311624 0.464013 0.383141 0.428405 0.401847 0.417255 0.3859 0.464013 0.383141 0.442531 0.404688 0.428405 0.401847 0.464013 0.383141 0.456527 0.396034 0.442531 0.404688 0.300944 0 0.316246 0.04150295 0.300944 0.04150295 0.300944 0 0.316246 0 0.316246 0.04150295 0.316246 0 0.33155 0.04150295 0.316246 0.04150295 0.316246 0 0.33155 0 0.33155 0.04150295 0.33155 0 0.346853 0.04150295 0.33155 0.04150295 0.33155 0 0.346853 0 0.346853 0.04150295 0.346853 0 0.362156 0.04150295 0.346853 0.04150295 0.346853 0 0.362156 0 0.362156 0.04150295 0.377459 0 0.362156 0.04150295 0.362156 0 0.377459 0 0.377459 0.04150295 0.362156 0.04150295 0.17852 0 0.163217 0.04150295 0.163217 0 0.17852 0 0.17852 0.04150295 0.163217 0.04150295 0.193822 0 0.17852 0.04150295 0.17852 0 0.193822 0 0.193822 0.04150295 0.17852 0.04150295 0.209125 0 0.193822 0.04150295 0.193822 0 0.209125 0 0.209125 0.04150295 0.193822 0.04150295 0.2244279 0 0.209125 0.04150295 0.209125 0 0.2244279 0 0.2244279 0.04150295 0.209125 0.04150295 0.239732 0 0.2244279 0.04150295 0.2244279 0 0.239732 0 0.239732 0.04150295 0.2244279 0.04150295 0.255035 0 0.239732 0.04150295 0.239732 0 0.255035 0 0.255035 0.04150295 0.239732 0.04150295 0.270337 0 0.255035 0.04150295 0.255035 0 0.270337 0 0.270337 0.04150295 0.255035 0.04150295 0.285641 0 0.270337 0.04150295 0.270337 0 0.285641 0 0.285641 0.04150295 0.270337 0.04150295 0.300944 0 0.285641 0.04150295 0.285641 0 0.300944 0 0.300944 0.04150295 0.285641 0.04150295 0.129249 0.905649 0.1409389 0.884136 0.154107 0.904472 0.129249 0.905649 0.133631 0.854751 0.1409389 0.884136 0.129249 0.905649 0.118778 0.863543 0.133631 0.854751 0.118778 0.816808 0.133631 0.854751 0.118778 0.863543 0.118778 0.816808 0.133631 0.822135 0.133631 0.854751 0.118778 0.816808 0.1409389 0.79275 0.133631 0.822135 0.118778 0.816808 0.129249 0.774702 0.1409389 0.79275 0.129249 0.774702 0.154107 0.772414 0.1409389 0.79275 0.129249 0.774702 0.148117 0.745563 0.154107 0.772414 0.148117 0.745563 0.170526 0.765157 0.154107 0.772414 0.148117 0.745563 0.171645 0.735165 0.170526 0.765157 0.171645 0.735165 0.186947 0.772414 0.170526 0.765157 0.171645 0.735165 0.195173 0.745563 0.186947 0.772414 0.2140409 0.774702 0.186947 0.772414 0.195173 0.745563 0.2140409 0.774702 0.200114 0.79275 0.186947 0.772414 0.224511 0.816808 0.200114 0.79275 0.2140409 0.774702 0.224511 0.816808 0.207421 0.822135 0.200114 0.79275 0.224511 0.816808 0.207421 0.854751 0.207421 0.822135 0.224511 0.816808 0.224511 0.863544 0.207421 0.854751 0.2140409 0.905649 0.207421 0.854751 0.224511 0.863544 0.2140409 0.905649 0.200114 0.884136 0.207421 0.854751 0.195173 0.934788 0.200114 0.884136 0.2140409 0.905649 0.195173 0.934788 0.186947 0.904472 0.200114 0.884136 0.171645 0.945189 0.186947 0.904472 0.195173 0.934788 0.171645 0.945189 0.170526 0.911731 0.186947 0.904472 0.171645 0.945189 0.154107 0.904472 0.170526 0.911731 0.171645 0.945189 0.148117 0.934788 0.154107 0.904472 0.129249 0.905649 0.154107 0.904472 0.148117 0.934788 0.309018 0.957702 0.300367 0.945589 0.309019 0.933476 0.306396 0.925256 0.309019 0.933476 0.300367 0.945589 0.306396 0.925256 0.300367 0.945589 0.291823 0.945659 0.291823 0.945659 0.300367 0.945589 0.309018 0.957702 0.291823 0.945659 0.309018 0.957702 0.306396 0.966063 0.306396 0.966063 0.309018 0.957702 0.323017 0.953075 0.306396 0.966063 0.323017 0.953075 0.329975 0.958269 0.329975 0.933049 0.329975 0.958269 0.323017 0.953075 0.329975 0.933049 0.323017 0.953075 0.323017 0.938103 0.306396 0.925256 0.329975 0.933049 0.323017 0.938103 0.306396 0.925256 0.323017 0.938103 0.309019 0.933476 0.309018 0.957702 0.309019 0.933476 0.323017 0.938103 0.309018 0.957702 0.323017 0.938103 0.323017 0.953075 0.251053 0.875274 0.224511 0.863544 0.224511 0.816808 0.235326 0.938519 0.224511 0.863544 0.251053 0.875274 0.235326 0.938519 0.2140409 0.905649 0.224511 0.863544 0.235326 0.938519 0.195173 0.934788 0.2140409 0.905649 0.235326 0.938519 0.206986 0.982288 0.195173 0.934788 0.206986 0.982288 0.171645 0.945189 0.195173 0.934788 0.206986 0.982288 0.171645 0.99791 0.171645 0.945189 0.171645 0.99791 0.148117 0.934788 0.171645 0.945189 0.171645 0.99791 0.136305 0.982287 0.148117 0.934788 0.107964 0.938519 0.148117 0.934788 0.136305 0.982287 0.107964 0.938519 0.129249 0.905649 0.148117 0.934788 0.107964 0.938519 0.118778 0.863543 0.129249 0.905649 0.107964 0.938519 0.09223699 0.875274 0.118778 0.863543 0.09223699 0.875274 0.118778 0.816808 0.118778 0.863543 0.09223699 0.875274 0.09223699 0.805075 0.118778 0.816808 0.107964 0.741831 0.118778 0.816808 0.09223699 0.805075 0.107964 0.741831 0.129249 0.774702 0.118778 0.816808 0.136305 0.698063 0.129249 0.774702 0.107964 0.741831 0.136305 0.698063 0.148117 0.745563 0.129249 0.774702 0.171645 0.682443 0.148117 0.745563 0.136305 0.698063 0.171645 0.682443 0.171645 0.735165 0.148117 0.745563 0.171645 0.682443 0.195173 0.745563 0.171645 0.735165 0.171645 0.682443 0.206986 0.698062 0.195173 0.745563 0.235326 0.741831 0.195173 0.745563 0.206986 0.698062 0.235326 0.741831 0.2140409 0.774702 0.195173 0.745563 0.235326 0.741831 0.224511 0.816808 0.2140409 0.774702 0.235326 0.741831 0.251053 0.805075 0.224511 0.816808 0.251053 0.875274 0.224511 0.816808 0.251053 0.805075 0.309018 0.957702 0.300367 0.945589 0.309019 0.933476 0.306396 0.925256 0.309019 0.933476 0.300367 0.945589 0.306396 0.925256 0.300367 0.945589 0.291823 0.945659 0.291823 0.945659 0.300367 0.945589 0.309018 0.957702 0.291823 0.945659 0.309018 0.957702 0.306396 0.966063 0.306396 0.966063 0.309018 0.957702 0.323017 0.953075 0.306396 0.966063 0.323017 0.953075 0.329975 0.958269 0.329975 0.933049 0.329975 0.958269 0.323017 0.953075 0.329975 0.933049 0.323017 0.953075 0.323017 0.938103 0.306396 0.925256 0.329975 0.933049 0.323017 0.938103 0.306396 0.925256 0.323017 0.938103 0.309019 0.933476 0.309018 0.957702 0.309019 0.933476 0.323017 0.938103 0.309018 0.957702 0.323017 0.938103 0.323017 0.953075 0.360775 0.741222 0.333845 0.641325 0.351455 0.634671 0.360775 0.741222 0.333845 0.745903 0.333845 0.641325 0.360775 0.741222 0.383762 0.783384 0.353637 0.783384 0.360775 0.741222 0.386167 0.739538 0.383762 0.783384 0.413374 0.737733 0.383762 0.783384 0.386167 0.739538 0.413374 0.737733 0.416043 0.783384 0.383762 0.783384 0.427205 0.807077 0.409458 0.830219 0.407691 0.892487 0.409458 0.830219 0.399793 0.892487 0.407691 0.892487 0.399793 0.892487 0.408401 0.955385 0.407691 0.892487 0.42575 0.979468 0.407691 0.892487 0.408401 0.955385 0.42575 0.979468 0.448862 0.98452 0.407691 0.892487 0.42575 0.979468 0.448862 0.989516 0.448862 0.98452 0.448862 0.892487 0.448862 0.98452 0.492015 0.892487 0.472975 0.980484 0.492015 0.892487 0.448862 0.98452 0.448862 0.989516 0.472975 0.980484 0.448862 0.98452 0.448862 1 0.472975 0.980484 0.448862 0.989516 0.42575 0.979468 0.448862 1 0.448862 0.989516 0.42575 0.979468 0.421402 0.988649 0.448862 1 0.408401 0.955385 0.421402 0.988649 0.42575 0.979468 0.408401 0.955385 0.394522 0.961501 0.421402 0.988649 0.408401 0.955385 0.384986 0.951428 0.394522 0.961501 0.399793 0.892487 0.384986 0.951428 0.408401 0.955385 0.399793 0.892487 0.382625 0.915701 0.384986 0.951428 0.399793 0.892487 0.382941 0.878286 0.382625 0.915701 0.383035 0.86726 0.382941 0.878286 0.399793 0.892487 0.399793 0.892487 0.385999 0.831661 0.383035 0.86726 0.399793 0.892487 0.409458 0.830219 0.385999 0.831661 0.395698 0.822186 0.385999 0.831661 0.409458 0.830219 0.409458 0.830219 0.423024 0.796371 0.395698 0.822186 0.409458 0.830219 0.427205 0.807077 0.423024 0.796371 0.427205 0.807077 0.448862 0.786589 0.423024 0.796371 0.448862 0.892487 0.492015 0.892487 0.448862 0.808965 0.448862 1 0.477599 0.99009 0.472975 0.980484 0.448862 0.808965 0.474429 0.808093 0.448862 0.79822 0.492015 0.892487 0.474429 0.808093 0.448862 0.808965 0.492015 0.892487 0.493147 0.832038 0.474429 0.808093 0.492015 0.892487 0.503179 0.892487 0.493147 0.832038 0.492091 0.957204 0.503179 0.892487 0.492015 0.892487 0.472975 0.980484 0.492091 0.957204 0.492015 0.892487 0.477599 0.99009 0.492091 0.957204 0.472975 0.980484 0.477599 0.99009 0.500359 0.964074 0.492091 0.957204 0.492091 0.957204 0.500359 0.964074 0.511809 0.918837 0.492091 0.957204 0.511809 0.918837 0.503179 0.892487 0.511809 0.918837 0.512138 0.879889 0.503179 0.892487 0.503179 0.892487 0.512138 0.879889 0.512218 0.870396 0.512218 0.870396 0.493147 0.832038 0.503179 0.892487 0.512218 0.870396 0.501535 0.824759 0.493147 0.832038 0.493147 0.832038 0.501535 0.824759 0.479221 0.797812 0.493147 0.832038 0.479221 0.797812 0.474429 0.808093 0.474429 0.808093 0.479221 0.797812 0.448862 0.786589 0.474429 0.808093 0.448862 0.786589 0.448862 0.79822 0.427205 0.807077 0.448862 0.79822 0.448862 0.786589 0.448862 0.79822 0.427205 0.807077 0.448862 0.808965 0.427205 0.807077 0.407691 0.892487 0.448862 0.808965 0.448862 0.808965 0.407691 0.892487 0.448862 0.892487 0.407691 0.892487 0.448862 0.98452 0.448862 0.892487 0.309018 0.957702 0.300367 0.945589 0.309019 0.933476 0.306396 0.925256 0.309019 0.933476 0.300367 0.945589 0.306396 0.925256 0.300367 0.945589 0.291823 0.945659 0.291823 0.945659 0.300367 0.945589 0.309018 0.957702 0.291823 0.945659 0.309018 0.957702 0.306396 0.966063 0.306396 0.966063 0.309018 0.957702 0.323017 0.953075 0.306396 0.966063 0.323017 0.953075 0.329975 0.958269 0.329975 0.933049 0.329975 0.958269 0.323017 0.953075 0.329975 0.933049 0.323017 0.953075 0.323017 0.938103 0.306396 0.925256 0.329975 0.933049 0.323017 0.938103 0.306396 0.925256 0.323017 0.938103 0.309019 0.933476 0.309018 0.957702 0.309019 0.933476 0.323017 0.938103 0.309018 0.957702 0.323017 0.938103 0.323017 0.953075 0.158535 0.569204 0.1641319 0.569204 0.164138 0.578456 0.158535 0.569204 0.164138 0.578456 0.1585389 0.578456 0.150849 0.578456 0.158535 0.569204 0.1585389 0.578456 0.150849 0.578456 0.150669 0.569204 0.158535 0.569204 0.150849 0.578456 0.148698 0.569204 0.150669 0.569204 0.150849 0.578456 0.148908 0.578456 0.148698 0.569204 0.04949897 0.446846 0.09667998 0.585541 0.09667998 0.456418 0.04949897 0.446846 0.04949897 0.585541 0.09667998 0.585541 0.002974987 0.446846 0.04949897 0.585541 0.04949897 0.446846 0.002974987 0.446846 0.002974987 0.585541 0.04949897 0.585541 0.002974987 0.446846 0.04949897 0.585541 0.002974987 0.585541 0.002974987 0.446846 0.04949897 0.446846 0.04949897 0.585541 0.04949897 0.446846 0.09667998 0.585541 0.04949897 0.585541 0.04949897 0.446846 0.09667998 0.456418 0.09667998 0.585541 0.712334 0.452396 0.696793 0.406009 0.712334 0.380668 0.712334 0.380668 0.696793 0.406009 0.673389 0.340836 0.712334 0.380668 0.673389 0.340836 0.715832 0.300304 0.715832 0.300304 0.673389 0.340836 0.645764 0.266493 0.715832 0.300304 0.645764 0.266493 0.720168 0.2145079 0.720168 0.2145079 0.645764 0.266493 0.634613 0.237352 0.720168 0.2145079 0.634613 0.237352 0.716721 0.159165 0.716721 0.159165 0.633981 0.188476 0.71553 0.128733 0.716721 0.159165 0.634613 0.237352 0.633981 0.188476 0.634613 0.237352 0.566203 0.321687 0.633981 0.188476 0.634613 0.237352 0.57852 0.346094 0.566203 0.321687 0.645764 0.266493 0.57852 0.346094 0.634613 0.237352 0.645764 0.266493 0.598873 0.374525 0.57852 0.346094 0.673389 0.340836 0.598873 0.374525 0.645764 0.266493 0.673389 0.340836 0.643002 0.415249 0.598873 0.374525 0.696793 0.406009 0.643002 0.415249 0.673389 0.340836 0.696793 0.406009 0.677943 0.451918 0.643002 0.415249 0.712334 0.452396 0.677943 0.451918 0.696793 0.406009 0.677943 0.451918 0.712334 0.452396 0.712334 0.50934 0.71553 0.128733 0.631988 0.03455895 0.705859 0.015531 0.71553 0.128733 0.633981 0.188476 0.631988 0.03455895 0.610711 0.106055 0.631988 0.03455895 0.633981 0.188476 0.554239 0.306092 0.610711 0.106055 0.633981 0.188476 0.554239 0.306092 0.633981 0.188476 0.566203 0.321687 0.53249 0.509455 0.554239 0.306092 0.566203 0.321687 0.53249 0.509455 0.566203 0.321687 0.549504 0.50699 0.57852 0.346094 0.549504 0.50699 0.566203 0.321687 0.57852 0.346094 0.563557 0.509533 0.549504 0.50699 0.598873 0.374525 0.563557 0.509533 0.57852 0.346094 0.598873 0.374525 0.582464 0.509622 0.563557 0.509533 0.643002 0.415249 0.582464 0.509622 0.598873 0.374525 0.643002 0.415249 0.631944 0.508757 0.582464 0.509622 0.677943 0.451918 0.631944 0.508757 0.643002 0.415249 0.677943 0.451918 0.670974 0.50934 0.631944 0.508757 0.677943 0.451918 0.712334 0.50934 0.670974 0.50934 0.712334 0.50934 0.677562 0.567615 0.670974 0.50934 0.712334 0.50934 0.712334 0.568284 0.677562 0.567615 0.582464 0.509622 0.631944 0.508757 0.643155 0.605539 0.582464 0.509622 0.643155 0.605539 0.604266 0.644913 0.604266 0.644913 0.563557 0.509533 0.582464 0.509622 0.604266 0.644913 0.585688 0.676596 0.563557 0.509533 0.585688 0.676596 0.549504 0.50699 0.563557 0.509533 0.585688 0.676596 0.573701 0.700021 0.549504 0.50699 0.573701 0.700021 0.53249 0.509455 0.549504 0.50699 0.573701 0.700021 0.553826 0.722634 0.53249 0.509455 0.631944 0.508757 0.670974 0.50934 0.677562 0.567615 0.631944 0.508757 0.677562 0.567615 0.643155 0.605539 0.643155 0.605539 0.677562 0.567615 0.696108 0.614488 0.643155 0.605539 0.696108 0.614488 0.672875 0.679218 0.604266 0.644913 0.643155 0.605539 0.672875 0.679218 0.604266 0.644913 0.672875 0.679218 0.643744 0.752436 0.643744 0.752436 0.585688 0.676596 0.604266 0.644913 0.643744 0.752436 0.631605 0.79814 0.585688 0.676596 0.631605 0.79814 0.573701 0.700021 0.585688 0.676596 0.631605 0.79814 0.622195 0.832908 0.573701 0.700021 0.622195 0.832908 0.553826 0.722634 0.573701 0.700021 0.622195 0.832908 0.606567 0.890841 0.553826 0.722634 0.696108 0.614488 0.677562 0.567615 0.712334 0.568284 0.696108 0.614488 0.712334 0.568284 0.712334 0.640637 0.672875 0.679218 0.696108 0.614488 0.712334 0.640637 0.672875 0.679218 0.712334 0.640637 0.716664 0.721822 0.643744 0.752436 0.672875 0.679218 0.716664 0.721822 0.643744 0.752436 0.716664 0.721822 0.713973 0.810851 0.713973 0.810851 0.631605 0.79814 0.643744 0.752436 0.713973 0.810851 0.712127 0.875303 0.631605 0.79814 0.712127 0.875303 0.622195 0.832908 0.631605 0.79814 0.712127 0.875303 0.710754 0.924571 0.622195 0.832908 0.606567 0.890841 0.622195 0.832908 0.710754 0.924571 0.606567 0.890841 0.710754 0.924571 0.70183 0.977699 0.306396 0.925256 0.309019 0.933476 0.300367 0.945589 0.306396 0.925256 0.300367 0.945589 0.291823 0.945659 0.291823 0.945659 0.300367 0.945589 0.309018 0.957702 0.291823 0.945659 0.309018 0.957702 0.306396 0.966063 0.306396 0.966063 0.309018 0.957702 0.323017 0.953075 0.306396 0.966063 0.323017 0.953075 0.329975 0.958269 0.329975 0.933049 0.329975 0.958269 0.323017 0.953075 0.329975 0.933049 0.323017 0.953075 0.323017 0.938103 0.306396 0.925256 0.329975 0.933049 0.323017 0.938103 0.306396 0.925256 0.323017 0.938103 0.309019 0.933476 0.309018 0.957702 0.309019 0.933476 0.323017 0.938103 0.309018 0.957702 0.300367 0.945589 0.309019 0.933476 0.309018 0.957702 0.323017 0.938103 0.323017 0.953075 0.306396 0.925256 0.300367 0.945589 0.291823 0.945659 0.291823 0.945659 0.300367 0.945589 0.309018 0.957702 0.291823 0.945659 0.309018 0.957702 0.306396 0.966063 0.306396 0.966063 0.309018 0.957702 0.323017 0.953075 0.306396 0.966063 0.323017 0.953075 0.329975 0.958269 0.329975 0.933049 0.329975 0.958269 0.323017 0.953075 0.329975 0.933049 0.323017 0.953075 0.323017 0.938103 0.306396 0.925256 0.329975 0.933049 0.323017 0.938103 0.306396 0.925256 0.323017 0.938103 0.309019 0.933476 0.306396 0.925256 0.309019 0.933476 0.300367 0.945589 0.309018 0.957702 0.300367 0.945589 0.309019 0.933476 0.309018 0.957702 0.309019 0.933476 0.323017 0.938103 0.309018 0.957702 0.323017 0.938103 0.323017 0.953075 0.309018 0.957702 0.300367 0.945589 0.309019 0.933476 0.306396 0.925256 0.309019 0.933476 0.300367 0.945589 0.306396 0.925256 0.300367 0.945589 0.291823 0.945659 0.291823 0.945659 0.300367 0.945589 0.309018 0.957702 0.291823 0.945659 0.309018 0.957702 0.306396 0.966063 0.306396 0.966063 0.309018 0.957702 0.323017 0.953075 0.306396 0.966063 0.323017 0.953075 0.329975 0.958269 0.329975 0.933049 0.329975 0.958269 0.323017 0.953075 0.329975 0.933049 0.323017 0.953075 0.323017 0.938103 0.306396 0.925256 0.329975 0.933049 0.323017 0.938103 0.306396 0.925256 0.323017 0.938103 0.309019 0.933476 0.309018 0.957702 0.309019 0.933476 0.323017 0.938103 0.309018 0.957702 0.323017 0.938103 0.323017 0.953075 0.465047 0.532843 0.46145 0.46397 0.507691 0.46397 0.465047 0.532843 0.507691 0.46397 0.512558 0.585541 0.465047 0.532843 0.512558 0.585541 0.464455 0.585541 0.464455 0.585541 0.413471 0.532843 0.465047 0.532843 0.464455 0.585541 0.413471 0.585541 0.413471 0.532843 0.362487 0.585541 0.413471 0.532843 0.413471 0.585541 0.362487 0.585541 0.361896 0.532843 0.413471 0.532843 0.361896 0.532843 0.362487 0.585541 0.314781 0.585541 0.176418 0.460045 0.09667998 0.585541 0.09667998 0.456418 0.176418 0.460045 0.175715 0.585541 0.09667998 0.585541 0.256338 0.585541 0.175715 0.585541 0.176418 0.460045 0.256338 0.585541 0.176418 0.460045 0.256451 0.459688 0.314781 0.585541 0.256338 0.585541 0.256451 0.459688 0.314781 0.585541 0.256451 0.459688 0.316236 0.456973 0.361896 0.532843 0.314781 0.585541 0.316236 0.456973 0.361896 0.532843 0.316236 0.456973 0.365493 0.46397 0.365493 0.46397 0.381521 0.46632 0.361896 0.532843 0.381521 0.46632 0.395416 0.497397 0.361896 0.532843 0.361896 0.532843 0.395416 0.497397 0.40519 0.526767 0.40519 0.526767 0.413471 0.532843 0.361896 0.532843 0.40519 0.526767 0.41344 0.531905 0.413471 0.532843 0.413471 0.532843 0.41344 0.531905 0.421864 0.528512 0.413471 0.532843 0.421864 0.528512 0.465047 0.532843 0.465047 0.532843 0.421864 0.528512 0.430455 0.497255 0.447428 0.46397 0.465047 0.532843 0.430455 0.497255 0.46145 0.46397 0.465047 0.532843 0.447428 0.46397 0.163217 0.04150295 0.17852 0 0.163217 0 0.163217 0.04150295 0.17852 0.04150295 0.17852 0 0.17852 0.04150295 0.193822 0 0.17852 0 0.17852 0.04150295 0.193822 0.04150295 0.193822 0 0.193822 0.04150295 0.209125 0 0.193822 0 0.193822 0.04150295 0.209125 0.04150295 0.209125 0 0.209125 0.04150295 0.2244279 0 0.209125 0 0.209125 0.04150295 0.2244279 0.04150295 0.2244279 0 0.2244279 0.04150295 0.239732 0 0.2244279 0 0.2244279 0.04150295 0.239732 0.04150295 0.239732 0 0.239732 0.04150295 0.255035 0 0.239732 0 0.239732 0.04150295 0.255035 0.04150295 0.255035 0 0.255035 0.04150295 0.270337 0 0.255035 0 0.255035 0.04150295 0.270337 0.04150295 0.270337 0 0.270337 0.04150295 0.285641 0 0.270337 0 0.270337 0.04150295 0.285641 0.04150295 0.285641 0 0.285641 0.04150295 0.300944 0 0.285641 0 0.285641 0.04150295 0.300944 0.04150295 0.300944 0 0.300944 0 0.300944 0.04150295 0.316246 0.04150295 0.300944 0 0.316246 0.04150295 0.316246 0 0.316246 0 0.316246 0.04150295 0.33155 0.04150295 0.316246 0 0.33155 0.04150295 0.33155 0 0.33155 0 0.33155 0.04150295 0.346853 0.04150295 0.33155 0 0.346853 0.04150295 0.346853 0 0.346853 0 0.346853 0.04150295 0.362156 0.04150295 0.346853 0 0.362156 0.04150295 0.362156 0 0.362156 0.04150295 0.377459 0 0.362156 0 0.362156 0.04150295 0.377459 0.04150295 0.377459 0 0.72022 0.574252 0.757726 0.586745 0.72022 0.59156 0.72022 0.574252 0.757726 0.574252 0.757726 0.586745 0.72022 0.50934 0.757726 0.574252 0.72022 0.574252 0.72022 0.50934 0.757726 0.50934 0.757726 0.574252 0.72022 0.50934 0.757726 0.493817 0.757726 0.50934 0.72022 0.50934 0.72022 0.49427 0.757726 0.493817 0.207421 0.854751 0.2140409 0.905649 0.224511 0.863544 0.207421 0.854751 0.200114 0.884136 0.2140409 0.905649 0.200114 0.884136 0.195173 0.934788 0.2140409 0.905649 0.200114 0.884136 0.186947 0.904472 0.195173 0.934788 0.186947 0.904472 0.171645 0.945189 0.195173 0.934788 0.186947 0.904472 0.170526 0.911731 0.171645 0.945189 0.171645 0.945189 0.170526 0.911731 0.154107 0.904472 0.171645 0.945189 0.154107 0.904472 0.148117 0.934788 0.154107 0.904472 0.129249 0.905649 0.148117 0.934788 0.154107 0.904472 0.1409389 0.884136 0.129249 0.905649 0.129249 0.905649 0.1409389 0.884136 0.133631 0.854751 0.129249 0.905649 0.133631 0.854751 0.118778 0.863543 0.133631 0.854751 0.118778 0.816808 0.118778 0.863543 0.133631 0.854751 0.133631 0.822135 0.118778 0.816808 0.118778 0.816808 0.133631 0.822135 0.1409389 0.79275 0.118778 0.816808 0.1409389 0.79275 0.129249 0.774702 0.129249 0.774702 0.1409389 0.79275 0.154107 0.772414 0.129249 0.774702 0.154107 0.772414 0.148117 0.745563 0.148117 0.745563 0.154107 0.772414 0.170526 0.765157 0.148117 0.745563 0.170526 0.765157 0.171645 0.735165 0.171645 0.735165 0.170526 0.765157 0.186947 0.772414 0.171645 0.735165 0.186947 0.772414 0.195173 0.745563 0.186947 0.772414 0.2140409 0.774702 0.195173 0.745563 0.186947 0.772414 0.200114 0.79275 0.2140409 0.774702 0.200114 0.79275 0.224511 0.816808 0.2140409 0.774702 0.200114 0.79275 0.207421 0.822135 0.224511 0.816808 0.207421 0.822135 0.224511 0.863544 0.224511 0.816808 0.207421 0.822135 0.207421 0.854751 0.224511 0.863544 0.766124 0.50934 0.757726 0.574252 0.757726 0.50934 0.766124 0.50934 0.766124 0.574252 0.757726 0.574252 0.766124 0.574252 0.757726 0.586745 0.757726 0.574252 0.766124 0.574252 0.766124 0.587528 0.757726 0.586745 0.757726 0.586745 0.766124 0.587528 0.766124 0.653074 0.757726 0.586745 0.766124 0.653074 0.757726 0.653074 0.766124 0.653074 0.760789 0.721822 0.757726 0.653074 0.766124 0.653074 0.769186 0.721822 0.760789 0.721822 0.774618 0.810851 0.760789 0.721822 0.769186 0.721822 0.774618 0.810851 0.76622 0.810851 0.760789 0.721822 0.774618 0.810851 0.767886 0.875303 0.76622 0.810851 0.774618 0.810851 0.776284 0.875303 0.767886 0.875303 0.776284 0.875303 0.768725 0.924571 0.767886 0.875303 0.776284 0.875303 0.777123 0.924571 0.768725 0.924571 0.778396 0.978514 0.768725 0.924571 0.777123 0.924571 0.778396 0.978514 0.769999 0.978514 0.768725 0.924571 0.778396 0.978514 0.770438 0.993634 0.769999 0.978514 0.778396 0.978514 0.778836 0.992295 0.770438 0.993634 0.771322 0.01737397 0.764784 0.007073998 0.773182 0.007073998 0.771322 0.01737397 0.762924 0.01737397 0.764784 0.007073998 0.771322 0.01737397 0.764613 0.130227 0.762924 0.01737397 0.771322 0.01737397 0.77301 0.130227 0.764613 0.130227 0.771989 0.160659 0.764613 0.130227 0.77301 0.130227 0.771989 0.160659 0.763592 0.160659 0.764613 0.130227 0.767202 0.2145079 0.763592 0.160659 0.771989 0.160659 0.767202 0.2145079 0.758804 0.2145079 0.763592 0.160659 0.767202 0.2145079 0.756007 0.289027 0.758804 0.2145079 0.767202 0.2145079 0.764405 0.289027 0.756007 0.289027 0.766124 0.366751 0.756007 0.289027 0.764405 0.289027 0.766124 0.366751 0.757726 0.366751 0.756007 0.289027 0.766124 0.366751 0.757726 0.445885 0.757726 0.366751 0.766124 0.366751 0.766124 0.445885 0.757726 0.445885 0.766124 0.494102 0.757726 0.445885 0.766124 0.445885 0.766124 0.494102 0.757726 0.493817 0.757726 0.445885 0.766124 0.50934 0.757726 0.493817 0.766124 0.494102 0.766124 0.50934 0.757726 0.50934 0.757726 0.493817 0.236245 0.865896 0.22259 0.935816 0.219229 0.929892 0.203391 0.956941 0.219229 0.929892 0.22259 0.935816 0.203391 0.956941 0.201211 0.949718 0.219229 0.929892 0.1679649 0.97013 0.201211 0.949718 0.203391 0.956941 0.1679649 0.97013 0.1679649 0.962095 0.201211 0.949718 0.1679649 0.97013 0.134719 0.949718 0.1679649 0.962095 0.1679649 0.97013 0.13254 0.956941 0.134719 0.949718 0.13254 0.956941 0.116702 0.929892 0.134719 0.949718 0.13254 0.956941 0.113341 0.935816 0.116702 0.929892 0.09968596 0.865896 0.116702 0.929892 0.113341 0.935816 0.09968596 0.865896 0.103887 0.864274 0.116702 0.929892 0.103241 0.798447 0.103887 0.864274 0.09968596 0.865896 0.103241 0.798447 0.107224 0.800975 0.103887 0.864274 0.103241 0.798447 0.1194339 0.751575 0.107224 0.800975 0.103241 0.798447 0.116252 0.745808 0.1194339 0.751575 0.116252 0.745808 0.140712 0.726206 0.1194339 0.751575 0.116252 0.745808 0.138925 0.718775 0.140712 0.726206 0.138925 0.718775 0.1679649 0.716982 0.140712 0.726206 0.138925 0.718775 0.1679649 0.708947 0.1679649 0.716982 0.197006 0.718775 0.1679649 0.716982 0.1679649 0.708947 0.197006 0.718775 0.195219 0.726206 0.1679649 0.716982 0.2196789 0.745808 0.195219 0.726206 0.197006 0.718775 0.2196789 0.745808 0.216497 0.751575 0.195219 0.726206 0.232689 0.798447 0.216497 0.751575 0.2196789 0.745808 0.232689 0.798447 0.228707 0.800975 0.216497 0.751575 0.232689 0.798447 0.232044 0.864274 0.228707 0.800975 0.232689 0.798447 0.236245 0.865896 0.232044 0.864274 0.236245 0.865896 0.219229 0.929892 0.232044 0.864274 0.309018 0.957702 0.300367 0.945589 0.309019 0.933476 0.306396 0.925256 0.309019 0.933476 0.300367 0.945589 0.306396 0.925256 0.300367 0.945589 0.291823 0.945659 0.291823 0.945659 0.300367 0.945589 0.309018 0.957702 0.291823 0.945659 0.309018 0.957702 0.306396 0.966063 0.306396 0.966063 0.309018 0.957702 0.323017 0.953075 0.306396 0.966063 0.323017 0.953075 0.329975 0.958269 0.329975 0.933049 0.329975 0.958269 0.323017 0.953075 0.329975 0.933049 0.323017 0.953075 0.323017 0.938103 0.306396 0.925256 0.329975 0.933049 0.323017 0.938103 0.306396 0.925256 0.323017 0.938103 0.309019 0.933476 0.309018 0.957702 0.309019 0.933476 0.323017 0.938103 0.309018 0.957702 0.323017 0.938103 0.323017 0.953075 0.09300196 0.136004 0.162708 0.185012 0.08808696 0.209636 0.162708 0.185012 0.211889 0.169389 0.185912 0.177641 0.162708 0.185012 0.231522 0.05870199 0.211889 0.169389 0.231522 0.05870199 0.162708 0.185012 0.152253 0.09669899 0.09300196 0.136004 0.152253 0.09669899 0.162708 0.185012 0.09300196 0.136004 0.144167 0.01581096 0.152253 0.09669899 0.09300196 0.136004 0.07700997 0.04488295 0.144167 0.01581096 0.377809 0.185012 0.447558 0.136865 0.452355 0.2104769 0.397582 0.01619499 0.464602 0.04643595 0.447558 0.136865 0.397582 0.01619499 0.447558 0.136865 0.388419 0.09690499 0.377809 0.185012 0.388419 0.09690499 0.447558 0.136865 0.388419 0.09690499 0.377809 0.185012 0.308995 0.05870199 0.328628 0.169389 0.308995 0.05870199 0.377809 0.185012 0.328628 0.169389 0.377809 0.185012 0.355793 0.178019 0.309018 0.957702 0.300367 0.945589 0.309019 0.933476 0.306396 0.925256 0.309019 0.933476 0.300367 0.945589 0.306396 0.925256 0.300367 0.945589 0.291823 0.945659 0.291823 0.945659 0.300367 0.945589 0.309018 0.957702 0.291823 0.945659 0.309018 0.957702 0.306396 0.966063 0.306396 0.966063 0.309018 0.957702 0.323017 0.953075 0.306396 0.966063 0.323017 0.953075 0.329975 0.958269 0.329975 0.933049 0.329975 0.958269 0.323017 0.953075 0.329975 0.933049 0.323017 0.953075 0.323017 0.938103 0.306396 0.925256 0.329975 0.933049 0.323017 0.938103 0.306396 0.925256 0.323017 0.938103 0.309019 0.933476 0.309018 0.957702 0.309019 0.933476 0.323017 0.938103 0.309018 0.957702 0.323017 0.938103 0.323017 0.953075 0.310323 0.340874 0.337497 0.209506 0.342148 0.342283 0.310323 0.340874 0.309152 0.208415 0.337497 0.209506 0.287822 0.340433 0.309152 0.208415 0.310323 0.340874 0.287822 0.340433 0.287822 0.20851 0.309152 0.208415 0.287822 0.340433 0.266492 0.208415 0.287822 0.20851 0.287822 0.340433 0.265322 0.340874 0.266492 0.208415 0.238147 0.209506 0.266492 0.208415 0.265322 0.340874 0.238147 0.209506 0.265322 0.340874 0.233497 0.342283 0.309018 0.957702 0.300367 0.945589 0.309019 0.933476 0.306396 0.925256 0.309019 0.933476 0.300367 0.945589 0.306396 0.925256 0.300367 0.945589 0.291823 0.945659 0.291823 0.945659 0.300367 0.945589 0.309018 0.957702 0.291823 0.945659 0.309018 0.957702 0.306396 0.966063 0.306396 0.966063 0.309018 0.957702 0.323017 0.953075 0.306396 0.966063 0.323017 0.953075 0.329975 0.958269 0.329975 0.933049 0.329975 0.958269 0.323017 0.953075 0.329975 0.933049 0.323017 0.953075 0.323017 0.938103 0.306396 0.925256 0.329975 0.933049 0.323017 0.938103 0.306396 0.925256 0.323017 0.938103 0.309019 0.933476 0.309018 0.957702 0.309019 0.933476 0.323017 0.938103 0.309018 0.957702 0.323017 0.938103 0.323017 0.953075 0.384181 0.59659 0.351455 0.634671 0.352249 0.59659 0.384181 0.59659 0.383656 0.63843 0.351455 0.634671 0.418397 0.59659 0.383656 0.63843 0.384181 0.59659 0.418397 0.59659 0.41816 0.642458 0.383656 0.63843 0.309018 0.957702 0.300367 0.945589 0.309019 0.933476 0.306396 0.925256 0.309019 0.933476 0.300367 0.945589 0.306396 0.925256 0.300367 0.945589 0.291823 0.945659 0.291823 0.945659 0.300367 0.945589 0.309018 0.957702 0.291823 0.945659 0.309018 0.957702 0.306396 0.966063 0.306396 0.966063 0.309018 0.957702 0.323017 0.953075 0.306396 0.966063 0.323017 0.953075 0.329975 0.958269 0.329975 0.933049 0.329975 0.958269 0.323017 0.953075 0.329975 0.933049 0.323017 0.953075 0.323017 0.938103 0.306396 0.925256 0.329975 0.933049 0.323017 0.938103 0.306396 0.925256 0.323017 0.938103 0.309019 0.933476 0.309018 0.957702 0.309019 0.933476 0.323017 0.938103 0.309018 0.957702 0.323017 0.938103 0.323017 0.953075 0.383656 0.63843 0.360775 0.741222 0.351455 0.634671 0.383656 0.63843 0.386167 0.739538 0.360775 0.741222 0.41816 0.642458 0.386167 0.739538 0.383656 0.63843 0.41816 0.642458 0.413374 0.737733 0.386167 0.739538 0.309018 0.957702 0.300367 0.945589 0.309019 0.933476 0.306396 0.925256 0.309019 0.933476 0.300367 0.945589 0.306396 0.925256 0.300367 0.945589 0.291823 0.945659 0.291823 0.945659 0.300367 0.945589 0.309018 0.957702 0.291823 0.945659 0.309018 0.957702 0.306396 0.966063 0.306396 0.966063 0.309018 0.957702 0.323017 0.953075 0.306396 0.966063 0.323017 0.953075 0.329975 0.958269 0.329975 0.933049 0.329975 0.958269 0.323017 0.953075 0.329975 0.933049 0.323017 0.953075 0.323017 0.938103 0.306396 0.925256 0.329975 0.933049 0.323017 0.938103 0.306396 0.925256 0.323017 0.938103 0.309019 0.933476 0.309018 0.957702 0.309019 0.933476 0.323017 0.938103 0.309018 0.957702 0.323017 0.938103 0.323017 0.953075 0.154107 0.904472 0.1409389 0.884136 0.170526 0.838443 0.1409389 0.884136 0.133631 0.854751 0.170526 0.838443 0.133631 0.854751 0.133631 0.822135 0.170526 0.838443 0.133631 0.822135 0.1409389 0.79275 0.170526 0.838443 0.1409389 0.79275 0.154107 0.772414 0.170526 0.838443 0.154107 0.772414 0.170526 0.765157 0.170526 0.838443 0.170526 0.765157 0.186947 0.772414 0.170526 0.838443 0.186947 0.772414 0.200114 0.79275 0.170526 0.838443 0.200114 0.79275 0.207421 0.822135 0.170526 0.838443 0.207421 0.822135 0.207421 0.854751 0.170526 0.838443 0.207421 0.854751 0.200114 0.884136 0.170526 0.838443 0.200114 0.884136 0.186947 0.904472 0.170526 0.838443 0.186947 0.904472 0.170526 0.911731 0.170526 0.838443 0.170526 0.911731 0.154107 0.904472 0.170526 0.838443 0.009504973 0.182743 0.003650963 0.115275 0.01272296 0.117362 0.009504973 0.182743 2.97e-4 0.182393 0.003650963 0.115275 0.008654952 0.199133 2.97e-4 0.182393 0.009504973 0.182743 0.008654952 0.199133 3.46e-4 0.19932 2.97e-4 0.182393 3.46e-4 0.19932 0.008654952 0.199133 0.007772982 0.20875 3.46e-4 0.19932 0.007772982 0.20875 6.28e-4 0.209185 0.005669951 0.2248679 6.28e-4 0.209185 0.007772982 0.20875 0.005669951 0.2248679 7.97e-4 0.225457 6.28e-4 0.209185 7.97e-4 0.225457 0.005669951 0.2248679 0.005391955 0.235891 7.97e-4 0.225457 0.005391955 0.235891 7.2e-4 0.23662 0.004646956 0.252036 7.2e-4 0.23662 0.005391955 0.235891 0.004646956 0.252036 4.15e-4 0.25288 7.2e-4 0.23662 0 0.268695 4.15e-4 0.25288 0.004646956 0.252036 0 0.268695 0.004646956 0.252036 0.004326999 0.269308 3.86e-4 0.284159 0 0.268695 0.004326999 0.269308 3.86e-4 0.284159 0.004326999 0.269308 0.006899952 0.284982 0.006899952 0.284982 0.003164947 0.311747 3.86e-4 0.284159 0.006899952 0.284982 0.01168197 0.312253 0.003164947 0.311747 0.309018 0.957702 0.300367 0.945589 0.309019 0.933476 0.306396 0.925256 0.309019 0.933476 0.300367 0.945589 0.306396 0.925256 0.300367 0.945589 0.291823 0.945659 0.291823 0.945659 0.300367 0.945589 0.309018 0.957702 0.291823 0.945659 0.309018 0.957702 0.306396 0.966063 0.306396 0.966063 0.309018 0.957702 0.323017 0.953075 0.306396 0.966063 0.323017 0.953075 0.329975 0.958269 0.329975 0.933049 0.329975 0.958269 0.323017 0.953075 0.329975 0.933049 0.323017 0.953075 0.323017 0.938103 0.306396 0.925256 0.329975 0.933049 0.323017 0.938103 0.306396 0.925256 0.323017 0.938103 0.309019 0.933476 0.309018 0.957702 0.309019 0.933476 0.323017 0.938103 0.309018 0.957702 0.323017 0.938103 0.323017 0.953075 0.07872796 0.284847 0.08136898 0.31175 0.07362496 0.312209 0.07872796 0.284847 0.08414798 0.284162 0.08136898 0.31175 0.08130997 0.269155 0.08414798 0.284162 0.07872796 0.284847 0.08130997 0.269155 0.084535 0.268698 0.08414798 0.284162 0.08130997 0.269155 0.08411997 0.252883 0.084535 0.268698 0.08130997 0.269155 0.080136 0.252088 0.08411997 0.252883 0.080136 0.252088 0.08381497 0.236623 0.08411997 0.252883 0.080136 0.252088 0.07935297 0.235927 0.08381497 0.236623 0.07935297 0.235927 0.08373898 0.225461 0.08381497 0.236623 0.07935297 0.235927 0.07916796 0.224907 0.08373898 0.225461 0.07916796 0.224907 0.08390796 0.209188 0.08373898 0.225461 0.07916796 0.224907 0.07686996 0.208759 0.08390796 0.209188 0.07686996 0.208759 0.08419001 0.199324 0.08390796 0.209188 0.07686996 0.208759 0.07597696 0.199138 0.08419001 0.199324 0.07597696 0.199138 0.084239 0.1823959 0.08419001 0.199324 0.07597696 0.199138 0.07525497 0.1827369 0.084239 0.1823959 0.07525497 0.1827369 0.080886 0.115278 0.084239 0.1823959 0.07525497 0.1827369 0.07237595 0.117235 0.080886 0.115278 0.309018 0.957702 0.300367 0.945589 0.309019 0.933476 0.306396 0.925256 0.309019 0.933476 0.300367 0.945589 0.306396 0.925256 0.300367 0.945589 0.291823 0.945659 0.291823 0.945659 0.300367 0.945589 0.309018 0.957702 0.291823 0.945659 0.309018 0.957702 0.306396 0.966063 0.306396 0.966063 0.309018 0.957702 0.323017 0.953075 0.306396 0.966063 0.323017 0.953075 0.329975 0.958269 0.329975 0.933049 0.329975 0.958269 0.323017 0.953075 0.329975 0.933049 0.323017 0.953075 0.323017 0.938103 0.306396 0.925256 0.329975 0.933049 0.323017 0.938103 0.306396 0.925256 0.323017 0.938103 0.309019 0.933476 0.309018 0.957702 0.309019 0.933476 0.323017 0.938103 0.309018 0.957702 0.323017 0.938103 0.323017 0.953075 0.080886 0.115278 0.07237595 0.117235 0.06056499 0.02627599 0.080886 0.115278 0.06056499 0.02627599 0.06729698 0.02098196 0.05381196 0.006411969 0.06729698 0.02098196 0.06056499 0.02627599 0.05381196 0.006411969 0.06056499 0.02627599 0.05245399 0.020271 0.05381196 0.006411969 0.05245399 0.020271 0.04227 0.016559 0.05381196 0.006411969 0.04227 0.016559 0.04227 0.003956973 0.04227 0.016559 0.03072696 0.006410956 0.04227 0.003956973 0.04227 0.016559 0.03187596 0.01813399 0.03072696 0.006410956 0.02451795 0.02565097 0.03072696 0.006410956 0.03187596 0.01813399 0.02451795 0.02565097 0.01724195 0.02098 0.03072696 0.006410956 0.02451795 0.02565097 0.003650963 0.115275 0.01724195 0.02098 0.02451795 0.02565097 0.01272296 0.117362 0.003650963 0.115275 0.775813 0.445885 0.766124 0.366751 0.775813 0.366751 0.775813 0.445885 0.766124 0.445885 0.766124 0.366751 0.775813 0.445885 0.766124 0.494102 0.766124 0.445885 0.775813 0.445885 0.775813 0.494305 0.766124 0.494102 0.40184 0.352139 0.322801 0.214016 0.3401 0.342292 0.40184 0.352139 0.428605 0.214016 0.322801 0.214016 0.467092 0.314395 0.428605 0.214016 0.40184 0.352139 0.467092 0.314395 0.40184 0.352139 0.418901 0.390868 0.418901 0.390868 0.471242 0.337375 0.467092 0.314395 0.418901 0.390868 0.429934 0.405851 0.471242 0.337375 0.471242 0.337375 0.429934 0.405851 0.44473 0.408046 0.471242 0.337375 0.44473 0.408046 0.470672 0.359198 0.44473 0.408046 0.463095 0.385282 0.470672 0.359198 0.44473 0.408046 0.456014 0.398567 0.463095 0.385282 0.775813 0.653074 0.766124 0.587528 0.775813 0.58658 0.775813 0.653074 0.766124 0.653074 0.766124 0.587528 0.778875 0.721822 0.766124 0.653074 0.775813 0.653074 0.778875 0.721822 0.769186 0.721822 0.766124 0.653074 0.778875 0.721822 0.774618 0.810851 0.769186 0.721822 0.778875 0.721822 0.784307 0.810851 0.774618 0.810851 0.785973 0.875303 0.774618 0.810851 0.784307 0.810851 0.785973 0.875303 0.776284 0.875303 0.774618 0.810851 0.785973 0.875303 0.777123 0.924571 0.776284 0.875303 0.785973 0.875303 0.786812 0.924571 0.777123 0.924571 0.327306 0.384863 0.309747 0.35468 0.331924 0.360925 0.327306 0.384863 0.305456 0.388014 0.309747 0.35468 0.305456 0.388014 0.327306 0.384863 0.316236 0.456973 0.305456 0.388014 0.316236 0.456973 0.299052 0.408854 0.316236 0.456973 0.256504 0.431077 0.299052 0.408854 0.316236 0.456973 0.256451 0.459688 0.256504 0.431077 0.1763679 0.431683 0.256504 0.431077 0.256451 0.459688 0.1763679 0.431683 0.256451 0.459688 0.176418 0.460045 0.176418 0.460045 0.110011 0.409229 0.1763679 0.431683 0.176418 0.460045 0.09667998 0.456418 0.110011 0.409229 0.08486396 0.383946 0.110011 0.409229 0.09667998 0.456418 0.08486396 0.383946 0.102572 0.385978 0.110011 0.409229 0.08486396 0.383946 0.09633499 0.344728 0.102572 0.385978 0.08486396 0.383946 0.07991498 0.346163 0.09633499 0.344728 0.09633499 0.344728 0.07991498 0.346163 0.08486396 0.383946 0.09633499 0.344728 0.08486396 0.383946 0.102572 0.385978 0.110011 0.409229 0.102572 0.385978 0.08486396 0.383946 0.110011 0.409229 0.08486396 0.383946 0.09667998 0.456418 0.176418 0.460045 0.110011 0.409229 0.09667998 0.456418 0.176418 0.460045 0.1763679 0.431683 0.110011 0.409229 0.256451 0.459688 0.1763679 0.431683 0.176418 0.460045 0.256451 0.459688 0.256504 0.431077 0.1763679 0.431683 0.256504 0.431077 0.256451 0.459688 0.316236 0.456973 0.256504 0.431077 0.316236 0.456973 0.299052 0.408854 0.305456 0.388014 0.299052 0.408854 0.316236 0.456973 0.305456 0.388014 0.316236 0.456973 0.327306 0.384863 0.327306 0.384863 0.309747 0.35468 0.305456 0.388014 0.327306 0.384863 0.331924 0.360925 0.309747 0.35468 0.395416 0.497397 0.411488 0.505831 0.40519 0.526767 0.395416 0.497397 0.404415 0.480884 0.411488 0.505831 0.381521 0.46632 0.404415 0.480884 0.395416 0.497397 0.381521 0.46632 0.393596 0.452016 0.404415 0.480884 0.716664 0.721822 0.712334 0.640637 0.72022 0.653074 0.712334 0.640637 0.72022 0.59156 0.72022 0.653074 0.712334 0.640637 0.712334 0.568284 0.72022 0.59156 0.72022 0.574252 0.72022 0.59156 0.712334 0.568284 0.712334 0.50934 0.72022 0.574252 0.712334 0.568284 0.712334 0.50934 0.72022 0.50934 0.72022 0.574252 0.72022 0.50934 0.712334 0.50934 0.72022 0.49427 0.72022 0.49427 0.712334 0.50934 0.712334 0.452396 0.72022 0.49427 0.712334 0.452396 0.72022 0.445885 0.712334 0.380668 0.72022 0.445885 0.712334 0.452396 0.712334 0.380668 0.72022 0.366751 0.72022 0.445885 0.715832 0.300304 0.72022 0.366751 0.712334 0.380668 0.715832 0.300304 0.722812 0.289027 0.72022 0.366751 0.715832 0.300304 0.720168 0.2145079 0.722812 0.289027 0.314781 0.585541 0.316236 0.456973 0.256451 0.459688 0.314781 0.585541 0.256451 0.459688 0.256338 0.585541 0.176418 0.460045 0.256338 0.585541 0.256451 0.459688 0.176418 0.460045 0.175715 0.585541 0.256338 0.585541 0.176418 0.460045 0.09667998 0.585541 0.175715 0.585541 0.176418 0.460045 0.09667998 0.456418 0.09667998 0.585541 0.776891 0.2145079 0.781799 0.301504 0.774094 0.289027 0.781799 0.301504 0.775813 0.366751 0.774094 0.289027 0.781799 0.301504 0.784519 0.381973 0.775813 0.366751 0.784519 0.381973 0.775813 0.445885 0.775813 0.366751 0.784519 0.381973 0.784519 0.4537 0.775813 0.445885 0.784519 0.4537 0.775813 0.494305 0.775813 0.445885 0.784519 0.4537 0.784519 0.50934 0.775813 0.494305 0.775813 0.50934 0.775813 0.494305 0.784519 0.50934 0.784519 0.50934 0.775813 0.574252 0.775813 0.50934 0.784519 0.50934 0.784519 0.569589 0.775813 0.574252 0.775813 0.574252 0.784519 0.569589 0.775813 0.58658 0.775813 0.58658 0.784519 0.569589 0.784519 0.641942 0.775813 0.58658 0.784519 0.641942 0.775813 0.653074 0.784519 0.641942 0.778875 0.721822 0.775813 0.653074 0.44479 0.676088 0.471218 0.682498 0.465424 0.737871 0.44479 0.676088 0.465424 0.737871 0.44479 0.731462 0.465424 0.737871 0.44479 0.760955 0.44479 0.731462 0.465424 0.737871 0.465079 0.767055 0.44479 0.760955 0.492198 0.737871 0.465079 0.767055 0.465424 0.737871 0.492198 0.737871 0.492945 0.767055 0.465079 0.767055 0.513163 0.760877 0.492945 0.767055 0.492198 0.737871 0.513163 0.760877 0.492198 0.737871 0.513163 0.73139 0.492198 0.737871 0.513163 0.675904 0.513163 0.73139 0.492198 0.737871 0.486739 0.682386 0.513163 0.675904 0.72022 0.445885 0.757726 0.493817 0.72022 0.49427 0.72022 0.445885 0.757726 0.445885 0.757726 0.493817 0.72022 0.366751 0.757726 0.445885 0.72022 0.445885 0.72022 0.366751 0.757726 0.366751 0.757726 0.445885 0.72022 0.366751 0.756007 0.289027 0.757726 0.366751 0.72022 0.366751 0.722812 0.289027 0.756007 0.289027 0.720168 0.2145079 0.756007 0.289027 0.722812 0.289027 0.720168 0.2145079 0.758804 0.2145079 0.756007 0.289027 0.716721 0.159165 0.758804 0.2145079 0.720168 0.2145079 0.716721 0.159165 0.763592 0.160659 0.758804 0.2145079 0.764613 0.130227 0.763592 0.160659 0.716721 0.159165 0.764613 0.130227 0.716721 0.159165 0.71553 0.128733 0.308315 0.597135 0.327175 0.671491 0.327396 0.597135 0.308315 0.597135 0.308 0.671491 0.327175 0.671491 0.288292 0.597135 0.308 0.671491 0.308315 0.597135 0.288292 0.597135 0.288323 0.671491 0.308 0.671491 0.288292 0.597135 0.268425 0.671491 0.288323 0.671491 0.288292 0.597135 0.267936 0.597135 0.268425 0.671491 0.267936 0.597135 0.248463 0.671491 0.268425 0.671491 0.267936 0.597135 0.247745 0.597135 0.248463 0.671491 0.247745 0.597135 0.227455 0.671491 0.248463 0.671491 0.247745 0.597135 0.226828 0.597135 0.227455 0.671491 0.226828 0.597135 0.20636 0.671491 0.227455 0.671491 0.226828 0.597135 0.206151 0.597135 0.20636 0.671491 0.185119 0.671491 0.20636 0.671491 0.206151 0.597135 0.185119 0.671491 0.206151 0.597135 0.185377 0.597135 0.163591 0.671491 0.185119 0.671491 0.185377 0.597135 0.163591 0.671491 0.185377 0.597135 0.164094 0.597135 0.164094 0.597135 0.142915 0.671491 0.163591 0.671491 0.164094 0.597135 0.143344 0.597135 0.142915 0.671491 0.122156 0.597135 0.142915 0.671491 0.143344 0.597135 0.122156 0.597135 0.122121 0.671491 0.142915 0.671491 0.122156 0.597135 0.101467 0.671491 0.122121 0.671491 0.122156 0.597135 0.10106 0.597135 0.101467 0.671491 0.08063095 0.597135 0.101467 0.671491 0.10106 0.597135 0.08063095 0.597135 0.081263 0.671491 0.101467 0.671491 0.081263 0.671491 0.08063095 0.597135 0.05990499 0.597135 0.081263 0.671491 0.05990499 0.597135 0.06051498 0.671491 0.06051498 0.671491 0.05990499 0.597135 0.040012 0.597135 0.06051498 0.671491 0.040012 0.597135 0.04041898 0.671491 0.02048099 0.597135 0.04041898 0.671491 0.040012 0.597135 0.02048099 0.597135 0.02072095 0.671491 0.04041898 0.671491 0.00109297 0.597135 0.02072095 0.671491 0.02048099 0.597135 0.00109297 0.597135 0.001432955 0.671491 0.02072095 0.671491 0.712127 0.875303 0.768725 0.924571 0.710754 0.924571 0.712127 0.875303 0.767886 0.875303 0.768725 0.924571 0.76622 0.810851 0.767886 0.875303 0.712127 0.875303 0.76622 0.810851 0.712127 0.875303 0.713973 0.810851 0.760789 0.721822 0.76622 0.810851 0.713973 0.810851 0.760789 0.721822 0.713973 0.810851 0.716664 0.721822 0.72022 0.653074 0.760789 0.721822 0.716664 0.721822 0.72022 0.653074 0.757726 0.653074 0.760789 0.721822 0.72022 0.59156 0.757726 0.653074 0.72022 0.653074 0.72022 0.59156 0.757726 0.586745 0.757726 0.653074 0.05393797 0.279017 0.05490297 0.303861 0.05001395 0.285957 0.05393797 0.279017 0.06201899 0.292339 0.05490297 0.303861 0.05001395 0.285957 0.04413598 0.309333 0.04387396 0.289312 0.05001395 0.285957 0.05482995 0.303979 0.04413598 0.309333 0.03873997 0.287426 0.04403799 0.309382 0.03519195 0.306242 0.03873997 0.287426 0.04387396 0.289312 0.04403799 0.309382 0.03484398 0.28164 0.03509396 0.306207 0.028162 0.296553 0.03484398 0.28164 0.03873997 0.287426 0.03509396 0.306207 0.03198695 0.273846 0.02811598 0.296489 0.02278095 0.282939 0.03198695 0.273846 0.03484398 0.28164 0.02811598 0.296489 0.055893 0.270909 0.06204396 0.292243 0.05393797 0.279017 0.055893 0.270909 0.06587195 0.278089 0.06204396 0.292243 0.03063499 0.262193 0.02127897 0.2450709 0.03117698 0.252608 0.03063499 0.262193 0.02020698 0.262179 0.02127897 0.2450709 0.03063499 0.262193 0.022753 0.282867 0.02020698 0.262179 0.03063499 0.262193 0.03198695 0.273846 0.022753 0.282867 0.03117698 0.252608 0.02561599 0.2305099 0.03348296 0.244273 0.03117698 0.252608 0.02129799 0.245008 0.02561599 0.2305099 0.03348296 0.244273 0.03311794 0.219469 0.037633 0.2377679 0.03348296 0.244273 0.02566999 0.230431 0.03311794 0.219469 0.037633 0.2377679 0.04408597 0.21507 0.04390096 0.235141 0.037633 0.2377679 0.03322499 0.219426 0.04408597 0.21507 0.04884195 0.237553 0.04417097 0.215109 0.05276298 0.218973 0.04884195 0.237553 0.04390096 0.235141 0.04417097 0.215109 0.05249398 0.243598 0.05282598 0.21907 0.05940496 0.22905 0.05249398 0.243598 0.04884195 0.237553 0.05282598 0.21907 0.05523496 0.251951 0.05944395 0.2291589 0.06460899 0.243443 0.05523496 0.251951 0.05249398 0.243598 0.05944395 0.2291589 0.05624395 0.262203 0.06587499 0.278016 0.055893 0.270909 0.05624395 0.262203 0.06667995 0.262198 0.06587499 0.278016 0.05624395 0.262203 0.06461697 0.243521 0.06667995 0.262198 0.05624395 0.262203 0.05523496 0.251951 0.06461697 0.243521 0.08627998 0.936846 0.08652198 0.951448 0.09091895 0.942677 0.08825999 0.956347 0.08652198 0.951448 0.08105498 0.962355 0.09091895 0.942677 0.08652198 0.951448 0.08825999 0.956347 0.09091895 0.942677 0.08825999 0.956347 0.09404897 0.951518 0.09519499 0.961998 0.09404897 0.951518 0.08825999 0.956347 0.09519499 0.961998 0.08825999 0.956347 0.08889997 0.962163 0.09418898 0.972522 0.09519499 0.961998 0.08889997 0.962163 0.09418898 0.972522 0.08889997 0.962163 0.08834397 0.968 0.09118896 0.981494 0.09418898 0.972522 0.08834397 0.968 0.09118896 0.981494 0.08834397 0.968 0.086681 0.97298 0.08665096 0.987561 0.09118896 0.981494 0.086681 0.97298 0.08665096 0.987561 0.086681 0.97298 0.08416199 0.976344 0.08125799 0.989801 0.08665096 0.987561 0.08416199 0.976344 0.08125799 0.989801 0.08416199 0.976344 0.08117097 0.977582 0.07582998 0.987864 0.08125799 0.989801 0.08117097 0.977582 0.07582998 0.987864 0.08117097 0.977582 0.07815796 0.9765 0.07582998 0.987864 0.07815796 0.9765 0.07558697 0.973262 0.07558697 0.973262 0.07815796 0.9765 0.08105498 0.962355 0.07384896 0.968363 0.07558697 0.973262 0.08105498 0.962355 0.07815796 0.9765 0.08117097 0.977582 0.08105498 0.962355 0.08117097 0.977582 0.08416199 0.976344 0.08105498 0.962355 0.08416199 0.976344 0.086681 0.97298 0.08105498 0.962355 0.086681 0.97298 0.08834397 0.968 0.08105498 0.962355 0.08834397 0.968 0.08889997 0.962163 0.08105498 0.962355 0.08889997 0.962163 0.08825999 0.956347 0.08105498 0.962355 0.06691497 0.962712 0.06806099 0.973192 0.07384896 0.968363 0.06806099 0.973192 0.07558697 0.973262 0.07384896 0.968363 0.06806099 0.973192 0.07119095 0.982033 0.07558697 0.973262 0.07582998 0.987864 0.07558697 0.973262 0.07119095 0.982033 0.07321 0.962547 0.07384896 0.968363 0.08105498 0.962355 0.06691497 0.962712 0.07384896 0.968363 0.07321 0.962547 0.06691497 0.962712 0.07321 0.962547 0.07376497 0.95671 0.06691497 0.962712 0.07376497 0.95671 0.06792098 0.952188 0.06792098 0.952188 0.07376497 0.95671 0.07542896 0.95173 0.06792098 0.952188 0.07542896 0.95173 0.070921 0.943216 0.070921 0.943216 0.07542896 0.95173 0.07794797 0.948366 0.070921 0.943216 0.07794797 0.948366 0.075459 0.93715 0.075459 0.93715 0.07794797 0.948366 0.08093798 0.947128 0.075459 0.93715 0.08093798 0.947128 0.08085095 0.93491 0.08627998 0.936846 0.08085095 0.93491 0.08093798 0.947128 0.08627998 0.936846 0.08093798 0.947128 0.08395099 0.94821 0.08627998 0.936846 0.08395099 0.94821 0.08652198 0.951448 0.08652198 0.951448 0.08395099 0.94821 0.08105498 0.962355 0.08395099 0.94821 0.08093798 0.947128 0.08105498 0.962355 0.08093798 0.947128 0.07794797 0.948366 0.08105498 0.962355 0.07794797 0.948366 0.07542896 0.95173 0.08105498 0.962355 0.07542896 0.95173 0.07376497 0.95671 0.08105498 0.962355 0.07376497 0.95671 0.07321 0.962547 0.08105498 0.962355 0.05523496 0.251951 0.05944395 0.2291589 0.05249398 0.243598 0.05523496 0.251951 0.06460899 0.243443 0.05944395 0.2291589 0.05249398 0.243598 0.05282598 0.21907 0.04884195 0.237553 0.05249398 0.243598 0.05940496 0.22905 0.05282598 0.21907 0.04884195 0.237553 0.04417097 0.215109 0.04390096 0.235141 0.04884195 0.237553 0.05276298 0.218973 0.04417097 0.215109 0.04408597 0.21507 0.037633 0.2377679 0.04390096 0.235141 0.04408597 0.21507 0.03322499 0.219426 0.037633 0.2377679 0.03311794 0.219469 0.03348296 0.244273 0.037633 0.2377679 0.03311794 0.219469 0.02566999 0.230431 0.03348296 0.244273 0.02561599 0.2305099 0.03117698 0.252608 0.03348296 0.244273 0.02561599 0.2305099 0.02129799 0.245008 0.03117698 0.252608 0.03063499 0.262193 0.022753 0.282867 0.03198695 0.273846 0.03063499 0.262193 0.02020698 0.262179 0.022753 0.282867 0.02127897 0.2450709 0.02020698 0.262179 0.03063499 0.262193 0.02127897 0.2450709 0.03063499 0.262193 0.03117698 0.252608 0.03198695 0.273846 0.02811598 0.296489 0.03484398 0.28164 0.03198695 0.273846 0.02278095 0.282939 0.02811598 0.296489 0.03484398 0.28164 0.03509396 0.306207 0.03873997 0.287426 0.03484398 0.28164 0.028162 0.296553 0.03509396 0.306207 0.03873997 0.287426 0.04403799 0.309382 0.04387396 0.289312 0.03873997 0.287426 0.03519195 0.306242 0.04403799 0.309382 0.04413598 0.309333 0.05001395 0.285957 0.04387396 0.289312 0.04413598 0.309333 0.05482995 0.303979 0.05001395 0.285957 0.05490297 0.303861 0.05393797 0.279017 0.05001395 0.285957 0.05490297 0.303861 0.06201899 0.292339 0.05393797 0.279017 0.06204396 0.292243 0.055893 0.270909 0.05393797 0.279017 0.06204396 0.292243 0.06587195 0.278089 0.055893 0.270909 0.06587499 0.278016 0.05624395 0.262203 0.055893 0.270909 0.06587499 0.278016 0.06667995 0.262198 0.05624395 0.262203 0.05624395 0.262203 0.06667995 0.262198 0.06461697 0.243521 0.05624395 0.262203 0.06461697 0.243521 0.05523496 0.251951 0.07794797 0.948366 0.08105498 0.962355 0.07542896 0.95173 0.08093798 0.947128 0.08105498 0.962355 0.07794797 0.948366 0.08395099 0.94821 0.08105498 0.962355 0.08093798 0.947128 0.07794797 0.948366 0.07542896 0.95173 0.070921 0.943216 0.07794797 0.948366 0.070921 0.943216 0.075459 0.93715 0.08093798 0.947128 0.07794797 0.948366 0.075459 0.93715 0.08093798 0.947128 0.075459 0.93715 0.08085095 0.93491 0.08627998 0.936846 0.08093798 0.947128 0.08085095 0.93491 0.08627998 0.936846 0.08395099 0.94821 0.08093798 0.947128 0.08652198 0.951448 0.08395099 0.94821 0.08627998 0.936846 0.08652198 0.951448 0.08105498 0.962355 0.08395099 0.94821 0.08825999 0.956347 0.08105498 0.962355 0.08652198 0.951448 0.08889997 0.962163 0.08105498 0.962355 0.08825999 0.956347 0.08889997 0.962163 0.08825999 0.956347 0.09404897 0.951518 0.08889997 0.962163 0.09404897 0.951518 0.09519499 0.961998 0.09418898 0.972522 0.08889997 0.962163 0.09519499 0.961998 0.09418898 0.972522 0.08834397 0.968 0.08889997 0.962163 0.08834397 0.968 0.08105498 0.962355 0.08889997 0.962163 0.086681 0.97298 0.08105498 0.962355 0.08834397 0.968 0.08416199 0.976344 0.08105498 0.962355 0.086681 0.97298 0.08117097 0.977582 0.08105498 0.962355 0.08416199 0.976344 0.07815796 0.9765 0.08105498 0.962355 0.08117097 0.977582 0.07558697 0.973262 0.08105498 0.962355 0.07815796 0.9765 0.07384896 0.968363 0.08105498 0.962355 0.07558697 0.973262 0.09404897 0.951518 0.08825999 0.956347 0.08652198 0.951448 0.09404897 0.951518 0.08652198 0.951448 0.09091895 0.942677 0.08652198 0.951448 0.08627998 0.936846 0.09091895 0.942677 0.09118896 0.981494 0.08834397 0.968 0.09418898 0.972522 0.09118896 0.981494 0.086681 0.97298 0.08834397 0.968 0.08665096 0.987561 0.086681 0.97298 0.09118896 0.981494 0.08665096 0.987561 0.08416199 0.976344 0.086681 0.97298 0.08125799 0.989801 0.08416199 0.976344 0.08665096 0.987561 0.08125799 0.989801 0.08117097 0.977582 0.08416199 0.976344 0.07582998 0.987864 0.08117097 0.977582 0.08125799 0.989801 0.07582998 0.987864 0.07815796 0.9765 0.08117097 0.977582 0.07119095 0.982033 0.07815796 0.9765 0.07582998 0.987864 0.07119095 0.982033 0.07558697 0.973262 0.07815796 0.9765 0.06806099 0.973192 0.07558697 0.973262 0.07119095 0.982033 0.06806099 0.973192 0.07384896 0.968363 0.07558697 0.973262 0.07321 0.962547 0.07384896 0.968363 0.06806099 0.973192 0.07321 0.962547 0.08105498 0.962355 0.07384896 0.968363 0.07376497 0.95671 0.08105498 0.962355 0.07321 0.962547 0.07542896 0.95173 0.08105498 0.962355 0.07376497 0.95671 0.07542896 0.95173 0.07376497 0.95671 0.06792098 0.952188 0.07542896 0.95173 0.06792098 0.952188 0.070921 0.943216 0.06792098 0.952188 0.07376497 0.95671 0.07321 0.962547 0.06792098 0.952188 0.07321 0.962547 0.06691497 0.962712 0.07321 0.962547 0.06806099 0.973192 0.06691497 0.962712</float_array>
          <technique_common>
            <accessor source="#fob_e_stickybomb-mesh-map-0-array" count="11643" stride="2">
              <param name="S" type="float"/>
              <param name="T" type="float"/>
            </accessor>
          </technique_common>
        </source>
        <vertices id="fob_e_stickybomb-mesh-vertices">
          <input semantic="POSITION" source="#fob_e_stickybomb-mesh-positions"/>
        </vertices>
        <triangles material="chain_heavy-material" count="2180">
          <input semantic="VERTEX" source="#fob_e_stickybomb-mesh-vertices" offset="0"/>
          <input semantic="NORMAL" source="#fob_e_stickybomb-mesh-normals" offset="1"/>
          <input semantic="TEXCOORD" source="#fob_e_stickybomb-mesh-map-0" offset="2" set="0"/>
          <p>0 0 0 1 1 1 2 2 2 0 0 3 3 3 4 1 1 5 4 4 6 5 5 7 6 6 8 4 4 9 7 7 10 5 5 11 7 7 12 4 4 13 8 8 14 7 7 15 8 8 16 9 9 17 10 10 18 9 9 19 8 8 20 10 10 21 8 8 22 11 11 23 11 11 24 12 12 25 10 10 26 11 11 27 13 13 28 12 12 29 13 13 30 14 14 31 12 12 32 13 13 33 15 15 34 14 14 35 15 15 36 16 16 37 14 14 38 15 15 39 17 17 40 16 16 41 18 18 42 16 16 43 17 17 44 18 18 45 19 19 46 16 16 47 6 6 48 19 19 49 18 18 50 6 6 51 5 5 52 19 19 53 20 20 54 21 21 55 22 22 56 20 20 57 22 22 58 23 23 59 24 24 60 23 23 61 22 22 62 24 24 63 22 22 64 25 25 65 26 26 66 24 24 67 25 25 68 26 26 69 25 25 70 13 13 71 26 26 72 13 13 73 11 11 74 8 8 75 26 26 76 11 11 77 8 8 78 27 27 79 26 26 80 4 4 81 27 27 82 8 8 83 4 4 84 28 28 85 27 27 86 4 4 87 29 29 88 28 28 89 4 4 90 6 6 91 29 29 92 6 6 93 30 30 94 29 29 95 6 6 96 18 18 97 30 30 98 17 17 99 30 30 100 18 18 101 17 17 102 21 21 103 30 30 104 21 21 105 17 17 106 15 15 107 21 21 108 15 15 109 22 22 110 15 15 111 25 25 112 22 22 113 15 15 114 13 13 115 25 25 116 26 26 117 27 27 118 31 31 119 26 26 120 31 31 121 32 32 122 26 26 123 32 32 124 24 24 125 32 32 126 12 12 127 24 24 128 14 14 129 24 24 130 12 12 131 14 14 132 23 23 133 24 24 134 14 14 135 20 20 136 23 23 137 14 14 138 16 16 139 20 20 140 16 16 141 33 33 142 20 20 143 16 16 144 19 19 145 33 33 146 5 5 147 33 33 148 19 19 149 5 5 150 34 34 151 33 33 152 7 7 153 34 34 154 5 5 155 7 7 156 35 35 157 34 34 158 31 31 159 35 35 160 7 7 161 31 31 162 7 7 163 9 9 164 9 9 165 32 32 166 31 31 167 9 9 168 10 10 169 32 32 170 32 32 171 10 10 172 12 12 173 30 30 174 21 21 175 20 20 176 30 30 177 20 20 178 33 33 179 33 33 180 29 29 181 30 30 182 33 33 183 34 34 184 29 29 185 34 34 186 28 28 187 29 29 188 34 34 189 35 35 190 28 28 191 35 35 192 27 27 193 28 28 194 35 35 195 31 31 196 27 27 197 36 36 198 37 37 199 38 38 200 36 36 201 39 39 202 37 37 203 40 40 204 39 39 205 36 36 206 40 40 207 41 41 208 39 39 209 40 40 210 42 42 211 41 41 212 40 40 213 43 43 214 42 42 215 43 43 216 44 44 217 42 42 218 43 43 219 45 45 220 44 44 221 46 46 222 38 38 223 37 37 224 46 46 225 37 37 226 47 47 227 48 48 228 46 46 229 47 47 230 48 48 231 47 47 232 49 49 233 48 48 234 49 49 235 50 50 236 51 51 237 48 48 238 50 50 239 51 51 240 52 52 241 48 48 242 51 51 243 44 44 244 52 52 245 51 51 246 53 53 247 44 44 248 53 53 249 42 42 250 44 44 251 53 53 252 54 54 253 42 42 254 42 42 255 54 54 256 55 55 257 42 42 258 55 55 259 41 41 260 56 56 261 41 41 262 55 55 263 56 56 264 39 39 265 41 41 266 39 39 267 56 56 268 57 57 269 39 39 270 57 57 271 37 37 272 57 57 273 47 47 274 37 37 275 57 57 276 49 49 277 47 47 278 45 45 279 52 52 280 44 44 281 45 45 282 58 58 283 52 52 284 59 59 285 52 52 286 58 58 287 59 59 288 48 48 289 52 52 290 48 48 291 59 59 292 46 46 293 59 59 294 60 60 295 46 46 296 61 61 297 46 46 298 60 60 299 61 61 300 38 38 301 46 46 302 61 61 303 36 36 304 38 38 305 61 61 306 62 62 307 36 36 308 62 62 309 40 40 310 36 36 311 62 62 312 63 63 313 40 40 314 43 43 315 40 40 316 63 63 317 43 43 318 63 63 319 64 64 320 65 65 321 43 43 322 64 64 323 65 65 324 45 45 325 43 43 326 45 45 327 65 65 328 66 66 329 45 45 330 66 66 331 58 58 332 66 66 333 59 59 334 58 58 335 66 66 336 67 67 337 59 59 338 59 59 339 67 67 340 60 60 341 68 68 342 69 69 343 70 70 344 68 68 345 71 71 346 69 69 347 72 72 348 71 71 349 68 68 350 72 72 351 73 73 352 71 71 353 74 74 354 73 73 355 72 72 356 74 74 357 75 75 358 73 73 359 76 76 360 75 75 361 74 74 362 76 76 363 77 77 364 75 75 365 78 78 366 79 79 367 80 80 368 81 81 369 80 80 370 79 79 371 81 81 372 79 79 373 82 82 374 83 83 375 81 81 376 82 82 377 83 83 378 84 84 379 81 81 380 83 83 381 77 77 382 84 84 383 83 83 384 85 85 385 77 77 386 85 85 387 75 75 388 77 77 389 85 85 390 86 86 391 75 75 392 75 75 393 86 86 394 87 87 395 75 75 396 87 87 397 73 73 398 88 88 399 73 73 400 87 87 401 88 88 402 71 71 403 73 73 404 69 69 405 71 71 406 88 88 407 69 69 408 88 88 409 78 78 410 78 78 411 80 80 412 69 69 413 89 89 414 90 90 415 91 91 416 89 89 417 92 92 418 90 90 419 93 93 420 92 92 421 89 89 422 93 93 423 89 89 424 94 94 425 94 94 426 95 95 427 93 93 428 94 94 429 76 76 430 95 95 431 95 95 432 76 76 433 74 74 434 95 95 435 74 74 436 96 96 437 74 74 438 97 97 439 96 96 440 74 74 441 72 72 442 97 97 443 98 98 444 97 97 445 72 72 446 98 98 447 72 72 448 68 68 449 98 98 450 68 68 451 70 70 452 98 98 453 70 70 454 99 99 455 99 99 456 70 70 457 91 91 458 99 99 459 91 91 460 90 90 461 77 77 462 76 76 463 94 94 464 77 77 465 94 94 466 84 84 467 81 81 468 84 84 469 94 94 470 81 81 471 94 94 472 89 89 473 80 80 474 81 81 475 89 89 476 80 80 477 89 89 478 91 91 479 91 91 480 69 69 481 80 80 482 91 91 483 70 70 484 69 69 485 100 100 486 101 101 487 102 102 488 100 100 489 103 103 490 101 101 491 103 103 492 100 100 493 104 104 494 100 100 495 105 105 496 104 104 497 106 106 498 104 104 499 105 105 500 106 106 501 107 107 502 104 104 503 106 106 504 108 108 505 107 107 506 106 106 507 109 109 508 108 108 509 109 109 510 110 110 511 108 108 512 109 109 513 111 111 514 110 110 515 112 112 516 110 110 517 111 111 518 112 112 519 111 111 520 113 113 521 114 114 522 112 112 523 113 113 524 114 114 525 115 115 526 112 112 527 102 102 528 115 115 529 114 114 530 102 102 531 114 114 532 116 116 533 116 116 534 100 100 535 102 102 536 116 116 537 117 117 538 100 100 539 100 100 540 117 117 541 105 105 542 118 118 543 102 102 544 101 101 545 118 118 546 115 115 547 102 102 548 112 112 549 115 115 550 118 118 551 112 112 552 118 118 553 119 119 554 110 110 555 112 112 556 119 119 557 110 110 558 119 119 559 120 120 560 120 120 561 108 108 562 110 110 563 120 120 564 121 121 565 108 108 566 122 122 567 123 123 568 124 124 569 103 103 570 124 124 571 123 123 572 103 103 573 123 123 574 125 125 575 126 126 576 103 103 577 125 125 578 126 126 579 101 101 580 103 103 581 127 127 582 101 101 583 126 126 584 127 127 585 118 118 586 101 101 587 127 127 588 119 119 589 118 118 590 127 127 591 128 128 592 119 119 593 119 119 594 128 128 595 129 129 596 119 119 597 129 129 598 120 120 599 130 130 600 120 120 601 129 129 602 130 130 603 121 121 604 120 120 605 121 121 606 130 130 607 122 122 608 121 121 609 122 122 610 131 131 611 122 122 612 124 124 613 131 131 614 132 132 615 133 133 616 134 134 617 132 132 618 135 135 619 133 133 620 136 136 621 135 135 622 132 132 623 136 136 624 137 137 625 135 135 626 138 138 627 137 137 628 136 136 629 138 138 630 139 139 631 137 137 632 140 140 633 139 139 634 138 138 635 140 140 636 138 138 637 141 141 638 142 142 639 140 140 640 141 141 641 142 142 642 141 141 643 143 143 644 143 143 645 144 144 646 142 142 647 143 143 648 145 145 649 144 144 650 145 145 651 146 146 652 144 144 653 145 145 654 147 147 655 146 146 656 147 147 657 133 133 658 146 146 659 147 147 660 134 134 661 133 133 662 57 57 663 62 62 664 61 61 665 57 57 666 56 56 667 62 62 668 63 63 669 62 62 670 56 56 671 63 63 672 56 56 673 55 55 674 54 54 675 63 63 676 55 55 677 54 54 678 64 64 679 63 63 680 53 53 681 64 64 682 54 54 683 53 53 684 65 65 685 64 64 686 65 65 687 53 53 688 51 51 689 65 65 690 51 51 691 66 66 692 67 67 693 66 66 694 51 51 695 67 67 696 51 51 697 50 50 698 50 50 699 60 60 700 67 67 701 50 50 702 49 49 703 60 60 704 57 57 705 60 60 706 49 49 707 57 57 708 61 61 709 60 60 710 86 86 711 95 95 712 96 96 713 86 86 714 85 85 715 95 95 716 93 93 717 95 95 718 85 85 719 93 93 720 85 85 721 83 83 722 82 82 723 93 93 724 83 83 725 82 82 726 92 92 727 93 93 728 92 92 729 82 82 730 79 79 731 92 92 732 79 79 733 90 90 734 78 78 735 90 90 736 79 79 737 78 78 738 99 99 739 90 90 740 88 88 741 99 99 742 78 78 743 88 88 744 98 98 745 99 99 746 97 97 747 98 98 748 88 88 749 97 97 750 88 88 751 87 87 752 96 96 753 97 97 754 87 87 755 96 96 756 87 87 757 86 86 758 148 148 759 149 149 760 150 150 761 148 148 762 150 150 763 151 151 764 151 151 765 152 152 766 148 148 767 151 151 768 153 153 769 152 152 770 153 153 771 154 154 772 152 152 773 153 153 774 155 155 775 154 154 776 154 154 777 155 155 778 156 156 779 154 154 780 156 156 781 157 157 782 158 158 783 144 144 784 159 159 785 158 158 786 142 142 787 144 144 788 140 140 789 142 142 790 158 158 791 140 140 792 158 158 793 156 156 794 155 155 795 140 140 796 156 156 797 155 155 798 139 139 799 140 140 800 139 139 801 155 155 802 153 153 803 139 139 804 153 153 805 137 137 806 137 137 807 153 153 808 151 151 809 137 137 810 151 151 811 135 135 812 133 133 813 135 135 814 151 151 815 133 133 816 151 151 817 150 150 818 146 146 819 133 133 820 150 150 821 146 146 822 150 150 823 160 160 824 146 146 825 160 160 826 159 159 827 146 146 828 159 159 829 144 144 830 158 158 831 157 157 832 156 156 833 158 158 834 161 161 835 157 157 836 161 161 837 158 158 838 159 159 839 161 161 840 159 159 841 162 162 842 160 160 843 162 162 844 159 159 845 160 160 846 163 163 847 162 162 848 150 150 849 163 163 850 160 160 851 150 150 852 149 149 853 163 163 854 134 134 855 149 149 856 148 148 857 134 134 858 148 148 859 132 132 860 136 136 861 132 132 862 148 148 863 136 136 864 148 148 865 152 152 866 138 138 867 136 136 868 152 152 869 138 138 870 152 152 871 154 154 872 141 141 873 138 138 874 154 154 875 141 141 876 154 154 877 157 157 878 141 141 879 157 157 880 161 161 881 141 141 882 161 161 883 143 143 884 161 161 885 145 145 886 143 143 887 161 161 888 162 162 889 145 145 890 147 147 891 145 145 892 162 162 893 147 147 894 162 162 895 163 163 896 149 149 897 147 147 898 163 163 899 149 149 900 134 134 901 147 147 902 164 164 903 165 165 904 166 166 905 164 164 906 167 167 907 165 165 908 168 168 909 167 167 910 164 164 911 168 168 912 169 169 913 167 167 914 170 170 915 169 169 916 168 168 917 170 170 918 171 171 919 169 169 920 170 170 921 172 172 922 171 171 923 170 170 924 173 173 925 172 172 926 174 174 927 175 175 928 176 176 929 174 174 930 177 177 931 175 175 932 178 178 933 175 175 934 177 177 935 178 178 936 177 177 937 165 165 938 165 165 939 179 179 940 178 178 941 165 165 942 167 167 943 179 179 944 179 179 945 167 167 946 169 169 947 179 179 948 169 169 949 180 180 950 171 171 951 180 180 952 169 169 953 171 171 954 181 181 955 180 180 956 182 182 957 181 181 958 171 171 959 182 182 960 171 171 961 172 172 962 183 183 963 182 182 964 172 172 965 183 183 966 172 172 967 184 184 968 183 183 969 184 184 970 174 174 971 183 183 972 174 174 973 176 176 974 185 185 975 186 186 976 187 187 977 185 185 978 188 188 979 186 186 980 189 189 981 188 188 982 185 185 983 189 189 984 185 185 985 190 190 986 173 173 987 189 189 988 190 190 989 173 173 990 191 191 991 189 189 992 191 191 993 173 173 994 170 170 995 191 191 996 170 170 997 192 192 998 192 192 999 170 170 1000 168 168 1001 192 192 1002 168 168 1003 193 193 1004 194 194 1005 193 193 1006 168 168 1007 194 194 1008 168 168 1009 164 164 1010 195 195 1011 194 194 1012 164 164 1013 195 195 1014 164 164 1015 166 166 1016 195 195 1017 166 166 1018 187 187 1019 195 195 1020 187 187 1021 186 186 1022 172 172 1023 173 173 1024 190 190 1025 172 172 1026 190 190 1027 184 184 1028 185 185 1029 184 184 1030 190 190 1031 185 185 1032 174 174 1033 184 184 1034 177 177 1035 174 174 1036 185 185 1037 177 177 1038 185 185 1039 187 187 1040 187 187 1041 165 165 1042 177 177 1043 187 187 1044 166 166 1045 165 165 1046 196 196 1047 197 197 1048 198 198 1049 196 196 1050 199 199 1051 197 197 1052 200 200 1053 199 199 1054 196 196 1055 200 200 1056 196 196 1057 201 201 1058 202 202 1059 200 200 1060 201 201 1061 202 202 1062 201 201 1063 203 203 1064 203 203 1065 204 204 1066 202 202 1067 203 203 1068 205 205 1069 204 204 1070 205 205 1071 206 206 1072 204 204 1073 205 205 1074 207 207 1075 206 206 1076 207 207 1077 208 208 1078 206 206 1079 207 207 1080 209 209 1081 208 208 1082 210 210 1083 208 208 1084 209 209 1085 210 210 1086 211 211 1087 208 208 1088 197 197 1089 211 211 1090 210 210 1091 197 197 1092 210 210 1093 198 198 1094 178 178 1095 194 194 1096 195 195 1097 178 178 1098 179 179 1099 194 194 1100 193 193 1101 194 194 1102 179 179 1103 193 193 1104 179 179 1105 180 180 1106 192 192 1107 193 193 1108 180 180 1109 192 192 1110 180 180 1111 181 181 1112 182 182 1113 192 192 1114 181 181 1115 182 182 1116 191 191 1117 192 192 1118 189 189 1119 191 191 1120 182 182 1121 189 189 1122 182 182 1123 183 183 1124 188 188 1125 189 189 1126 183 183 1127 188 188 1128 183 183 1129 176 176 1130 176 176 1131 186 186 1132 188 188 1133 176 176 1134 175 175 1135 186 186 1136 178 178 1137 186 186 1138 175 175 1139 178 178 1140 195 195 1141 186 186 1142 212 212 1143 213 213 1144 214 214 1145 212 212 1146 214 214 1147 215 215 1148 216 216 1149 212 212 1150 215 215 1151 216 216 1152 217 217 1153 212 212 1154 216 216 1155 218 218 1156 217 217 1157 216 216 1158 219 219 1159 218 218 1160 219 219 1161 220 220 1162 218 218 1163 219 219 1164 221 221 1165 220 220 1166 209 209 1167 213 213 1168 212 212 1169 209 209 1170 212 212 1171 210 210 1172 217 217 1173 210 210 1174 212 212 1175 217 217 1176 198 198 1177 210 210 1178 196 196 1179 198 198 1180 217 217 1181 196 196 1182 217 217 1183 218 218 1184 196 196 1185 218 218 1186 220 220 1187 196 196 1188 220 220 1189 201 201 1190 201 201 1191 220 220 1192 222 222 1193 201 201 1194 222 222 1195 203 203 1196 203 203 1197 222 222 1198 223 223 1199 203 203 1200 223 223 1201 205 205 1202 207 207 1203 205 205 1204 223 223 1205 207 207 1206 223 223 1207 224 224 1208 224 224 1209 209 209 1210 207 207 1211 224 224 1212 213 213 1213 209 209 1214 225 225 1215 220 220 1216 221 221 1217 225 225 1218 222 222 1219 220 220 1220 222 222 1221 225 225 1222 226 226 1223 222 222 1224 226 226 1225 223 223 1226 227 227 1227 223 223 1228 226 226 1229 227 227 1230 224 224 1231 223 223 1232 214 214 1233 224 224 1234 227 227 1235 214 214 1236 213 213 1237 224 224 1238 225 225 1239 204 204 1240 226 226 1241 225 225 1242 202 202 1243 204 204 1244 200 200 1245 202 202 1246 225 225 1247 200 200 1248 225 225 1249 221 221 1250 219 219 1251 200 200 1252 221 221 1253 219 219 1254 199 199 1255 200 200 1256 199 199 1257 219 219 1258 216 216 1259 199 199 1260 216 216 1261 197 197 1262 197 197 1263 216 216 1264 215 215 1265 197 197 1266 215 215 1267 211 211 1268 208 208 1269 211 211 1270 215 215 1271 208 208 1272 215 215 1273 214 214 1274 206 206 1275 208 208 1276 214 214 1277 206 206 1278 214 214 1279 227 227 1280 206 206 1281 227 227 1282 226 226 1283 206 206 1284 226 226 1285 204 204 1286 228 228 1287 229 229 1288 230 230 1289 228 228 1290 231 231 1291 229 229 1292 231 231 1293 232 232 1294 229 229 1295 231 231 1296 233 233 1297 232 232 1298 232 232 1299 233 233 1300 234 234 1301 232 232 1302 234 234 1303 235 235 1304 236 236 1305 235 235 1306 234 234 1307 236 236 1308 237 237 1309 235 235 1310 236 236 1311 238 238 1312 237 237 1313 236 236 1314 239 239 1315 238 238 1316 228 228 1317 238 238 1318 239 239 1319 228 228 1320 230 230 1321 238 238 1322 240 240 1323 241 241 1324 242 242 1325 243 243 1326 244 244 1327 245 245 1328 243 243 1329 241 241 1330 244 244 1331 243 243 1332 246 246 1333 241 241 1334 242 242 1335 241 241 1336 246 246 1337 242 242 1338 246 246 1339 247 247 1340 246 246 1341 248 248 1342 247 247 1343 246 246 1344 249 249 1345 248 248 1346 249 249 1347 240 240 1348 248 248 1349 249 249 1350 250 250 1351 240 240 1352 240 240 1353 250 250 1354 241 241 1355 244 244 1356 241 241 1357 250 250 1358 244 244 1359 250 250 1360 251 251 1361 251 251 1362 245 245 1363 244 244 1364 251 251 1365 252 252 1366 245 245 1367 245 245 1368 252 252 1369 253 253 1370 254 254 1371 253 253 1372 252 252 1373 254 254 1374 255 255 1375 253 253 1376 256 256 1377 255 255 1378 254 254 1379 256 256 1380 245 245 1381 257 257 1382 243 243 1383 245 245 1384 256 256 1385 243 243 1386 256 256 1387 254 254 1388 243 243 1389 254 254 1390 258 258 1391 258 258 1392 254 254 1393 252 252 1394 258 258 1395 252 252 1396 251 251 1397 250 250 1398 258 258 1399 251 251 1400 250 250 1401 249 249 1402 258 258 1403 249 249 1404 243 243 1405 258 258 1406 249 249 1407 246 246 1408 243 243 1409 256 256 1410 259 259 1411 255 255 1412 256 256 1413 257 257 1414 259 259 1415 259 259 1416 257 257 1417 260 260 1418 259 259 1419 260 260 1420 261 261 1421 262 262 1422 259 259 1423 261 261 1424 262 262 1425 255 255 1426 259 259 1427 263 263 1428 255 255 1429 262 262 1430 263 263 1431 253 253 1432 255 255 1433 257 257 1434 253 253 1435 263 263 1436 245 245 1437 253 253 1438 257 257 1439 257 257 1440 263 263 1441 260 260 1442 264 264 1443 265 265 1444 266 266 1445 264 264 1446 267 267 1447 265 265 1448 264 264 1449 268 268 1450 267 267 1451 264 264 1452 269 269 1453 268 268 1454 270 270 1455 271 271 1456 272 272 1457 270 270 1458 272 272 1459 273 273 1460 274 274 1461 270 270 1462 273 273 1463 274 274 1464 275 275 1465 270 270 1466 274 274 1467 268 276 1468 275 275 1469 274 274 1470 276 277 1471 268 276 1472 267 278 1473 268 276 1474 276 277 1475 267 278 1476 276 277 1477 277 279 1478 278 280 1479 267 278 1480 277 279 1481 278 280 1482 265 281 1483 267 278 1484 272 272 1485 265 281 1486 278 280 1487 272 272 1488 271 271 1489 265 281 1490 279 282 1491 268 283 1492 269 284 1493 279 282 1494 275 285 1495 268 283 1496 265 286 1497 280 287 1498 266 288 1499 265 286 1500 271 289 1501 280 287 1502 276 290 1503 236 291 1504 234 292 1505 276 290 1506 274 293 1507 236 291 1508 278 294 1509 228 295 1510 272 296 1511 278 294 1512 231 297 1513 228 295 1514 237 298 1515 281 299 1516 235 300 1517 237 298 1518 282 301 1519 281 299 1520 229 302 1521 283 303 1522 230 304 1523 229 302 1524 284 305 1525 283 303 1526 281 306 1527 285 307 1528 286 308 1529 281 306 1530 282 309 1531 285 307 1532 284 310 1533 287 311 1534 0 312 1535 284 310 1536 288 313 1537 287 311 1538 281 314 1539 287 311 1540 288 313 1541 281 314 1542 286 315 1543 287 311 1544 289 316 1545 275 317 1546 279 318 1547 289 316 1548 270 319 1549 275 317 1550 289 316 1551 271 320 1552 270 319 1553 289 316 1554 280 321 1555 271 320 1556 284 322 1557 2 323 1558 283 324 1559 284 322 1560 0 325 1561 2 323 1562 282 326 1563 290 327 1564 285 328 1565 282 326 1566 291 329 1567 290 327 1568 283 330 1569 290 327 1570 291 329 1571 283 330 1572 2 331 1573 290 327 1574 285 332 1575 292 333 1576 286 334 1577 285 332 1578 293 335 1579 292 333 1580 0 336 1581 294 337 1582 3 338 1583 0 336 1584 287 339 1585 294 337 1586 286 340 1587 294 337 1588 287 339 1589 286 340 1590 292 341 1591 294 337 1592 277 342 1593 231 343 1594 278 344 1595 277 342 1596 233 345 1597 231 343 1598 276 346 1599 233 345 1600 277 342 1601 276 346 1602 234 347 1603 233 345 1604 273 348 1605 236 349 1606 274 350 1607 273 348 1608 239 351 1609 236 349 1610 273 348 1611 228 352 1612 239 351 1613 273 348 1614 272 353 1615 228 352 1616 295 354 1617 296 355 1618 297 356 1619 295 354 1620 298 357 1621 296 355 1622 299 358 1623 297 356 1624 296 355 1625 299 358 1626 300 359 1627 297 356 1628 300 359 1629 299 358 1630 301 360 1631 300 359 1632 301 360 1633 302 361 1634 303 362 1635 302 361 1636 301 360 1637 303 362 1638 301 360 1639 304 363 1640 305 364 1641 303 362 1642 304 363 1643 305 364 1644 304 363 1645 306 365 1646 307 366 1647 305 364 1648 306 365 1649 307 366 1650 308 367 1651 305 364 1652 309 368 1653 308 367 1654 307 366 1655 309 368 1656 310 369 1657 308 367 1658 295 354 1659 310 369 1660 309 368 1661 295 354 1662 309 368 1663 298 357 1664 301 360 1665 311 370 1666 304 363 1667 301 360 1668 312 371 1669 311 370 1670 299 358 1671 312 371 1672 301 360 1673 299 358 1674 313 372 1675 312 371 1676 299 358 1677 314 373 1678 313 372 1679 299 358 1680 296 355 1681 314 373 1682 296 355 1683 315 374 1684 314 373 1685 296 355 1686 298 357 1687 315 374 1688 309 368 1689 307 366 1690 316 375 1691 307 366 1692 317 376 1693 316 375 1694 307 366 1695 306 365 1696 317 376 1697 311 370 1698 317 376 1699 306 365 1700 311 370 1701 306 365 1702 304 363 1703 309 368 1704 315 374 1705 298 357 1706 309 368 1707 318 377 1708 315 374 1709 309 368 1710 316 375 1711 318 377 1712 319 378 1713 318 377 1714 316 375 1715 320 379 1716 319 378 1717 316 375 1718 320 379 1719 316 375 1720 317 376 1721 320 379 1722 317 376 1723 311 370 1724 320 379 1725 311 370 1726 321 380 1727 312 371 1728 321 380 1729 311 370 1730 312 371 1731 322 381 1732 321 380 1733 312 371 1734 323 382 1735 322 381 1736 312 371 1737 313 372 1738 323 382 1739 324 383 1740 323 382 1741 313 372 1742 324 383 1743 313 372 1744 314 373 1745 315 374 1746 324 383 1747 314 373 1748 315 374 1749 325 384 1750 324 383 1751 318 377 1752 325 384 1753 315 374 1754 318 377 1755 326 385 1756 325 384 1757 319 378 1758 326 385 1759 318 377 1760 232 386 1761 284 387 1762 229 388 1763 232 386 1764 288 389 1765 284 387 1766 235 390 1767 288 389 1768 232 386 1769 235 390 1770 281 391 1771 288 389 1772 238 392 1773 282 393 1774 237 394 1775 238 392 1776 291 395 1777 282 393 1778 238 392 1779 283 396 1780 291 395 1781 238 392 1782 230 397 1783 283 396 1784 327 398 1785 328 399 1786 329 400 1787 327 398 1788 330 401 1789 328 399 1790 331 402 1791 329 400 1792 328 399 1793 331 402 1794 332 403 1795 329 400 1796 332 403 1797 331 402 1798 333 404 1799 332 403 1800 333 404 1801 334 405 1802 335 406 1803 334 405 1804 333 404 1805 335 406 1806 333 404 1807 336 407 1808 337 408 1809 335 406 1810 336 407 1811 337 408 1812 336 407 1813 338 409 1814 339 410 1815 337 408 1816 338 409 1817 339 410 1818 340 411 1819 337 408 1820 341 412 1821 340 411 1822 339 410 1823 341 412 1824 342 413 1825 340 411 1826 327 398 1827 342 413 1828 341 412 1829 327 398 1830 341 412 1831 330 401 1832 341 412 1833 339 410 1834 343 414 1835 339 410 1836 344 415 1837 343 414 1838 339 410 1839 338 409 1840 344 415 1841 344 415 1842 338 409 1843 336 407 1844 344 415 1845 336 407 1846 345 416 1847 341 412 1848 346 417 1849 330 401 1850 341 412 1851 347 418 1852 346 417 1853 341 412 1854 343 414 1855 347 418 1856 348 419 1857 347 418 1858 343 414 1859 349 420 1860 348 419 1861 343 414 1862 349 420 1863 343 414 1864 344 415 1865 349 420 1866 344 415 1867 345 416 1868 349 420 1869 345 416 1870 350 421 1871 351 422 1872 350 421 1873 345 416 1874 351 422 1875 352 423 1876 350 421 1877 351 422 1878 353 424 1879 352 423 1880 351 422 1881 354 425 1882 353 424 1883 355 426 1884 353 424 1885 354 425 1886 355 426 1887 354 425 1888 356 427 1889 346 417 1890 355 426 1891 356 427 1892 346 417 1893 357 428 1894 355 426 1895 347 418 1896 357 428 1897 346 417 1898 347 418 1899 358 429 1900 357 428 1901 348 419 1902 358 429 1903 347 418 1904 333 404 1905 345 416 1906 336 407 1907 333 404 1908 351 422 1909 345 416 1910 331 402 1911 351 422 1912 333 404 1913 331 402 1914 354 425 1915 351 422 1916 331 402 1917 356 427 1918 354 425 1919 331 402 1920 328 399 1921 356 427 1922 328 399 1923 346 417 1924 356 427 1925 328 399 1926 330 401 1927 346 417 1928 352 423 1929 353 424 1930 332 403 1931 352 423 1932 332 403 1933 334 405 1934 334 405 1935 350 421 1936 352 423 1937 334 405 1938 335 406 1939 350 421 1940 349 420 1941 350 421 1942 335 406 1943 349 420 1944 335 406 1945 337 408 1946 349 420 1947 337 408 1948 340 411 1949 349 420 1950 340 411 1951 348 419 1952 342 413 1953 348 419 1954 340 411 1955 342 413 1956 358 429 1957 348 419 1958 342 413 1959 357 428 1960 358 429 1961 342 413 1962 327 398 1963 357 428 1964 327 398 1965 355 426 1966 357 428 1967 327 398 1968 329 400 1969 355 426 1970 355 426 1971 329 400 1972 332 403 1973 355 426 1974 332 403 1975 353 424 1976 289 430 1977 266 431 1978 280 432 1979 289 430 1980 264 433 1981 266 431 1982 269 434 1983 264 433 1984 289 430 1985 269 434 1986 289 430 1987 279 435 1988 359 436 1989 360 437 1990 361 438 1991 359 436 1992 362 439 1993 360 437 1994 363 440 1995 361 438 1996 360 437 1997 363 440 1998 364 441 1999 361 438 2000 364 441 2001 363 440 2002 365 442 2003 364 441 2004 365 442 2005 366 443 2006 367 444 2007 366 443 2008 365 442 2009 367 444 2010 365 442 2011 368 445 2012 369 446 2013 367 444 2014 368 445 2015 369 446 2016 368 445 2017 370 447 2018 371 448 2019 369 446 2020 370 447 2021 371 448 2022 372 449 2023 369 446 2024 373 450 2025 372 449 2026 371 448 2027 373 450 2028 374 451 2029 372 449 2030 359 436 2031 374 451 2032 373 450 2033 359 436 2034 373 450 2035 362 439 2036 365 442 2037 375 452 2038 368 445 2039 365 442 2040 376 453 2041 375 452 2042 377 454 2043 376 453 2044 365 442 2045 377 454 2046 365 442 2047 363 440 2048 363 440 2049 378 455 2050 377 454 2051 363 440 2052 360 437 2053 378 455 2054 360 437 2055 379 456 2056 378 455 2057 360 437 2058 362 439 2059 379 456 2060 373 450 2061 371 448 2062 380 457 2063 371 448 2064 381 458 2065 380 457 2066 371 448 2067 370 447 2068 381 458 2069 375 452 2070 381 458 2071 370 447 2072 375 452 2073 370 447 2074 368 445 2075 373 450 2076 379 456 2077 362 439 2078 373 450 2079 382 459 2080 379 456 2081 373 450 2082 380 457 2083 382 459 2084 383 460 2085 382 459 2086 380 457 2087 384 461 2088 383 460 2089 380 457 2090 384 461 2091 380 457 2092 381 458 2093 384 461 2094 381 458 2095 375 452 2096 384 461 2097 375 452 2098 385 462 2099 376 453 2100 385 462 2101 375 452 2102 376 453 2103 386 463 2104 385 462 2105 376 453 2106 387 464 2107 386 463 2108 376 453 2109 377 454 2110 387 464 2111 388 465 2112 387 464 2113 377 454 2114 388 465 2115 377 454 2116 378 455 2117 379 456 2118 388 465 2119 378 455 2120 379 456 2121 389 466 2122 388 465 2123 382 459 2124 389 466 2125 379 456 2126 382 459 2127 390 467 2128 389 466 2129 383 460 2130 390 467 2131 382 459 2132 391 468 2133 292 469 2134 293 470 2135 391 468 2136 294 471 2137 292 469 2138 391 468 2139 3 472 2140 294 471 2141 391 468 2142 1 473 2143 3 472 2144 359 436 2145 388 465 2146 389 466 2147 359 436 2148 361 438 2149 388 465 2150 388 465 2151 361 438 2152 364 441 2153 388 465 2154 364 441 2155 387 464 2156 387 464 2157 364 441 2158 366 443 2159 387 464 2160 366 443 2161 386 463 2162 366 443 2163 385 462 2164 386 463 2165 366 443 2166 367 444 2167 385 462 2168 369 446 2169 385 462 2170 367 444 2171 369 446 2172 384 461 2173 385 462 2174 384 461 2175 369 446 2176 372 449 2177 384 461 2178 372 449 2179 383 460 2180 374 451 2181 383 460 2182 372 449 2183 374 451 2184 390 467 2185 383 460 2186 374 451 2187 389 466 2188 390 467 2189 374 451 2190 359 436 2191 389 466 2192 392 474 2193 393 475 2194 394 476 2195 392 474 2196 395 477 2197 393 475 2198 396 478 2199 394 476 2200 393 475 2201 396 478 2202 397 479 2203 394 476 2204 398 480 2205 397 479 2206 396 478 2207 398 480 2208 396 478 2209 399 481 2210 400 482 2211 398 480 2212 399 481 2213 400 482 2214 399 481 2215 401 483 2216 402 484 2217 400 482 2218 401 483 2219 402 484 2220 401 483 2221 403 485 2222 404 486 2223 402 484 2224 403 485 2225 404 486 2226 405 487 2227 402 484 2228 404 486 2229 406 488 2230 405 487 2231 404 486 2232 407 489 2233 406 488 2234 392 474 2235 406 488 2236 407 489 2237 392 474 2238 407 489 2239 395 477 2240 407 489 2241 404 486 2242 408 490 2243 404 486 2244 409 491 2245 408 490 2246 404 486 2247 403 485 2248 409 491 2249 409 491 2250 403 485 2251 401 483 2252 409 491 2253 401 483 2254 410 492 2255 407 489 2256 411 493 2257 395 477 2258 407 489 2259 412 494 2260 411 493 2261 407 489 2262 408 490 2263 412 494 2264 413 495 2265 412 494 2266 408 490 2267 413 495 2268 408 490 2269 414 496 2270 415 497 2271 414 496 2272 408 490 2273 415 497 2274 408 490 2275 409 491 2276 415 497 2277 409 491 2278 410 492 2279 415 497 2280 410 492 2281 416 498 2282 417 499 2283 416 498 2284 410 492 2285 417 499 2286 418 500 2287 416 498 2288 419 501 2289 418 500 2290 417 499 2291 419 501 2292 420 502 2293 418 500 2294 421 503 2295 420 502 2296 419 501 2297 421 503 2298 419 501 2299 422 504 2300 411 493 2301 421 503 2302 422 504 2303 411 493 2304 423 505 2305 421 503 2306 412 494 2307 423 505 2308 411 493 2309 412 494 2310 413 495 2311 423 505 2312 399 481 2313 410 492 2314 401 483 2315 399 481 2316 417 499 2317 410 492 2318 396 478 2319 417 499 2320 399 481 2321 396 478 2322 419 501 2323 417 499 2324 396 478 2325 422 504 2326 419 501 2327 396 478 2328 393 475 2329 422 504 2330 393 475 2331 411 493 2332 422 504 2333 393 475 2334 395 477 2335 411 493 2336 293 506 2337 285 507 2338 290 508 2339 293 506 2340 290 508 2341 391 509 2342 290 508 2343 1 510 2344 391 509 2345 290 508 2346 2 511 2347 1 510 2348 424 512 2349 425 513 2350 426 514 2351 424 512 2352 426 514 2353 427 515 2354 428 516 2355 424 512 2356 427 515 2357 428 516 2358 429 517 2359 424 512 2360 430 518 2361 429 517 2362 428 516 2363 430 518 2364 431 519 2365 429 517 2366 432 520 2367 431 519 2368 430 518 2369 432 520 2370 433 521 2371 431 519 2372 434 522 2373 435 523 2374 436 524 2375 437 525 2376 436 524 2377 435 523 2378 437 525 2379 438 526 2380 436 524 2381 439 527 2382 438 526 2383 437 525 2384 439 527 2385 440 528 2386 438 526 2387 441 529 2388 440 528 2389 439 527 2390 441 529 2391 433 521 2392 440 528 2393 441 529 2394 431 519 2395 433 521 2396 441 529 2397 442 530 2398 431 519 2399 431 519 2400 442 530 2401 443 531 2402 431 519 2403 443 531 2404 429 517 2405 444 532 2406 429 517 2407 443 531 2408 444 532 2409 424 512 2410 429 517 2411 424 512 2412 444 532 2413 434 522 2414 424 512 2415 434 522 2416 425 513 2417 434 522 2418 436 524 2419 425 513 2420 445 533 2421 446 534 2422 447 535 2423 445 533 2424 447 535 2425 448 536 2426 448 536 2427 449 537 2428 445 533 2429 448 536 2430 432 520 2431 449 537 2432 449 537 2433 432 520 2434 430 518 2435 449 537 2436 430 518 2437 450 538 2438 430 518 2439 451 539 2440 450 538 2441 430 518 2442 428 516 2443 451 539 2444 452 540 2445 451 539 2446 428 516 2447 452 540 2448 428 516 2449 427 515 2450 453 541 2451 452 540 2452 427 515 2453 453 541 2454 427 515 2455 426 514 2456 453 541 2457 426 514 2458 454 542 2459 453 541 2460 454 542 2461 455 543 2462 446 534 2463 455 543 2464 454 542 2465 446 534 2466 454 542 2467 447 535 2468 436 524 2469 447 535 2470 454 542 2471 436 524 2472 438 526 2473 447 535 2474 454 542 2475 425 513 2476 436 524 2477 454 542 2478 426 514 2479 425 513 2480 438 526 2481 448 536 2482 447 535 2483 438 526 2484 440 528 2485 448 536 2486 432 520 2487 448 536 2488 440 528 2489 432 520 2490 440 528 2491 433 521 2492 456 544 2493 457 545 2494 458 546 2495 456 544 2496 458 546 2497 459 547 2498 460 548 2499 456 544 2500 459 547 2501 460 548 2502 461 549 2503 456 544 2504 461 549 2505 460 548 2506 462 550 2507 461 549 2508 462 550 2509 463 551 2510 464 552 2511 463 551 2512 462 550 2513 464 552 2514 462 550 2515 465 553 2516 464 552 2517 465 553 2518 466 554 2519 464 552 2520 466 554 2521 467 555 2522 468 556 2523 467 555 2524 466 554 2525 468 556 2526 469 557 2527 467 555 2528 470 558 2529 469 557 2530 468 556 2531 470 558 2532 471 559 2533 469 557 2534 457 545 2535 471 559 2536 470 558 2537 457 545 2538 470 558 2539 458 546 2540 472 560 2541 473 561 2542 474 562 2543 472 560 2544 475 563 2545 473 561 2546 476 564 2547 473 561 2548 475 563 2549 476 564 2550 477 565 2551 473 561 2552 478 566 2553 477 565 2554 476 564 2555 478 566 2556 476 564 2557 479 567 2558 479 567 2559 480 568 2560 478 566 2561 479 567 2562 481 569 2563 480 568 2564 476 564 2565 467 555 2566 479 567 2567 476 564 2568 464 552 2569 467 555 2570 463 551 2571 464 552 2572 476 564 2573 463 551 2574 476 564 2575 475 563 2576 472 560 2577 463 551 2578 475 563 2579 472 560 2580 461 549 2581 463 551 2582 461 549 2583 472 560 2584 482 570 2585 461 549 2586 482 570 2587 456 544 2588 456 544 2589 482 570 2590 483 571 2591 456 544 2592 483 571 2593 457 545 2594 471 559 2595 457 545 2596 483 571 2597 471 559 2598 483 571 2599 484 572 2600 469 557 2601 471 559 2602 484 572 2603 469 557 2604 484 572 2605 481 569 2606 469 557 2607 481 569 2608 479 567 2609 469 557 2610 479 567 2611 467 555 2612 477 565 2613 478 566 2614 466 554 2615 468 556 2616 466 554 2617 478 566 2618 468 556 2619 478 566 2620 480 568 2621 480 568 2622 470 558 2623 468 556 2624 480 568 2625 485 573 2626 470 558 2627 470 558 2628 485 573 2629 486 574 2630 470 558 2631 486 574 2632 458 546 2633 487 575 2634 458 546 2635 486 574 2636 487 575 2637 459 547 2638 458 546 2639 460 548 2640 459 547 2641 487 575 2642 460 548 2643 487 575 2644 474 562 2645 462 550 2646 460 548 2647 474 562 2648 462 550 2649 474 562 2650 473 561 2651 462 550 2652 473 561 2653 477 565 2654 462 550 2655 477 565 2656 465 553 2657 477 565 2658 466 554 2659 465 553 2660 484 572 2661 480 568 2662 481 569 2663 484 572 2664 485 573 2665 480 568 2666 483 571 2667 485 573 2668 484 572 2669 483 571 2670 486 574 2671 485 573 2672 483 571 2673 487 575 2674 486 574 2675 483 571 2676 482 570 2677 487 575 2678 482 570 2679 474 562 2680 487 575 2681 482 570 2682 472 560 2683 474 562 2684 488 576 2685 489 577 2686 490 578 2687 488 576 2688 491 579 2689 489 577 2690 488 576 2691 492 580 2692 491 579 2693 488 576 2694 493 581 2695 492 580 2696 493 581 2697 494 582 2698 492 580 2699 493 581 2700 495 583 2701 494 582 2702 494 582 2703 495 583 2704 496 584 2705 494 582 2706 496 584 2707 497 585 2708 498 586 2709 499 587 2710 500 588 2711 498 586 2712 500 588 2713 501 589 2714 502 590 2715 501 589 2716 500 588 2717 502 590 2718 500 588 2719 496 584 2720 503 591 2721 502 590 2722 496 584 2723 503 591 2724 496 584 2725 495 583 2726 493 581 2727 503 591 2728 495 583 2729 493 581 2730 504 592 2731 503 591 2732 488 576 2733 504 592 2734 493 581 2735 488 576 2736 505 593 2737 504 592 2738 506 594 2739 505 593 2740 488 576 2741 506 594 2742 488 576 2743 490 578 2744 490 578 2745 507 595 2746 506 594 2747 490 578 2748 508 596 2749 507 595 2750 499 587 2751 507 595 2752 508 596 2753 499 587 2754 498 586 2755 507 595 2756 500 588 2757 497 585 2758 496 584 2759 500 588 2760 509 597 2761 497 585 2762 499 587 2763 509 597 2764 500 588 2765 499 587 2766 510 598 2767 509 597 2768 499 587 2769 511 599 2770 510 598 2771 499 587 2772 508 596 2773 511 599 2774 490 578 2775 511 599 2776 508 596 2777 490 578 2778 489 577 2779 511 599 2780 491 579 2781 512 600 2782 513 601 2783 514 602 2784 512 600 2785 491 579 2786 514 602 2787 491 579 2788 492 580 2789 515 603 2790 514 602 2791 492 580 2792 515 603 2793 492 580 2794 494 582 2795 515 603 2796 494 582 2797 497 585 2798 515 603 2799 497 585 2800 516 604 2801 509 597 2802 516 604 2803 497 585 2804 509 597 2805 517 605 2806 516 604 2807 509 597 2808 518 606 2809 517 605 2810 509 597 2811 510 598 2812 518 606 2813 519 607 2814 518 606 2815 510 598 2816 519 607 2817 510 598 2818 511 599 2819 489 577 2820 519 607 2821 511 599 2822 489 577 2823 513 601 2824 519 607 2825 491 579 2826 513 601 2827 489 577 2828 520 608 2829 521 609 2830 522 610 2831 520 608 2832 523 611 2833 521 609 2834 524 612 2835 523 611 2836 520 608 2837 524 612 2838 520 608 2839 525 613 2840 525 613 2841 526 614 2842 524 612 2843 525 613 2844 527 615 2845 526 614 2846 527 615 2847 528 616 2848 526 614 2849 527 615 2850 529 617 2851 528 616 2852 530 618 2853 531 619 2854 532 620 2855 530 618 2856 533 621 2857 531 619 2858 534 622 2859 533 621 2860 530 618 2861 534 622 2862 530 618 2863 535 623 2864 529 617 2865 534 622 2866 535 623 2867 529 617 2868 536 624 2869 534 622 2870 536 624 2871 529 617 2872 527 615 2873 536 624 2874 527 615 2875 537 625 2876 527 615 2877 538 626 2878 537 625 2879 527 615 2880 525 613 2881 538 626 2882 539 627 2883 538 626 2884 525 613 2885 539 627 2886 525 613 2887 520 608 2888 540 628 2889 539 627 2890 520 608 2891 540 628 2892 520 608 2893 522 610 2894 540 628 2895 522 610 2896 532 620 2897 540 628 2898 532 620 2899 531 619 2900 528 616 2901 529 617 2902 535 623 2903 528 616 2904 535 623 2905 541 629 2906 530 618 2907 541 629 2908 535 623 2909 530 618 2910 542 630 2911 541 629 2912 542 630 2913 530 618 2914 532 620 2915 542 630 2916 532 620 2917 543 631 2918 522 610 2919 543 631 2920 532 620 2921 522 610 2922 521 609 2923 543 631 2924 544 632 2925 523 611 2926 524 612 2927 544 632 2928 524 612 2929 545 633 2930 526 614 2931 545 633 2932 524 612 2933 526 614 2934 546 634 2935 545 633 2936 547 635 2937 546 634 2938 526 614 2939 547 635 2940 526 614 2941 528 616 2942 548 636 2943 547 635 2944 528 616 2945 548 636 2946 528 616 2947 541 629 2948 548 636 2949 541 629 2950 542 630 2951 548 636 2952 542 630 2953 549 637 2954 549 637 2955 542 630 2956 543 631 2957 549 637 2958 543 631 2959 550 638 2960 551 639 2961 550 638 2962 543 631 2963 551 639 2964 543 631 2965 521 609 2966 523 611 2967 551 639 2968 521 609 2969 523 611 2970 544 632 2971 551 639 2972 552 640 2973 553 641 2974 554 642 2975 552 640 2976 555 643 2977 553 641 2978 556 644 2979 557 645 2980 558 646 2981 556 644 2982 558 646 2983 559 647 2984 560 648 2985 556 644 2986 559 647 2987 560 648 2988 559 647 2989 561 649 2990 560 648 2991 561 649 2992 555 643 2993 560 648 2994 555 643 2995 552 640 2996 562 650 2997 560 648 2998 552 640 2999 562 650 3000 552 640 3001 563 651 3002 564 652 3003 563 651 3004 552 640 3005 564 652 3006 552 640 3007 554 642 3008 565 653 3009 564 652 3010 554 642 3011 565 653 3012 554 642 3013 566 654 3014 565 653 3015 566 654 3016 567 655 3017 565 653 3018 567 655 3019 568 656 3020 569 657 3021 568 656 3022 567 655 3023 569 657 3024 570 658 3025 568 656 3026 571 659 3027 570 658 3028 569 657 3029 571 659 3030 569 657 3031 557 645 3032 557 645 3033 572 660 3034 571 659 3035 557 645 3036 556 644 3037 572 660 3038 572 660 3039 556 644 3040 560 648 3041 572 660 3042 560 648 3043 562 650 3044 573 661 3045 559 647 3046 558 646 3047 573 661 3048 561 649 3049 559 647 3050 573 661 3051 574 662 3052 561 649 3053 574 662 3054 555 643 3055 561 649 3056 574 662 3057 575 663 3058 555 643 3059 576 664 3060 555 643 3061 575 663 3062 576 664 3063 553 641 3064 555 643 3065 553 641 3066 576 664 3067 577 665 3068 553 641 3069 577 665 3070 578 666 3071 577 665 3072 579 667 3073 578 666 3074 577 665 3075 580 668 3076 579 667 3077 581 669 3078 579 667 3079 580 668 3080 581 669 3081 580 668 3082 582 670 3083 583 671 3084 581 669 3085 582 670 3086 583 671 3087 558 646 3088 581 669 3089 573 661 3090 558 646 3091 583 671 3092 569 657 3093 558 646 3094 557 645 3095 569 657 3096 581 669 3097 558 646 3098 579 667 3099 581 669 3100 569 657 3101 579 667 3102 569 657 3103 567 655 3104 567 655 3105 578 666 3106 579 667 3107 567 655 3108 566 654 3109 578 666 3110 554 642 3111 578 666 3112 566 654 3113 554 642 3114 553 641 3115 578 666 3116 544 632 3117 540 628 3118 551 639 3119 544 632 3120 539 627 3121 540 628 3122 545 633 3123 539 627 3124 544 632 3125 545 633 3126 538 626 3127 539 627 3128 537 625 3129 538 626 3130 545 633 3131 537 625 3132 545 633 3133 546 634 3134 547 635 3135 537 625 3136 546 634 3137 547 635 3138 536 624 3139 537 625 3140 534 622 3141 536 624 3142 547 635 3143 534 622 3144 547 635 3145 548 636 3146 533 621 3147 534 622 3148 548 636 3149 533 621 3150 548 636 3151 549 637 3152 549 637 3153 531 619 3154 533 621 3155 549 637 3156 550 638 3157 531 619 3158 550 638 3159 540 628 3160 531 619 3161 550 638 3162 551 639 3163 540 628 3164 563 651 3165 564 652 3166 576 664 3167 563 651 3168 576 664 3169 575 663 3170 562 650 3171 563 651 3172 575 663 3173 562 650 3174 575 663 3175 574 662 3176 573 661 3177 562 650 3178 574 662 3179 573 661 3180 572 660 3181 562 650 3182 572 660 3183 573 661 3184 583 671 3185 572 660 3186 583 671 3187 571 659 3188 570 658 3189 571 659 3190 583 671 3191 570 658 3192 583 671 3193 582 670 3194 570 658 3195 582 670 3196 580 668 3197 570 658 3198 580 668 3199 568 656 3200 577 665 3201 568 656 3202 580 668 3203 577 665 3204 565 653 3205 568 656 3206 576 664 3207 565 653 3208 577 665 3209 576 664 3210 564 652 3211 565 653 3212 584 672 3213 585 673 3214 586 674 3215 584 672 3216 587 675 3217 585 673 3218 588 676 3219 587 675 3220 584 672 3221 588 676 3222 589 677 3223 587 675 3224 588 676 3225 590 678 3226 589 677 3227 588 676 3228 591 679 3229 590 678 3230 591 679 3231 592 680 3232 590 678 3233 591 679 3234 593 681 3235 592 680 3236 594 682 3237 586 674 3238 585 673 3239 594 682 3240 585 673 3241 595 683 3242 596 684 3243 594 682 3244 595 683 3245 596 684 3246 595 683 3247 597 685 3248 596 684 3249 597 685 3250 598 686 3251 599 687 3252 596 684 3253 598 686 3254 599 687 3255 600 688 3256 596 684 3257 601 689 3258 600 688 3259 599 687 3260 601 689 3261 592 680 3262 600 688 3263 601 689 3264 590 678 3265 592 680 3266 601 689 3267 602 690 3268 590 678 3269 602 690 3270 589 677 3271 590 678 3272 602 690 3273 603 691 3274 589 677 3275 604 692 3276 589 677 3277 603 691 3278 604 692 3279 587 675 3280 589 677 3281 585 673 3282 587 675 3283 604 692 3284 585 673 3285 604 692 3286 605 693 3287 605 693 3288 595 683 3289 585 673 3290 605 693 3291 597 685 3292 595 683 3293 593 681 3294 600 688 3295 592 680 3296 593 681 3297 606 694 3298 600 688 3299 607 695 3300 600 688 3301 606 694 3302 607 695 3303 596 684 3304 600 688 3305 596 684 3306 607 695 3307 594 682 3308 607 695 3309 608 696 3310 594 682 3311 609 697 3312 594 682 3313 608 696 3314 609 697 3315 586 674 3316 594 682 3317 609 697 3318 584 672 3319 586 674 3320 609 697 3321 610 698 3322 584 672 3323 610 698 3324 588 676 3325 584 672 3326 610 698 3327 611 699 3328 588 676 3329 612 700 3330 588 676 3331 611 699 3332 612 700 3333 591 679 3334 588 676 3335 613 701 3336 591 679 3337 612 700 3338 613 701 3339 593 681 3340 591 679 3341 593 681 3342 613 701 3343 614 702 3344 593 681 3345 614 702 3346 606 694 3347 614 702 3348 607 695 3349 606 694 3350 614 702 3351 615 703 3352 607 695 3353 607 695 3354 615 703 3355 608 696 3356 602 690 3357 611 699 3358 603 691 3359 602 690 3360 612 700 3361 611 699 3362 601 689 3363 612 700 3364 602 690 3365 601 689 3366 613 701 3367 612 700 3368 614 702 3369 613 701 3370 601 689 3371 614 702 3372 601 689 3373 599 687 3374 615 703 3375 614 702 3376 599 687 3377 615 703 3378 599 687 3379 598 686 3380 598 686 3381 608 696 3382 615 703 3383 598 686 3384 597 685 3385 608 696 3386 605 693 3387 608 696 3388 597 685 3389 605 693 3390 609 697 3391 608 696 3392 605 693 3393 610 698 3394 609 697 3395 605 693 3396 604 692 3397 610 698 3398 611 699 3399 610 698 3400 604 692 3401 611 699 3402 604 692 3403 603 691 3404 616 704 3405 617 705 3406 618 706 3407 616 704 3408 618 706 3409 619 707 3410 620 708 3411 616 704 3412 619 707 3413 620 708 3414 619 707 3415 621 709 3416 621 709 3417 622 710 3418 620 708 3419 621 709 3420 623 711 3421 622 710 3422 623 711 3423 624 712 3424 622 710 3425 623 711 3426 625 713 3427 624 712 3428 620 708 3429 626 714 3430 616 704 3431 620 708 3432 627 715 3433 626 714 3434 622 710 3435 627 715 3436 620 708 3437 622 710 3438 628 716 3439 627 715 3440 629 717 3441 628 716 3442 622 710 3443 629 717 3444 622 710 3445 624 712 3446 630 718 3447 629 717 3448 624 712 3449 630 718 3450 624 712 3451 631 719 3452 630 718 3453 631 719 3454 632 720 3455 630 718 3456 632 720 3457 633 721 3458 633 721 3459 632 720 3460 634 722 3461 633 721 3462 634 722 3463 635 723 3464 636 724 3465 635 723 3466 634 722 3467 636 724 3468 634 722 3469 617 705 3470 617 705 3471 626 714 3472 636 724 3473 617 705 3474 616 704 3475 626 714 3476 637 725 3477 624 712 3478 625 713 3479 637 725 3480 631 719 3481 624 712 3482 638 726 3483 631 719 3484 637 725 3485 638 726 3486 632 720 3487 631 719 3488 632 720 3489 638 726 3490 639 727 3491 632 720 3492 639 727 3493 634 722 3494 618 706 3495 634 722 3496 639 727 3497 618 706 3498 617 705 3499 634 722 3500 640 728 3501 641 729 3502 642 730 3503 640 728 3504 643 731 3505 641 729 3506 644 732 3507 643 731 3508 640 728 3509 644 732 3510 645 733 3511 643 731 3512 644 732 3513 646 734 3514 645 733 3515 644 732 3516 647 735 3517 646 734 3518 648 736 3519 646 734 3520 647 735 3521 648 736 3522 649 737 3523 646 734 3524 650 738 3525 644 732 3526 640 728 3527 650 738 3528 651 739 3529 644 732 3530 647 735 3531 644 732 3532 651 739 3533 647 735 3534 651 739 3535 652 740 3536 653 741 3537 647 735 3538 652 740 3539 653 741 3540 648 736 3541 647 735 3542 648 736 3543 653 741 3544 654 742 3545 648 736 3546 654 742 3547 655 743 3548 654 742 3549 656 744 3550 655 743 3551 654 742 3552 657 745 3553 656 744 3554 657 745 3555 658 746 3556 656 744 3557 657 745 3558 659 747 3559 658 746 3560 660 748 3561 658 746 3562 659 747 3563 660 748 3564 642 730 3565 658 746 3566 660 748 3567 640 728 3568 642 730 3569 660 748 3570 650 738 3571 640 728 3572 649 737 3573 648 736 3574 655 743 3575 649 737 3576 655 743 3577 661 749 3578 656 744 3579 661 749 3580 655 743 3581 656 744 3582 662 750 3583 661 749 3584 663 751 3585 662 750 3586 656 744 3587 663 751 3588 656 744 3589 658 746 3590 658 746 3591 641 729 3592 663 751 3593 658 746 3594 642 730 3595 641 729 3596 664 752 3597 662 750 3598 663 751 3599 665 753 3600 662 750 3601 664 752 3602 665 753 3603 661 749 3604 662 750 3605 665 753 3606 649 737 3607 661 749 3608 665 753 3609 666 754 3610 649 737 3611 666 754 3612 646 734 3613 649 737 3614 666 754 3615 667 755 3616 646 734 3617 646 734 3618 667 755 3619 668 756 3620 646 734 3621 668 756 3622 645 733 3623 669 757 3624 645 733 3625 668 756 3626 669 757 3627 643 731 3628 645 733 3629 643 731 3630 669 757 3631 670 758 3632 643 731 3633 670 758 3634 641 729 3635 670 758 3636 663 751 3637 641 729 3638 670 758 3639 671 759 3640 663 751 3641 664 752 3642 663 751 3643 671 759 3644 672 760 3645 618 706 3646 639 727 3647 673 761 3648 618 706 3649 672 760 3650 673 761 3651 619 707 3652 618 706 3653 673 761 3654 621 709 3655 619 707 3656 673 761 3657 674 762 3658 621 709 3659 623 711 3660 621 709 3661 674 762 3662 623 711 3663 674 762 3664 675 763 3665 676 764 3666 623 711 3667 675 763 3668 676 764 3669 625 713 3670 623 711 3671 625 713 3672 676 764 3673 677 765 3674 625 713 3675 677 765 3676 637 725 3677 677 765 3678 638 726 3679 637 725 3680 677 765 3681 678 766 3682 638 726 3683 678 766 3684 639 727 3685 638 726 3686 678 766 3687 679 767 3688 639 727 3689 672 760 3690 639 727 3691 679 767 3692 680 768 3693 681 769 3694 682 770 3695 680 768 3696 683 771 3697 681 769 3698 684 772 3699 683 771 3700 680 768 3701 684 772 3702 680 768 3703 685 773 3704 685 773 3705 686 774 3706 684 772 3707 685 773 3708 687 775 3709 686 774 3710 688 776 3711 686 774 3712 687 775 3713 688 776 3714 689 777 3715 686 774 3716 690 778 3717 691 779 3718 692 780 3719 690 778 3720 693 781 3721 691 779 3722 694 782 3723 693 781 3724 690 778 3725 694 782 3726 690 778 3727 695 783 3728 695 783 3729 696 784 3730 694 782 3731 695 783 3732 688 776 3733 696 784 3734 696 784 3735 688 776 3736 687 775 3737 696 784 3738 687 775 3739 697 785 3740 697 785 3741 687 775 3742 685 773 3743 697 785 3744 685 773 3745 698 786 3746 699 787 3747 698 786 3748 685 773 3749 699 787 3750 685 773 3751 680 768 3752 699 787 3753 680 768 3754 682 770 3755 699 787 3756 682 770 3757 700 788 3758 700 788 3759 682 770 3760 692 780 3761 700 788 3762 692 780 3763 691 779 3764 688 776 3765 701 789 3766 689 777 3767 688 776 3768 695 783 3769 701 789 3770 702 790 3771 701 789 3772 695 783 3773 702 790 3774 695 783 3775 690 778 3776 702 790 3777 690 778 3778 692 780 3779 702 790 3780 692 780 3781 703 791 3782 682 770 3783 703 791 3784 692 780 3785 682 770 3786 681 769 3787 703 791 3788 704 792 3789 683 771 3790 684 772 3791 704 792 3792 684 772 3793 705 793 3794 706 794 3795 705 793 3796 684 772 3797 706 794 3798 684 772 3799 686 774 3800 707 795 3801 706 794 3802 686 774 3803 707 795 3804 686 774 3805 689 777 3806 707 795 3807 689 777 3808 701 789 3809 707 795 3810 701 789 3811 708 796 3812 708 796 3813 701 789 3814 702 790 3815 708 796 3816 702 790 3817 709 797 3818 702 790 3819 710 798 3820 709 797 3821 702 790 3822 703 791 3823 710 798 3824 711 799 3825 710 798 3826 703 791 3827 711 799 3828 703 791 3829 681 769 3830 683 771 3831 711 799 3832 681 769 3833 683 771 3834 704 792 3835 711 799 3836 667 755 3837 653 741 3838 652 740 3839 667 755 3840 666 754 3841 653 741 3842 654 742 3843 653 741 3844 666 754 3845 654 742 3846 666 754 3847 665 753 3848 657 745 3849 654 742 3850 665 753 3851 657 745 3852 665 753 3853 664 752 3854 657 745 3855 664 752 3856 671 759 3857 657 745 3858 671 759 3859 659 747 3860 670 758 3861 659 747 3862 671 759 3863 670 758 3864 660 748 3865 659 747 3866 669 757 3867 660 748 3868 670 758 3869 669 757 3870 650 738 3871 660 748 3872 651 739 3873 650 738 3874 669 757 3875 651 739 3876 669 757 3877 668 756 3878 652 740 3879 651 739 3880 668 756 3881 652 740 3882 668 756 3883 667 755 3884 712 800 3885 713 801 3886 714 802 3887 712 800 3888 715 803 3889 713 801 3890 716 804 3891 715 803 3892 712 800 3893 716 804 3894 712 800 3895 717 805 3896 718 806 3897 716 804 3898 717 805 3899 718 806 3900 719 807 3901 716 804 3902 719 807 3903 718 806 3904 720 808 3905 719 807 3906 720 808 3907 721 809 3908 720 808 3909 722 810 3910 721 809 3911 720 808 3912 723 811 3913 722 810 3914 724 812 3915 722 810 3916 723 811 3917 724 812 3918 723 811 3919 725 813 3920 726 814 3921 724 812 3922 725 813 3923 726 814 3924 725 813 3925 727 815 3926 726 814 3927 727 815 3928 714 802 3929 726 814 3930 714 802 3931 713 801 3932 718 806 3933 728 816 3934 729 817 3935 718 806 3936 729 817 3937 720 808 3938 723 811 3939 720 808 3940 729 817 3941 723 811 3942 729 817 3943 730 818 3944 730 818 3945 725 813 3946 723 811 3947 730 818 3948 731 819 3949 725 813 3950 731 819 3951 727 815 3952 725 813 3953 731 819 3954 732 820 3955 727 815 3956 733 821 3957 734 822 3958 735 823 3959 736 824 3960 735 823 3961 734 822 3962 736 824 3963 734 822 3964 737 825 3965 738 826 3966 736 824 3967 737 825 3968 738 826 3969 739 827 3970 736 824 3971 738 826 3972 728 816 3973 739 827 3974 738 826 3975 740 828 3976 728 816 3977 740 828 3978 729 817 3979 728 816 3980 740 828 3981 741 829 3982 729 817 3983 729 817 3984 741 829 3985 742 830 3986 729 817 3987 742 830 3988 730 818 3989 743 831 3990 730 818 3991 742 830 3992 743 831 3993 731 819 3994 730 818 3995 731 819 3996 743 831 3997 733 821 3998 731 819 3999 733 821 4000 732 820 4001 733 821 4002 735 823 4003 732 820 4004 705 793 4005 699 787 4006 704 792 4007 705 793 4008 698 786 4009 699 787 4010 706 794 4011 698 786 4012 705 793 4013 706 794 4014 697 785 4015 698 786 4016 706 794 4017 696 784 4018 697 785 4019 706 794 4020 707 795 4021 696 784 4022 696 784 4023 707 795 4024 708 796 4025 696 784 4026 708 796 4027 694 782 4028 709 797 4029 694 782 4030 708 796 4031 709 797 4032 693 781 4033 694 782 4034 709 797 4035 691 779 4036 693 781 4037 709 797 4038 710 798 4039 691 779 4040 710 798 4041 700 788 4042 691 779 4043 710 798 4044 711 799 4045 700 788 4046 711 799 4047 699 787 4048 700 788 4049 711 799 4050 704 792 4051 699 787 4052 744 832 4053 745 833 4054 746 834 4055 744 832 4056 747 835 4057 745 833 4058 748 836 4059 749 837 4060 750 838 4061 748 836 4062 750 838 4063 751 839 4064 752 840 4065 751 839 4066 750 838 4067 752 840 4068 753 841 4069 751 839 4070 752 840 4071 745 833 4072 753 841 4073 752 840 4074 746 834 4075 745 833 4076 754 842 4077 755 843 4078 756 844 4079 754 842 4080 757 845 4081 755 843 4082 758 846 4083 755 843 4084 757 845 4085 758 846 4086 759 847 4087 755 843 4088 760 848 4089 759 847 4090 758 846 4091 760 848 4092 747 835 4093 759 847 4094 747 835 4095 760 848 4096 761 849 4097 747 835 4098 761 849 4099 745 833 4100 761 849 4101 753 841 4102 745 833 4103 761 849 4104 762 850 4105 753 841 4106 753 841 4107 762 850 4108 763 851 4109 753 841 4110 763 851 4111 751 839 4112 764 852 4113 751 839 4114 763 851 4115 764 852 4116 748 836 4117 751 839 4118 754 842 4119 748 836 4120 764 852 4121 754 842 4122 756 844 4123 748 836 4124 765 853 4125 752 840 4126 766 854 4127 766 854 4128 752 840 4129 750 838 4130 766 854 4131 750 838 4132 767 855 4133 768 856 4134 767 855 4135 750 838 4136 768 856 4137 750 838 4138 749 837 4139 749 837 4140 769 857 4141 768 856 4142 749 837 4143 770 858 4144 769 857 4145 769 857 4146 770 858 4147 771 859 4148 769 857 4149 771 859 4150 772 860 4151 773 861 4152 772 860 4153 771 859 4154 773 861 4155 774 862 4156 772 860 4157 775 863 4158 774 862 4159 773 861 4160 775 863 4161 773 861 4162 744 832 4163 775 863 4164 744 832 4165 746 834 4166 775 863 4167 746 834 4168 765 853 4169 765 853 4170 746 834 4171 752 840 4172 747 835 4173 744 832 4174 773 861 4175 747 835 4176 773 861 4177 759 847 4178 759 847 4179 773 861 4180 771 859 4181 759 847 4182 771 859 4183 755 843 4184 755 843 4185 771 859 4186 770 858 4187 755 843 4188 770 858 4189 756 844 4190 770 858 4191 748 836 4192 756 844 4193 770 858 4194 749 837 4195 748 836 4196 758 846 4197 757 845 4198 772 860 4199 758 846 4200 772 860 4201 774 862 4202 774 862 4203 760 848 4204 758 846 4205 774 862 4206 775 863 4207 760 848 4208 761 849 4209 760 848 4210 775 863 4211 761 849 4212 775 863 4213 765 853 4214 766 854 4215 761 849 4216 765 853 4217 766 854 4218 762 850 4219 761 849 4220 766 854 4221 763 851 4222 762 850 4223 766 854 4224 767 855 4225 763 851 4226 767 855 4227 764 852 4228 763 851 4229 767 855 4230 768 856 4231 764 852 4232 769 857 4233 764 852 4234 768 856 4235 769 857 4236 754 842 4237 764 852 4238 757 845 4239 754 842 4240 769 857 4241 757 845 4242 769 857 4243 772 860 4244 776 864 4245 777 865 4246 778 866 4247 776 864 4248 779 867 4249 777 865 4250 780 868 4251 777 865 4252 779 867 4253 780 868 4254 781 869 4255 777 865 4256 781 869 4257 780 868 4258 782 870 4259 780 868 4260 783 871 4261 782 870 4262 784 872 4263 782 870 4264 783 871 4265 784 872 4266 785 873 4267 782 870 4268 786 874 4269 785 873 4270 784 872 4271 786 874 4272 787 875 4273 785 873 4274 786 874 4275 788 876 4276 787 875 4277 786 874 4278 789 877 4279 788 876 4280 790 878 4281 788 876 4282 789 877 4283 790 878 4284 791 879 4285 788 876 4286 792 880 4287 791 879 4288 790 878 4289 792 880 4290 776 864 4291 791 879 4292 779 867 4293 776 864 4294 792 880 4295 779 867 4296 792 880 4297 793 881 4298 779 867 4299 793 881 4300 794 882 4301 779 867 4302 794 882 4303 780 868 4304 780 868 4305 794 882 4306 783 871 4307 787 875 4308 795 883 4309 785 873 4310 787 875 4311 796 884 4312 795 883 4313 788 876 4314 796 884 4315 787 875 4316 788 876 4317 797 885 4318 796 884 4319 791 879 4320 797 885 4321 788 876 4322 791 879 4323 798 886 4324 797 885 4325 776 864 4326 798 886 4327 791 879 4328 776 864 4329 778 866 4330 798 886 4331 782 870 4332 785 873 4333 795 883 4334 782 870 4335 795 883 4336 799 887 4337 781 869 4338 782 870 4339 799 887 4340 800 888 4341 781 869 4342 799 887 4343 801 889 4344 781 869 4345 800 888 4346 801 889 4347 777 865 4348 781 869 4349 801 889 4350 778 866 4351 777 865 4352 801 889 4353 802 890 4354 778 866 4355 802 890 4356 798 886 4357 778 866 4358 802 890 4359 803 891 4360 798 886 4361 798 886 4362 803 891 4363 804 892 4364 798 886 4365 804 892 4366 797 885 4367 805 893 4368 797 885 4369 804 892 4370 805 893 4371 796 884 4372 797 885 4373 795 883 4374 796 884 4375 805 893 4376 795 883 4377 805 893 4378 806 894 4379 806 894 4380 799 887 4381 795 883 4382 806 894 4383 807 895 4384 799 887 4385 800 888 4386 799 887 4387 807 895 4388 741 829 4389 722 810 4390 742 830 4391 741 829 4392 721 809 4393 722 810 4394 741 829 4395 719 807 4396 721 809 4397 741 829 4398 740 828 4399 719 807 4400 716 804 4401 719 807 4402 740 828 4403 716 804 4404 740 828 4405 738 826 4406 715 803 4407 716 804 4408 738 826 4409 715 803 4410 738 826 4411 737 825 4412 737 825 4413 713 801 4414 715 803 4415 737 825 4416 734 822 4417 713 801 4418 734 822 4419 726 814 4420 713 801 4421 734 822 4422 733 821 4423 726 814 4424 733 821 4425 724 812 4426 726 814 4427 733 821 4428 743 831 4429 724 812 4430 742 830 4431 724 812 4432 743 831 4433 742 830 4434 722 810 4435 724 812 4436 728 816 4437 718 806 4438 717 805 4439 728 816 4440 717 805 4441 739 827 4442 712 800 4443 739 827 4444 717 805 4445 712 800 4446 736 824 4447 739 827 4448 736 824 4449 712 800 4450 714 802 4451 736 824 4452 714 802 4453 735 823 4454 727 815 4455 735 823 4456 714 802 4457 727 815 4458 732 820 4459 735 823 4460 808 896 4461 809 897 4462 810 898 4463 808 896 4464 811 899 4465 809 897 4466 809 897 4467 811 899 4468 812 900 4469 809 897 4470 812 900 4471 813 901 4472 814 902 4473 810 898 4474 815 903 4475 814 902 4476 808 896 4477 810 898 4478 816 904 4479 808 896 4480 814 902 4481 817 905 4482 808 896 4483 816 904 4484 817 905 4485 811 899 4486 808 896 4487 812 900 4488 811 899 4489 817 905 4490 812 900 4491 817 905 4492 818 906 4493 818 906 4494 819 907 4495 812 900 4496 818 906 4497 820 908 4498 819 907 4499 819 907 4500 820 908 4501 821 909 4502 819 907 4503 821 909 4504 822 910 4505 823 911 4506 822 910 4507 821 909 4508 823 911 4509 824 912 4510 822 910 4511 823 911 4512 825 913 4513 824 912 4514 823 911 4515 826 914 4516 825 913 4517 826 914 4518 814 902 4519 825 913 4520 826 914 4521 827 915 4522 814 902 4523 816 904 4524 814 902 4525 827 915 4526 815 903 4527 825 913 4528 814 902 4529 815 903 4530 828 916 4531 825 913 4532 829 917 4533 830 918 4534 831 919 4535 832 920 4536 831 919 4537 830 918 4538 832 920 4539 830 918 4540 833 921 4541 833 921 4542 834 922 4543 832 920 4544 833 921 4545 828 916 4546 834 922 4547 834 922 4548 828 916 4549 815 903 4550 834 922 4551 815 903 4552 835 923 4553 836 924 4554 835 923 4555 815 903 4556 836 924 4557 815 903 4558 810 898 4559 837 925 4560 836 924 4561 810 898 4562 837 925 4563 810 898 4564 809 897 4565 837 925 4566 809 897 4567 813 901 4568 837 925 4569 813 901 4570 838 926 4571 838 926 4572 813 901 4573 829 917 4574 838 926 4575 829 917 4576 839 927 4577 829 917 4578 831 919 4579 839 927 4580 829 917 4581 813 901 4582 812 900 4583 829 917 4584 812 900 4585 819 907 4586 830 918 4587 829 917 4588 819 907 4589 830 918 4590 819 907 4591 822 910 4592 822 910 4593 833 921 4594 830 918 4595 822 910 4596 824 912 4597 833 921 4598 825 913 4599 833 921 4600 824 912 4601 825 913 4602 828 916 4603 833 921 4604 805 893 4605 784 872 4606 806 894 4607 805 893 4608 786 874 4609 784 872 4610 789 877 4611 786 874 4612 805 893 4613 789 877 4614 805 893 4615 804 892 4616 790 878 4617 789 877 4618 804 892 4619 790 878 4620 804 892 4621 803 891 4622 803 891 4623 792 880 4624 790 878 4625 803 891 4626 802 890 4627 792 880 4628 792 880 4629 802 890 4630 801 889 4631 792 880 4632 801 889 4633 793 881 4634 800 888 4635 793 881 4636 801 889 4637 800 888 4638 794 882 4639 793 881 4640 794 882 4641 800 888 4642 807 895 4643 794 882 4644 807 895 4645 783 871 4646 806 894 4647 783 871 4648 807 895 4649 806 894 4650 784 872 4651 783 871 4652 103 103 4653 104 104 4654 124 124 4655 107 107 4656 124 124 4657 104 104 4658 107 107 4659 131 131 4660 124 124 4661 121 121 4662 131 131 4663 107 107 4664 121 121 4665 107 107 4666 108 108 4667 840 928 4668 841 929 4669 842 930 4670 840 928 4671 843 931 4672 841 929 4673 840 928 4674 844 932 4675 843 931 4676 840 928 4677 845 933 4678 844 932 4679 846 934 4680 844 932 4681 845 933 4682 846 934 4683 845 933 4684 847 935 4685 848 936 4686 846 934 4687 847 935 4688 848 936 4689 849 937 4690 846 934 4691 849 937 4692 848 936 4693 850 938 4694 849 937 4695 850 938 4696 851 939 4697 850 938 4698 852 940 4699 851 939 4700 850 938 4701 853 941 4702 852 940 4703 853 941 4704 854 942 4705 852 940 4706 853 941 4707 855 943 4708 854 942 4709 842 930 4710 854 942 4711 855 943 4712 842 930 4713 841 929 4714 854 942 4715 856 944 4716 857 945 4717 851 939 4718 856 944 4719 851 939 4720 852 940 4721 858 946 4722 856 944 4723 852 940 4724 858 946 4725 852 940 4726 854 942 4727 854 942 4728 859 947 4729 858 946 4730 854 942 4731 841 929 4732 859 947 4733 843 931 4734 859 947 4735 841 929 4736 843 931 4737 860 948 4738 859 947 4739 861 949 4740 856 944 4741 858 946 4742 862 950 4743 856 944 4744 861 949 4745 862 950 4746 857 945 4747 856 944 4748 862 950 4749 863 951 4750 857 945 4751 862 950 4752 864 952 4753 863 951 4754 864 952 4755 865 953 4756 863 951 4757 864 952 4758 866 954 4759 865 953 4760 865 953 4761 866 954 4762 867 955 4763 865 953 4764 867 955 4765 868 956 4766 869 957 4767 868 956 4768 867 955 4769 869 957 4770 860 948 4771 868 956 4772 859 947 4773 860 948 4774 869 957 4775 859 947 4776 869 957 4777 870 958 4778 870 958 4779 858 946 4780 859 947 4781 870 958 4782 871 959 4783 858 946 4784 861 949 4785 858 946 4786 871 959 4787 866 954 4788 848 936 4789 847 935 4790 866 954 4791 864 952 4792 848 936 4793 848 936 4794 864 952 4795 862 950 4796 848 936 4797 862 950 4798 850 938 4799 861 949 4800 850 938 4801 862 950 4802 861 949 4803 853 941 4804 850 938 4805 853 941 4806 861 949 4807 871 959 4808 853 941 4809 871 959 4810 855 943 4811 870 958 4812 855 943 4813 871 959 4814 870 958 4815 842 930 4816 855 943 4817 870 958 4818 840 928 4819 842 930 4820 870 958 4821 869 957 4822 840 928 4823 845 933 4824 840 928 4825 869 957 4826 845 933 4827 869 957 4828 867 955 4829 847 935 4830 845 933 4831 867 955 4832 847 935 4833 867 955 4834 866 954 4835 872 960 4836 873 961 4837 874 962 4838 872 960 4839 874 962 4840 875 963 4841 872 960 4842 875 963 4843 876 964 4844 872 960 4845 876 964 4846 877 965 4847 878 966 4848 877 965 4849 876 964 4850 878 966 4851 879 967 4852 877 965 4853 878 966 4854 880 968 4855 879 967 4856 878 966 4857 881 969 4858 880 968 4859 882 970 4860 880 968 4861 881 969 4862 882 970 4863 881 969 4864 883 971 4865 884 972 4866 882 970 4867 883 971 4868 884 972 4869 885 973 4870 882 970 4871 886 974 4872 885 973 4873 884 972 4874 886 974 4875 887 975 4876 885 973 4877 887 975 4878 886 974 4879 874 962 4880 887 975 4881 874 962 4882 873 961 4883 129 129 4884 109 109 4885 130 130 4886 129 129 4887 111 111 4888 109 109 4889 128 128 4890 111 111 4891 129 129 4892 128 128 4893 113 113 4894 111 111 4895 127 127 4896 113 113 4897 128 128 4898 127 127 4899 114 114 4900 113 113 4901 116 116 4902 114 114 4903 127 127 4904 116 116 4905 127 127 4906 126 126 4907 117 117 4908 116 116 4909 126 126 4910 117 117 4911 126 126 4912 125 125 4913 125 125 4914 105 105 4915 117 117 4916 125 125 4917 123 123 4918 105 105 4919 123 123 4920 106 106 4921 105 105 4922 123 123 4923 122 122 4924 106 106 4925 130 130 4926 106 106 4927 122 122 4928 130 130 4929 109 109 4930 106 106 4931 844 932 4932 860 948 4933 843 931 4934 844 932 4935 868 956 4936 860 948 4937 846 934 4938 868 956 4939 844 932 4940 846 934 4941 865 953 4942 868 956 4943 849 937 4944 865 953 4945 846 934 4946 849 937 4947 863 951 4948 865 953 4949 849 937 4950 857 945 4951 863 951 4952 849 937 4953 851 939 4954 857 945 4955 888 976 4956 889 977 4957 890 978 4958 891 979 4959 889 977 4960 888 976 4961 891 979 4962 892 980 4963 889 977 4964 893 981 4965 892 980 4966 891 979 4967 893 981 4968 891 979 4969 894 982 4970 894 982 4971 895 983 4972 893 981 4973 894 982 4974 896 984 4975 895 983 4976 895 983 4977 896 984 4978 897 985 4979 895 983 4980 897 985 4981 898 986 4982 899 987 4983 898 986 4984 897 985 4985 899 987 4986 900 988 4987 898 986 4988 899 987 4989 901 989 4990 900 988 4991 899 987 4992 902 990 4993 901 989 4994 902 990 4995 890 978 4996 901 989 4997 902 990 4998 903 991 4999 890 978 5000 888 976 5001 890 978 5002 903 991 5003 889 977 5004 892 980 5005 904 992 5006 889 977 5007 904 992 5008 905 993 5009 890 978 5010 889 977 5011 905 993 5012 890 978 5013 905 993 5014 906 994 5015 906 994 5016 901 989 5017 890 978 5018 906 994 5019 907 995 5020 901 989 5021 901 989 5022 907 995 5023 908 996 5024 901 989 5025 908 996 5026 900 988 5027 909 997 5028 907 995 5029 906 994 5030 909 997 5031 906 994 5032 910 998 5033 911 999 5034 910 998 5035 906 994 5036 911 999 5037 906 994 5038 905 993 5039 912 1000 5040 911 999 5041 905 993 5042 912 1000 5043 905 993 5044 904 992 5045 912 1000 5046 904 992 5047 913 1001 5048 912 1000 5049 913 1001 5050 914 1002 5051 914 1002 5052 913 1001 5053 915 1003 5054 914 1002 5055 915 1003 5056 916 1004 5057 915 1003 5058 917 1005 5059 916 1004 5060 915 1003 5061 918 1006 5062 917 1005 5063 919 1007 5064 917 1005 5065 918 1006 5066 919 1007 5067 918 1006 5068 908 996 5069 907 995 5070 919 1007 5071 908 996 5072 907 995 5073 909 997 5074 919 1007 5075 892 980 5076 913 1001 5077 904 992 5078 892 980 5079 893 981 5080 913 1001 5081 895 983 5082 913 1001 5083 893 981 5084 895 983 5085 915 1003 5086 913 1001 5087 915 1003 5088 895 983 5089 898 986 5090 915 1003 5091 898 986 5092 918 1006 5093 900 988 5094 918 1006 5095 898 986 5096 900 988 5097 908 996 5098 918 1006 5099 629 717 5100 675 763 5101 628 716 5102 629 717 5103 676 764 5104 675 763 5105 677 765 5106 676 764 5107 629 717 5108 677 765 5109 629 717 5110 630 718 5111 678 766 5112 677 765 5113 630 718 5114 678 766 5115 630 718 5116 633 721 5117 633 721 5118 679 767 5119 678 766 5120 633 721 5121 635 723 5122 679 767 5123 635 723 5124 672 760 5125 679 767 5126 635 723 5127 636 724 5128 672 760 5129 626 714 5130 672 760 5131 636 724 5132 626 714 5133 673 761 5134 672 760 5135 627 715 5136 673 761 5137 626 714 5138 627 715 5139 674 762 5140 673 761 5141 628 716 5142 674 762 5143 627 715 5144 628 716 5145 675 763 5146 674 762 5147 920 1008 5148 921 1009 5149 922 1010 5150 923 1011 5151 922 1010 5152 921 1009 5153 923 1011 5154 921 1009 5155 924 1012 5156 925 1013 5157 923 1011 5158 924 1012 5159 925 1013 5160 926 1014 5161 923 1011 5162 925 1013 5163 927 1015 5164 926 1014 5165 925 1013 5166 928 1016 5167 927 1015 5168 928 1016 5169 929 1017 5170 927 1015 5171 928 1016 5172 930 1018 5173 929 1017 5174 929 1017 5175 930 1018 5176 931 1019 5177 929 1017 5178 931 1019 5179 932 1020 5180 933 1021 5181 932 1020 5182 931 1019 5183 933 1021 5184 934 1022 5185 932 1020 5186 935 1023 5187 934 1022 5188 933 1021 5189 935 1023 5190 933 1021 5191 920 1008 5192 920 1008 5193 922 1010 5194 935 1023 5195 932 1020 5196 934 1022 5197 936 1024 5198 932 1020 5199 936 1024 5200 937 1025 5201 937 1025 5202 929 1017 5203 932 1020 5204 937 1025 5205 938 1026 5206 929 1017 5207 938 1026 5208 927 1015 5209 929 1017 5210 938 1026 5211 939 1027 5212 927 1015 5213 939 1027 5214 926 1014 5215 927 1015 5216 939 1027 5217 940 1028 5218 926 1014 5219 941 1029 5220 942 1030 5221 943 1031 5222 941 1029 5223 944 1032 5224 942 1030 5225 945 1033 5226 944 1032 5227 941 1029 5228 945 1033 5229 941 1029 5230 940 1028 5231 939 1027 5232 945 1033 5233 940 1028 5234 939 1027 5235 946 1034 5236 945 1033 5237 946 1034 5238 939 1027 5239 938 1026 5240 946 1034 5241 938 1026 5242 947 1035 5243 938 1026 5244 948 1036 5245 947 1035 5246 938 1026 5247 937 1025 5248 948 1036 5249 949 1037 5250 948 1036 5251 937 1025 5252 949 1037 5253 937 1025 5254 936 1024 5255 949 1037 5256 936 1024 5257 950 1038 5258 949 1037 5259 950 1038 5260 951 1039 5261 951 1039 5262 950 1038 5263 943 1031 5264 951 1039 5265 943 1031 5266 942 1030 5267 941 1029 5268 926 1014 5269 940 1028 5270 941 1029 5271 923 1011 5272 926 1014 5273 923 1011 5274 941 1029 5275 943 1031 5276 923 1011 5277 943 1031 5278 922 1010 5279 950 1038 5280 922 1010 5281 943 1031 5282 950 1038 5283 935 1023 5284 922 1010 5285 934 1022 5286 935 1023 5287 950 1038 5288 934 1022 5289 950 1038 5290 936 1024 5291 952 1040 5292 953 1041 5293 954 1042 5294 952 1040 5295 955 1043 5296 953 1041 5297 956 1044 5298 955 1043 5299 952 1040 5300 956 1044 5301 957 1045 5302 955 1043 5303 956 1044 5304 958 1046 5305 957 1045 5306 956 1044 5307 959 1047 5308 958 1046 5309 959 1047 5310 960 1048 5311 958 1046 5312 959 1047 5313 961 1049 5314 960 1048 5315 879 967 5316 954 1042 5317 962 1050 5318 880 968 5319 954 1042 5320 879 967 5321 880 968 5322 952 1040 5323 954 1042 5324 880 968 5325 956 1044 5326 952 1040 5327 880 968 5328 882 970 5329 956 1044 5330 885 973 5331 956 1044 5332 882 970 5333 885 973 5334 959 1047 5335 956 1044 5336 887 975 5337 959 1047 5338 885 973 5339 887 975 5340 961 1049 5341 959 1047 5342 961 1049 5343 887 975 5344 873 961 5345 961 1049 5346 873 961 5347 963 1051 5348 873 961 5349 964 1052 5350 963 1051 5351 873 961 5352 872 960 5353 964 1052 5354 872 960 5355 962 1050 5356 964 1052 5357 872 960 5358 877 965 5359 962 1050 5360 879 967 5361 962 1050 5362 877 965 5363 961 1049 5364 965 1053 5365 960 1048 5366 961 1049 5367 963 1051 5368 965 1053 5369 964 1052 5370 965 1053 5371 963 1051 5372 964 1052 5373 966 1054 5374 965 1053 5375 967 1055 5376 966 1054 5377 964 1052 5378 967 1055 5379 964 1052 5380 962 1050 5381 962 1050 5382 953 1041 5383 967 1055 5384 962 1050 5385 954 1042 5386 953 1041 5387 881 969 5388 955 1043 5389 957 1045 5390 953 1041 5391 955 1043 5392 881 969 5393 953 1041 5394 881 969 5395 878 966 5396 878 966 5397 967 1055 5398 953 1041 5399 878 966 5400 876 964 5401 967 1055 5402 966 1054 5403 967 1055 5404 876 964 5405 966 1054 5406 876 964 5407 875 963 5408 874 962 5409 966 1054 5410 875 963 5411 874 962 5412 965 1053 5413 966 1054 5414 874 962 5415 960 1048 5416 965 1053 5417 874 962 5418 886 974 5419 960 1048 5420 886 974 5421 958 1046 5422 960 1048 5423 886 974 5424 884 972 5425 958 1046 5426 958 1046 5427 884 972 5428 883 971 5429 958 1046 5430 883 971 5431 957 1045 5432 881 969 5433 957 1045 5434 883 971 5435 911 999 5436 903 991 5437 910 998 5438 911 999 5439 888 976 5440 903 991 5441 912 1000 5442 888 976 5443 911 999 5444 912 1000 5445 891 979 5446 888 976 5447 891 979 5448 912 1000 5449 914 1002 5450 891 979 5451 914 1002 5452 894 982 5453 896 984 5454 894 982 5455 914 1002 5456 896 984 5457 914 1002 5458 916 1004 5459 916 1004 5460 897 985 5461 896 984 5462 916 1004 5463 917 1005 5464 897 985 5465 917 1005 5466 899 987 5467 897 985 5468 917 1005 5469 919 1007 5470 899 987 5471 919 1007 5472 902 990 5473 899 987 5474 919 1007 5475 909 997 5476 902 990 5477 910 998 5478 902 990 5479 909 997 5480 910 998 5481 903 991 5482 902 990 5483 968 1056 5484 969 1057 5485 970 1058 5486 968 1056 5487 971 1059 5488 969 1057 5489 968 1056 5490 972 1060 5491 971 1059 5492 968 1056 5493 973 1061 5494 972 1060 5495 974 1062 5496 972 1060 5497 973 1061 5498 974 1062 5499 975 1063 5500 972 1060 5501 975 1063 5502 974 1062 5503 976 1064 5504 975 1063 5505 976 1064 5506 977 1065 5507 978 1066 5508 977 1065 5509 976 1064 5510 978 1066 5511 976 1064 5512 979 1067 5513 978 1066 5514 979 1067 5515 980 1068 5516 979 1067 5517 981 1069 5518 980 1068 5519 982 1070 5520 980 1068 5521 981 1069 5522 982 1070 5523 983 1071 5524 980 1068 5525 984 1072 5526 983 1071 5527 982 1070 5528 984 1072 5529 970 1058 5530 983 1071 5531 984 1072 5532 968 1056 5533 970 1058 5534 984 1072 5535 985 1073 5536 968 1056 5537 973 1061 5538 968 1056 5539 985 1073 5540 973 1061 5541 985 1073 5542 986 1074 5543 987 1075 5544 973 1061 5545 986 1074 5546 987 1075 5547 974 1062 5548 973 1061 5549 976 1064 5550 974 1062 5551 987 1075 5552 976 1064 5553 987 1075 5554 988 1076 5555 988 1076 5556 979 1067 5557 976 1064 5558 988 1076 5559 989 1077 5560 979 1067 5561 979 1067 5562 989 1077 5563 981 1069 5564 970 1058 5565 969 1057 5566 990 1078 5567 970 1058 5568 990 1078 5569 983 1071 5570 980 1068 5571 983 1071 5572 990 1078 5573 980 1068 5574 990 1078 5575 991 1079 5576 978 1066 5577 980 1068 5578 991 1079 5579 978 1066 5580 991 1079 5581 992 1080 5582 978 1066 5583 992 1080 5584 993 1081 5585 994 1082 5586 978 1066 5587 993 1081 5588 994 1082 5589 977 1065 5590 978 1066 5591 995 1083 5592 977 1065 5593 994 1082 5594 995 1083 5595 975 1063 5596 977 1065 5597 995 1083 5598 972 1060 5599 975 1063 5600 995 1083 5601 996 1084 5602 972 1060 5603 972 1060 5604 996 1084 5605 997 1085 5606 972 1060 5607 997 1085 5608 971 1059 5609 998 1086 5610 971 1059 5611 997 1085 5612 998 1086 5613 969 1057 5614 971 1059 5615 990 1078 5616 969 1057 5617 998 1086 5618 990 1078 5619 998 1086 5620 999 1087 5621 999 1087 5622 991 1079 5623 990 1078 5624 999 1087 5625 992 1080 5626 991 1079 5627 999 1087 5628 981 1069 5629 992 1080 5630 999 1087 5631 982 1070 5632 981 1069 5633 999 1087 5634 984 1072 5635 982 1070 5636 999 1087 5637 998 1086 5638 984 1072 5639 985 1073 5640 984 1072 5641 998 1086 5642 985 1073 5643 998 1086 5644 997 1085 5645 996 1084 5646 985 1073 5647 997 1085 5648 996 1084 5649 986 1074 5650 985 1073 5651 996 1084 5652 987 1075 5653 986 1074 5654 996 1084 5655 995 1083 5656 987 1075 5657 988 1076 5658 987 1075 5659 995 1083 5660 988 1076 5661 995 1083 5662 994 1082 5663 993 1081 5664 988 1076 5665 994 1082 5666 993 1081 5667 989 1077 5668 988 1076 5669 993 1081 5670 981 1069 5671 989 1077 5672 993 1081 5673 992 1080 5674 981 1069 5675 1000 1088 5676 1001 1089 5677 1002 1090 5678 1000 1088 5679 1003 1091 5680 1001 1089 5681 1004 1092 5682 1001 1089 5683 1003 1091 5684 1004 1092 5685 1005 1093 5686 1001 1089 5687 1006 1094 5688 1007 1095 5689 1008 1096 5690 1006 1094 5691 1008 1096 5692 1009 1097 5693 1009 1097 5694 1004 1092 5695 1006 1094 5696 1009 1097 5697 1005 1093 5698 1004 1092 5699 1005 1093 5700 1009 1097 5701 1010 1098 5702 1005 1093 5703 1010 1098 5704 1011 1099 5705 1012 1100 5706 1005 1093 5707 1011 1099 5708 1012 1100 5709 1001 1089 5710 1005 1093 5711 1013 1101 5712 1001 1089 5713 1012 1100 5714 1013 1101 5715 1002 1090 5716 1001 1089 5717 1013 1101 5718 1014 1102 5719 1002 1090 5720 1013 1101 5721 1015 1103 5722 1014 1102 5723 1014 1102 5724 1015 1103 5725 1016 1104 5726 1014 1102 5727 1016 1104 5728 1017 1105 5729 1018 1106 5730 1017 1105 5731 1016 1104 5732 1018 1106 5733 1019 1107 5734 1017 1105 5735 1019 1107 5736 1018 1106 5737 1020 1108 5738 1019 1107 5739 1020 1108 5740 1008 1096 5741 1020 1108 5742 1009 1097 5743 1008 1096 5744 1020 1108 5745 1010 1098 5746 1009 1097 5747 1021 1109 5748 1014 1102 5749 1017 1105 5750 1021 1109 5751 1002 1090 5752 1014 1102 5753 1021 1109 5754 1000 1088 5755 1002 1090 5756 1022 1110 5757 1008 1096 5758 1007 1095 5759 1022 1110 5760 1019 1107 5761 1008 1096 5762 1023 1111 5763 1019 1107 5764 1022 1110 5765 1023 1111 5766 1017 1105 5767 1019 1107 5768 1021 1109 5769 1017 1105 5770 1023 1111 5771 1021 1109 5772 1023 1111 5773 1024 1112 5774 1021 1109 5775 1024 1112 5776 1025 1113 5777 1026 1114 5778 1021 1109 5779 1025 1113 5780 1026 1114 5781 1000 1088 5782 1021 1109 5783 1000 1088 5784 1026 1114 5785 1027 1115 5786 1000 1088 5787 1027 1115 5788 1003 1091 5789 1027 1115 5790 1004 1092 5791 1003 1091 5792 1027 1115 5793 1028 1116 5794 1004 1092 5795 1004 1092 5796 1028 1116 5797 1029 1117 5798 1004 1092 5799 1029 1117 5800 1006 1094 5801 1030 1118 5802 1006 1094 5803 1029 1117 5804 1030 1118 5805 1007 1095 5806 1006 1094 5807 1030 1118 5808 1022 1110 5809 1007 1095 5810 1030 1118 5811 1031 1119 5812 1022 1110 5813 1031 1119 5814 1023 1111 5815 1022 1110 5816 1031 1119 5817 1024 1112 5818 1023 1111 5819 1032 1120 5820 1033 1121 5821 1034 1122 5822 1032 1120 5823 1035 1123 5824 1033 1121 5825 1036 1124 5826 1035 1123 5827 1032 1120 5828 1036 1124 5829 1037 1125 5830 1035 1123 5831 1038 1126 5832 1037 1125 5833 1036 1124 5834 1038 1126 5835 1039 1127 5836 1037 1125 5837 1039 1127 5838 1038 1126 5839 1040 1128 5840 1039 1127 5841 1040 1128 5842 1041 1129 5843 1042 1130 5844 1043 1131 5845 1044 1132 5846 1045 1133 5847 1044 1132 5848 1043 1131 5849 1045 1133 5850 1043 1131 5851 1046 1134 5852 1047 1135 5853 1045 1133 5854 1046 1134 5855 1047 1135 5856 1041 1129 5857 1045 1133 5858 1048 1136 5859 1041 1129 5860 1047 1135 5861 1048 1136 5862 1039 1127 5863 1041 1129 5864 1048 1136 5865 1037 1125 5866 1039 1127 5867 1048 1136 5868 1049 1137 5869 1037 1125 5870 1049 1137 5871 1035 1123 5872 1037 1125 5873 1049 1137 5874 1050 1138 5875 1035 1123 5876 1051 1139 5877 1035 1123 5878 1050 1138 5879 1051 1139 5880 1033 1121 5881 1035 1123 5882 1033 1121 5883 1051 1139 5884 1042 1130 5885 1033 1121 5886 1042 1130 5887 1052 1140 5888 1042 1130 5889 1044 1132 5890 1052 1140 5891 827 915 5892 826 914 5893 834 922 5894 827 915 5895 834 922 5896 835 923 5897 836 924 5898 827 915 5899 835 923 5900 836 924 5901 816 904 5902 827 915 5903 836 924 5904 817 905 5905 816 904 5906 836 924 5907 837 925 5908 817 905 5909 818 906 5910 817 905 5911 837 925 5912 818 906 5913 837 925 5914 838 926 5915 839 927 5916 818 906 5917 838 926 5918 839 927 5919 820 908 5920 818 906 5921 820 908 5922 839 927 5923 831 919 5924 820 908 5925 831 919 5926 821 909 5927 832 920 5928 821 909 5929 831 919 5930 832 920 5931 823 911 5932 821 909 5933 834 922 5934 823 911 5935 832 920 5936 834 922 5937 826 914 5938 823 911 5939 1053 1141 5940 1054 1142 5941 1055 1143 5942 1053 1141 5943 1056 1144 5944 1054 1142 5945 1057 1145 5946 1056 1144 5947 1053 1141 5948 1057 1145 5949 1058 1146 5950 1056 1144 5951 1059 1147 5952 1058 1146 5953 1057 1145 5954 1059 1147 5955 1057 1145 5956 1060 1148 5957 1061 1149 5958 1059 1147 5959 1060 1148 5960 1061 1149 5961 1060 1148 5962 1062 1150 5963 1062 1150 5964 1063 1151 5965 1061 1149 5966 1062 1150 5967 1064 1152 5968 1063 1151 5969 1064 1152 5970 1065 1153 5971 1063 1151 5972 1064 1152 5973 1066 1154 5974 1065 1153 5975 1066 1154 5976 1067 1155 5977 1065 1153 5978 1066 1154 5979 1068 1156 5980 1067 1155 5981 1055 1143 5982 1067 1155 5983 1068 1156 5984 1055 1143 5985 1054 1142 5986 1067 1155 5987 1066 1154 5988 1069 1157 5989 1070 1158 5990 1066 1154 5991 1064 1152 5992 1069 1157 5993 1071 1159 5994 1069 1157 5995 1064 1152 5996 1071 1159 5997 1064 1152 5998 1062 1150 5999 1060 1148 6000 1071 1159 6001 1062 1150 6002 1060 1148 6003 1072 1160 6004 1071 1159 6005 1060 1148 6006 1073 1161 6007 1072 1160 6008 1060 1148 6009 1057 1145 6010 1073 1161 6011 1057 1145 6012 1074 1162 6013 1073 1161 6014 1057 1145 6015 1053 1141 6016 1074 1162 6017 1053 1141 6018 1075 1163 6019 1074 1162 6020 1053 1141 6021 1055 1143 6022 1075 1163 6023 1068 1156 6024 1075 1163 6025 1055 1143 6026 1068 1156 6027 1076 1164 6028 1075 1163 6029 1070 1158 6030 1076 1164 6031 1068 1156 6032 1070 1158 6033 1068 1156 6034 1066 1154 6035 1077 1165 6036 1078 1166 6037 1073 1161 6038 1077 1165 6039 1073 1161 6040 1074 1162 6041 1079 1167 6042 1077 1165 6043 1074 1162 6044 1079 1167 6045 1074 1162 6046 1075 1163 6047 1075 1163 6048 1080 1168 6049 1079 1167 6050 1075 1163 6051 1076 1164 6052 1080 1168 6053 1080 1168 6054 1076 1164 6055 1070 1158 6056 1080 1168 6057 1070 1158 6058 1081 1169 6059 1078 1166 6060 1072 1160 6061 1073 1161 6062 1078 1166 6063 1082 1170 6064 1072 1160 6065 1083 1171 6066 1072 1160 6067 1082 1170 6068 1083 1171 6069 1071 1159 6070 1072 1160 6071 1071 1159 6072 1083 1171 6073 1084 1172 6074 1071 1159 6075 1084 1172 6076 1069 1157 6077 1081 1169 6078 1069 1157 6079 1084 1172 6080 1081 1169 6081 1070 1158 6082 1069 1157 6083 1065 1153 6084 1081 1169 6085 1084 1172 6086 1065 1153 6087 1080 1168 6088 1081 1169 6089 1065 1153 6090 1067 1155 6091 1080 1168 6092 1067 1155 6093 1079 1167 6094 1080 1168 6095 1067 1155 6096 1054 1142 6097 1079 1167 6098 1056 1144 6099 1079 1167 6100 1054 1142 6101 1056 1144 6102 1077 1165 6103 1079 1167 6104 1058 1146 6105 1077 1165 6106 1056 1144 6107 1058 1146 6108 1078 1166 6109 1077 1165 6110 1078 1166 6111 1058 1146 6112 1059 1147 6113 1078 1166 6114 1059 1147 6115 1082 1170 6116 1059 1147 6117 1083 1171 6118 1082 1170 6119 1059 1147 6120 1061 1149 6121 1083 1171 6122 1083 1171 6123 1061 1149 6124 1063 1151 6125 1083 1171 6126 1063 1151 6127 1084 1172 6128 1065 1153 6129 1084 1172 6130 1063 1151 6131 1020 1108 6132 1031 1119 6133 1030 1118 6134 1020 1108 6135 1018 1106 6136 1031 1119 6137 1024 1112 6138 1031 1119 6139 1018 1106 6140 1024 1112 6141 1018 1106 6142 1016 1104 6143 1025 1113 6144 1024 1112 6145 1016 1104 6146 1025 1113 6147 1016 1104 6148 1015 1103 6149 1013 1101 6150 1025 1113 6151 1015 1103 6152 1013 1101 6153 1026 1114 6154 1025 1113 6155 1027 1115 6156 1026 1114 6157 1013 1101 6158 1027 1115 6159 1013 1101 6160 1012 1100 6161 1028 1116 6162 1027 1115 6163 1012 1100 6164 1028 1116 6165 1012 1100 6166 1011 1099 6167 1028 1116 6168 1011 1099 6169 1010 1098 6170 1028 1116 6171 1010 1098 6172 1029 1117 6173 1020 1108 6174 1029 1117 6175 1010 1098 6176 1020 1108 6177 1030 1118 6178 1029 1117 6179 451 539 6180 444 532 6181 443 531 6182 451 539 6183 452 540 6184 444 532 6185 444 532 6186 452 540 6187 453 541 6188 444 532 6189 453 541 6190 434 522 6191 434 522 6192 453 541 6193 455 543 6194 434 522 6195 455 543 6196 435 523 6197 446 534 6198 435 523 6199 455 543 6200 446 534 6201 437 525 6202 435 523 6203 437 525 6204 446 534 6205 445 533 6206 437 525 6207 445 533 6208 439 527 6209 445 533 6210 441 529 6211 439 527 6212 445 533 6213 449 537 6214 441 529 6215 442 530 6216 441 529 6217 449 537 6218 442 530 6219 449 537 6220 450 538 6221 450 538 6222 443 531 6223 442 530 6224 450 538 6225 451 539 6226 443 531 6227 517 605 6228 518 606 6229 498 586 6230 517 605 6231 498 586 6232 501 589 6233 501 589 6234 516 604 6235 517 605 6236 501 589 6237 502 590 6238 516 604 6239 503 591 6240 516 604 6241 502 590 6242 503 591 6243 515 603 6244 516 604 6245 515 603 6246 503 591 6247 504 592 6248 515 603 6249 504 592 6250 514 602 6251 505 593 6252 514 602 6253 504 592 6254 505 593 6255 512 600 6256 514 602 6257 505 593 6258 513 601 6259 512 600 6260 505 593 6261 506 594 6262 513 601 6263 506 594 6264 519 607 6265 513 601 6266 506 594 6267 507 595 6268 519 607 6269 519 607 6270 507 595 6271 498 586 6272 519 607 6273 498 586 6274 518 606 6275 921 1009 6276 951 1039 6277 942 1030 6278 921 1009 6279 920 1008 6280 951 1039 6281 933 1021 6282 951 1039 6283 920 1008 6284 933 1021 6285 949 1037 6286 951 1039 6287 931 1019 6288 949 1037 6289 933 1021 6290 931 1019 6291 948 1036 6292 949 1037 6293 930 1018 6294 948 1036 6295 931 1019 6296 930 1018 6297 947 1035 6298 948 1036 6299 928 1016 6300 947 1035 6301 930 1018 6302 928 1016 6303 946 1034 6304 947 1035 6305 946 1034 6306 928 1016 6307 925 1013 6308 946 1034 6309 925 1013 6310 945 1033 6311 944 1032 6312 945 1033 6313 925 1013 6314 944 1032 6315 925 1013 6316 924 1012 6317 924 1012 6318 942 1030 6319 944 1032 6320 924 1012 6321 921 1009 6322 942 1030 6323 1085 1173 6324 1086 1174 6325 1048 1136 6326 1085 1173 6327 1048 1136 6328 1047 1135 6329 1046 1134 6330 1085 1173 6331 1047 1135 6332 1046 1134 6333 1087 1175 6334 1085 1173 6335 1087 1175 6336 1046 1134 6337 1043 1131 6338 1087 1175 6339 1043 1131 6340 1088 1176 6341 1042 1130 6342 1088 1176 6343 1043 1131 6344 1042 1130 6345 1089 1177 6346 1088 1176 6347 1051 1139 6348 1089 1177 6349 1042 1130 6350 1051 1139 6351 1090 1178 6352 1089 1177 6353 1091 1179 6354 1090 1178 6355 1051 1139 6356 1091 1179 6357 1051 1139 6358 1050 1138 6359 1092 1180 6360 1091 1179 6361 1050 1138 6362 1092 1180 6363 1050 1138 6364 1049 1137 6365 1049 1137 6366 1086 1174 6367 1092 1180 6368 1049 1137 6369 1048 1136 6370 1086 1174 6371 1093 1181 6372 1087 1175 6373 1088 1176 6374 1085 1173 6375 1087 1175 6376 1093 1181 6377 1085 1173 6378 1093 1181 6379 1040 1128 6380 1040 1128 6381 1086 1174 6382 1085 1173 6383 1040 1128 6384 1038 1126 6385 1086 1174 6386 1086 1174 6387 1038 1126 6388 1036 1124 6389 1086 1174 6390 1036 1124 6391 1092 1180 6392 1092 1180 6393 1036 1124 6394 1032 1120 6395 1092 1180 6396 1032 1120 6397 1091 1179 6398 1090 1178 6399 1091 1179 6400 1032 1120 6401 1090 1178 6402 1032 1120 6403 1034 1122 6404 1089 1177 6405 1090 1178 6406 1034 1122 6407 1089 1177 6408 1034 1122 6409 1094 1182 6410 1089 1177 6411 1094 1182 6412 1095 1183 6413 1089 1177 6414 1095 1183 6415 1088 1176 6416 1093 1181 6417 1088 1176 6418 1095 1183 6419 1033 1121 6420 1094 1182 6421 1034 1122 6422 1033 1121 6423 1052 1140 6424 1094 1182 6425 1095 1183 6426 1094 1182 6427 1052 1140 6428 1095 1183 6429 1052 1140 6430 1044 1132 6431 1044 1132 6432 1093 1181 6433 1095 1183 6434 1044 1132 6435 1045 1133 6436 1093 1181 6437 1045 1133 6438 1040 1128 6439 1093 1181 6440 1045 1133 6441 1041 1129 6442 1040 1128 6443 295 354 6444 324 383 6445 325 384 6446 295 354 6447 297 356 6448 324 383 6449 324 383 6450 297 356 6451 300 359 6452 324 383 6453 300 359 6454 323 382 6455 322 381 6456 323 382 6457 300 359 6458 322 381 6459 300 359 6460 302 361 6461 302 361 6462 321 380 6463 322 381 6464 302 361 6465 303 362 6466 321 380 6467 305 364 6468 321 380 6469 303 362 6470 305 364 6471 320 379 6472 321 380 6473 320 379 6474 305 364 6475 308 367 6476 320 379 6477 308 367 6478 319 378 6479 310 369 6480 319 378 6481 308 367 6482 310 369 6483 326 385 6484 319 378 6485 310 369 6486 325 384 6487 326 385 6488 310 369 6489 295 354 6490 325 384 6491 418 500 6492 420 502 6493 397 479 6494 418 500 6495 397 479 6496 398 480 6497 398 480 6498 416 498 6499 418 500 6500 398 480 6501 400 482 6502 416 498 6503 402 484 6504 416 498 6505 400 482 6506 402 484 6507 415 497 6508 416 498 6509 415 497 6510 402 484 6511 405 487 6512 415 497 6513 405 487 6514 414 496 6515 406 488 6516 414 496 6517 405 487 6518 406 488 6519 413 495 6520 414 496 6521 406 488 6522 423 505 6523 413 495 6524 406 488 6525 392 474 6526 423 505 6527 423 505 6528 392 474 6529 394 476 6530 423 505 6531 394 476 6532 421 503 6533 421 503 6534 394 476 6535 397 479 6536 421 503 6537 397 479 6538 420 502 6539</p>
        </triangles>
        <triangles material="fob_engy-material" count="1541">
          <input semantic="VERTEX" source="#fob_e_stickybomb-mesh-vertices" offset="0"/>
          <input semantic="NORMAL" source="#fob_e_stickybomb-mesh-normals" offset="1"/>
          <input semantic="TEXCOORD" source="#fob_e_stickybomb-mesh-map-0" offset="2" set="0"/>
          <p>1096 1184 6540 1097 1185 6541 1098 1186 6542 1096 1187 6543 1099 1188 6544 1097 1189 6545 1100 1190 6546 1101 1191 6547 1102 1192 6548 1101 1191 6549 1103 1193 6550 1102 1192 6551 1101 1191 6552 1104 1194 6553 1103 1193 6554 1104 1194 6555 1105 1195 6556 1103 1193 6557 1104 1194 6558 1106 1196 6559 1105 1195 6560 1105 1195 6561 1106 1196 6562 1107 1197 6563 1105 1195 6564 1107 1197 6565 1108 1198 6566 1108 1198 6567 1107 1197 6568 1109 1199 6569 1108 1198 6570 1109 1199 6571 1110 1200 6572 1109 1199 6573 1111 1201 6574 1110 1200 6575 1109 1199 6576 1112 1202 6577 1111 1201 6578 1111 1201 6579 1112 1202 6580 1113 1203 6581 1111 1201 6582 1113 1203 6583 1114 1204 6584 1114 1204 6585 1113 1203 6586 1115 1205 6587 1114 1204 6588 1115 1205 6589 1116 1206 6590 1115 1205 6591 1117 1207 6592 1116 1206 6593 1115 1205 6594 1118 1208 6595 1117 1207 6596 1118 1208 6597 1119 1209 6598 1117 1207 6599 1118 1208 6600 1120 1210 6601 1119 1209 6602 1120 1210 6603 1121 1211 6604 1119 1209 6605 1120 1210 6606 1122 1212 6607 1121 1211 6608 1121 1211 6609 1122 1212 6610 1123 1213 6611 1121 1211 6612 1123 1213 6613 1124 1214 6614 1123 1213 6615 1125 1215 6616 1124 1214 6617 1123 1213 6618 1126 1216 6619 1125 1215 6620 1126 1216 6621 1127 1217 6622 1125 1215 6623 1126 1216 6624 1100 1190 6625 1127 1217 6626 1100 1190 6627 1102 1192 6628 1127 1217 6629 1128 1218 6630 1129 1219 6631 1130 1220 6632 1128 1218 6633 1131 1221 6634 1129 1219 6635 1131 1221 6636 1132 1222 6637 1129 1219 6638 1131 1221 6639 1133 1223 6640 1132 1222 6641 1133 1224 6642 1134 1225 6643 1135 1226 6644 1133 1224 6645 1131 1227 6646 1134 1225 6647 1131 1227 6648 1136 1228 6649 1134 1225 6650 1131 1227 6651 1128 1229 6652 1136 1228 6653 1132 1230 6654 1135 1231 6655 1137 1232 6656 1132 1230 6657 1133 1233 6658 1135 1231 6659 1128 1234 6660 1138 1235 6661 1136 1236 6662 1128 1234 6663 1130 1237 6664 1138 1235 6665 1139 1238 6666 1140 1239 6667 1141 1240 6668 1139 1238 6669 1142 1241 6670 1140 1239 6671 1143 1242 6672 1144 1243 6673 1145 1244 6674 1143 1242 6675 1146 1245 6676 1144 1243 6677 1147 1246 6678 1144 1243 6679 1146 1245 6680 1147 1246 6681 1148 1247 6682 1144 1243 6683 1148 1247 6684 1147 1246 6685 1149 1248 6686 1148 1247 6687 1149 1248 6688 1150 1249 6689 1150 1249 6690 1149 1248 6691 1151 1250 6692 1150 1249 6693 1151 1250 6694 1152 1251 6695 1150 1249 6696 1152 1251 6697 1139 1238 6698 1150 1249 6699 1139 1238 6700 1141 1240 6701 1150 1249 6702 1141 1240 6703 1153 1252 6704 1150 1249 6705 1153 1252 6706 1148 1247 6707 1153 1252 6708 1144 1243 6709 1148 1247 6710 1153 1252 6711 1154 1253 6712 1144 1243 6713 1140 1239 6714 1153 1252 6715 1141 1240 6716 1140 1239 6717 1155 1254 6718 1153 1252 6719 1154 1253 6720 1153 1252 6721 1155 1254 6722 1154 1253 6723 1155 1254 6724 1156 1255 6725 1157 1256 6726 1154 1253 6727 1156 1255 6728 1157 1256 6729 1158 1257 6730 1154 1253 6731 1159 1258 6732 1158 1257 6733 1157 1256 6734 1159 1258 6735 1160 1259 6736 1158 1257 6737 1160 1259 6738 1159 1258 6739 1161 1260 6740 1160 1259 6741 1161 1260 6742 1162 1261 6743 1161 1260 6744 1163 1262 6745 1162 1261 6746 1164 1263 6747 1162 1261 6748 1163 1262 6749 1164 1263 6750 1163 1262 6751 1165 1264 6752 1165 1264 6753 1166 1265 6754 1164 1263 6755 1166 1265 6756 1167 1266 6757 1164 1263 6758 1166 1265 6759 1168 1267 6760 1167 1266 6761 1145 1244 6762 1167 1266 6763 1168 1267 6764 1145 1244 6765 1168 1267 6766 1143 1242 6767 1160 1259 6768 1162 1261 6769 1164 1263 6770 1160 1259 6771 1164 1263 6772 1167 1266 6773 1145 1244 6774 1160 1259 6775 1167 1266 6776 1165 1264 6777 1169 1268 6778 1166 1265 6779 1161 1260 6780 1170 1269 6781 1163 1262 6782 1145 1244 6783 1158 1257 6784 1160 1259 6785 1158 1257 6786 1145 1244 6787 1144 1243 6788 1158 1257 6789 1144 1243 6790 1154 1253 6791 1171 1270 6792 1172 1271 6793 1173 1272 6794 1171 1270 6795 1173 1272 6796 1174 1273 6797 1171 1270 6798 1174 1273 6799 1175 1274 6800 1176 1275 6801 1175 1274 6802 1174 1273 6803 1177 1276 6804 1175 1274 6805 1176 1275 6806 1177 1276 6807 1171 1270 6808 1175 1274 6809 1178 1277 6810 1171 1270 6811 1177 1276 6812 1178 1277 6813 1172 1271 6814 1171 1270 6815 1178 1277 6816 1173 1272 6817 1172 1271 6818 1178 1277 6819 1179 1278 6820 1173 1272 6821 1179 1278 6822 1174 1273 6823 1173 1272 6824 1179 1278 6825 1180 1279 6826 1174 1273 6827 1176 1275 6828 1174 1273 6829 1180 1279 6830 1181 1280 6831 1182 1281 6832 1183 1282 6833 1183 1282 6834 1182 1281 6835 1184 1283 6836 1184 1283 6837 1182 1281 6838 1185 1284 6839 1185 1284 6840 1182 1281 6841 1186 1285 6842 1186 1285 6843 1182 1281 6844 1187 1286 6845 1187 1286 6846 1182 1281 6847 1188 1287 6848 1188 1287 6849 1182 1281 6850 1189 1288 6851 1189 1288 6852 1182 1281 6853 1190 1289 6854 1190 1289 6855 1182 1281 6856 1191 1290 6857 1191 1290 6858 1182 1281 6859 1192 1291 6860 1192 1291 6861 1182 1281 6862 1193 1292 6863 1193 1292 6864 1182 1281 6865 1194 1293 6866 1194 1293 6867 1182 1281 6868 1195 1294 6869 1195 1294 6870 1182 1281 6871 1181 1280 6872 1196 1295 6873 1197 1296 6874 1198 1297 6875 1196 1295 6876 1198 1297 6877 1199 1298 6878 1196 1295 6879 1199 1298 6880 1200 1299 6881 1201 1300 6882 1200 1299 6883 1199 1298 6884 1201 1300 6885 1196 1295 6886 1200 1299 6887 1201 1300 6888 1202 1301 6889 1196 1295 6890 1202 1301 6891 1197 1296 6892 1196 1295 6893 1202 1301 6894 1203 1302 6895 1197 1296 6896 1204 1303 6897 1197 1296 6898 1203 1302 6899 1204 1303 6900 1198 1297 6901 1197 1296 6902 1205 1304 6903 1198 1297 6904 1204 1303 6905 1205 1304 6906 1199 1298 6907 1198 1297 6908 1201 1300 6909 1199 1298 6910 1205 1304 6911 1206 1305 6912 1207 1306 6913 1208 1307 6914 1206 1305 6915 1208 1307 6916 1209 1308 6917 1206 1305 6918 1209 1308 6919 1210 1309 6920 1211 1310 6921 1210 1309 6922 1209 1308 6923 1211 1310 6924 1206 1305 6925 1210 1309 6926 1211 1310 6927 1212 1311 6928 1206 1305 6929 1212 1311 6930 1207 1306 6931 1206 1305 6932 1212 1311 6933 1213 1312 6934 1207 1306 6935 1214 1313 6936 1207 1306 6937 1213 1312 6938 1214 1313 6939 1208 1307 6940 1207 1306 6941 1215 1314 6942 1208 1307 6943 1214 1313 6944 1215 1314 6945 1209 1308 6946 1208 1307 6947 1211 1310 6948 1209 1308 6949 1215 1314 6950 1216 1315 6951 1217 1316 6952 1218 1317 6953 1216 1315 6954 1218 1317 6955 1219 1318 6956 1216 1315 6957 1219 1318 6958 1220 1319 6959 1221 1320 6960 1220 1319 6961 1219 1318 6962 1221 1320 6963 1216 1315 6964 1220 1319 6965 1221 1320 6966 1222 1321 6967 1216 1315 6968 1222 1321 6969 1217 1316 6970 1216 1315 6971 1222 1321 6972 1223 1322 6973 1217 1316 6974 1224 1323 6975 1217 1316 6976 1223 1322 6977 1224 1323 6978 1218 1317 6979 1217 1316 6980 1225 1324 6981 1218 1317 6982 1224 1323 6983 1225 1324 6984 1219 1318 6985 1218 1317 6986 1221 1320 6987 1219 1318 6988 1225 1324 6989 1226 1325 6990 1227 1326 6991 1228 1327 6992 1226 1325 6993 1228 1327 6994 1229 1328 6995 1226 1325 6996 1229 1328 6997 1230 1329 6998 1231 1330 6999 1230 1329 7000 1229 1328 7001 1231 1330 7002 1232 1331 7003 1230 1329 7004 1232 1331 7005 1226 1325 7006 1230 1329 7007 1232 1331 7008 1233 1332 7009 1226 1325 7010 1234 1333 7011 1226 1325 7012 1233 1332 7013 1234 1333 7014 1227 1326 7015 1226 1325 7016 1235 1334 7017 1227 1326 7018 1234 1333 7019 1235 1334 7020 1228 1327 7021 1227 1326 7022 1231 1330 7023 1228 1327 7024 1235 1334 7025 1231 1330 7026 1229 1328 7027 1228 1327 7028 1132 1335 7029 1137 1336 7030 1236 1337 7031 1132 1335 7032 1236 1337 7033 1129 1338 7034 1236 1337 7035 1130 1339 7036 1129 1338 7037 1236 1337 7038 1138 1340 7039 1130 1339 7040 1237 1341 7041 1238 1342 7042 1239 1343 7043 1237 1341 7044 1239 1343 7045 1240 1344 7046 1237 1341 7047 1240 1344 7048 1241 1345 7049 1242 1346 7050 1241 1345 7051 1240 1344 7052 1242 1346 7053 1237 1341 7054 1241 1345 7055 1242 1346 7056 1243 1347 7057 1237 1341 7058 1243 1347 7059 1238 1342 7060 1237 1341 7061 1243 1347 7062 1244 1348 7063 1238 1342 7064 1245 1349 7065 1238 1342 7066 1244 1348 7067 1245 1349 7068 1239 1343 7069 1238 1342 7070 1246 1350 7071 1239 1343 7072 1245 1349 7073 1246 1350 7074 1240 1344 7075 1239 1343 7076 1242 1346 7077 1240 1344 7078 1246 1350 7079 1247 1351 7080 1248 1352 7081 1249 1353 7082 1247 1351 7083 1249 1353 7084 1250 1354 7085 1247 1351 7086 1250 1354 7087 1251 1355 7088 1252 1356 7089 1251 1355 7090 1250 1354 7091 1252 1356 7092 1247 1351 7093 1251 1355 7094 1252 1356 7095 1253 1357 7096 1247 1351 7097 1253 1357 7098 1248 1352 7099 1247 1351 7100 1253 1357 7101 1254 1358 7102 1248 1352 7103 1255 1359 7104 1248 1352 7105 1254 1358 7106 1255 1359 7107 1249 1353 7108 1248 1352 7109 1256 1360 7110 1249 1353 7111 1255 1359 7112 1256 1360 7113 1250 1354 7114 1249 1353 7115 1252 1356 7116 1250 1354 7117 1256 1360 7118 1257 1361 7119 1258 1362 7120 1259 1363 7121 1257 1361 7122 1259 1363 7123 1260 1364 7124 1257 1361 7125 1260 1364 7126 1261 1365 7127 1262 1366 7128 1261 1365 7129 1260 1364 7130 1262 1366 7131 1257 1361 7132 1261 1365 7133 1262 1366 7134 1263 1367 7135 1257 1361 7136 1263 1367 7137 1258 1362 7138 1257 1361 7139 1263 1367 7140 1264 1368 7141 1258 1362 7142 1265 1369 7143 1258 1362 7144 1264 1368 7145 1265 1369 7146 1259 1363 7147 1258 1362 7148 1266 1370 7149 1259 1363 7150 1265 1369 7151 1266 1370 7152 1260 1364 7153 1259 1363 7154 1262 1366 7155 1260 1364 7156 1266 1370 7157 1267 1371 7158 1268 1372 7159 1269 1373 7160 1267 1371 7161 1270 1374 7162 1268 1372 7163 1270 1374 7164 1271 1375 7165 1268 1372 7166 1270 1374 7167 1272 1376 7168 1271 1375 7169 1273 1377 7170 1271 1375 7171 1272 1376 7172 1273 1377 7173 1272 1376 7174 1274 1378 7175 1274 1378 7176 1275 1379 7177 1273 1377 7178 1274 1378 7179 1276 1380 7180 1275 1379 7181 1277 1381 7182 1275 1379 7183 1276 1380 7184 1277 1381 7185 1278 1382 7186 1275 1379 7187 1277 1381 7188 1279 1383 7189 1278 1382 7190 1277 1381 7191 1280 1384 7192 1279 1383 7193 1280 1384 7194 1281 1385 7195 1279 1383 7196 1280 1384 7197 1282 1386 7198 1281 1385 7199 1283 1387 7200 1281 1385 7201 1282 1386 7202 1283 1387 7203 1284 1388 7204 1281 1385 7205 1283 1387 7206 1285 1389 7207 1284 1388 7208 1283 1387 7209 1286 1390 7210 1285 1389 7211 1287 1391 7212 1288 1392 7213 1289 1393 7214 1287 1391 7215 1290 1394 7216 1288 1392 7217 1291 1395 7218 1288 1392 7219 1290 1394 7220 1291 1395 7221 1292 1396 7222 1288 1392 7223 1293 1397 7224 1292 1396 7225 1291 1395 7226 1293 1397 7227 1294 1398 7228 1292 1396 7229 1295 1399 7230 1294 1398 7231 1293 1397 7232 1295 1399 7233 1293 1397 7234 1296 1400 7235 1297 1401 7236 1295 1399 7237 1296 1400 7238 1297 1401 7239 1298 1402 7240 1295 1399 7241 1299 1403 7242 1298 1402 7243 1297 1401 7244 1299 1403 7245 1300 1404 7246 1298 1402 7247 1301 1405 7248 1300 1404 7249 1299 1403 7250 1301 1405 7251 1299 1403 7252 1302 1406 7253 1303 1407 7254 1304 1408 7255 1305 1409 7256 1303 1407 7257 1306 1410 7258 1304 1408 7259 1307 1411 7260 1308 1412 7261 1309 1413 7262 1308 1412 7263 1310 1414 7264 1309 1413 7265 1309 1413 7266 1310 1414 7267 1311 1415 7268 1310 1414 7269 1312 1416 7270 1311 1415 7271 1312 1416 7272 1303 1407 7273 1311 1415 7274 1312 1416 7275 1313 1417 7276 1303 1407 7277 1313 1417 7278 1306 1410 7279 1303 1407 7280 1313 1417 7281 1314 1418 7282 1306 1410 7283 1304 1408 7284 1315 1419 7285 1316 1420 7286 1304 1408 7287 1317 1421 7288 1315 1419 7289 1306 1410 7290 1317 1421 7291 1304 1408 7292 1306 1410 7293 1318 1422 7294 1317 1421 7295 1319 1423 7296 1318 1422 7297 1306 1410 7298 1319 1423 7299 1306 1410 7300 1314 1418 7301 1319 1423 7302 1314 1418 7303 1281 1424 7304 1279 1425 7305 1281 1424 7306 1314 1418 7307 1279 1425 7308 1314 1418 7309 1313 1417 7310 1278 1426 7311 1279 1425 7312 1313 1417 7313 1278 1426 7314 1313 1417 7315 1312 1416 7316 1278 1426 7317 1312 1416 7318 1320 1427 7319 1310 1414 7320 1320 1427 7321 1312 1416 7322 1321 1428 7323 1320 1427 7324 1310 1414 7325 1308 1412 7326 1321 1428 7327 1310 1414 7328 1322 1429 7329 1321 1428 7330 1308 1412 7331 1323 1430 7332 1322 1429 7333 1308 1412 7334 1323 1430 7335 1308 1412 7336 1307 1411 7337 1324 1431 7338 1323 1430 7339 1307 1411 7340 1278 1426 7341 1320 1427 7342 1275 1432 7343 1275 1432 7344 1320 1427 7345 1325 1433 7346 1321 1428 7347 1325 1433 7348 1320 1427 7349 1326 1434 7350 1325 1433 7351 1321 1428 7352 1322 1429 7353 1326 1434 7354 1321 1428 7355 1326 1434 7356 1327 1435 7357 1325 1433 7358 1319 1423 7359 1281 1424 7360 1284 1436 7361 1284 1436 7362 1285 1437 7363 1319 1423 7364 1275 1432 7365 1325 1433 7366 1273 1438 7367 1273 1438 7368 1325 1433 7369 1271 1439 7370 1271 1439 7371 1325 1433 7372 1327 1435 7373 1271 1439 7374 1327 1435 7375 1268 1440 7376 1268 1440 7377 1327 1435 7378 1269 1441 7379 1311 1415 7380 1303 1407 7381 1305 1409 7382 1311 1415 7383 1305 1409 7384 1328 1442 7385 1309 1413 7386 1311 1415 7387 1328 1442 7388 1329 1443 7389 1309 1413 7390 1328 1442 7391 1307 1411 7392 1309 1413 7393 1329 1443 7394 1330 1444 7395 1307 1411 7396 1329 1443 7397 1324 1431 7398 1307 1411 7399 1330 1444 7400 1330 1444 7401 1331 1445 7402 1324 1431 7403 1330 1444 7404 1332 1446 7405 1331 1445 7406 1332 1446 7407 1333 1447 7408 1331 1445 7409 1332 1446 7410 1334 1448 7411 1333 1447 7412 1333 1447 7413 1334 1448 7414 1335 1449 7415 1336 1450 7416 1335 1449 7417 1334 1448 7418 1336 1450 7419 1337 1451 7420 1335 1449 7421 1328 1442 7422 1337 1451 7423 1336 1450 7424 1328 1442 7425 1305 1409 7426 1337 1451 7427 1305 1409 7428 1316 1420 7429 1337 1451 7430 1305 1409 7431 1304 1408 7432 1316 1420 7433 1332 1446 7434 1336 1450 7435 1334 1448 7436 1332 1446 7437 1329 1443 7438 1336 1450 7439 1329 1443 7440 1328 1442 7441 1336 1450 7442 1330 1444 7443 1329 1443 7444 1332 1446 7445 1333 1447 7446 1335 1449 7447 1338 1452 7448 1338 1452 7449 1335 1449 7450 1339 1453 7451 1337 1451 7452 1339 1453 7453 1335 1449 7454 1337 1451 7455 1316 1420 7456 1339 1453 7457 1316 1420 7458 1340 1454 7459 1339 1453 7460 1316 1420 7461 1315 1419 7462 1340 1454 7463 1338 1452 7464 1339 1453 7465 1340 1454 7466 1341 1455 7467 1342 1456 7468 1343 1457 7469 1342 1456 7470 1344 1458 7471 1343 1457 7472 1345 1459 7473 1343 1457 7474 1344 1458 7475 1345 1459 7476 1344 1458 7477 1346 1460 7478 1347 1461 7479 1346 1460 7480 1344 1458 7481 1347 1461 7482 1348 1462 7483 1346 1460 7484 1342 1456 7485 1347 1461 7486 1344 1458 7487 1349 1463 7488 1346 1460 7489 1348 1462 7490 1350 1464 7491 1351 1465 7492 1352 1466 7493 1350 1464 7494 1352 1466 7495 1353 1467 7496 1354 1468 7497 1353 1467 7498 1352 1466 7499 1354 1468 7500 1355 1469 7501 1353 1467 7502 1356 1470 7503 1355 1469 7504 1354 1468 7505 1357 1471 7506 1355 1469 7507 1356 1470 7508 1357 1471 7509 1356 1470 7510 1358 1472 7511 1358 1472 7512 1356 1470 7513 1359 1473 7514 1358 1472 7515 1359 1473 7516 1360 1474 7517 1360 1474 7518 1359 1473 7519 1361 1475 7520 1360 1474 7521 1361 1475 7522 1362 1476 7523 1349 1463 7524 1362 1476 7525 1361 1475 7526 1349 1463 7527 1361 1475 7528 1363 1477 7529 1349 1463 7530 1363 1477 7531 1346 1460 7532 1346 1460 7533 1363 1477 7534 1364 1478 7535 1346 1460 7536 1364 1478 7537 1345 1459 7538 1365 1479 7539 1345 1459 7540 1364 1478 7541 1343 1457 7542 1345 1459 7543 1365 1479 7544 1361 1475 7545 1364 1478 7546 1363 1477 7547 1357 1471 7548 1353 1467 7549 1355 1469 7550 1357 1471 7551 1350 1464 7552 1353 1467 7553 1365 1479 7554 1366 1480 7555 1367 1481 7556 1365 1479 7557 1367 1481 7558 1368 1482 7559 1366 1480 7560 1369 1483 7561 1370 1484 7562 1366 1480 7563 1365 1479 7564 1369 1483 7565 1365 1479 7566 1364 1478 7567 1369 1483 7568 1343 1457 7569 1365 1479 7570 1368 1482 7571 1341 1455 7572 1343 1457 7573 1368 1482 7574 1341 1455 7575 1368 1482 7576 1367 1481 7577 1341 1455 7578 1367 1481 7579 1371 1485 7580 1371 1485 7581 1367 1481 7582 1366 1480 7583 1371 1485 7584 1366 1480 7585 1372 1486 7586 1372 1486 7587 1366 1480 7588 1370 1484 7589 1372 1486 7590 1370 1484 7591 1373 1487 7592 1351 1465 7593 1373 1487 7594 1370 1484 7595 1351 1465 7596 1370 1484 7597 1352 1466 7598 1352 1466 7599 1370 1484 7600 1369 1483 7601 1352 1466 7602 1369 1483 7603 1354 1468 7604 1364 1478 7605 1354 1468 7606 1369 1483 7607 1364 1478 7608 1374 1488 7609 1354 1468 7610 1361 1475 7611 1374 1488 7612 1364 1478 7613 1374 1488 7614 1361 1475 7615 1359 1473 7616 1374 1488 7617 1359 1473 7618 1356 1470 7619 1356 1470 7620 1354 1468 7621 1374 1488 7622 1143 1242 7623 1157 1256 7624 1156 1255 7625 1143 1242 7626 1156 1255 7627 1146 1245 7628 1155 1254 7629 1146 1245 7630 1156 1255 7631 1155 1254 7632 1147 1246 7633 1146 1245 7634 1155 1254 7635 1149 1248 7636 1147 1246 7637 1155 1254 7638 1140 1239 7639 1149 1248 7640 1149 1248 7641 1140 1239 7642 1142 1241 7643 1149 1248 7644 1142 1241 7645 1151 1250 7646 1151 1250 7647 1142 1241 7648 1170 1269 7649 1151 1250 7650 1170 1269 7651 1169 1268 7652 1152 1251 7653 1151 1250 7654 1169 1268 7655 1152 1251 7656 1169 1268 7657 1165 1264 7658 1152 1251 7659 1165 1264 7660 1163 1262 7661 1152 1251 7662 1163 1262 7663 1139 1238 7664 1139 1238 7665 1163 1262 7666 1170 1269 7667 1139 1238 7668 1170 1269 7669 1142 1241 7670 1375 1489 7671 1376 1490 7672 1377 1491 7673 1378 1492 7674 1377 1491 7675 1376 1490 7676 1378 1492 7677 1376 1490 7678 1379 1493 7679 1379 1493 7680 1376 1490 7681 1375 1489 7682 1379 1493 7683 1375 1489 7684 1380 1494 7685 1380 1494 7686 1375 1489 7687 1381 1495 7688 1380 1494 7689 1381 1495 7690 1382 1496 7691 1383 1497 7692 1382 1496 7693 1381 1495 7694 1383 1497 7695 1381 1495 7696 1384 1498 7697 1378 1492 7698 1383 1497 7699 1384 1498 7700 1378 1492 7701 1384 1498 7702 1377 1491 7703 1375 1489 7704 1377 1491 7705 1384 1498 7706 1375 1489 7707 1384 1498 7708 1381 1495 7709 1385 1499 7710 1386 1500 7711 1387 1501 7712 1385 1499 7713 1388 1502 7714 1386 1500 7715 1389 1503 7716 1388 1504 7717 1390 1505 7718 1389 1503 7719 1386 1506 7720 1388 1504 7721 1391 1507 7722 1392 1508 7723 1393 1509 7724 1391 1507 7725 1394 1510 7726 1392 1508 7727 1394 1511 7728 1395 1512 7729 1396 1513 7730 1394 1511 7731 1391 1514 7732 1395 1512 7733 1395 1515 7734 1390 1516 7735 1396 1517 7736 1395 1515 7737 1389 1518 7738 1390 1516 7739 1397 1519 7740 1398 1520 7741 1399 1521 7742 1397 1519 7743 1399 1521 7744 1400 1522 7745 1397 1519 7746 1400 1522 7747 1401 1523 7748 1402 1524 7749 1401 1523 7750 1400 1522 7751 1402 1524 7752 1403 1525 7753 1401 1523 7754 1403 1525 7755 1397 1519 7756 1401 1523 7757 1403 1525 7758 1404 1526 7759 1397 1519 7760 1405 1527 7761 1397 1519 7762 1404 1526 7763 1405 1527 7764 1398 1520 7765 1397 1519 7766 1406 1528 7767 1398 1520 7768 1405 1527 7769 1406 1528 7770 1399 1521 7771 1398 1520 7772 1402 1524 7773 1399 1521 7774 1406 1528 7775 1402 1524 7776 1400 1522 7777 1399 1521 7778 1407 1529 7779 1408 1530 7780 1409 1531 7781 1410 1532 7782 1409 1531 7783 1408 1530 7784 1410 1532 7785 1408 1530 7786 1411 1533 7787 1411 1533 7788 1408 1530 7789 1407 1529 7790 1411 1533 7791 1407 1529 7792 1412 1534 7793 1412 1534 7794 1407 1529 7795 1413 1535 7796 1412 1534 7797 1413 1535 7798 1414 1536 7799 1415 1537 7800 1414 1536 7801 1413 1535 7802 1415 1537 7803 1413 1535 7804 1416 1538 7805 1410 1532 7806 1415 1537 7807 1416 1538 7808 1410 1532 7809 1416 1538 7810 1409 1531 7811 1407 1529 7812 1409 1531 7813 1416 1538 7814 1407 1529 7815 1416 1538 7816 1413 1535 7817 1289 1539 7818 1417 1540 7819 1287 1541 7820 1289 1539 7821 1418 1542 7822 1417 1540 7823 1417 1543 7824 1286 1544 7825 1287 1545 7826 1417 1543 7827 1419 1546 7828 1286 1544 7829 1285 1547 7830 1419 1548 7831 1420 1549 7832 1285 1547 7833 1286 1550 7834 1419 1548 7835 1269 1551 7836 1421 1552 7837 1267 1553 7838 1269 1551 7839 1422 1554 7840 1421 1552 7841 1327 1555 7842 1423 1556 7843 1424 1557 7844 1327 1555 7845 1326 1558 7846 1423 1556 7847 1322 1559 7848 1423 1556 7849 1326 1558 7850 1322 1559 7851 1425 1560 7852 1423 1556 7853 1322 1559 7854 1426 1561 7855 1425 1560 7856 1322 1559 7857 1427 1562 7858 1426 1561 7859 1428 1563 7860 1426 1561 7861 1427 1562 7862 1428 1563 7863 1429 1564 7864 1426 1561 7865 1430 1565 7866 1431 1566 7867 1432 1567 7868 1433 1568 7869 1432 1567 7870 1431 1566 7871 1433 1568 7872 1431 1566 7873 1434 1569 7874 1434 1569 7875 1431 1566 7876 1430 1565 7877 1434 1569 7878 1430 1565 7879 1435 1570 7880 1435 1570 7881 1430 1565 7882 1436 1571 7883 1435 1570 7884 1436 1571 7885 1437 1572 7886 1438 1573 7887 1437 1572 7888 1436 1571 7889 1438 1573 7890 1436 1571 7891 1439 1574 7892 1433 1568 7893 1438 1573 7894 1439 1574 7895 1433 1568 7896 1439 1574 7897 1432 1567 7898 1430 1565 7899 1432 1567 7900 1439 1574 7901 1430 1565 7902 1439 1574 7903 1436 1571 7904 1440 1575 7905 1441 1576 7906 1301 1577 7907 1440 1575 7908 1442 1578 7909 1441 1576 7910 1327 1579 7911 1422 1580 7912 1269 1581 7913 1327 1579 7914 1424 1582 7915 1422 1580 7916 1443 1583 7917 1418 1584 7918 1289 1585 7919 1443 1583 7920 1444 1586 7921 1418 1584 7922 1285 1587 7923 1445 1588 7924 1319 1589 7925 1285 1587 7926 1420 1590 7927 1445 1588 7928 1446 1591 7929 1447 1592 7930 1448 1593 7931 1446 1591 7932 1449 1594 7933 1447 1592 7934 1450 1595 7935 1447 1592 7936 1449 1594 7937 1450 1595 7938 1451 1596 7939 1447 1592 7940 1452 1597 7941 1451 1596 7942 1450 1595 7943 1452 1597 7944 1453 1598 7945 1451 1596 7946 1454 1599 7947 1455 1600 7948 1456 1601 7949 1457 1602 7950 1456 1601 7951 1455 1600 7952 1457 1602 7953 1455 1600 7954 1458 1603 7955 1458 1603 7956 1455 1600 7957 1454 1599 7958 1458 1603 7959 1454 1599 7960 1459 1604 7961 1459 1604 7962 1454 1599 7963 1460 1605 7964 1459 1604 7965 1460 1605 7966 1461 1606 7967 1462 1607 7968 1461 1606 7969 1460 1605 7970 1462 1607 7971 1460 1605 7972 1463 1608 7973 1457 1602 7974 1462 1607 7975 1463 1608 7976 1457 1602 7977 1463 1608 7978 1456 1601 7979 1454 1599 7980 1456 1601 7981 1463 1608 7982 1454 1599 7983 1463 1608 7984 1460 1605 7985 1301 1609 7986 1464 1610 7987 1440 1611 7988 1301 1609 7989 1302 1612 7990 1464 1610 7991 1267 1613 7992 1464 1614 7993 1302 1615 7994 1267 1613 7995 1421 1616 7996 1464 1614 7997 1395 1617 7998 1465 1618 7999 1466 1619 8000 1395 1617 8001 1466 1619 8002 1467 1620 8003 1468 1621 8004 1395 1617 8005 1467 1620 8006 1469 1622 8007 1395 1617 8008 1468 1621 8009 1389 1623 8010 1395 1617 8011 1469 1622 8012 1389 1623 8013 1469 1622 8014 1470 1624 8015 1470 1624 8016 1471 1625 8017 1389 1623 8018 1472 1626 8019 1389 1623 8020 1471 1625 8021 1472 1626 8022 1473 1627 8023 1389 1623 8024 1395 1628 8025 1393 1629 8026 1465 1630 8027 1395 1628 8028 1391 1631 8029 1393 1629 8030 1389 1632 8031 1387 1633 8032 1386 1634 8033 1389 1632 8034 1473 1635 8035 1387 1633 8036 1474 1636 8037 1475 1637 8038 1476 1638 8039 1474 1636 8040 1477 1639 8041 1475 1637 8042 1475 1637 8043 1478 1640 8044 1479 1641 8045 1475 1637 8046 1477 1639 8047 1478 1640 8048 1478 1640 8049 1480 1642 8050 1479 1641 8051 1478 1640 8052 1481 1643 8053 1480 1642 8054 1480 1642 8055 1482 1644 8056 1483 1645 8057 1480 1642 8058 1481 1643 8059 1482 1644 8060 1482 1644 8061 1484 1646 8062 1483 1645 8063 1482 1644 8064 1485 1647 8065 1484 1646 8066 1486 1648 8067 1474 1636 8068 1476 1638 8069 1486 1648 8070 1487 1649 8071 1474 1636 8072 1484 1646 8073 1485 1647 8074 1488 1650 8075 1484 1646 8076 1488 1650 8077 1489 1651 8078 1488 1650 8079 1490 1652 8080 1489 1651 8081 1488 1650 8082 1491 1653 8083 1490 1652 8084 1490 1652 8085 1492 1654 8086 1493 1655 8087 1490 1652 8088 1491 1653 8089 1492 1654 8090 1492 1654 8091 1494 1656 8092 1493 1655 8093 1492 1654 8094 1495 1657 8095 1494 1656 8096 1494 1656 8097 1496 1658 8098 1497 1659 8099 1494 1656 8100 1495 1657 8101 1496 1658 8102 1496 1658 8103 1498 1660 8104 1497 1659 8105 1496 1658 8106 1499 1661 8107 1498 1660 8108 1498 1660 8109 1500 1662 8110 1501 1663 8111 1498 1660 8112 1499 1661 8113 1500 1662 8114 1500 1662 8115 1502 1664 8116 1501 1663 8117 1500 1662 8118 1503 1665 8119 1502 1664 8120 1504 1666 8121 1487 1649 8122 1486 1648 8123 1504 1666 8124 1486 1648 8125 1505 1667 8126 1502 1664 8127 1504 1666 8128 1505 1667 8129 1502 1664 8130 1503 1665 8131 1504 1666 8132 1506 1668 8133 1507 1669 8134 1508 1670 8135 1509 1671 8136 1508 1670 8137 1507 1669 8138 1509 1671 8139 1507 1669 8140 1510 1672 8141 1510 1672 8142 1507 1669 8143 1506 1668 8144 1510 1672 8145 1506 1668 8146 1511 1673 8147 1511 1673 8148 1506 1668 8149 1512 1674 8150 1511 1673 8151 1512 1674 8152 1513 1675 8153 1514 1676 8154 1513 1675 8155 1512 1674 8156 1514 1676 8157 1512 1674 8158 1515 1677 8159 1509 1671 8160 1514 1676 8161 1515 1677 8162 1509 1671 8163 1515 1677 8164 1508 1670 8165 1506 1668 8166 1508 1670 8167 1515 1677 8168 1506 1668 8169 1515 1677 8170 1512 1674 8171 1516 1678 8172 1468 1679 8173 1467 1680 8174 1468 1679 8175 1516 1678 8176 1517 1681 8177 1468 1679 8178 1517 1681 8179 1469 1682 8180 1517 1681 8181 1470 1683 8182 1469 1682 8183 1517 1681 8184 1518 1684 8185 1470 1683 8186 1471 1685 8187 1470 1683 8188 1518 1684 8189 1472 1686 8190 1519 1687 8191 1520 1688 8192 1472 1686 8193 1471 1685 8194 1519 1687 8195 1471 1685 8196 1518 1684 8197 1519 1687 8198 1519 1687 8199 1518 1684 8200 1521 1689 8201 1517 1681 8202 1521 1689 8203 1518 1684 8204 1517 1681 8205 1522 1690 8206 1521 1689 8207 1517 1681 8208 1523 1691 8209 1522 1690 8210 1517 1681 8211 1524 1692 8212 1523 1691 8213 1517 1681 8214 1525 1693 8215 1524 1692 8216 1517 1681 8217 1516 1678 8218 1525 1693 8219 1526 1694 8220 1525 1693 8221 1516 1678 8222 1516 1678 8223 1467 1680 8224 1526 1694 8225 1526 1694 8226 1467 1680 8227 1466 1695 8228 1526 1694 8229 1466 1695 8230 1527 1696 8231 1528 1697 8232 1529 1698 8233 1530 1699 8234 1528 1697 8235 1531 1700 8236 1529 1698 8237 1531 1701 8238 1532 1702 8239 1529 1703 8240 1531 1701 8241 1533 1704 8242 1532 1702 8243 1533 1704 8244 1534 1705 8245 1532 1702 8246 1533 1704 8247 1535 1706 8248 1534 1705 8249 1536 1707 8250 1528 1697 8251 1530 1699 8252 1536 1707 8253 1537 1708 8254 1528 1697 8255 1538 1709 8256 1539 1710 8257 1540 1711 8258 1538 1709 8259 1541 1712 8260 1539 1710 8261 1539 1710 8262 1541 1712 8263 1542 1713 8264 1539 1710 8265 1542 1713 8266 1543 1714 8267 1542 1713 8268 1544 1715 8269 1543 1714 8270 1542 1713 8271 1545 1716 8272 1544 1715 8273 1545 1716 8274 1546 1717 8275 1544 1715 8276 1545 1716 8277 1547 1718 8278 1546 1717 8279 1547 1718 8280 1548 1719 8281 1546 1717 8282 1547 1718 8283 1549 1720 8284 1548 1719 8285 1550 1721 8286 1548 1719 8287 1549 1720 8288 1550 1721 8289 1549 1720 8290 1551 1722 8291 1552 1723 8292 1550 1721 8293 1551 1722 8294 1552 1723 8295 1551 1722 8296 1553 1724 8297 1553 1724 8298 1554 1725 8299 1552 1723 8300 1553 1724 8301 1555 1726 8302 1554 1725 8303 1555 1726 8304 1556 1727 8305 1554 1725 8306 1555 1726 8307 1557 1728 8308 1556 1727 8309 1558 1729 8310 1556 1727 8311 1557 1728 8312 1558 1729 8313 1559 1730 8314 1556 1727 8315 1560 1731 8316 1559 1730 8317 1558 1729 8318 1560 1731 8319 1561 1732 8320 1559 1730 8321 1562 1733 8322 1561 1732 8323 1560 1731 8324 1562 1733 8325 1563 1734 8326 1561 1732 8327 1564 1735 8328 1563 1734 8329 1562 1733 8330 1564 1735 8331 1565 1736 8332 1563 1734 8333 1565 1736 8334 1564 1735 8335 1566 1737 8336 1565 1736 8337 1566 1737 8338 1567 1738 8339 1567 1738 8340 1566 1737 8341 1568 1739 8342 1567 1738 8343 1568 1739 8344 1569 1740 8345 1569 1740 8346 1568 1739 8347 1538 1709 8348 1569 1740 8349 1538 1709 8350 1540 1711 8351 1570 1741 8352 1571 1742 8353 1572 1743 8354 1573 1744 8355 1572 1743 8356 1571 1742 8357 1573 1744 8358 1571 1742 8359 1574 1745 8360 1574 1745 8361 1571 1742 8362 1570 1741 8363 1574 1745 8364 1570 1741 8365 1575 1746 8366 1575 1746 8367 1570 1741 8368 1576 1747 8369 1575 1746 8370 1576 1747 8371 1577 1748 8372 1578 1749 8373 1577 1748 8374 1576 1747 8375 1578 1749 8376 1576 1747 8377 1579 1750 8378 1573 1744 8379 1578 1749 8380 1579 1750 8381 1573 1744 8382 1579 1750 8383 1572 1743 8384 1570 1741 8385 1572 1743 8386 1579 1750 8387 1570 1741 8388 1579 1750 8389 1576 1747 8390 1580 1751 8391 1560 1752 8392 1581 1753 8393 1580 1751 8394 1562 1754 8395 1560 1752 8396 1580 1751 8397 1564 1755 8398 1562 1754 8399 1580 1751 8400 1582 1756 8401 1564 1755 8402 1583 1757 8403 1564 1755 8404 1582 1756 8405 1583 1757 8406 1566 1758 8407 1564 1755 8408 1583 1757 8409 1568 1759 8410 1566 1758 8411 1583 1757 8412 1584 1760 8413 1568 1759 8414 1585 1761 8415 1568 1759 8416 1584 1760 8417 1585 1761 8418 1538 1762 8419 1568 1759 8420 1586 1763 8421 1560 1752 8422 1558 1764 8423 1586 1763 8424 1581 1753 8425 1560 1752 8426 1587 1765 8427 1557 1766 8428 1555 1767 8429 1587 1765 8430 1588 1768 8431 1557 1766 8432 1586 1763 8433 1557 1766 8434 1588 1768 8435 1586 1763 8436 1558 1764 8437 1557 1766 8438 1587 1765 8439 1553 1769 8440 1589 1770 8441 1587 1765 8442 1555 1767 8443 1553 1769 8444 1590 1771 8445 1553 1769 8446 1551 1772 8447 1590 1771 8448 1589 1770 8449 1553 1769 8450 1590 1771 8451 1549 1773 8452 1591 1774 8453 1590 1771 8454 1551 1772 8455 1549 1773 8456 1592 1775 8457 1549 1773 8458 1547 1776 8459 1592 1775 8460 1591 1774 8461 1549 1773 8462 1592 1775 8463 1545 1777 8464 1593 1778 8465 1592 1775 8466 1547 1776 8467 1545 1777 8468 1594 1779 8469 1545 1777 8470 1542 1780 8471 1594 1779 8472 1593 1778 8473 1545 1777 8474 1585 1761 8475 1541 1781 8476 1538 1762 8477 1585 1761 8478 1595 1782 8479 1541 1781 8480 1594 1779 8481 1541 1781 8482 1595 1782 8483 1594 1779 8484 1542 1780 8485 1541 1781 8486 1596 1783 8487 1597 1784 8488 1598 1785 8489 1598 1785 8490 1597 1784 8491 1599 1786 8492 1598 1785 8493 1599 1786 8494 1600 1787 8495 1600 1787 8496 1599 1786 8497 1601 1788 8498 1600 1787 8499 1601 1788 8500 1602 1789 8501 1603 1790 8502 1602 1789 8503 1601 1788 8504 1603 1790 8505 1601 1788 8506 1604 1791 8507 1596 1783 8508 1603 1790 8509 1604 1791 8510 1596 1783 8511 1604 1791 8512 1605 1792 8513 1596 1783 8514 1605 1792 8515 1597 1784 8516 1599 1786 8517 1597 1784 8518 1605 1792 8519 1599 1786 8520 1605 1792 8521 1604 1791 8522 1599 1786 8523 1604 1791 8524 1601 1788 8525 1606 1793 8526 1607 1794 8527 1608 1795 8528 1609 1796 8529 1608 1795 8530 1607 1794 8531 1609 1796 8532 1607 1794 8533 1610 1797 8534 1610 1797 8535 1607 1794 8536 1606 1793 8537 1610 1797 8538 1606 1793 8539 1611 1798 8540 1611 1798 8541 1606 1793 8542 1612 1799 8543 1611 1798 8544 1612 1799 8545 1613 1800 8546 1614 1801 8547 1613 1800 8548 1612 1799 8549 1614 1801 8550 1612 1799 8551 1615 1802 8552 1609 1796 8553 1614 1801 8554 1615 1802 8555 1609 1796 8556 1615 1802 8557 1608 1795 8558 1606 1793 8559 1608 1795 8560 1615 1802 8561 1606 1793 8562 1615 1802 8563 1612 1799 8564 1616 1803 8565 1617 1804 8566 1618 1805 8567 1616 1803 8568 1619 1806 8569 1617 1804 8570 1620 1807 8571 1617 1804 8572 1619 1806 8573 1620 1807 8574 1621 1808 8575 1617 1804 8576 1622 1809 8577 1621 1808 8578 1620 1807 8579 1622 1809 8580 1623 1810 8581 1621 1808 8582 1624 1811 8583 1623 1810 8584 1622 1809 8585 1624 1811 8586 1622 1809 8587 1625 1812 8588 1624 1811 8589 1625 1812 8590 1626 1813 8591 1624 1811 8592 1626 1813 8593 1627 1814 8594 1628 1815 8595 1629 1816 8596 1630 1817 8597 1631 1818 8598 1630 1817 8599 1629 1816 8600 1631 1818 8601 1629 1816 8602 1632 1819 8603 1632 1819 8604 1629 1816 8605 1628 1815 8606 1632 1819 8607 1628 1815 8608 1633 1820 8609 1633 1820 8610 1628 1815 8611 1634 1821 8612 1633 1820 8613 1634 1821 8614 1635 1822 8615 1636 1823 8616 1635 1822 8617 1634 1821 8618 1636 1823 8619 1634 1821 8620 1637 1824 8621 1631 1818 8622 1636 1823 8623 1637 1824 8624 1631 1818 8625 1637 1824 8626 1630 1817 8627 1628 1815 8628 1630 1817 8629 1637 1824 8630 1628 1815 8631 1637 1824 8632 1634 1821 8633 1638 1825 8634 1639 1826 8635 1640 1827 8636 1638 1825 8637 1641 1828 8638 1639 1826 8639 1641 1828 8640 1642 1829 8641 1639 1826 8642 1641 1828 8643 1643 1830 8644 1642 1829 8645 1644 1831 8646 1642 1829 8647 1643 1830 8648 1644 1831 8649 1645 1832 8650 1642 1829 8651 1616 1833 8652 1645 1832 8653 1644 1831 8654 1616 1833 8655 1618 1834 8656 1645 1832 8657 1646 1835 8658 1647 1836 8659 1648 1837 8660 1649 1838 8661 1648 1837 8662 1647 1836 8663 1649 1838 8664 1647 1836 8665 1650 1839 8666 1650 1839 8667 1647 1836 8668 1646 1835 8669 1650 1839 8670 1646 1835 8671 1651 1840 8672 1651 1840 8673 1646 1835 8674 1652 1841 8675 1651 1840 8676 1652 1841 8677 1653 1842 8678 1654 1843 8679 1653 1842 8680 1652 1841 8681 1654 1843 8682 1652 1841 8683 1655 1844 8684 1649 1838 8685 1654 1843 8686 1655 1844 8687 1649 1838 8688 1655 1844 8689 1648 1837 8690 1646 1835 8691 1648 1837 8692 1655 1844 8693 1646 1835 8694 1655 1844 8695 1652 1841 8696 1656 1845 8697 1657 1846 8698 1658 1847 8699 1656 1845 8700 1659 1848 8701 1657 1846 8702 1660 1849 8703 1661 1850 8704 1662 1851 8705 1660 1849 8706 1663 1852 8707 1661 1850 8708 1658 1847 8709 1663 1852 8710 1660 1849 8711 1658 1847 8712 1660 1849 8713 1664 1853 8714 1656 1845 8715 1658 1847 8716 1664 1853 8717 1656 1845 8718 1664 1853 8719 1665 1854 8720 1656 1845 8721 1665 1854 8722 1666 1855 8723 1656 1845 8724 1666 1855 8725 1667 1856 8726 1660 1857 8727 1618 1858 8728 1617 1859 8729 1660 1857 8730 1662 1860 8731 1618 1858 8732 1662 1860 8733 1645 1861 8734 1618 1858 8735 1662 1860 8736 1668 1862 8737 1645 1861 8738 1642 1863 8739 1645 1861 8740 1668 1862 8741 1642 1863 8742 1668 1862 8743 1669 1864 8744 1670 1865 8745 1642 1863 8746 1669 1864 8747 1670 1865 8748 1639 1866 8749 1642 1863 8750 1671 1867 8751 1639 1866 8752 1670 1865 8753 1671 1867 8754 1640 1868 8755 1639 1866 8756 1672 1869 8757 1640 1868 8758 1671 1867 8759 1672 1869 8760 1673 1870 8761 1640 1868 8762 1674 1871 8763 1675 1872 8764 1676 1873 8765 1674 1871 8766 1677 1874 8767 1675 1872 8768 1678 1875 8769 1672 1876 8770 1671 1877 8771 1678 1875 8772 1679 1878 8773 1672 1876 8774 1672 1876 8775 1679 1878 8776 1677 1874 8777 1672 1876 8778 1677 1874 8779 1680 1879 8780 1674 1871 8781 1680 1879 8782 1677 1874 8783 1674 1871 8784 1681 1880 8785 1680 1879 8786 1674 1871 8787 1682 1881 8788 1681 1880 8789 1674 1871 8790 1683 1882 8791 1682 1881 8792 1684 1883 8793 1685 1884 8794 1686 1885 8795 1684 1883 8796 1687 1886 8797 1685 1884 8798 1687 1886 8799 1688 1887 8800 1685 1884 8801 1687 1886 8802 1689 1888 8803 1688 1887 8804 1689 1888 8805 1690 1889 8806 1688 1887 8807 1689 1888 8808 1691 1890 8809 1690 1889 8810 1691 1890 8811 1692 1891 8812 1690 1889 8813 1691 1890 8814 1693 1892 8815 1692 1891 8816 1694 1893 8817 1692 1891 8818 1693 1892 8819 1694 1893 8820 1695 1894 8821 1692 1891 8822 1696 1895 8823 1695 1894 8824 1694 1893 8825 1696 1895 8826 1697 1896 8827 1695 1894 8828 1698 1897 8829 1697 1896 8830 1696 1895 8831 1698 1897 8832 1699 1898 8833 1697 1896 8834 1700 1899 8835 1699 1898 8836 1698 1897 8837 1700 1899 8838 1701 1900 8839 1699 1898 8840 1702 1901 8841 1701 1900 8842 1700 1899 8843 1702 1901 8844 1703 1902 8845 1701 1900 8846 1704 1903 8847 1703 1902 8848 1702 1901 8849 1704 1903 8850 1705 1904 8851 1703 1902 8852 1706 1905 8853 1705 1904 8854 1704 1903 8855 1706 1905 8856 1707 1906 8857 1705 1904 8858 1708 1907 8859 1707 1906 8860 1706 1905 8861 1708 1907 8862 1709 1908 8863 1707 1906 8864 1710 1909 8865 1709 1908 8866 1708 1907 8867 1710 1909 8868 1711 1910 8869 1709 1908 8870 1684 1883 8871 1711 1910 8872 1710 1909 8873 1684 1883 8874 1686 1885 8875 1711 1910 8876 1712 1911 8877 1713 1912 8878 1714 1913 8879 1712 1911 8880 1715 1914 8881 1713 1912 8882 1712 1911 8883 1716 1915 8884 1715 1914 8885 1717 1916 8886 1715 1914 8887 1716 1915 8888 1717 1916 8889 1718 1917 8890 1715 1914 8891 1717 1916 8892 1719 1918 8893 1718 1917 8894 1717 1916 8895 1720 1919 8896 1719 1918 8897 1720 1919 8898 1721 1920 8899 1719 1918 8900 1720 1919 8901 1722 1921 8902 1721 1920 8903 1722 1921 8904 1723 1922 8905 1721 1920 8906 1722 1921 8907 1724 1923 8908 1723 1922 8909 1724 1923 8910 1725 1924 8911 1723 1922 8912 1724 1923 8913 1726 1925 8914 1725 1924 8915 1727 1926 8916 1725 1924 8917 1726 1925 8918 1727 1926 8919 1728 1927 8920 1725 1924 8921 1729 1928 8922 1728 1927 8923 1727 1926 8924 1729 1928 8925 1730 1929 8926 1728 1927 8927 1729 1928 8928 1731 1930 8929 1730 1929 8930 1729 1928 8931 1732 1931 8932 1731 1930 8933 1733 1932 8934 1731 1930 8935 1732 1931 8936 1733 1932 8937 1734 1933 8938 1731 1930 8939 1735 1934 8940 1734 1933 8941 1733 1932 8942 1735 1934 8943 1736 1935 8944 1734 1933 8945 1737 1936 8946 1736 1935 8947 1735 1934 8948 1737 1936 8949 1738 1937 8950 1736 1935 8951 1737 1936 8952 1714 1913 8953 1738 1937 8954 1737 1936 8955 1739 1938 8956 1714 1913 8957 1712 1911 8958 1714 1913 8959 1739 1938 8960 1740 1939 8961 1741 1940 8962 1742 1941 8963 1743 1942 8964 1742 1941 8965 1741 1940 8966 1743 1942 8967 1741 1940 8968 1744 1943 8969 1744 1943 8970 1741 1940 8971 1740 1939 8972 1744 1943 8973 1740 1939 8974 1745 1944 8975 1745 1944 8976 1740 1939 8977 1746 1945 8978 1745 1944 8979 1746 1945 8980 1747 1946 8981 1748 1947 8982 1747 1946 8983 1746 1945 8984 1748 1947 8985 1746 1945 8986 1749 1948 8987 1743 1942 8988 1748 1947 8989 1749 1948 8990 1743 1942 8991 1749 1948 8992 1742 1941 8993 1740 1939 8994 1742 1941 8995 1749 1948 8996 1740 1939 8997 1749 1948 8998 1746 1945 8999 1685 1949 9000 1732 1950 9001 1729 1951 9002 1688 1952 9003 1732 1950 9004 1685 1949 9005 1688 1952 9006 1733 1953 9007 1732 1950 9008 1688 1952 9009 1735 1954 9010 1733 1953 9011 1688 1952 9012 1690 1955 9013 1735 1954 9014 1690 1955 9015 1737 1956 9016 1735 1954 9017 1690 1955 9018 1692 1957 9019 1737 1956 9020 1692 1957 9021 1739 1958 9022 1737 1956 9023 1692 1957 9024 1695 1959 9025 1739 1958 9026 1697 1960 9027 1739 1958 9028 1695 1959 9029 1697 1960 9030 1712 1961 9031 1739 1958 9032 1697 1960 9033 1716 1962 9034 1712 1961 9035 1697 1960 9036 1699 1963 9037 1716 1962 9038 1699 1963 9039 1717 1964 9040 1716 1962 9041 1699 1963 9042 1701 1965 9043 1717 1964 9044 1703 1966 9045 1717 1964 9046 1701 1965 9047 1703 1966 9048 1720 1967 9049 1717 1964 9050 1705 1968 9051 1720 1967 9052 1703 1966 9053 1705 1968 9054 1722 1969 9055 1720 1967 9056 1707 1970 9057 1722 1969 9058 1705 1968 9059 1707 1970 9060 1724 1971 9061 1722 1969 9062 1707 1970 9063 1726 1972 9064 1724 1971 9065 1707 1970 9066 1709 1973 9067 1726 1972 9068 1711 1974 9069 1726 1972 9070 1709 1973 9071 1711 1974 9072 1727 1975 9073 1726 1972 9074 1711 1974 9075 1729 1951 9076 1727 1975 9077 1711 1974 9078 1686 1976 9079 1729 1951 9080 1685 1949 9081 1729 1951 9082 1686 1976 9083 1750 1977 9084 1751 1978 9085 1752 1979 9086 1753 1980 9087 1752 1979 9088 1751 1978 9089 1753 1980 9090 1751 1978 9091 1754 1981 9092 1754 1981 9093 1751 1978 9094 1750 1977 9095 1754 1981 9096 1750 1977 9097 1755 1982 9098 1755 1982 9099 1750 1977 9100 1756 1983 9101 1755 1982 9102 1756 1983 9103 1757 1984 9104 1758 1985 9105 1757 1984 9106 1756 1983 9107 1758 1985 9108 1756 1983 9109 1759 1986 9110 1753 1980 9111 1758 1985 9112 1759 1986 9113 1753 1980 9114 1759 1986 9115 1752 1979 9116 1750 1977 9117 1752 1979 9118 1759 1986 9119 1750 1977 9120 1759 1986 9121 1756 1983 9122 1760 1987 9123 1761 1988 9124 1762 1989 9125 1760 1990 9126 1763 1991 9127 1761 1992 9128 1760 1993 9129 1764 1994 9130 1763 1995 9131 1760 1993 9132 1765 1996 9133 1764 1994 9134 1098 1997 9135 1764 1994 9136 1765 1996 9137 1098 1997 9138 1097 1998 9139 1764 1994 9140 1766 1999 9141 1767 2000 9142 1768 2001 9143 1767 2000 9144 1769 2002 9145 1768 2001 9146 1769 2002 9147 1770 2003 9148 1768 2001 9149 1771 2004 9150 1768 2001 9151 1770 2003 9152 1771 2004 9153 1772 2005 9154 1768 2001 9155 1771 2004 9156 1773 2006 9157 1772 2005 9158 1774 2007 9159 1772 2005 9160 1775 2008 9161 1776 2009 9162 1775 2008 9163 1772 2005 9164 1773 2006 9165 1776 2009 9166 1772 2005 9167 1293 2010 9168 1776 2009 9169 1773 2006 9170 1771 2004 9171 1293 2010 9172 1773 2006 9173 1771 2004 9174 1296 2011 9175 1293 2010 9176 1770 2003 9177 1296 2011 9178 1771 2004 9179 1770 2003 9180 1297 2012 9181 1296 2011 9182 1770 2003 9183 1299 2013 9184 1297 2012 9185 1769 2002 9186 1299 2013 9187 1770 2003 9188 1769 2002 9189 1302 1615 9190 1299 2013 9191 1769 2002 9192 1267 1613 9193 1302 1615 9194 1270 2014 9195 1267 1613 9196 1769 2002 9197 1769 2002 9198 1272 2015 9199 1270 2014 9200 1769 2002 9201 1767 2000 9202 1272 2015 9203 1274 2016 9204 1272 2015 9205 1767 2000 9206 1767 2000 9207 1276 2017 9208 1274 2016 9209 1767 2000 9210 1766 1999 9211 1276 2017 9212 1766 1999 9213 1277 2018 9214 1276 2017 9215 1774 2007 9216 1775 2008 9217 1777 2019 9218 1293 2010 9219 1291 2020 9220 1776 2009 9221 1777 2019 9222 1778 2021 9223 1779 2022 9224 1775 2008 9225 1778 2021 9226 1777 2019 9227 1775 2008 9228 1780 2023 9229 1778 2021 9230 1775 2008 9231 1781 2024 9232 1780 2023 9233 1782 2025 9234 1781 2024 9235 1775 2008 9236 1776 2009 9237 1782 2025 9238 1775 2008 9239 1291 2020 9240 1782 2025 9241 1776 2009 9242 1291 2020 9243 1290 2026 9244 1782 2025 9245 1782 2025 9246 1290 2026 9247 1287 1545 9248 1782 2025 9249 1287 1545 9250 1781 2024 9251 1287 1545 9252 1286 1544 9253 1781 2024 9254 1781 2024 9255 1286 1544 9256 1283 2027 9257 1283 2027 9258 1780 2023 9259 1781 2024 9260 1283 2027 9261 1282 2028 9262 1780 2023 9263 1780 2023 9264 1282 2028 9265 1280 2029 9266 1780 2023 9267 1280 2029 9268 1778 2021 9269 1778 2021 9270 1280 2029 9271 1277 2018 9272 1778 2021 9273 1277 2018 9274 1779 2022 9275 1766 1999 9276 1779 2022 9277 1277 2018 9278 1779 2022 9279 1766 1999 9280 1777 2019 9281 1766 1999 9282 1768 2001 9283 1777 2019 9284 1777 2019 9285 1768 2001 9286 1774 2007 9287 1768 2001 9288 1772 2005 9289 1774 2007 9290 1783 2030 9291 1784 2031 9292 1785 2032 9293 1786 2033 9294 1785 2032 9295 1784 2031 9296 1786 2033 9297 1784 2031 9298 1787 2034 9299 1787 2034 9300 1784 2031 9301 1783 2030 9302 1787 2034 9303 1783 2030 9304 1788 2035 9305 1788 2035 9306 1783 2030 9307 1789 2036 9308 1788 2035 9309 1789 2036 9310 1790 2037 9311 1791 2038 9312 1790 2037 9313 1789 2036 9314 1791 2038 9315 1789 2036 9316 1792 2039 9317 1786 2033 9318 1791 2038 9319 1792 2039 9320 1786 2033 9321 1792 2039 9322 1785 2032 9323 1783 2030 9324 1785 2032 9325 1792 2039 9326 1783 2030 9327 1792 2039 9328 1789 2036 9329 1159 1258 9330 1157 1256 9331 1143 1242 9332 1159 1258 9333 1143 1242 9334 1168 1267 9335 1166 1265 9336 1159 1258 9337 1168 1267 9338 1166 1265 9339 1161 1260 9340 1159 1258 9341 1166 1265 9342 1170 1269 9343 1161 1260 9344 1166 1265 9345 1169 1268 9346 1170 1269 9347 1793 2040 9348 1794 2041 9349 1795 2042 9350 1793 2040 9351 1796 2043 9352 1794 2041 9353 1797 2044 9354 1796 2043 9355 1793 2040 9356 1797 2044 9357 1798 2045 9358 1796 2043 9359 1797 2044 9360 1799 2046 9361 1798 2045 9362 1797 2044 9363 1800 2047 9364 1799 2046 9365 1800 2047 9366 1801 2048 9367 1799 2046 9368 1800 2047 9369 1802 2049 9370 1801 2048 9371 1803 2050 9372 1804 2051 9373 1805 2052 9374 1805 2052 9375 1804 2051 9376 1806 2053 9377 1805 2052 9378 1806 2053 9379 1807 2054 9380 1807 2054 9381 1806 2053 9382 1808 2055 9383 1807 2054 9384 1808 2055 9385 1809 2056 9386 1809 2056 9387 1808 2055 9388 1810 2057 9389 1809 2056 9390 1810 2057 9391 1811 2058 9392 1811 2058 9393 1812 2059 9394 1441 2060 9395 1811 2058 9396 1810 2057 9397 1812 2059 9398 1810 2057 9399 1813 2061 9400 1812 2059 9401 1810 2057 9402 1814 2062 9403 1813 2061 9404 1808 2055 9405 1814 2062 9406 1810 2057 9407 1808 2055 9408 1815 2063 9409 1814 2062 9410 1806 2053 9411 1815 2063 9412 1808 2055 9413 1806 2053 9414 1816 2064 9415 1815 2063 9416 1804 2051 9417 1816 2064 9418 1806 2053 9419 1804 2051 9420 1817 2065 9421 1816 2064 9422 1803 2050 9423 1817 2065 9424 1804 2051 9425 1817 2065 9426 1803 2050 9427 1818 2066 9428 1441 2060 9429 1300 2067 9430 1301 2068 9431 1441 2060 9432 1812 2059 9433 1300 2067 9434 1298 2069 9435 1300 2067 9436 1812 2059 9437 1295 2070 9438 1298 2069 9439 1812 2059 9440 1295 2070 9441 1812 2059 9442 1813 2061 9443 1294 2071 9444 1295 2070 9445 1813 2061 9446 1294 2071 9447 1813 2061 9448 1819 2072 9449 1814 2062 9450 1819 2072 9451 1813 2061 9452 1814 2062 9453 1820 2073 9454 1819 2072 9455 1815 2063 9456 1820 2073 9457 1814 2062 9458 1815 2063 9459 1821 2074 9460 1820 2073 9461 1816 2064 9462 1821 2074 9463 1815 2063 9464 1816 2064 9465 1822 2075 9466 1821 2074 9467 1817 2065 9468 1822 2075 9469 1816 2064 9470 1817 2065 9471 1823 2076 9472 1822 2075 9473 1817 2065 9474 1818 2066 9475 1823 2076 9476 1818 2066 9477 1824 2077 9478 1823 2076 9479 1818 2066 9480 1825 2078 9481 1824 2077 9482 1821 2074 9483 1822 2075 9484 1826 2079 9485 1821 2074 9486 1826 2079 9487 1827 2080 9488 1827 2080 9489 1820 2073 9490 1821 2074 9491 1827 2080 9492 1828 2081 9493 1820 2073 9494 1828 2081 9495 1819 2072 9496 1820 2073 9497 1828 2081 9498 1829 2082 9499 1819 2072 9500 1829 2082 9501 1294 2071 9502 1819 2072 9503 1829 2082 9504 1292 2083 9505 1294 2071 9506 1822 2075 9507 1823 2076 9508 1824 2077 9509 1822 2075 9510 1824 2077 9511 1826 2079 9512 1826 2079 9513 1824 2077 9514 1830 2084 9515 1826 2079 9516 1830 2084 9517 1831 2085 9518 1827 2080 9519 1826 2079 9520 1831 2085 9521 1827 2080 9522 1831 2085 9523 1832 2086 9524 1832 2086 9525 1828 2081 9526 1827 2080 9527 1832 2086 9528 1833 2087 9529 1828 2081 9530 1833 2087 9531 1829 2082 9532 1828 2081 9533 1833 2087 9534 1834 2088 9535 1829 2082 9536 1834 2088 9537 1292 2083 9538 1829 2082 9539 1834 2088 9540 1288 2089 9541 1292 2083 9542 1830 2084 9543 1824 2077 9544 1825 2078 9545 1830 2084 9546 1825 2078 9547 1835 2090 9548 1831 2085 9549 1830 2084 9550 1835 2090 9551 1831 2085 9552 1835 2090 9553 1836 2091 9554 1832 2086 9555 1831 2085 9556 1836 2091 9557 1832 2086 9558 1836 2091 9559 1837 2092 9560 1837 2092 9561 1833 2087 9562 1832 2086 9563 1837 2092 9564 1838 2093 9565 1833 2087 9566 1838 2093 9567 1834 2088 9568 1833 2087 9569 1838 2093 9570 1443 2094 9571 1834 2088 9572 1288 2089 9573 1834 2088 9574 1443 2094 9575 1288 2089 9576 1443 2094 9577 1289 2095 9578 1839 2096 9579 1840 2097 9580 1841 2098 9581 1839 2096 9582 1841 2098 9583 1842 2099 9584 1842 2099 9585 1841 2098 9586 1843 2100 9587 1842 2099 9588 1843 2100 9589 1844 2101 9590 1844 2101 9591 1843 2100 9592 1845 2102 9593 1844 2101 9594 1845 2102 9595 1846 2103 9596 1847 2104 9597 1846 2103 9598 1845 2102 9599 1847 2104 9600 1845 2102 9601 1848 2105 9602 1839 2096 9603 1847 2104 9604 1848 2105 9605 1839 2096 9606 1848 2105 9607 1840 2097 9608 1843 2100 9609 1840 2097 9610 1848 2105 9611 1843 2100 9612 1841 2098 9613 1840 2097 9614 1843 2100 9615 1848 2105 9616 1845 2102 9617 1849 2106 9618 1850 2107 9619 1851 2108 9620 1851 2108 9621 1850 2107 9622 1852 2109 9623 1851 2108 9624 1852 2109 9625 1853 2110 9626 1853 2110 9627 1852 2109 9628 1854 2111 9629 1853 2110 9630 1854 2111 9631 1855 2112 9632 1856 2113 9633 1855 2112 9634 1854 2111 9635 1856 2113 9636 1854 2111 9637 1857 2114 9638 1849 2106 9639 1856 2113 9640 1857 2114 9641 1849 2106 9642 1857 2114 9643 1858 2115 9644 1849 2106 9645 1858 2115 9646 1850 2107 9647 1852 2109 9648 1850 2107 9649 1858 2115 9650 1852 2109 9651 1858 2115 9652 1857 2114 9653 1852 2109 9654 1857 2114 9655 1854 2111 9656 1859 2116 9657 1860 2117 9658 1861 2118 9659 1862 2119 9660 1861 2118 9661 1860 2117 9662 1862 2119 9663 1860 2117 9664 1863 2120 9665 1863 2120 9666 1860 2117 9667 1859 2116 9668 1863 2120 9669 1859 2116 9670 1864 2121 9671 1864 2121 9672 1859 2116 9673 1865 2122 9674 1864 2121 9675 1865 2122 9676 1866 2123 9677 1867 2124 9678 1866 2123 9679 1865 2122 9680 1867 2124 9681 1865 2122 9682 1868 2125 9683 1862 2119 9684 1867 2124 9685 1868 2125 9686 1862 2119 9687 1868 2125 9688 1861 2118 9689 1859 2116 9690 1861 2118 9691 1868 2125 9692 1859 2116 9693 1868 2125 9694 1865 2122 9695 1869 2126 9696 1870 2127 9697 1871 2128 9698 1869 2126 9699 1871 2128 9700 1872 2129 9701 1869 2126 9702 1872 2129 9703 1873 2130 9704 1873 2130 9705 1874 2131 9706 1869 2126 9707 1873 2130 9708 1875 2132 9709 1874 2131 9710 1876 2133 9711 1874 2131 9712 1875 2132 9713 1876 2133 9714 1877 2134 9715 1874 2131 9716 1877 2134 9717 1876 2133 9718 1878 2135 9719 1879 2136 9720 1801 2137 9721 1802 2138 9722 1879 2136 9723 1880 2139 9724 1801 2137 9725 1881 2140 9726 1880 2139 9727 1879 2136 9728 1881 2140 9729 1879 2136 9730 1882 2141 9731 1878 2135 9732 1881 2140 9733 1882 2141 9734 1878 2135 9735 1882 2141 9736 1883 2142 9737 1877 2134 9738 1878 2135 9739 1883 2142 9740 1877 2134 9741 1883 2142 9742 1884 2143 9743 1884 2143 9744 1885 2144 9745 1877 2134 9746 1885 2144 9747 1886 2145 9748 1877 2134 9749 1877 2134 9750 1886 2145 9751 1536 2146 9752 1536 2146 9753 1874 2131 9754 1877 2134 9755 1536 2146 9756 1530 2147 9757 1874 2131 9758 1874 2131 9759 1530 2147 9760 1529 2148 9761 1874 2131 9762 1529 2148 9763 1869 2126 9764 1869 2126 9765 1529 2148 9766 1532 2149 9767 1534 2150 9768 1869 2126 9769 1532 2149 9770 1870 2127 9771 1869 2126 9772 1534 2150 9773 1110 2151 9774 1887 2152 9775 1888 2153 9776 1110 2151 9777 1111 2154 9778 1887 2152 9779 1111 2154 9780 1889 2155 9781 1887 2152 9782 1111 2154 9783 1114 2156 9784 1889 2155 9785 1114 2156 9786 1890 2157 9787 1889 2155 9788 1114 2156 9789 1116 2158 9790 1890 2157 9791 1116 2158 9792 1891 2159 9793 1890 2157 9794 1116 2158 9795 1117 2160 9796 1891 2159 9797 1117 2160 9798 1892 2161 9799 1891 2159 9800 1117 2160 9801 1119 2162 9802 1892 2161 9803 1119 2162 9804 1893 2163 9805 1892 2161 9806 1119 2162 9807 1121 2164 9808 1893 2163 9809 1121 2164 9810 1894 2165 9811 1893 2163 9812 1121 2164 9813 1124 2166 9814 1894 2165 9815 1124 2166 9816 1895 2167 9817 1894 2165 9818 1124 2166 9819 1125 2168 9820 1895 2167 9821 1125 2168 9822 1896 2169 9823 1895 2167 9824 1125 2168 9825 1127 2170 9826 1896 2169 9827 1896 2169 9828 1127 2170 9829 1102 2171 9830 1896 2169 9831 1102 2171 9832 1897 2172 9833 1897 2172 9834 1102 2171 9835 1103 2173 9836 1897 2172 9837 1103 2173 9838 1898 2174 9839 1898 2174 9840 1103 2173 9841 1105 2175 9842 1898 2174 9843 1105 2175 9844 1899 2176 9845 1899 2176 9846 1105 2175 9847 1108 2177 9848 1899 2176 9849 1108 2177 9850 1900 2178 9851 1108 2177 9852 1888 2153 9853 1900 2178 9854 1108 2177 9855 1110 2151 9856 1888 2153 9857 1901 2179 9858 1902 2180 9859 1903 2181 9860 1901 2179 9861 1904 2182 9862 1902 2180 9863 1905 2183 9864 1904 2182 9865 1901 2179 9866 1905 2183 9867 1906 2184 9868 1904 2182 9869 1905 2183 9870 1907 2185 9871 1906 2184 9872 1905 2183 9873 1908 2186 9874 1907 2185 9875 1192 2187 9876 1104 2188 9877 1101 2189 9878 1192 2187 9879 1193 2190 9880 1104 2188 9881 1193 2190 9882 1106 2191 9883 1104 2188 9884 1193 2190 9885 1194 2192 9886 1106 2191 9887 1194 2192 9888 1107 2193 9889 1106 2191 9890 1194 2192 9891 1195 2194 9892 1107 2193 9893 1107 2193 9894 1195 2194 9895 1181 2195 9896 1107 2193 9897 1181 2195 9898 1109 2196 9899 1181 2195 9900 1112 2197 9901 1109 2196 9902 1181 2195 9903 1183 2198 9904 1112 2197 9905 1112 2197 9906 1183 2198 9907 1184 2199 9908 1112 2197 9909 1184 2199 9910 1113 2200 9911 1184 2199 9912 1115 2201 9913 1113 2200 9914 1184 2199 9915 1185 2202 9916 1115 2201 9917 1115 2201 9918 1185 2202 9919 1186 2203 9920 1115 2201 9921 1186 2203 9922 1118 2204 9923 1118 2204 9924 1186 2203 9925 1187 2205 9926 1118 2204 9927 1187 2205 9928 1120 2206 9929 1120 2206 9930 1187 2205 9931 1188 2207 9932 1120 2206 9933 1188 2207 9934 1122 2208 9935 1122 2208 9936 1188 2207 9937 1189 2209 9938 1122 2208 9939 1189 2209 9940 1123 2210 9941 1189 2209 9942 1126 2211 9943 1123 2210 9944 1189 2209 9945 1190 2212 9946 1126 2211 9947 1190 2212 9948 1100 2213 9949 1126 2211 9950 1190 2212 9951 1191 2214 9952 1100 2213 9953 1191 2214 9954 1101 2189 9955 1100 2213 9956 1191 2214 9957 1192 2187 9958 1101 2189 9959 1447 2215 9960 1904 2216 9961 1906 2217 9962 1447 2215 9963 1451 2218 9964 1904 2216 9965 1451 2218 9966 1902 2219 9967 1904 2216 9968 1451 2218 9969 1453 2220 9970 1902 2219 9971 1902 2219 9972 1453 2220 9973 1909 2221 9974 1902 2219 9975 1909 2221 9976 1910 2222 9977 1909 2221 9978 1911 2223 9979 1910 2222 9980 1909 2221 9981 1912 2224 9982 1911 2223 9983 1913 2225 9984 1911 2223 9985 1912 2224 9986 1913 2225 9987 1914 2226 9988 1911 2223 9989 1913 2225 9990 1915 2227 9991 1914 2226 9992 1913 2225 9993 1916 2228 9994 1915 2227 9995 1916 2228 9996 1444 2229 9997 1915 2227 9998 1916 2228 9999 1445 2230 10000 1444 2229 10001 1420 2231 10002 1444 2229 10003 1445 2230 10004 1420 2231 10005 1418 2232 10006 1444 2229 10007 1420 2231 10008 1417 2233 10009 1418 2232 10010 1420 2231 10011 1419 2234 10012 1417 2233 10013 1422 2235 10014 1464 2236 10015 1421 2237 10016 1422 2235 10017 1440 2238 10018 1464 2236 10019 1422 2235 10020 1442 2239 10021 1440 2238 10022 1422 2235 10023 1424 2240 10024 1442 2239 10025 1423 2241 10026 1442 2239 10027 1424 2240 10028 1423 2241 10029 1917 2242 10030 1442 2239 10031 1425 2243 10032 1917 2242 10033 1423 2241 10034 1425 2243 10035 1918 2244 10036 1917 2242 10037 1425 2243 10038 1919 2245 10039 1918 2244 10040 1425 2243 10041 1426 2246 10042 1919 2245 10043 1429 2247 10044 1919 2245 10045 1426 2246 10046 1429 2247 10047 1920 2248 10048 1919 2245 10049 1429 2247 10050 1921 2249 10051 1920 2248 10052 1429 2247 10053 1922 2250 10054 1921 2249 10055 1448 2251 10056 1921 2249 10057 1922 2250 10058 1448 2251 10059 1907 2252 10060 1921 2249 10061 1447 2215 10062 1907 2252 10063 1448 2251 10064 1447 2215 10065 1906 2217 10066 1907 2252 10067 1923 2253 10068 1794 2254 10069 1347 2255 10070 1796 2256 10071 1347 2255 10072 1794 2254 10073 1796 2256 10074 1348 2257 10075 1347 2255 10076 1798 2258 10077 1348 2257 10078 1796 2256 10079 1798 2258 10080 1349 2259 10081 1348 2257 10082 1798 2258 10083 1362 2260 10084 1349 2259 10085 1798 2258 10086 1799 2261 10087 1362 2260 10088 1799 2261 10089 1360 2262 10090 1362 2260 10091 1799 2261 10092 1801 2263 10093 1360 2262 10094 1880 2264 10095 1360 2262 10096 1801 2263 10097 1880 2264 10098 1358 2265 10099 1360 2262 10100 1881 2266 10101 1358 2265 10102 1880 2264 10103 1881 2266 10104 1357 2267 10105 1358 2265 10106 1881 2266 10107 1350 2268 10108 1357 2267 10109 1881 2266 10110 1878 2269 10111 1350 2268 10112 1878 2269 10113 1351 2270 10114 1350 2268 10115 1878 2269 10116 1876 2271 10117 1351 2270 10118 1876 2271 10119 1373 2272 10120 1351 2270 10121 1876 2271 10122 1875 2273 10123 1373 2272 10124 1873 2274 10125 1373 2272 10126 1875 2273 10127 1873 2274 10128 1372 2275 10129 1373 2272 10130 1872 2276 10131 1372 2275 10132 1873 2274 10133 1872 2276 10134 1371 2277 10135 1372 2275 10136 1924 2278 10137 1371 2277 10138 1872 2276 10139 1924 2278 10140 1341 2279 10141 1371 2277 10142 1924 2278 10143 1342 2280 10144 1341 2279 10145 1924 2278 10146 1923 2253 10147 1342 2280 10148 1923 2253 10149 1347 2255 10150 1342 2280 10151 1925 2281 10152 1926 2282 10153 1927 2283 10154 1928 2284 10155 1927 2283 10156 1926 2282 10157 1928 2284 10158 1926 2282 10159 1929 2285 10160 1929 2285 10161 1926 2282 10162 1925 2281 10163 1929 2285 10164 1925 2281 10165 1930 2286 10166 1930 2286 10167 1925 2281 10168 1931 2287 10169 1930 2286 10170 1931 2287 10171 1932 2288 10172 1933 2289 10173 1932 2288 10174 1931 2287 10175 1933 2289 10176 1931 2287 10177 1934 2290 10178 1928 2284 10179 1933 2289 10180 1934 2290 10181 1928 2284 10182 1934 2290 10183 1927 2283 10184 1925 2281 10185 1927 2283 10186 1934 2290 10187 1925 2281 10188 1934 2290 10189 1931 2287 10190 1935 2291 10191 1936 2292 10192 1937 2293 10193 1936 2292 10194 1520 2294 10195 1938 2295 10196 1936 2292 10197 1472 2296 10198 1520 2294 10199 1472 2296 10200 1936 2292 10201 1473 2297 10202 1935 2291 10203 1473 2297 10204 1936 2292 10205 1935 2291 10206 1387 2298 10207 1473 2297 10208 1935 2291 10209 1385 2299 10210 1387 2298 10211 1939 2300 10212 1940 2301 10213 1941 2302 10214 1393 2303 10215 1392 2304 10216 1940 2301 10217 1393 2303 10218 1940 2301 10219 1465 2305 10220 1939 2300 10221 1465 2305 10222 1940 2301 10223 1465 2305 10224 1939 2300 10225 1466 2306 10226 1527 2307 10227 1466 2306 10228 1939 2300 10229 1527 2308 10230 1939 2309 10231 1942 2310 10232 1943 2311 10233 1944 2312 10234 1945 2313 10235 1946 2314 10236 1945 2313 10237 1944 2312 10238 1946 2314 10239 1944 2312 10240 1947 2315 10241 1947 2315 10242 1944 2312 10243 1943 2311 10244 1947 2315 10245 1943 2311 10246 1948 2316 10247 1948 2316 10248 1943 2311 10249 1949 2317 10250 1948 2316 10251 1949 2317 10252 1950 2318 10253 1951 2319 10254 1950 2318 10255 1949 2317 10256 1951 2319 10257 1949 2317 10258 1952 2320 10259 1946 2314 10260 1951 2319 10261 1952 2320 10262 1946 2314 10263 1952 2320 10264 1945 2313 10265 1943 2311 10266 1945 2313 10267 1952 2320 10268 1943 2311 10269 1952 2320 10270 1949 2317 10271 1670 2321 10272 1678 2322 10273 1671 2323 10274 1670 2321 10275 1953 2324 10276 1678 2322 10277 1669 2325 10278 1953 2324 10279 1670 2321 10280 1669 2325 10281 1954 2326 10282 1953 2324 10283 1669 2325 10284 1955 2327 10285 1954 2326 10286 1669 2325 10287 1668 2328 10288 1955 2327 10289 1661 2329 10290 1955 2327 10291 1668 2328 10292 1661 2329 10293 1668 2328 10294 1662 2330 10295 1956 2331 10296 1957 2332 10297 1958 2333 10298 1959 2334 10299 1958 2333 10300 1957 2332 10301 1959 2334 10302 1957 2332 10303 1960 2335 10304 1960 2335 10305 1957 2332 10306 1956 2331 10307 1960 2335 10308 1956 2331 10309 1961 2336 10310 1961 2336 10311 1956 2331 10312 1962 2337 10313 1961 2336 10314 1962 2337 10315 1963 2338 10316 1964 2339 10317 1963 2338 10318 1962 2337 10319 1964 2339 10320 1962 2337 10321 1965 2340 10322 1959 2334 10323 1964 2339 10324 1965 2340 10325 1959 2334 10326 1965 2340 10327 1958 2333 10328 1956 2331 10329 1958 2333 10330 1965 2340 10331 1956 2331 10332 1965 2340 10333 1962 2337 10334 1966 2341 10335 1762 2342 10336 1761 2343 10337 1966 2341 10338 1967 2344 10339 1762 2342 10340 1099 2345 10341 1967 2344 10342 1966 2341 10343 1099 2346 10344 1096 2347 10345 1967 2348 10346 1968 2349 10347 1969 2350 10348 1970 2351 10349 1971 2352 10350 1970 2351 10351 1969 2350 10352 1971 2352 10353 1969 2350 10354 1972 2353 10355 1972 2353 10356 1969 2350 10357 1968 2349 10358 1972 2353 10359 1968 2349 10360 1973 2354 10361 1973 2354 10362 1968 2349 10363 1974 2355 10364 1973 2354 10365 1974 2355 10366 1975 2356 10367 1976 2357 10368 1975 2356 10369 1974 2355 10370 1976 2357 10371 1974 2355 10372 1977 2358 10373 1971 2352 10374 1976 2357 10375 1977 2358 10376 1971 2352 10377 1977 2358 10378 1970 2351 10379 1968 2349 10380 1970 2351 10381 1977 2358 10382 1968 2349 10383 1977 2358 10384 1974 2355 10385 1967 2359 10386 1760 2360 10387 1762 2361 10388 1967 2359 10389 1765 2362 10390 1760 2360 10391 1096 2363 10392 1765 2362 10393 1967 2359 10394 1096 2363 10395 1098 2364 10396 1765 2362 10397 1978 2365 10398 1979 2366 10399 1980 2367 10400 1981 2368 10401 1980 2367 10402 1979 2366 10403 1981 2368 10404 1979 2366 10405 1982 2369 10406 1982 2369 10407 1979 2366 10408 1978 2365 10409 1982 2369 10410 1978 2365 10411 1983 2370 10412 1983 2370 10413 1978 2365 10414 1984 2371 10415 1983 2370 10416 1984 2371 10417 1985 2372 10418 1986 2373 10419 1985 2372 10420 1984 2371 10421 1986 2373 10422 1984 2371 10423 1987 2374 10424 1981 2368 10425 1986 2373 10426 1987 2374 10427 1981 2368 10428 1987 2374 10429 1980 2367 10430 1978 2365 10431 1980 2367 10432 1987 2374 10433 1978 2365 10434 1987 2374 10435 1984 2371 10436 1714 2375 10437 1713 2376 10438 1988 2377 10439 1713 2376 10440 1715 2378 10441 1988 2377 10442 1715 2378 10443 1718 2379 10444 1988 2377 10445 1718 2379 10446 1719 2380 10447 1988 2377 10448 1719 2380 10449 1721 2381 10450 1988 2377 10451 1721 2381 10452 1723 2382 10453 1988 2377 10454 1723 2382 10455 1725 2383 10456 1988 2377 10457 1725 2383 10458 1728 2384 10459 1988 2377 10460 1728 2384 10461 1730 2385 10462 1988 2377 10463 1730 2385 10464 1731 2386 10465 1988 2377 10466 1731 2386 10467 1734 2387 10468 1988 2377 10469 1734 2387 10470 1736 2388 10471 1988 2377 10472 1736 2388 10473 1738 2389 10474 1988 2377 10475 1738 2389 10476 1714 2375 10477 1988 2377 10478 1989 2390 10479 1679 2391 10480 1990 2392 10481 1989 2390 10482 1677 2393 10483 1679 2391 10484 1991 2394 10485 1677 2393 10486 1989 2390 10487 1991 2394 10488 1675 2395 10489 1677 2393 10490 1675 2395 10491 1991 2394 10492 1992 2396 10493 1675 2395 10494 1992 2396 10495 1676 2397 10496 1993 2398 10497 1676 2397 10498 1992 2396 10499 1993 2398 10500 1674 2399 10501 1676 2397 10502 1674 2399 10503 1993 2398 10504 1994 2400 10505 1674 2399 10506 1994 2400 10507 1683 2401 10508 1995 2402 10509 1683 2401 10510 1994 2400 10511 1995 2402 10512 1682 2403 10513 1683 2401 10514 1681 2404 10515 1682 2403 10516 1995 2402 10517 1681 2404 10518 1995 2402 10519 1996 2405 10520 1680 2406 10521 1681 2404 10522 1996 2405 10523 1680 2406 10524 1996 2405 10525 1997 2407 10526 1997 2407 10527 1672 2408 10528 1680 2406 10529 1997 2407 10530 1673 2409 10531 1672 2408 10532 1998 2410 10533 1999 2411 10534 2000 2412 10535 2001 2413 10536 2000 2412 10537 1999 2411 10538 2001 2413 10539 1999 2411 10540 2002 2414 10541 2002 2414 10542 1999 2411 10543 1998 2410 10544 2002 2414 10545 1998 2410 10546 2003 2415 10547 2003 2415 10548 1998 2410 10549 2004 2416 10550 2003 2415 10551 2004 2416 10552 2005 2417 10553 2006 2418 10554 2005 2417 10555 2004 2416 10556 2006 2418 10557 2004 2416 10558 2007 2419 10559 2001 2413 10560 2006 2418 10561 2007 2419 10562 2001 2413 10563 2007 2419 10564 2000 2412 10565 1998 2410 10566 2000 2412 10567 2007 2419 10568 1998 2410 10569 2007 2419 10570 2004 2416 10571 1621 2420 10572 1660 2421 10573 1617 2422 10574 1621 2420 10575 1664 2423 10576 1660 2421 10577 1623 2424 10578 1664 2423 10579 1621 2420 10580 1623 2424 10581 1665 2425 10582 1664 2423 10583 1623 2424 10584 1666 2426 10585 1665 2425 10586 1623 2424 10587 1624 2427 10588 1666 2426 10589 1624 2427 10590 1667 2428 10591 1666 2426 10592 1624 2427 10593 1627 2429 10594 1667 2428 10595 1627 2429 10596 1656 2430 10597 1667 2428 10598 1627 2429 10599 1626 2431 10600 1656 2430 10601 1626 2431 10602 1659 2432 10603 1656 2430 10604 1626 2431 10605 1625 2433 10606 1659 2432 10607 1625 2433 10608 1657 2434 10609 1659 2432 10610 1625 2433 10611 1622 2435 10612 1657 2434 10613 1622 2435 10614 1658 2436 10615 1657 2434 10616 1622 2435 10617 1620 2437 10618 1658 2436 10619 1620 2437 10620 1663 2438 10621 1658 2436 10622 1620 2437 10623 1619 2439 10624 1663 2438 10625 2008 2440 10626 2009 2441 10627 2010 2442 10628 2011 2443 10629 2010 2442 10630 2009 2441 10631 2011 2443 10632 2009 2441 10633 2012 2444 10634 2012 2444 10635 2009 2441 10636 2008 2440 10637 2012 2444 10638 2008 2440 10639 2013 2445 10640 2013 2445 10641 2008 2440 10642 2014 2446 10643 2013 2445 10644 2014 2446 10645 2015 2447 10646 2016 2448 10647 2015 2447 10648 2014 2446 10649 2016 2448 10650 2014 2446 10651 2017 2449 10652 2011 2443 10653 2016 2448 10654 2017 2449 10655 2011 2443 10656 2017 2449 10657 2010 2442 10658 2008 2440 10659 2010 2442 10660 2017 2449 10661 2008 2440 10662 2017 2449 10663 2014 2446 10664 1663 2450 10665 1619 2451 10666 1616 2452 10667 1663 2450 10668 1616 2452 10669 1661 2453 10670 1955 2454 10671 1661 2453 10672 1616 2452 10673 1955 2454 10674 1616 2452 10675 1644 2455 10676 1955 2454 10677 1644 2455 10678 1643 2456 10679 1955 2454 10680 1643 2456 10681 1954 2457 10682 1643 2456 10683 1953 2458 10684 1954 2457 10685 1643 2456 10686 1641 2459 10687 1953 2458 10688 1638 2460 10689 1953 2458 10690 1641 2459 10691 1638 2460 10692 1678 2461 10693 1953 2458 10694 1638 2460 10695 1679 2462 10696 1678 2461 10697 1638 2460 10698 1990 2463 10699 1679 2462 10700 2018 2464 10701 1429 2465 10702 1428 2466 10703 2018 2464 10704 1922 2467 10705 1429 2465 10706 2018 2464 10707 1448 2468 10708 1922 2467 10709 2018 2464 10710 1446 2469 10711 1448 2468 10712 1673 2470 10713 1638 2471 10714 1640 2472 10715 1673 2470 10716 1990 2473 10717 1638 2471 10718 1989 2474 10719 1990 2473 10720 1673 2470 10721 1989 2474 10722 1673 2470 10723 1997 2475 10724 1997 2475 10725 1991 2476 10726 1989 2474 10727 1997 2475 10728 1996 2477 10729 1991 2476 10730 1991 2476 10731 1996 2477 10732 1995 2478 10733 1991 2476 10734 1995 2478 10735 1992 2479 10736 1995 2478 10737 1993 2480 10738 1992 2479 10739 1995 2478 10740 1994 2481 10741 1993 2480 10742 2019 2482 10743 1453 2483 10744 1452 2484 10745 2019 2482 10746 1909 2485 10747 1453 2483 10748 1315 2486 10749 1909 2485 10750 2019 2482 10751 1315 2486 10752 1912 2487 10753 1909 2485 10754 1315 2486 10755 1913 2488 10756 1912 2487 10757 1315 2486 10758 1317 2489 10759 1913 2488 10760 1318 2490 10761 1913 2488 10762 1317 2489 10763 1318 2490 10764 1916 2491 10765 1913 2488 10766 1318 2490 10767 1445 2492 10768 1916 2491 10769 1318 2490 10770 1319 2493 10771 1445 2492 10772 1884 2494 10773 2020 2495 10774 1885 2496 10775 1884 2497 10776 2021 2498 10777 2020 2499 10778 2021 2498 10779 1884 2497 10780 1883 2500 10781 2021 2498 10782 1883 2500 10783 2022 2501 10784 1883 2500 10785 2023 2502 10786 2022 2501 10787 1883 2500 10788 1882 2503 10789 2023 2502 10790 2024 2504 10791 2023 2502 10792 1882 2503 10793 2024 2504 10794 1882 2503 10795 1879 2505 10796 1879 2505 10797 2025 2506 10798 2024 2504 10799 1879 2505 10800 1802 2507 10801 2025 2506 10802 1800 2508 10803 2025 2506 10804 1802 2507 10805 1800 2508 10806 2026 2509 10807 2025 2506 10808 1800 2508 10809 2027 2510 10810 2026 2509 10811 1800 2508 10812 1797 2511 10813 2027 2510 10814 2027 2510 10815 1797 2511 10816 1793 2512 10817 2027 2510 10818 1793 2512 10819 2028 2513 10820 2029 2514 10821 2028 2513 10822 1793 2512 10823 2029 2514 10824 1793 2512 10825 1795 2515 10826 2030 2516 10827 2029 2514 10828 1795 2515 10829 2030 2516 10830 2031 2517 10831 2029 2514 10832 2032 2518 10833 2031 2517 10834 2030 2516 10835 2032 2518 10836 2033 2519 10837 2031 2517 10838 2033 2519 10839 2032 2518 10840 1871 2520 10841 2033 2519 10842 1871 2520 10843 2034 2521 10844 2035 2522 10845 2034 2521 10846 1871 2520 10847 2035 2522 10848 1871 2520 10849 1870 2523 10850 1870 2523 10851 1535 2524 10852 2035 2522 10853 1870 2523 10854 1534 2525 10855 1535 2524 10856 1886 2526 10857 1537 2527 10858 1536 2527 10859 1886 2528 10860 2036 2529 10861 1537 2530 10862 1885 2531 10863 2036 2529 10864 1886 2528 10865 1885 2531 10866 2020 2532 10867 2036 2529 10868 1836 2533 10869 1835 2534 10870 2037 2535 10871 1835 2534 10872 1903 2536 10873 2037 2535 10874 1835 2534 10875 1825 2537 10876 1903 2536 10877 1901 2538 10878 1903 2536 10879 1825 2537 10880 1818 2539 10881 1901 2538 10882 1825 2537 10883 1818 2539 10884 1905 2540 10885 1901 2538 10886 1905 2540 10887 1818 2539 10888 1908 2541 10889 1908 2541 10890 1818 2539 10891 1803 2542 10892 1908 2541 10893 1803 2542 10894 2038 2543 10895 1805 2544 10896 2038 2543 10897 1803 2542 10898 1805 2544 10899 2039 2545 10900 2038 2543 10901 1807 2546 10902 2039 2545 10903 1805 2544 10904 1807 2546 10905 2040 2547 10906 2039 2545 10907 1807 2546 10908 1809 2548 10909 2040 2547 10910 1872 2129 10911 1871 2128 10912 2032 2549 10913 1872 2129 10914 2032 2549 10915 1924 2550 10916 2030 2551 10917 1924 2550 10918 2032 2549 10919 2030 2551 10920 1923 2552 10921 1924 2550 10922 2030 2551 10923 1794 2553 10924 1923 2552 10925 2030 2551 10926 1795 2554 10927 1794 2553 10928 1322 2555 10929 1323 2556 10930 1427 2557 10931 1323 2556 10932 1428 2558 10933 1427 2557 10934 1323 2556 10935 1324 2559 10936 1428 2558 10937 1324 2559 10938 2018 2560 10939 1428 2558 10940 1324 2559 10941 1331 2561 10942 2018 2560 10943 1331 2561 10944 1446 2562 10945 2018 2560 10946 1331 2561 10947 1333 2563 10948 1446 2562 10949 1449 2564 10950 1446 2562 10951 1333 2563 10952 1333 2563 10953 1450 2565 10954 1449 2564 10955 1333 2563 10956 1338 2566 10957 1450 2565 10958 1450 2565 10959 1338 2566 10960 1452 2567 10961 1452 2567 10962 1338 2566 10963 1340 2568 10964 1452 2567 10965 1340 2568 10966 2019 2569 10967 1340 2568 10968 1315 2570 10969 2019 2569 10970 1392 2571 10971 1394 2572 10972 1396 2573 10973 1392 2571 10974 1396 2573 10975 1940 2574 10976 1396 2573 10977 1941 2575 10978 1940 2574 10979 1396 2576 10980 2041 2577 10981 1941 2578 10982 1390 2579 10983 2041 2577 10984 1396 2576 10985 1390 2579 10986 2042 2580 10987 2041 2577 10988 1937 2581 10989 2042 2580 10990 1390 2579 10991 1937 2581 10992 1390 2579 10993 1935 2582 10994 1390 2579 10995 1385 2583 10996 1935 2582 10997 1390 2579 10998 1388 2584 10999 1385 2583 11000 2038 2585 11001 1907 2586 11002 1908 2587 11003 2038 2585 11004 1921 2588 11005 1907 2586 11006 2039 2589 11007 1921 2588 11008 2038 2585 11009 2039 2589 11010 1920 2590 11011 1921 2588 11012 2039 2589 11013 1919 2591 11014 1920 2590 11015 2039 2589 11016 2040 2592 11017 1919 2591 11018 1809 2593 11019 1919 2591 11020 2040 2592 11021 1809 2593 11022 1918 2594 11023 1919 2591 11024 1811 2595 11025 1918 2594 11026 1809 2593 11027 1811 2595 11028 1917 2596 11029 1918 2594 11030 1442 2597 11031 1917 2596 11032 1811 2595 11033 1442 2597 11034 1811 2595 11035 1441 2598 11036 2043 2599 11037 1500 2600 11038 2044 2601 11039 2043 2599 11040 1503 2602 11041 1500 2600 11042 2045 2603 11043 1503 2602 11044 2043 2599 11045 2045 2603 11046 1504 2604 11047 1503 2602 11048 2045 2603 11049 1487 2605 11050 1504 2604 11051 2045 2603 11052 2046 2606 11053 1487 2605 11054 2046 2606 11055 1474 2607 11056 1487 2605 11057 2046 2606 11058 2047 2608 11059 1474 2607 11060 2047 2608 11061 1477 2609 11062 1474 2607 11063 2047 2608 11064 2048 2610 11065 1477 2609 11066 2048 2610 11067 1478 2611 11068 1477 2609 11069 2048 2610 11070 2049 2612 11071 1478 2611 11072 1481 2613 11073 1478 2611 11074 2049 2612 11075 1481 2613 11076 2049 2612 11077 2050 2614 11078 1482 2615 11079 1481 2613 11080 2050 2614 11081 1482 2615 11082 2050 2614 11083 2051 2616 11084 2051 2616 11085 1485 2617 11086 1482 2615 11087 2051 2616 11088 2052 2618 11089 1485 2617 11090 2053 2619 11091 1485 2617 11092 2052 2618 11093 2053 2619 11094 1488 2620 11095 1485 2617 11096 2053 2619 11097 1491 2621 11098 1488 2620 11099 2053 2619 11100 2054 2622 11101 1491 2621 11102 2055 2623 11103 1491 2621 11104 2054 2622 11105 2055 2623 11106 1492 2624 11107 1491 2621 11108 1492 2624 11109 2055 2623 11110 2056 2625 11111 1492 2624 11112 2056 2625 11113 1495 2626 11114 1495 2626 11115 2056 2625 11116 2057 2627 11117 1495 2626 11118 2057 2627 11119 1496 2628 11120 2058 2629 11121 1496 2628 11122 2057 2627 11123 2058 2629 11124 1499 2630 11125 1496 2628 11126 2044 2601 11127 1499 2630 11128 2058 2629 11129 2044 2601 11130 1500 2600 11131 1499 2630 11132 1838 2631 11133 1444 2632 11134 1443 2633 11135 1838 2631 11136 1915 2634 11137 1444 2632 11138 1914 2635 11139 1915 2634 11140 1838 2631 11141 1914 2635 11142 1838 2631 11143 1837 2636 11144 1911 2637 11145 1914 2635 11146 1837 2636 11147 1911 2637 11148 1837 2636 11149 1836 2638 11150 2037 2639 11151 1911 2637 11152 1836 2638 11153 2037 2639 11154 1910 2640 11155 1911 2637 11156 1903 2641 11157 1910 2640 11158 2037 2639 11159 1903 2641 11160 1902 2642 11161 1910 2640 11162</p>
        </triangles>
        <triangles material="fob_engy_illum-material" count="160">
          <input semantic="VERTEX" source="#fob_e_stickybomb-mesh-vertices" offset="0"/>
          <input semantic="NORMAL" source="#fob_e_stickybomb-mesh-normals" offset="1"/>
          <input semantic="TEXCOORD" source="#fob_e_stickybomb-mesh-map-0" offset="2" set="0"/>
          <p>2059 2643 11163 1590 2644 11164 2060 2645 11165 2059 2643 11166 1589 2646 11167 1590 2644 11168 2060 2645 11169 1591 2647 11170 2061 2648 11171 2060 2645 11172 1590 2644 11173 1591 2647 11174 2062 2649 11175 1591 2647 11176 1592 2650 11177 2062 2649 11178 2061 2648 11179 1591 2647 11180 2063 2651 11181 1592 2650 11182 1593 2652 11183 2063 2651 11184 2062 2649 11185 1592 2650 11186 2064 2653 11187 1593 2652 11188 1594 2654 11189 2064 2653 11190 2063 2651 11191 1593 2652 11192 2065 2655 11193 1589 2646 11194 2059 2643 11195 2065 2655 11196 1587 2656 11197 1589 2646 11198 2066 2657 11199 1585 2658 11200 2067 2659 11201 2066 2657 11202 1595 2660 11203 1585 2658 11204 2066 2657 11205 1594 2654 11206 1595 2660 11207 2066 2657 11208 2064 2653 11209 1594 2654 11210 2067 2659 11211 1584 2661 11212 2068 2662 11213 2067 2659 11214 1585 2658 11215 1584 2661 11216 2068 2662 11217 1583 2663 11218 2069 2664 11219 2068 2662 11220 1584 2661 11221 1583 2663 11222 2069 2664 11223 1582 2665 11224 2070 2666 11225 2069 2664 11226 1583 2663 11227 1582 2665 11228 2071 2667 11229 1582 2665 11230 1580 2668 11231 2071 2667 11232 2070 2666 11233 1582 2665 11234 2072 2669 11235 1580 2668 11236 1581 2670 11237 2072 2669 11238 2071 2667 11239 1580 2668 11240 2073 2671 11241 1581 2670 11242 1586 2672 11243 2073 2671 11244 2072 2669 11245 1581 2670 11246 2074 2673 11247 1587 2656 11248 2065 2655 11249 2074 2673 11250 1588 2674 11251 1587 2656 11252 2074 2673 11253 1586 2672 11254 1588 2674 11255 2074 2673 11256 2073 2671 11257 1586 2672 11258 2075 2675 11259 2076 2676 11260 2077 2677 11261 2078 2678 11262 2076 2676 11263 2079 2679 11264 2077 2677 11265 2076 2676 11266 2078 2678 11267 2077 2677 11268 2078 2678 11269 2080 2680 11270 2081 2681 11271 2080 2680 11272 2078 2678 11273 2081 2681 11274 2078 2678 11275 2082 2682 11276 2083 2683 11277 2081 2681 11278 2082 2682 11279 2083 2683 11280 2082 2682 11281 2084 2684 11282 2085 2685 11283 2083 2683 11284 2084 2684 11285 2085 2685 11286 2084 2684 11287 2086 2686 11288 2087 2687 11289 2085 2685 11290 2086 2686 11291 2087 2687 11292 2086 2686 11293 2088 2688 11294 2089 2689 11295 2087 2687 11296 2088 2688 11297 2089 2689 11298 2088 2688 11299 2090 2690 11300 2091 2691 11301 2089 2689 11302 2090 2690 11303 2091 2691 11304 2090 2690 11305 2092 2692 11306 2091 2691 11307 2092 2692 11308 2093 2693 11309 2093 2693 11310 2092 2692 11311 2079 2679 11312 2094 2694 11313 2093 2693 11314 2079 2679 11315 2092 2692 11316 2090 2690 11317 2079 2679 11318 2090 2690 11319 2088 2688 11320 2079 2679 11321 2088 2688 11322 2086 2686 11323 2079 2679 11324 2086 2686 11325 2084 2684 11326 2079 2679 11327 2084 2684 11328 2082 2682 11329 2079 2679 11330 2082 2682 11331 2078 2678 11332 2079 2679 11333 2095 2695 11334 2096 2696 11335 2094 2694 11336 2096 2696 11337 2093 2693 11338 2094 2694 11339 2096 2696 11340 2097 2697 11341 2093 2693 11342 2091 2691 11343 2093 2693 11344 2097 2697 11345 2098 2698 11346 2094 2694 11347 2079 2679 11348 2095 2695 11349 2094 2694 11350 2098 2698 11351 2095 2695 11352 2098 2698 11353 2099 2699 11354 2095 2695 11355 2099 2699 11356 2100 2700 11357 2100 2700 11358 2099 2699 11359 2101 2701 11360 2100 2700 11361 2101 2701 11362 2102 2702 11363 2102 2702 11364 2101 2701 11365 2103 2703 11366 2102 2702 11367 2103 2703 11368 2104 2704 11369 2104 2704 11370 2103 2703 11371 2105 2705 11372 2104 2704 11373 2105 2705 11374 2106 2706 11375 2075 2675 11376 2106 2706 11377 2105 2705 11378 2075 2675 11379 2105 2705 11380 2107 2707 11381 2075 2675 11382 2107 2707 11383 2076 2676 11384 2076 2676 11385 2107 2707 11386 2079 2679 11387 2107 2707 11388 2105 2705 11389 2079 2679 11390 2105 2705 11391 2103 2703 11392 2079 2679 11393 2103 2703 11394 2101 2701 11395 2079 2679 11396 2101 2701 11397 2099 2699 11398 2079 2679 11399 2099 2699 11400 2098 2698 11401 2079 2679 11402 2080 2708 11403 1476 2709 11404 2077 2710 11405 2080 2708 11406 1486 2711 11407 1476 2709 11408 2077 2710 11409 1475 2712 11410 2075 2713 11411 2077 2710 11412 1476 2709 11413 1475 2712 11414 2075 2713 11415 1479 2714 11416 2106 2715 11417 2075 2713 11418 1475 2712 11419 1479 2714 11420 1479 2714 11421 2104 2716 11422 2106 2715 11423 1479 2714 11424 1480 2717 11425 2104 2716 11426 1480 2717 11427 2102 2718 11428 2104 2716 11429 1480 2717 11430 1483 2719 11431 2102 2718 11432 1483 2719 11433 2100 2720 11434 2102 2718 11435 1483 2719 11436 1484 2721 11437 2100 2720 11438 2095 2722 11439 1490 2723 11440 2096 2724 11441 2095 2722 11442 1489 2725 11443 1490 2723 11444 1484 2721 11445 1489 2725 11446 2095 2722 11447 1484 2721 11448 2095 2722 11449 2100 2720 11450 2096 2724 11451 1493 2726 11452 2097 2727 11453 2096 2724 11454 1490 2723 11455 1493 2726 11456 2097 2727 11457 1494 2728 11458 2091 2729 11459 2097 2727 11460 1493 2726 11461 1494 2728 11462 2091 2729 11463 1497 2730 11464 2089 2731 11465 2091 2729 11466 1494 2728 11467 1497 2730 11468 1497 2730 11469 2087 2732 11470 2089 2731 11471 1497 2730 11472 1498 2733 11473 2087 2732 11474 1498 2733 11475 2085 2734 11476 2087 2732 11477 1498 2733 11478 1501 2735 11479 2085 2734 11480 1501 2735 11481 2083 2736 11482 2085 2734 11483 1501 2735 11484 1502 2737 11485 2083 2736 11486 1502 2737 11487 2081 2738 11488 2083 2736 11489 1502 2737 11490 1505 2739 11491 2081 2738 11492 2081 2738 11493 1505 2739 11494 1486 2711 11495 2081 2738 11496 1486 2711 11497 2080 2708 11498 2108 2740 11499 2109 2741 11500 2110 2742 11501 2111 2743 11502 2109 2741 11503 2108 2740 11504 2112 2744 11505 2109 2741 11506 2111 2743 11507 2108 2740 11508 2110 2742 11509 2068 2745 11510 2108 2740 11511 2068 2745 11512 2069 2746 11513 2111 2743 11514 2108 2740 11515 2069 2746 11516 2111 2743 11517 2069 2746 11518 2070 2747 11519 2071 2748 11520 2111 2743 11521 2070 2747 11522 2071 2748 11523 2112 2744 11524 2111 2743 11525 2113 2749 11526 2112 2744 11527 2071 2748 11528 2113 2749 11529 2109 2741 11530 2112 2744 11531 2114 2750 11532 2109 2741 11533 2113 2749 11534 2115 2751 11535 2109 2741 11536 2114 2750 11537 2115 2751 11538 2114 2750 11539 2073 2752 11540 2115 2751 11541 2073 2752 11542 2074 2753 11543 2065 2754 11544 2115 2751 11545 2074 2753 11546 2065 2754 11547 2116 2755 11548 2115 2751 11549 2116 2755 11550 2109 2741 11551 2115 2751 11552 2117 2756 11553 2109 2741 11554 2116 2755 11555 2118 2757 11556 2109 2741 11557 2117 2756 11558 2119 2758 11559 2109 2741 11560 2118 2757 11561 2120 2759 11562 2109 2741 11563 2119 2758 11564 2121 2760 11565 2109 2741 11566 2120 2759 11567 2122 2761 11568 2109 2741 11569 2121 2760 11570 2073 2752 11571 2114 2750 11572 2113 2749 11573 2073 2752 11574 2113 2749 11575 2072 2762 11576 2113 2749 11577 2071 2748 11578 2072 2762 11579 2059 2763 11580 2116 2755 11581 2065 2754 11582 2059 2763 11583 2117 2756 11584 2116 2755 11585 2060 2764 11586 2117 2756 11587 2059 2763 11588 2060 2764 11589 2118 2757 11590 2117 2756 11591 2061 2765 11592 2118 2757 11593 2060 2764 11594 2061 2765 11595 2119 2758 11596 2118 2757 11597 2062 2766 11598 2119 2758 11599 2061 2765 11600 2062 2766 11601 2120 2759 11602 2119 2758 11603 2063 2767 11604 2120 2759 11605 2062 2766 11606 2063 2767 11607 2121 2760 11608 2120 2759 11609 2064 2768 11610 2121 2760 11611 2063 2767 11612 2064 2768 11613 2122 2761 11614 2121 2760 11615 2123 2769 11616 2122 2761 11617 2064 2768 11618 2123 2769 11619 2109 2741 11620 2122 2761 11621 2124 2770 11622 2109 2741 11623 2123 2769 11624 2110 2742 11625 2109 2741 11626 2124 2770 11627 2110 2742 11628 2124 2770 11629 2067 2771 11630 2110 2742 11631 2067 2771 11632 2068 2745 11633 2067 2771 11634 2124 2770 11635 2123 2769 11636 2067 2771 11637 2123 2769 11638 2066 2772 11639 2123 2769 11640 2064 2768 11641 2066 2772 11642</p>
        </triangles>
      </mesh>
    </geometry>
  </library_geometries>
  <library_controllers>
    <controller id="fob_e_stickybomb_qc_skeleton_fob_e_stickybomb-skin" name="fob_e_stickybomb.qc_skeleton">
      <skin source="#fob_e_stickybomb-mesh">
        <bind_shape_matrix>1 0 0 0 0 1 0 0 0 0 1 0 0 0 0 1</bind_shape_matrix>
        <source id="fob_e_stickybomb_qc_skeleton_fob_e_stickybomb-skin-joints">
          <Name_array id="fob_e_stickybomb_qc_skeleton_fob_e_stickybomb-skin-joints-array" count="5">weapon_bone weapon_bone_1 weapon_bone_2 chain1 fob</Name_array>
          <technique_common>
            <accessor source="#fob_e_stickybomb_qc_skeleton_fob_e_stickybomb-skin-joints-array" count="5" stride="1">
              <param name="JOINT" type="name"/>
            </accessor>
          </technique_common>
        </source>
        <source id="fob_e_stickybomb_qc_skeleton_fob_e_stickybomb-skin-bind_poses">
          <float_array id="fob_e_stickybomb_qc_skeleton_fob_e_stickybomb-skin-bind_poses-array" count="80">1 0 0 0 0 1 0 0 0 0 1 0 0 0 0 1 0 -0.5207157 0.8537301 -1.001656 0 0.8537301 0.5207157 -3.920765 -1 0 0 1.51299 0 0 0 1 1 0 0 7.062339 0 1 0 1.011958 0 0 1 -9.538335 0 0 0 1 0.9989202 0.002786755 -0.04637765 -0.586932 0.04646128 -0.05991983 0.9971213 -11.28888 -2.06521e-7 -0.9981992 -0.05998432 -11.99787 0 0 0 1 0.9989202 0.01246803 -0.04475545 -0.4476438 0.04645967 -0.2680468 0.9622849 -14.28368 1.2368e-6 -0.963325 -0.2683364 -12.27469 0 0 0 1</float_array>
          <technique_common>
            <accessor source="#fob_e_stickybomb_qc_skeleton_fob_e_stickybomb-skin-bind_poses-array" count="5" stride="16">
              <param name="TRANSFORM" type="float4x4"/>
            </accessor>
          </technique_common>
        </source>
        <source id="fob_e_stickybomb_qc_skeleton_fob_e_stickybomb-skin-weights">
          <float_array id="fob_e_stickybomb_qc_skeleton_fob_e_stickybomb-skin-weights-array" count="2125">1 1 1 1 1 1 1 1 1 1 1 1 1 1 1 1 1 1 1 1 1 1 1 1 1 1 1 1 1 1 1 1 1 1 1 1 1 1 1 1 1 1 1 1 1 1 1 1 1 1 1 1 1 1 1 1 1 1 1 1 1 1 1 1 1 1 1 1 1 1 1 1 1 1 1 1 1 1 1 1 1 1 1 1 1 1 1 1 1 1 1 1 1 1 1 1 1 1 1 1 1 1 1 1 1 1 1 1 1 1 1 1 1 1 1 1 1 1 1 1 1 1 1 1 1 1 1 1 1 1 1 1 1 1 1 1 1 1 1 1 1 1 1 1 1 1 1 1 1 1 1 1 1 1 1 1 1 1 1 1 1 1 1 1 1 1 1 1 1 1 1 1 1 1 1 1 1 1 1 1 1 1 1 1 1 1 1 1 1 1 1 1 1 1 1 1 1 1 1 1 1 1 1 1 1 1 1 1 1 1 1 1 1 1 1 1 1 1 1 1 1 1 1 1 1 1 1 1 1 1 1 1 1 1 1 1 1 1 1 1 1 1 1 1 1 1 1 1 1 1 1 1 1 1 1 1 1 1 1 1 1 1 1 1 1 1 1 1 1 1 1 1 1 1 1 1 1 1 1 1 1 1 1 1 1 1 1 1 1 1 1 1 1 1 1 1 1 1 1 1 1 1 1 1 1 1 1 1 1 1 1 1 1 1 1 1 1 1 1 1 1 1 1 1 1 1 1 1 1 1 1 1 1 1 1 1 1 1 1 1 1 1 1 1 1 1 1 1 1 1 1 1 1 1 1 1 1 1 1 1 1 1 1 1 1 1 1 1 1 1 1 1 1 1 1 1 1 1 1 1 1 1 1 1 1 1 1 1 1 1 1 1 1 1 1 1 1 1 1 1 1 1 1 1 1 1 1 1 1 1 1 1 1 1 1 1 1 1 1 1 1 1 1 1 1 1 1 1 1 1 1 1 1 1 1 1 1 1 1 1 1 1 1 1 1 1 1 1 1 1 1 1 1 1 1 1 1 1 1 1 1 1 1 1 1 1 1 1 1 1 1 1 1 1 1 1 1 1 1 1 1 1 1 1 1 1 1 1 1 1 1 1 1 1 1 1 1 1 1 1 1 1 1 1 1 1 1 1 1 1 1 1 1 1 1 1 1 1 1 1 1 1 1 1 1 1 1 1 1 1 1 1 1 1 1 1 1 1 1 1 1 1 1 1 1 1 1 1 1 1 1 1 1 1 1 1 1 1 1 1 1 1 1 1 1 1 1 1 1 1 1 1 1 1 1 1 1 1 1 1 1 1 1 1 1 1 1 1 1 1 1 1 1 1 1 1 1 1 1 1 1 1 1 1 1 1 1 1 1 1 1 1 1 1 1 1 1 1 1 1 1 1 1 1 1 1 1 1 1 1 1 1 1 1 1 1 1 1 1 1 1 1 1 1 1 1 1 1 1 1 1 1 1 1 1 1 1 1 1 1 1 1 1 1 1 1 1 1 1 1 1 1 1 1 1 1 1 1 1 1 1 1 1 1 1 1 1 1 1 1 1 1 1 1 1 1 1 1 1 1 1 1 1 1 1 1 1 1 1 1 1 1 1 1 1 1 1 1 1 1 1 1 1 1 1 1 1 1 1 1 1 1 1 1 1 1 1 1 1 1 1 1 1 1 1 1 1 1 1 1 1 1 1 1 1 1 1 1 1 1 1 1 1 1 1 1 1 1 1 1 1 1 1 1 1 1 1 1 1 1 1 1 1 1 1 1 1 1 1 1 1 1 1 1 1 1 1 1 1 1 1 1 1 1 1 1 1 1 1 1 1 1 1 1 1 1 1 1 1 1 1 1 1 1 1 1 1 1 1 1 1 1 1 1 1 1 1 1 1 1 1 1 1 1 1 1 1 1 1 1 1 1 1 1 1 1 1 1 1 1 1 1 1 1 1 1 1 1 1 1 1 1 1 1 1 1 1 1 1 1 1 1 1 1 1 1 1 1 1 1 1 1 1 1 1 1 1 1 1 1 1 1 1 1 1 1 1 1 1 1 1 1 1 1 1 1 1 1 1 1 1 1 1 1 1 1 1 1 1 1 1 1 1 1 1 1 1 1 1 1 1 1 1 1 1 1 1 1 1 1 1 1 1 1 1 1 1 1 1 1 1 1 1 1 1 1 1 1 1 1 1 1 1 1 1 1 1 1 1 1 1 1 1 1 1 1 1 1 1 1 1 1 1 1 1 1 1 1 1 1 1 1 1 1 1 1 1 1 1 1 1 1 1 1 1 1 1 1 1 1 1 1 1 1 1 1 1 1 1 1 1 1 1 1 1 1 1 1 1 1 1 1 1 1 1 1 1 1 1 1 1 1 1 1 1 1 1 1 1 1 1 1 1 1 1 1 1 1 1 1 1 1 1 1 1 1 1 1 1 1 1 1 1 1 1 1 1 1 1 1 1 1 1 1 1 1 1 1 1 1 1 1 1 1 1 1 1 1 1 1 1 1 1 1 1 1 1 1 1 1 1 1 1 1 1 1 1 1 1 1 1 1 1 1 1 1 1 1 1 1 1 1 1 1 1 1 1 1 1 1 1 1 1 1 1 1 1 1 1 1 1 1 1 1 1 1 1 1 1 1 1 1 1 1 1 1 1 1 1 1 1 1 1 1 1 1 1 1 1 1 1 1 1 1 1 1 1 1 1 1 1 1 1 1 1 1 1 1 1 1 1 1 1 1 1 1 1 1 1 1 1 1 1 1 1 1 1 1 1 1 1 1 1 1 1 1 1 1 1 1 1 1 1 1 1 1 1 1 1 1 1 1 1 1 1 1 1 1 1 1 1 1 1 1 1 1 1 1 1 1 1 1 1 1 1 1 1 1 1 1 1 1 1 1 1 1 1 1 1 1 1 1 1 1 1 1 1 1 1 1 1 1 1 1 1 1 1 1 1 1 1 1 1 1 1 1 1 1 1 1 1 1 1 1 1 1 1 1 1 1 1 1 1 1 1 1 1 1 1 1 1 1 1 1 1 1 1 1 1 1 1 1 1 1 1 1 1 1 1 1 1 1 1 1 1 1 1 1 1 1 1 1 1 1 1 1 1 1 1 1 1 1 1 1 1 1 1 1 1 1 1 1 1 1 1 1 1 1 1 1 1 1 1 1 1 1 1 1 1 1 1 1 1 1 1 1 1 1 1 1 1 1 1 1 1 1 1 1 1 1 1 1 1 1 1 1 1 1 1 1 1 1 1 1 1 1 1 1 1 1 1 1 1 1 1 1 1 1 1 1 1 1 1 1 1 1 1 1 1 1 1 1 1 1 1 1 1 1 1 1 1 1 1 1 1 1 1 1 1 1 1 1 1 1 1 1 1 1 1 1 1 1 1 1 1 1 1 1 1 1 1 1 1 1 1 1 1 1 1 1 1 1 1 1 1 1 1 1 1 1 1 1 1 1 1 1 1 1 1 1 1 1 1 1 1 1 1 1 1 1 1 1 1 1 1 1 1 1 1 1 1 1 1 1 1 1 1 1 1 1 1 1 1 1 1 1 1 1 1 1 1 1 1 1 1 1 1 1 1 1 1 1 1 1 1 1 1 1 1 1 1 1 1 1 1 1 1 1 1 1 1 1 1 1 1 1 1 1 1 1 1 1 1 1 1 1 1 1 1 1 1 1 1 1 1 1 1 1 1 1 1 1 1 1 1 1 1 1 1 1 1 1 1 1 1 1 1 1 1 1 1 1 1 1 1 1 1 1 1 1 1 1 1 1 1 1 1 1 1 1 1 1 1 1 1 1 1 1 1 1 1 1 1 1 1 1 1 1 1 1 1 1 1 1 1 1 1 1 1 1 1 1 1 1 1 1 1 1 1 1 1 1 1 1 1 1 1 1 1 1 1 1 1 1 1 1 1 1 1 1 1 1 1 1 1 1 1 1 1 1 1 1 1 1 1 1 1 1 1 1 1 1 1 1 1 1 1 1 1 1 1 1 1 1 1 1 1 1 1 1 1 1 1 1 1 1 1 1 1 1 1 1 1 1 1 1 1 1 1 1 1 1 1 1 1 1 1 1 1 1 1 1 1 1 1 1 1 1 1 1 1 1 1 1 1 1 1 1 1 1 1 1 1 1 1 1 1 1 1 1 1 1 1 1 1 1 1 1 1 1 1 1 1 1 1 1 1 1 1 1 1 1 1 1 1 1 1 1 1 1 1 1 1 1 1 1 1 1 1 1 1 1 1 1 1 1 1 1 1 1 1 1 1 1 1 1 1 1 1 1 1 1 1 1 1 1 1 1 1 1 1 1 1 1 1 1 1 1 1 1 1 1 1 1 1 1 1 1 1 1 1 1 1 1 1 1 1 1 1 1 1 1 1 1 1 1 1 1 1 1 1 1 1 1 1 1 1 1 1 1 1 1 1 1 1 1 1 1 1 1 1 1 1 1 1 1 1 1 1 1 1 1 1 1 1 1 1 1 1 1 1 1 1 1 1 1 1 1 1 1 1 1 1 1 1 1 1 1 1 1 1 1 1 1 1 1 1 1 1 1 1 1 1 1 1 1 1 1 1 1 1 1 1 1 1 1 1 1 1 1 1 1 1 1 1 1 1 1 1 1 1 1 1 1 1 1 1 1 1 1 1 1 1 1 1 1 1 1 1 1 1 1 1 1 1 1 1 1 1 1 1 1 1 1 1 1 1 1 1 1 1 1 1 1 1 1 1 1 1 1 1 1 1 1 1 1 1 1 1 1 1 1 1 1 1 1 1 1 1 1 1 1 1 1 1</float_array>
          <technique_common>
            <accessor source="#fob_e_stickybomb_qc_skeleton_fob_e_stickybomb-skin-weights-array" count="2125" stride="1">
              <param name="WEIGHT" type="float"/>
            </accessor>
          </technique_common>
        </source>
        <joints>
          <input semantic="JOINT" source="#fob_e_stickybomb_qc_skeleton_fob_e_stickybomb-skin-joints"/>
          <input semantic="INV_BIND_MATRIX" source="#fob_e_stickybomb_qc_skeleton_fob_e_stickybomb-skin-bind_poses"/>
        </joints>
        <vertex_weights count="2125">
          <input semantic="JOINT" source="#fob_e_stickybomb_qc_skeleton_fob_e_stickybomb-skin-joints" offset="0"/>
          <input semantic="WEIGHT" source="#fob_e_stickybomb_qc_skeleton_fob_e_stickybomb-skin-weights" offset="1"/>
          <vcount>1 1 1 1 1 1 1 1 1 1 1 1 1 1 1 1 1 1 1 1 1 1 1 1 1 1 1 1 1 1 1 1 1 1 1 1 1 1 1 1 1 1 1 1 1 1 1 1 1 1 1 1 1 1 1 1 1 1 1 1 1 1 1 1 1 1 1 1 1 1 1 1 1 1 1 1 1 1 1 1 1 1 1 1 1 1 1 1 1 1 1 1 1 1 1 1 1 1 1 1 1 1 1 1 1 1 1 1 1 1 1 1 1 1 1 1 1 1 1 1 1 1 1 1 1 1 1 1 1 1 1 1 1 1 1 1 1 1 1 1 1 1 1 1 1 1 1 1 1 1 1 1 1 1 1 1 1 1 1 1 1 1 1 1 1 1 1 1 1 1 1 1 1 1 1 1 1 1 1 1 1 1 1 1 1 1 1 1 1 1 1 1 1 1 1 1 1 1 1 1 1 1 1 1 1 1 1 1 1 1 1 1 1 1 1 1 1 1 1 1 1 1 1 1 1 1 1 1 1 1 1 1 1 1 1 1 1 1 1 1 1 1 1 1 1 1 1 1 1 1 1 1 1 1 1 1 1 1 1 1 1 1 1 1 1 1 1 1 1 1 1 1 1 1 1 1 1 1 1 1 1 1 1 1 1 1 1 1 1 1 1 1 1 1 1 1 1 1 1 1 1 1 1 1 1 1 1 1 1 1 1 1 1 1 1 1 1 1 1 1 1 1 1 1 1 1 1 1 1 1 1 1 1 1 1 1 1 1 1 1 1 1 1 1 1 1 1 1 1 1 1 1 1 1 1 1 1 1 1 1 1 1 1 1 1 1 1 1 1 1 1 1 1 1 1 1 1 1 1 1 1 1 1 1 1 1 1 1 1 1 1 1 1 1 1 1 1 1 1 1 1 1 1 1 1 1 1 1 1 1 1 1 1 1 1 1 1 1 1 1 1 1 1 1 1 1 1 1 1 1 1 1 1 1 1 1 1 1 1 1 1 1 1 1 1 1 1 1 1 1 1 1 1 1 1 1 1 1 1 1 1 1 1 1 1 1 1 1 1 1 1 1 1 1 1 1 1 1 1 1 1 1 1 1 1 1 1 1 1 1 1 1 1 1 1 1 1 1 1 1 1 1 1 1 1 1 1 1 1 1 1 1 1 1 1 1 1 1 1 1 1 1 1 1 1 1 1 1 1 1 1 1 1 1 1 1 1 1 1 1 1 1 1 1 1 1 1 1 1 1 1 1 1 1 1 1 1 1 1 1 1 1 1 1 1 1 1 1 1 1 1 1 1 1 1 1 1 1 1 1 1 1 1 1 1 1 1 1 1 1 1 1 1 1 1 1 1 1 1 1 1 1 1 1 1 1 1 1 1 1 1 1 1 1 1 1 1 1 1 1 1 1 1 1 1 1 1 1 1 1 1 1 1 1 1 1 1 1 1 1 1 1 1 1 1 1 1 1 1 1 1 1 1 1 1 1 1 1 1 1 1 1 1 1 1 1 1 1 1 1 1 1 1 1 1 1 1 1 1 1 1 1 1 1 1 1 1 1 1 1 1 1 1 1 1 1 1 1 1 1 1 1 1 1 1 1 1 1 1 1 1 1 1 1 1 1 1 1 1 1 1 1 1 1 1 1 1 1 1 1 1 1 1 1 1 1 1 1 1 1 1 1 1 1 1 1 1 1 1 1 1 1 1 1 1 1 1 1 1 1 1 1 1 1 1 1 1 1 1 1 1 1 1 1 1 1 1 1 1 1 1 1 1 1 1 1 1 1 1 1 1 1 1 1 1 1 1 1 1 1 1 1 1 1 1 1 1 1 1 1 1 1 1 1 1 1 1 1 1 1 1 1 1 1 1 1 1 1 1 1 1 1 1 1 1 1 1 1 1 1 1 1 1 1 1 1 1 1 1 1 1 1 1 1 1 1 1 1 1 1 1 1 1 1 1 1 1 1 1 1 1 1 1 1 1 1 1 1 1 1 1 1 1 1 1 1 1 1 1 1 1 1 1 1 1 1 1 1 1 1 1 1 1 1 1 1 1 1 1 1 1 1 1 1 1 1 1 1 1 1 1 1 1 1 1 1 1 1 1 1 1 1 1 1 1 1 1 1 1 1 1 1 1 1 1 1 1 1 1 1 1 1 1 1 1 1 1 1 1 1 1 1 1 1 1 1 1 1 1 1 1 1 1 1 1 1 1 1 1 1 1 1 1 1 1 1 1 1 1 1 1 1 1 1 1 1 1 1 1 1 1 1 1 1 1 1 1 1 1 1 1 1 1 1 1 1 1 1 1 1 1 1 1 1 1 1 1 1 1 1 1 1 1 1 1 1 1 1 1 1 1 1 1 1 1 1 1 1 1 1 1 1 1 1 1 1 1 1 1 1 1 1 1 1 1 1 1 1 1 1 1 1 1 1 1 1 1 1 1 1 1 1 1 1 1 1 1 1 1 1 1 1 1 1 1 1 1 1 1 1 1 1 1 1 1 1 1 1 1 1 1 1 1 1 1 1 1 1 1 1 1 1 1 1 1 1 1 1 1 1 1 1 1 1 1 1 1 1 1 1 1 1 1 1 1 1 1 1 1 1 1 1 1 1 1 1 1 1 1 1 1 1 1 1 1 1 1 1 1 1 1 1 1 1 1 1 1 1 1 1 1 1 1 1 1 1 1 1 1 1 1 1 1 1 1 1 1 1 1 1 1 1 1 1 1 1 1 1 1 1 1 1 1 1 1 1 1 1 1 1 1 1 1 1 1 1 1 1 1 1 1 1 1 1 1 1 1 1 1 1 1 1 1 1 1 1 1 1 1 1 1 1 1 1 1 1 1 1 1 1 1 1 1 1 1 1 1 1 1 1 1 1 1 1 1 1 1 1 1 1 1 1 1 1 1 1 1 1 1 1 1 1 1 1 1 1 1 1 1 1 1 1 1 1 1 1 1 1 1 1 1 1 1 1 1 1 1 1 1 1 1 1 1 1 1 1 1 1 1 1 1 1 1 1 1 1 1 1 1 1 1 1 1 1 1 1 1 1 1 1 1 1 1 1 1 1 1 1 1 1 1 1 1 1 1 1 1 1 1 1 1 1 1 1 1 1 1 1 1 1 1 1 1 1 1 1 1 1 1 1 1 1 1 1 1 1 1 1 1 1 1 1 1 1 1 1 1 1 1 1 1 1 1 1 1 1 1 1 1 1 1 1 1 1 1 1 1 1 1 1 1 1 1 1 1 1 1 1 1 1 1 1 1 1 1 1 1 1 1 1 1 1 1 1 1 1 1 1 1 1 1 1 1 1 1 1 1 1 1 1 1 1 1 1 1 1 1 1 1 1 1 1 1 1 1 1 1 1 1 1 1 1 1 1 1 1 1 1 1 1 1 1 1 1 1 1 1 1 1 1 1 1 1 1 1 1 1 1 1 1 1 1 1 1 1 1 1 1 1 1 1 1 1 1 1 1 1 1 1 1 1 1 1 1 1 1 1 1 1 1 1 1 1 1 1 1 1 1 1 1 1 1 1 1 1 1 1 1 1 1 1 1 1 1 1 1 1 1 1 1 1 1 1 1 1 1 1 1 1 1 1 1 1 1 1 1 1 1 1 1 1 1 1 1 1 1 1 1 1 1 1 1 1 1 1 1 1 1 1 1 1 1 1 1 1 1 1 1 1 1 1 1 1 1 1 1 1 1 1 1 1 1 1 1 1 1 1 1 1 1 1 1 1 1 1 1 1 1 1 1 1 1 1 1 1 1 1 1 1 1 1 1 1 1 1 1 1 1 1 1 1 1 1 1 1 1 1 1 1 1 1 1 1 1 1 1 1 1 1 1 1 1 1 1 1 1 1 1 1 1 1 1 1 1 1 1 1 1 1 1 1 1 1 1 1 1 1 1 1 1 1 1 1 1 1 1 1 1 1 1 1 1 1 1 1 1 1 1 1 1 1 1 1 1 1 1 1 1 1 1 1 1 1 1 1 1 1 1 1 1 1 1 1 1 1 1 1 1 1 1 1 1 1 1 1 1 1 1 1 1 1 1 1 1 1 1 1 1 1 1 1 1 1 1 1 1 1 1 1 1 1 1 1 1 1 1 1 1 1 1 1 1 1 1 1 1 1 1 1 1 1 1 1 1 1 1 1 1 1 1 1 1 1 1 1 1 1 1 1 1 1 1 1 1 1 1 1 1 1 1 1 1 1 1 1 1 1 1 1 1 1 1 1 1 1 1 1 1 1 1 1 1 1 1 1 1 1 1 1 1 1 1 1 1 1 1 1 1 1 1 1 1 1 1 1 1 1 1 1 1 1 1 1 1 1 1 1 1 1 1 1 1 1 1 1 1 1 1 1 1 1 1 1 1 1 1 1 1 1 1 1 1 1 1 1 1 1 1 1 1 1 1 1 1 1 1 1 1 1 1 1 1 1 1 1 1 1 1 1 1 1 1 1 1 1 1 1 1 1 1 1 1 1 1 1 1 1 1 1 1 1 1 1 1 1 1 1 1 1 1 1 1 1 1 1 1 1 1 1 1 1 1 1 1 1 1 1 1 1 1 1 1 1 1 1 1 1 1 1 1 1 1 1 1 1 1 1 1 1 1 1 1 1 1 1 1 1 1 1 1 1 1 1 1 1 1 1 1 1 1 1 1 1 1 1 1 1 1 1 1 1 1 1 1 1 1 1 1 1 1 1 1 1 1 1 1 1 1 1 1 1 1 1 1 1 1 1 1 1 1 1 1 1 1 1 1 1 1 1 1 1 1 1 1 1 1 1 1 1 1 1 1 1 1 1 </vcount>
          <v>3 0 3 1 3 2 3 3 0 4 0 5 0 6 0 7 0 8 0 9 0 10 0 11 0 12 0 13 0 14 0 15 0 16 0 17 0 18 0 19 0 20 0 21 0 22 0 23 0 24 0 25 0 26 0 27 0 28 0 29 0 30 0 31 0 32 0 33 0 34 0 35 0 36 0 37 0 38 0 39 0 40 0 41 0 42 0 43 0 44 0 45 0 46 0 47 0 48 0 49 0 50 0 51 0 52 0 53 0 54 0 55 0 56 0 57 0 58 0 59 0 60 0 61 0 62 0 63 0 64 0 65 0 66 0 67 0 68 0 69 0 70 0 71 0 72 0 73 0 74 0 75 0 76 0 77 0 78 0 79 0 80 0 81 0 82 0 83 0 84 0 85 0 86 0 87 0 88 0 89 0 90 0 91 0 92 0 93 0 94 0 95 0 96 0 97 0 98 0 99 0 100 0 101 0 102 0 103 0 104 0 105 0 106 0 107 0 108 0 109 0 110 0 111 0 112 0 113 0 114 0 115 0 116 0 117 0 118 0 119 0 120 0 121 0 122 0 123 0 124 0 125 0 126 0 127 0 128 0 129 0 130 0 131 0 132 0 133 0 134 0 135 0 136 0 137 0 138 0 139 0 140 0 141 0 142 0 143 0 144 0 145 0 146 0 147 0 148 0 149 0 150 0 151 0 152 0 153 0 154 0 155 0 156 0 157 0 158 0 159 0 160 0 161 0 162 0 163 3 164 3 165 3 166 3 167 3 168 3 169 3 170 3 171 3 172 3 173 3 174 3 175 3 176 3 177 3 178 3 179 3 180 3 181 3 182 3 183 3 184 3 185 3 186 3 187 3 188 3 189 3 190 3 191 3 192 3 193 3 194 3 195 3 196 3 197 3 198 3 199 3 200 3 201 3 202 3 203 3 204 3 205 3 206 3 207 3 208 3 209 3 210 3 211 3 212 3 213 3 214 3 215 3 216 3 217 3 218 3 219 3 220 3 221 3 222 3 223 3 224 3 225 3 226 3 227 3 228 3 229 3 230 3 231 3 232 3 233 3 234 3 235 3 236 3 237 3 238 3 239 3 240 3 241 3 242 3 243 3 244 3 245 3 246 3 247 3 248 3 249 3 250 3 251 3 252 3 253 3 254 3 255 3 256 3 257 3 258 3 259 3 260 3 261 3 262 3 263 3 264 3 265 3 266 3 267 3 268 3 269 3 270 3 271 3 272 3 273 3 274 3 275 3 276 3 277 3 278 3 279 3 280 3 281 3 282 3 283 3 284 3 285 3 286 3 287 3 288 3 289 3 290 3 291 3 292 3 293 3 294 0 295 0 296 0 297 0 298 0 299 0 300 0 301 0 302 0 303 0 304 0 305 0 306 0 307 0 308 0 309 0 310 0 311 0 312 0 313 0 314 0 315 0 316 0 317 0 318 0 319 0 320 0 321 0 322 0 323 0 324 0 325 0 326 0 327 0 328 0 329 0 330 0 331 0 332 0 333 0 334 0 335 0 336 0 337 0 338 0 339 0 340 0 341 0 342 0 343 0 344 0 345 0 346 0 347 0 348 0 349 0 350 0 351 0 352 0 353 0 354 0 355 0 356 0 357 0 358 0 359 0 360 0 361 0 362 0 363 0 364 0 365 0 366 0 367 0 368 0 369 0 370 0 371 0 372 0 373 0 374 0 375 0 376 0 377 0 378 0 379 0 380 0 381 0 382 0 383 0 384 0 385 0 386 0 387 0 388 0 389 0 390 3 391 0 392 0 393 0 394 0 395 0 396 0 397 0 398 0 399 0 400 0 401 0 402 0 403 0 404 0 405 0 406 0 407 0 408 0 409 0 410 0 411 0 412 0 413 0 414 0 415 0 416 0 417 0 418 0 419 0 420 0 421 0 422 0 423 0 424 0 425 0 426 0 427 0 428 0 429 0 430 0 431 0 432 0 433 0 434 0 435 0 436 0 437 0 438 0 439 0 440 0 441 0 442 0 443 0 444 0 445 0 446 0 447 0 448 0 449 0 450 0 451 0 452 0 453 0 454 0 455 0 456 0 457 0 458 0 459 0 460 0 461 0 462 0 463 0 464 0 465 0 466 0 467 0 468 0 469 0 470 0 471 0 472 0 473 0 474 0 475 0 476 0 477 0 478 0 479 0 480 0 481 0 482 0 483 0 484 0 485 0 486 0 487 0 488 0 489 0 490 0 491 0 492 0 493 0 494 0 495 0 496 0 497 0 498 0 499 0 500 0 501 0 502 0 503 0 504 0 505 0 506 0 507 0 508 0 509 0 510 0 511 0 512 0 513 0 514 0 515 0 516 0 517 0 518 0 519 0 520 0 521 0 522 0 523 0 524 0 525 0 526 0 527 0 528 0 529 0 530 0 531 0 532 0 533 0 534 0 535 0 536 0 537 0 538 0 539 0 540 0 541 0 542 0 543 0 544 0 545 0 546 0 547 0 548 0 549 0 550 0 551 0 552 0 553 0 554 0 555 0 556 0 557 0 558 0 559 0 560 0 561 0 562 0 563 0 564 0 565 0 566 0 567 0 568 0 569 0 570 0 571 0 572 0 573 0 574 0 575 0 576 0 577 0 578 0 579 0 580 0 581 0 582 0 583 0 584 0 585 0 586 0 587 0 588 0 589 0 590 0 591 0 592 0 593 0 594 0 595 0 596 0 597 0 598 0 599 0 600 0 601 0 602 0 603 0 604 0 605 0 606 0 607 0 608 0 609 0 610 0 611 0 612 0 613 0 614 0 615 0 616 0 617 0 618 0 619 0 620 0 621 0 622 0 623 0 624 0 625 0 626 0 627 0 628 0 629 0 630 0 631 0 632 0 633 0 634 0 635 0 636 0 637 0 638 0 639 0 640 0 641 0 642 0 643 0 644 0 645 0 646 0 647 0 648 0 649 0 650 0 651 0 652 0 653 0 654 0 655 0 656 0 657 0 658 0 659 0 660 0 661 0 662 0 663 0 664 0 665 0 666 0 667 0 668 0 669 0 670 0 671 0 672 0 673 0 674 0 675 0 676 0 677 0 678 0 679 0 680 0 681 0 682 0 683 0 684 0 685 0 686 0 687 0 688 0 689 0 690 0 691 0 692 0 693 0 694 0 695 0 696 0 697 0 698 0 699 0 700 0 701 0 702 0 703 0 704 0 705 0 706 0 707 0 708 0 709 0 710 0 711 0 712 0 713 0 714 0 715 0 716 0 717 0 718 0 719 0 720 0 721 0 722 0 723 0 724 0 725 0 726 0 727 0 728 0 729 0 730 0 731 0 732 0 733 0 734 0 735 0 736 0 737 0 738 0 739 0 740 0 741 0 742 0 743 0 744 0 745 0 746 0 747 0 748 0 749 0 750 0 751 0 752 0 753 0 754 0 755 0 756 0 757 0 758 0 759 0 760 0 761 0 762 0 763 0 764 0 765 0 766 0 767 0 768 0 769 0 770 0 771 0 772 0 773 0 774 0 775 0 776 0 777 0 778 0 779 0 780 0 781 0 782 0 783 0 784 0 785 0 786 0 787 0 788 0 789 0 790 0 791 0 792 0 793 0 794 0 795 0 796 0 797 0 798 0 799 0 800 0 801 0 802 0 803 0 804 0 805 0 806 0 807 0 808 0 809 0 810 0 811 0 812 0 813 0 814 0 815 0 816 0 817 0 818 0 819 0 820 0 821 0 822 0 823 0 824 0 825 0 826 0 827 0 828 0 829 0 830 0 831 0 832 0 833 0 834 0 835 0 836 0 837 0 838 0 839 0 840 0 841 0 842 0 843 0 844 0 845 0 846 0 847 0 848 0 849 0 850 0 851 0 852 0 853 0 854 0 855 0 856 0 857 0 858 0 859 0 860 0 861 0 862 0 863 0 864 0 865 0 866 0 867 0 868 0 869 0 870 0 871 0 872 0 873 0 874 0 875 0 876 0 877 0 878 0 879 0 880 0 881 0 882 0 883 0 884 0 885 0 886 0 887 0 888 0 889 0 890 0 891 0 892 0 893 0 894 0 895 0 896 0 897 0 898 0 899 0 900 0 901 0 902 0 903 0 904 0 905 0 906 0 907 0 908 0 909 0 910 0 911 0 912 0 913 0 914 0 915 0 916 0 917 0 918 0 919 0 920 0 921 0 922 0 923 0 924 0 925 0 926 0 927 0 928 0 929 0 930 0 931 0 932 0 933 0 934 0 935 0 936 0 937 0 938 0 939 0 940 0 941 0 942 0 943 0 944 0 945 0 946 0 947 0 948 0 949 0 950 0 951 0 952 0 953 0 954 0 955 0 956 0 957 0 958 0 959 0 960 0 961 0 962 0 963 0 964 0 965 0 966 0 967 0 968 0 969 0 970 0 971 0 972 0 973 0 974 0 975 0 976 0 977 0 978 0 979 0 980 0 981 0 982 0 983 0 984 0 985 0 986 0 987 0 988 0 989 0 990 0 991 0 992 0 993 0 994 0 995 0 996 0 997 0 998 0 999 0 1000 0 1001 0 1002 0 1003 0 1004 0 1005 0 1006 0 1007 0 1008 0 1009 0 1010 0 1011 0 1012 0 1013 0 1014 0 1015 0 1016 0 1017 0 1018 0 1019 0 1020 0 1021 0 1022 0 1023 0 1024 0 1025 0 1026 0 1027 0 1028 0 1029 0 1030 0 1031 0 1032 0 1033 0 1034 0 1035 0 1036 0 1037 0 1038 0 1039 0 1040 0 1041 0 1042 0 1043 0 1044 0 1045 0 1046 0 1047 0 1048 0 1049 0 1050 0 1051 0 1052 0 1053 0 1054 0 1055 0 1056 0 1057 0 1058 0 1059 0 1060 0 1061 0 1062 0 1063 0 1064 0 1065 0 1066 0 1067 0 1068 0 1069 0 1070 0 1071 0 1072 0 1073 0 1074 0 1075 0 1076 0 1077 0 1078 0 1079 0 1080 0 1081 0 1082 0 1083 0 1084 0 1085 0 1086 0 1087 0 1088 0 1089 0 1090 0 1091 0 1092 0 1093 0 1094 0 1095 4 1096 4 1097 4 1098 4 1099 4 1100 4 1101 4 1102 4 1103 4 1104 4 1105 4 1106 4 1107 4 1108 4 1109 4 1110 4 1111 4 1112 4 1113 4 1114 4 1115 4 1116 4 1117 4 1118 4 1119 4 1120 4 1121 4 1122 4 1123 4 1124 4 1125 4 1126 4 1127 4 1128 4 1129 4 1130 4 1131 4 1132 4 1133 4 1134 4 1135 4 1136 4 1137 4 1138 4 1139 4 1140 4 1141 4 1142 4 1143 4 1144 4 1145 4 1146 4 1147 4 1148 4 1149 4 1150 4 1151 4 1152 4 1153 4 1154 4 1155 4 1156 4 1157 4 1158 4 1159 4 1160 4 1161 4 1162 4 1163 4 1164 4 1165 4 1166 4 1167 4 1168 4 1169 4 1170 4 1171 4 1172 4 1173 4 1174 4 1175 4 1176 4 1177 4 1178 4 1179 4 1180 4 1181 4 1182 4 1183 4 1184 4 1185 4 1186 4 1187 4 1188 4 1189 4 1190 4 1191 4 1192 4 1193 4 1194 4 1195 4 1196 4 1197 4 1198 4 1199 4 1200 4 1201 4 1202 4 1203 4 1204 4 1205 4 1206 4 1207 4 1208 4 1209 4 1210 4 1211 4 1212 4 1213 4 1214 4 1215 4 1216 4 1217 4 1218 4 1219 4 1220 4 1221 4 1222 4 1223 4 1224 4 1225 4 1226 4 1227 4 1228 4 1229 4 1230 4 1231 4 1232 4 1233 4 1234 4 1235 4 1236 4 1237 4 1238 4 1239 4 1240 4 1241 4 1242 4 1243 4 1244 4 1245 4 1246 4 1247 4 1248 4 1249 4 1250 4 1251 4 1252 4 1253 4 1254 4 1255 4 1256 4 1257 4 1258 4 1259 4 1260 4 1261 4 1262 4 1263 4 1264 4 1265 4 1266 4 1267 4 1268 4 1269 4 1270 4 1271 4 1272 4 1273 4 1274 4 1275 4 1276 4 1277 4 1278 4 1279 4 1280 4 1281 4 1282 4 1283 4 1284 4 1285 4 1286 4 1287 4 1288 4 1289 4 1290 4 1291 4 1292 4 1293 4 1294 4 1295 4 1296 4 1297 4 1298 4 1299 4 1300 4 1301 4 1302 4 1303 4 1304 4 1305 4 1306 4 1307 4 1308 4 1309 4 1310 4 1311 4 1312 4 1313 4 1314 4 1315 4 1316 4 1317 4 1318 4 1319 4 1320 4 1321 4 1322 4 1323 4 1324 4 1325 4 1326 4 1327 4 1328 4 1329 4 1330 4 1331 4 1332 4 1333 4 1334 4 1335 4 1336 4 1337 4 1338 4 1339 4 1340 4 1341 4 1342 4 1343 4 1344 4 1345 4 1346 4 1347 4 1348 4 1349 4 1350 4 1351 4 1352 4 1353 4 1354 4 1355 4 1356 4 1357 4 1358 4 1359 4 1360 4 1361 4 1362 4 1363 4 1364 4 1365 4 1366 4 1367 4 1368 4 1369 4 1370 4 1371 4 1372 4 1373 4 1374 4 1375 4 1376 4 1377 4 1378 4 1379 4 1380 4 1381 4 1382 4 1383 4 1384 4 1385 4 1386 4 1387 4 1388 4 1389 4 1390 4 1391 4 1392 4 1393 4 1394 4 1395 4 1396 4 1397 4 1398 4 1399 4 1400 4 1401 4 1402 4 1403 4 1404 4 1405 4 1406 4 1407 4 1408 4 1409 4 1410 4 1411 4 1412 4 1413 4 1414 4 1415 4 1416 4 1417 4 1418 4 1419 4 1420 4 1421 4 1422 4 1423 4 1424 4 1425 4 1426 4 1427 4 1428 4 1429 4 1430 4 1431 4 1432 4 1433 4 1434 4 1435 4 1436 4 1437 4 1438 4 1439 4 1440 4 1441 4 1442 4 1443 4 1444 4 1445 4 1446 4 1447 4 1448 4 1449 4 1450 4 1451 4 1452 4 1453 4 1454 4 1455 4 1456 4 1457 4 1458 4 1459 4 1460 4 1461 4 1462 4 1463 4 1464 4 1465 4 1466 4 1467 4 1468 4 1469 4 1470 4 1471 4 1472 4 1473 4 1474 4 1475 4 1476 4 1477 4 1478 4 1479 4 1480 4 1481 4 1482 4 1483 4 1484 4 1485 4 1486 4 1487 4 1488 4 1489 4 1490 4 1491 4 1492 4 1493 4 1494 4 1495 4 1496 4 1497 4 1498 4 1499 4 1500 4 1501 4 1502 4 1503 4 1504 4 1505 4 1506 4 1507 4 1508 4 1509 4 1510 4 1511 4 1512 4 1513 4 1514 4 1515 4 1516 4 1517 4 1518 4 1519 4 1520 4 1521 4 1522 4 1523 4 1524 4 1525 4 1526 4 1527 4 1528 4 1529 4 1530 4 1531 4 1532 4 1533 4 1534 4 1535 4 1536 4 1537 4 1538 4 1539 4 1540 4 1541 4 1542 4 1543 4 1544 4 1545 4 1546 4 1547 4 1548 4 1549 4 1550 4 1551 4 1552 4 1553 4 1554 4 1555 4 1556 4 1557 4 1558 4 1559 4 1560 4 1561 4 1562 4 1563 4 1564 4 1565 4 1566 4 1567 4 1568 4 1569 4 1570 4 1571 4 1572 4 1573 4 1574 4 1575 4 1576 4 1577 4 1578 4 1579 4 1580 4 1581 4 1582 4 1583 4 1584 4 1585 4 1586 4 1587 4 1588 4 1589 4 1590 4 1591 4 1592 4 1593 4 1594 4 1595 4 1596 4 1597 4 1598 4 1599 4 1600 4 1601 4 1602 4 1603 4 1604 4 1605 4 1606 4 1607 4 1608 4 1609 4 1610 4 1611 4 1612 4 1613 4 1614 4 1615 4 1616 4 1617 4 1618 4 1619 4 1620 4 1621 4 1622 4 1623 4 1624 4 1625 4 1626 4 1627 4 1628 4 1629 4 1630 4 1631 4 1632 4 1633 4 1634 4 1635 4 1636 4 1637 4 1638 4 1639 4 1640 4 1641 4 1642 4 1643 4 1644 4 1645 4 1646 4 1647 4 1648 4 1649 4 1650 4 1651 4 1652 4 1653 4 1654 4 1655 4 1656 4 1657 4 1658 4 1659 4 1660 4 1661 4 1662 4 1663 4 1664 4 1665 4 1666 4 1667 4 1668 4 1669 4 1670 4 1671 4 1672 4 1673 4 1674 4 1675 4 1676 4 1677 4 1678 4 1679 4 1680 4 1681 4 1682 4 1683 4 1684 4 1685 4 1686 4 1687 4 1688 4 1689 4 1690 4 1691 4 1692 4 1693 4 1694 4 1695 4 1696 4 1697 4 1698 4 1699 4 1700 4 1701 4 1702 4 1703 4 1704 4 1705 4 1706 4 1707 4 1708 4 1709 4 1710 4 1711 4 1712 4 1713 4 1714 4 1715 4 1716 4 1717 4 1718 4 1719 4 1720 4 1721 4 1722 4 1723 4 1724 4 1725 4 1726 4 1727 4 1728 4 1729 4 1730 4 1731 4 1732 4 1733 4 1734 4 1735 4 1736 4 1737 4 1738 4 1739 4 1740 4 1741 4 1742 4 1743 4 1744 4 1745 4 1746 4 1747 4 1748 4 1749 4 1750 4 1751 4 1752 4 1753 4 1754 4 1755 4 1756 4 1757 4 1758 4 1759 4 1760 4 1761 4 1762 4 1763 4 1764 4 1765 4 1766 4 1767 4 1768 4 1769 4 1770 4 1771 4 1772 4 1773 4 1774 4 1775 4 1776 4 1777 4 1778 4 1779 4 1780 4 1781 4 1782 4 1783 4 1784 4 1785 4 1786 4 1787 4 1788 4 1789 4 1790 4 1791 4 1792 4 1793 4 1794 4 1795 4 1796 4 1797 4 1798 4 1799 4 1800 4 1801 4 1802 4 1803 4 1804 4 1805 4 1806 4 1807 4 1808 4 1809 4 1810 4 1811 4 1812 4 1813 4 1814 4 1815 4 1816 4 1817 4 1818 4 1819 4 1820 4 1821 4 1822 4 1823 4 1824 4 1825 4 1826 4 1827 4 1828 4 1829 4 1830 4 1831 4 1832 4 1833 4 1834 4 1835 4 1836 4 1837 4 1838 4 1839 4 1840 4 1841 4 1842 4 1843 4 1844 4 1845 4 1846 4 1847 4 1848 4 1849 4 1850 4 1851 4 1852 4 1853 4 1854 4 1855 4 1856 4 1857 4 1858 4 1859 4 1860 4 1861 4 1862 4 1863 4 1864 4 1865 4 1866 4 1867 4 1868 4 1869 4 1870 4 1871 4 1872 4 1873 4 1874 4 1875 4 1876 4 1877 4 1878 4 1879 4 1880 4 1881 4 1882 4 1883 4 1884 4 1885 4 1886 4 1887 4 1888 4 1889 4 1890 4 1891 4 1892 4 1893 4 1894 4 1895 4 1896 4 1897 4 1898 4 1899 4 1900 4 1901 4 1902 4 1903 4 1904 4 1905 4 1906 4 1907 4 1908 4 1909 4 1910 4 1911 4 1912 4 1913 4 1914 4 1915 4 1916 4 1917 4 1918 4 1919 4 1920 4 1921 4 1922 4 1923 4 1924 4 1925 4 1926 4 1927 4 1928 4 1929 4 1930 4 1931 4 1932 4 1933 4 1934 4 1935 4 1936 4 1937 4 1938 4 1939 4 1940 4 1941 4 1942 4 1943 4 1944 4 1945 4 1946 4 1947 4 1948 4 1949 4 1950 4 1951 4 1952 4 1953 4 1954 4 1955 4 1956 4 1957 4 1958 4 1959 4 1960 4 1961 4 1962 4 1963 4 1964 4 1965 4 1966 4 1967 4 1968 4 1969 4 1970 4 1971 4 1972 4 1973 4 1974 4 1975 4 1976 4 1977 4 1978 4 1979 4 1980 4 1981 4 1982 4 1983 4 1984 4 1985 4 1986 4 1987 4 1988 4 1989 4 1990 4 1991 4 1992 4 1993 4 1994 4 1995 4 1996 4 1997 4 1998 4 1999 4 2000 4 2001 4 2002 4 2003 4 2004 4 2005 4 2006 4 2007 4 2008 4 2009 4 2010 4 2011 4 2012 4 2013 4 2014 4 2015 4 2016 4 2017 4 2018 4 2019 4 2020 4 2021 4 2022 4 2023 4 2024 4 2025 4 2026 4 2027 4 2028 4 2029 4 2030 4 2031 4 2032 4 2033 4 2034 4 2035 4 2036 4 2037 4 2038 4 2039 4 2040 4 2041 4 2042 4 2043 4 2044 4 2045 4 2046 4 2047 4 2048 4 2049 4 2050 4 2051 4 2052 4 2053 4 2054 4 2055 4 2056 4 2057 4 2058 4 2059 4 2060 4 2061 4 2062 4 2063 4 2064 4 2065 4 2066 4 2067 4 2068 4 2069 4 2070 4 2071 4 2072 4 2073 4 2074 4 2075 4 2076 4 2077 4 2078 4 2079 4 2080 4 2081 4 2082 4 2083 4 2084 4 2085 4 2086 4 2087 4 2088 4 2089 4 2090 4 2091 4 2092 4 2093 4 2094 4 2095 4 2096 4 2097 4 2098 4 2099 4 2100 4 2101 4 2102 4 2103 4 2104 4 2105 4 2106 4 2107 4 2108 4 2109 4 2110 4 2111 4 2112 4 2113 4 2114 4 2115 4 2116 4 2117 4 2118 4 2119 4 2120 4 2121 4 2122 4 2123 4 2124</v>
        </vertex_weights>
      </skin>
    </controller>
  </library_controllers>
  <library_animations>
    <animation id="action_container-fob_e_stickybomb_qc_skeleton" name="fob_e_stickybomb.qc_skeleton"/>
  </library_animations>
  <library_visual_scenes>
    <visual_scene id="c_stickybomb_launcher_xmas_qc" name="c_stickybomb_launcher_xmas.qc">
      <node id="fob_e_stickybomb_qc_skeleton" name="fob_e_stickybomb.qc_skeleton" type="NODE">
        <matrix sid="transform">1 0 0 0 0 1 0 0 0 0 1 0 0 0 0 1</matrix>
        <node id="fob_e_stickybomb_qc_skeleton_weapon_bone" name="weapon_bone" sid="weapon_bone" type="JOINT">
          <matrix sid="transform">1 0 0 0 0 1 0 0 0 0 1 0 0 0 0 1</matrix>
          <node id="fob_e_stickybomb_qc_skeleton_weapon_bone_1" name="weapon_bone_1" sid="weapon_bone_1" type="JOINT">
            <matrix sid="transform">-4.37114e-8 0 -1 1.51299 -0.5207157 0.8537302 0 2.825698 0.8537302 0.5207158 -2.98023e-8 2.896748 0 0 0 1</matrix>
            <extra>
              <technique profile="blender">
                <layer sid="layer" type="string">0</layer>
                <roll sid="roll" type="float">-1.570796</roll>
                <tip_x sid="tip_x" type="float">0</tip_x>
                <tip_y sid="tip_y" type="float">0.0534408</tip_y>
                <tip_z sid="tip_z" type="float">0.03259515</tip_z>
              </technique>
            </extra>
          </node>
          <node id="fob_e_stickybomb_qc_skeleton_weapon_bone_2" name="weapon_bone_2" sid="weapon_bone_2" type="JOINT">
            <matrix sid="transform">1 0 0 -7.062339 0 1 0 -1.011958 0 0 1 9.538335 0 0 0 1</matrix>
            <extra>
              <technique profile="blender">
                <layer sid="layer" type="string">0</layer>
                <tip_x sid="tip_x" type="float">0</tip_x>
                <tip_y sid="tip_y" type="float">0.06259691</tip_y>
                <tip_z sid="tip_z" type="float">0</tip_z>
              </technique>
            </extra>
          </node>
          <node id="fob_e_stickybomb_qc_skeleton_chain1" name="chain1" sid="chain1" type="JOINT">
            <matrix sid="transform">0.99892 0.04646131 -2.00554e-7 1.110792 0.002786747 -0.05991961 -0.9981994 -12.65105 -0.04637767 0.9971215 -0.05998464 10.50948 0 0 0 1</matrix>
            <node id="fob_e_stickybomb_qc_skeleton_fob" name="fob" sid="fob" type="JOINT">
              <matrix sid="transform">0.999952 0.001034036 0.009761507 -0.00472033 0.001037415 0.9777349 -0.2098418 0.1014867 -0.009761149 0.2098419 0.9776866 2.995874 0 0 0 1</matrix>
              <extra>
                <technique profile="blender">
                  <layer sid="layer" type="string">0</layer>
                  <roll sid="roll" type="float">0.06118512</roll>
                  <tip_x sid="tip_x" type="float">0.002908229</tip_x>
                  <tip_y sid="tip_y" type="float">-0.01677894</tip_y>
                  <tip_z sid="tip_z" type="float">0.06023597</tip_z>
                </technique>
              </extra>
            </node>
            <extra>
              <technique profile="blender">
                <layer sid="layer" type="string">0</layer>
                <roll sid="roll" type="float">0.04935348</roll>
                <tip_x sid="tip_x" type="float">0.002908349</tip_x>
                <tip_y sid="tip_y" type="float">-0.003750801</tip_y>
                <tip_z sid="tip_z" type="float">0.06241703</tip_z>
              </technique>
            </extra>
          </node>
          <extra>
            <technique profile="blender">
              <layer sid="layer" type="string">0</layer>
              <tip_x sid="tip_x" type="float">0</tip_x>
              <tip_y sid="tip_y" type="float">0.06259685</tip_y>
              <tip_z sid="tip_z" type="float">0</tip_z>
            </technique>
          </extra>
        </node>
        <node id="fob_e_stickybomb" name="fob_e_stickybomb" type="NODE">
          <matrix sid="transform">1 0 0 0 0 1 0 0 0 0 1 0 0 0 0 1</matrix>
          <instance_controller url="#fob_e_stickybomb_qc_skeleton_fob_e_stickybomb-skin">
            <skeleton>#fob_e_stickybomb_qc_skeleton_weapon_bone</skeleton>
            <bind_material>
              <technique_common>
                <instance_material symbol="chain_heavy-material" target="#chain_heavy-material">
                  <bind_vertex_input semantic="UVMap" input_semantic="TEXCOORD" input_set="0"/>
                </instance_material>
                <instance_material symbol="fob_engy-material" target="#fob_engy-material">
                  <bind_vertex_input semantic="UVMap" input_semantic="TEXCOORD" input_set="0"/>
                </instance_material>
                <instance_material symbol="fob_engy_illum-material" target="#fob_engy_illum-material">
                  <bind_vertex_input semantic="UVMap" input_semantic="TEXCOORD" input_set="0"/>
                </instance_material>
              </technique_common>
            </bind_material>
          </instance_controller>
        </node>
      </node>
    </visual_scene>
  </library_visual_scenes>
  <scene>
    <instance_visual_scene url="#c_stickybomb_launcher_xmas_qc"/>
  </scene>
</COLLADA>