<?xml version="1.0" encoding="utf-8"?>
<COLLADA xmlns="http://www.collada.org/2005/11/COLLADASchema" version="1.4.1" xmlns:xsi="http://www.w3.org/2001/XMLSchema-instance">
  <asset>
    <contributor>
      <author>Blender User</author>
      <authoring_tool>Blender 2.90.1 commit date:2020-09-23, commit time:06:43, hash:3e85bb34d0d7</authoring_tool>
    </contributor>
    <created>2024-02-22T01:58:46</created>
    <modified>2024-02-22T01:58:46</modified>
    <unit name="meter" meter="1"/>
    <up_axis>Z_UP</up_axis>
  </asset>
  <library_effects>
    <effect id="festivizer_battery-effect">
      <profile_COMMON>
        <newparam sid="festivizer_battery_png-surface">
          <surface type="2D">
            <init_from>festivizer_battery_png</init_from>
          </surface>
        </newparam>
        <newparam sid="festivizer_battery_png-sampler">
          <sampler2D>
            <source>festivizer_battery_png-surface</source>
          </sampler2D>
        </newparam>
        <technique sid="common">
          <lambert>
            <emission>
              <color sid="emission">0 0 0 1</color>
            </emission>
            <diffuse>
              <texture texture="festivizer_battery_png-sampler" texcoord="UVMap"/>
            </diffuse>
            <index_of_refraction>
              <float sid="ior">1.45</float>
            </index_of_refraction>
          </lambert>
        </technique>
      </profile_COMMON>
    </effect>
    <effect id="festive_lights_red-effect">
      <profile_COMMON>
        <newparam sid="festive_lights_red_0_png-surface">
          <surface type="2D">
            <init_from>festive_lights_red_0_png</init_from>
          </surface>
        </newparam>
        <newparam sid="festive_lights_red_0_png-sampler">
          <sampler2D>
            <source>festive_lights_red_0_png-surface</source>
          </sampler2D>
        </newparam>
        <technique sid="common">
          <lambert>
            <emission>
              <color sid="emission">0 0 0 1</color>
            </emission>
            <diffuse>
              <texture texture="festive_lights_red_0_png-sampler" texcoord="UVMap"/>
            </diffuse>
            <index_of_refraction>
              <float sid="ior">1.45</float>
            </index_of_refraction>
          </lambert>
        </technique>
      </profile_COMMON>
    </effect>
  </library_effects>
  <library_images>
    <image id="festive_lights_red_0_png" name="festive_lights_red_0_png">
      <init_from>festive_lights_red\festive_lights_red_0.png</init_from>
    </image>
    <image id="festivizer_battery_png" name="festivizer_battery_png">
      <init_from>festivizer_battery.png</init_from>
    </image>
  </library_images>
  <library_materials>
    <material id="festivizer_battery-material" name="festivizer_battery">
      <instance_effect url="#festivizer_battery-effect"/>
    </material>
    <material id="festive_lights_red-material" name="festive_lights_red">
      <instance_effect url="#festive_lights_red-effect"/>
    </material>
  </library_materials>
  <library_geometries>
    <geometry id="c_pistol_festivizer-mesh" name="c_pistol_festivizer">
      <mesh>
        <source id="c_pistol_festivizer-mesh-positions">
          <float_array id="c_pistol_festivizer-mesh-positions-array" count="4995">-1.378824 6.365242 2.345556 -1.877773 6.432925 1.990492 -1.376279 6.386332 1.990291 -1.880311 6.412104 2.345771 -1.830835 5.175878 -0.75619 -1.692109 5.535883 -1.1044 -1.738877 5.248359 -1.032457 -1.737299 5.750926 -0.900077 -1.829257 5.678443 -0.62381 -1.876025 5.390919 -0.551866 -1.29155 5.597754 7.888108 -0.903449 4.833707 7.898614 -0.824614 4.847062 7.889423 -1.353784 5.580473 7.897324 -1.108842 5.605964 6.724432 -0.972284 4.854671 6.685559 -1.171075 5.627651 6.733403 -0.910051 4.832983 6.676587 -1.242138 5.944277 7.907093 -0.977636 6.25394 7.886199 -1.30467 5.965833 7.914084 -0.915403 6.232252 7.877228 -0.985331 6.303441 6.725971 -1.11933 5.989482 6.774911 -1.047564 6.325129 6.734942 -1.056798 5.967926 6.76792 -0.852014 4.786862 7.299492 -0.914248 4.80855 7.308464 -0.664083 6.7152 7.268017 -0.737507 6.733305 6.625206 -0.726316 6.736888 7.276988 -0.675274 6.711617 6.616235 -0.708885 6.665974 7.800897 -0.771119 6.687662 7.809868 -1.280456 5.570721 7.291324 -1.239102 6.013901 7.294794 -1.062443 6.34241 7.322652 -1.53689 5.522698 -1.056193 -1.675616 5.162692 -0.707983 -1.583658 5.235174 -0.98425 -1.720806 5.377734 -0.50366 -1.674039 5.665258 -0.575603 -1.58208 5.737741 -0.85187 -0.668384 6.987959 5.279 -0.673843 6.809265 4.977714 -0.665038 6.777283 5.004699 -0.677192 7.036378 5.248186 -0.08707797 7.023782 5.510006 -0.03994399 6.784017 5.239781 -0.09588599 7.065626 5.509811 -0.03114098 6.742169 5.239975 -0.622248 6.733257 4.647918 -0.631053 6.775101 4.647723 -0.01149499 6.770742 4.760722 -0.002163946 6.728896 4.760916 0.032112 6.772366 4.044824 0.04091298 6.730519 4.045018 -0.527548 6.771967 3.962554 -0.518743 6.730124 3.962749 -0.692523 6.731007 6.421148 -0.136491 6.754776 6.468307 -0.701326 6.772852 6.420954 -0.127682 6.712932 6.468503 -0.101883 7.047787 5.717356 -0.09307998 7.005941 5.71755 -0.687759 7.029377 5.461795 -0.678957 6.987531 5.46199 -0.674788 6.749146 5.97859 -0.665985 6.7073 5.978784 -0.07773 6.733412 6.064782 -0.08654099 6.775254 6.064586 -1.046847 5.104628 0.03849399 -1.039689 5.508092 0.100329 -0.997806 5.505555 0.09208697 -1.088727 5.107164 0.04673898 -1.34445 4.738041 0.04699295 -1.386334 4.74058 0.05522996 -1.362781 4.526052 0.03917497 -1.404663 4.528589 0.04741698 -1.151873 4.285156 -0.006789982 -1.109987 4.282617 -0.01502698 -1.143218 3.806503 -0.03901898 -1.101326 3.803968 -0.04778397 -1.14024 3.092656 -0.08856099 -1.098354 3.090116 -0.09679597 -1.16958 4.04556 0.616373 -1.406113 4.304396 0.62735 -1.203412 4.02071 0.624523 -1.365719 4.3333 0.619153 -1.087474 3.686958 0.57123 -1.129357 3.689497 0.579469 -1.365078 4.515769 0.631243 -1.077308 5.014941 0.682401 -1.406962 4.518308 0.63948 -1.035423 5.012402 0.674164 -1.136863 3.004387 0.470809 -1.094981 3.001849 0.46257 -0.995454 5.453063 0.704504 -1.037337 5.455601 0.712742 -1.128654 5.666518 0.584926 -1.120953 5.858081 0.706106 -1.126741 5.709613 0.545114 -1.122866 5.814985 0.745917 -1.149621 5.710572 0.545052 -1.143833 5.859039 0.706044 -1.145746 5.815944 0.745856 -1.151534 5.667476 0.584864 -1.583291 5.073428 1.063777 -1.380073 5.062179 1.149182 -1.405117 5.061467 1.173883 -1.583542 5.071343 1.098897 -1.693755 5.075506 1.0851 -1.763028 5.07243 1.17197 -1.787716 5.074666 1.147003 -1.850869 5.071036 1.240061 -1.838434 5.064091 1.350296 -1.8736 5.065168 1.350108 -1.852448 5.057957 1.460389 -1.765589 5.051211 1.529415 -1.790633 5.050499 1.554116 -1.697566 5.04393 1.617018 -1.587164 5.041336 1.604401 -1.587416 5.03925 1.639521 -1.407679 5.040248 1.531328 -1.38299 5.038012 1.556295 -1.425447 5.044286 1.192448 -1.587468 5.026369 1.575608 -1.746266 5.035159 1.50887 -1.811099 5.046622 1.349455 -1.743987 5.054044 1.190745 -1.584245 5.053076 1.12571 -1.427726 5.025402 1.510574 -1.147189 5.767785 0.532143 -1.142952 5.876471 0.649998 -1.077952 5.873747 0.650172 -1.143339 5.863566 0.592733 -1.078339 5.860843 0.592908 -1.144889 5.823785 0.549596 -1.07989 5.821061 0.54977 -1.082189 5.765061 0.532318 -1.084621 5.707849 0.545227 -1.086534 5.664752 0.585039 -1.087415 5.647322 0.641085 -1.152415 5.650045 0.640911 -1.087028 5.660226 0.69835 -1.152028 5.66295 0.698175 -1.085477 5.700007 0.741487 -1.150477 5.702731 0.741313 -1.078833 5.856316 0.706219 -1.083178 5.756008 0.75894 -1.148178 5.758731 0.758765 -1.080746 5.813221 0.746031 -1.34328 6.347986 1.634342 -1.546941 6.377215 1.735082 -1.331271 6.376677 1.645706 -1.547705 6.349225 1.717568 -1.663134 6.382151 1.711345 -1.657856 6.353904 1.695065 -1.750922 6.360473 1.632162 -1.761306 6.389081 1.644992 -1.812737 6.367931 1.538436 -1.826511 6.396947 1.546124 -1.848824 6.404554 1.429794 -1.833889 6.375143 1.428155 -1.824846 6.410744 1.313711 -1.811159 6.38101 1.318108 -1.748006 6.38464 1.22505 -1.758229 6.414573 1.215548 -1.654045 6.385479 1.163147 -1.659114 6.415459 1.15025 -1.54358 6.383401 1.141824 -1.54259 6.413267 1.127757 -1.340363 6.372153 1.227229 -1.328226 6.401401 1.217847 -1.372767 5.008079 1.565797 -1.588405 5.009385 1.653588 -1.704598 5.014322 1.629851 -1.80277 5.021251 1.563498 -1.867975 5.029118 1.46463 -1.890288 5.036726 1.3483 -1.86631 5.042914 1.232217 -1.799693 5.046744 1.134054 -1.700578 5.047629 1.068756 -1.584054 5.045438 1.046263 -1.369658 5.03434 1.134769 -1.925789 5.107458 1.210084 -1.806827 6.357657 1.164633 -1.686007 6.358737 1.085035 -1.543967 6.356065 1.057616 -1.282661 6.341601 1.167435 -1.581724 5.110534 0.983409 -1.320418 5.096069 1.093227 -1.723765 5.113205 1.010827 -1.844584 5.112126 1.090425 -1.888033 6.35299 1.284292 -1.324168 5.064994 1.616712 -1.286412 6.310526 1.69092 -1.549272 6.312119 1.797936 -1.587028 5.066586 1.723728 -1.728665 5.072604 1.694793 -1.848335 5.081051 1.61391 -1.927819 5.090641 1.493392 -1.955018 5.099914 1.351587 -1.917261 6.345445 1.425795 -1.890063 6.336173 1.567599 -1.810578 6.326583 1.688118 -1.690908 6.318136 1.769001 -1.544563 6.423129 1.553259 -1.456577 6.358247 1.519766 -1.459522 6.422613 1.518637 -1.546551 6.358792 1.556396 -1.629102 6.427807 1.517731 -1.635992 6.363742 1.518807 -1.672508 6.370199 1.429018 -1.663615 6.43391 1.432863 -1.634709 6.374379 1.339625 -1.627888 6.437861 1.348372 -1.544735 6.373835 1.302995 -1.542847 6.437346 1.31375 -1.458309 6.432666 1.349278 -1.455293 6.368884 1.340585 -1.388787 6.384686 2.015313 -1.547889 6.37851 1.919783 -1.547585 6.393476 1.948576 -1.369464 6.368633 1.994769 -1.547638 6.380594 1.884663 -1.34442 6.369346 1.970068 -1.658102 6.382673 1.905986 -1.774438 6.387022 2.17232 -1.550808 6.366769 2.398474 -1.391066 6.365801 2.333439 -1.707327 6.394444 2.01361 -1.727375 6.379597 1.992856 -1.752063 6.381833 1.967889 -1.815217 6.378203 2.060947 -1.802781 6.371258 2.171182 -1.837947 6.372335 2.170994 -1.816795 6.365124 2.281275 -1.729936 6.358378 2.3503 -1.75498 6.357666 2.375001 -1.661913 6.351097 2.437904 -1.551511 6.348502 2.425286 -1.551763 6.346417 2.460407 -1.372026 6.347415 2.352214 -1.347337 6.345179 2.377181 -1.709606 6.375559 2.331736 -1.592463 5.006578 2.396427 -1.387048 5.035205 2.299134 -1.376824 5.005272 2.308635 -1.591473 5.036443 2.38236 -1.708655 5.011515 2.37269 -1.701623 5.041123 2.359857 -1.806827 5.018444 2.306337 -1.79469 5.047692 2.296954 -1.856505 5.05515 2.203228 -1.872033 5.026311 2.207469 -1.877657 5.062362 2.092947 -1.894346 5.033918 2.091139 -1.854926 5.068229 1.9829 -1.870368 5.040107 1.975056 -1.791773 5.071859 1.889842 -1.80375 5.043937 1.876893 -1.697812 5.072699 1.827939 -1.704635 5.044823 1.811595 -1.587348 5.070621 1.806616 -1.588112 5.04263 1.789102 -1.373715 5.031533 1.877608 -1.384131 5.059372 1.892021 -1.332283 6.398594 1.960686 -1.546648 6.41046 1.870596 -1.663171 6.412652 1.893089 -1.762286 6.411766 1.958387 -1.828904 6.407937 2.05655 -1.852881 6.401748 2.172632 -1.830569 6.39414 2.288963 -1.765363 6.386273 2.38783 -1.667191 6.379344 2.454184 -1.550999 6.374407 2.477921 -1.335328 6.37387 2.388545 -1.585782 5.107727 1.726248 -1.727822 5.110399 1.753666 -1.690065 6.35593 1.827873 -1.548025 6.353258 1.800455 -1.286718 6.338794 1.910274 -1.810885 6.35485 1.907471 -1.324475 5.093262 1.836066 -1.848642 5.109319 1.833264 -1.89209 6.350183 2.02713 -1.921319 6.342638 2.168633 -1.89412 6.333365 2.310438 -1.814635 6.323776 2.430956 -1.694966 6.315329 2.51184 -1.852392 5.078244 2.356749 -1.732722 5.069797 2.437632 -1.591086 5.063779 2.466567 -1.553329 6.309312 2.540775 -1.290469 6.307719 2.433759 -1.328226 5.062187 2.359551 -1.931877 5.087833 2.236231 -1.959075 5.097106 2.094426 -1.929847 5.104651 1.952923 -0.985706 5.863318 7.474555 -0.789397 6.18419 7.110532 -0.842255 6.240668 7.196895 -0.718781 5.264584 8.620374 -0.962111 5.414938 8.28666 -0.973235 5.522161 8.329253 -0.997157 5.613589 7.951166 -1.017152 5.720959 7.990018 -1.050721 5.956726 7.496572 -0.957023 6.247777 7.212658 -1.166692 5.958827 7.500826 -1.06031 6.215134 7.168536 -1.262492 5.892654 7.489763 -1.079266 6.150844 7.073753 -1.267356 5.779191 7.46572 -1.201583 5.686393 7.44417 -1.26479 5.529693 7.963967 -1.110781 5.42539 7.906466 -1.131489 5.294001 8.287909 -1.019451 5.316299 8.265697 -0.798441 4.997858 8.504624 -0.697716 5.180133 8.487302 -0.998968 5.450682 7.897144 -1.084741 5.685004 7.440953 -1.025583 6.094445 6.988098 -0.99019 5.749741 7.450848 -0.909846 6.087051 6.973452 -0.808003 6.119589 7.015866 0.03538894 4.969491 8.482656 -0.731523 5.076146 8.448621 -1.229728 5.339532 8.331495 -0.857792 4.978351 8.603334 0.09841495 4.74269 8.636052 0.07639998 4.769088 8.525174 0.04907399 4.856442 8.454181 1.025081 5.319593 8.398549 1.09844 5.256309 8.457362 1.129966 5.227335 8.564325 -1.241309 5.446805 8.374246 -1.285797 5.636813 8.002507 -0.866434 5.051647 8.69278 0.09924 4.817243 8.725361 1.083113 5.265171 8.663697 1.304889 6.076226 8.458371 1.35352 6.076371 8.353664 1.298622 6.060848 8.252002 1.195809 6.041666 8.203613 0.759897 6.849566 8.017313 1.204906 6.06466 8.512679 1.001952 5.333292 8.707542 0.08419799 4.928995 8.753839 -0.846012 5.16763 8.774387 -1.183336 5.545578 8.394924 -1.234526 5.737696 8.028435 0.928078 5.397291 8.64834 0.05811095 5.017453 8.682195 -0.778381 5.245313 8.71851 -1.070715 5.567903 8.372584 -1.120812 5.763735 8.020022 1.102062 6.045446 8.463947 0.896502 5.425992 8.541712 0.03649199 5.044498 8.571503 0.05586898 6.96872 8.025745 0.812012 6.941307 8.068155 0.839831 6.990277 8.171319 0.815573 6.947574 8.275151 0.765308 6.859092 8.327296 0.713665 6.768182 8.276089 1.049052 6.030216 8.362558 0.944251 5.386549 8.442759 1.096717 6.030263 8.258241 0.685283 6.718219 8.173297 0.07320898 6.809344 8.185541 0.07255899 6.864851 8.080631 -0.658061 6.792588 8.005479 0.70937 6.760622 8.069803 0.05145394 6.858017 8.287131 -0.678098 6.720552 8.09767 -1.193396 6.258425 7.8308 -1.163936 6.249076 7.945271 -0.753425 6.739347 8.182145 0.02393597 6.959529 8.335927 0.007137954 7.063799 8.281172 0.006805956 7.118064 8.175892 0.02869194 7.068859 8.074184 -0.688431 6.89497 7.953777 -0.766341 6.970449 7.990426 -1.279152 6.287257 7.755033 -1.383781 6.323179 7.781187 -1.453703 5.748326 7.594485 -1.564273 5.748492 7.620869 -0.842017 6.989675 8.074982 -1.201448 4.680154 7.449655 -1.302953 4.636475 7.476326 -1.369202 4.608418 7.565764 -1.636438 5.749052 7.710139 -1.341833 4.620959 7.680225 -1.606624 5.749772 7.824686 -1.258238 4.657545 7.755515 -1.515564 5.750247 7.900191 -1.403551 5.750081 7.873748 -1.337689 6.309183 8.060613 -1.231696 6.272793 8.034399 -0.832258 6.815923 8.219054 -0.862918 6.91862 8.167429 -1.452069 6.347076 7.870332 -1.423857 6.338155 7.984906 -1.331944 5.74952 7.784476 -1.155409 4.701796 7.728793 -1.118252 4.716565 7.525012 -0.825549 4.164337 7.343841 -0.880377 4.09169 7.268725 -0.947243 4.003803 7.295671 -0.990867 3.946891 7.385301 -0.972809 3.971354 7.499695 -0.917718 4.044346 7.574731 -0.849981 4.133384 7.547729 -1.089672 4.72963 7.639342 -1.363076 5.748801 7.670068 -0.806695 4.189849 7.458072 1.113273 4.675556 6.718087 0.813987 4.02222 6.824182 0.866068 3.948531 6.900213 1.284817 5.736837 6.43005 1.214778 4.631546 6.692001 -0.02106899 3.823474 7.242831 -0.02111595 3.71124 7.243468 -0.03289699 3.902681 7.162401 -0.05063998 3.901965 7.048424 0.796096 4.046981 6.709602 1.030077 4.711019 6.642278 1.174247 5.737003 6.456446 0.928277 6.760881 6.203149 0.992288 6.840642 6.153534 0.009246945 7.026163 5.713643 -0.01906198 6.938266 5.781343 -0.786862 6.923039 5.424899 -0.716426 6.827626 5.421201 -1.151996 6.333947 5.103591 -1.049119 6.278536 5.098606 -1.340768 4.67396 4.689004 -1.227575 4.692273 4.706122 -0.963006 6.247689 5.027133 -1.132372 4.727128 4.652411 -1.402162 4.690101 4.588397 -1.208916 6.385438 5.016115 -0.813593 6.992593 5.337954 -1.39392 4.724108 4.475224 -0.648072 6.759902 5.35172 0.007804989 6.823835 5.765111 0.87617 6.669152 6.150265 1.083621 5.736529 6.380859 1.001497 4.722645 6.527798 0.06259298 6.745955 5.694264 0.858594 6.613658 6.046974 1.052488 5.735809 6.266454 0.118115 6.771394 5.597144 -0.629345 6.776428 5.23975 -0.958074 6.271193 4.913575 -1.125394 4.760976 4.538853 -1.186378 4.777182 4.438375 -1.015208 6.322917 4.82559 -1.298192 4.759013 4.42171 -1.117574 6.37807 4.830483 -1.20357 6.408754 4.902386 -0.795061 7.00952 5.225634 0.06484597 7.052095 5.616261 1.034331 6.873154 6.051783 1.01752 6.818662 5.948079 -0.65656 6.846999 5.151886 -0.727121 6.942698 5.155265 0.119873 6.975347 5.544749 0.96516 6.726603 5.895333 1.327169 5.735557 6.226244 1.356982 5.736276 6.34078 1.253657 4.613471 6.488284 1.281027 4.602368 6.602894 0.146651 6.860556 5.528751 0.92961 3.85788 6.874421 0.971081 3.798259 6.7855 0.953948 3.821937 6.670822 0.901617 3.895985 6.594826 1.170062 4.649106 6.412535 1.236108 5.735082 6.150728 0.900316 6.645731 5.945341 -0.03293699 3.630534 7.164057 -0.05059999 3.629818 7.050193 -0.06241995 3.709519 6.969791 0.837247 3.987819 6.620698 1.067234 4.69369 6.438699 1.124096 5.735249 6.177183 -0.06246697 3.821754 6.969001 -1.847138 4.905292 2.254272 -1.866112 4.995158 1.902923 -1.844601 4.926113 1.898993 -1.86865 4.974338 2.258202 -1.41753 5.025477 1.909022 -1.420076 5.004387 2.264288 -1.422839 4.913222 2.258856 -1.420294 4.93431 1.903591 0.446478 3.783245 3.613875 0.951085 3.986067 3.340409 0.393977 3.840535 3.529859 -0.329442 3.68677 4.038351 -0.309614 3.588453 4.09344 -0.905604 3.853158 4.405265 -0.857073 3.944917 4.357076 0.82463 6.826674 2.73526 1.393589 5.549021 2.859371 1.303869 5.534594 2.783633 1.330618 4.795221 2.888831 1.420684 4.784747 2.964805 1.422664 5.554222 2.973988 1.449751 4.781693 3.079505 1.351059 5.543581 3.063066 1.377677 4.790621 3.168393 1.241721 5.526691 3.089185 1.267763 4.803834 3.194206 1.178131 4.814256 3.118152 1.032001 3.937225 3.407007 0.483905 3.678224 3.642456 -0.339046 3.477189 4.093904 -0.979801 3.767881 4.383606 0.708375 6.727986 2.965382 1.152429 5.512331 3.013366 1.140552 3.818277 3.180242 1.166857 3.819542 3.294244 1.12179 3.869543 3.387704 0.476009 3.579643 3.577518 -0.414793 3.423198 4.020809 -1.03865 3.748488 4.282835 -0.487558 3.439267 3.928865 0.437959 3.535147 3.474658 1.059253 3.867427 3.113727 -1.056555 3.788368 4.172843 -0.507178 3.538095 3.873861 0.385323 3.592979 3.390621 0.969382 3.935054 3.132882 0.348275 3.696609 3.362168 0.924714 3.984754 3.226287 0.356295 3.794778 3.427169 -0.402654 3.701601 3.94627 -0.875849 3.983885 4.246675 -1.007656 3.880487 4.124871 -0.47827 3.648029 3.873193 -0.934409 3.964806 4.146015 1.147754 4.817466 3.003584 1.219274 4.808606 2.914681 1.122051 5.506928 2.898891 0.685303 6.707071 2.850973 0.06839698 6.790945 2.984164 0.06568396 6.759692 2.869814 -0.771716 6.734294 2.906538 -0.785604 6.76679 2.797378 0.07393097 6.830642 2.780402 0.08618396 6.941927 2.753731 0.739818 6.753503 2.761702 -0.841692 6.765021 2.997356 1.193104 5.517483 2.809786 0.89318 6.886617 2.810799 0.09559398 7.032657 2.829064 -0.85456 6.829882 2.728785 0.098163 7.0626 2.943532 0.915254 6.906671 2.925311 0.860315 6.859874 3.014603 0.08985698 6.991095 3.032954 0.776597 6.787647 3.040965 0.07775896 6.881243 3.059563 -0.951107 6.891679 2.76057 -1.020197 6.921643 2.852028 -1.005914 6.888809 2.961392 -0.937959 6.826561 3.029356 -1.31739 4.380279 1.634945 -1.215146 5.131521 2.216035 -1.300281 5.130069 2.139348 -1.200761 4.405306 1.631751 -1.185838 5.143512 2.193851 -1.104589 5.157498 2.106554 -1.119509 4.484357 1.592203 -1.124343 5.164594 1.994124 -1.322841 4.808053 -0.218565 -1.392223 4.412495 0.580014 -1.33339 4.499003 0.572798 -1.341182 4.614372 1.490792 -1.42238 4.536737 1.529471 -1.326255 5.150968 1.941814 -1.407457 5.137108 2.027443 -1.402545 4.441715 1.589053 -1.254883 4.241441 0.59287 -1.146457 4.271286 0.589591 -1.08563 4.360847 0.582389 -1.139279 4.579793 1.532377 -1.209606 5.163077 1.91812 -1.351064 4.308219 0.588293 -1.359819 4.733997 -0.303803 -1.295668 4.660219 -0.362201 -1.187833 4.622749 -0.372147 -1.092884 4.659433 -0.30984 -1.056544 4.734652 -0.223592 -1.129133 4.465904 0.574778 -1.224532 4.640646 1.486814 -1.228153 4.530415 0.570218 -1.228494 4.845749 -0.155381 -1.276219 5.822127 -0.60033 -0.885321 6.756745 -0.614226 -0.95331 6.849137 -0.616731 -1.168175 5.797859 -0.600375 -1.12084 4.808783 -0.164844 -1.092126 5.760661 -0.665062 -0.887969 6.864922 -0.894611 -1.373182 5.783264 -0.795518 -0.95476 6.929978 -0.828154 -1.297868 5.746542 -0.859231 -1.189557 5.722063 -0.85967 -1.109948 5.731096 -0.773063 -0.796047 6.705152 -0.797841 -0.817739 6.691032 -0.681726 0.03391295 6.982647 -0.326372 -0.819703 6.772276 -0.892528 0.681201 6.807122 -0.02713096 1.025352 5.897993 0.479887 1.051234 5.969831 0.56712 0.673767 6.745364 -0.113378 0.05914795 6.892092 -0.394219 0.08984297 6.894241 -0.509137 0.109299 6.965078 -0.602069 0.100632 7.079837 -0.60283 0.07574599 7.169433 -0.536028 -0.976214 6.915627 -0.712335 -1.355092 5.812666 -0.687813 0.04516297 7.166978 -0.421413 0.784258 6.849671 -0.273716 0.720343 6.771033 -0.213328 1.099794 5.853311 0.398564 1.15983 4.887198 1.373945 1.085182 4.964571 1.424426 1.11209 5.064753 1.475575 1.201273 5.131828 1.501651 1.139004 6.026001 0.615121 0.725144 6.903186 0.005720973 0.02537494 7.097063 -0.327573 1.273601 4.865654 1.349185 1.212541 5.851401 0.362314 1.300321 5.907906 0.410773 1.362801 4.933239 1.375518 0.828183 6.945952 -0.240381 1.389634 5.032131 1.425989 1.209237 3.976299 2.665437 1.326145 5.97886 0.496843 0.835642 7.007126 -0.155347 1.202211 3.865649 2.636835 0.803156 3.688431 3.222812 0.755189 3.788377 3.180517 1.124312 4.058486 2.654947 1.314926 5.109111 1.476271 1.251649 6.02327 0.577824 0.789084 6.98125 -0.05572199 0.933847 3.888943 2.547846 1.018786 3.80633 2.55824 1.130393 3.787133 2.593001 0.799111 3.584339 3.175259 0.01483297 3.645179 3.375345 0.02492696 3.740589 3.305534 -0.808082 3.896592 3.349673 -0.84722 3.806299 3.415978 -1.277353 4.569037 3.273175 -1.382728 4.542025 3.237425 -1.308829 6.082055 3.021232 -1.401307 6.118285 2.964252 -1.181665 4.588455 3.205741 -1.201734 6.058158 2.97608 0.647434 3.674004 2.952918 0.695395 3.573639 2.995063 -0.04836398 3.514333 3.139664 -0.04012399 3.475385 3.251232 -0.940934 3.660763 3.284497 -0.901532 3.712299 3.379554 -0.01278698 3.538765 3.343328 0.758458 3.527252 3.083975 -0.933007 3.702679 3.173989 -1.444605 4.522404 3.142393 -0.893664 3.793342 3.10779 -0.03814995 3.610172 3.069933 -0.838673 3.888608 3.14441 -0.01021498 3.717996 3.102091 -1.308436 4.545835 2.963655 -1.201655 4.573175 2.999588 -1.40454 4.526295 3.030979 0.651367 3.77949 3.000863 0.01700198 3.78083 3.194151 -0.799524 3.939654 3.239417 -1.140322 4.592663 3.094564 -1.136471 6.055202 2.876981 -1.173127 6.082972 2.771872 -1.266904 6.119651 2.714408 -1.374369 6.143702 2.759388 -1.438466 6.146222 2.85897 0.940705 4.001026 2.576722 0.692064 3.836023 3.092024 1.012609 4.078997 2.620453 -1.025435 5.473214 2.59495 -1.017769 5.801807 3.04369 -1.028407 5.451403 3.025882 -1.014796 5.823618 2.612759 -1.435213 5.479403 2.717972 -1.423712 5.836144 2.610572 -1.43435 5.48574 2.592764 -1.424575 5.829807 2.735781 -1.089196 5.819534 2.737574 -1.099835 5.469129 2.719765 -1.101943 5.453656 3.025489 -1.091305 5.80406 3.043297 -1.421924 5.576931 0.791 -1.412149 5.920999 0.934016 -1.411285 5.927336 0.808808 -1.422787 5.570595 0.916207 -1.086545 5.566658 0.792793 -1.075906 5.917063 0.810602 -1.000262 5.930284 0.505271 -1.084437 5.582132 0.48707 -1.073798 5.932536 0.504878 -1.0109 5.579879 0.487463 -1.003234 5.908473 0.936202 -0.993884 6.509565 2.631372 -1.013521 6.516499 2.679607 -0.994488 6.492547 2.646755 -1.012562 6.541089 2.657317 -1.044909 6.525733 2.699953 -1.043612 6.56231 2.666894 -1.756978 6.547545 2.696146 -1.755681 6.584123 2.663087 -1.806889 4.878583 2.469157 -1.413347 5.006711 1.019189 -1.796569 4.95432 0.972747 -1.423102 4.935128 2.433518 -1.758447 6.474122 2.550245 -1.378677 6.39836 2.507882 -1.748127 6.54986 1.053836 -1.368923 6.469942 1.093553 -1.810314 4.790805 2.606866 -1.098244 4.768993 2.610673 -1.066293 4.778325 2.59127 -1.045744 4.804286 2.560954 -1.870311 4.933248 1.52603 -1.879292 5.036785 1.175575 -1.867773 4.954068 1.170751 -1.881829 5.015965 1.530854 -1.415987 5.010581 1.534987 -1.419084 4.908398 1.5289 -1.413441 5.03167 1.179722 -1.416539 4.929488 1.173634 -1.823326 6.513776 1.266179 -1.857514 6.430372 1.617489 -1.825863 6.492955 1.621458 -1.854976 6.451192 1.26221 -1.373877 6.399706 1.617802 -1.371332 6.420796 1.262536 -1.368568 6.511962 1.267968 -1.371114 6.490872 1.623233 -1.855428 6.504505 1.994987 -1.857966 6.483684 2.350266 -1.375839 6.4637 2.351422 -1.373294 6.48479 1.996157 -1.65798 4.989138 4.384537 -1.764958 4.664865 4.389664 -1.818434 4.960073 4.384563 -1.604503 4.69393 4.389637 -1.738965 4.521615 4.652032 -1.57851 4.55068 4.652005 -1.605994 4.702638 4.909274 -1.766448 4.673573 4.9093 -1.65947 4.997846 4.904173 -1.819925 4.968781 4.9042 -1.685463 5.141096 4.641805 -1.845918 5.112031 4.641831 -1.013872 5.558069 0.918394 0.184552 6.837348 2.726732 -0.121714 7.21787 2.604113 0.118861 7.262208 2.6385 -0.056023 6.793009 2.692345 -0.212859 6.808269 2.882592 -0.27855 7.23313 2.79436 -0.129121 6.867867 3.107226 -0.1948119 7.292727 3.018994 0.045762 7.337066 3.053381 0.1114529 6.912205 3.141613 0.202599 7.321806 2.863135 0.26829 6.896945 2.951367 -1.08393 5.633714 0.687846 -1.082108 5.705805 0.760056 -1.079478 5.792706 0.766084 -1.07654 5.876728 0.69797 -1.075967 5.879371 0.60594 -1.077813 5.806376 0.532917 -1.080457 5.719544 0.530063 -1.083364 5.635107 0.590067 -1.697187 5.284265 8.101961 -1.645683 5.479628 8.377286 -1.812138 5.287755 8.217566 -1.530731 5.476138 8.261682 -1.677297 5.775271 8.336924 -1.562346 5.771781 8.22132 -1.760416 5.875551 8.021236 -1.875367 5.879042 8.136841 -2.041823 5.687169 7.977119 -1.926871 5.683678 7.861514 -2.010208 5.391526 8.017482 -1.895257 5.388035 7.901876 -1.451739 4.635046 2.06612 -1.625963 4.642758 2.018455 -1.606972 4.643826 1.986078 -1.720226 4.653087 1.871523 -1.752859 4.653134 1.8901 -1.760893 4.662244 1.715647 -1.798426 4.663393 1.715446 -1.718079 4.668843 1.560217 -1.750454 4.670787 1.541293 -1.603254 4.671117 1.446881 -1.621796 4.673335 1.414304 -1.447186 4.668456 1.406007 -1.446927 4.670354 1.368505 -1.291693 4.661572 1.448547 -1.272703 4.662642 1.41617 -1.145806 4.652266 1.544525 -1.178439 4.652312 1.563103 -1.100239 4.642006 1.719179 -1.137772 4.643156 1.718978 -1.148212 4.634612 1.893333 -1.180587 4.636557 1.874408 -1.27687 4.632064 2.020322 -1.295412 4.634283 1.987744 -1.45148 4.636944 2.028618 -1.445322 4.784796 1.724026 -1.272712 4.769003 2.027281 -1.144054 4.771552 1.900292 -1.447581 4.771985 2.073079 -1.621805 4.779697 2.025415 -1.748702 4.790073 1.897059 -1.794268 4.800333 1.722406 -1.746296 4.807727 1.548252 -1.617638 4.810275 1.421263 -1.44277 4.807293 1.375465 -1.268545 4.799581 1.42313 -1.141649 4.789205 1.551485 -1.096082 4.778946 1.726138 -1.393398 5.327115 7.783692 -1.565733 5.494475 8.226324 -1.702774 5.33651 8.094828 -1.256357 5.485081 7.915188 -1.282385 5.728479 7.881959 -1.591761 5.737874 8.193094 -1.445453 5.813912 7.717233 -1.754829 5.823307 8.028368 -1.582493 5.655946 7.585737 -1.891869 5.66534 7.896872 -1.865842 5.421942 7.930102 -1.556466 5.412548 7.618967 0.972016 6.508896 6.192561 1.433962 6.669948 6.072982 1.348179 6.706889 6.301677 1.057798 6.471955 5.963866 1.019292 6.641712 5.788583 1.395456 6.839705 5.897698 1.271167 7.046403 5.951109 0.895004 6.84841 5.841994 0.809221 6.885351 6.070689 1.185385 7.083344 6.179804 1.223891 6.913587 6.355087 0.847727 6.715594 6.245972 -1.031815 6.648876 0.956532 -1.744702 6.637637 0.916126 -1.743885 6.670688 0.952725 -1.032632 6.615825 0.919933 -1.000886 6.626775 0.964343 -1.001521 6.604561 0.939673 -0.982545 6.59278 0.987227 -0.982925 6.577402 0.970198 -1.099061 4.735942 2.574075 -1.811131 4.757754 2.570267 -1.066755 4.756106 2.566601 -1.046124 4.788907 2.543926 -1.085968 4.859084 0.830652 -1.799335 4.844321 0.859905 -1.798038 4.880897 0.826845 -1.087265 4.822508 0.863712 -1.055079 4.841792 0.873626 -1.054293 4.866387 0.851336 -1.034785 4.872121 0.89978 -1.034181 4.88914 0.884397 -1.7601 5.855435 2.753168 -1.872372 5.725292 3.048264 -1.911575 5.891535 2.801566 -1.720896 5.689192 2.999866 -1.611266 5.814609 3.249436 -1.762742 5.850708 3.297835 -1.692315 6.142368 3.300707 -1.540839 6.106268 3.252309 -1.731518 6.308611 3.054009 -1.580043 6.272511 3.005611 -1.689673 6.147095 2.756041 -1.841149 6.183195 2.804439 -1.33305 5.78044 2.667014 -1.70845 5.740733 3.000374 -1.740726 5.877598 2.797271 -1.300774 5.643575 2.870116 -1.618194 5.843986 3.205841 -1.210517 5.746828 3.075584 -1.560212 6.084105 3.208206 -1.152536 5.986947 3.077949 -1.184812 6.123812 2.874846 -1.592488 6.22097 3.005104 -1.682745 6.117717 2.799636 -1.275069 6.020559 2.669379 1.146479 5.752324 8.170604 1.610878 5.784866 8.36271 1.536767 5.572703 8.260149 1.220591 5.964487 8.273165 1.574092 5.825056 8.603658 1.183805 6.004675 8.514113 1.463195 5.653082 8.742046 1.072907 5.832702 8.6525 1.389083 5.440919 8.639485 0.998796 5.620539 8.54994 1.035582 5.58035 8.308992 1.425869 5.40073 8.398537 -0.704473 3.456551 7.116944 -0.520065 3.278976 7.342963 -0.758027 3.3095 7.162753 -0.466511 3.426027 7.297154 -0.480842 3.519913 7.581782 -0.534396 3.372862 7.627591 -0.733136 3.644323 7.686201 -0.78669 3.497272 7.73201 -1.024652 3.527796 7.5518 -0.971098 3.674847 7.505991 -1.010321 3.43391 7.267172 -0.956767 3.580961 7.221363 -0.948585 6.591846 5.328967 -0.95654 7.046743 5.113015 -1.161517 6.959811 5.220025 -0.743608 6.678779 5.221957 -0.700131 6.633217 4.983088 -0.913063 7.001181 4.874146 -0.861632 6.500721 4.851231 -1.074564 6.868686 4.742288 -1.279541 6.781753 4.849298 -1.06661 6.413788 4.958241 -1.110086 6.459351 5.197109 -1.323018 6.827315 5.088167 0.945861 6.143195 3.150449 1.432076 6.077495 3.036831 1.369706 6.237184 3.21469 1.00823 5.983505 2.97259 1.026671 6.060325 2.738532 1.450517 6.154315 2.802774 0.982742 6.296833 2.682333 1.406588 6.390823 2.746575 0.920373 6.456522 2.860192 1.344218 6.550512 2.924434 1.325778 6.473692 3.158491 0.901932 6.379703 3.09425 1.291249 6.641414 -0.169358 1.276761 6.982439 -0.180124 1.430515 6.725625 -0.159151 1.137496 6.898228 -0.1903319 1.176582 7.118023 0.06809896 1.037317 7.033812 0.05789095 1.230157 6.996794 0.337295 1.090892 6.912582 0.327088 1.383911 6.73998 0.358268 1.244645 6.655768 0.348061 1.484089 6.604395 0.110045 1.344824 6.520184 0.09983795 0.134071 4.348649 8.666102 -0.383042 4.384229 8.628307 -0.118585 4.306317 8.509876 -0.394842 4.504471 8.902963 -0.142186 4.546802 9.059188 0.122271 4.468891 8.940757 -0.320347 6.763233 -0.754278 -0.493807 7.148973 -1.027678 -0.281606 7.040319 -1.092404 -0.532548 6.871887 -0.689552 -0.530761 7.062852 -0.532856 -0.492019 7.339938 -0.870982 -0.316773 7.145164 -0.440886 -0.278031 7.422249 -0.779012 -0.06582999 7.313595 -0.843738 -0.1045719 7.036509 -0.505612 -0.06761795 7.12263 -1.000434 -0.106359 6.845544 -0.662308 0.149042 4.497631 8.601521 -0.127215 4.695785 8.994608 0.137242 4.617873 8.876177 -0.379871 4.653454 8.838383 -0.368071 4.533211 8.563727 -0.103614 4.4553 8.445296 -1.135392 5.474403 -0.877631 -1.591644 5.273175 -0.948143 -1.553141 5.50989 -1.007373 -1.173895 5.237689 -0.818401 -1.249603 5.178016 -0.590955 -1.667352 5.213502 -0.720697 -1.704556 5.390543 -0.552481 -1.286807 5.355057 -0.422739 -1.248304 5.591771 -0.481969 -1.666053 5.627257 -0.611711 -1.590345 5.68693 -0.839157 -1.172596 5.651444 -0.709415 -1.009828 5.632854 0.59046 -1.010394 5.631461 0.688239 -1.006921 5.717292 0.530456 -1.004276 5.804123 0.53331 -1.002431 5.877119 0.606332 -1.003004 5.874475 0.698364 -1.005941 5.790454 0.766478 -1.008571 5.703553 0.760449 -1.678476 5.061598 2.004417 -1.716276 5.057418 2.09381 -1.588503 5.061053 1.967787 -1.499061 5.056102 2.005377 -1.500345 5.045466 2.184558 -1.590318 5.04601 2.221188 -1.67976 5.050961 2.183599 -0.283131 4.941658 8.417526 0.142601 4.912365 8.44864 -0.06540799 4.877515 8.320023 0.132886 5.011359 8.67476 -0.08483695 5.075502 8.772263 -0.292846 5.040652 8.643646 -0.125129 4.674536 8.946072 -0.333138 4.639686 8.817455 -0.323423 4.540692 8.591334 -0.1057 4.476549 8.493832 0.102309 4.511399 8.622449 0.09259396 4.610393 8.848569 -0.178924 7.415288 8.612313 0.289218 7.215166 8.716688 0.12019 7.438916 8.60992 0.159132 6.96779 8.825847 -0.139982 6.944162 8.828238 -0.309011 7.167912 8.721472 -1.59049 4.996716 1.970925 -1.505952 4.992037 2.006453 -1.675531 4.997231 2.005547 -1.711259 4.993281 2.090038 -1.676745 4.987178 2.174905 -1.592206 4.982499 2.210434 -1.507165 4.981984 2.175812 -0.135826 6.876528 8.679919 0.293375 7.147532 8.568367 0.1632879 6.900155 8.677527 0.124347 7.371281 8.461601 -0.174768 7.347654 8.463993 -0.304854 7.100277 8.573152 1.080913 4.717535 6.381586 1.336192 4.300374 6.261418 0.956859 4.510487 6.328989 1.460245 4.507421 6.314015 1.528072 4.555033 6.546732 1.148739 4.765147 6.614303 1.092512 4.605711 6.794423 1.471845 4.395597 6.726852 1.347791 4.18855 6.674255 0.968458 4.398663 6.741826 1.279965 4.140938 6.441538 0.900632 4.351051 6.509109 -0.101652 6.738214 8.261445 0.251703 6.961328 8.169607 0.144605 6.757666 8.259476 0.112544 7.145537 8.081707 -0.1337119 7.126085 8.083677 -0.24081 6.922423 8.173546 0.240517 7.143356 8.568789 0.1013579 7.327566 8.480891 -0.1448979 7.308114 8.48286 -0.251996 7.104452 8.57273 -0.112838 6.920243 8.660629 0.133418 6.939695 8.658659 -0.539739 7.131305 -1.047419 -0.267594 7.102283 -1.251672 -0.281989 6.999329 -1.126038 -0.525344 7.234259 -1.173053 -0.523173 7.466214 -0.982723 -0.537568 7.363261 -0.857089 -0.277648 7.463239 -0.745378 -0.263253 7.566193 -0.871012 -0.005503952 7.434216 -0.949631 -0.01989799 7.331263 -0.823997 -0.007673978 7.202261 -1.139961 -0.02206897 7.099308 -1.014327 1.613259 4.463574 6.250247 1.394282 4.018426 6.405141 1.462578 4.212085 6.186359 1.476667 4.076258 6.68781 1.627348 4.327748 6.751698 1.695644 4.521406 6.532915 1.335722 4.154327 6.712917 1.321633 4.290154 6.211466 1.253337 4.096496 6.430248 1.472314 4.541644 6.275353 1.554699 4.599475 6.558022 1.486403 4.405817 6.776804 0.77215 6.650162 -0.1702319 1.273546 6.665374 -0.125493 0.898733 6.438731 -0.152965 1.146963 6.876805 -0.14276 0.689674 6.761786 0.03412598 1.064488 6.988429 0.061598 0.733782 6.66198 0.255751 1.108595 6.888623 0.283223 1.235178 6.677192 0.30049 0.860365 6.450549 0.273018 1.317654 6.565567 0.09613198 0.94284 6.338924 0.06865996 -1.222771 5.049219 4.858637 -1.221544 5.04205 4.430829 -1.244171 5.167154 4.642633 -1.177518 4.79901 4.435028 -1.156119 4.681074 4.651031 -1.178745 4.806179 4.862837 -1.653386 4.963824 4.430901 -1.60936 4.720784 4.4351 -1.58796 4.602848 4.651104 -1.610587 4.727952 4.862909 -1.654613 4.970993 4.85871 -1.676013 5.088928 4.642706 1.441505 6.026729 3.048894 1.523232 6.255618 3.2888 1.365748 6.220695 3.26493 1.598989 6.061652 3.072764 1.621388 6.15496 2.788466 1.463904 6.120038 2.764597 1.56803 6.442235 2.720205 1.410546 6.407312 2.696335 1.334789 6.601277 2.912371 1.492273 6.6362 2.93624 1.469874 6.542892 3.220538 1.31239 6.507969 3.196668 0.229829 7.489184 2.837732 -0.252885 7.453864 3.027047 0.03932797 7.507719 3.068815 -0.354597 7.381473 2.754196 -0.1640959 7.362938 2.523113 0.128117 7.416794 2.564881 0.152525 7.258933 2.597665 -0.330189 7.223612 2.786979 -0.139688 7.205078 2.555896 -0.228477 7.296003 3.05983 0.06373596 7.349858 3.101599 0.254237 7.331323 2.870516 -0.921874 7.075183 5.141318 -1.249966 7.106311 5.230819 -1.170849 6.96959 5.271297 -1.000991 7.211904 5.10084 -0.948182 7.156562 4.810699 -0.869065 7.019841 4.851177 -1.144349 6.995626 4.650537 -1.065232 6.858906 4.691016 -1.393324 6.890033 4.780517 -1.314207 6.753313 4.820995 -1.367016 6.808655 5.111136 -1.446132 6.945375 5.070658 1.496212 6.744018 6.379843 1.298474 7.201278 6.231812 1.345245 6.995083 6.444719 1.402669 7.156407 5.954028 1.553636 6.905342 5.889153 1.600407 6.699147 6.10206 1.356445 6.670452 6.339301 1.413869 6.831776 5.84861 1.46064 6.625581 6.061518 1.262902 7.082841 5.913486 1.158707 7.127711 6.191268 1.205478 6.921516 6.404176 -0.366962 3.84378 7.192317 -0.707006 3.473142 7.167243 -0.562873 3.86891 7.043954 -0.511095 3.448012 7.315606 -0.378761 3.921074 7.426648 -0.522894 3.525307 7.549936 -0.730603 3.627732 7.635902 -0.586471 4.023499 7.512614 -0.926514 3.652862 7.487539 -0.782381 4.048629 7.36425 -0.914715 3.575567 7.253209 -0.770582 3.971334 7.12992 1.634682 5.82178 8.333006 1.689677 5.497338 8.241703 1.544663 5.564077 8.208431 1.779697 5.755041 8.366277 1.735015 5.803856 8.658945 1.59 5.870595 8.625673 1.455299 5.661708 8.793765 1.600314 5.594969 8.827036 1.365279 5.404005 8.66919 1.510294 5.337266 8.702461 1.409961 5.35519 8.376523 1.554976 5.28845 8.409794 1.483592 6.507769 3.181418 1.527288 6.272514 3.237319 2.470742 6.481729 3.380317 2.553861 6.731119 3.32854 2.594016 6.514927 3.379911 2.68329 6.552486 3.335599 2.427047 6.716983 3.324416 1.501935 6.584181 2.948601 2.72507 6.445513 3.216454 2.651028 6.368956 3.21733 2.532781 6.322886 3.203401 2.551124 6.399298 2.970584 1.589327 6.113671 3.060403 1.60767 6.190083 2.827586 2.507428 6.634553 2.914683 1.563974 6.425338 2.771685 2.44539 6.793396 3.091599 2.570718 6.80134 3.114588 2.653863 6.710919 3.297952 2.725228 6.672781 3.250516 2.740993 6.5879 3.270685 2.943344 6.657232 3.217693 2.62773 6.655368 2.952007 2.707996 6.655406 3.022016 2.666216 6.762379 3.141161 2.731846 6.700351 3.166515 2.75438 6.64143 3.104048 2.737423 6.496973 3.059663 2.667885 6.439176 3.003379 2.769995 6.558159 3.122853 2.763377 6.530589 3.206854 -1.74706 5.287299 -0.995458 -2.638644 5.601749 -1.34317 -1.70876 5.522758 -1.054374 -2.943329 5.401115 -1.140481 -2.968252 5.519711 -1.027796 -2.995385 5.541949 -1.116368 -2.98211 5.627575 -1.135695 -3.160984 5.57974 -1.257866 -2.954939 5.648991 -1.217323 -2.941586 5.585453 -1.277694 -2.866821 5.59966 -1.33252 -2.891744 5.718256 -1.219835 -2.79879 5.768969 -1.208352 -2.867994 5.714421 -1.000443 -2.750957 5.718494 -0.949605 -2.789256 5.483035 -0.890689 -1.821074 5.639504 -0.660809 -1.859373 5.404044 -0.601892 -1.822366 5.227942 -0.769217 -2.752249 5.306932 -1.058014 -2.676943 5.366289 -1.284254 -2.942459 5.678282 -1.067473 -2.799977 5.390755 -1.307976 -2.869182 5.336208 -1.100067 -2.90319 5.498041 -0.946301 -2.764781 5.607136 -1.362118 -2.892614 5.441089 -1.292843 -2.955405 5.500498 -1.256437 -2.982576 5.479082 -1.174809 -1.745767 5.698861 -0.887049 -2.675651 5.777852 -1.175846 -0.421791 3.386964 9.103793 -0.233201 3.272312 9.10465 -0.37905 3.31528 9.169966 -0.322788 3.312484 9.312429 -0.385558 3.381595 9.32144 -0.430671 3.477454 9.310489 -0.426979 3.499368 9.043484 -0.210409 3.435565 8.946498 -0.22277 3.32833 9.014666 -0.03262996 3.360187 9.132235 -0.09385997 3.295658 9.19081 -0.04150998 3.450677 9.338932 -0.100368 3.361972 9.342284 -0.003503978 3.47023 9.074435 -0.229736 3.632503 9.396342 -0.240531 3.509311 9.428059 -0.246217 3.40494 9.407598 -0.169997 3.301971 9.323596 -0.16651 3.266443 9.242443 -0.242367 3.254728 9.197832 -0.319301 3.276956 9.231276 -0.264446 3.105231 9.359188 -0.248136 3.324991 9.358588 -0.436642 3.597837 9.268406 -0.346955 4.490363 8.881518 -0.140049 4.525029 9.009454 -0.337291 4.391894 8.656596 -0.120722 4.328091 8.559611 0.08618396 4.362756 8.687546 -0.01316696 3.5687 9.299357 0.07651996 4.461226 8.912468 -0.133467 7.808833 9.743293 -0.09156095 7.773864 9.819574 -0.003181993 7.780845 9.818866 0.03149598 7.821864 9.741974 0.059888 7.835195 9.640189 -0.165214 7.817413 9.641989 0.07173496 7.799306 9.518244 -0.1732169 7.779957 9.520203 0.09663397 7.394121 8.629687 -0.148317 7.374772 8.631646 -0.279747 7.577375 9.609596 -0.254848 7.17219 8.721038 -0.116427 6.988956 8.808473 0.235055 7.210888 8.717121 0.210156 7.616073 9.605678 0.187093 7.666809 9.720538 0.124716 7.698465 9.800856 0.04675996 7.714734 9.850413 -0.04508996 7.792923 10.03483 -0.128307 7.701945 9.851339 -0.20521 7.672403 9.803495 -0.263113 7.631247 9.724139 -0.141326 7.394142 9.69703 0.1036249 7.413491 9.695071 0.128525 7.008306 8.806513 0.08919495 7.480642 9.802687 0.05297297 7.562035 9.861058 0.008323967 7.641642 9.882666 -0.08005499 7.634661 9.883373 -0.11199 7.549005 9.862378 -0.135908 7.462861 9.804488 2.611865 3.806623 6.16503 2.665231 3.748365 6.296281 2.640889 3.731278 6.212761 2.6573 3.838518 6.320924 2.611729 3.931105 6.347283 2.549729 3.887583 6.134557 2.51273 4.008167 6.370938 2.445263 3.960808 6.139454 1.668359 4.475867 6.521347 1.600892 4.428507 6.289863 1.477496 4.222557 6.237545 2.321867 3.754857 6.087136 2.436332 3.698321 6.086478 2.528764 3.667925 6.129797 2.596367 3.65697 6.193885 2.795743 3.577734 6.244206 2.645043 3.691778 6.358906 2.456801 3.849576 6.550104 1.61243 4.317276 6.700512 1.489034 4.111325 6.648194 2.619635 3.731714 6.441583 2.560332 3.785365 6.51193 2.536534 3.593016 6.406349 2.446934 3.596103 6.463851 2.491098 3.561122 6.250456 2.384934 3.552581 6.251125 2.265938 3.596267 6.266302 1.421567 4.063966 6.41671 2.333405 3.643626 6.497785 2.60053 3.616838 6.342048 2.576188 3.59975 6.258528 -2.897342 4.728023 4.449665 -2.948993 4.520767 4.505244 -2.978485 4.683576 4.502431 -1.836234 5.058575 4.642755 -1.813728 4.934133 4.432073 -2.774981 4.760006 4.432234 -2.797488 4.884448 4.642916 -2.918025 4.842381 4.643276 -2.993642 4.767382 4.644316 -3.032899 4.682207 4.64563 -2.979307 4.688378 4.789013 -3.025219 4.639881 4.723152 -2.949814 4.52557 4.791826 -3.009395 4.552526 4.722548 -2.934657 4.441764 4.649941 -3.001298 4.507757 4.648644 -3.008978 4.550083 4.571122 -3.024779 4.637308 4.569615 -3.216348 4.558754 4.64506 -1.814948 4.941264 4.857615 -2.776202 4.767138 4.857776 -2.898463 4.734577 4.840725 -2.858219 4.512414 4.844563 -2.837536 4.398056 4.650952 -2.857097 4.50586 4.453503 -2.731188 4.518254 4.43641 -1.769935 4.692381 4.436249 -2.709902 4.400944 4.65127 -1.748648 4.57507 4.651109 -2.732409 4.525385 4.861952 -1.771155 4.699512 4.861791 -0.447907 8.336939 2.56536 -0.304028 8.448644 2.368874 -0.291902 8.321761 2.376121 -0.447392 8.462593 2.542779 -0.296716 8.548171 2.406087 -0.401779 8.558393 2.53353 -0.370848 8.517071 2.748117 -0.364613 8.396222 2.788804 -0.150939 8.5576 2.77955 -0.1253139 8.440325 2.823009 0.02090996 7.494611 3.019408 -0.218389 7.450507 2.985203 -0.301683 7.391225 2.761759 -0.145678 7.376047 2.57252 0.09362196 7.42015 2.606725 -0.05260199 8.365864 2.410326 -0.08411896 8.489173 2.400308 -0.13556 8.577874 2.429122 -0.278729 8.618799 2.465128 -0.335016 8.624276 2.533406 -0.304696 8.645277 2.611963 -0.278722 8.835852 2.502971 -0.218623 8.661577 2.626367 -0.192389 8.634712 2.477469 0.176916 7.479432 2.830169 0.03069198 8.425147 2.63377 -0.007573962 8.543652 2.605646 -0.184527 8.628019 2.707044 -0.345684 8.598318 2.684009 -0.07946497 8.617797 2.579601 -0.162336 8.656101 2.558089 -1.681549 5.498419 8.341056 -2.506515 5.362201 8.902824 -1.817863 5.34129 8.210257 -2.729464 5.69583 9.048651 -2.779634 5.640701 9.00043 -2.862884 5.612812 9.20415 -2.770292 5.553347 9.012356 -2.711769 5.522686 9.071475 -2.665741 5.445839 9.04366 -2.774978 5.503069 8.933313 -2.746569 5.462612 8.838972 -2.792413 5.666118 8.911053 -2.770361 5.685103 8.808596 -2.645093 5.829499 8.928797 -2.558295 5.846418 8.836717 -2.396091 5.761438 9.00057 -1.869643 5.825507 8.144149 -1.707439 5.740527 8.308003 -2.370201 5.51933 9.033623 -2.597509 5.384519 8.989547 -2.47224 5.528915 9.109747 -2.668719 5.447181 8.738971 -2.694609 5.68929 8.705918 -2.005957 5.668378 8.01335 -1.980067 5.42627 8.046404 -2.57394 5.551658 9.131747 -2.671927 5.666732 9.106741 -2.662586 5.579379 9.118667 -2.591376 5.714706 9.109487 -2.496032 5.751406 9.079373 -2.700613 5.771936 8.99914 2.38682 7.625887 6.498776 2.485414 7.524958 6.558452 2.471595 7.585882 6.495544 2.503219 7.57075 6.413981 2.690618 7.60119 6.52724 2.444284 7.601141 6.345577 2.359647 7.602999 6.280947 2.281233 7.636767 6.489996 2.53002 7.450775 6.539283 2.560807 7.437518 6.457207 2.546987 7.498442 6.3943 2.527543 7.462677 6.309798 2.473259 7.414056 6.232124 2.248456 7.559791 6.235466 2.163129 7.596536 6.462948 2.201431 7.427679 6.637303 2.316432 7.481592 6.650223 2.412615 7.51217 6.616196 2.495873 7.373706 6.580417 2.553338 7.34896 6.427218 2.508457 7.258882 6.392351 2.430043 7.292649 6.6014 2.32506 7.222075 6.584175 1.364113 6.986958 6.394418 1.325811 7.155815 6.220064 1.411139 7.11907 5.992581 2.372086 7.354187 6.182338 2.410388 7.18533 6.356692 1.487742 6.781355 6.34129 1.57307 6.744609 6.113808 1.534768 6.913467 5.939453 -2.797046 6.136028 3.564166 -2.946926 6.119717 3.402978 -2.87955 6.041645 3.376348 -2.886465 6.188885 3.540617 -2.744046 6.355521 3.566328 -2.677303 6.09708 3.543108 -2.767082 5.994373 3.33873 -2.909053 6.166753 3.190692 -2.968547 6.211401 3.266923 -2.97888 6.206305 3.419684 -2.946488 6.243362 3.493425 -2.926399 6.327789 3.493326 -3.146912 6.335566 3.479692 -2.990464 6.255425 3.346792 -2.799186 6.130513 3.136703 -1.859619 5.778105 3.048784 -1.891724 5.914245 2.846758 -1.76984 5.880811 3.253163 -1.712167 6.119658 3.255516 -2.619629 6.335926 3.545461 -2.651734 6.472066 3.343435 -2.773549 6.480629 3.380672 -2.856053 6.386246 3.192854 -2.929707 6.372253 3.268507 -2.969655 6.341601 3.347641 -2.937263 6.378658 3.421382 -2.847624 6.349737 3.542201 -2.869245 6.441421 3.406146 -2.741513 6.369359 3.139056 -1.744271 6.255798 3.053489 -1.83405 6.153091 2.849111 2.592271 5.131454 8.979673 2.629667 4.943591 8.870036 2.679313 5.085715 8.938739 2.712009 4.97505 8.837977 2.403442 4.975267 8.871347 2.477161 5.186306 8.973363 2.524525 4.937517 8.885921 2.654309 4.916669 8.708628 2.725211 4.960627 8.751503 2.440033 4.935291 8.631675 2.558151 4.90078 8.665672 2.728598 5.031871 8.615925 2.765011 5.022346 8.701837 2.932664 4.954618 8.827798 2.739365 5.051927 8.872953 2.753602 5.200918 8.846035 2.693642 5.288656 8.853173 2.587471 5.357368 8.83571 2.778407 5.112913 8.825119 2.659523 5.057981 8.539172 2.550343 5.106354 8.494022 1.571277 5.335114 8.432353 1.534686 5.375091 8.672023 1.681587 5.506177 8.294698 2.778244 5.173996 8.684628 2.791609 5.09849 8.738645 2.727268 5.251919 8.632923 2.624062 5.317392 8.596038 1.718714 5.757192 8.636386 1.608405 5.586129 8.774041 1.755306 5.717216 8.396716 -0.784095 3.480272 7.68047 -1.299798 2.624314 7.807325 -1.104926 2.599318 7.954903 -0.978967 3.505268 7.532892 -0.967231 3.428383 7.299804 -1.288062 2.547429 7.574237 -1.081453 2.445547 7.488726 -1.123819 2.338058 7.543039 -0.760622 3.326501 7.214293 -1.313686 2.431684 7.621621 -1.155527 2.277779 7.624924 -1.324471 2.502339 7.835822 -1.14539 2.479368 7.971441 -0.898317 2.497436 7.869392 -0.577486 3.37839 7.594959 -0.56575 3.301504 7.361871 -0.88658 2.42055 7.636303 -0.944737 2.315086 7.678658 -1.02429 2.260945 7.724311 -1.106558 2.244273 7.766162 -0.955522 2.385741 7.892859 -1.110793 2.272014 7.850261 -1.246453 2.097509 7.852382 -1.176869 2.253292 7.712916 -1.032194 2.312724 7.881284 -1.184178 2.307876 7.87959 -1.255648 2.317792 7.827867 -1.251414 2.290051 7.743768 -1.294668 2.346392 7.682512 -1.302572 2.398171 7.839486 -1.171335 2.381337 7.938872 -1.036512 7.182762 5.071837 -1.714376 7.915356 4.935782 -1.240403 7.09629 5.178281 -1.510485 8.001829 4.829339 -1.467239 7.956507 4.591736 -0.993266 7.137441 4.834235 -1.627885 7.824714 4.460577 -1.153911 7.005648 4.703075 -1.357802 6.919175 4.809518 -1.831776 7.738242 4.567019 -1.875022 7.783563 4.804622 -1.879942 7.854651 4.546344 -1.919684 7.8963 4.764694 -1.883088 7.960603 4.556757 -1.912212 7.991125 4.716772 -1.874573 8.063277 4.670135 -1.816612 8.110828 4.717457 -1.898603 8.265186 4.583248 -1.85897 8.046925 4.584407 -1.784743 8.079037 4.547791 -1.745777 8.018838 4.485073 -1.692572 7.934117 4.448526 -1.544944 8.055232 4.569058 -1.804025 8.079881 4.805101 -1.772056 8.017415 4.885225 -1.401048 6.964496 5.047121 -1.63759 8.107594 4.573403 -1.584686 8.09688 4.787407 -1.666714 8.138116 4.733417 -1.743048 8.142028 4.679052 -1.727444 8.125676 4.593325 2.082609 7.476736 0.353498 2.312665 7.339593 0.360704 2.196955 7.532862 0.34492 2.388056 7.237557 0.1739 2.347737 7.32879 -0.028687 2.402559 7.40138 0.02671498 2.29056 7.155392 0.167398 2.208521 7.266425 0.370673 1.37421 6.761932 0.309523 1.248297 6.972242 0.292347 2.038735 7.576013 0.133047 1.204424 7.07152 0.07189697 2.120774 7.464981 -0.07022798 1.286462 6.960487 -0.131379 2.246686 7.25467 -0.05305194 1.412374 6.750176 -0.114203 1.456248 6.650899 0.106247 2.422866 7.463883 0.09363698 2.438695 7.428064 0.173176 2.432106 7.334521 0.175178 2.376857 7.409297 0.312074 2.292061 7.550931 0.300507 2.156637 7.624095 0.142333 2.232028 7.522059 -0.04447096 2.317763 7.543014 0.01514798 2.377436 7.539764 0.08743995 2.566363 7.608552 0.177546 2.347836 7.579825 0.160782 2.363806 7.544029 0.238211 2.262514 7.61779 0.1520439 2.409096 7.468125 0.246518 -0.362028 8.129953 -1.851981 -0.303654 8.03091 -2.040382 -0.363662 7.955391 -1.995217 -0.302456 8.158836 -1.935414 -0.1664209 8.205193 -1.767911 -0.1591089 8.213974 -1.873805 -0.01695895 8.141188 -1.917164 -0.078758 8.149564 -1.987224 -0.018157 8.013264 -2.022132 0.02591794 7.931311 -1.970313 0.02755099 8.105872 -1.827077 0.03188896 7.842935 -1.878373 -0.156063 8.187252 -1.965197 0.03366696 8.032889 -1.722507 -0.05256998 7.416112 -0.969859 -0.05434697 7.226159 -1.125725 -0.267201 7.144285 -1.217207 -0.180965 7.761061 -1.969855 -0.1696889 7.85607 -2.054383 -0.161504 7.958125 -2.083741 -0.07939898 8.081028 -2.043461 -0.138827 8.246577 -2.177462 -0.2317129 8.15902 -1.997002 -0.2323549 8.090483 -2.053238 -0.156198 8.051487 -2.076468 -0.263646 7.524191 -0.905476 -0.392041 7.869139 -1.905473 -0.478278 7.252363 -1.152824 -0.390263 8.059094 -1.749607 -0.4765 7.442316 -0.996959 -0.1774089 8.140968 -1.658125</float_array>
          <technique_common>
            <accessor source="#c_pistol_festivizer-mesh-positions-array" count="1665" stride="3">
              <param name="X" type="float"/>
              <param name="Y" type="float"/>
              <param name="Z" type="float"/>
            </accessor>
          </technique_common>
        </source>
        <source id="c_pistol_festivizer-mesh-normals">
          <float_array id="c_pistol_festivizer-mesh-normals-array" count="7263">-0.04866731 -0.9970391 -0.05953627 -0.62391 -0.7798454 -0.05076992 -0.04866725 -0.9970391 -0.0595352 -0.04867851 -0.9970387 -0.05953568 -0.6239131 -0.7798439 -0.05075502 -0.623914 -0.7798452 -0.05072408 -0.9532999 0.07288545 -0.2930992 -0.9533 0.07288563 -0.2930987 -0.9533 0.07288622 -0.2930986 -0.9533001 0.07288545 -0.2930986 -0.9533001 0.07288533 -0.2930989 -0.9533002 0.07288551 -0.2930982 0.1138525 0.07145744 0.9909245 0.1138527 0.07145696 0.9909245 0.1138532 0.07145607 0.9909247 0.1137531 0.07140612 0.9909397 0.1137531 0.071406 0.9909397 0.1137534 0.07140558 0.9909397 -0.1334326 0.02701252 -0.9906897 -0.1333981 0.02701151 -0.9906944 -0.1334338 0.02701252 -0.9906896 -0.1333969 0.02701145 -0.9906946 0.1158748 -0.03200471 0.9927481 0.1159202 -0.03204244 0.9927416 0.115903 -0.03202986 0.992744 0.115927 -0.03204947 0.9927406 -0.1559948 -0.08680135 -0.9839366 -0.1559507 -0.08682042 -0.9839419 -0.1559948 -0.08680129 -0.9839366 -0.1559517 -0.08682006 -0.9839418 -0.3338004 -0.9418516 -0.03863662 -0.3337993 -0.941852 -0.03863602 0.3276753 0.9447285 -0.01081883 0.3276748 0.9447287 -0.01081949 0.3276754 0.9447284 -0.01081883 0.3276748 0.9447287 -0.01081949 -0.1834233 -0.1228829 -0.9753234 -0.183417 -0.1228877 -0.975324 0.3416309 0.9327852 0.1148916 0.3416334 0.9327846 0.1148903 0.3416307 0.9327853 0.1148917 0.3416336 0.9327844 0.1148902 0.172859 0.09030514 0.9807981 0.1728397 0.09030795 0.9808012 0.1728608 0.09030485 0.9807978 0.1728377 0.09030824 0.9808015 -0.08211654 0.1278407 -0.9883894 -0.08213335 0.1278465 -0.9883874 -0.0821228 0.1278432 -0.9883887 -0.08212006 0.1278424 -0.9883889 -0.05778008 -0.9938676 0.0942797 -0.05778181 -0.9938693 0.09426152 -0.05778354 -0.9938713 0.09423893 -0.05778491 -0.9938699 0.09425359 -0.05778092 -0.9938684 0.09427142 -0.05778616 -0.9938703 0.09424853 0.126339 -0.06535148 0.9898322 0.126351 -0.06535154 0.9898307 0.1263159 -0.06535202 0.989835 0.1263065 -0.0653522 0.9898363 -0.9824467 -0.1522698 -0.1077605 -0.97617 -0.2096731 -0.05594307 -0.9215778 0.3880038 -0.0121423 -0.8788728 -0.4759786 -0.03204715 -0.9102765 -0.4107829 -0.05151897 -0.9365633 -0.3433026 -0.07065796 -0.977068 -0.1284766 -0.1698001 -0.9574657 0.2362871 -0.1656135 -0.9455469 0.3125278 -0.09092581 -0.8375395 0.5462509 0.01172542 -0.8031047 0.5859987 0.1078348 -0.8254465 0.5555751 0.09987246 -0.804759 0.5919957 0.04363662 -0.8674146 0.4925728 -0.07045525 -0.7801016 0.6255214 -0.01283478 0.9518752 -0.08085894 0.2956274 0.9518755 -0.0808587 0.2956267 0.9518752 -0.08085924 0.2956272 0.9518755 -0.08085781 0.2956267 0.9518753 -0.08085799 0.2956274 0.9518746 -0.08086091 0.2956289 -0.9845449 -0.1422256 0.1021922 -0.9845449 -0.1422261 0.1021915 -0.9845449 -0.1422256 0.1021924 -0.984546 -0.1422209 0.1021879 -0.9845461 -0.1422202 0.102189 -0.9845461 -0.1422207 0.1021882 0.9784979 0.2059066 -0.01202124 0.9785244 0.2057865 -0.01191902 0.9784969 0.2059109 -0.01202493 0.9785253 0.2057822 -0.01191526 -0.9608018 -0.2622656 -0.08987122 -0.9608026 -0.2622623 -0.08987224 -0.9607999 -0.2622736 -0.08986669 -0.9608015 -0.2622681 -0.08986622 0.9774924 0.2058998 0.04597812 0.9774963 0.2058889 0.04594469 0.9774937 0.205898 0.04595899 0.977497 0.2058864 0.04594141 0.9774935 0.2058987 0.04595983 0.9774947 0.205899 0.04593414 -0.968046 -0.2043839 -0.1453078 -0.9680488 -0.2043781 -0.1452975 -0.07659673 -0.007630169 0.997033 -0.07658058 -0.007619082 0.9970343 -0.07659727 -0.007630884 0.9970329 -0.07657968 -0.007618844 0.9970343 0.1784344 0.0344727 -0.9833478 0.1784341 0.03447353 -0.9833478 0.1784343 0.034473 -0.9833478 0.178393 0.03446316 -0.9833557 0.1783934 0.03446137 -0.9833557 0.1783924 0.0344659 -0.9833557 0.9775044 0.2058457 0.04596549 0.9774794 0.2059688 0.0459454 -0.9761576 -0.2097305 -0.05594271 -0.9761803 -0.2096175 -0.0559706 -0.9761651 -0.2096928 -0.05595189 -0.9761751 -0.2096434 -0.05596405 -0.97617 -0.2096704 -0.05595195 -0.97617 -0.2096701 -0.0559529 -0.9761706 -0.2096675 -0.05595141 -0.9761703 -0.2096641 -0.05596852 -0.9761727 -0.2096607 -0.05594009 -0.9761727 -0.2096611 -0.05593991 -0.9761726 -0.2096609 -0.05593997 -0.9761728 -0.2096605 -0.05594015 0.1348622 -0.7200644 -0.6806758 0.3064708 0.2415599 -0.9207196 0.3064708 0.2415624 -0.920719 0.1348588 -0.7200658 -0.6806749 -0.1558659 -0.9582371 0.2397658 -0.1558688 -0.958237 0.2397642 -0.3064683 -0.2415629 0.9207197 -0.3064653 -0.241563 0.9207206 -0.1492286 0.7100254 0.6881822 -0.1492282 0.7100248 0.688183 0.1558633 0.9582371 -0.2397677 0.1558632 0.9582374 -0.2397662 0.96784 0.2090663 0.1399188 0.9678399 0.2090665 0.1399186 0.9678399 0.2090667 0.1399185 0.9678457 0.2090566 0.1398936 0.9678464 0.2090551 0.1398904 0.9678459 0.2090563 0.1398925 0.9678435 0.2090594 0.1399046 0.9678446 0.2090579 0.1398985 0.02176088 0.9993752 -0.02785271 -0.006522238 0.999969 -0.004419505 -0.00655663 0.9999689 -0.004393935 0.02174961 0.9993751 -0.0278663 0.1677515 0.9129536 -0.3719882 0.1677609 0.9129488 -0.3719958 0.1136685 0.9375549 -0.3287405 0.1136828 0.9375439 -0.3287671 -0.1456112 0.9447808 0.2935759 -0.1456055 0.9447841 0.293568 -0.10107 0.9554839 0.2771922 -0.1010643 0.9554836 0.2771955 -0.006434798 0.9999698 -0.004359364 -0.006471991 0.9999693 -0.004421353 -0.182006 0.1520804 -0.9714656 -0.181964 0.1521159 -0.9714679 -0.1819587 0.152116 -0.9714689 -0.1820057 0.1520842 -0.9714651 -0.1820044 0.1520948 -0.9714637 -0.1820029 0.152115 -0.9714608 -0.1820015 0.1521149 -0.9714611 -0.1820011 0.1521149 -0.9714611 -0.1896889 0.05255353 -0.9804368 -0.1896475 0.05255413 -0.9804447 -0.1896318 0.05255609 -0.9804477 -0.1895719 0.05253845 -0.9804603 -0.1896917 0.05252242 -0.9804379 -0.189703 0.052486 -0.9804378 -0.1897028 0.05256474 -0.9804335 -0.1896873 0.05254697 -0.9804374 -0.1896904 0.05253791 -0.9804373 -0.1896909 0.05254542 -0.9804368 0.1270173 0.107145 0.9860967 0.1270439 0.1071267 0.9860953 0.1270364 0.1071397 0.9860948 0.1270284 0.1071519 0.9860945 0.2138006 -0.05948024 0.9750649 0.213791 -0.05946403 0.975068 0.2138191 -0.0594545 0.9750623 0.2138015 -0.0594626 0.9750658 0.1772927 -0.2009435 0.9634256 0.1772832 -0.2009428 0.9634276 0.1772931 -0.2009435 0.9634256 0.1772829 -0.2009427 0.9634276 0.1815491 -0.1559817 0.9709324 0.1815423 -0.1559807 0.9709337 0.08346217 0.9947242 0.05964845 0.08346098 0.9947238 0.05965667 0.08346372 0.994724 0.05964845 0.08346194 0.9947237 0.05965727 0.187351 -0.08437752 0.9786624 0.1873748 -0.08437764 0.9786578 0.1873493 -0.08437752 0.9786628 0.1873765 -0.08437764 0.9786576 -0.115556 -0.9844708 -0.1321525 -0.1155551 -0.984471 -0.1321514 -0.115554 -0.9844713 -0.1321503 -0.1155427 -0.9844709 -0.1321631 -0.1155425 -0.984471 -0.1321628 -0.1155424 -0.984471 -0.1321628 0.2138147 -0.05946457 0.9750627 0.2138066 -0.05946797 0.9750643 0.213792 -0.05947196 0.9750673 0.213818 -0.05946296 0.9750621 -0.9995166 0.03062933 -0.005341589 -0.9995166 0.03062891 -0.005341351 -0.9995166 0.03062951 -0.005342006 -0.9995166 0.03062885 -0.00534141 -0.03673905 -0.7250766 0.6876876 -0.03674972 -0.7250514 0.6877136 -0.03675007 -0.725052 0.6877129 -0.03673928 -0.7250761 0.6876881 0.04241889 0.7229168 -0.6896318 0.04241436 0.7229214 -0.6896273 0.0424149 0.722922 -0.6896265 0.04241859 0.7229161 -0.6896324 -0.01134961 -0.9990257 -0.04264986 -0.0113486 -0.9990256 -0.04265218 -0.01136231 -0.9990257 -0.04264676 -0.01137161 -0.9990255 -0.0426495 -0.01135331 -0.9990254 -0.04265463 -0.01137238 -0.9990251 -0.04265671 -0.01135402 -0.9990254 -0.04265409 -0.01135092 -0.9990255 -0.04265165 -0.01136398 -0.9990242 -0.04267865 -0.01137846 -0.9990242 -0.04267621 -0.01135432 -0.9990254 -0.04265487 -0.01136797 -0.9990246 -0.04267013 -0.01135003 -0.9990256 -0.04265189 -0.0113483 -0.9990258 -0.04264879 -0.01137 -0.9990249 -0.0426616 -0.01138001 -0.9990242 -0.0426771 -0.01137346 -0.9990242 -0.04267919 -0.01136815 -0.9990248 -0.04266715 0.4465236 -0.8825255 0.1475309 -0.02964663 -0.8867867 0.4612272 -0.3912549 -0.8667508 0.3092935 -0.5389176 -0.8406399 -0.05378162 -0.3860672 -0.823765 -0.4151667 -0.02230805 -0.8259615 -0.5632852 0.3159044 -0.9020032 0.2942696 -0.9997287 -0.0217064 -0.008448958 -0.9997286 -0.02170962 -0.008450031 -0.9997293 -0.02168256 -0.008438587 -0.9997285 -0.02171659 -0.008454501 -0.9114825 -0.3710591 -0.1775243 -0.9114857 -0.3710531 -0.1775204 -0.9393913 -0.3072512 -0.1521211 -0.9393895 -0.3072568 -0.1521206 -0.9432218 0.3240075 0.07315695 -0.9432201 0.3240143 0.07314783 -0.9432108 0.3240377 0.07316327 -0.9432075 0.3240512 0.0731486 -0.9965585 0.08286291 -0.002220749 -0.9965586 0.0828613 -0.00222069 0.003846824 -0.04884451 -0.998799 -0.0136066 -0.3840642 -0.9232062 0.02123242 -0.2158814 -0.9761888 0.03976589 0.9531959 0.2997273 0.02458339 0.8848676 0.4651936 0.02784955 0.9895486 0.1414857 0.03025287 0.9977739 0.05943262 0.02957129 0.8867912 -0.4612234 0.02960574 0.8867823 -0.4612382 0.02077746 0.5299251 -0.8477899 0.02077865 0.5299268 -0.8477888 0.007155776 0.05928641 -0.9982154 -0.01707965 -0.4645859 -0.8853633 -0.03397595 -0.844625 -0.5342792 -0.03293508 -0.8935322 -0.4477897 -0.01136851 -0.999025 -0.04266035 -0.0307343 -0.9900518 -0.1373056 -0.02957385 -0.8867903 0.4612249 -0.02958214 -0.8867886 0.4612275 -0.0207805 -0.5299285 0.8477877 -0.02077859 -0.5299263 0.8477892 0.03394836 0.8446188 0.5342909 -0.03913581 -0.9539813 -0.2973016 -0.007153511 -0.0592637 0.9982168 -0.00384587 0.04881107 0.9988007 0.01360559 0.3840596 0.9232081 -0.02477443 0.2149016 0.9763215 -0.009021162 0.4704629 0.8823738 -0.6014963 0.5336747 -0.5944692 0.02076339 0.529897 -0.8478078 -0.6014901 0.5336843 -0.5944669 -0.6015207 0.5336589 -0.5944586 0.02076667 0.5299092 -0.8478001 0.02075862 0.5299146 -0.8477969 0.3560525 0.5156586 -0.7793093 0.3560549 0.5156527 -0.7793121 0.6393411 0.4956923 -0.5878199 0.6393407 0.4956945 -0.5878185 0.827505 0.4729816 -0.3025295 0.8275062 0.4729779 -0.3025318 0.8918799 0.4510541 0.03317296 0.8918816 0.4510508 0.03317403 0.8227124 0.4331497 0.3681383 0.8227155 0.433143 0.3681391 0.6304705 0.422102 0.6514114 0.6304708 0.4221016 0.6514115 0.3606145 0.4247708 0.8303776 0.3606051 0.4247695 0.8303823 0.003846287 0.4354735 0.9001934 0.003849387 0.435472 0.9001941 -0.6103727 0.4601187 0.6447759 -0.6103652 0.460132 0.6447735 -0.9995167 0.0306257 -0.005342602 -0.999517 0.03061562 -0.005344569 -0.9995166 0.03063285 -0.005340397 -0.9995167 0.03062474 -0.005341887 -0.9995165 0.03063189 -0.005341529 -0.9995164 0.03063422 -0.005339801 -0.6304793 -0.4220916 -0.6514098 0.01481837 -0.4217978 -0.9065689 -0.6304749 -0.4221044 -0.6514058 -0.6304805 -0.4220893 -0.6514101 0.01481795 -0.4218041 -0.906566 0.01482605 -0.4222651 -0.9063512 0.3408514 -0.4538716 -0.8232989 0.3408579 -0.4538805 -0.8232912 0.6103842 -0.4601195 -0.6447644 0.6103829 -0.4601181 -0.6447666 0.797521 -0.4626111 -0.3872354 0.79752 -0.4626182 -0.387229 0.8629174 -0.5047854 -0.02377837 0.8629171 -0.5047857 -0.02377909 0.7937372 -0.5226265 0.311196 0.7937392 -0.5226228 0.3111969 0.6014965 -0.5336866 0.5944582 0.6014953 -0.5336863 0.5944597 0.3154914 -0.5362327 0.7828921 0.3154938 -0.5362308 0.7828922 -0.02076041 -0.5299153 0.8477964 -0.02078002 -0.5299102 0.8477993 -0.6393335 -0.4956728 0.5878444 -0.6393464 -0.4956701 0.5878328 -0.9995167 0.03062468 -0.005342841 -0.9995166 0.03062969 -0.00534147 -0.9995171 0.03061079 -0.005345761 -0.9995166 0.03062862 -0.005340516 -0.9995167 0.03062486 -0.005342304 -0.9995169 0.03062182 -0.005343616 -0.8902272 -0.2392379 -0.3876349 -0.4755165 -0.8461511 -0.2406501 -0.538891 -0.8406577 -0.05377095 -0.344951 -0.8468701 -0.4047468 -0.6631011 0.3488561 -0.6622661 -0.1569479 0.9034336 -0.3989679 -0.3511547 0.3516855 -0.8677602 0.02961915 0.8867796 -0.4612427 0.01557409 0.3447577 -0.9385626 0.3736213 0.8809012 -0.2905514 0.6902497 0.3074096 -0.6550228 0.02121716 -0.2158716 -0.9761912 0.6727855 -0.2686349 -0.6893439 0.3208035 -0.8611344 -0.3943765 0.3208403 -0.86113 -0.394356 -0.02230226 -0.8259647 -0.5632805 -0.3686248 -0.2243717 -0.9020938 -0.2097498 -0.8385998 -0.5027478 -0.6850856 -0.2524111 -0.6833348 -0.8727704 0.3368219 -0.3533029 0.663102 -0.3488673 0.6622594 0.6840422 0.2331799 0.6911681 -0.02478772 0.2148876 0.9763243 -0.01556199 -0.3447757 0.9385561 -0.3812716 -0.3292464 0.8638454 -0.2161982 -0.8920068 0.3969666 -0.3912621 -0.8667511 0.3092842 -0.6776725 -0.3180761 0.6630141 -0.4993827 -0.8564833 0.130588 -0.8954705 -0.2826792 0.3438389 -0.9656981 -0.2587164 -0.02220869 -0.948228 0.3173621 0.01204431 -0.4869686 0.8720837 0.04828798 -0.4227012 0.8958759 -0.1368585 -0.3341544 0.8889774 -0.3131456 -0.8780192 0.2933746 0.3781716 -0.4199548 0.88413 0.2048226 -0.6727854 0.2686688 0.6893308 -0.3638027 0.2468549 0.8981705 0.02228045 0.8259692 0.5632748 0.3686972 0.8400167 0.3980382 -0.3208181 0.8611333 0.3943669 -0.1624592 0.8536326 0.4948924 -0.003838539 0.04881954 0.9988003 0.6855823 0.03016531 0.7273699 0.6855846 0.03018546 0.7273669 -0.003846824 0.04881697 0.9988003 -0.7220145 0.07813125 0.6874524 -0.7220157 0.07812827 0.6874513 -0.9904072 0.1381753 0.001114249 -0.9904062 0.1381828 0.001099646 -0.6943396 0.1709254 -0.6990545 -0.6943372 0.1709262 -0.6990566 0.01605165 0.1528468 -0.9881196 0.01605093 0.1528466 -0.9881196 0.7109423 0.1278711 -0.6915274 0.7109416 0.1278856 -0.6915254 0.3736426 0.8808816 -0.2905834 0.03024941 0.9977727 0.05945366 0.02964615 0.8867819 -0.4612365 0.03024947 0.9977728 0.05945092 0.03025346 0.9977737 0.05943632 0.03023189 0.9977714 0.05948346 0.0302453 0.9977737 0.05943948 -0.4869985 0.8720685 0.04826056 0.02230787 0.8259482 0.5633046 0.5012516 0.8534892 -0.1424892 -0.3341568 0.8889777 -0.3131421 0.03025251 0.9977731 0.05944496 0.03024536 0.9977733 0.05944597 0.03024613 0.9977728 0.05945265 0.03025698 0.9977731 0.05944442 0.0302453 0.9977733 0.05944627 0.03025883 0.9977734 0.05943864 0.0302422 0.9977736 0.05944275 0.03025853 0.9977742 0.05942332 0.03024673 0.9977736 0.05943882 0.0302425 0.9977726 0.05945885 0.03024798 0.9977722 0.05946302 0.03024721 0.9977745 0.05942475 0.03024417 0.9977726 0.05945819 -0.3668957 0.8293614 0.4213634 0.03024655 0.9977731 0.05944788 0.0302537 0.9977731 0.05944508 0.03025162 0.9977731 0.05944591 0.0302487 0.9977734 0.05944103 0.03024703 0.9977734 0.05944389 0.0302456 0.9977735 0.05944091 0.03024423 0.9977739 0.0594362 0.03024572 0.9977738 0.05943703 0.03024387 0.9977736 0.05944049 0.03025031 0.9977732 0.05944526 0.03024733 0.9977734 0.05944448 0.03024876 0.9977731 0.05944705 0.0302484 0.9977734 0.0594415 0.03024935 0.9977731 0.05944764 0.03024709 0.9977731 0.05944794 0.03025108 0.9977731 0.05944532 0.03024381 0.9977734 0.05944591 0.03024125 0.9977736 0.05944293 0.03024148 0.9977735 0.05944359 0.03024607 0.9977735 0.05944132 0.03024739 0.9977735 0.05944025 0.03024011 0.9977732 0.05945038 0.01481807 -0.4217947 -0.9065703 -0.6304724 -0.4221147 -0.6514014 -0.6304691 -0.4221275 -0.6513963 0.01479524 -0.4217982 -0.9065691 0.3408536 -0.4538732 -0.823297 0.3408577 -0.4538791 -0.8232921 0.6103621 -0.4601337 -0.6447753 0.6103621 -0.4601361 -0.6447736 0.7975193 -0.4625996 -0.3872526 0.7975202 -0.4626213 -0.3872249 0.86292 -0.5047807 -0.02378445 0.8629198 -0.5047812 -0.02378439 0.7937263 -0.5226368 0.3112065 0.7937273 -0.5226382 0.3112015 0.6014927 -0.5336974 0.5944523 0.6014915 -0.5336964 0.5944546 0.3154783 -0.5362375 0.7828939 0.3154773 -0.536234 0.7828966 -0.02077299 -0.5299144 0.8477967 -0.0207647 -0.5299103 0.8477994 -0.639335 -0.4956806 0.5878363 -0.6393514 -0.4956648 0.5878318 -0.6103872 0.4600965 0.644778 0.003819167 0.4354957 0.9001828 -0.6103753 0.4601249 0.6447691 -0.6103718 0.4601337 0.644766 0.003827095 0.435473 0.9001938 0.003830671 0.4354744 0.900193 0.3606259 0.424775 0.8303705 0.3606157 0.4247713 0.8303769 0.6304756 0.4221069 0.6514033 0.6304747 0.4221067 0.6514044 0.8227123 0.4331484 0.36814 0.8227132 0.4331477 0.3681389 0.8919079 0.4509994 0.03316694 0.8919059 0.4510038 0.03315961 0.8275044 0.4729822 -0.3025302 0.8275025 0.4729856 -0.3025302 0.6393486 0.4956691 -0.5878311 0.6393505 0.4956704 -0.587828 0.3560572 0.5156791 -0.7792934 0.356061 0.5156811 -0.7792904 0.02074158 0.5299117 -0.8477992 0.02077043 0.5299168 -0.8477953 -0.6014933 0.5337033 -0.5944465 0.02076184 0.5298999 -0.847806 -0.6014921 0.533684 -0.5944651 -0.6014899 0.5336887 -0.594463 0.02125638 -0.2159028 -0.9761835 -0.3686186 -0.22439 -0.9020918 -0.3511596 0.351649 -0.867773 0.01558029 0.3447582 -0.9385623 0.6902484 0.3074108 -0.6550235 0.3736191 0.8809036 -0.2905476 0.02961963 0.8867856 -0.4612309 -0.1569458 0.9034351 -0.3989651 -0.3341656 0.8889693 -0.3131566 -0.6631056 0.3488934 -0.6622419 -0.422701 0.8958787 -0.1368402 0.672783 -0.2686283 -0.689349 0.3208097 -0.8611438 -0.3943508 0.3208401 -0.8611203 -0.3943774 -0.02229094 -0.8259479 -0.5633056 -0.2097633 -0.8386058 -0.5027324 -0.6850934 -0.2524079 -0.6833282 -0.8727635 0.3368404 -0.3533022 -0.9482356 0.3173398 0.01203608 -0.4869538 0.8720926 0.04827636 -0.8780115 0.2934031 0.3781673 -0.4199683 0.8841205 0.2048355 -0.320823 0.8611395 0.3943495 -0.6727812 0.2686423 0.6893453 -0.1624581 0.8536345 0.4948894 -0.3638094 0.2468041 0.8981818 0.02229672 0.8259454 0.5633091 -0.6776767 -0.318093 0.6630016 -0.3812727 -0.3292269 0.8638524 -0.01557189 -0.3447814 0.9385539 -0.02476257 0.214908 0.9763203 0.6840409 0.2331836 0.6911681 0.6631002 -0.348869 0.6622602 -0.02962321 -0.886766 0.4612687 -0.216196 -0.8920082 0.3969645 -0.3912562 -0.8667626 0.3092592 -0.8954828 -0.2826303 0.343847 -0.9656918 -0.2587332 -0.022282 -0.890224 -0.239262 -0.3876276 -0.3449587 -0.8468692 -0.4047421 0.3158715 -0.9020131 0.2942749 -0.4993864 -0.8564827 0.1305786 -0.5388928 -0.8406575 -0.05375629 -0.475522 -0.8461508 -0.2406403 0.3686956 0.8400212 0.3980304 0.9631888 0.05733376 0.2626406 0.8978472 -0.05495989 0.4368638 0.4773822 0.4661436 0.74486 0.4975878 0.8626214 -0.09105294 0.9220071 0.118093 -0.3687234 0.7707925 0.629795 0.09611141 0.9973084 0.07306456 0.006137073 0.7465364 0.6178531 0.2468624 0.5872093 0.6042724 0.5385538 -0.2140354 0.7619886 0.6111973 -0.1624505 0.8536266 0.4949054 -0.8031132 0.5859848 0.1078471 -0.7812832 0.6025556 0.1628601 -0.9083551 0.02417457 -0.4175003 -0.9709151 -0.01786375 -0.2387571 -0.6197118 -0.6028034 -0.5025788 -0.7886246 -0.570023 -0.2305326 -0.1302116 -0.9034108 -0.4085267 -0.245175 -0.8358251 -0.4912084 0.5200215 -0.5641729 -0.6413163 -0.228089 -0.7739727 -0.5907129 0.4692253 0.4393349 -0.7660369 0.7554657 -0.5944955 -0.2754031 0.0951786 -0.8392359 -0.535373 -0.4871918 -0.5400744 -0.6862681 0.8157289 -0.5404685 -0.2061073 0.2155382 -0.7790361 -0.5887667 0.8086829 -0.573584 -0.1305124 -0.06726473 0.5771334 -0.813875 0.1432329 -0.2585947 -0.9553079 -0.7968435 -0.601101 -0.06097584 -0.4993793 -0.8564871 0.1305764 0.09839987 -0.9794747 0.1759175 0.06154173 -0.8029037 -0.5929235 -0.008483529 -0.1577349 -0.9874451 -0.01224362 -0.2019792 -0.9793133 0.5200352 -0.5641694 -0.6413084 0.7720364 -0.6296552 0.08656972 -0.9136631 -0.06534188 0.4011862 -0.9973405 0.03377711 0.06458479 -0.5057102 -0.4594978 0.7301501 0.06507682 -0.594255 0.8016396 0.5463476 -0.3009806 0.7816106 0.6840534 0.2331768 0.6911582 0.9918602 0.1272947 -0.003106236 0.7170433 -0.05417048 -0.6949205 0.02122306 -0.2158724 -0.9761909 0.03834789 -0.1019868 -0.9940463 -0.02477866 0.2148943 0.976323 0.0126568 0.2006418 0.979583 0.01044654 0.1192022 0.9928151 -0.2239671 0.2350882 0.9458183 -0.511111 0.5764948 0.6375104 -0.6721499 0.6739324 0.3066426 -0.5111033 0.5764868 0.6375237 -0.03529191 0.8017419 0.5966277 0.2425474 0.7999445 0.5488713 0.1992459 0.834597 0.5135648 0.05876767 0.9097685 0.4109351 -0.7220149 0.07813096 0.6874519 -0.7690564 0.6325455 -0.09186208 -0.07266926 0.9848771 -0.157278 0.06375604 0.003149867 -0.9979606 0.4305205 0.5076627 -0.7462779 0.5737112 0.8187605 -0.0220642 0.3650994 0.6195753 0.694859 -0.03900599 0.105968 0.9936043 -0.433226 -0.4992322 0.7503882 -0.9925681 -0.1216892 7.26034e-4 -0.5486457 0.2857946 -0.7856905 -0.6851001 -0.2523975 -0.6833252 -0.58246 -0.8125943 0.02076041 -0.01135897 -0.9990242 -0.0426793 0.01116907 -0.6935772 -0.7202957 0.4225461 -0.5978316 -0.6812138 -0.3716256 -0.6184126 -0.6924308 -0.03674232 -0.7250793 0.6876845 0.4203558 -0.9065961 0.03721094 0.7689929 -0.3049501 -0.5618323 0.8090169 -0.5607526 0.1762054 0.1603394 -0.6538256 0.7394616 -0.07661694 -0.007633209 0.9970314 -0.04646998 0.6943936 0.7180933 -0.002168595 0.9993645 0.03558003 0.04240155 0.7229322 -0.6896166 0.1784054 0.03447175 -0.9833531 -0.1676772 0.6477027 -0.7432131 0.2652615 0.1238483 -0.9561893 -0.3839119 0.4603406 -0.8004363 0.2323306 0.1839045 -0.9550925 -0.5262999 0.1895762 -0.8288964 -0.4456387 0.8936733 -0.05248129 0.1234629 0.2461724 -0.9613304 -0.5597667 -0.09011936 -0.8237354 -0.9244356 -0.3236623 -0.2016468 -0.9780867 0.07810705 -0.1929921 -0.7453524 -0.3970615 0.5355296 -0.8388106 -0.07363492 0.5394208 -0.1243968 -0.2449835 0.9615138 -0.2329332 -0.1819596 0.9553182 0.5126428 -0.2082672 0.83296 -0.2637978 -0.1212283 0.9569296 0.3764599 -0.4750669 0.795355 -0.194244 -0.03752559 0.9802352 -0.4536288 0.5878577 0.6698091 -0.8212716 0.5381851 -0.1893929 -0.7740041 0.302418 0.5562923 0.9758639 -0.0869863 0.2003075 0.5928328 0.05884957 0.8031725 0.7427039 0.3982869 -0.5382922 0.4235549 0.741722 -0.520048 -0.07921218 0.353343 -0.9321342 -0.5133129 -0.2311392 -0.8264893 -0.6706966 -0.7030069 -0.236532 -0.4298896 -0.7397108 0.5177093 0.07173138 -0.3516507 0.9333791 0.5278356 0.21445 0.8218278 0.931594 0.3087196 0.1918985 0.8361901 0.07780128 -0.5428934 0.6896014 0.6874443 0.2277507 -0.1459922 0.254892 0.9558852 -0.4223372 0.7338779 0.5320289 0.09688925 0.3433259 0.9342055 0.560178 0.249266 0.7899793 0.5928339 0.05886226 0.8031708 0.2835714 0.4037298 0.8698216 0.3851954 -0.3716617 0.8446847 0.05875033 0.9097645 0.4109464 -0.2627968 0.92286 -0.2815446 -0.6954647 0.6702018 -0.2591494 -0.8007612 0.2788407 0.5301221 -0.1876312 0.2037587 0.960873 -0.300955 0.2045592 0.9314407 0.2535061 0.6462192 0.7198162 -0.1624132 0.853602 0.4949602 -0.3902907 0.2230957 0.8932533 -0.5159501 0.07553035 0.8532823 -0.1861966 -0.5482134 0.8153485 -0.5625767 -0.1094179 0.8194726 0.1278958 -0.3906584 0.9116078 -0.4872537 -0.297195 0.8211328 0.2826316 -0.2352578 0.9299319 0.775974 -0.4427988 0.4492145 0.8827732 -0.03817075 0.4682462 -0.9529622 -0.186892 0.2386098 -0.932255 0.2294608 0.2797292 -0.6004288 0.6939768 0.3973431 -0.8777771 0.03011691 -0.4781218 0.2814927 -0.8954818 0.3447815 -0.3896717 -0.543839 0.7432329 -0.6776794 -0.3180733 0.6630083 -0.8472028 0.05646169 0.5282607 -0.9746614 0.1296198 -0.1823019 -0.1665552 -0.9710102 0.1714602 -0.6971639 -0.7167713 -0.01420128 -0.9770678 -0.1284669 -0.1698079 0.1561197 -0.8548785 -0.4947823 0.597887 -0.6925721 -0.4035778 0.9356527 -0.2182821 -0.2773212 0.9542963 0.1707555 -0.2452778 0.491084 0.2884303 -0.8219761 0.5666007 0.1160397 -0.8157809 -0.2805727 0.2342578 -0.9308074 -0.1306868 0.3917999 -0.9107217 -0.7742977 0.446956 -0.4479882 -0.3070358 0.8852695 -0.3493237 0.1467882 0.9734432 -0.1756752 0.6825867 0.7305045 0.0209456 0.6706102 0.3385378 -0.6600562 0.5165314 -0.07155084 -0.8532737 0.1618624 0.536947 -0.8279423 0.3777803 0.54398 -0.7492449 0.3036258 -0.2015413 -0.9312317 0.8463202 -0.03701543 -0.5313872 0.9738088 0.1451027 0.1750476 0.7966246 -0.2941145 -0.5280966 0.9665551 -0.1669857 0.1946461 0.3898054 -0.2255567 -0.8928472 0.5126454 -0.2082735 0.8329569 0.6730161 -0.6908397 0.2641779 0.4270424 -0.7355508 -0.5259276 -0.08875787 -0.3449223 -0.9344254 0.143257 -0.25861 -0.9553001 0.1884983 -0.2007815 -0.96133 -0.2490454 -0.6466745 -0.7209635 0.2671051 -0.9207653 0.2843347 0.007868528 -0.9082522 -0.4183491 -0.2619641 -0.4004148 -0.8780906 -0.526285 0.1895961 -0.8289014 -0.5999953 -0.08281928 -0.7957051 -0.5624241 -0.2501504 -0.7881016 -0.3943735 0.3683384 -0.8419005 -0.6971627 -0.7167725 -0.01419264 -0.9997287 -0.02172768 -0.008392095 -0.6971644 -0.7167705 -0.01420652 -0.9997282 -0.02172714 -0.008459866 -0.002122581 0.9993624 0.03564047 -0.7273604 0.6853408 0.03542524 -0.00212264 0.9993625 0.03564071 -0.002100586 0.999363 0.03562724 -0.7273424 0.6853553 0.03551524 -0.727343 0.6853554 0.03549897 -0.007090628 -0.05925792 0.9982176 -0.007090628 -0.05925798 0.9982175 -0.007090628 -0.05925768 0.9982175 -0.007104456 -0.05924552 0.9982182 -0.007104456 -0.05924558 0.9982182 -0.007109463 -0.05922365 0.9982194 -0.01136744 -0.9990251 -0.04265892 -0.0113461 -0.9990249 -0.04266744 -0.01135313 -0.9990249 -0.04266619 -0.01136565 -0.999025 -0.04266226 0.007118046 0.05925631 -0.9982175 0.007050931 0.0592367 -0.9982191 0.007049679 0.05923348 -0.9982194 0.007087469 0.05925816 -0.9982176 0.4098798 0.8780294 0.2471098 0.1357361 0.8818774 -0.4515177 0.4382919 0.3533362 0.8264706 0.1903606 -0.3834445 0.9037329 -0.1498194 -0.8787408 0.4531764 -0.3958497 -0.8824694 -0.2540687 -0.4241688 -0.3601202 -0.8308997 -0.1730687 0.3990564 -0.9004451 0.2723826 0.5131279 0.8139457 -0.5329339 0.721107 0.4427035 -0.07058382 0.9517642 0.2986015 0.3329841 0.8513305 0.4054109 0.4446967 0.2432317 0.8620227 0.4020356 -0.0913729 0.9110535 0.7726527 0.4239814 0.472491 0.1301867 0.1495887 -0.9801402 0.8378567 0.1209551 -0.5323214 0.2354446 -0.03959822 -0.9710808 0.1885212 -0.200783 -0.9613251 0.8196974 -0.1972862 -0.5377494 0.9552802 0.1972907 0.220264 0.9758653 -0.08701747 0.2002871 0.5134965 0.1771549 0.8396057 0.5583724 0.08174008 0.8255537 -0.2359632 0.04147332 0.9708766 -0.1875952 0.2037846 0.9608746 -0.8178608 0.1994315 0.5397509 0.003833591 0.43547 0.9001951 0.4652822 -0.2615056 0.8456521 0.3015635 -0.49246 0.8164207 -0.1861874 -0.5482139 0.8153501 -0.4981694 -0.6468725 0.5773936 -0.8368462 -0.1148871 0.5352471 0.5578449 -0.6956514 -0.4526349 0.758467 -0.5691822 0.3174263 0.5078984 -0.07999408 0.8576948 0.3803679 -0.8544944 0.353779 -0.02623212 -0.9535351 0.3001378 -0.6711786 -0.6988931 0.2471189 -0.3449688 -0.8468601 -0.4047524 0.09113836 -0.9447236 -0.3149462 0.01479226 -0.4217972 -0.9065696 -0.7638277 -0.4302602 -0.4810857 -0.4453964 -0.2443594 -0.8613423 -0.2609373 -0.504698 -0.8229166 -0.5054538 0.07781434 -0.8593378 -0.4601625 0.2653203 -0.8472637 -0.7500202 0.5755989 -0.3258154 -0.3665478 0.8579035 -0.3600615 0.02395582 0.9522807 -0.3042823 0.6834497 0.6824592 -0.2591255 -0.3954721 0.08679783 -0.9143676 -0.2929334 0.4884995 -0.8219235 0.1990245 0.5335966 -0.8219878 -0.9780899 0.07811403 -0.1929729 -0.5597468 -0.09012025 -0.8237488 -0.9552694 -0.1969997 -0.2205709 -0.590356 -0.7747908 -0.2262278 -0.02359539 -0.8383314 0.5446503 -0.03074461 -0.9900575 -0.1372621 0.5161072 -0.8560066 0.02976685 0.3977902 -0.5825329 -0.7088149 -0.02046042 -0.6419717 -0.7664554 0.0160554 0.1528427 -0.9881201 -0.3044754 -0.4058259 -0.8617425 0.2994223 -0.5907682 0.7492259 -0.5141139 -0.179164 -0.838801 0.5263903 0.6329405 -0.5677145 0.03675681 0.8322042 -0.5532497 0.06376326 0.00313735 -0.9979602 0.02784919 0.989551 0.1414685 0.6209778 0.7495248 0.2293451 0.318747 0.3992471 0.8596524 0.003361225 0.6350815 0.7724379 -0.1196144 -0.1527359 0.9810016 -0.01710617 -0.1612625 0.9867634 -0.3199664 0.5845925 -0.7455691 -0.557437 0.8297663 -0.02742069 -0.4309372 0.5675653 0.7015432 -0.07662045 -0.007639646 0.9970312 -0.2095307 -0.8456889 0.4908232 -0.1919658 -0.5781246 0.7930456 -0.7432154 -0.3638519 0.5614647 0.545651 -0.7198915 0.4289771 0.5128061 -0.5361573 0.6704964 0.9540458 -0.1943466 0.2280922 0.971413 -0.1902676 0.1419685 0.8512491 0.314739 -0.4198981 -0.8001772 0.459266 0.3857346 -0.9943271 0.09625899 -0.04525333 -0.6209983 0.7801786 0.07538294 -0.5242061 0.7425423 -0.4169402 -0.9856846 0.1580105 -0.0588113 -0.4689531 0.5966328 -0.651239 -0.9943282 0.09625679 -0.04523575 -0.811903 -0.4893785 0.3183114 -0.1155395 -0.984472 -0.1321575 0.6168308 -0.7844554 -0.06441617 0.9946262 -0.09115153 0.04909336 0.8523078 0.462545 -0.2441796 0.2308515 0.6138014 -0.7549539 -0.7603643 -0.6366445 -0.1285687 -0.9908249 -0.05655962 -0.122748 -0.6127789 -0.5476772 -0.5696945 0.1348655 -0.7200586 -0.6806812 0.7975283 -0.4626001 -0.3872339 0.9901251 0.06331223 0.1250765 0.7550978 0.6419294 0.1332451 0.2203518 0.8547828 -0.4698846 0.09737735 0.9846352 0.1449527 -0.1492101 0.7100483 0.6881626 -0.3749678 0.28064 0.8835386 0.07059162 -0.2526261 0.9649854 -0.4077363 0.2762422 0.8703111 0.4130046 0.1510874 0.8981091 0.6037303 0.5473362 0.5795971 0.9384264 -0.07005304 0.3383023 -0.07212412 0.2553572 -0.9641529 -0.9343945 0.09406816 -0.3435959 -0.5389603 0.6858645 -0.4889907 -0.4115619 -0.144092 -0.8999191 0.3643769 -0.28659 -0.8860563 0.8924726 -0.2500576 -0.3754516 0.6709697 -0.6708876 -0.3157681 0.5470697 -0.6775078 0.491628 -0.3295714 -0.398095 0.8560977 0.3976365 -0.2790948 -0.8740659 -0.6871151 -0.1942206 0.700108 -0.9475389 -0.3065511 -0.0905357 -0.8542807 0.1858767 0.4854425 -0.6766811 -0.7292546 0.1014418 -0.1222023 -0.9375891 0.3255664 0.1583226 -0.9156947 -0.369374 0.3455131 -0.3807407 -0.8577046 0.327217 0.3984329 -0.8568432 0.1136868 0.937543 -0.3287683 -0.6721524 0.6739313 0.3066397 -0.8919772 0.2585974 0.3708153 -0.1505392 0.9163788 0.3709284 0.3092784 -0.4077708 -0.8591099 -0.2336403 -0.7975689 -0.5561441 -0.5024337 -0.6158164 -0.6069025 -0.4447185 -0.6554645 -0.610403 -0.9552541 -0.1970486 -0.220594 -0.870401 0.3717131 0.3228492 -0.2622816 0.7028467 0.6612224 -0.2402291 0.5763672 0.7810832 -0.2962428 0.4213408 0.8571535 -0.3313377 0.3841596 0.8617638 0.2695903 -0.7103608 -0.6501604 0.2404799 -0.5658773 -0.7886395 0.8498393 -0.1703777 -0.4987432 0.8714742 -0.3746754 -0.3164667 0.6752786 0.2096655 -0.7071346 0.9552744 0.197305 0.2202762 0.8508813 0.1989312 0.4862381 0.9429412 0.3227081 0.08198451 0.6621042 0.7410967 -0.1113272 0.8853499 -0.4604377 0.06444185 0.4929678 0.1411444 0.8585225 0.1714597 0.7595124 0.6274891 0.3399522 0.7075751 0.6194917 0.4999703 0.6225402 0.6020576 0.4999984 0.6225312 0.6020437 0.242533 0.7999653 0.5488473 -0.8529534 -0.1992543 -0.4824606 -0.3325121 -0.7089743 -0.6219254 0.3701742 -0.8367443 -0.4035224 0.5340566 -0.6125974 0.5826732 0.1270573 0.1071371 0.9860923 0.1214448 0.763319 0.6345039 0.441829 0.6528961 0.6152347 0.05720597 0.1693652 0.9838918 0.05723416 0.1693561 0.9838917 -0.6567479 -0.04979026 0.7524647 -0.03903895 0.1059462 0.9936053 -0.7041453 0.242781 0.6672607 0.7065355 0.3007476 0.6405925 0.6393071 -0.09089809 0.7635601 -0.4887577 -0.1431593 -0.8605936 -0.166486 -0.7600637 -0.6281605 -0.1270315 -0.7655098 -0.6307598 -0.05779224 -0.9938702 0.09424483 -0.5865272 -0.7966786 0.1459082 -0.36345 -0.4295831 0.8266575 0.05233609 -0.6290028 0.7756394 0.2391487 -0.9690545 -0.06116497 -0.4447338 -0.6554614 -0.6103953 -0.9659341 -0.2477256 0.07485496 -0.05545461 -0.1740633 -0.9831718 -0.1191607 -0.1065486 -0.9871415 0.3768593 0.4122492 -0.8294745 -0.04696857 0.6290542 -0.7759413 -0.05548942 -0.1740998 -0.9831634 0.6654734 0.02796262 -0.7458977 -0.7083768 -0.2986448 -0.6395418 -0.5413607 0.6131052 -0.5753526 0.05026876 0.995084 -0.08532959 0.6009855 0.7872892 -0.1378123 0.9714266 0.2279998 -0.06592798 0.9665 -0.2447962 0.07715398 0.7024332 -0.2480045 -0.6671443 0.03832966 -0.1019915 -0.9940466 -0.6412447 0.1001267 -0.760776 -0.9670805 0.2446881 -0.06987881 -0.8915439 0.4508475 -0.04343181 -0.2417632 0.9675284 0.07375323 -0.3669025 0.8293564 0.4213675 0.1865556 -0.8247923 -0.533774 0.1865513 -0.8247947 -0.5337719 0.1865503 -0.824795 -0.5337717 0.1865586 -0.8247975 -0.533765 0.1865583 -0.8247976 -0.533765 0.1865569 -0.8247983 -0.5337643 0.999517 -0.03061765 0.005344927 0.9995169 -0.03061747 0.005344629 0.9995169 -0.03061687 0.005343735 0.9995169 -0.03061825 0.005345821 -0.999517 0.03061634 -0.005339145 -0.999517 0.03061538 -0.005339205 -0.9995169 0.0306167 -0.005339086 -0.9995171 0.03061509 -0.005339264 -0.007152259 -0.05925643 0.9982173 -0.007151782 -0.05925643 0.9982172 -0.00715214 -0.05925661 0.9982172 -0.007152676 -0.05925625 0.9982172 -0.007153391 -0.05930125 0.9982146 -0.007153749 -0.05930119 0.9982146 -0.007152795 -0.05930125 0.9982146 -0.007152736 -0.05930131 0.9982146 -0.9995169 0.03061735 -0.005343616 -0.9995169 0.03061717 -0.005343973 -0.999517 0.03061842 -0.005341887 -0.999517 0.0306161 -0.005345702 -0.01135975 -0.9990251 -0.04266071 -0.01135843 -0.9990251 -0.04265928 -0.01135849 -0.9990251 -0.04266041 -0.01136058 -0.9990251 -0.04265969 -0.0113601 -0.999025 -0.04266256 -0.01135325 -0.9990253 -0.04265844 -0.0113523 -0.9990253 -0.0426582 -0.01136231 -0.999025 -0.04266142 -0.9995169 0.03061991 -0.005346894 -0.999517 0.03061461 -0.005339503 0.007151782 0.05925482 -0.9982173 0.007153689 0.05930268 -0.9982145 0.007154047 0.05925613 -0.9982172 0.007151663 0.05925351 -0.9982174 0.007149577 0.05925357 -0.9982175 0.007149338 0.05925345 -0.9982174 0.007153272 0.05930131 -0.9982146 0.007151722 0.05925333 -0.9982174 0.03024584 0.9977728 0.05945265 0.03024476 0.997773 0.05944991 0.03024554 0.997773 0.05945068 0.03024661 0.9977728 0.05945324 0.03024572 0.9977735 0.05944228 0.03024595 0.9977734 0.05944526 0.03024768 0.9977703 0.05949348 0.03023999 0.9977737 0.05944162 0.9057965 0.264944 0.330662 0.7726656 0.4239933 0.4724592 0.9057578 0.2651293 0.3306196 0.772634 0.4240061 0.4724996 0.3026451 0.6331209 0.7124353 0.3026831 0.6331112 0.7124277 0.01656007 0.670116 0.7420717 0.01656013 0.6701165 0.7420712 -0.1113837 0.992078 0.05809539 -0.1113829 0.9920782 0.05809217 -0.1113835 0.9920781 0.0580942 -0.111383 0.9920781 0.05809301 -0.1001467 0.05353361 -0.9935315 -0.100148 0.05353355 -0.9935314 -0.1001483 0.05353355 -0.9935314 -0.1001464 0.05353361 -0.9935316 -0.1712674 -0.9834198 -0.05960714 -0.1712695 -0.9834195 -0.05960667 -0.1712694 -0.9834196 -0.05960428 -0.1712666 -0.98342 -0.05960619 -0.1138429 -0.04697859 0.9923874 -0.1138415 -0.04697895 0.9923877 -0.1138411 -0.04697901 0.9923877 -0.1138433 -0.04697853 0.9923875 -0.007153093 -0.05930149 0.9982146 0.2727614 -0.05710083 0.9603858 -0.007151961 -0.05925369 0.9982174 0.2727921 -0.05709058 0.9603776 0.7067396 -0.05729061 0.7051503 0.706748 -0.05729705 0.7051414 0.8469609 -0.05260092 0.5290469 0.846959 -0.05260145 0.5290497 0.03024494 0.9977732 0.05944699 0.03024661 0.9977731 0.05944699 0.03024637 0.9977731 0.05944699 0.03024548 0.9977712 0.05947953 0.03025078 0.9977735 0.05944073 0.03024554 0.997771 0.05948477 0.03024739 0.9977706 0.05949115 0.0302459 0.9977734 0.05944263 -0.9995169 0.03061747 -0.005343973 -0.9995169 0.03061741 -0.005343973 -0.999517 0.03061705 -0.005343616 -0.9995169 0.03061783 -0.005344271 -0.8177351 -0.5742024 -0.04001408 -0.9904102 0.1381537 0.001098573 -0.8177561 -0.5741755 -0.03997063 -0.9904087 0.1381646 0.001114368 -0.007068634 -0.05925887 0.9982177 -0.007068634 -0.05925887 0.9982177 -0.007068634 -0.05925905 0.9982177 -0.007070243 -0.05924606 0.9982184 -0.007070243 -0.05924624 0.9982184 -0.007070243 -0.059246 0.9982184 0.08348983 0.9947222 0.05964374 -0.5755465 0.8165684 0.044299 0.08348971 0.994722 0.05964708 0.08348464 0.9947221 0.05965089 -0.5755473 0.8165671 0.04431283 -0.5755474 0.8165664 0.04432499 0.007053792 0.0592572 -0.9982178 0.007067322 0.05924737 -0.9982184 0.007064819 0.05924564 -0.9982185 0.00710994 0.05925726 -0.9982175 -0.09087479 -0.9940736 -0.05966311 -0.1712568 -0.9834222 -0.05959874 -0.1712585 -0.9834212 -0.05961018 -0.09084624 -0.9940709 -0.05974972 -0.02963209 -0.886772 0.4612565 0.3158749 -0.9020243 0.2942367 -0.651553 0.7575388 0.0401709 -0.9965582 0.0828678 -0.002195775 -0.6515412 0.7575419 0.0403037 -0.9965594 0.0828523 -0.002217531 -0.0486446 -0.9970403 -0.05953484 -0.7675108 -0.6395641 -0.04341745 -0.0486446 -0.9970403 -0.05953472 -0.04864543 -0.9970401 -0.05953687 -0.7675284 -0.639539 -0.04347521 -0.7675285 -0.6395365 -0.04351139 0.007230222 0.05925339 -0.9982169 0.007230222 0.05925345 -0.9982168 0.007230222 0.05925339 -0.9982168 0.007179021 0.05923813 -0.9982181 0.007178902 0.05923789 -0.9982181 0.007178902 0.05923795 -0.9982181 0.03025758 0.9977729 0.05944442 0.03025144 0.9977731 0.05944567 0.03025782 0.9977729 0.05944579 0.03025305 0.997773 0.05944603 -0.007210195 -0.0592513 0.9982171 -0.007195949 -0.05922961 0.9982185 -0.007224559 -0.05920743 0.9982196 -0.007234573 -0.05925381 0.9982168 -0.7814635 0.623161 0.03139114 -0.992566 -0.1217061 7.26765e-4 -0.7814645 0.6231588 0.03140884 -0.9925662 -0.1217042 7.18564e-4 0.03023648 0.9977735 0.05944675 -0.1113952 0.9920763 0.05810022 -0.1113812 0.9920786 0.05808925 0.03024506 0.9977717 0.05947393 -0.007230997 -0.05924761 0.9982171 -0.007186889 -0.05922698 0.9982187 -0.007189214 -0.05922055 0.9982191 -0.007248103 -0.05922722 0.9982182 0.007243871 0.05925297 -0.9982168 0.007242977 0.05922853 -0.9982182 0.007243871 0.05925327 -0.9982168 0.007220089 0.0591914 -0.9982206 0.007220089 0.05919146 -0.9982206 0.007220208 0.05919152 -0.9982206 -0.08662182 0.4774115 -0.8743998 0.0915929 -0.5064321 -0.8574014 -0.08662003 0.4774096 -0.874401 0.09159111 -0.5064325 -0.8574014 0.1782171 -0.9838445 0.01699656 0.1782171 -0.9838444 0.01699626 0.08661824 -0.477411 0.8744004 0.0866205 -0.4774116 0.8743999 -0.09159374 0.5064313 0.8574019 -0.09159201 0.506432 0.8574016 -0.1553748 0.9869888 -0.04137605 -0.1553733 0.9869889 -0.04137945 -0.01135265 -0.9990253 -0.04265868 -0.01135277 -0.9990253 -0.04265838 -0.01135277 -0.9990252 -0.04265838 -0.01135462 -0.9990254 -0.04265689 -0.0113511 -0.9990253 -0.04265868 -0.01135283 -0.9990254 -0.04265648 -0.01135891 -0.9990251 -0.0426622 -0.01136153 -0.999025 -0.0426613 0.6348854 -0.06177073 -0.7701332 -0.3686277 -0.2243918 -0.9020875 0.634885 -0.06177163 -0.7701333 -0.3686196 -0.2243993 -0.9020891 -0.9680421 -0.204402 -0.1453073 -0.9680423 -0.2044021 -0.1453067 -0.6348846 0.06177115 0.7701336 -0.6348859 0.06177085 0.7701327 0.3389744 0.2412556 0.9093361 0.3389777 0.2412557 0.9093349 0.967849 0.2090396 0.1398959 0.9678479 0.2090446 0.1398957 -0.9995169 0.03062152 -0.00533837 -0.999517 0.03061592 -0.005340278 -0.999517 0.03061783 -0.005343079 -0.999517 0.03061681 -0.00533235 -0.9995168 0.03062224 -0.005338847 -0.9995169 0.03061997 -0.005335927 -0.9995167 0.03062528 -0.005341708 -0.9995169 0.03062117 -0.005344688 -0.9995169 0.03062081 -0.005343616 -0.9995169 0.03061461 -0.005380034 -0.999517 0.03061866 -0.005335628 -0.9995164 0.0306338 -0.00534451 0.1053652 -0.9852939 0.134515 0.6630958 -0.348869 0.6622645 0.1053695 -0.9852934 0.1345152 0.6630953 -0.348868 0.6622657 0.5547476 0.6394558 0.5323077 0.554746 0.6394575 0.5323073 -0.1053609 0.985294 -0.1345172 -0.1053586 0.9852945 -0.1345156 -0.6630949 0.3488676 -0.6622663 -0.6630954 0.3488684 -0.6622655 -0.554752 -0.6394559 -0.532303 -0.5547559 -0.6394547 -0.5323003 -0.01135742 -0.9990252 -0.04265904 -0.0113582 -0.9990251 -0.04266136 -0.01135909 -0.9990251 -0.04266178 -0.01135957 -0.9990251 -0.04266089 -0.01135855 -0.9990251 -0.04265993 -0.01138669 -0.9990243 -0.04267281 -0.01138693 -0.9990243 -0.04267209 -0.01138657 -0.9990243 -0.04267233 -0.01138693 -0.9990242 -0.04267311 -0.01134592 -0.9990255 -0.04265481 -0.01134616 -0.9990255 -0.04265576 -0.01135694 -0.9990251 -0.04265958 -0.01135736 -0.9990251 -0.04266017 -0.0113554 -0.9990252 -0.04265904 -0.01135575 -0.9990252 -0.04265904 -0.01138824 -0.9990242 -0.04267376 -0.01134544 -0.9990255 -0.04265451 -0.01136356 -0.9990251 -0.04266154 -0.01136416 -0.9990249 -0.04266351 -0.01136422 -0.9990249 -0.04266363 -0.01136356 -0.999025 -0.04266285 -0.01136392 -0.9990249 -0.04266291 -0.01136451 -0.9990249 -0.04266256 -0.01135772 -0.9990251 -0.04266119 0.1583271 -0.9156983 -0.3693634 0.3116955 -0.9193663 -0.2400247 -0.01137721 -0.9990245 -0.04267042 0.362239 -0.9308758 -0.04746747 0.3090065 -0.9391184 0.1502391 0.1650609 -0.9419692 0.2923167 -0.03059232 -0.9386331 0.343558 -0.2255212 -0.9300038 0.2902294 -0.3674937 -0.9183954 0.1466236 -0.4184753 -0.906917 -0.04878455 -0.3648014 -0.8986437 -0.2436377 -0.2294248 -0.8882715 -0.3979173 -0.03290355 -0.8935668 -0.447723 0.5078895 -0.07995253 0.8577038 0.8469613 -0.05260092 0.5290461 0.8469626 -0.05260002 0.5290441 0.5078931 -0.07995933 0.8577011 -0.007153451 -0.05930352 0.9982144 -0.007151782 -0.05925154 0.9982175 -0.5057252 -0.02846604 0.862225 -0.5057243 -0.02846646 0.8622255 -0.8690521 0.001239597 0.4947192 -0.8690508 0.001240134 0.4947214 -0.9995169 0.0306189 -0.005342364 -0.9995169 0.03062123 -0.005344033 -0.8621637 0.05178999 -0.5039758 -0.8621629 0.05178898 -0.5039772 -0.5054695 0.07786238 -0.8593242 -0.5054687 0.07786136 -0.8593248 0.007152676 0.05927962 -0.9982158 0.007152378 0.05926859 -0.9982165 0.5057249 0.02846777 -0.8622249 0.5057234 0.02846843 -0.8622259 0.8542091 4.92502e-4 -0.5199295 0.8541852 4.96538e-4 -0.5199687 0.999517 -0.03061443 0.005343198 0.9995171 -0.0306136 0.005341053 0.1053609 -0.985294 0.1345168 0.6630781 -0.3488505 0.6622921 0.1053614 -0.9852943 0.1345153 0.6630855 -0.3488585 0.6622805 0.5547505 0.6394551 0.5323055 0.5547499 0.6394572 0.5323036 -0.1053606 0.9852941 -0.1345166 -0.1053606 0.9852938 -0.1345186 -0.6630764 0.3488488 -0.6622947 -0.6630844 0.3488568 -0.6622824 -0.5547486 -0.6394579 -0.5323041 -0.5547489 -0.6394565 -0.5323055 0.1558767 -0.6871871 0.7095607 0.5031276 -0.8367289 -0.2162113 0.1558725 -0.6871867 0.7095621 0.5031288 -0.836728 -0.2162123 0.3472529 -0.1495401 -0.9257717 0.3472523 -0.1495422 -0.9257716 -0.1558758 0.6871886 -0.7095595 -0.1558761 0.6871891 -0.709559 -0.4928334 0.8424904 0.2175439 -0.4928659 0.8424726 0.217539 -0.3472531 0.149542 0.9257714 -0.3472477 0.1495397 0.9257737 0.3120179 0.7015979 -0.6406288 0.04240196 0.7229387 -0.68961 0.04240047 0.7229381 -0.6896106 0.3120359 0.7015919 -0.6406267 0.7492386 0.4922832 -0.4430562 0.7492404 0.4922705 -0.4430674 0.9133094 0.2743051 -0.3010358 0.9133061 0.2743335 -0.3010204 0.2616331 -0.7191705 0.643694 -0.03674066 -0.7250748 0.6876894 -0.03673839 -0.7250745 0.6876899 0.2615976 -0.7191742 0.6437044 0.733342 -0.5122373 0.4470151 0.7333656 -0.5122194 0.4469969 0.8870074 -0.3516466 0.2992703 0.8870332 -0.3515547 0.2993016 0.2709239 -0.6506904 -0.7093675 -0.01656115 -0.6701432 -0.7420471 -0.01656121 -0.6701442 -0.7420462 0.2709293 -0.65069 -0.7093659 0.739811 -0.4649718 -0.4862932 0.739797 -0.4649807 -0.4863058 0.8913832 -0.3199113 -0.3210809 0.8913173 -0.3201445 -0.3210313 -0.3653655 -0.4179783 -0.8317466 -0.234712 -0.9720178 -0.009571373 -0.3653646 -0.4179773 -0.8317474 -0.2347137 -0.9720175 -0.009567916 0.1306566 -0.5540413 0.8221723 0.130658 -0.5540445 0.8221698 0.360554 0.4248391 0.830369 0.360554 0.4248397 0.8303686 0.2427477 0.9700773 -0.004876673 0.2427439 0.9700782 -0.004869997 -0.1306524 0.5540416 -0.8221727 -0.1306528 0.5540406 -0.8221733 -0.3653653 -0.4179786 -0.8317464 -0.2347111 -0.9720181 -0.009571075 -0.3653655 -0.4179805 -0.8317453 -0.2347118 -0.972018 -0.009574532 0.1306542 -0.5540416 0.8221724 0.1306532 -0.5540405 0.8221733 0.3605563 0.4248355 0.8303698 0.3605844 0.4247958 0.8303779 0.242741 0.970079 -0.004864633 0.2427434 0.9700784 -0.004867315 -0.1306535 0.5540418 -0.8221724 -0.1306534 0.55404 -0.8221736 0.999517 -0.03061527 0.005343854 0.9995169 -0.03061753 0.005352854 0.9995168 -0.03061795 0.005371809 0.9995169 -0.03061711 0.005344808 0.9995169 -0.03061705 0.005344867 0.9995167 -0.03062427 0.005343437 0.9995163 -0.03063839 0.005342543 0.9995171 -0.03061091 0.005343794 0.1489113 -0.1626871 -0.9753761 0.4489243 0.6961606 -0.560203 0.1489142 -0.1626879 -0.9753755 0.4489231 0.6961634 -0.5602005 0.3000072 0.8588524 0.4151724 0.3000063 0.8588508 0.4151768 -0.1489133 0.1626891 0.9753754 -0.1489136 0.1626887 0.9753755 -0.4489218 -0.6961628 0.5602023 -0.4489238 -0.6961607 0.5602034 -0.3000118 -0.8588508 -0.4151728 -0.3000083 -0.8588513 -0.415174 0.04776388 -0.3128967 -0.9485855 0.8408241 -0.4146237 -0.3479973 0.04776412 -0.3128969 -0.9485855 0.840824 -0.4146232 -0.347998 0.7930607 -0.1017281 0.6005884 0.7930604 -0.1017283 0.6005885 -0.04639506 0.3279475 0.943556 -0.0463947 0.3279557 0.9435533 -0.840824 0.4146238 0.3479972 -0.8408237 0.4146234 0.3479984 -0.7930612 0.101729 -0.6005874 -0.7930617 0.1017293 -0.6005867 0.2391563 -0.9690524 -0.06116902 -0.01135653 -0.9990252 -0.04265981 -0.0113576 -0.9990251 -0.04266047 0.2391671 -0.9690477 -0.06120055 0.6982993 -0.7151179 -0.03137701 0.6983159 -0.7151018 -0.03137582 0.8394528 -0.5429996 -0.02169293 0.8394562 -0.5429943 -0.02169287 0.2859911 0.03997439 -0.9573981 0.00715214 0.05925416 -0.9982174 0.007152497 0.05925416 -0.9982174 0.2860201 0.03997129 -0.9573897 0.7164093 0.0137028 -0.6975458 0.7164323 0.01369589 -0.6975223 0.854187 4.91858e-4 -0.5199658 0.8541992 4.91046e-4 -0.5199456 -0.1876188 0.2037481 0.9608777 0.6537675 0.536352 0.533774 -0.1876367 0.2037767 0.9608682 0.6537676 0.5363529 0.533773 0.8297635 0.3519123 -0.4331863 0.8297644 0.3519111 -0.4331853 0.1885009 -0.2007846 -0.9613288 0.1884973 -0.2007792 -0.9613306 -0.6537661 -0.5363528 -0.5337749 -0.6537698 -0.5363507 -0.5337725 -0.8256831 -0.346786 0.4449573 -0.8256843 -0.3467858 0.4449551 0.7403925 0.6710386 0.03906947 0.8708436 0.4905923 0.03083646 0.8708412 0.4905965 0.03083652 0.7404015 0.6710286 0.03906935 0.3149148 0.9477946 0.05014199 0.314914 0.9477955 0.05013096 0.03024572 0.9977704 0.05949312 0.03024595 0.9977705 0.05949163 -0.07464766 -0.3109703 0.9474837 0.1778278 -0.9574045 0.2274948 -0.07464843 -0.3109714 0.9474833 0.177829 -0.9574037 0.2274978 0.2709545 -0.6506927 -0.7093538 0.2709547 -0.6506913 -0.709355 0.07464998 0.3109714 -0.9474831 0.0746501 0.310971 -0.9474833 -0.1580385 0.9666103 -0.201714 -0.1580235 0.9666168 -0.2016946 -0.2524753 0.6464341 0.7199857 -0.2524742 0.646435 0.7199851 0.3408442 -0.4538632 -0.8233065 -0.1730682 0.399077 -0.9004359 0.340892 -0.4538767 -0.8232792 -0.1730272 0.3990404 -0.9004601 -0.5124161 0.8558879 -0.06989753 -0.5124166 0.8558875 -0.06989955 -0.3165925 0.4589292 0.8301525 -0.3165925 0.4589302 0.830152 0.190348 -0.3834682 0.9037255 0.1903468 -0.3834699 0.903725 0.5124163 -0.855888 0.06989574 0.5124159 -0.8558883 0.06989431 -0.999517 0.03061556 -0.00534296 -0.9995169 0.03061974 -0.005342662 -0.9995169 0.03061825 -0.005343317 -0.9995169 0.0306192 -0.005342543 -0.9995169 0.03061717 -0.005343914 -0.999517 0.03061515 -0.005343377 -0.999517 0.03061455 -0.005343019 -0.999517 0.03061735 -0.005341947 -0.9995169 0.03061842 -0.005343198 -0.9995169 0.03061711 -0.005342006 -0.999517 0.03061693 -0.005343317 -0.999517 0.03061544 -0.005343914 -0.09869307 -0.9150043 0.3911867 -0.09869366 -0.9150043 0.3911865 -0.09869337 -0.9150043 0.3911863 -0.09869331 -0.9150041 0.3911868 -0.09869295 -0.915004 0.3911871 -0.09869313 -0.915004 0.3911874 -0.007233083 -0.7730399 -0.6343163 -0.8662396 -0.3331996 -0.3722997 -0.007234334 -0.7730399 -0.6343161 -0.8662387 -0.333201 -0.3723005 -0.8590057 0.4398381 0.2620148 -0.8590039 0.4398416 0.262015 0.007232904 0.7730398 0.6343165 0.007234752 0.7730414 0.6343145 0.8662402 0.3331981 0.3722995 0.8662394 0.3331985 0.3723011 0.8590041 -0.43984 -0.2620167 0.8590051 -0.439839 -0.2620155 0.09180909 0.9136336 -0.3960362 0.09180837 0.9136337 -0.3960366 0.09181123 0.9136358 -0.396031 0.09180766 0.9136322 -0.39604 0.09180837 0.9136322 -0.3960396 0.09180974 0.9136345 -0.3960342 0.3064717 0.2415611 -0.920719 0.1348542 -0.7200669 -0.6806748 0.3064718 0.2415637 -0.9207182 0.1348582 -0.7200652 -0.6806757 -0.1558639 -0.9582369 0.2397679 -0.1558632 -0.9582365 0.2397696 -0.3064705 -0.2415615 0.9207193 -0.3064714 -0.2415629 0.9207186 -0.1492275 0.7100238 0.6881842 -0.1492311 0.7100377 0.688169 0.1558643 0.9582369 -0.2397678 0.1558647 0.9582368 -0.2397679 -0.8919904 0.2586003 0.3707816 -0.03071099 0.4208178 0.9066252 -0.03072577 0.4207853 0.9066399 -0.8919917 0.2585992 0.3707794 -0.8420314 -0.1410763 -0.5206541 -0.8420321 -0.1410756 -0.5206531 0.01477962 -0.4218161 -0.906561 0.014795 -0.4218036 -0.9065666 0.8924593 -0.2500634 -0.3754792 0.892458 -0.2500638 -0.3754822 0.8420322 0.1410766 0.5206526 0.8420321 0.1410762 0.5206529 0.999517 -0.03061622 0.005344867 0.9995167 -0.03062564 0.005346775 0.999517 -0.03061288 0.005343317 0.999517 -0.03061616 0.005347132 0.999517 -0.03061556 0.005344212 0.999517 -0.03061908 0.005320131 0.9995167 -0.03062254 0.005343854 0.999517 -0.03061312 0.005343139 0.9995171 -0.03061455 0.005345106 0.999517 -0.0306158 0.005347251 0.9995169 -0.03061753 0.005346894 0.999517 -0.03061634 0.005345284 0.9995168 -0.030622 0.005339264 0.999517 -0.03061646 0.005341172 0.03038418 0.9262455 -0.3756945 0.01755738 0.4143887 -0.9099307 0.03038746 0.9262457 -0.3756936 0.01755082 0.414393 -0.9099288 -0.004117608 -0.3011168 -0.9535784 -0.004112243 -0.3011173 -0.9535783 -0.03287994 -0.8935679 -0.4477224 -0.03287416 -0.8935698 -0.447719 -0.03058922 -0.9386314 0.343563 -0.03058147 -0.9386223 0.3435884 -0.01707738 -0.3974802 0.9174519 -0.01708161 -0.3974858 0.9174494 -0.001066327 0.3075552 0.9515297 -0.001069128 0.307567 0.9515259 0.02462387 0.8848813 0.4651654 0.02462494 0.8848814 0.4651651 -0.01135313 -0.9990255 -0.04265272 -0.01135534 -0.9990254 -0.04265564 -0.01135486 -0.9990254 -0.04265463 -0.01135158 -0.9990256 -0.04265171 -0.01135325 -0.9990254 -0.04265385 -0.01135432 -0.9990254 -0.04265522 -0.01135271 -0.9990255 -0.04265463 -0.01135313 -0.9990254 -0.04265487 -0.01135247 -0.9990254 -0.04265516 -0.01135098 -0.9990257 -0.04264992 -0.01135128 -0.9990255 -0.04265242 -0.01134771 -0.9990257 -0.04265004 -0.01135081 -0.9990255 -0.04265403 -0.01135098 -0.9990255 -0.04265218 -0.01134997 -0.9990255 -0.04265183 -0.01135081 -0.9990255 -0.04265421 -0.01135033 -0.9990257 -0.04265046 -0.01135009 -0.9990257 -0.04264986 -0.01135295 -0.9990255 -0.0426526 -0.01135313 -0.9990255 -0.04265505 -0.0113551 -0.9990254 -0.04265469 -0.01135164 -0.9990255 -0.04265284 0.0918076 0.9136328 -0.3960388 0.09180766 0.9136331 -0.3960381 0.0918067 0.913632 -0.3960407 0.09180629 0.9136335 -0.3960373 0.09180629 0.9136332 -0.3960379 0.091811 0.9136319 -0.3960398 -0.8919889 0.2585996 0.3707858 -0.03070974 0.4208194 0.9066245 -0.030712 0.4208192 0.9066246 -0.8919897 0.2585991 0.3707845 -0.84203 -0.1410771 -0.5206562 -0.8420304 -0.1410775 -0.5206556 0.01480638 -0.4217906 -0.9065724 0.01478964 -0.4218049 -0.9065661 0.8924695 -0.2500536 -0.3754617 0.8924689 -0.2500544 -0.3754626 0.8420305 0.1410773 0.5206552 0.8420325 0.1410768 0.5206522 -0.03070098 0.4207863 0.9066402 -0.03070074 0.4207861 0.9066403 -0.030703 0.420789 0.9066389 -0.03070163 0.420787 0.9066398 -0.03070205 0.420787 0.9066398 -0.03069722 0.4207825 0.9066421 0.003845751 -0.0488308 -0.9987998 0.7044012 -0.0876218 -0.7043731 0.7043994 -0.08759683 -0.7043779 0.003844439 -0.04883414 -0.9987995 -0.7008717 -0.04456412 -0.711894 -0.7008706 -0.04456639 -0.7118948 -0.9969392 -0.07729655 -0.01173162 -0.9969392 -0.07729572 -0.01173925 -0.7109265 -0.1278657 0.6915446 -0.7109242 -0.1278651 0.6915472 -0.01713973 -0.1612333 0.9867675 -0.017156 -0.1612203 0.9867694 0.7163476 -0.166809 0.6775108 0.716348 -0.1668248 0.6775065 0.01480305 -0.4217967 -0.9065696 0.01476752 -0.4218193 -0.9065597 0.01480138 -0.4217976 -0.9065693 0.01476889 -0.4218185 -0.9065601 0.0148037 -0.4217951 -0.9065703 0.01479351 -0.4218019 -0.9065675 0.227612 0.6454074 -0.729138 -0.2745675 -0.1927352 -0.9420542 -0.2745663 -0.1927337 -0.9420548 0.2276111 0.6454073 -0.7291383 0.5021786 0.8381431 0.2129155 0.5021776 0.8381435 0.2129164 0.2745665 0.1927353 0.9420543 0.2745683 0.1927368 0.9420536 -0.2276096 -0.6454071 0.7291389 -0.2276085 -0.6454086 0.729138 -0.5021771 -0.8381442 -0.2129148 -0.502176 -0.8381444 -0.2129166 0.4328759 0.8141285 -0.387057 0.9973094 0.0730521 0.006129205 0.9973098 0.07304328 0.006151378 0.4328756 0.8141373 -0.3870393 -0.5629357 0.7346999 -0.3785758 -0.5629347 0.7346823 -0.3786113 -0.9969393 -0.07729381 -0.01173609 -0.9969395 -0.07729423 -0.01172393 -0.4335397 -0.824436 0.3637977 -0.4335419 -0.8244362 0.3637945 0.5633209 -0.7456907 0.3558299 0.5633234 -0.7456877 0.3558324 0.9518752 -0.08085936 0.2956275 0.9518756 -0.08085817 0.2956263 0.9518745 -0.08085906 0.2956296 0.9518755 -0.08085834 0.2956265 0.9518751 -0.0808596 0.2956277 0.9518749 -0.08086168 0.2956275 0.01476663 -0.4218201 -0.9065594 0.01480525 -0.4217948 -0.9065705 0.01480579 -0.4217951 -0.9065704 0.01480412 -0.4217949 -0.9065704 0.01476579 -0.4218206 -0.9065592 0.01476913 -0.421818 -0.9065604 -0.08827579 -0.6313623 0.7704473 -0.08827525 -0.6313615 0.7704482 -0.08827537 -0.6313607 0.7704487 -0.08827555 -0.6313629 0.7704468 -0.08827608 -0.6313637 0.7704462 -0.0882768 -0.6313627 0.7704468 0.4328749 0.8141227 -0.3870706 0.9973089 0.07305848 0.006116449 0.9973098 0.07304513 0.006145715 0.4328767 0.8141375 -0.3870373 -0.5629353 0.73469 -0.3785954 -0.5629343 0.7346823 -0.378612 -0.9969393 -0.07729107 -0.01176059 -0.9969394 -0.07729464 -0.01171827 -0.4335407 -0.8244362 0.3637959 -0.4335425 -0.8244351 0.3637964 0.5633223 -0.7456926 0.3558236 0.5633202 -0.7456943 0.3558235 -0.8662386 -0.3332001 -0.3723016 -0.007233679 -0.7730401 -0.634316 -0.007234156 -0.7730392 -0.6343171 -0.8662385 -0.3332003 -0.3723016 -0.8590043 0.4398414 0.2620137 -0.8590033 0.4398435 0.2620138 0.00723505 0.773041 0.634315 0.007235765 0.7730397 0.6343165 0.8662386 0.3332046 0.3722976 0.8662381 0.333205 0.3722984 0.8590034 -0.4398428 -0.2620142 0.8590042 -0.4398416 -0.2620134 0.8685523 -0.4718225 -0.1516593 0.8685763 -0.4717828 -0.151646 0.8685767 -0.4717817 -0.1516461 0.8685762 -0.4717828 -0.1516456 0.8685761 -0.4717829 -0.1516462 0.868575 -0.4717847 -0.1516467 -0.08827543 -0.6313614 0.7704481 -0.08827477 -0.6313599 0.7704493 -0.08827435 -0.6313586 0.7704505 -0.08827608 -0.6313623 0.7704474 -0.08827668 -0.6313637 0.7704461 -0.08827525 -0.6313624 0.7704473 -0.86434 0.4787601 0.1539653 -0.8643397 0.4787601 0.1539664 -0.8643391 0.4787611 0.1539665 -0.8643398 0.47876 0.1539663 -0.8643401 0.4787599 0.1539652 -0.864341 0.4787595 0.153962 0.08118665 0.6354475 -0.7678641 0.08118671 0.6354477 -0.7678639 0.08122539 0.6354255 -0.7678781 0.08122646 0.635425 -0.7678784 0.08118659 0.6354473 -0.7678642 0.08118736 0.635447 -0.7678645 0.2276113 0.6454077 -0.729138 -0.2745644 -0.1927335 -0.9420554 -0.2745661 -0.1927349 -0.9420546 0.2276132 0.6454069 -0.729138 0.5021761 0.838145 0.2129138 0.5021725 0.8381462 0.2129176 0.2745591 0.1927366 0.9420562 0.2745583 0.1927366 0.9420564 -0.2276085 -0.6454092 0.7291374 -0.2276065 -0.6454116 0.7291359 -0.5021782 -0.8381432 -0.2129158 -0.5021788 -0.8381431 -0.2129151 -0.86434 0.4787603 0.1539647 -0.8643396 0.4787608 0.1539651 -0.8643401 0.4787607 0.1539633 -0.8643393 0.4787612 0.1539652 -0.8643397 0.4787607 0.1539649 -0.8643412 0.478758 0.1539651 -0.1730575 0.3990679 -0.9004422 0.3408897 -0.453876 -0.8232806 0.3408917 -0.4538769 -0.8232793 -0.1730579 0.3990684 -0.9004418 -0.5124164 0.8558878 -0.0698983 -0.5124168 0.8558876 -0.06989818 -0.3166091 0.4589225 0.83015 -0.3166131 0.4589217 0.8301489 0.1903368 -0.3834874 0.9037197 0.190335 -0.3834872 0.9037202 0.5124166 -0.8558875 0.06989872 0.5124166 -0.8558876 0.06989753 -0.9824341 -0.1866078 8.44033e-4 -0.9824427 -0.1865625 8.4005e-4 -0.9824341 -0.1866081 8.44164e-4 -0.9824341 -0.186608 8.43832e-4 -0.9824345 -0.1866064 8.43682e-4 -0.9824342 -0.1866077 8.43671e-4 -0.8540416 -0.516425 -0.06259626 -0.8540414 -0.5164255 -0.06259542 -0.8540388 -0.5164297 -0.06259387 -0.8540431 -0.5164227 -0.06259477 -0.8540434 -0.5164223 -0.0625956 -0.8540413 -0.5164247 -0.06260156 0.9785159 0.2058248 -0.01195007 0.9785157 0.2058258 -0.01195108 0.9785158 0.2058255 -0.01195096 0.9785159 0.2058246 -0.01195126 0.9785161 0.205824 -0.0119493 0.9785164 0.2058223 -0.01195228 -0.8540423 -0.5164236 -0.06259793 -0.8540428 -0.5164227 -0.06259763 -0.8540405 -0.5164266 -0.06259864 -0.8540427 -0.5164229 -0.06259763 -0.8540422 -0.5164239 -0.06259787 -0.8540434 -0.5164219 -0.06259787 0.9785162 0.2058236 -0.01195245 0.978516 0.2058247 -0.01195001 0.978515 0.2058292 -0.01195138 0.9785163 0.2058227 -0.01194864 0.9785165 0.2058219 -0.01195001 0.9785161 0.2058241 -0.01195007 0.8362721 0.5453703 0.05674713 0.8362709 0.5453725 0.05674523 0.8362718 0.5453711 0.05674457 0.8362712 0.5453718 0.0567457 0.8362727 0.5453696 0.0567466 0.836275 0.5453658 0.05674809 0.09159427 -0.5064305 -0.8574023 -0.08662635 0.4774105 -0.8744 -0.08662629 0.4774113 -0.8743994 0.09159338 -0.5064299 -0.8574028 0.178222 -0.9838436 0.01699578 0.1782218 -0.9838436 0.01699656 0.08662682 -0.4774116 0.8743993 0.0866273 -0.4774088 0.8744006 -0.09159499 0.5064321 0.8574013 -0.09159386 0.5064334 0.8574006 -0.1553905 0.986987 -0.04135817 -0.1553927 0.9869866 -0.04135966 0.177828 -0.9574043 0.2274957 -0.07465231 -0.3109707 0.9474832 -0.07465165 -0.3109724 0.9474827 0.1778294 -0.9574036 0.2274974 0.2709499 -0.6506906 -0.7093575 0.2709518 -0.6506904 -0.7093569 0.07464981 0.3109724 -0.9474828 0.0746538 0.3109708 -0.947483 -0.1580448 0.9666076 -0.2017217 -0.1580254 0.9666157 -0.2016983 -0.2524783 0.646434 0.7199847 -0.2524774 0.6464342 0.7199848 -0.9680608 -0.2043221 -0.1452955 -0.9680609 -0.2043214 -0.1452959 -0.9680501 -0.2043691 -0.1453006 -0.9680504 -0.2043681 -0.1453003 -0.9680608 -0.2043222 -0.1452957 -0.9680502 -0.2043692 -0.1453006 -0.1580607 0.9666075 -0.2017102 -0.1580601 0.9666075 -0.2017102 -0.1580591 0.9666076 -0.2017104 -0.1580607 0.9666075 -0.2017099 -0.1580613 0.9666074 -0.2017096 -0.1580625 0.966607 -0.2017104 0.9678506 0.2090439 0.1398785 0.9678505 0.2090439 0.1398788 0.9678507 0.2090432 0.1398789 0.9678506 0.2090435 0.1398791 0.9678507 0.2090436 0.1398786 0.9678506 0.2090432 0.1398786 0.1496818 -0.968079 0.2010431 0.1496831 -0.9680786 0.2010443 0.1496808 -0.9680793 0.2010422 0.1496821 -0.9680789 0.2010439 0.1496807 -0.9680793 0.2010427 0.1496821 -0.9680791 0.2010427 -0.9680504 -0.2043684 -0.1453 -0.9680505 -0.2043672 -0.1453002 -0.9680497 -0.2043703 -0.1453013 -0.9680507 -0.2043671 -0.1453005 -0.9680503 -0.2043682 -0.1453006 -0.9680501 -0.2043688 -0.1453012 -0.3686098 -0.2244047 -0.9020917 0.6348864 -0.06177341 -0.770132 0.6348879 -0.06177407 -0.7701307 -0.36862 -0.2243992 -0.9020888 -0.9680467 -0.2043828 -0.1453037 -0.9680423 -0.2044019 -0.1453067 -0.6348863 0.06177055 0.7701323 -0.6348849 0.06177031 0.7701335 0.3389762 0.241257 0.909335 0.3389756 0.2412579 0.9093351 0.9678466 0.2090504 0.1398962 0.967848 0.2090451 0.1398949 0.1496806 -0.968079 0.2010445 0.1496821 -0.9680787 0.2010445 0.1496753 -0.9680801 0.201043 0.1496828 -0.9680782 0.2010467 0.1496813 -0.9680784 0.2010466 0.1496817 -0.9680794 0.2010418 0.6537704 0.53635 0.5337726 -0.1876233 0.2037537 0.9608757 -0.1876343 0.2037732 0.9608694 0.6537691 0.5363495 0.5337744 0.8297646 0.3519142 -0.4331826 0.8297646 0.3519132 -0.4331837 0.1884955 -0.2007779 -0.9613312 0.1884958 -0.2007782 -0.9613311 -0.6537684 -0.5363532 -0.5337717 -0.6537662 -0.5363529 -0.5337747 -0.8256832 -0.3467856 0.4449573 -0.8256811 -0.3467832 0.444963 -0.7004243 0.02726042 0.713206 -0.7004245 0.02725952 0.7132058 -0.700424 0.02726048 0.7132064 -0.7004237 0.02726 0.7132065 -0.7004236 0.02726107 0.7132066 -0.7004243 0.02725929 0.7132059 0.4851824 -0.8384374 0.248235 0.4851818 -0.8384379 0.2482352 0.4851831 -0.8384367 0.2482362 0.4851822 -0.8384382 0.2482333 0.4851828 -0.8384379 0.2482331 0.4851822 -0.838437 0.2482373 0.7049384 -0.02140527 -0.7089455 0.7049384 -0.02140527 -0.7089455 0.704934 -0.02140462 -0.7089499 0.7049391 -0.02140533 -0.7089448 0.7049391 -0.02140539 -0.7089448 0.7049414 -0.02140581 -0.7089425 -0.4782474 0.8411812 -0.2523762 -0.478248 0.841181 -0.2523759 -0.4782482 0.8411809 -0.2523757 -0.4782469 0.8411812 -0.252377 -0.4782462 0.8411816 -0.2523773 -0.4782477 0.8411809 -0.2523764 0.7049366 -0.02140516 -0.7089473 0.7049376 -0.02140402 -0.7089464 0.7049356 -0.02140134 -0.7089484 0.704937 -0.02140617 -0.7089469 0.7049359 -0.02140736 -0.7089479 0.7049366 -0.02140688 -0.7089472 0.4851831 -0.8384375 0.2482339 0.4851802 -0.8384388 0.2482349 0.4851824 -0.8384384 0.2482323 0.4851818 -0.8384379 0.2482348 0.4851847 -0.8384366 0.2482337 0.4851862 -0.8384357 0.2482336 0.8598439 0.4503197 0.2405838 0.8598443 0.4503196 0.2405828 0.8598434 0.4503201 0.2405851 0.8598439 0.4503202 0.2405833 0.8598439 0.4503196 0.2405844 0.8598287 0.4503251 0.2406282 0.3284187 0.9017889 -0.2809235 0.3284183 0.901789 -0.2809236 0.328419 0.9017885 -0.2809247 0.3284183 0.9017891 -0.2809231 0.3284187 0.9017891 -0.2809231 0.3284195 0.9017888 -0.2809231 -0.8571187 -0.4511446 -0.2486285 -0.8571191 -0.4511439 -0.2486284 -0.8571217 -0.4511401 -0.2486267 -0.8571179 -0.4511455 -0.2486296 -0.8571175 -0.4511463 -0.2486296 -0.8571175 -0.4511473 -0.2486281 -0.3219188 -0.9024042 0.2864175 -0.3219191 -0.902404 0.2864182 -0.3219177 -0.9024044 0.2864184 -0.3219187 -0.9024042 0.2864177 -0.3219189 -0.9024043 0.2864176 -0.3219202 -0.9024041 0.2864163 0.5031294 -0.8367289 -0.2162079 0.1558752 -0.6871868 0.7095612 0.155875 -0.6871846 0.7095635 0.5031295 -0.8367273 -0.2162136 0.3472521 -0.1495397 -0.9257721 0.3472539 -0.1495401 -0.9257713 -0.1558784 0.6871864 -0.709561 -0.1558812 0.6871878 -0.7095591 -0.4928526 0.84248 0.2175408 -0.4928734 0.8424683 0.2175385 -0.3472541 0.1495421 0.9257709 -0.3472514 0.1495423 0.9257718 -0.8571196 -0.451143 -0.2486281 -0.8571195 -0.4511427 -0.2486293 -0.8571206 -0.4511411 -0.2486283 -0.8571195 -0.4511426 -0.2486294 -0.8571196 -0.4511429 -0.2486283 -0.857119 -0.4511457 -0.2486255 0.8408228 -0.414624 -0.348 0.04776149 -0.3128956 -0.9485859 0.04776161 -0.3128966 -0.9485856 0.8408234 -0.4146236 -0.347999 0.7930606 -0.1017282 0.6005883 0.7930613 -0.1017297 0.6005871 -0.04639804 0.3279185 0.9435659 -0.04639804 0.3279208 0.9435651 -0.8408234 0.4146236 0.3479989 -0.8408243 0.4146235 0.3479971 -0.7930614 0.1017274 -0.6005874 -0.7930608 0.1017262 -0.6005883 0.3284178 0.90179 -0.2809211 0.3284192 0.9017897 -0.2809206 0.3284161 0.9017915 -0.2809183 0.3284195 0.9017889 -0.2809227 0.3284181 0.9017893 -0.2809231 0.3284162 0.9017906 -0.2809209 -0.9322403 0.2294977 0.2797481 -0.932241 0.2294964 0.2797471 -0.93224 0.2294936 0.2797526 -0.9322406 0.229498 0.2797462 -0.9322406 0.2294979 0.2797467 -0.9322409 0.2294979 0.2797459 0.4489201 0.6961652 -0.5602007 0.1489125 -0.1626892 -0.9753755 0.1489135 -0.1626892 -0.9753754 0.4489191 0.6961653 -0.5602014 0.3000059 0.8588523 0.415174 0.3000057 0.8588528 0.4151729 -0.1489114 0.1626902 0.9753755 -0.1489065 0.1626904 0.9753762 -0.4489135 -0.696166 0.5602051 -0.4489111 -0.6961674 0.5602053 -0.3000109 -0.8588506 -0.4151736 -0.3000122 -0.8588508 -0.4151725 0.9356557 -0.2182816 -0.2773118 0.9356557 -0.2182813 -0.277312 0.9356557 -0.2182798 -0.2773126 0.935656 -0.2182802 -0.2773116 0.9356561 -0.2182797 -0.2773116 0.9356558 -0.2182796 -0.2773125 -0.8893031 0.4092786 -0.2040367 -0.8893031 0.409279 -0.2040362 -0.8893052 0.4092755 -0.204034 -0.8893015 0.4092817 -0.2040384 -0.8893014 0.4092814 -0.2040389 -0.8893045 0.4092761 -0.204036 0.9356561 -0.2182794 -0.277312 0.935656 -0.2182798 -0.2773116 0.9356552 -0.2182818 -0.2773128 0.9356557 -0.2182807 -0.2773121 0.9356558 -0.2182797 -0.2773127 0.9356565 -0.2182805 -0.2773096 0.8916283 -0.4021554 0.2080151 0.891641 -0.4021158 0.2080371 0.8916402 -0.4021179 0.2080366 0.8916279 -0.402156 0.2080153 0.8916283 -0.4021552 0.2080155 0.8916292 -0.402152 0.2080172 -0.8893025 0.4092796 -0.2040376 -0.8893043 0.4092758 -0.2040371 -0.8893036 0.4092771 -0.2040374 -0.8893033 0.4092776 -0.2040379 -0.8893015 0.4092813 -0.2040385 -0.8892996 0.409286 -0.2040373 -0.2524757 0.6464344 0.7199852 -0.07464993 -0.3109698 0.9474837 0.001009583 -0.2932938 0.9560219 0.1274576 0.6796005 0.722425 0.2826418 -0.2352723 0.929925 0.6393066 -0.0908941 0.763561 -0.1758632 0.6612541 0.7292566 -0.1580438 0.9666078 -0.2017216 0.808687 -0.5254886 0.264362 0.5265306 -0.8075512 0.2657569 0.2531394 -0.937623 0.2382932 0.3274475 -0.627644 -0.7062869 0.1778265 -0.9574038 0.2274989 0.2709392 -0.6506882 -0.7093636 0.1499328 0.3267624 -0.933138 0.07464987 0.3109696 -0.9474838 -0.1017008 0.9712279 -0.2153446 0.1967158 0.9679476 -0.1561421 0.4999811 0.6225294 0.6020598 0.4258251 0.63296 0.646556 0.5594131 -0.1027337 0.822498 0.9678432 0.2090562 0.1399111 0.430832 0.3685351 -0.8237511 0.7373349 0.370157 -0.565085 0.5593053 0.8269948 -0.0570715 0.4975879 0.8626208 -0.09105944 0.6783304 0.3720813 -0.6335798 0.8620346 -0.3047772 -0.404978 0.5956978 -0.5192325 -0.6128147 0.8137369 -0.3560754 -0.4593937 0.7534613 -0.6000574 0.2687512 0.1348918 -0.7200589 -0.6806758 0.2312431 0.2471367 -0.9409836 0.3064693 0.2415619 -0.9207196 -0.7968351 -0.6011103 -0.06099295 -0.8907849 -0.113927 0.4399124 -0.8368296 -0.1148703 0.5352767 -0.7319621 0.5948848 0.3321802 -0.9533011 0.07286477 -0.2931004 -0.4908832 0.7868668 -0.3739977 -0.3721054 0.2372801 -0.8973494 -0.4564563 0.2279751 -0.8600437 -0.5629407 0.7346903 -0.378587 -0.2118882 0.9188043 -0.3330197 -0.496056 0.694818 0.5207267 -0.2248011 0.7208085 0.6556673 -0.3799856 -0.2344969 0.8947749 -0.1492255 0.7100144 0.6881943 -0.3064714 -0.2415628 0.9207186 -0.1558644 -0.9582372 0.2397662 -0.2298238 -0.9489791 0.2159157 0.07559704 -0.7081413 -0.7020121 -0.7810223 0.5627861 0.2706959 -0.2167331 -0.6342716 -0.7421094 -0.4993837 -0.8564838 0.1305822 -0.6405521 -0.1937188 0.7430788 -0.07210433 0.2553451 -0.9641576 -0.5666475 -0.4495471 -0.6905202 -0.4918089 -0.4997985 -0.7129695 -0.7315326 -0.6817952 -0.003915071 0.1558645 0.9582368 -0.2397681 0.08100008 0.9616257 -0.2621356 -0.8151521 -0.4729174 -0.3344793 -0.038405 -0.9301254 -0.3652286 -0.6595765 -0.7465302 -0.08747285 -0.745389 -0.3970425 0.5354928 -0.6880837 -0.4625086 0.5591304 -0.8368364 -0.1148562 0.5352692 -0.8529467 -0.199273 -0.4824647 0.02636039 -0.4803862 -0.8766608 0.0112012 -0.6935841 -0.7202886 0.782862 -0.5828725 -0.2176854 0.5563696 -0.8309326 0.002017915 0.74641 -0.2112597 0.6310638 0.5128203 -0.5361492 0.6704921 0.8714612 -0.3304123 -0.3624683 -0.04639685 0.3279361 0.9435599 -0.07083922 0.02953439 0.9970504 -0.092736 -0.3627653 0.9272548 0.5868235 -0.4776721 0.65381 0.6168 -0.784479 -0.06442582 -0.03292036 -0.8935624 -0.4477304 -0.7030209 -0.6959259 -0.1464543 -0.09866797 -0.9149982 0.391207 -0.08913463 -0.2751264 0.9572672 -0.8858419 0.1872527 0.4245243 -0.8919863 0.2586005 0.3707914 -0.03072506 0.4207857 0.9066396 -0.8420292 -0.1410785 -0.5206572 0.01481217 -0.421788 -0.9065735 0.8924574 -0.2500657 -0.3754826 0.8322465 0.06903743 0.5500906 0.8420317 0.1410776 0.5206533 -0.4162303 0.8200418 0.3927899 -0.4500981 0.8366693 0.3120839 0.3175715 0.8992508 0.3008262 0.288504 0.8762255 0.3859978 0.3924615 0.9197628 0.003218591 -0.5318873 0.8467484 0.01063126 0.430192 0.8545088 -0.2911181 -0.5635887 0.7758863 -0.2834931 0.4328752 0.8141193 -0.3870772 -0.5629339 0.734687 -0.3786032 -0.9957907 -0.0459637 0.07929992 -0.9969394 -0.0772956 -0.01171982 -0.4335393 -0.8244363 0.3637973 0.9973087 0.0730642 0.006100654 0.9918228 0.1109151 0.06312996 0.9147952 0.2283217 0.3331953 0.6867954 0.3489775 0.6375946 0.7507736 0.3257126 0.5746742 -0.0307067 0.4208043 0.9066316 -0.7621039 0.2304843 0.6050412 -0.7041448 0.2427702 0.6672651 -0.9339047 0.08226686 0.3479286 -0.4342038 -0.7893924 0.4339663 0.5456799 -0.7198705 0.4289754 0.5633265 -0.74569 0.3558228 0.5128059 -0.5361652 0.6704902 0.3802639 -0.2339208 0.8948075 0.4161763 -0.3057516 0.8563373 -0.3524639 -0.3583877 0.864481 -0.3238556 -0.2874723 0.9013752 -0.4115443 -0.6091505 0.6779137 0.7721749 0.1177464 -0.6244051 0.9429463 0.3226981 0.08196556 0.7272446 0.1912969 -0.659182 0.9665982 0.252867 0.04178696 0.7892609 0.5979358 0.1397858 0.5346778 0.4192055 -0.7337483 0.5684435 0.7979977 0.2001796 0.2946878 0.6058775 -0.7389666 0.5021771 0.8381438 0.2129155 0.2276094 0.6454072 -0.7291389 -0.2745642 -0.1927353 -0.942055 -0.2061632 -0.2295702 -0.9512068 0.06901633 -0.3579684 -0.9311797 0.4171185 -0.4748224 -0.7749553 0.3408545 -0.4538682 -0.8232995 0.868585 -0.4717681 -0.1516417 0.7648989 -0.1720574 0.6207463 0.3416232 0.1545251 0.9270467 0.2745653 0.1927361 0.9420545 -0.2276121 -0.6454069 0.7291384 0.8065842 -0.2025923 0.5553183 0.578225 -5.41399e-4 0.8158771 0.4523777 -0.7943599 0.405397 0.1125777 -0.7777205 0.6184475 0.2561753 -0.9311679 -0.2594238 -0.1419969 -0.9564371 -0.2550785 -0.4327732 -0.8731414 -0.2243467 -0.5021753 -0.8381443 -0.212918 -0.1594004 -0.6808345 0.7148818 0.3878345 -0.7985309 0.4603616 0.1691715 -0.9499759 -0.2625394 -0.44876 0.3759421 -0.8107293 -0.6310771 -0.4841242 -0.6061069 -0.7570849 0.2114841 -0.6181399 -0.1553829 0.9869879 -0.04136645 -0.08662748 0.4774147 -0.8743974 -0.1636431 0.4619365 -0.8716855 -0.2546038 0.9668972 -0.01693445 -0.5574389 0.8297649 -0.02742731 -0.8218514 0.5695779 -0.01189327 -0.7634838 0.6442227 -0.04549396 -0.762083 0.2304941 0.6050637 -0.7041423 0.2427648 0.6672697 -0.6360067 -0.4640994 0.6165285 -0.5647153 -0.4840047 0.6684581 -0.5824375 -0.8126097 0.02078837 -0.4955117 -0.8684623 0.01554465 -0.557712 -0.5039402 -0.6595465 -0.695051 0.2533177 -0.6728553 -0.9824393 -0.1865804 8.41241e-4 -0.09159404 0.5064314 0.8574019 -0.1683213 0.4909301 0.8547839 -0.4533661 0.4028497 0.7950921 -0.2881084 -0.5094242 0.8108518 -0.2031621 -0.9790173 0.0158227 -0.2834758 -0.5363327 -0.7949773 0.01398915 -0.518873 -0.8547369 0.09159415 -0.5064309 -0.857402 0.1003407 -0.9948086 0.01695817 0.1782206 -0.9838438 0.01699912 0.009387969 -0.4898941 0.8717314 0.08662724 -0.477412 0.874399 -0.9770689 -0.1284608 -0.1698071 -0.3703762 0.1387706 -0.9184576 -0.3496505 -0.1647683 -0.9222776 -0.9590607 0.1960633 -0.2043571 -0.3455076 0.513999 -0.7851303 -0.7937588 0.5586805 -0.2404643 -0.644746 0.419744 0.6388409 -0.6446519 0.1373442 0.7520377 0.2504639 0.6009355 0.7590418 0.3261915 0.3164451 0.8907647 0.3389757 0.2412558 0.9093356 -0.6348875 0.06177061 0.7701314 -0.9680379 -0.2044203 -0.1453104 -0.3686186 -0.2243973 -0.90209 0.6348853 -0.06177109 -0.7701332 0.6212168 0.01421386 -0.7835099 0.5326707 0.305177 -0.7893853 0.343049 0.6409151 -0.6866915 -0.3562562 0.4324707 -0.8282817 -0.842931 0.4847168 -0.2334892 -0.5859588 0.6679426 0.4588081 -0.158032 0.9666121 -0.2017103 0.1563225 0.809624 0.5657494 0.3927472 0.5706924 -0.7211517 0.9678438 0.2090623 0.1398974 0.9591147 0.2548922 0.1229994 0.836275 0.5453659 0.05674827 0.132592 0.8564054 0.4989882 -0.55485 0.7293476 0.4002422 0.5737156 0.8187583 -0.02202576 0.6511899 0.758578 -0.02261376 0.663078 -0.3488507 0.6622921 0.0498988 -0.9806007 0.1895585 0.105362 -0.9852939 0.1345167 -0.5305014 0.7697904 0.3549523 -0.9578275 0.2831526 -0.04889816 -0.700439 0.02723509 0.7131924 -0.8775697 -0.4771772 0.04662162 -0.3778429 -0.7261084 0.5744574 -0.4240063 -0.6815189 0.5964485 -0.8907405 -0.4369919 0.1249775 -0.7885919 -0.5700608 -0.2305504 -0.965207 0.2594798 0.03233546 -0.8727676 0.336826 -0.3533059 -0.3616424 0.9216369 0.1407135 -0.1602072 0.9839474 -0.0786212 0.4999818 0.6225202 0.6020689 -0.1053637 0.9852941 -0.1345151 0.5547482 0.6394565 0.5323061 0.6027011 -0.3430879 0.7204458 -0.1662222 -0.9056127 0.3901742 0.3481827 -0.3126709 0.8837453 -0.6084079 -0.6358005 -0.4749712 -0.7132095 0.346451 -0.6093473 -0.6630849 0.3488574 -0.6622817 -0.5547489 -0.6394578 -0.5323038 -0.03177976 -0.2293913 0.9728154 -0.02875775 0.5056768 0.8622436 0.07057362 -0.252619 0.9649887 -0.1074877 0.4670957 0.8776493 0.2504702 0.6009639 0.7590172 -0.6004264 0.6939801 0.3973408 0.252781 0.9100968 0.328368 0.2835864 0.4037145 0.8698238 0.1711003 0.9317121 0.3203706 0.4328829 0.8141284 -0.3870495 0.8598372 0.4503159 0.2406153 0.497951 0.8039332 -0.3251712 0.176369 0.8061165 -0.5648629 -0.1456109 0.9447812 0.2935746 0.6674597 -0.2408144 0.7046318 0.9344674 -0.3559709 -0.007452189 0.8157964 0.1773135 -0.5504873 0.8519855 0.2139459 -0.4778578 0.6654976 0.02797418 -0.7458755 -0.08799189 0.7205365 -0.6878114 -0.4344188 0.8695065 0.2350293 -0.300952 0.204587 0.9314355 -0.001069962 0.3075793 0.9515219 0.3606021 0.4247644 0.8303862 0.7163428 -0.1668329 0.67751 0.9618621 -0.2725708 0.02294617 0.7874566 -0.6069427 -0.1073904 0.4654631 -0.468281 0.7510373 0.2227195 -0.6496267 0.7268983 -0.3472523 0.1495391 0.925772 -0.492866 0.8424722 0.2175398 -0.1558734 0.6871886 -0.70956 0.4131135 -0.1138612 -0.9035335 0.5686452 -0.7988672 -0.1960969 0.155875 -0.6871888 0.7095595 0.503127 -0.8367289 -0.2162129 0.3472539 -0.1495404 -0.9257713 -0.226679 -0.4308382 0.8734959 -0.8228483 -0.530723 0.2031108 -0.5654799 -0.8183975 0.1022648 -0.5653048 -0.2344071 0.7908754 -0.009024143 0.4704635 0.8823735 0.05738282 -0.5349674 0.8429218 -0.3067128 -0.9517036 0.01369148 -0.7083863 -0.2986397 -0.6395337 -0.9152328 -0.1389768 -0.3781992 -0.7738247 -0.6067054 0.1819452 -0.4872654 -0.2972108 0.82112 -0.3166041 0.4589277 0.8301489 -0.9322376 0.2294885 0.2797641 -0.874432 -0.1804528 -0.4503393 -0.4369299 -0.3993747 -0.8059728 -0.2347123 -0.9720178 -0.009573459 -0.3653661 -0.4179757 -0.8317476 0.130653 -0.5540416 0.8221725 0.360559 0.4248328 0.8303701 0.2915471 0.434021 0.8524236 0.1609895 0.9864088 0.03286761 -0.1301357 0.9842078 0.1199992 -0.4689778 0.5966278 -0.6512258 -0.7492794 0.5482888 -0.3714294 -0.6962407 0.5666797 -0.4405941 -0.4199661 0.8841215 0.2048361 -0.4005647 0.4508223 0.7976887 -0.492851 0.842481 0.2175398 -0.2030842 0.569693 -0.7963711 0.2427286 0.9700822 -0.004841387 -0.1306538 0.55404 -0.8221735 0.1948953 -0.002388775 0.9808213 0.3138247 -0.780911 0.5400851 0.525613 -0.1742658 0.8326839 0.233143 -0.7922109 0.563956 -0.3776758 -0.7261621 0.5744994 -0.07894438 0.1301997 0.98834 -0.08326846 -0.7987672 0.5958501 0.4167684 -0.8966749 -0.1492588 0.34045 -0.9212697 -0.1880314 -0.2294592 -0.8882588 -0.3979257 0.05480867 -0.9496226 -0.308566 0.734192 -0.4044607 -0.5453199 0.6826572 -0.386358 -0.6202473 0.8916332 -0.4021419 0.2080198 0.4586454 -0.134359 0.8784031 0.8414121 0.3167405 0.437837 0.611164 0.6431298 0.4613705 0.3687055 0.8241763 0.4298718 0.8003611 0.3945538 0.4513862 0.4710159 -0.3040798 -0.8280577 0.1884999 -0.2007842 -0.9613291 -0.3000111 -0.858852 -0.4151706 -0.448921 -0.6961621 0.5602039 0.1489108 -0.1626899 -0.9753756 0.9542869 0.1707772 -0.2452992 0.9133571 0.2747145 -0.3005176 0.7492569 0.492263 -0.4430478 0.5173016 0.6619105 -0.5424699 0.3000096 0.8588505 0.4151749 -0.1489117 0.1626871 0.975376 0.4489222 0.6961636 -0.5602009 -0.04639667 0.3279296 0.9435622 -0.8639221 0.3428669 0.3688915 -0.07332527 0.2413394 0.9676666 -0.8408237 0.4146234 0.3479987 -0.793062 0.1017278 -0.6005864 -0.8162906 0.03097903 -0.5768103 0.021847 -0.3826904 -0.9236183 -0.0786888 -0.6278132 -0.7743762 0.04776233 -0.3128951 -0.9485861 -0.8583391 -0.2433067 -0.4517254 -0.1984784 -0.8589593 -0.4720121 -0.9026271 0.04678821 0.427873 -0.194242 -0.03753948 0.9802352 0.764889 -0.1720761 0.6207534 0.7930614 -0.1017282 0.6005874 0.8408249 -0.4146227 -0.3479962 0.8124759 -0.4840738 -0.3248927 0.6566997 -0.7221056 -0.2175064 0.3622556 -0.9308732 -0.0473932 0.4373199 -0.8949277 -0.08863371 0.6124182 -0.4319608 0.662083 0.3956047 -0.6562273 0.642544 -0.3219406 -0.9024013 0.2864023 -0.172761 -0.8167823 -0.5504729 0.3274897 -0.7102022 0.6231881 -0.2435854 -0.3403884 0.9081861 -0.8512032 -0.2661505 0.452346 -0.818835 -0.5006043 -0.2808998 -0.7885974 -0.5700638 -0.2305246 -0.8256816 -0.3467912 0.4449559 -0.2653954 -0.4186118 0.8685215 0.6537711 0.5363519 0.5337697 -0.2239536 0.2350718 0.9458256 -0.1876364 0.2037787 0.9608678 0.6138547 0.6002318 0.5127419 0.78909 0.4166833 -0.4513449 0.8297641 0.3519134 -0.4331841 0.1373561 -0.1180339 -0.9834639 0.188495 -0.2007773 -0.9613315 -0.6537684 -0.5363522 -0.5337727 -0.6897578 -0.4690403 -0.5515753 -0.8653113 -0.2849659 0.4123479 -0.7878814 -0.1833675 -0.587894 -0.9510746 -0.01235091 0.3087145 -0.8048212 0.216104 -0.5527766 -0.9297844 0.3441077 0.1307325 -0.9476572 0.2680474 0.1734833 -0.4450767 0.6775156 0.5855591 -0.4782735 0.8411744 -0.2523494 -0.8090098 0.133577 -0.5724162 -0.1730641 0.3990812 -0.900435 -0.2187156 0.4645851 -0.8580934 -0.01847052 0.1429128 -0.989563 0.5877586 0.6402344 -0.4946109 -0.467541 0.7233234 0.5081424 -0.3448515 0.4849441 0.8036832 -0.8256831 -0.346785 0.4449581 0.2203567 0.8547844 -0.4698792 0.424572 0.8112472 0.4020158 0.1191308 0.9721425 0.2018588 0.1932087 0.948124 0.2524509 0.3236048 0.8072795 -0.493538 -0.2659546 0.4909215 0.829617 0.4853373 -0.1812687 0.8553299 0.0033679 0.6350843 0.7724356 0.794911 -0.6002734 0.08825165 0.629358 -0.2256302 -0.7436395 0.8361842 0.07780104 -0.5429025 0.5777762 -0.81278 0.07458794 0.2447603 -0.3624224 0.8993011 0.1903301 -0.3834965 0.9037173 -0.3166019 0.458926 0.8301508 -0.4456357 0.8936724 -0.05252259 -0.5124171 0.8558875 -0.0698958 -0.1113644 0.4430888 -0.8895338 -0.1730331 0.3990458 -0.9004565 0.399714 -0.4100409 -0.8198142 0.3408932 -0.4538772 -0.8232786 0.5124171 -0.8558876 0.06989485 0.8022576 -0.0177012 -0.5967156 0.9409856 -0.3253261 0.0933234 0.9664796 -0.2448676 0.07718276 0.7311552 0.08142417 0.6773347 0.3692477 0.6855773 0.6274073 -0.1553831 0.9869873 -0.04137861 0.1542127 0.5680051 -0.8084484 0.4777286 0.6508625 -0.5900453 0.4079852 0.6405277 -0.6505939 0.8362863 0.5453484 0.05674988 0.1557005 0.9877437 -0.01095366 0.2907769 0.6810125 0.6720647 0.2427206 0.9700841 -0.004855453 0.685587 0.03019469 0.7273643 -0.7634792 0.6442287 -0.04548531 -0.5500529 0.2108954 -0.8080625 -0.7701834 -0.07257723 -0.6336798 -0.5440828 0.7577366 -0.3602905 0.03975921 0.9531998 0.2997156 0.05027133 0.9950844 -0.08532279 0.6834293 0.6824712 -0.2591479 0.7149389 0.6665313 -0.2111837 0.6697846 0.1354929 -0.7300893 0.8196979 -0.197286 -0.5377485 0.8362841 0.5453502 0.05676442 0.871465 -0.3746907 -0.3164739 0.05810296 0.9982729 -0.008683681 0.8704968 0.3817483 0.3106503 0.8662389 0.3332003 0.3723008 0.8590049 -0.4398392 -0.2620157 -0.00723493 -0.7730401 -0.634316 -3.12283e-4 -0.721326 -0.6925956 0.02634018 -0.4804324 -0.8766362 0.03832894 -0.1019675 -0.9940491 0.7153944 0.06726574 -0.6954755 0.0812301 0.6354668 -0.7678435 -0.6003943 0.7442021 -0.2927285 -0.61021 0.1465415 -0.7785689 0.05056321 -0.1915985 -0.9801701 0.007235288 0.7730399 0.6343162 -0.8566234 -0.2825591 -0.4316906 -0.8662391 -0.3332001 -0.3723002 -0.8494499 0.4879462 0.200857 -0.8590047 0.4398397 0.2620152 0.02229321 0.8259613 0.563286</float_array>
          <technique_common>
            <accessor source="#c_pistol_festivizer-mesh-normals-array" count="2421" stride="3">
              <param name="X" type="float"/>
              <param name="Y" type="float"/>
              <param name="Z" type="float"/>
            </accessor>
          </technique_common>
        </source>
        <source id="c_pistol_festivizer-mesh-map-0">
          <float_array id="c_pistol_festivizer-mesh-map-0-array" count="17136">0.14333 0.356861 0.180056 0.383364 0.14333 0.383364 0.14333 0.356861 0.180056 0.356861 0.180056 0.383364 0.850209 0.669647 0.956672 0.731113 0.885696 0.731113 0.850209 0.669647 0.99216 0.669647 0.956672 0.731113 0.850209 0.669647 0.956672 0.60818 0.99216 0.669647 0.850209 0.669647 0.885696 0.60818 0.956672 0.60818 0.762235 0.647773 0.76426 0.688395 0.762368 0.690547 0.762235 0.647773 0.76492 0.64691 0.76426 0.688395 0.816747 0.645134 0.811669 0.685769 0.814018 0.644248 0.816747 0.645134 0.813782 0.687792 0.811669 0.685769 0.762518 0.62449 0.765485 0.610229 0.765463 0.624782 0.762518 0.62449 0.762813 0.609453 0.765485 0.610229 0.816348 0.606806 0.813798 0.622039 0.813556 0.60743 0.816348 0.606806 0.816841 0.621877 0.813798 0.622039 0.788203 0.689163 0.811669 0.685769 0.813782 0.687792 0.788203 0.689163 0.788083 0.687075 0.811669 0.685769 0.789401 0.561517 0.812805 0.562201 0.789297 0.563681 0.789401 0.561517 0.814823 0.560147 0.812805 0.562201 0.816348 0.606806 0.812805 0.562201 0.814823 0.560147 0.816348 0.606806 0.813556 0.60743 0.812805 0.562201 0.763725 0.5629 0.789297 0.563681 0.765553 0.565176 0.763725 0.5629 0.789401 0.561517 0.789297 0.563681 0.762813 0.609453 0.765553 0.565176 0.765485 0.610229 0.762813 0.609453 0.763725 0.5629 0.765553 0.565176 0.816841 0.621877 0.814018 0.644248 0.813798 0.622039 0.816841 0.621877 0.816747 0.645134 0.814018 0.644248 0.762368 0.690547 0.788083 0.687075 0.788203 0.689163 0.762368 0.690547 0.76426 0.688395 0.788083 0.687075 0.762235 0.647773 0.765463 0.624782 0.76492 0.64691 0.762235 0.647773 0.762518 0.62449 0.765463 0.624782 0.789591 0.645572 0.76492 0.64691 0.765463 0.624782 0.76426 0.688395 0.76492 0.64691 0.789591 0.645572 0.76426 0.688395 0.789591 0.645572 0.788083 0.687075 0.789591 0.645572 0.811669 0.685769 0.788083 0.687075 0.789591 0.645572 0.814018 0.644248 0.811669 0.685769 0.813798 0.622039 0.814018 0.644248 0.789591 0.645572 0.813798 0.622039 0.789591 0.645572 0.789751 0.623404 0.78964 0.608823 0.813798 0.622039 0.789751 0.623404 0.765485 0.610229 0.78964 0.608823 0.789751 0.623404 0.765553 0.565176 0.78964 0.608823 0.765485 0.610229 0.765553 0.565176 0.789297 0.563681 0.78964 0.608823 0.789297 0.563681 0.813556 0.60743 0.78964 0.608823 0.789297 0.563681 0.812805 0.562201 0.813556 0.60743 0.789591 0.645572 0.765463 0.624782 0.789751 0.623404 0.765485 0.610229 0.789751 0.623404 0.765463 0.624782 0.78964 0.608823 0.813556 0.60743 0.813798 0.622039 0.956672 0.41944 0.850209 0.480906 0.885696 0.41944 0.956672 0.41944 0.885696 0.542373 0.850209 0.480906 0.956672 0.41944 0.956672 0.542373 0.885696 0.542373 0.956672 0.41944 0.99216 0.480906 0.956672 0.542373 0.812062 0.645957 0.807485 0.627334 0.809301 0.62665 0.812062 0.645957 0.810549 0.647212 0.807485 0.627334 0.762675 0.645717 0.760632 0.62904 0.764486 0.646584 0.762675 0.645717 0.758725 0.62848 0.760632 0.62904 0.808503 0.600853 0.807485 0.627334 0.806599 0.601589 0.808503 0.600853 0.809301 0.62665 0.807485 0.627334 0.758725 0.62848 0.761835 0.606708 0.760632 0.62904 0.758725 0.62848 0.759766 0.606727 0.761835 0.606708 0.759766 0.606727 0.754854 0.565398 0.761835 0.606708 0.759766 0.606727 0.753254 0.564161 0.754854 0.565398 0.808503 0.600853 0.79684 0.557697 0.797771 0.555854 0.808503 0.600853 0.806599 0.601589 0.79684 0.557697 0.812031 0.701169 0.766877 0.702728 0.810946 0.699515 0.812031 0.701169 0.765631 0.704416 0.766877 0.702728 0.797771 0.555854 0.754854 0.565398 0.753254 0.564161 0.797771 0.555854 0.79684 0.557697 0.754854 0.565398 0.762675 0.645717 0.76488 0.653575 0.762915 0.654118 0.762675 0.645717 0.764486 0.646584 0.76488 0.653575 0.812062 0.645957 0.810998 0.655427 0.810549 0.647212 0.812062 0.645957 0.81287 0.656041 0.810998 0.655427 0.81287 0.656041 0.810173 0.678532 0.810998 0.655427 0.81287 0.656041 0.81205 0.679233 0.810173 0.678532 0.812031 0.701169 0.810173 0.678532 0.81205 0.679233 0.812031 0.701169 0.810946 0.699515 0.810173 0.678532 0.873329 0.551882 0.849402 0.599098 0.849402 0.551882 0.873329 0.551882 0.873329 0.599098 0.849402 0.599098 0.873329 0.551882 0.897257 0.599098 0.873329 0.599098 0.873329 0.551882 0.897257 0.551882 0.897257 0.599098 0.921184 0.551882 0.897257 0.599098 0.897257 0.551882 0.921184 0.551882 0.921184 0.599098 0.897257 0.599098 0.921184 0.551882 0.945112 0.599098 0.921184 0.599098 0.921184 0.551882 0.945112 0.551882 0.945112 0.599098 0.945112 0.551882 0.969039 0.599098 0.945112 0.599098 0.945112 0.551882 0.969039 0.551882 0.969039 0.599098 0.992967 0.551882 0.969039 0.599098 0.969039 0.551882 0.992967 0.551882 0.992967 0.599098 0.969039 0.599098 0.761026 0.679681 0.766877 0.702728 0.765631 0.704416 0.761026 0.679681 0.762931 0.67899 0.766877 0.702728 0.762915 0.654118 0.762931 0.67899 0.761026 0.679681 0.762915 0.654118 0.76488 0.653575 0.762931 0.67899 0.806599 0.601589 0.754854 0.565398 0.79684 0.557697 0.806599 0.601589 0.761835 0.606708 0.754854 0.565398 0.807485 0.627334 0.761835 0.606708 0.806599 0.601589 0.807485 0.627334 0.760632 0.62904 0.761835 0.606708 0.810549 0.647212 0.760632 0.62904 0.807485 0.627334 0.810549 0.647212 0.764486 0.646584 0.760632 0.62904 0.810998 0.655427 0.764486 0.646584 0.810549 0.647212 0.810998 0.655427 0.76488 0.653575 0.764486 0.646584 0.810173 0.678532 0.76488 0.653575 0.810998 0.655427 0.810173 0.678532 0.762931 0.67899 0.76488 0.653575 0.810946 0.699515 0.762931 0.67899 0.810173 0.678532 0.810946 0.699515 0.766877 0.702728 0.762931 0.67899 0.761026 0.679681 0.766877 0.702728 0.765631 0.704416 0.761026 0.679681 0.762931 0.67899 0.766877 0.702728 0.762915 0.654118 0.762931 0.67899 0.761026 0.679681 0.762915 0.654118 0.76488 0.653575 0.762931 0.67899 0.762675 0.645717 0.76488 0.653575 0.762915 0.654118 0.762675 0.645717 0.764486 0.646584 0.76488 0.653575 0.762675 0.645717 0.760632 0.62904 0.764486 0.646584 0.762675 0.645717 0.758725 0.62848 0.760632 0.62904 0.758725 0.62848 0.761835 0.606708 0.760632 0.62904 0.758725 0.62848 0.759766 0.606727 0.761835 0.606708 0.759766 0.606727 0.754854 0.565398 0.761835 0.606708 0.759766 0.606727 0.753254 0.564161 0.754854 0.565398 0.809301 0.62665 0.810549 0.647212 0.807485 0.627334 0.809301 0.62665 0.812062 0.645957 0.810549 0.647212 0.808503 0.600853 0.807485 0.627334 0.806599 0.601589 0.808503 0.600853 0.809301 0.62665 0.807485 0.627334 0.81287 0.656041 0.810173 0.678532 0.810998 0.655427 0.81287 0.656041 0.81205 0.679233 0.810173 0.678532 0.808503 0.600853 0.79684 0.557697 0.797771 0.555854 0.808503 0.600853 0.806599 0.601589 0.79684 0.557697 0.812031 0.701169 0.766877 0.702728 0.810946 0.699515 0.812031 0.701169 0.765631 0.704416 0.766877 0.702728 0.81205 0.679233 0.810946 0.699515 0.810173 0.678532 0.81205 0.679233 0.812031 0.701169 0.810946 0.699515 0.797771 0.555854 0.754854 0.565398 0.753254 0.564161 0.797771 0.555854 0.79684 0.557697 0.754854 0.565398 0.812062 0.645957 0.810998 0.655427 0.810549 0.647212 0.812062 0.645957 0.81287 0.656041 0.810998 0.655427 0.844151 0.129638 0.869472 0.136423 0.844151 0.136423 0.844151 0.129638 0.869472 0.129638 0.869472 0.136423 0.844151 0.13907 0.869472 0.136423 0.869472 0.13907 0.844151 0.13907 0.844151 0.136423 0.869472 0.136423 0.869472 0.126991 0.844151 0.129638 0.844151 0.126991 0.869472 0.126991 0.869472 0.129638 0.844151 0.129638 0.617899 0.670563 0.633586 0.632682 0.637914 0.637008 0.617899 0.670563 0.637914 0.637008 0.624019 0.670563 0.621979 0.691063 0.617899 0.670563 0.624019 0.670563 0.621979 0.691063 0.624019 0.670563 0.637922 0.704112 0.621979 0.691063 0.637922 0.704112 0.633593 0.708442 0.650974 0.720053 0.633593 0.708442 0.637922 0.704112 0.650974 0.720053 0.637922 0.704112 0.671474 0.718006 0.650974 0.720053 0.671474 0.718006 0.671474 0.724129 0.691975 0.720049 0.671474 0.724129 0.671474 0.718006 0.691975 0.720049 0.671474 0.718006 0.705025 0.704108 0.691975 0.720049 0.705025 0.704108 0.709353 0.708435 0.720964 0.691054 0.709353 0.708435 0.705025 0.704108 0.720964 0.691054 0.705025 0.704108 0.718921 0.670554 0.720964 0.691054 0.718921 0.670554 0.72504 0.670553 0.705018 0.637005 0.72504 0.670553 0.718921 0.670554 0.705018 0.637005 0.709346 0.632675 0.72504 0.670553 0.624019 0.670563 0.637914 0.637008 0.641914 0.641009 0.705018 0.637005 0.718921 0.670554 0.713262 0.670555 0.718921 0.670554 0.701025 0.700107 0.713262 0.670555 0.718921 0.670554 0.705025 0.704108 0.701025 0.700107 0.701025 0.700107 0.705025 0.704108 0.671474 0.718006 0.701025 0.700107 0.671474 0.718006 0.671474 0.712347 0.671474 0.712347 0.671474 0.718006 0.637922 0.704112 0.671474 0.712347 0.637922 0.704112 0.641923 0.700109 0.641923 0.700109 0.637922 0.704112 0.624019 0.670563 0.641923 0.700109 0.624019 0.670563 0.629677 0.670561 0.624019 0.670563 0.641914 0.641009 0.629677 0.670561 0.671474 0.712347 0.629677 0.670561 0.641914 0.641009 0.671474 0.712347 0.641914 0.641009 0.701016 0.641007 0.671474 0.712347 0.701016 0.641007 0.713262 0.670555 0.705018 0.637005 0.713262 0.670555 0.701016 0.641007 0.671474 0.712347 0.713262 0.670555 0.701025 0.700107 0.671474 0.712347 0.641923 0.700109 0.629677 0.670561 0.806599 0.601589 0.754854 0.565398 0.79684 0.557697 0.806599 0.601589 0.761835 0.606708 0.754854 0.565398 0.807485 0.627334 0.761835 0.606708 0.806599 0.601589 0.807485 0.627334 0.760632 0.62904 0.761835 0.606708 0.810549 0.647212 0.760632 0.62904 0.807485 0.627334 0.810549 0.647212 0.764486 0.646584 0.760632 0.62904 0.810998 0.655427 0.764486 0.646584 0.810549 0.647212 0.810998 0.655427 0.76488 0.653575 0.764486 0.646584 0.810173 0.678532 0.76488 0.653575 0.810998 0.655427 0.810173 0.678532 0.762931 0.67899 0.76488 0.653575 0.810946 0.699515 0.762931 0.67899 0.810173 0.678532 0.810946 0.699515 0.766877 0.702728 0.762931 0.67899 0.831768 0.19287 0.83495 0.201028 0.831768 0.201028 0.831768 0.1602399 0.83495 0.1602399 0.831768 0.168398 0.840809 0.168398 0.831768 0.168398 0.83495 0.1602399 0.831768 0.176555 0.831768 0.168398 0.840809 0.168398 0.831768 0.176555 0.840809 0.168398 0.840809 0.176555 0.831768 0.184713 0.831768 0.176555 0.840809 0.176555 0.831768 0.184713 0.840809 0.176555 0.840809 0.184713 0.831768 0.19287 0.831768 0.184713 0.840809 0.184713 0.831768 0.19287 0.840809 0.184713 0.840809 0.19287 0.83495 0.201028 0.831768 0.19287 0.840809 0.19287 0.83495 0.201028 0.840809 0.19287 0.840809 0.201028 0.840809 0.209185 0.83495 0.201028 0.840809 0.201028 0.840809 0.209185 0.83495 0.209185 0.83495 0.201028 0.840809 0.217343 0.83495 0.209185 0.840809 0.209185 0.840809 0.217343 0.831768 0.217343 0.83495 0.209185 0.840809 0.225501 0.831768 0.217343 0.840809 0.217343 0.840809 0.225501 0.831768 0.225501 0.831768 0.217343 0.840809 0.233658 0.831768 0.225501 0.840809 0.225501 0.840809 0.233658 0.831768 0.233658 0.831768 0.225501 0.840809 0.168398 0.83495 0.1602399 0.840809 0.1602399 0.831768 0.209185 0.83495 0.209185 0.831768 0.217343 0.840809 0.241816 0.831768 0.233658 0.840809 0.233658 0.840809 0.241816 0.831768 0.241816 0.831768 0.233658 0.83495 0.2499729 0.831768 0.241816 0.840809 0.241816 0.831768 0.241816 0.83495 0.2499729 0.831768 0.2499729 0.840809 0.258131 0.83495 0.258131 0.83495 0.2499729 0.840809 0.258131 0.83495 0.2499729 0.840809 0.2499729 0.83495 0.2499729 0.840809 0.241816 0.840809 0.2499729 0.307885 0.394063 0.304699 0.449815 0.304461 0.394063 0.307885 0.394063 0.307885 0.449815 0.304699 0.449815 0.307885 0.449815 0.304719 0.478113 0.304699 0.449815 0.307885 0.449815 0.307885 0.478113 0.304719 0.478113 0.304719 0.478113 0.307885 0.478113 0.307885 0.506391 0.304719 0.478113 0.307885 0.506391 0.304706 0.506391 0.304706 0.506391 0.307885 0.506391 0.307885 0.534602 0.304706 0.506391 0.307885 0.534602 0.304684 0.534602 0.307885 0.534602 0.304678 0.562864 0.304684 0.534602 0.307885 0.534602 0.307885 0.562864 0.304678 0.562864 0.307885 0.562864 0.304664 0.59102 0.304678 0.562864 0.307885 0.562864 0.307885 0.59102 0.304664 0.59102 0.304664 0.59102 0.307885 0.59102 0.307885 0.619246 0.304664 0.59102 0.307885 0.619246 0.304655 0.619246 0.304655 0.619246 0.307885 0.619246 0.307885 0.64743 0.304655 0.619246 0.307885 0.64743 0.304626 0.64743 0.304626 0.64743 0.307885 0.64743 0.307885 0.675575 0.304626 0.64743 0.307885 0.675575 0.304691 0.675575 0.304691 0.675575 0.307885 0.675575 0.307885 0.731955 0.304691 0.675575 0.307885 0.731955 0.304634 0.731955 0.853419 0.148338 0.866079 0.144946 0.860204 0.148338 0.853419 0.148338 0.869472 0.13907 0.866079 0.144946 0.853419 0.148338 0.844151 0.13907 0.869472 0.13907 0.853419 0.148338 0.847543 0.144946 0.844151 0.13907 0.02209299 0.394799 0.01864099 0.450376 0.01864099 0.394799 0.02209299 0.394799 0.02195298 0.450376 0.01864099 0.450376 0.02189898 0.478481 0.01864099 0.450376 0.02195298 0.450376 0.02189898 0.478481 0.01864099 0.478481 0.01864099 0.450376 0.021896 0.506755 0.01864099 0.478481 0.02189898 0.478481 0.021896 0.506755 0.01864099 0.506755 0.01864099 0.478481 0.02196097 0.534901 0.01864099 0.506755 0.021896 0.506755 0.02196097 0.534901 0.01864099 0.534901 0.01864099 0.506755 0.021932 0.563085 0.01864099 0.534901 0.02196097 0.534901 0.021932 0.563085 0.01864099 0.563085 0.01864099 0.534901 0.021923 0.591311 0.01864099 0.563085 0.021932 0.563085 0.021923 0.591311 0.01864099 0.591311 0.01864099 0.563085 0.01864099 0.619467 0.01864099 0.591311 0.021923 0.591311 0.01864099 0.619467 0.021923 0.591311 0.02190899 0.619467 0.01864099 0.647728 0.01864099 0.619467 0.02190899 0.619467 0.01864099 0.647728 0.02190899 0.619467 0.02190297 0.647728 0.02188098 0.67594 0.01864099 0.647728 0.02190297 0.647728 0.02188098 0.67594 0.01864099 0.67594 0.01864099 0.647728 0.01864099 0.67594 0.02188098 0.67594 0.02188795 0.732516 0.01864099 0.67594 0.02188795 0.732516 0.01864099 0.732516 0.860204 0.117723 0.847543 0.121116 0.853419 0.117723 0.860204 0.117723 0.844151 0.126991 0.847543 0.121116 0.860204 0.117723 0.869472 0.126991 0.844151 0.126991 0.860204 0.117723 0.866079 0.121116 0.869472 0.126991 0.04152196 0.591325 0.021923 0.591311 0.021932 0.563085 0.04152196 0.591325 0.02190899 0.619467 0.021923 0.591311 0.285114 0.619215 0.304626 0.64743 0.285113 0.647406 0.285113 0.647406 0.304626 0.64743 0.304691 0.675575 0.285113 0.647406 0.304691 0.675575 0.285147 0.675598 0.304634 0.731955 0.285147 0.675598 0.304691 0.675575 0.304634 0.731955 0.285178 0.731943 0.285147 0.675598 0.04148 0.675956 0.285147 0.675598 0.285178 0.731943 0.04148 0.675956 0.285178 0.731943 0.04144299 0.732457 0.04148 0.675956 0.04144299 0.732457 0.02188795 0.732516 0.04148 0.675956 0.02188795 0.732516 0.02188098 0.67594 0.04150098 0.647735 0.04148 0.675956 0.02188098 0.67594 0.04150098 0.647735 0.02188098 0.67594 0.02190297 0.647728 0.04150098 0.647735 0.02190297 0.647728 0.02190899 0.619467 0.04150098 0.647735 0.02190899 0.619467 0.04151195 0.619511 0.04152196 0.591325 0.04151195 0.619511 0.02190899 0.619467 0.04152196 0.591325 0.285114 0.619215 0.04151195 0.619511 0.04152196 0.591325 0.285126 0.591006 0.285114 0.619215 0.285113 0.647406 0.285147 0.675598 0.04148 0.675956 0.285113 0.647406 0.04148 0.675956 0.04150098 0.647735 0.04151195 0.619511 0.285113 0.647406 0.04150098 0.647735 0.04151195 0.619511 0.285114 0.619215 0.285113 0.647406 0.04116594 0.394085 0.285358 0.393352 0.285205 0.449874 0.04116594 0.394085 0.285205 0.449874 0.04146999 0.450388 0.285205 0.449874 0.041489 0.478546 0.04146999 0.450388 0.04146999 0.450388 0.041489 0.478546 0.02189898 0.478481 0.041489 0.478546 0.021896 0.506755 0.02189898 0.478481 0.041489 0.478546 0.04150098 0.506732 0.021896 0.506755 0.04150098 0.506732 0.02196097 0.534901 0.021896 0.506755 0.04150098 0.506732 0.04153496 0.534924 0.02196097 0.534901 0.04153496 0.534924 0.021932 0.563085 0.02196097 0.534901 0.04153496 0.534924 0.04153394 0.563116 0.021932 0.563085 0.04152196 0.591325 0.021932 0.563085 0.04153394 0.563116 0.285135 0.56282 0.04152196 0.591325 0.04153394 0.563116 0.285135 0.56282 0.285126 0.591006 0.04152196 0.591325 0.285126 0.591006 0.285135 0.56282 0.304678 0.562864 0.285126 0.591006 0.304678 0.562864 0.304664 0.59102 0.285114 0.619215 0.285126 0.591006 0.304664 0.59102 0.285114 0.619215 0.304664 0.59102 0.304655 0.619246 0.285114 0.619215 0.304655 0.619246 0.304626 0.64743 0.04150098 0.506732 0.285147 0.534596 0.04153496 0.534924 0.04153496 0.534924 0.285135 0.56282 0.04153394 0.563116 0.04153496 0.534924 0.285147 0.534596 0.285135 0.56282 0.285147 0.534596 0.304678 0.562864 0.285135 0.56282 0.285147 0.534596 0.304684 0.534602 0.304678 0.562864 0.285168 0.506374 0.304684 0.534602 0.285147 0.534596 0.04150098 0.506732 0.285168 0.506374 0.285147 0.534596 0.285189 0.478131 0.285168 0.506374 0.04150098 0.506732 0.285189 0.478131 0.04150098 0.506732 0.041489 0.478546 0.285205 0.449874 0.285189 0.478131 0.041489 0.478546 0.285189 0.478131 0.285205 0.449874 0.304699 0.449815 0.285358 0.393352 0.304699 0.449815 0.285205 0.449874 0.285358 0.393352 0.304461 0.394063 0.304699 0.449815 0.285168 0.506374 0.304706 0.506391 0.304684 0.534602 0.285168 0.506374 0.304719 0.478113 0.304706 0.506391 0.285168 0.506374 0.285189 0.478131 0.304719 0.478113 0.285189 0.478131 0.304699 0.449815 0.304719 0.478113 0.752615 0.321463 0.733905 0.293528 0.752615 0.293528 0.752615 0.321463 0.733905 0.321463 0.733905 0.293528 0.752615 0.349801 0.733905 0.321463 0.752615 0.321463 0.752615 0.349801 0.733905 0.349801 0.733905 0.321463 0.733905 0.378342 0.733905 0.349801 0.752615 0.349801 0.733905 0.378342 0.752615 0.349801 0.752614 0.378342 0.733905 0.406883 0.733905 0.378342 0.752614 0.378342 0.733905 0.406883 0.752614 0.378342 0.752614 0.406883 0.733905 0.435221 0.733905 0.406883 0.752614 0.406883 0.733905 0.435221 0.752614 0.406883 0.752614 0.435221 0.752614 0.463156 0.733905 0.435221 0.752614 0.435221 0.752614 0.463156 0.733905 0.463156 0.733905 0.435221 0.69994 0.542632 0.717844 0.572178 0.712186 0.57218 0.69994 0.542632 0.703942 0.538629 0.717844 0.572178 0.703942 0.538629 0.723964 0.572178 0.717844 0.572178 0.703942 0.538629 0.70827 0.534299 0.723964 0.572178 0.719888 0.592679 0.717844 0.572178 0.723964 0.572178 0.670398 0.613971 0.628601 0.572186 0.640838 0.542634 0.670398 0.613971 0.640838 0.542634 0.69994 0.542632 0.670398 0.613971 0.69994 0.542632 0.712186 0.57218 0.670398 0.613971 0.712186 0.57218 0.699949 0.601732 0.717844 0.572178 0.699949 0.601732 0.712186 0.57218 0.717844 0.572178 0.703949 0.605733 0.699949 0.601732 0.719888 0.592679 0.703949 0.605733 0.717844 0.572178 0.719888 0.592679 0.708277 0.610059 0.703949 0.605733 0.690899 0.621673 0.703949 0.605733 0.708277 0.610059 0.690899 0.621673 0.670398 0.619631 0.703949 0.605733 0.690899 0.621673 0.670399 0.625753 0.670398 0.619631 0.649898 0.621677 0.670398 0.619631 0.670399 0.625753 0.649898 0.621677 0.636845 0.605736 0.670398 0.619631 0.649898 0.621677 0.632517 0.610066 0.636845 0.605736 0.620902 0.592688 0.636845 0.605736 0.632517 0.610066 0.620902 0.592688 0.622943 0.572188 0.636845 0.605736 0.620902 0.592688 0.616823 0.572188 0.622943 0.572188 0.616823 0.572188 0.636838 0.538633 0.622943 0.572188 0.616823 0.572188 0.63251 0.534307 0.636838 0.538633 0.628601 0.572186 0.636838 0.538633 0.640838 0.542634 0.628601 0.572186 0.622943 0.572188 0.636838 0.538633 0.640847 0.601734 0.622943 0.572188 0.628601 0.572186 0.640847 0.601734 0.636845 0.605736 0.622943 0.572188 0.670398 0.619631 0.636845 0.605736 0.640847 0.601734 0.670398 0.619631 0.640847 0.601734 0.670398 0.613971 0.703949 0.605733 0.670398 0.619631 0.670398 0.613971 0.703949 0.605733 0.670398 0.613971 0.699949 0.601732 0.670398 0.613971 0.640847 0.601734 0.628601 0.572186 0.634727 0.439653 0.710487 0.439653 0.689279 0.460861 0.689279 0.460861 0.710487 0.439653 0.726178 0.477533 0.689279 0.460861 0.726178 0.477533 0.696185 0.477533 0.7221 0.498034 0.696185 0.477533 0.726178 0.477533 0.7221 0.498034 0.689279 0.494205 0.696185 0.477533 0.7221 0.498034 0.710487 0.515413 0.689279 0.494205 0.693108 0.527026 0.689279 0.494205 0.710487 0.515413 0.693108 0.527026 0.672607 0.501111 0.689279 0.494205 0.693108 0.527026 0.672607 0.531104 0.672607 0.501111 0.652107 0.527026 0.672607 0.501111 0.672607 0.531104 0.652107 0.527026 0.655935 0.494205 0.672607 0.501111 0.652107 0.527026 0.634727 0.515413 0.655935 0.494205 0.623114 0.498034 0.655935 0.494205 0.634727 0.515413 0.623114 0.498034 0.649029 0.477533 0.655935 0.494205 0.623114 0.498034 0.619037 0.477533 0.649029 0.477533 0.619037 0.477533 0.655935 0.460861 0.649029 0.477533 0.619037 0.477533 0.634727 0.439653 0.655935 0.460861 0.634727 0.439653 0.689279 0.460861 0.655935 0.460861 0.603498 0.675575 0.606743 0.731955 0.603441 0.731955 0.603498 0.675575 0.606743 0.675575 0.606743 0.731955 0.603433 0.64743 0.606743 0.675575 0.603498 0.675575 0.603433 0.64743 0.606743 0.64743 0.606743 0.675575 0.603462 0.619246 0.606743 0.64743 0.603433 0.64743 0.603462 0.619246 0.606743 0.619246 0.606743 0.64743 0.606743 0.59102 0.606743 0.619246 0.603462 0.619246 0.606743 0.59102 0.603462 0.619246 0.603471 0.59102 0.606743 0.562864 0.606743 0.59102 0.603471 0.59102 0.606743 0.562864 0.603471 0.59102 0.603485 0.562864 0.606743 0.534602 0.606743 0.562864 0.603485 0.562864 0.606743 0.534602 0.603485 0.562864 0.60349 0.534602 0.606743 0.506391 0.606743 0.534602 0.60349 0.534602 0.606743 0.506391 0.60349 0.534602 0.603513 0.506391 0.606743 0.478113 0.606743 0.506391 0.603513 0.506391 0.606743 0.478113 0.603513 0.506391 0.603526 0.478113 0.606743 0.449815 0.606743 0.478113 0.603526 0.478113 0.606743 0.449815 0.603526 0.478113 0.603506 0.449815 0.603268 0.394063 0.606743 0.449815 0.603506 0.449815 0.603268 0.394063 0.606743 0.394063 0.606743 0.449815 0.320862 0.394799 0.317424 0.450376 0.317424 0.394799 0.320862 0.394799 0.320722 0.450376 0.317424 0.450376 0.317424 0.478481 0.317424 0.450376 0.320722 0.450376 0.317424 0.478481 0.320722 0.450376 0.320668 0.478481 0.317424 0.506755 0.317424 0.478481 0.320668 0.478481 0.317424 0.506755 0.320668 0.478481 0.320665 0.506755 0.317424 0.534901 0.317424 0.506755 0.320665 0.506755 0.317424 0.534901 0.320665 0.506755 0.32073 0.534901 0.320701 0.563085 0.317424 0.534901 0.32073 0.534901 0.320701 0.563085 0.317424 0.563085 0.317424 0.534901 0.320692 0.591311 0.317424 0.563085 0.320701 0.563085 0.320692 0.591311 0.317424 0.591311 0.317424 0.563085 0.320678 0.619467 0.317424 0.591311 0.320692 0.591311 0.320678 0.619467 0.317424 0.619467 0.317424 0.591311 0.320672 0.647728 0.317424 0.619467 0.320678 0.619467 0.320672 0.647728 0.317424 0.647728 0.317424 0.619467 0.32065 0.675946 0.317424 0.647728 0.320672 0.647728 0.32065 0.675946 0.317424 0.675946 0.317424 0.647728 0.32065 0.675946 0.317424 0.732516 0.317424 0.675946 0.32065 0.675946 0.320657 0.732516 0.317424 0.732516 0.583961 0.449874 0.583945 0.478131 0.340245 0.478546 0.583961 0.449874 0.340245 0.478546 0.340225 0.450388 0.339922 0.394085 0.583961 0.449874 0.340225 0.450388 0.320862 0.394799 0.339922 0.394085 0.340225 0.450388 0.320862 0.394799 0.340225 0.450388 0.320722 0.450376 0.340245 0.478546 0.320722 0.450376 0.340225 0.450388 0.340245 0.478546 0.320668 0.478481 0.320722 0.450376 0.340245 0.478546 0.320665 0.506755 0.320668 0.478481 0.340245 0.478546 0.340256 0.506732 0.320665 0.506755 0.340256 0.506732 0.32073 0.534901 0.320665 0.506755 0.583945 0.478131 0.340256 0.506732 0.340245 0.478546 0.339922 0.394085 0.584114 0.393352 0.583961 0.449874 0.583961 0.449874 0.584114 0.393352 0.603268 0.394063 0.583961 0.449874 0.603268 0.394063 0.603506 0.449815 0.583961 0.449874 0.603506 0.449815 0.603526 0.478113 0.583961 0.449874 0.603526 0.478113 0.583945 0.478131 0.583924 0.506374 0.583945 0.478131 0.603526 0.478113 0.583945 0.478131 0.583924 0.506374 0.340256 0.506732 0.583924 0.506374 0.34029 0.534924 0.340256 0.506732 0.340256 0.506732 0.34029 0.534924 0.32073 0.534901 0.340289 0.563116 0.32073 0.534901 0.34029 0.534924 0.340289 0.563116 0.320701 0.563085 0.32073 0.534901 0.340277 0.591325 0.320701 0.563085 0.340289 0.563116 0.340277 0.591325 0.320692 0.591311 0.320701 0.563085 0.340277 0.591325 0.320678 0.619467 0.320692 0.591311 0.340277 0.591325 0.340268 0.619511 0.320678 0.619467 0.340268 0.619511 0.320672 0.647728 0.320678 0.619467 0.340268 0.619511 0.340256 0.647735 0.320672 0.647728 0.340256 0.647735 0.32065 0.675946 0.320672 0.647728 0.340277 0.591325 0.58387 0.619215 0.340268 0.619511 0.58387 0.619215 0.340256 0.647735 0.340268 0.619511 0.58387 0.619215 0.583868 0.647406 0.340256 0.647735 0.340256 0.647735 0.583868 0.647406 0.583902 0.675598 0.340256 0.647735 0.583902 0.675598 0.340235 0.675956 0.340256 0.647735 0.340235 0.675956 0.32065 0.675946 0.340198 0.732457 0.32065 0.675946 0.340235 0.675956 0.340235 0.675956 0.583933 0.731955 0.340198 0.732457 0.340235 0.675956 0.583902 0.675598 0.583933 0.731955 0.583933 0.731955 0.583902 0.675598 0.603498 0.675575 0.583902 0.675598 0.603433 0.64743 0.603498 0.675575 0.583902 0.675598 0.583868 0.647406 0.603433 0.64743 0.583868 0.647406 0.603462 0.619246 0.603433 0.64743 0.583868 0.647406 0.58387 0.619215 0.603462 0.619246 0.583881 0.591006 0.603462 0.619246 0.58387 0.619215 0.340277 0.591325 0.583881 0.591006 0.58387 0.619215 0.583891 0.56282 0.583881 0.591006 0.340277 0.591325 0.583891 0.56282 0.340277 0.591325 0.340289 0.563116 0.34029 0.534924 0.583891 0.56282 0.340289 0.563116 0.34029 0.534924 0.583902 0.534596 0.583891 0.56282 0.583924 0.506374 0.583902 0.534596 0.34029 0.534924 0.583902 0.534596 0.583924 0.506374 0.603513 0.506391 0.583924 0.506374 0.603526 0.478113 0.603513 0.506391 0.583933 0.731955 0.603498 0.675575 0.603441 0.731955 0.583881 0.591006 0.603471 0.59102 0.603462 0.619246 0.583881 0.591006 0.603485 0.562864 0.603471 0.59102 0.583881 0.591006 0.583891 0.56282 0.603485 0.562864 0.583902 0.534596 0.603485 0.562864 0.583891 0.56282 0.583902 0.534596 0.60349 0.534602 0.603485 0.562864 0.583902 0.534596 0.603513 0.506391 0.60349 0.534602 0.340198 0.732457 0.320657 0.732516 0.32065 0.675946 0.961465 0.804333 0.169287 0.804332 0.169286 0.827586 0.870595 0.827586 0.89347 0.804333 0.89347 0.827586 0.89347 0.827586 0.89347 0.804333 0.933074 0.804333 0.89347 0.827586 0.933074 0.804333 0.933074 0.827588 0.933074 0.827588 0.933074 0.804333 0.961465 0.804333 0.933074 0.827588 0.961465 0.804333 0.961465 0.827586 0.961465 0.804333 0.169286 0.827586 0.961465 0.827586 0.961465 0.827586 0.169286 0.827586 0.169287 0.84935 0.961465 0.827586 0.169287 0.84935 0.961465 0.84935 0.961465 0.84935 0.169287 0.84935 0.169287 0.869966 0.961465 0.84935 0.169287 0.869966 0.961465 0.869966 0.961465 0.869966 0.169287 0.869966 0.169287 0.890787 0.961465 0.869966 0.169287 0.890787 0.961465 0.890788 0.961465 0.911449 0.961465 0.890788 0.169287 0.890787 0.933074 0.911449 0.961465 0.890788 0.961465 0.911449 0.933074 0.931079 0.933074 0.911449 0.961465 0.911449 0.89347 0.931079 0.933074 0.911449 0.933074 0.931079 0.89347 0.947484 0.89347 0.931079 0.933074 0.931079 0.870595 0.931079 0.89347 0.931079 0.89347 0.947484 0.870595 0.968828 0.89347 0.947484 0.89347 0.968828 0.89347 0.968828 0.89347 0.947484 0.933074 0.947485 0.89347 0.947484 0.933074 0.931079 0.933074 0.947485 0.933074 0.947485 0.933074 0.931079 0.961465 0.931079 0.933074 0.931079 0.961465 0.911449 0.961465 0.931079 0.961465 0.931079 0.961465 0.911449 0.169287 0.911449 0.961465 0.911449 0.169287 0.890787 0.169287 0.911449 0.89347 0.968828 0.933074 0.947485 0.933074 0.968828 0.933074 0.968828 0.933074 0.947485 0.961465 0.947484 0.933074 0.947485 0.961465 0.931079 0.961465 0.947484 0.961465 0.947484 0.961465 0.931079 0.169287 0.931079 0.961465 0.931079 0.169287 0.911449 0.169287 0.931079 0.933074 0.968828 0.961465 0.947484 0.961465 0.968828 0.961465 0.968828 0.961465 0.947484 0.169287 0.947484 0.961465 0.947484 0.169287 0.931079 0.169287 0.947484 0.961465 0.968828 0.169287 0.947484 0.169287 0.968828 0.845746 0.968828 0.870595 0.947485 0.870595 0.968828 0.870595 0.968828 0.870595 0.947485 0.89347 0.947484 0.89347 0.931079 0.89347 0.911448 0.933074 0.911449 0.870595 0.911448 0.89347 0.911448 0.89347 0.931079 0.870595 0.911448 0.89347 0.931079 0.870595 0.931079 0.845746 0.911449 0.870595 0.911448 0.870595 0.931079 0.845746 0.911449 0.870595 0.931079 0.845746 0.931079 0.845746 0.947485 0.845746 0.931079 0.870595 0.931079 0.823455 0.947484 0.845746 0.931079 0.845746 0.947485 0.823455 0.947484 0.823456 0.931079 0.845746 0.931079 0.823456 0.931079 0.845746 0.911449 0.845746 0.931079 0.823456 0.931079 0.823456 0.911449 0.845746 0.911449 0.89347 0.890787 0.933074 0.890787 0.933074 0.911449 0.89347 0.890787 0.933074 0.911449 0.89347 0.911448 0.870595 0.890787 0.89347 0.890787 0.89347 0.911448 0.870595 0.890787 0.89347 0.911448 0.870595 0.911448 0.845746 0.890788 0.870595 0.890787 0.870595 0.911448 0.845746 0.890788 0.870595 0.911448 0.845746 0.911449 0.823456 0.890787 0.845746 0.890788 0.845746 0.911449 0.823456 0.890787 0.845746 0.911449 0.823456 0.911449 0.790721 0.890787 0.823456 0.890787 0.823456 0.911449 0.790721 0.890787 0.823456 0.911449 0.79072 0.911449 0.79072 0.911449 0.823456 0.911449 0.823456 0.931079 0.79072 0.911449 0.823456 0.931079 0.790721 0.931079 0.790721 0.931079 0.823456 0.931079 0.823455 0.947484 0.790721 0.931079 0.823455 0.947484 0.79072 0.947485 0.753057 0.947485 0.790721 0.931079 0.79072 0.947485 0.790721 0.869966 0.823456 0.890787 0.790721 0.890787 0.790721 0.869966 0.823456 0.869966 0.823456 0.890787 0.823456 0.869966 0.845746 0.890788 0.823456 0.890787 0.823456 0.869966 0.845746 0.869966 0.845746 0.890788 0.845746 0.869966 0.870595 0.890787 0.845746 0.890788 0.845746 0.869966 0.870595 0.869965 0.870595 0.890787 0.870595 0.869965 0.89347 0.890787 0.870595 0.890787 0.870595 0.869965 0.89347 0.869965 0.89347 0.890787 0.89347 0.869965 0.933074 0.890787 0.89347 0.890787 0.89347 0.869965 0.933074 0.869966 0.933074 0.890787 0.823456 0.84935 0.845746 0.869966 0.823456 0.869966 0.823456 0.84935 0.845746 0.84935 0.845746 0.869966 0.845746 0.869966 0.845746 0.84935 0.870595 0.849349 0.845746 0.869966 0.870595 0.849349 0.870595 0.869965 0.870595 0.849349 0.89347 0.869965 0.870595 0.869965 0.870595 0.849349 0.89347 0.84935 0.89347 0.869965 0.89347 0.84935 0.933074 0.869966 0.89347 0.869965 0.89347 0.84935 0.933074 0.84935 0.933074 0.869966 0.790721 0.869966 0.823456 0.84935 0.823456 0.869966 0.790721 0.869966 0.790721 0.84935 0.823456 0.84935 0.790721 0.84935 0.823456 0.827587 0.823456 0.84935 0.823456 0.827587 0.845746 0.84935 0.823456 0.84935 0.823456 0.827587 0.845746 0.827586 0.845746 0.84935 0.845746 0.84935 0.845746 0.827586 0.870595 0.827586 0.845746 0.84935 0.870595 0.827586 0.870595 0.849349 0.870595 0.849349 0.870595 0.827586 0.89347 0.827586 0.870595 0.849349 0.89347 0.827586 0.89347 0.84935 0.89347 0.84935 0.89347 0.827586 0.933074 0.827588 0.89347 0.84935 0.933074 0.827588 0.933074 0.84935 0.933074 0.84935 0.933074 0.827588 0.961465 0.827586 0.933074 0.84935 0.961465 0.827586 0.961465 0.84935 0.933074 0.84935 0.961465 0.84935 0.961465 0.869966 0.933074 0.84935 0.961465 0.869966 0.933074 0.869966 0.933074 0.869966 0.961465 0.869966 0.961465 0.890788 0.933074 0.869966 0.961465 0.890788 0.933074 0.890787 0.933074 0.911449 0.933074 0.890787 0.961465 0.890788 0.696648 0.947485 0.753057 0.931079 0.753057 0.947485 0.753057 0.947485 0.753057 0.931079 0.790721 0.931079 0.753057 0.911449 0.790721 0.931079 0.753057 0.931079 0.753057 0.911449 0.79072 0.911449 0.790721 0.931079 0.753057 0.890788 0.79072 0.911449 0.753057 0.911449 0.753057 0.890788 0.790721 0.890787 0.79072 0.911449 0.753057 0.869966 0.790721 0.890787 0.753057 0.890788 0.753057 0.869966 0.790721 0.869966 0.790721 0.890787 0.753057 0.84935 0.790721 0.869966 0.753057 0.869966 0.753057 0.84935 0.790721 0.84935 0.790721 0.869966 0.753057 0.84935 0.79072 0.827586 0.790721 0.84935 0.790721 0.84935 0.79072 0.827586 0.823456 0.827587 0.79072 0.827586 0.823456 0.804332 0.823456 0.827587 0.823456 0.827587 0.823456 0.804332 0.845746 0.804332 0.823456 0.827587 0.845746 0.804332 0.845746 0.827586 0.845746 0.827586 0.845746 0.804332 0.870595 0.804333 0.845746 0.827586 0.870595 0.804333 0.870595 0.827586 0.870595 0.827586 0.870595 0.804333 0.89347 0.804333 0.79072 0.827586 0.790721 0.804332 0.823456 0.804332 0.753057 0.827586 0.790721 0.804332 0.79072 0.827586 0.753057 0.84935 0.753057 0.827586 0.79072 0.827586 0.696648 0.827586 0.753057 0.827586 0.753057 0.84935 0.696648 0.804332 0.753057 0.827586 0.696648 0.827586 0.696648 0.827586 0.632562 0.804333 0.696648 0.804332 0.753057 0.827586 0.753057 0.804333 0.790721 0.804332 0.696648 0.804332 0.753057 0.804333 0.753057 0.827586 0.696648 0.84935 0.753057 0.84935 0.753057 0.869966 0.696648 0.827586 0.753057 0.84935 0.696648 0.84935 0.696648 0.84935 0.632562 0.827586 0.696648 0.827586 0.696648 0.827586 0.632562 0.827586 0.632562 0.804333 0.632562 0.827586 0.546997 0.804333 0.632562 0.804333 0.632562 0.827586 0.546997 0.827587 0.546997 0.804333 0.632562 0.84935 0.546997 0.827587 0.632562 0.827586 0.696648 0.84935 0.632562 0.84935 0.632562 0.827586 0.696648 0.869966 0.632562 0.84935 0.696648 0.84935 0.696648 0.84935 0.753057 0.869966 0.696648 0.869966 0.696648 0.890787 0.696648 0.869966 0.753057 0.869966 0.696648 0.890787 0.753057 0.869966 0.753057 0.890788 0.696648 0.911449 0.696648 0.890787 0.753057 0.890788 0.696648 0.911449 0.753057 0.890788 0.753057 0.911449 0.696648 0.931079 0.696648 0.911449 0.753057 0.911449 0.696648 0.931079 0.753057 0.911449 0.753057 0.931079 0.696648 0.947485 0.696648 0.931079 0.753057 0.931079 0.696648 0.931079 0.696648 0.947485 0.632562 0.947484 0.696648 0.931079 0.632562 0.947484 0.632562 0.931079 0.632562 0.931079 0.632562 0.947484 0.546997 0.947484 0.632562 0.931079 0.546997 0.947484 0.546997 0.931079 0.546997 0.931079 0.546997 0.947484 0.469595 0.947485 0.546997 0.931079 0.469595 0.947485 0.469595 0.931079 0.696648 0.890787 0.696648 0.911449 0.632562 0.911449 0.696648 0.911449 0.632562 0.931079 0.632562 0.911449 0.696648 0.911449 0.696648 0.931079 0.632562 0.931079 0.632562 0.911449 0.632562 0.931079 0.546997 0.931079 0.469595 0.947485 0.091811 0.947485 0.091811 0.931079 0.469595 0.947485 0.091811 0.931079 0.469595 0.931079 0.469595 0.931079 0.091811 0.931079 0.09180998 0.911449 0.469595 0.931079 0.09180998 0.911449 0.469595 0.911449 0.469595 0.911449 0.09180998 0.911449 0.091811 0.890787 0.469595 0.911449 0.091811 0.890787 0.469595 0.890787 0.469595 0.890787 0.091811 0.890787 0.09180998 0.869966 0.469595 0.890787 0.09180998 0.869966 0.469595 0.869966 0.469595 0.84935 0.469595 0.869966 0.09180998 0.869966 0.546997 0.869966 0.469595 0.869966 0.469595 0.84935 0.546997 0.869966 0.469595 0.84935 0.546997 0.84935 0.632562 0.869966 0.546997 0.869966 0.546997 0.84935 0.632562 0.869966 0.546997 0.84935 0.632562 0.84935 0.696648 0.869966 0.632562 0.869966 0.632562 0.84935 0.696648 0.890787 0.632562 0.869966 0.696648 0.869966 0.696648 0.890787 0.632562 0.890787 0.632562 0.869966 0.696648 0.890787 0.632562 0.911449 0.632562 0.890787 0.632562 0.890787 0.632562 0.911449 0.546997 0.911449 0.632562 0.911449 0.546997 0.931079 0.546997 0.911449 0.546997 0.931079 0.469595 0.911449 0.546997 0.911449 0.546997 0.931079 0.469595 0.931079 0.469595 0.911449 0.632562 0.890787 0.546997 0.869966 0.632562 0.869966 0.632562 0.890787 0.546997 0.890788 0.546997 0.869966 0.546997 0.890788 0.469595 0.869966 0.546997 0.869966 0.546997 0.890788 0.469595 0.890787 0.469595 0.869966 0.546997 0.911449 0.469595 0.890787 0.546997 0.890788 0.546997 0.911449 0.469595 0.911449 0.469595 0.890787 0.632562 0.890787 0.546997 0.911449 0.546997 0.890788 0.632562 0.84935 0.546997 0.84935 0.546997 0.827587 0.546997 0.827587 0.546997 0.84935 0.469595 0.84935 0.546997 0.827587 0.469595 0.84935 0.469595 0.827587 0.469595 0.827587 0.469595 0.84935 0.09180998 0.84935 0.469595 0.84935 0.09180998 0.869966 0.09180998 0.84935 0.469595 0.947485 0.091811 0.968828 0.091811 0.947485 0.091811 0.947485 0.091811 0.968828 0.01940596 0.968828 0.091811 0.947485 0.01940596 0.968828 0.01940596 0.947485 0.091811 0.931079 0.091811 0.947485 0.01940596 0.947485 0.091811 0.931079 0.01940596 0.947485 0.01940596 0.931079 0.091811 0.931079 0.01940596 0.931079 0.01940596 0.911449 0.091811 0.931079 0.01940596 0.911449 0.09180998 0.911449 0.09180998 0.911449 0.01940596 0.911449 0.01940596 0.890787 0.09180998 0.911449 0.01940596 0.890787 0.091811 0.890787 0.091811 0.890787 0.01940596 0.890787 0.01940596 0.869966 0.091811 0.890787 0.01940596 0.869966 0.09180998 0.869966 0.09180998 0.869966 0.01940596 0.869966 0.01940596 0.84935 0.09180998 0.869966 0.01940596 0.84935 0.09180998 0.84935 0.09180998 0.827586 0.09180998 0.84935 0.01940596 0.84935 0.469595 0.827587 0.09180998 0.84935 0.09180998 0.827586 0.469595 0.804332 0.469595 0.827587 0.09180998 0.827586 0.546997 0.804333 0.469595 0.827587 0.469595 0.804332 0.546997 0.804333 0.546997 0.827587 0.469595 0.827587 0.469595 0.804332 0.09180998 0.827586 0.09180998 0.804332 0.09180998 0.804332 0.09180998 0.827586 0.01940596 0.827586 0.09180998 0.827586 0.01940596 0.84935 0.01940596 0.827586 0.09180998 0.804332 0.01940596 0.827586 0.01940596 0.804332 0.7064 0.84935 0.766103 0.827586 0.766103 0.84935 0.442116 0.869966 0.7064 0.84935 0.7064 0.869966 0.766103 0.84935 0.857668 0.84935 0.857694 0.869966 0.766103 0.84935 0.857694 0.827586 0.857668 0.84935 0.766103 0.84935 0.766103 0.827586 0.857694 0.827586 0.766103 0.827586 0.857702 0.804332 0.857694 0.827586 0.766103 0.827586 0.766103 0.804333 0.857702 0.804332 0.7064 0.827586 0.766103 0.804333 0.766103 0.827586 0.7064 0.84935 0.7064 0.827586 0.766103 0.827586 0.442116 0.84935 0.7064 0.827586 0.7064 0.84935 0.442116 0.869966 0.442116 0.84935 0.7064 0.84935 0.380874 0.84935 0.442116 0.84935 0.442116 0.869966 0.380874 0.84935 0.442116 0.869966 0.380874 0.869966 0.311824 0.869966 0.380874 0.84935 0.380874 0.869966 0.311824 0.869966 0.311824 0.84935 0.380874 0.84935 0.252942 0.84935 0.311824 0.84935 0.311824 0.869966 0.252942 0.827586 0.311824 0.84935 0.252942 0.84935 0.252942 0.827586 0.252942 0.84935 0.193732 0.84935 0.252942 0.827586 0.193732 0.84935 0.193732 0.827586 0.193732 0.827586 0.193732 0.84935 0.08079397 0.84935 0.193732 0.827586 0.08079397 0.84935 0.08079296 0.827586 0.193732 0.804332 0.193732 0.827586 0.08079296 0.827586 0.193732 0.804332 0.08079296 0.827586 0.08079397 0.804332 0.193732 0.84935 0.08079397 0.869966 0.08079397 0.84935 0.193732 0.84935 0.193732 0.869966 0.08079397 0.869966 0.252942 0.869966 0.193732 0.869966 0.193732 0.84935 0.252942 0.869966 0.193732 0.84935 0.252942 0.84935 0.252942 0.84935 0.311824 0.869966 0.252942 0.869966 0.193732 0.869966 0.08079397 0.890787 0.08079397 0.869966 0.252942 0.804333 0.193732 0.827586 0.193732 0.804332 0.252942 0.804333 0.252942 0.827586 0.193732 0.827586 0.252942 0.804333 0.311824 0.827586 0.252942 0.827586 0.252942 0.827586 0.311824 0.827586 0.311824 0.84935 0.311824 0.84935 0.311824 0.827586 0.380874 0.827586 0.311824 0.84935 0.380874 0.827586 0.380874 0.84935 0.380874 0.827586 0.442116 0.84935 0.380874 0.84935 0.380874 0.827586 0.442116 0.827586 0.442116 0.84935 0.442116 0.84935 0.442116 0.827586 0.7064 0.827586 0.442116 0.827586 0.7064 0.804333 0.7064 0.827586 0.7064 0.827586 0.7064 0.804333 0.766103 0.804333 0.252942 0.804333 0.311824 0.804332 0.311824 0.827586 0.311824 0.827586 0.311824 0.804332 0.380874 0.804333 0.311824 0.827586 0.380874 0.804333 0.380874 0.827586 0.380874 0.827586 0.380874 0.804333 0.442116 0.804333 0.380874 0.827586 0.442116 0.804333 0.442116 0.827586 0.442116 0.827586 0.442116 0.804333 0.7064 0.804333 0.252942 0.968828 0.311824 0.947485 0.311824 0.968828 0.252942 0.968828 0.252942 0.947485 0.311824 0.947485 0.252942 0.947485 0.252942 0.968828 0.193732 0.968828 0.252942 0.947485 0.193732 0.968828 0.193732 0.947484 0.08079296 0.947485 0.193732 0.947484 0.193732 0.968828 0.08079397 0.931079 0.193732 0.947484 0.08079296 0.947485 0.08079397 0.931079 0.193732 0.931079 0.193732 0.947484 0.08079397 0.911449 0.193732 0.931079 0.08079397 0.931079 0.08079397 0.911449 0.193732 0.911449 0.193732 0.931079 0.08079397 0.890787 0.193732 0.911449 0.08079397 0.911449 0.08079397 0.890787 0.193732 0.890787 0.193732 0.911449 0.193732 0.869966 0.193732 0.890787 0.08079397 0.890787 0.252942 0.890787 0.193732 0.890787 0.193732 0.869966 0.252942 0.890787 0.193732 0.869966 0.252942 0.869966 0.252942 0.869966 0.311824 0.890787 0.252942 0.890787 0.252942 0.869966 0.311824 0.869966 0.311824 0.890787 0.311824 0.869966 0.380874 0.890787 0.311824 0.890787 0.311824 0.869966 0.380874 0.869966 0.380874 0.890787 0.08079296 0.947485 0.193732 0.968828 0.08079296 0.968828 0.311824 0.890787 0.380874 0.890787 0.380874 0.911449 0.252942 0.931079 0.252942 0.947485 0.193732 0.947484 0.252942 0.931079 0.193732 0.947484 0.193732 0.931079 0.252942 0.931079 0.193732 0.931079 0.193732 0.911449 0.252942 0.931079 0.193732 0.911449 0.252942 0.911449 0.252942 0.911449 0.193732 0.911449 0.193732 0.890787 0.252942 0.911449 0.193732 0.890787 0.252942 0.890787 0.252942 0.911449 0.252942 0.890787 0.311824 0.890787 0.252942 0.911449 0.311824 0.890787 0.311824 0.911449 0.311824 0.890787 0.380874 0.911449 0.311824 0.911449 0.311824 0.911449 0.380874 0.911449 0.380874 0.931079 0.380874 0.931079 0.380874 0.911449 0.442116 0.911449 0.380874 0.890787 0.442116 0.911449 0.380874 0.911449 0.380874 0.890787 0.442116 0.890788 0.442116 0.911449 0.442116 0.890788 0.7064 0.911449 0.442116 0.911449 0.442116 0.890788 0.7064 0.890787 0.7064 0.911449 0.252942 0.931079 0.252942 0.911449 0.311824 0.911449 0.252942 0.931079 0.311824 0.911449 0.311824 0.931079 0.311824 0.911449 0.380874 0.931079 0.311824 0.931079 0.380874 0.869966 0.442116 0.890788 0.380874 0.890787 0.380874 0.869966 0.442116 0.869966 0.442116 0.890788 0.442116 0.869966 0.7064 0.890787 0.442116 0.890788 0.442116 0.869966 0.7064 0.869966 0.7064 0.890787 0.7064 0.890787 0.7064 0.869966 0.766103 0.869966 0.7064 0.890787 0.766103 0.869966 0.766103 0.890787 0.7064 0.890787 0.766103 0.890787 0.766103 0.911449 0.7064 0.890787 0.766103 0.911449 0.7064 0.911449 0.7064 0.911449 0.766103 0.911449 0.766103 0.931079 0.7064 0.911449 0.766103 0.931079 0.7064 0.931079 0.442116 0.911449 0.7064 0.911449 0.7064 0.931079 0.442116 0.911449 0.7064 0.931079 0.442116 0.931079 0.380874 0.931079 0.442116 0.911449 0.442116 0.931079 0.380874 0.947484 0.380874 0.931079 0.442116 0.931079 0.311824 0.931079 0.380874 0.931079 0.380874 0.947484 0.311824 0.931079 0.380874 0.947484 0.311824 0.947485 0.252942 0.947485 0.311824 0.931079 0.311824 0.947485 0.252942 0.947485 0.252942 0.931079 0.311824 0.931079 0.7064 0.869966 0.7064 0.84935 0.766103 0.84935 0.7064 0.869966 0.766103 0.84935 0.766103 0.869966 0.766103 0.84935 0.857694 0.869966 0.766103 0.869966 0.766103 0.869966 0.857694 0.869966 0.857806 0.890787 0.766103 0.869966 0.857806 0.890787 0.766103 0.890787 0.766103 0.890787 0.857806 0.890787 0.858048 0.911449 0.766103 0.890787 0.858048 0.911449 0.766103 0.911449 0.766103 0.911449 0.858048 0.911449 0.858169 0.931079 0.766103 0.911449 0.858169 0.931079 0.766103 0.931079 0.766103 0.947484 0.766103 0.931079 0.858169 0.931079 0.7064 0.931079 0.766103 0.931079 0.766103 0.947484 0.7064 0.931079 0.766103 0.947484 0.7064 0.947485 0.442116 0.931079 0.7064 0.931079 0.7064 0.947485 0.442116 0.931079 0.7064 0.947485 0.442116 0.947484 0.380874 0.947484 0.442116 0.931079 0.442116 0.947484 0.380874 0.968828 0.380874 0.947484 0.442116 0.947484 0.311824 0.968828 0.380874 0.947484 0.380874 0.968828 0.311824 0.968828 0.311824 0.947485 0.380874 0.947484 0.380874 0.968828 0.442116 0.947484 0.442116 0.968828 0.442116 0.968828 0.442116 0.947484 0.7064 0.947485 0.442116 0.968828 0.7064 0.947485 0.7064 0.968828 0.7064 0.947485 0.766103 0.968828 0.7064 0.968828 0.7064 0.947485 0.766103 0.947484 0.766103 0.968828 0.766103 0.968828 0.766103 0.947484 0.85816 0.947484 0.766103 0.947484 0.858169 0.931079 0.85816 0.947484 0.766103 0.968828 0.85816 0.947484 0.857988 0.968828 0.07636398 0.383364 0.06940495 0.356861 0.07631897 0.356861 0.07636398 0.383364 0.06940495 0.383364 0.06940495 0.356861 0.014853 0.356861 0.06940495 0.383364 0.014853 0.383364 0.014853 0.356861 0.06940495 0.356861 0.06940495 0.383364 0.590514 0.336168 0.580816 0.374326 0.582289 0.336168 0.590514 0.336168 0.58698 0.37645 0.580816 0.374326 0.128226 0.356861 0.07636398 0.383364 0.07631897 0.356861 0.128226 0.356861 0.128275 0.383364 0.07636398 0.383364 0.567229 0.336127 0.576951 0.374284 0.570787 0.376408 0.567229 0.336127 0.575454 0.336127 0.576951 0.374284 0.952207 0.804332 0.857694 0.827586 0.857702 0.804332 0.952207 0.804332 0.952207 0.827587 0.857694 0.827586 0.952207 0.827587 0.857668 0.84935 0.857694 0.827586 0.952207 0.827587 0.952207 0.84935 0.857668 0.84935 0.952207 0.84935 0.857694 0.869966 0.857668 0.84935 0.952207 0.84935 0.952207 0.869966 0.857694 0.869966 0.952207 0.890787 0.857694 0.869966 0.952207 0.869966 0.952207 0.890787 0.857806 0.890787 0.857694 0.869966 0.952207 0.911449 0.857806 0.890787 0.952207 0.890787 0.952207 0.911449 0.858048 0.911449 0.857806 0.890787 0.952207 0.931079 0.858048 0.911449 0.952207 0.911449 0.952207 0.931079 0.858169 0.931079 0.858048 0.911449 0.952207 0.947484 0.858169 0.931079 0.952207 0.931079 0.952207 0.947484 0.85816 0.947484 0.858169 0.931079 0.952207 0.947484 0.857988 0.968828 0.85816 0.947484 0.952207 0.947484 0.952207 0.968828 0.857988 0.968828 0.585085 0.827586 0.521733 0.804334 0.585085 0.804334 0.630176 0.804334 0.585085 0.827586 0.585085 0.804334 0.630176 0.804334 0.630176 0.827586 0.585085 0.827586 0.848159 0.827587 0.630176 0.827586 0.630176 0.804334 0.848159 0.827587 0.630176 0.804334 0.848158 0.804334 0.959765 0.827588 0.848159 0.827587 0.848158 0.804334 0.959765 0.827588 0.848158 0.804334 0.959765 0.804334 0.959765 0.849351 0.848159 0.827587 0.959765 0.827588 0.179221 0.911449 0.408825 0.890789 0.408825 0.911449 0.408825 0.890789 0.456397 0.91145 0.408825 0.911449 0.408825 0.890789 0.456397 0.890789 0.456397 0.91145 0.408825 0.869966 0.456397 0.890789 0.408825 0.890789 0.408825 0.869966 0.456397 0.869966 0.456397 0.890789 0.408825 0.84935 0.456397 0.869966 0.408825 0.869966 0.408825 0.84935 0.456397 0.84935 0.456397 0.869966 0.408825 0.827587 0.456397 0.84935 0.408825 0.84935 0.408825 0.827587 0.456397 0.827587 0.456397 0.84935 0.408825 0.827587 0.456397 0.804334 0.456397 0.827587 0.456397 0.827587 0.456397 0.804334 0.521733 0.804334 0.456397 0.827587 0.521733 0.804334 0.521733 0.827586 0.585085 0.827586 0.521733 0.827586 0.521733 0.804334 0.585085 0.84935 0.521733 0.827586 0.585085 0.827586 0.630176 0.827586 0.585085 0.84935 0.585085 0.827586 0.630176 0.827586 0.630175 0.84935 0.585085 0.84935 0.848159 0.827587 0.630175 0.84935 0.630176 0.827586 0.848159 0.827587 0.848159 0.84935 0.630175 0.84935 0.456397 0.84935 0.456397 0.827587 0.521733 0.827586 0.179221 0.804334 0.408825 0.804334 0.408825 0.827587 0.408825 0.827587 0.408825 0.804334 0.456397 0.804334 0.456397 0.869966 0.521733 0.890789 0.456397 0.890789 0.456397 0.869966 0.521733 0.869966 0.521733 0.890789 0.456397 0.84935 0.521733 0.869966 0.456397 0.869966 0.456397 0.84935 0.521733 0.84935 0.521733 0.869966 0.456397 0.84935 0.521733 0.827586 0.521733 0.84935 0.585085 0.84935 0.521733 0.84935 0.521733 0.827586 0.585085 0.869966 0.521733 0.84935 0.585085 0.84935 0.630175 0.84935 0.585085 0.869966 0.585085 0.84935 0.630175 0.84935 0.630176 0.869966 0.585085 0.869966 0.848159 0.84935 0.630176 0.869966 0.630175 0.84935 0.848159 0.84935 0.848159 0.869966 0.630176 0.869966 0.848159 0.869966 0.630176 0.890789 0.630176 0.869966 0.630176 0.869966 0.630176 0.890789 0.585085 0.890789 0.630176 0.869966 0.585085 0.890789 0.585085 0.869966 0.585085 0.890789 0.521733 0.869966 0.585085 0.869966 0.585085 0.869966 0.521733 0.869966 0.521733 0.84935 0.585085 0.890789 0.521733 0.890789 0.521733 0.869966 0.585085 0.890789 0.521733 0.91145 0.521733 0.890789 0.959765 0.849351 0.848159 0.84935 0.848159 0.827587 0.959766 0.869967 0.848159 0.84935 0.959765 0.849351 0.959766 0.869967 0.848159 0.869966 0.848159 0.84935 0.959766 0.869967 0.848159 0.890789 0.848159 0.869966 0.848159 0.869966 0.848159 0.890789 0.630176 0.890789 0.848159 0.890789 0.630176 0.91145 0.630176 0.890789 0.630176 0.91145 0.585085 0.890789 0.630176 0.890789 0.630176 0.91145 0.585085 0.91145 0.585085 0.890789 0.585085 0.890789 0.585085 0.91145 0.521733 0.91145 0.585085 0.91145 0.521733 0.93108 0.521733 0.91145 0.585085 0.91145 0.585085 0.93108 0.521733 0.93108 0.585085 0.93108 0.521733 0.947485 0.521733 0.93108 0.585085 0.93108 0.585085 0.947485 0.521733 0.947485 0.585085 0.968827 0.521733 0.947485 0.585085 0.947485 0.630176 0.947485 0.585085 0.968827 0.585085 0.947485 0.630176 0.947485 0.630176 0.968827 0.585085 0.968827 0.848158 0.947485 0.630176 0.968827 0.630176 0.947485 0.848158 0.947485 0.848158 0.968828 0.630176 0.968827 0.959766 0.947485 0.848158 0.968828 0.848158 0.947485 0.959766 0.947485 0.959765 0.968828 0.848158 0.968828 0.959766 0.869967 0.959766 0.890788 0.848159 0.890789 0.959766 0.890788 0.848158 0.911449 0.848159 0.890789 0.848159 0.890789 0.848158 0.911449 0.630176 0.91145 0.848158 0.911449 0.630176 0.93108 0.630176 0.91145 0.630176 0.93108 0.585085 0.91145 0.630176 0.91145 0.630176 0.93108 0.585085 0.93108 0.585085 0.91145 0.630176 0.947485 0.585085 0.93108 0.630176 0.93108 0.630176 0.947485 0.585085 0.947485 0.585085 0.93108 0.959765 0.93108 0.959766 0.947485 0.848158 0.947485 0.959765 0.93108 0.848158 0.947485 0.848158 0.931079 0.848158 0.931079 0.848158 0.947485 0.630176 0.947485 0.848158 0.931079 0.630176 0.947485 0.630176 0.93108 0.848158 0.911449 0.848158 0.931079 0.630176 0.93108 0.959766 0.91145 0.848158 0.931079 0.848158 0.911449 0.959766 0.890788 0.959766 0.91145 0.848158 0.911449 0.959766 0.91145 0.959765 0.93108 0.848158 0.931079 0.456397 0.968828 0.521733 0.947485 0.521733 0.968828 0.585085 0.968827 0.521733 0.968828 0.521733 0.947485 0.408825 0.968828 0.456397 0.947485 0.456397 0.968828 0.456397 0.968828 0.456397 0.947485 0.521733 0.947485 0.456397 0.947485 0.521733 0.93108 0.521733 0.947485 0.456397 0.890789 0.521733 0.890789 0.521733 0.91145 0.456397 0.890789 0.521733 0.91145 0.456397 0.91145 0.456397 0.91145 0.521733 0.91145 0.521733 0.93108 0.456397 0.91145 0.521733 0.93108 0.456397 0.93108 0.456397 0.947485 0.456397 0.93108 0.521733 0.93108 0.408825 0.947485 0.456397 0.93108 0.456397 0.947485 0.408825 0.968828 0.408825 0.947485 0.456397 0.947485 0.179221 0.968828 0.408825 0.947485 0.408825 0.968828 0.179221 0.968828 0.179221 0.947484 0.408825 0.947485 0.122994 0.968828 0.179221 0.947484 0.179221 0.968828 0.122994 0.968828 0.122994 0.947484 0.179221 0.947484 0.05719 0.947484 0.122994 0.947484 0.122994 0.968828 0.05719 0.931079 0.122994 0.947484 0.05719 0.947484 0.05719 0.931079 0.122994 0.931079 0.122994 0.947484 0.05719 0.931079 0.122994 0.911449 0.122994 0.931079 0.122994 0.911449 0.179221 0.931079 0.122994 0.931079 0.122994 0.911449 0.179221 0.911449 0.179221 0.931079 0.179221 0.931079 0.179221 0.911449 0.408825 0.911449 0.05719 0.947484 0.122994 0.968828 0.05719095 0.968828 0.122994 0.931079 0.179221 0.947484 0.122994 0.947484 0.122994 0.931079 0.179221 0.931079 0.179221 0.947484 0.179221 0.947484 0.179221 0.931079 0.408825 0.93108 0.179221 0.931079 0.408825 0.911449 0.408825 0.93108 0.408825 0.93108 0.408825 0.911449 0.456397 0.91145 0.408825 0.93108 0.456397 0.91145 0.456397 0.93108 0.408825 0.947485 0.408825 0.93108 0.456397 0.93108 0.179221 0.947484 0.408825 0.93108 0.408825 0.947485 0.179221 0.911449 0.179221 0.890789 0.408825 0.890789 0.122994 0.890789 0.179221 0.890789 0.179221 0.911449 0.122994 0.890789 0.179221 0.911449 0.122994 0.911449 0.05719 0.911449 0.122994 0.890789 0.122994 0.911449 0.05719 0.931079 0.05719 0.911449 0.122994 0.911449 0.122994 0.869966 0.179221 0.890789 0.122994 0.890789 0.122994 0.869966 0.179221 0.869966 0.179221 0.890789 0.122994 0.869966 0.179221 0.84935 0.179221 0.869966 0.122994 0.869966 0.122994 0.84935 0.179221 0.84935 0.122994 0.84935 0.179221 0.827587 0.179221 0.84935 0.122994 0.84935 0.122994 0.827587 0.179221 0.827587 0.05719 0.911449 0.05719095 0.890789 0.122994 0.890789 0.05719095 0.890789 0.122994 0.869966 0.122994 0.890789 0.05719095 0.890789 0.05719095 0.869966 0.122994 0.869966 0.05719 0.84935 0.122994 0.869966 0.05719095 0.869966 0.05719 0.84935 0.122994 0.84935 0.122994 0.869966 0.05719095 0.827587 0.122994 0.84935 0.05719 0.84935 0.05719095 0.827587 0.122994 0.827587 0.122994 0.84935 0.05719 0.804333 0.122994 0.827587 0.05719095 0.827587 0.05719 0.804333 0.122994 0.804333 0.122994 0.827587 0.122994 0.827587 0.122994 0.804333 0.179221 0.804334 0.122994 0.827587 0.179221 0.804334 0.179221 0.827587 0.179221 0.804334 0.408825 0.827587 0.179221 0.827587 0.179221 0.827587 0.408825 0.827587 0.408825 0.84935 0.179221 0.827587 0.408825 0.84935 0.179221 0.84935 0.179221 0.84935 0.408825 0.84935 0.408825 0.869966 0.179221 0.84935 0.408825 0.869966 0.179221 0.869966 0.179221 0.869966 0.408825 0.869966 0.408825 0.890789 0.179221 0.869966 0.408825 0.890789 0.179221 0.890789 0.03626495 0.869966 0.005243957 0.869966 0.005243957 0.849351 0.036264 0.890787 0.005243957 0.869966 0.03626495 0.869966 0.036264 0.890787 0.005243957 0.890787 0.005243957 0.869966 0.036264 0.890787 0.005243957 0.911449 0.005243957 0.890787 0.036264 0.890787 0.036264 0.911449 0.005243957 0.911449 0.036264 0.911449 0.005243957 0.931079 0.005243957 0.911449 0.05419099 0.804333 0.04537796 0.827587 0.04591196 0.804333 0.04537796 0.827587 0.036264 0.804333 0.04591196 0.804333 0.04537796 0.827587 0.036264 0.827587 0.036264 0.804333 0.036264 0.827587 0.005243957 0.804334 0.036264 0.804333 0.036264 0.827587 0.005243957 0.827587 0.005243957 0.804334 0.03626495 0.849351 0.005243957 0.827587 0.036264 0.827587 0.03626495 0.849351 0.005243957 0.849351 0.005243957 0.827587 0.03626495 0.869966 0.005243957 0.849351 0.03626495 0.849351 0.04471099 0.869966 0.03626495 0.869966 0.03626495 0.849351 0.04471099 0.869966 0.036264 0.890787 0.03626495 0.869966 0.04471099 0.869966 0.04494595 0.890787 0.036264 0.890787 0.04494595 0.890787 0.036264 0.911449 0.036264 0.890787 0.04494595 0.890787 0.04544097 0.911449 0.036264 0.911449 0.04544097 0.911449 0.036264 0.931079 0.036264 0.911449 0.036264 0.911449 0.036264 0.931079 0.005243957 0.931079 0.036264 0.931079 0.005243957 0.947485 0.005243957 0.931079 0.04471099 0.869966 0.03626495 0.849351 0.04491597 0.84935 0.04491597 0.84935 0.03626495 0.849351 0.036264 0.827587 0.04491597 0.84935 0.036264 0.827587 0.04537796 0.827587 0.05419099 0.804333 0.05419099 0.827587 0.04537796 0.827587 0.05419099 0.84935 0.04537796 0.827587 0.05419099 0.827587 0.05419099 0.84935 0.04491597 0.84935 0.04537796 0.827587 0.05419099 0.869966 0.04491597 0.84935 0.05419099 0.84935 0.05419099 0.869966 0.04471099 0.869966 0.04491597 0.84935 0.05419099 0.890786 0.04471099 0.869966 0.05419099 0.869966 0.05419099 0.890786 0.04494595 0.890787 0.04471099 0.869966 0.05419099 0.911449 0.04494595 0.890787 0.05419099 0.890786 0.05419099 0.911449 0.04544097 0.911449 0.04494595 0.890787 0.05419099 0.911449 0.04596298 0.931079 0.04544097 0.911449 0.04544097 0.911449 0.04596298 0.931079 0.036264 0.931079 0.04596298 0.931079 0.036264 0.947484 0.036264 0.931079 0.036264 0.931079 0.036264 0.947484 0.005243957 0.947485 0.036264 0.947484 0.005242943 0.968827 0.005243957 0.947485 0.036264 0.947484 0.036264 0.968827 0.005242943 0.968827 0.04622596 0.947484 0.036264 0.968827 0.036264 0.947484 0.04622596 0.947484 0.04591196 0.968827 0.036264 0.968827 0.05419099 0.947484 0.04591196 0.968827 0.04622596 0.947484 0.281328 0.947484 0.294743 0.931079 0.294743 0.947485 0.281328 0.947484 0.281328 0.931079 0.294743 0.931079 0.281328 0.931079 0.281328 0.947484 0.05419099 0.947484 0.281328 0.931079 0.05419099 0.947484 0.05419099 0.931079 0.05419099 0.931079 0.05419099 0.947484 0.04622596 0.947484 0.05419099 0.931079 0.04622596 0.947484 0.04596298 0.931079 0.04596298 0.931079 0.04622596 0.947484 0.036264 0.947484 0.05419099 0.911449 0.05419099 0.931079 0.04596298 0.931079 0.281328 0.911449 0.05419099 0.931079 0.05419099 0.911449 0.281328 0.911449 0.281328 0.931079 0.05419099 0.931079 0.294743 0.849351 0.281328 0.827587 0.294743 0.827586 0.294743 0.849351 0.281328 0.84935 0.281328 0.827587 0.281328 0.84935 0.05419099 0.827587 0.281328 0.827587 0.281328 0.84935 0.05419099 0.84935 0.05419099 0.827587 0.281328 0.869966 0.05419099 0.84935 0.281328 0.84935 0.281328 0.869966 0.05419099 0.869966 0.05419099 0.84935 0.281328 0.890787 0.05419099 0.869966 0.281328 0.869966 0.281328 0.890787 0.05419099 0.890786 0.05419099 0.869966 0.281328 0.890787 0.05419099 0.911449 0.05419099 0.890786 0.281328 0.890787 0.281328 0.911449 0.05419099 0.911449 0.281328 0.911449 0.281328 0.890787 0.294743 0.890787 0.281328 0.911449 0.294743 0.890787 0.294743 0.911449 0.281328 0.931079 0.281328 0.911449 0.294743 0.911449 0.281328 0.931079 0.294743 0.911449 0.294743 0.931079 0.294743 0.911449 0.361252 0.93108 0.294743 0.931079 0.294743 0.869966 0.281328 0.84935 0.294743 0.849351 0.294743 0.869966 0.281328 0.869966 0.281328 0.84935 0.294743 0.890787 0.281328 0.869966 0.294743 0.869966 0.294743 0.890787 0.281328 0.890787 0.281328 0.869966 0.372773 0.93108 0.607895 0.911449 0.607895 0.931079 0.372773 0.93108 0.372772 0.911449 0.607895 0.911449 0.361252 0.93108 0.372772 0.911449 0.372773 0.93108 0.361252 0.93108 0.361252 0.911449 0.372772 0.911449 0.294743 0.911449 0.361252 0.911449 0.361252 0.93108 0.294743 0.911449 0.361252 0.890787 0.361252 0.911449 0.294743 0.911449 0.294743 0.890787 0.361252 0.890787 0.294743 0.890787 0.361252 0.869966 0.361252 0.890787 0.294743 0.890787 0.294743 0.869966 0.361252 0.869966 0.294743 0.869966 0.361253 0.849351 0.361252 0.869966 0.294743 0.869966 0.294743 0.849351 0.361253 0.849351 0.294743 0.849351 0.361252 0.827587 0.361253 0.849351 0.294743 0.849351 0.294743 0.827586 0.361252 0.827587 0.294743 0.804334 0.361252 0.827587 0.294743 0.827586 0.294743 0.827586 0.281328 0.804333 0.294743 0.804334 0.294743 0.827586 0.281328 0.827587 0.281328 0.804333 0.281328 0.827587 0.05419099 0.804333 0.281328 0.804333 0.281328 0.827587 0.05419099 0.827587 0.05419099 0.804333 0.294743 0.804334 0.361252 0.804334 0.361252 0.827587 0.361252 0.890787 0.361252 0.869966 0.372772 0.869966 0.361252 0.890787 0.372772 0.869966 0.372772 0.890787 0.361252 0.911449 0.361252 0.890787 0.372772 0.890787 0.361252 0.911449 0.372772 0.890787 0.372772 0.911449 0.372772 0.911449 0.372772 0.890787 0.607895 0.890787 0.372772 0.911449 0.607895 0.890787 0.607895 0.911449 0.607895 0.911449 0.607895 0.890787 0.695817 0.890787 0.607895 0.911449 0.695817 0.890787 0.695817 0.911449 0.607895 0.911449 0.695817 0.911449 0.695818 0.931079 0.607895 0.911449 0.695818 0.931079 0.607895 0.931079 0.607895 0.931079 0.695818 0.931079 0.695818 0.947485 0.607895 0.931079 0.695818 0.947485 0.607895 0.947485 0.372773 0.93108 0.607895 0.931079 0.607895 0.947485 0.372773 0.93108 0.607895 0.947485 0.372773 0.947485 0.372773 0.947485 0.361252 0.93108 0.372773 0.93108 0.372773 0.947485 0.361252 0.947485 0.361252 0.93108 0.294743 0.931079 0.361252 0.93108 0.361252 0.947485 0.294743 0.931079 0.361252 0.947485 0.294743 0.947485 0.607895 0.890787 0.695817 0.869966 0.695817 0.890787 0.607895 0.890787 0.607895 0.869966 0.695817 0.869966 0.372772 0.890787 0.607895 0.869966 0.607895 0.890787 0.372772 0.890787 0.372772 0.869966 0.607895 0.869966 0.607895 0.869966 0.607895 0.849351 0.695817 0.84935 0.372772 0.869966 0.607895 0.849351 0.607895 0.869966 0.372772 0.869966 0.372773 0.849351 0.607895 0.849351 0.695817 0.84935 0.695818 0.827587 0.706606 0.827587 0.607895 0.849351 0.695818 0.827587 0.695817 0.84935 0.607895 0.849351 0.607895 0.827586 0.695818 0.827587 0.372773 0.849351 0.607895 0.827586 0.607895 0.849351 0.372773 0.849351 0.372773 0.827586 0.607895 0.827586 0.607895 0.869966 0.695817 0.84935 0.695817 0.869966 0.695817 0.869966 0.695817 0.84935 0.706606 0.849351 0.695817 0.84935 0.706606 0.827587 0.706606 0.849351 0.706606 0.849351 0.706606 0.827587 0.783418 0.827587 0.706606 0.827587 0.783418 0.804334 0.783418 0.827587 0.706606 0.827587 0.706606 0.804334 0.783418 0.804334 0.695818 0.827587 0.706606 0.804334 0.706606 0.827587 0.695818 0.827587 0.695817 0.804333 0.706606 0.804334 0.607895 0.827586 0.695817 0.804333 0.695818 0.827587 0.607895 0.827586 0.607895 0.804334 0.695817 0.804333 0.372773 0.804334 0.607895 0.804334 0.607895 0.827586 0.372773 0.804334 0.607895 0.827586 0.372773 0.827586 0.372773 0.827586 0.361252 0.804334 0.372773 0.804334 0.372773 0.827586 0.361252 0.827587 0.361252 0.804334 0.372773 0.849351 0.361252 0.827587 0.372773 0.827586 0.372773 0.849351 0.361253 0.849351 0.361252 0.827587 0.372772 0.869966 0.361253 0.849351 0.372773 0.849351 0.372772 0.869966 0.361252 0.869966 0.361253 0.849351 0.706606 0.911449 0.695817 0.911449 0.695817 0.890787 0.706606 0.911449 0.695817 0.890787 0.706606 0.890787 0.706606 0.890787 0.695817 0.890787 0.695817 0.869966 0.706606 0.890787 0.695817 0.869966 0.706606 0.869966 0.695817 0.869966 0.706606 0.849351 0.706606 0.869966 0.706606 0.869966 0.706606 0.849351 0.783418 0.849351 0.706606 0.849351 0.783418 0.827587 0.783418 0.849351 0.783418 0.849351 0.783418 0.827587 0.807278 0.827587 0.783418 0.804334 0.807278 0.827587 0.783418 0.827587 0.783418 0.804334 0.807278 0.804333 0.807278 0.827587 0.807278 0.827587 0.807278 0.804333 0.848283 0.804334 0.807278 0.827587 0.848283 0.804334 0.848283 0.827586 0.848283 0.804334 0.878225 0.827587 0.848283 0.827586 0.848283 0.827586 0.878225 0.827587 0.878225 0.849351 0.878225 0.849351 0.878225 0.827587 0.928832 0.827588 0.878225 0.849351 0.928832 0.827588 0.928832 0.849351 0.928832 0.849351 0.928832 0.827588 0.989992 0.827588 0.928832 0.849351 0.989992 0.827588 0.989992 0.849351 0.848283 0.804334 0.878225 0.804334 0.878225 0.827587 0.878225 0.804334 0.928832 0.827588 0.878225 0.827587 0.878225 0.804334 0.928832 0.804334 0.928832 0.827588 0.928832 0.804334 0.989992 0.827588 0.928832 0.827588 0.928832 0.804334 0.989992 0.804334 0.989992 0.827588 0.706606 0.890787 0.783418 0.911449 0.706606 0.911449 0.706606 0.890787 0.783418 0.890787 0.783418 0.911449 0.783418 0.911449 0.783418 0.890787 0.807278 0.890787 0.783418 0.890787 0.807278 0.869966 0.807278 0.890787 0.807278 0.890787 0.807278 0.869966 0.848283 0.869966 0.807278 0.869966 0.848283 0.849351 0.848283 0.869966 0.848283 0.869966 0.848283 0.849351 0.878225 0.849351 0.848283 0.827586 0.878225 0.849351 0.848283 0.849351 0.807278 0.84935 0.848283 0.827586 0.848283 0.849351 0.807278 0.84935 0.807278 0.827587 0.848283 0.827586 0.783418 0.849351 0.807278 0.827587 0.807278 0.84935 0.783418 0.869966 0.783418 0.849351 0.807278 0.84935 0.706606 0.869966 0.783418 0.849351 0.783418 0.869966 0.706606 0.869966 0.783418 0.869966 0.783418 0.890787 0.706606 0.869966 0.783418 0.890787 0.706606 0.890787 0.783418 0.890787 0.783418 0.869966 0.807278 0.869966 0.783418 0.869966 0.807278 0.84935 0.807278 0.869966 0.807278 0.869966 0.807278 0.84935 0.848283 0.849351 0.848283 0.890787 0.848283 0.869966 0.878225 0.869967 0.807278 0.890787 0.848283 0.869966 0.848283 0.890787 0.807278 0.890787 0.848283 0.890787 0.848283 0.911449 0.807278 0.890787 0.848283 0.911449 0.807278 0.911449 0.807278 0.911449 0.848283 0.911449 0.848283 0.931079 0.807278 0.911449 0.848283 0.931079 0.807278 0.931079 0.783418 0.911449 0.807278 0.911449 0.807278 0.931079 0.783418 0.911449 0.807278 0.890787 0.807278 0.911449 0.848283 0.931079 0.878225 0.911449 0.878225 0.931079 0.848283 0.931079 0.848283 0.911449 0.878225 0.911449 0.848283 0.911449 0.878225 0.890789 0.878225 0.911449 0.848283 0.911449 0.848283 0.890787 0.878225 0.890789 0.848283 0.890787 0.878225 0.869967 0.878225 0.890789 0.706606 0.911449 0.783418 0.911449 0.783418 0.931079 0.783418 0.911449 0.807278 0.931079 0.783418 0.931079 0.783418 0.931079 0.807278 0.931079 0.807278 0.947485 0.807278 0.931079 0.848283 0.947484 0.807278 0.947485 0.807278 0.931079 0.848283 0.931079 0.848283 0.947484 0.848283 0.931079 0.878225 0.947485 0.848283 0.947484 0.848283 0.931079 0.878225 0.931079 0.878225 0.947485 0.878225 0.931079 0.928832 0.947485 0.878225 0.947485 0.878225 0.931079 0.928832 0.93108 0.928832 0.947485 0.878225 0.911449 0.928832 0.93108 0.878225 0.931079 0.878225 0.911449 0.928832 0.911449 0.928832 0.93108 0.878225 0.911449 0.928832 0.890787 0.928832 0.911449 0.878225 0.911449 0.878225 0.890789 0.928832 0.890787 0.878225 0.890789 0.928832 0.869966 0.928832 0.890787 0.878225 0.890789 0.878225 0.869967 0.928832 0.869966 0.878225 0.869967 0.928832 0.849351 0.928832 0.869966 0.878225 0.869967 0.878225 0.849351 0.928832 0.849351 0.848283 0.869966 0.878225 0.849351 0.878225 0.869967 0.706606 0.911449 0.783418 0.931079 0.706606 0.931079 0.706606 0.931079 0.783418 0.931079 0.783418 0.947485 0.783418 0.931079 0.807278 0.947485 0.783418 0.947485 0.706606 0.931079 0.783418 0.947485 0.706606 0.947485 0.928832 0.869966 0.928832 0.849351 0.989992 0.849351 0.928832 0.869966 0.989992 0.849351 0.989992 0.869966 0.928832 0.890787 0.928832 0.869966 0.989992 0.869966 0.928832 0.890787 0.989992 0.869966 0.989992 0.890789 0.928832 0.911449 0.928832 0.890787 0.989992 0.890789 0.928832 0.911449 0.989992 0.890789 0.989992 0.911449 0.928832 0.911449 0.989992 0.911449 0.989992 0.931079 0.928832 0.911449 0.989992 0.931079 0.928832 0.93108 0.928832 0.93108 0.989992 0.931079 0.989992 0.947485 0.928832 0.93108 0.989992 0.947485 0.928832 0.947485 0.928832 0.947485 0.989992 0.947485 0.989992 0.968829 0.928832 0.947485 0.989992 0.968829 0.928832 0.968828 0.878225 0.947485 0.928832 0.947485 0.928832 0.968828 0.878225 0.947485 0.928832 0.968828 0.878225 0.968829 0.848283 0.947484 0.878225 0.947485 0.878225 0.968829 0.848283 0.947484 0.878225 0.968829 0.848283 0.968828 0.807278 0.947485 0.848283 0.947484 0.848283 0.968828 0.807278 0.947485 0.848283 0.968828 0.807278 0.968828 0.783418 0.947485 0.807278 0.947485 0.807278 0.968828 0.783418 0.947485 0.807278 0.968828 0.783418 0.968828 0.706606 0.968828 0.783418 0.947485 0.783418 0.968828 0.706606 0.968828 0.706606 0.947485 0.783418 0.947485 0.695817 0.968828 0.706606 0.947485 0.706606 0.968828 0.05419099 0.947484 0.05419099 0.968827 0.04591196 0.968827 0.281328 0.947484 0.05419099 0.968827 0.05419099 0.947484 0.281328 0.947484 0.281328 0.968828 0.05419099 0.968827 0.281328 0.968828 0.281328 0.947484 0.294743 0.947485 0.281328 0.968828 0.294743 0.947485 0.294743 0.968827 0.294743 0.947485 0.361252 0.968828 0.294743 0.968827 0.294743 0.947485 0.361252 0.947485 0.361252 0.968828 0.372773 0.968827 0.361252 0.968828 0.361252 0.947485 0.372773 0.968827 0.361252 0.947485 0.372773 0.947485 0.372773 0.947485 0.607895 0.968827 0.372773 0.968827 0.372773 0.947485 0.607895 0.947485 0.607895 0.968827 0.607895 0.947485 0.695817 0.968828 0.607895 0.968827 0.607895 0.947485 0.695818 0.947485 0.695817 0.968828 0.695817 0.968828 0.695818 0.947485 0.706606 0.947485 0.706606 0.947485 0.695818 0.947485 0.695818 0.931079 0.706606 0.947485 0.695818 0.931079 0.706606 0.931079 0.706606 0.931079 0.695818 0.931079 0.695817 0.911449 0.706606 0.931079 0.695817 0.911449 0.706606 0.911449 0.810173 0.678532 0.766877 0.702728 0.762931 0.67899 0.810173 0.678532 0.810946 0.699515 0.766877 0.702728 0.823529 0.26469 0.781874 0.255959 0.823529 0.255959 0.823529 0.26469 0.781874 0.26469 0.781874 0.255959 0.823529 0.1798149 0.781874 0.171084 0.823528 0.171084 0.823529 0.1798149 0.781874 0.1798149 0.781874 0.171084 0.781874 0.219633 0.823529 0.1798149 0.823529 0.219633 0.781874 0.219633 0.781874 0.1798149 0.823529 0.1798149 0.781874 0.26469 0.823529 0.255959 0.823529 0.26469 0.781874 0.26469 0.781874 0.255959 0.823529 0.255959 0.823529 0.255959 0.781874 0.219633 0.823529 0.219633 0.823529 0.255959 0.781874 0.255959 0.781874 0.219633 0.741685 0.268062 0.741685 0.228244 0.757843 0.228244 0.741685 0.268062 0.757843 0.228244 0.757843 0.276793 0.705359 0.276793 0.741685 0.268062 0.757843 0.276793 0.705359 0.276793 0.705359 0.268062 0.741685 0.268062 0.738609 0.254756 0.696955 0.263487 0.696955 0.254757 0.738609 0.254756 0.738609 0.263487 0.696955 0.263487 0.738609 0.2149389 0.696955 0.254757 0.696955 0.2149389 0.738609 0.2149389 0.738609 0.254756 0.696955 0.254757 0.696955 0.169881 0.738609 0.1786119 0.696955 0.1786119 0.696955 0.169881 0.738609 0.169881 0.738609 0.1786119 0.778352 0.166509 0.778352 0.206327 0.762195 0.206327 0.778352 0.166509 0.762195 0.206327 0.762195 0.157779 0.814679 0.157779 0.778352 0.166509 0.762195 0.157779 0.814679 0.157779 0.814679 0.166509 0.778352 0.166509 0.933184 0.005926966 0.932977 0.008489966 0.929703 0.005926966 0.933184 0.005926966 0.936055 0.008475959 0.932977 0.008489966 0.936055 0.008475959 0.934192 0.01262295 0.932977 0.008489966 0.936055 0.008475959 0.938756 0.01261997 0.934192 0.01262295 0.938756 0.01261997 0.934192 0.105957 0.934192 0.01262295 0.938756 0.01261997 0.938757 0.105954 0.934192 0.105957 0.579482 0.314575 0.537315 0.153581 0.579482 0.1490409 0.579482 0.314575 0.537315 0.310035 0.537315 0.153581 0.629131 0.321248 0.586965 0.151991 0.629131 0.14467 0.629131 0.321248 0.586965 0.313927 0.586965 0.151991 0.48593 0.153581 0.528096 0.314575 0.48593 0.310035 0.48593 0.153581 0.528096 0.1490409 0.528096 0.314575 0.681142 0.321767 0.638975 0.15251 0.681142 0.145188 0.681142 0.321767 0.638975 0.314445 0.638975 0.15251 0.703641 0.105957 0.934192 0.01262295 0.934192 0.105957 0.703641 0.105957 0.703642 0.01262295 0.934192 0.01262295 0.934192 0.01262295 0.703642 0.01262295 0.704861 0.008489966 0.934192 0.01262295 0.704861 0.008489966 0.932977 0.008489966 0.932977 0.008489966 0.704861 0.008489966 0.708136 0.005924999 0.932977 0.008489966 0.708136 0.005924999 0.929703 0.005926966 0.761151 0.2279829 0.777308 0.2279829 0.777308 0.267801 0.761151 0.2279829 0.777308 0.267801 0.761151 0.276532 0.777308 0.267801 0.813635 0.276532 0.761151 0.276532 0.777308 0.267801 0.813635 0.267801 0.813635 0.276532 0.278559 0.136829 0.450123 0.218288 0.278559 0.218288 0.278559 0.136829 0.450123 0.136829 0.450123 0.218288 0.426179 0.38306 0.418752 0.356558 0.426179 0.356558 0.426179 0.38306 0.418752 0.38306 0.418752 0.356558 0.563429 0.336127 0.555199 0.376796 0.55421 0.336127 0.563429 0.336127 0.562623 0.378059 0.555199 0.376796 0.364629 0.356558 0.418752 0.38306 0.364629 0.38306 0.364629 0.356558 0.418752 0.356558 0.418752 0.38306 0.542526 0.336127 0.55078 0.376796 0.543356 0.378059 0.542526 0.336127 0.551745 0.336127 0.55078 0.376796 0.479065 0.356558 0.426179 0.38306 0.426179 0.356558 0.479065 0.356558 0.479065 0.38306 0.426179 0.38306 0.04146999 0.450388 0.02189898 0.478481 0.02195298 0.450376 0.02209299 0.394799 0.04146999 0.450388 0.02195298 0.450376 0.02209299 0.394799 0.04116594 0.394085 0.04146999 0.450388 0.304395 0.38306 0.297436 0.356558 0.30435 0.356558 0.304395 0.38306 0.297436 0.38306 0.297436 0.356558 0.242884 0.356558 0.297436 0.38306 0.242884 0.38306 0.242884 0.356558 0.297436 0.356558 0.297436 0.38306 0.539092 0.336127 0.529411 0.37705 0.530868 0.336127 0.539092 0.336127 0.534665 0.379727 0.529411 0.37705 0.356257 0.356558 0.304395 0.38306 0.30435 0.356558 0.356257 0.356558 0.356306 0.38306 0.304395 0.38306 0.517203 0.336127 0.526908 0.37705 0.521654 0.379727 0.517203 0.336127 0.525428 0.336127 0.526908 0.37705 0.187483 0.383364 0.180056 0.356861 0.187483 0.356861 0.187483 0.383364 0.180056 0.383364 0.180056 0.356861 0.2205229 0.356861 0.187483 0.383364 0.187483 0.356861 0.2205229 0.356861 0.2205229 0.383364 0.187483 0.383364 0.505721 0.336127 0.515079 0.379562 0.508565 0.381378 0.505721 0.336127 0.514604 0.336127 0.515079 0.379562 0.503699 0.336127 0.494365 0.379562 0.494816 0.336127 0.503699 0.336127 0.500879 0.381378 0.494365 0.379562 0.849402 0.551882 0.873329 0.599098 0.849402 0.599098 0.849402 0.551882 0.873329 0.551882 0.873329 0.599098 0.873329 0.551882 0.897257 0.599098 0.873329 0.599098 0.873329 0.551882 0.897257 0.551882 0.897257 0.599098 0.921184 0.551882 0.897257 0.599098 0.897257 0.551882 0.921184 0.551882 0.921184 0.599098 0.897257 0.599098 0.945112 0.551882 0.921184 0.599098 0.921184 0.551882 0.945112 0.551882 0.945112 0.599098 0.921184 0.599098 0.969039 0.551882 0.945112 0.599098 0.945112 0.551882 0.969039 0.551882 0.969039 0.599098 0.945112 0.599098 0.992967 0.551882 0.969039 0.599098 0.969039 0.551882 0.992967 0.551882 0.992967 0.599098 0.969039 0.599098 0.758887 0.206588 0.74273 0.206588 0.74273 0.16677 0.758887 0.206588 0.74273 0.16677 0.758887 0.15804 0.74273 0.16677 0.706403 0.15804 0.758887 0.15804 0.74273 0.16677 0.706403 0.16677 0.706403 0.15804 0.881557 0.255832 0.898328 0.407149 0.881557 0.407149 0.881557 0.255832 0.898328 0.255832 0.898328 0.407149 0.915099 0.255832 0.898328 0.407149 0.898328 0.255832 0.915099 0.255832 0.915099 0.407149 0.898328 0.407149 0.93187 0.255832 0.915099 0.407149 0.915099 0.255832 0.93187 0.255832 0.93187 0.407149 0.915099 0.407149 0.93187 0.255832 0.948641 0.407149 0.93187 0.407149 0.93187 0.255832 0.948641 0.255832 0.948641 0.407149 0.948641 0.255832 0.965412 0.407149 0.948641 0.407149 0.948641 0.255832 0.965412 0.255832 0.965412 0.407149 0.982183 0.255832 0.965412 0.407149 0.965412 0.255832 0.982183 0.255832 0.982183 0.407149 0.965412 0.407149 0.738609 0.1786119 0.738609 0.2149389 0.731288 0.2020969 0.731288 0.2020969 0.738609 0.2149389 0.722307 0.2102209 0.696955 0.2149389 0.722307 0.2102209 0.738609 0.2149389 0.696955 0.2149389 0.711967 0.210412 0.722307 0.2102209 0.711967 0.210412 0.696955 0.2149389 0.702413 0.201833 0.696955 0.1786119 0.702413 0.201833 0.696955 0.2149389 0.696955 0.1786119 0.702652 0.19091 0.702413 0.201833 0.702652 0.19091 0.696955 0.1786119 0.711745 0.182695 0.696955 0.1786119 0.722058 0.18288 0.711745 0.182695 0.696955 0.1786119 0.738609 0.1786119 0.722058 0.18288 0.738609 0.1786119 0.73171 0.1905 0.722058 0.18288 0.738609 0.1786119 0.731288 0.2020969 0.73171 0.1905 0.849402 0.551882 0.873329 0.599098 0.849402 0.599098 0.849402 0.551882 0.873329 0.551882 0.873329 0.599098 0.873329 0.551882 0.897257 0.599098 0.873329 0.599098 0.873329 0.551882 0.897257 0.551882 0.897257 0.599098 0.921184 0.551882 0.897257 0.599098 0.897257 0.551882 0.921184 0.551882 0.921184 0.599098 0.897257 0.599098 0.921184 0.551882 0.945112 0.599098 0.921184 0.599098 0.921184 0.551882 0.945112 0.551882 0.945112 0.599098 0.945112 0.551882 0.969039 0.599098 0.945112 0.599098 0.945112 0.551882 0.969039 0.551882 0.969039 0.599098 0.992967 0.551882 0.969039 0.599098 0.969039 0.551882 0.992967 0.551882 0.992967 0.599098 0.969039 0.599098 0.382452 0.288059 0.368901 0.312156 0.364795 0.308142 0.368901 0.312156 0.343567 0.320719 0.364795 0.308142 0.368901 0.312156 0.345116 0.326249 0.343567 0.320719 0.345116 0.326249 0.318895 0.320998 0.343567 0.320719 0.345116 0.326249 0.317472 0.326561 0.318895 0.320998 0.317472 0.326561 0.297389 0.308903 0.318895 0.320998 0.317472 0.326561 0.293375 0.313009 0.297389 0.308903 0.293375 0.313009 0.284812 0.287676 0.297389 0.308903 0.293375 0.313009 0.279282 0.289225 0.284812 0.287676 0.279282 0.289225 0.284533 0.263004 0.284812 0.287676 0.279282 0.289225 0.27897 0.26158 0.284533 0.263004 0.27897 0.26158 0.296628 0.2414979 0.284533 0.263004 0.27897 0.26158 0.292522 0.237484 0.296628 0.2414979 0.316306 0.2233909 0.296628 0.2414979 0.292522 0.237484 0.316306 0.2233909 0.317855 0.22892 0.296628 0.2414979 0.343951 0.223079 0.317855 0.22892 0.316306 0.2233909 0.343951 0.223079 0.342527 0.228642 0.317855 0.22892 0.368047 0.23663 0.342527 0.228642 0.343951 0.223079 0.368047 0.23663 0.364033 0.240736 0.342527 0.228642 0.38214 0.260415 0.364033 0.240736 0.368047 0.23663 0.38214 0.260415 0.376611 0.261964 0.364033 0.240736 0.38214 0.260415 0.376889 0.286636 0.376611 0.261964 0.38214 0.260415 0.382452 0.288059 0.376889 0.286636 0.382452 0.288059 0.364795 0.308142 0.376889 0.286636 0.364795 0.308142 0.343567 0.320719 0.330711 0.27482 0.343567 0.320719 0.318895 0.320998 0.330711 0.27482 0.318895 0.320998 0.297389 0.308903 0.330711 0.27482 0.297389 0.308903 0.284812 0.287676 0.330711 0.27482 0.284812 0.287676 0.284533 0.263004 0.330711 0.27482 0.284533 0.263004 0.296628 0.2414979 0.330711 0.27482 0.296628 0.2414979 0.317855 0.22892 0.330711 0.27482 0.317855 0.22892 0.342527 0.228642 0.330711 0.27482 0.342527 0.228642 0.364033 0.240736 0.330711 0.27482 0.364033 0.240736 0.376611 0.261964 0.330711 0.27482 0.376611 0.261964 0.376889 0.286636 0.330711 0.27482 0.376889 0.286636 0.364795 0.308142 0.330711 0.27482 0.747411 0.116207 0.721291 0.134999 0.721291 0.116207 0.747411 0.116207 0.747411 0.134999 0.721291 0.134999 0.747411 0.116207 0.773531 0.134999 0.747411 0.134999 0.747411 0.116207 0.773531 0.116207 0.773531 0.134999 0.773531 0.116207 0.79965 0.134999 0.773531 0.134999 0.773531 0.116207 0.79965 0.116207 0.79965 0.134999 0.512333 0.116207 0.486213 0.134999 0.486213 0.116207 0.512333 0.116207 0.512333 0.134999 0.486213 0.134999 0.538453 0.116207 0.512333 0.134999 0.512333 0.116207 0.538453 0.116207 0.538453 0.134999 0.512333 0.134999 0.538453 0.116207 0.564572 0.134999 0.538453 0.134999 0.538453 0.116207 0.564572 0.116207 0.564572 0.134999 0.564572 0.116207 0.590692 0.134999 0.564572 0.134999 0.564572 0.116207 0.590692 0.116207 0.590692 0.134999 0.590692 0.116207 0.616812 0.134999 0.590692 0.134999 0.590692 0.116207 0.616812 0.116207 0.616812 0.134999 0.642932 0.116207 0.616812 0.134999 0.616812 0.116207 0.642932 0.116207 0.642932 0.134999 0.616812 0.134999 0.669052 0.116207 0.642932 0.134999 0.642932 0.116207 0.669052 0.116207 0.669052 0.134999 0.642932 0.134999 0.669052 0.116207 0.695171 0.134999 0.669052 0.134999 0.669052 0.116207 0.695171 0.116207 0.695171 0.134999 0.721291 0.116207 0.695171 0.134999 0.695171 0.116207 0.721291 0.116207 0.721291 0.134999 0.695171 0.134999 0.881557 0.255832 0.898328 0.407149 0.881557 0.407149 0.881557 0.255832 0.898328 0.255832 0.898328 0.407149 0.915099 0.255832 0.898328 0.407149 0.898328 0.255832 0.915099 0.255832 0.915099 0.407149 0.898328 0.407149 0.93187 0.255832 0.915099 0.407149 0.915099 0.255832 0.93187 0.255832 0.93187 0.407149 0.915099 0.407149 0.948641 0.255832 0.93187 0.407149 0.93187 0.255832 0.948641 0.255832 0.948641 0.407149 0.93187 0.407149 0.948641 0.255832 0.965412 0.407149 0.948641 0.407149 0.948641 0.255832 0.965412 0.255832 0.965412 0.407149 0.965412 0.255832 0.982183 0.407149 0.965412 0.407149 0.965412 0.255832 0.982183 0.255832 0.982183 0.407149 0.881557 0.255832 0.898328 0.407149 0.881557 0.407149 0.881557 0.255832 0.898328 0.255832 0.898328 0.407149 0.915099 0.255832 0.898328 0.407149 0.898328 0.255832 0.915099 0.255832 0.915099 0.407149 0.898328 0.407149 0.915099 0.255832 0.93187 0.407149 0.915099 0.407149 0.915099 0.255832 0.93187 0.255832 0.93187 0.407149 0.948641 0.255832 0.93187 0.407149 0.93187 0.255832 0.948641 0.255832 0.948641 0.407149 0.93187 0.407149 0.948641 0.255832 0.965412 0.407149 0.948641 0.407149 0.948641 0.255832 0.965412 0.255832 0.965412 0.407149 0.982183 0.255832 0.965412 0.407149 0.965412 0.255832 0.982183 0.255832 0.982183 0.407149 0.965412 0.407149 0.235013 0.01261997 0.239582 0.105954 0.235013 0.105954 0.235013 0.01261997 0.239582 0.01261997 0.239582 0.105954 0.233876 0.008664965 0.239582 0.01261997 0.235013 0.01261997 0.233876 0.008664965 0.237487 0.008664965 0.239582 0.01261997 0.230437 0.005921959 0.237487 0.008664965 0.233876 0.008664965 0.230437 0.005921959 0.234192 0.005941987 0.237487 0.008664965 0.699073 0.01262295 0.703641 0.105957 0.699072 0.105957 0.699073 0.01262295 0.703642 0.01262295 0.703641 0.105957 0.698166 0.008668959 0.703642 0.01262295 0.699073 0.01262295 0.698166 0.008668959 0.701855 0.008668959 0.703642 0.01262295 0.694497 0.005922973 0.701855 0.008668959 0.698166 0.008668959 0.694497 0.005922973 0.699023 0.005922973 0.701855 0.008668959 0.470137 0.01262098 0.474705 0.105955 0.470136 0.105955 0.470137 0.01262098 0.474706 0.01262098 0.474705 0.105955 0.47199 0.008475959 0.474706 0.01262098 0.470137 0.01262098 0.47199 0.008475959 0.470137 0.01262098 0.468918 0.008487999 0.469053 0.005921959 0.47199 0.008475959 0.468918 0.008487999 0.469053 0.005921959 0.468918 0.008487999 0.465643 0.005921959 0.849402 0.551882 0.873329 0.599098 0.849402 0.599098 0.849402 0.551882 0.873329 0.551882 0.873329 0.599098 0.897257 0.551882 0.873329 0.599098 0.873329 0.551882 0.897257 0.551882 0.897257 0.599098 0.873329 0.599098 0.897257 0.551882 0.921184 0.599098 0.897257 0.599098 0.897257 0.551882 0.921184 0.551882 0.921184 0.599098 0.921184 0.551882 0.945112 0.599098 0.921184 0.599098 0.921184 0.551882 0.945112 0.551882 0.945112 0.599098 0.969039 0.551882 0.945112 0.599098 0.945112 0.551882 0.969039 0.551882 0.969039 0.599098 0.945112 0.599098 0.969039 0.551882 0.992967 0.599098 0.969039 0.599098 0.969039 0.551882 0.992967 0.551882 0.992967 0.599098 0.881557 0.255832 0.898328 0.407149 0.881557 0.407149 0.881557 0.255832 0.898328 0.255832 0.898328 0.407149 0.898328 0.255832 0.915099 0.407149 0.898328 0.407149 0.898328 0.255832 0.915099 0.255832 0.915099 0.407149 0.915099 0.255832 0.93187 0.407149 0.915099 0.407149 0.915099 0.255832 0.93187 0.255832 0.93187 0.407149 0.948641 0.255832 0.93187 0.407149 0.93187 0.255832 0.948641 0.255832 0.948641 0.407149 0.93187 0.407149 0.948641 0.255832 0.965412 0.407149 0.948641 0.407149 0.948641 0.255832 0.965412 0.255832 0.965412 0.407149 0.982183 0.255832 0.965412 0.407149 0.965412 0.255832 0.982183 0.255832 0.982183 0.407149 0.965412 0.407149 0.012537 0.123059 0.01466298 0.346752 0.012537 0.344626 0.012537 0.123059 0.2303439 0.346752 0.01466298 0.346752 0.012537 0.123059 0.23247 0.344627 0.2303439 0.346752 0.012537 0.123059 0.23247 0.123059 0.23247 0.344627 0.012537 0.123059 0.2303439 0.120933 0.23247 0.123059 0.012537 0.123059 0.01466298 0.120933 0.2303439 0.120933 0.881557 0.255832 0.898328 0.407149 0.881557 0.407149 0.881557 0.255832 0.898328 0.255832 0.898328 0.407149 0.898328 0.255832 0.915099 0.407149 0.898328 0.407149 0.898328 0.255832 0.915099 0.255832 0.915099 0.407149 0.915099 0.255832 0.93187 0.407149 0.915099 0.407149 0.915099 0.255832 0.93187 0.255832 0.93187 0.407149 0.93187 0.255832 0.948641 0.407149 0.93187 0.407149 0.93187 0.255832 0.948641 0.255832 0.948641 0.407149 0.965412 0.255832 0.948641 0.407149 0.948641 0.255832 0.965412 0.255832 0.965412 0.407149 0.948641 0.407149 0.965412 0.255832 0.982183 0.407149 0.965412 0.407149 0.965412 0.255832 0.982183 0.255832 0.982183 0.407149 0.849402 0.551882 0.873329 0.599098 0.849402 0.599098 0.849402 0.551882 0.873329 0.551882 0.873329 0.599098 0.897257 0.551882 0.873329 0.599098 0.873329 0.551882 0.897257 0.551882 0.897257 0.599098 0.873329 0.599098 0.921184 0.551882 0.897257 0.599098 0.897257 0.551882 0.921184 0.551882 0.921184 0.599098 0.897257 0.599098 0.921184 0.551882 0.945112 0.599098 0.921184 0.599098 0.921184 0.551882 0.945112 0.551882 0.945112 0.599098 0.945112 0.551882 0.969039 0.599098 0.945112 0.599098 0.945112 0.551882 0.969039 0.551882 0.969039 0.599098 0.992967 0.551882 0.969039 0.599098 0.969039 0.551882 0.992967 0.551882 0.992967 0.599098 0.969039 0.599098 0.474706 0.01262098 0.699072 0.105957 0.474705 0.105955 0.474706 0.01262098 0.699073 0.01262295 0.699072 0.105957 0.474706 0.01262098 0.698166 0.008668959 0.699073 0.01262295 0.474706 0.01262098 0.475846 0.008475959 0.698166 0.008668959 0.698166 0.008668959 0.475846 0.008475959 0.479049 0.005922973 0.698166 0.008668959 0.479049 0.005922973 0.694497 0.005922973 0.239582 0.01261997 0.470136 0.105955 0.239582 0.105954 0.239582 0.01261997 0.470137 0.01262098 0.470136 0.105955 0.239582 0.01261997 0.468918 0.008487999 0.470137 0.01262098 0.239582 0.01261997 0.240801 0.008664965 0.468918 0.008487999 0.240801 0.008664965 0.465643 0.005921959 0.468918 0.008487999 0.240801 0.008664965 0.244076 0.005921959 0.465643 0.005921959 0.881557 0.255832 0.898328 0.407149 0.881557 0.407149 0.881557 0.255832 0.898328 0.255832 0.898328 0.407149 0.915099 0.255832 0.898328 0.407149 0.898328 0.255832 0.915099 0.255832 0.915099 0.407149 0.898328 0.407149 0.93187 0.255832 0.915099 0.407149 0.915099 0.255832 0.93187 0.255832 0.93187 0.407149 0.915099 0.407149 0.93187 0.255832 0.948641 0.407149 0.93187 0.407149 0.93187 0.255832 0.948641 0.255832 0.948641 0.407149 0.965412 0.255832 0.948641 0.407149 0.948641 0.255832 0.965412 0.255832 0.965412 0.407149 0.948641 0.407149 0.982183 0.255832 0.965412 0.407149 0.965412 0.255832 0.982183 0.255832 0.982183 0.407149 0.965412 0.407149 0.233876 0.008664965 0.01498895 0.005921959 0.230437 0.005921959 0.233876 0.008664965 0.01178598 0.008475959 0.01498895 0.005921959 0.233876 0.008664965 0.01064598 0.01261997 0.01178598 0.008475959 0.233876 0.008664965 0.235013 0.01261997 0.01064598 0.01261997 0.235013 0.105954 0.01064598 0.01261997 0.235013 0.01261997 0.235013 0.105954 0.01064598 0.105954 0.01064598 0.01261997 0.881557 0.255832 0.898328 0.407149 0.881557 0.407149 0.881557 0.255832 0.898328 0.255832 0.898328 0.407149 0.915099 0.255832 0.898328 0.407149 0.898328 0.255832 0.915099 0.255832 0.915099 0.407149 0.898328 0.407149 0.93187 0.255832 0.915099 0.407149 0.915099 0.255832 0.93187 0.255832 0.93187 0.407149 0.915099 0.407149 0.948641 0.255832 0.93187 0.407149 0.93187 0.255832 0.948641 0.255832 0.948641 0.407149 0.93187 0.407149 0.948641 0.255832 0.965412 0.407149 0.948641 0.407149 0.948641 0.255832 0.965412 0.255832 0.965412 0.407149 0.965412 0.255832 0.982183 0.407149 0.965412 0.407149 0.965412 0.255832 0.982183 0.255832 0.982183 0.407149 0.849402 0.551882 0.873329 0.599098 0.849402 0.599098 0.849402 0.551882 0.873329 0.551882 0.873329 0.599098 0.873329 0.551882 0.897257 0.599098 0.873329 0.599098 0.873329 0.551882 0.897257 0.551882 0.897257 0.599098 0.897257 0.551882 0.921184 0.599098 0.897257 0.599098 0.897257 0.551882 0.921184 0.551882 0.921184 0.599098 0.921184 0.551882 0.945112 0.599098 0.921184 0.599098 0.921184 0.551882 0.945112 0.551882 0.945112 0.599098 0.945112 0.551882 0.969039 0.599098 0.945112 0.599098 0.945112 0.551882 0.969039 0.551882 0.969039 0.599098 0.992967 0.551882 0.969039 0.599098 0.969039 0.551882 0.992967 0.551882 0.992967 0.599098 0.969039 0.599098 0.472921 0.346683 0.256369 0.346683 0.269913 0.332064 0.256369 0.346683 0.251959 0.342273 0.269913 0.332064 0.251959 0.342273 0.269913 0.129959 0.269913 0.332064 0.251959 0.342273 0.251959 0.119749 0.269913 0.129959 0.251959 0.119749 0.256368 0.115339 0.269913 0.129959 0.472921 0.115339 0.269913 0.129959 0.256368 0.115339 0.472921 0.115339 0.459377 0.129959 0.269913 0.129959 0.472921 0.115339 0.477331 0.119749 0.459377 0.129959 0.477331 0.342273 0.459377 0.129959 0.477331 0.119749 0.477331 0.342273 0.459377 0.332064 0.459377 0.129959 0.477331 0.342273 0.472921 0.346683 0.459377 0.332064 0.472921 0.346683 0.269913 0.332064 0.459377 0.332064 0.956672 0.60818 0.850209 0.669647 0.885696 0.60818 0.956672 0.60818 0.885696 0.731113 0.850209 0.669647 0.956672 0.60818 0.956672 0.731113 0.885696 0.731113 0.956672 0.60818 0.99216 0.669647 0.956672 0.731113 0.881557 0.255832 0.898328 0.407149 0.881557 0.407149 0.881557 0.255832 0.898328 0.255832 0.898328 0.407149 0.915099 0.255832 0.898328 0.407149 0.898328 0.255832 0.915099 0.255832 0.915099 0.407149 0.898328 0.407149 0.93187 0.255832 0.915099 0.407149 0.915099 0.255832 0.93187 0.255832 0.93187 0.407149 0.915099 0.407149 0.93187 0.255832 0.948641 0.407149 0.93187 0.407149 0.93187 0.255832 0.948641 0.255832 0.948641 0.407149 0.948641 0.255832 0.965412 0.407149 0.948641 0.407149 0.948641 0.255832 0.965412 0.255832 0.965412 0.407149 0.982183 0.255832 0.965412 0.407149 0.965412 0.255832 0.982183 0.255832 0.982183 0.407149 0.965412 0.407149 0.956672 0.542373 0.956672 0.41944 0.99216 0.480906 0.956672 0.542373 0.885696 0.41944 0.956672 0.41944 0.956672 0.542373 0.850209 0.480906 0.885696 0.41944 0.956672 0.542373 0.885696 0.542373 0.850209 0.480906 0.881557 0.255832 0.898328 0.407149 0.881557 0.407149 0.881557 0.255832 0.898328 0.255832 0.898328 0.407149 0.915099 0.255832 0.898328 0.407149 0.898328 0.255832 0.915099 0.255832 0.915099 0.407149 0.898328 0.407149 0.915099 0.255832 0.93187 0.407149 0.915099 0.407149 0.915099 0.255832 0.93187 0.255832 0.93187 0.407149 0.948641 0.255832 0.93187 0.407149 0.93187 0.255832 0.948641 0.255832 0.948641 0.407149 0.93187 0.407149 0.948641 0.255832 0.965412 0.407149 0.948641 0.407149 0.948641 0.255832 0.965412 0.255832 0.965412 0.407149 0.982183 0.255832 0.965412 0.407149 0.965412 0.255832 0.982183 0.255832 0.982183 0.407149 0.965412 0.407149 0.873329 0.551882 0.849402 0.599098 0.849402 0.551882 0.873329 0.551882 0.873329 0.599098 0.849402 0.599098 0.897257 0.551882 0.873329 0.599098 0.873329 0.551882 0.897257 0.551882 0.897257 0.599098 0.873329 0.599098 0.921184 0.551882 0.897257 0.599098 0.897257 0.551882 0.921184 0.551882 0.921184 0.599098 0.897257 0.599098 0.921184 0.551882 0.945112 0.599098 0.921184 0.599098 0.921184 0.551882 0.945112 0.551882 0.945112 0.599098 0.945112 0.551882 0.969039 0.599098 0.945112 0.599098 0.945112 0.551882 0.969039 0.551882 0.969039 0.599098 0.969039 0.551882 0.992967 0.599098 0.969039 0.599098 0.969039 0.551882 0.992967 0.551882 0.992967 0.599098 0.738609 0.1786119 0.73171 0.1905 0.731288 0.2020969 0.738609 0.1786119 0.722058 0.18288 0.73171 0.1905 0.696955 0.1786119 0.722058 0.18288 0.738609 0.1786119 0.696955 0.1786119 0.711745 0.182695 0.722058 0.18288 0.702652 0.19091 0.711745 0.182695 0.696955 0.1786119 0.702413 0.201833 0.702652 0.19091 0.696955 0.1786119 0.702413 0.201833 0.696955 0.1786119 0.696955 0.2149389 0.711967 0.210412 0.702413 0.201833 0.696955 0.2149389 0.722307 0.2102209 0.711967 0.210412 0.696955 0.2149389 0.722307 0.2102209 0.696955 0.2149389 0.738609 0.2149389 0.731288 0.2020969 0.722307 0.2102209 0.738609 0.2149389 0.738609 0.1786119 0.731288 0.2020969 0.738609 0.2149389 0.731288 0.2020969 0.722078 0.209626 0.730668 0.201855 0.731288 0.2020969 0.722307 0.2102209 0.722078 0.209626 0.711967 0.210412 0.722078 0.209626 0.722307 0.2102209 0.711967 0.210412 0.712188 0.209808 0.722078 0.209626 0.711967 0.210412 0.703051 0.2016029 0.712188 0.209808 0.711967 0.210412 0.702413 0.201833 0.703051 0.2016029 0.702413 0.201833 0.703279 0.191155 0.703051 0.2016029 0.702413 0.201833 0.702652 0.19091 0.703279 0.191155 0.702652 0.19091 0.711977 0.183298 0.703279 0.191155 0.702652 0.19091 0.711745 0.182695 0.711977 0.183298 0.722058 0.18288 0.711977 0.183298 0.711745 0.182695 0.722058 0.18288 0.72184 0.183475 0.711977 0.183298 0.73171 0.1905 0.72184 0.183475 0.722058 0.18288 0.73171 0.1905 0.731072 0.1907629 0.72184 0.183475 0.73171 0.1905 0.730668 0.201855 0.731072 0.1907629 0.73171 0.1905 0.731288 0.2020969 0.730668 0.201855 0.652321 0.429081 0.65615 0.39626 0.672822 0.403166 0.652321 0.429081 0.634942 0.417468 0.65615 0.39626 0.623329 0.400089 0.65615 0.39626 0.634942 0.417468 0.623329 0.400089 0.649244 0.379588 0.65615 0.39626 0.623329 0.400089 0.619252 0.379588 0.649244 0.379588 0.649244 0.379588 0.619252 0.379588 0.634942 0.341708 0.649244 0.379588 0.634942 0.341708 0.65615 0.362916 0.634942 0.341708 0.689494 0.362916 0.65615 0.362916 0.634942 0.341708 0.710702 0.341708 0.689494 0.362916 0.710702 0.341708 0.6964 0.379588 0.689494 0.362916 0.710702 0.341708 0.726392 0.379588 0.6964 0.379588 0.722314 0.400089 0.6964 0.379588 0.726392 0.379588 0.722314 0.400089 0.689494 0.39626 0.6964 0.379588 0.722314 0.400089 0.710702 0.417468 0.689494 0.39626 0.693322 0.429081 0.689494 0.39626 0.710702 0.417468 0.693322 0.429081 0.672822 0.403166 0.689494 0.39626 0.693322 0.429081 0.672822 0.433159 0.672822 0.403166 0.652321 0.429081 0.672822 0.403166 0.672822 0.433159 0.877744 0.153734 0.931198 0.248649 0.877071 0.2166219 0.877744 0.153734 0.985996 0.217787 0.931198 0.248649 0.877744 0.153734 0.986669 0.154899 0.985996 0.217787 0.877744 0.153734 0.932543 0.122873 0.986669 0.154899 0.870595 0.931079 0.89347 0.947484 0.870595 0.947485 0.845746 0.947485 0.870595 0.931079 0.870595 0.947485 0.845746 0.968828 0.845746 0.947485 0.870595 0.947485 0.823455 0.968828 0.845746 0.947485 0.845746 0.968828 0.823455 0.968828 0.823455 0.947484 0.845746 0.947485 0.79072 0.968828 0.823455 0.947484 0.823455 0.968828 0.79072 0.968828 0.79072 0.947485 0.823455 0.947484 0.753057 0.968828 0.79072 0.947485 0.79072 0.968828 0.753057 0.968828 0.753057 0.947485 0.79072 0.947485 0.696648 0.947485 0.753057 0.947485 0.753057 0.968828 0.696648 0.947485 0.753057 0.968828 0.696648 0.968828 0.696648 0.947485 0.696648 0.968828 0.632562 0.968828 0.696648 0.947485 0.632562 0.968828 0.632562 0.947484 0.632562 0.947484 0.632562 0.968828 0.546997 0.968828 0.632562 0.947484 0.546997 0.968828 0.546997 0.947484 0.546997 0.947484 0.546997 0.968828 0.469595 0.968828 0.546997 0.947484 0.469595 0.968828 0.469595 0.947485 0.469595 0.947485 0.469595 0.968828 0.091811 0.968828 0.898328 0.255832 0.881557 0.407149 0.881557 0.255832 0.898328 0.255832 0.898328 0.407149 0.881557 0.407149 0.915099 0.255832 0.898328 0.407149 0.898328 0.255832 0.915099 0.255832 0.915099 0.407149 0.898328 0.407149 0.93187 0.255832 0.915099 0.407149 0.915099 0.255832 0.93187 0.255832 0.93187 0.407149 0.915099 0.407149 0.93187 0.255832 0.948641 0.407149 0.93187 0.407149 0.93187 0.255832 0.948641 0.255832 0.948641 0.407149 0.965412 0.255832 0.948641 0.407149 0.948641 0.255832 0.965412 0.255832 0.965412 0.407149 0.948641 0.407149 0.982183 0.255832 0.965412 0.407149 0.965412 0.255832 0.982183 0.255832 0.982183 0.407149 0.965412 0.407149 0.850209 0.669647 0.956672 0.731113 0.885696 0.731113 0.850209 0.669647 0.99216 0.669647 0.956672 0.731113 0.850209 0.669647 0.956672 0.60818 0.99216 0.669647 0.850209 0.669647 0.885696 0.60818 0.956672 0.60818 0.778484 0.321806 0.759774 0.293872 0.778484 0.293872 0.778484 0.321806 0.759774 0.321806 0.759774 0.293872 0.778483 0.350145 0.759774 0.321806 0.778484 0.321806 0.778483 0.350145 0.759774 0.350145 0.759774 0.321806 0.759774 0.378685 0.759774 0.350145 0.778483 0.350145 0.759774 0.378685 0.778483 0.350145 0.778484 0.378685 0.778483 0.407226 0.759774 0.378685 0.778484 0.378685 0.778483 0.407226 0.759774 0.407226 0.759774 0.378685 0.759774 0.435564 0.759774 0.407226 0.778483 0.407226 0.759774 0.435564 0.778483 0.407226 0.778483 0.435564 0.778483 0.463498 0.759774 0.435564 0.778483 0.435564 0.778483 0.463498 0.759774 0.463498 0.759774 0.435564 0.956672 0.542373 0.956672 0.41944 0.99216 0.480906 0.956672 0.542373 0.885696 0.41944 0.956672 0.41944 0.956672 0.542373 0.850209 0.480906 0.885696 0.41944 0.956672 0.542373 0.885696 0.542373 0.850209 0.480906 0.898328 0.255832 0.881557 0.407149 0.881557 0.255832 0.898328 0.255832 0.898328 0.407149 0.881557 0.407149 0.898328 0.255832 0.915099 0.407149 0.898328 0.407149 0.898328 0.255832 0.915099 0.255832 0.915099 0.407149 0.93187 0.255832 0.915099 0.407149 0.915099 0.255832 0.93187 0.255832 0.93187 0.407149 0.915099 0.407149 0.93187 0.255832 0.948641 0.407149 0.93187 0.407149 0.93187 0.255832 0.948641 0.255832 0.948641 0.407149 0.948641 0.255832 0.965412 0.407149 0.948641 0.407149 0.948641 0.255832 0.965412 0.255832 0.965412 0.407149 0.965412 0.255832 0.982183 0.407149 0.965412 0.407149 0.965412 0.255832 0.982183 0.255832 0.982183 0.407149 0.873329 0.551882 0.849402 0.599098 0.849402 0.551882 0.873329 0.551882 0.873329 0.599098 0.849402 0.599098 0.873329 0.551882 0.897257 0.599098 0.873329 0.599098 0.873329 0.551882 0.897257 0.551882 0.897257 0.599098 0.921184 0.551882 0.897257 0.599098 0.897257 0.551882 0.921184 0.551882 0.921184 0.599098 0.897257 0.599098 0.921184 0.551882 0.945112 0.599098 0.921184 0.599098 0.921184 0.551882 0.945112 0.551882 0.945112 0.599098 0.969039 0.551882 0.945112 0.599098 0.945112 0.551882 0.969039 0.551882 0.969039 0.599098 0.945112 0.599098 0.969039 0.551882 0.992967 0.599098 0.969039 0.599098 0.969039 0.551882 0.992967 0.551882 0.992967 0.599098 0.877071 0.2166219 0.985996 0.217787 0.931198 0.248649 0.877071 0.2166219 0.986669 0.154899 0.985996 0.217787 0.877071 0.2166219 0.932543 0.122873 0.986669 0.154899 0.877071 0.2166219 0.877744 0.153734 0.932543 0.122873 0.931198 0.248649 0.986669 0.154899 0.985996 0.217787 0.931198 0.248649 0.932543 0.122873 0.986669 0.154899 0.931198 0.248649 0.877744 0.153734 0.932543 0.122873 0.931198 0.248649 0.877071 0.2166219 0.877744 0.153734 0.877744 0.153734 0.931198 0.248649 0.877071 0.2166219 0.877744 0.153734 0.985996 0.217787 0.931198 0.248649 0.877744 0.153734 0.986669 0.154899 0.985996 0.217787 0.877744 0.153734 0.932543 0.122873 0.986669 0.154899 0.898328 0.255832 0.881557 0.407149 0.881557 0.255832 0.898328 0.255832 0.898328 0.407149 0.881557 0.407149 0.898328 0.255832 0.915099 0.407149 0.898328 0.407149 0.898328 0.255832 0.915099 0.255832 0.915099 0.407149 0.93187 0.255832 0.915099 0.407149 0.915099 0.255832 0.93187 0.255832 0.93187 0.407149 0.915099 0.407149 0.93187 0.255832 0.948641 0.407149 0.93187 0.407149 0.93187 0.255832 0.948641 0.255832 0.948641 0.407149 0.965412 0.255832 0.948641 0.407149 0.948641 0.255832 0.965412 0.255832 0.965412 0.407149 0.948641 0.407149 0.965412 0.255832 0.982183 0.407149 0.965412 0.407149 0.965412 0.255832 0.982183 0.255832 0.982183 0.407149 0.873329 0.551882 0.849402 0.599098 0.849402 0.551882 0.873329 0.551882 0.873329 0.599098 0.849402 0.599098 0.873329 0.551882 0.897257 0.599098 0.873329 0.599098 0.873329 0.551882 0.897257 0.551882 0.897257 0.599098 0.921184 0.551882 0.897257 0.599098 0.897257 0.551882 0.921184 0.551882 0.921184 0.599098 0.897257 0.599098 0.921184 0.551882 0.945112 0.599098 0.921184 0.599098 0.921184 0.551882 0.945112 0.551882 0.945112 0.599098 0.945112 0.551882 0.969039 0.599098 0.945112 0.599098 0.945112 0.551882 0.969039 0.551882 0.969039 0.599098 0.969039 0.551882 0.992967 0.599098 0.969039 0.599098 0.969039 0.551882 0.992967 0.551882 0.992967 0.599098 0.885696 0.731113 0.99216 0.669647 0.956672 0.731113 0.885696 0.731113 0.956672 0.60818 0.99216 0.669647 0.885696 0.731113 0.885696 0.60818 0.956672 0.60818 0.885696 0.731113 0.850209 0.669647 0.885696 0.60818 0.99216 0.480906 0.885696 0.41944 0.956672 0.41944 0.99216 0.480906 0.850209 0.480906 0.885696 0.41944 0.99216 0.480906 0.885696 0.542373 0.850209 0.480906 0.99216 0.480906 0.956672 0.542373 0.885696 0.542373 0.956672 0.542373 0.956672 0.41944 0.99216 0.480906 0.956672 0.542373 0.885696 0.41944 0.956672 0.41944 0.956672 0.542373 0.850209 0.480906 0.885696 0.41944 0.956672 0.542373 0.885696 0.542373 0.850209 0.480906 0.850209 0.669647 0.956672 0.731113 0.885696 0.731113 0.850209 0.669647 0.99216 0.669647 0.956672 0.731113 0.850209 0.669647 0.956672 0.60818 0.99216 0.669647 0.850209 0.669647 0.885696 0.60818 0.956672 0.60818 0.873329 0.551882 0.849402 0.599098 0.849402 0.551882 0.873329 0.551882 0.873329 0.599098 0.849402 0.599098 0.873329 0.551882 0.897257 0.599098 0.873329 0.599098 0.873329 0.551882 0.897257 0.551882 0.897257 0.599098 0.897257 0.551882 0.921184 0.599098 0.897257 0.599098 0.897257 0.551882 0.921184 0.551882 0.921184 0.599098 0.921184 0.551882 0.945112 0.599098 0.921184 0.599098 0.921184 0.551882 0.945112 0.551882 0.945112 0.599098 0.969039 0.551882 0.945112 0.599098 0.945112 0.551882 0.969039 0.551882 0.969039 0.599098 0.945112 0.599098 0.992967 0.551882 0.969039 0.599098 0.969039 0.551882 0.992967 0.551882 0.992967 0.599098 0.969039 0.599098 0.877071 0.2166219 0.985996 0.217787 0.931198 0.248649 0.877071 0.2166219 0.986669 0.154899 0.985996 0.217787 0.877071 0.2166219 0.932543 0.122873 0.986669 0.154899 0.877071 0.2166219 0.877744 0.153734 0.932543 0.122873 0.898328 0.255832 0.881557 0.407149 0.881557 0.255832 0.898328 0.255832 0.898328 0.407149 0.881557 0.407149 0.915099 0.255832 0.898328 0.407149 0.898328 0.255832 0.915099 0.255832 0.915099 0.407149 0.898328 0.407149 0.93187 0.255832 0.915099 0.407149 0.915099 0.255832 0.93187 0.255832 0.93187 0.407149 0.915099 0.407149 0.93187 0.255832 0.948641 0.407149 0.93187 0.407149 0.93187 0.255832 0.948641 0.255832 0.948641 0.407149 0.948641 0.255832 0.965412 0.407149 0.948641 0.407149 0.948641 0.255832 0.965412 0.255832 0.965412 0.407149 0.965412 0.255832 0.982183 0.407149 0.965412 0.407149 0.965412 0.255832 0.982183 0.255832 0.982183 0.407149 0.956672 0.731113 0.956672 0.60818 0.99216 0.669647 0.956672 0.731113 0.885696 0.60818 0.956672 0.60818 0.956672 0.731113 0.850209 0.669647 0.885696 0.60818 0.956672 0.731113 0.885696 0.731113 0.850209 0.669647 0.932543 0.122873 0.877071 0.2166219 0.877744 0.153734 0.932543 0.122873 0.931198 0.248649 0.877071 0.2166219 0.932543 0.122873 0.985996 0.217787 0.931198 0.248649 0.932543 0.122873 0.986669 0.154899 0.985996 0.217787 0.956672 0.41944 0.850209 0.480906 0.885696 0.41944 0.956672 0.41944 0.885696 0.542373 0.850209 0.480906 0.956672 0.41944 0.956672 0.542373 0.885696 0.542373 0.956672 0.41944 0.99216 0.480906 0.956672 0.542373 0.956672 0.542373 0.956672 0.41944 0.99216 0.480906 0.956672 0.542373 0.885696 0.41944 0.956672 0.41944 0.956672 0.542373 0.850209 0.480906 0.885696 0.41944 0.956672 0.542373 0.885696 0.542373 0.850209 0.480906 0.931198 0.248649 0.986669 0.154899 0.985996 0.217787 0.931198 0.248649 0.932543 0.122873 0.986669 0.154899 0.931198 0.248649 0.877744 0.153734 0.932543 0.122873 0.931198 0.248649 0.877071 0.2166219 0.877744 0.153734 0.956672 0.60818 0.850209 0.669647 0.885696 0.60818 0.956672 0.60818 0.885696 0.731113 0.850209 0.669647 0.956672 0.60818 0.956672 0.731113 0.885696 0.731113 0.956672 0.60818 0.99216 0.669647 0.956672 0.731113 0.898328 0.255832 0.881557 0.407149 0.881557 0.255832 0.898328 0.255832 0.898328 0.407149 0.881557 0.407149 0.915099 0.255832 0.898328 0.407149 0.898328 0.255832 0.915099 0.255832 0.915099 0.407149 0.898328 0.407149 0.915099 0.255832 0.93187 0.407149 0.915099 0.407149 0.915099 0.255832 0.93187 0.255832 0.93187 0.407149 0.93187 0.255832 0.948641 0.407149 0.93187 0.407149 0.93187 0.255832 0.948641 0.255832 0.948641 0.407149 0.948641 0.255832 0.965412 0.407149 0.948641 0.407149 0.948641 0.255832 0.965412 0.255832 0.965412 0.407149 0.965412 0.255832 0.982183 0.407149 0.965412 0.407149 0.965412 0.255832 0.982183 0.255832 0.982183 0.407149 0.873329 0.551882 0.849402 0.599098 0.849402 0.551882 0.873329 0.551882 0.873329 0.599098 0.849402 0.599098 0.873329 0.551882 0.897257 0.599098 0.873329 0.599098 0.873329 0.551882 0.897257 0.551882 0.897257 0.599098 0.897257 0.551882 0.921184 0.599098 0.897257 0.599098 0.897257 0.551882 0.921184 0.551882 0.921184 0.599098 0.945112 0.551882 0.921184 0.599098 0.921184 0.551882 0.945112 0.551882 0.945112 0.599098 0.921184 0.599098 0.945112 0.551882 0.969039 0.599098 0.945112 0.599098 0.945112 0.551882 0.969039 0.551882 0.969039 0.599098 0.992967 0.551882 0.969039 0.599098 0.969039 0.551882 0.992967 0.551882 0.992967 0.599098 0.969039 0.599098 0.956672 0.542373 0.956672 0.41944 0.99216 0.480906 0.956672 0.542373 0.885696 0.41944 0.956672 0.41944 0.956672 0.542373 0.850209 0.480906 0.885696 0.41944 0.956672 0.542373 0.885696 0.542373 0.850209 0.480906 0.99216 0.669647 0.885696 0.60818 0.956672 0.60818 0.99216 0.669647 0.850209 0.669647 0.885696 0.60818 0.99216 0.669647 0.885696 0.731113 0.850209 0.669647 0.99216 0.669647 0.956672 0.731113 0.885696 0.731113 0.956672 0.60818 0.850209 0.669647 0.885696 0.60818 0.956672 0.60818 0.885696 0.731113 0.850209 0.669647 0.956672 0.60818 0.956672 0.731113 0.885696 0.731113 0.956672 0.60818 0.99216 0.669647 0.956672 0.731113 0.956672 0.41944 0.850209 0.480906 0.885696 0.41944 0.956672 0.41944 0.885696 0.542373 0.850209 0.480906 0.956672 0.41944 0.956672 0.542373 0.885696 0.542373 0.956672 0.41944 0.99216 0.480906 0.956672 0.542373 0.931198 0.248649 0.986669 0.154899 0.985996 0.217787 0.931198 0.248649 0.932543 0.122873 0.986669 0.154899 0.931198 0.248649 0.877744 0.153734 0.932543 0.122873 0.931198 0.248649 0.877071 0.2166219 0.877744 0.153734 0.873329 0.551882 0.849402 0.599098 0.849402 0.551882 0.873329 0.551882 0.873329 0.599098 0.849402 0.599098 0.873329 0.551882 0.897257 0.599098 0.873329 0.599098 0.873329 0.551882 0.897257 0.551882 0.897257 0.599098 0.921184 0.551882 0.897257 0.599098 0.897257 0.551882 0.921184 0.551882 0.921184 0.599098 0.897257 0.599098 0.921184 0.551882 0.945112 0.599098 0.921184 0.599098 0.921184 0.551882 0.945112 0.551882 0.945112 0.599098 0.945112 0.551882 0.969039 0.599098 0.945112 0.599098 0.945112 0.551882 0.969039 0.551882 0.969039 0.599098 0.992967 0.551882 0.969039 0.599098 0.969039 0.551882 0.992967 0.551882 0.992967 0.599098 0.969039 0.599098 0.931198 0.248649 0.986669 0.154899 0.985996 0.217787 0.931198 0.248649 0.932543 0.122873 0.986669 0.154899 0.931198 0.248649 0.877744 0.153734 0.932543 0.122873 0.931198 0.248649 0.877071 0.2166219 0.877744 0.153734 0.873329 0.551882 0.849402 0.599098 0.849402 0.551882 0.873329 0.551882 0.873329 0.599098 0.849402 0.599098 0.873329 0.551882 0.897257 0.599098 0.873329 0.599098 0.873329 0.551882 0.897257 0.551882 0.897257 0.599098 0.897257 0.551882 0.921184 0.599098 0.897257 0.599098 0.897257 0.551882 0.921184 0.551882 0.921184 0.599098 0.921184 0.551882 0.945112 0.599098 0.921184 0.599098 0.921184 0.551882 0.945112 0.551882 0.945112 0.599098 0.969039 0.551882 0.945112 0.599098 0.945112 0.551882 0.969039 0.551882 0.969039 0.599098 0.945112 0.599098 0.969039 0.551882 0.992967 0.599098 0.969039 0.599098 0.969039 0.551882 0.992967 0.551882 0.992967 0.599098 0.885696 0.731113 0.99216 0.669647 0.956672 0.731113 0.885696 0.731113 0.956672 0.60818 0.99216 0.669647 0.885696 0.731113 0.885696 0.60818 0.956672 0.60818 0.885696 0.731113 0.850209 0.669647 0.885696 0.60818 0.885696 0.41944 0.885696 0.542373 0.850209 0.480906 0.885696 0.41944 0.956672 0.542373 0.885696 0.542373 0.885696 0.41944 0.99216 0.480906 0.956672 0.542373 0.885696 0.41944 0.956672 0.41944 0.99216 0.480906 0.956672 0.41944 0.850209 0.480906 0.885696 0.41944 0.956672 0.41944 0.885696 0.542373 0.850209 0.480906 0.956672 0.41944 0.956672 0.542373 0.885696 0.542373 0.956672 0.41944 0.99216 0.480906 0.956672 0.542373 0.956672 0.731113 0.956672 0.60818 0.99216 0.669647 0.956672 0.731113 0.885696 0.60818 0.956672 0.60818 0.956672 0.731113 0.850209 0.669647 0.885696 0.60818 0.956672 0.731113 0.885696 0.731113 0.850209 0.669647 0.932543 0.122873 0.877071 0.2166219 0.877744 0.153734 0.932543 0.122873 0.931198 0.248649 0.877071 0.2166219 0.932543 0.122873 0.985996 0.217787 0.931198 0.248649 0.932543 0.122873 0.986669 0.154899 0.985996 0.217787 0.877071 0.2166219 0.985996 0.217787 0.931198 0.248649 0.877071 0.2166219 0.986669 0.154899 0.985996 0.217787 0.877071 0.2166219 0.932543 0.122873 0.986669 0.154899 0.877071 0.2166219 0.877744 0.153734 0.932543 0.122873 0.956672 0.731113 0.956672 0.60818 0.99216 0.669647 0.956672 0.731113 0.885696 0.60818 0.956672 0.60818 0.956672 0.731113 0.850209 0.669647 0.885696 0.60818 0.956672 0.731113 0.885696 0.731113 0.850209 0.669647 0.885696 0.542373 0.99216 0.480906 0.956672 0.542373 0.885696 0.542373 0.956672 0.41944 0.99216 0.480906 0.885696 0.542373 0.885696 0.41944 0.956672 0.41944 0.885696 0.542373 0.850209 0.480906 0.885696 0.41944 0.956672 0.41944 0.850209 0.480906 0.885696 0.41944 0.956672 0.41944 0.885696 0.542373 0.850209 0.480906 0.956672 0.41944 0.956672 0.542373 0.885696 0.542373 0.956672 0.41944 0.99216 0.480906 0.956672 0.542373 0.99216 0.669647 0.885696 0.60818 0.956672 0.60818 0.99216 0.669647 0.850209 0.669647 0.885696 0.60818 0.99216 0.669647 0.885696 0.731113 0.850209 0.669647 0.99216 0.669647 0.956672 0.731113 0.885696 0.731113 0.873329 0.551882 0.849402 0.599098 0.849402 0.551882 0.873329 0.551882 0.873329 0.599098 0.849402 0.599098 0.897257 0.551882 0.873329 0.599098 0.873329 0.551882 0.897257 0.551882 0.897257 0.599098 0.873329 0.599098 0.897257 0.551882 0.921184 0.599098 0.897257 0.599098 0.897257 0.551882 0.921184 0.551882 0.921184 0.599098 0.945112 0.551882 0.921184 0.599098 0.921184 0.551882 0.945112 0.551882 0.945112 0.599098 0.921184 0.599098 0.945112 0.551882 0.969039 0.599098 0.945112 0.599098 0.945112 0.551882 0.969039 0.551882 0.969039 0.599098 0.992967 0.551882 0.969039 0.599098 0.969039 0.551882 0.992967 0.551882 0.992967 0.599098 0.969039 0.599098 0.932543 0.122873 0.877071 0.2166219 0.877744 0.153734 0.932543 0.122873 0.931198 0.248649 0.877071 0.2166219 0.932543 0.122873 0.985996 0.217787 0.931198 0.248649 0.932543 0.122873 0.986669 0.154899 0.985996 0.217787 0.898328 0.255832 0.881557 0.407149 0.881557 0.255832 0.898328 0.255832 0.898328 0.407149 0.881557 0.407149 0.915099 0.255832 0.898328 0.407149 0.898328 0.255832 0.915099 0.255832 0.915099 0.407149 0.898328 0.407149 0.915099 0.255832 0.93187 0.407149 0.915099 0.407149 0.915099 0.255832 0.93187 0.255832 0.93187 0.407149 0.93187 0.255832 0.948641 0.407149 0.93187 0.407149 0.93187 0.255832 0.948641 0.255832 0.948641 0.407149 0.948641 0.255832 0.965412 0.407149 0.948641 0.407149 0.948641 0.255832 0.965412 0.255832 0.965412 0.407149 0.982183 0.255832 0.965412 0.407149 0.965412 0.255832 0.982183 0.255832 0.982183 0.407149 0.965412 0.407149 0.986669 0.154899 0.877744 0.153734 0.932543 0.122873 0.986669 0.154899 0.877071 0.2166219 0.877744 0.153734 0.986669 0.154899 0.931198 0.248649 0.877071 0.2166219 0.986669 0.154899 0.985996 0.217787 0.931198 0.248649 0.956672 0.731113 0.956672 0.60818 0.99216 0.669647 0.956672 0.731113 0.885696 0.60818 0.956672 0.60818 0.956672 0.731113 0.850209 0.669647 0.885696 0.60818 0.956672 0.731113 0.885696 0.731113 0.850209 0.669647 0.873329 0.551882 0.849402 0.599098 0.849402 0.551882 0.873329 0.551882 0.873329 0.599098 0.849402 0.599098 0.873329 0.551882 0.897257 0.599098 0.873329 0.599098 0.873329 0.551882 0.897257 0.551882 0.897257 0.599098 0.921184 0.551882 0.897257 0.599098 0.897257 0.551882 0.921184 0.551882 0.921184 0.599098 0.897257 0.599098 0.945112 0.551882 0.921184 0.599098 0.921184 0.551882 0.945112 0.551882 0.945112 0.599098 0.921184 0.599098 0.969039 0.551882 0.945112 0.599098 0.945112 0.551882 0.969039 0.551882 0.969039 0.599098 0.945112 0.599098 0.969039 0.551882 0.992967 0.599098 0.969039 0.599098 0.969039 0.551882 0.992967 0.551882 0.992967 0.599098 0.850209 0.480906 0.956672 0.542373 0.885696 0.542373 0.850209 0.480906 0.99216 0.480906 0.956672 0.542373 0.850209 0.480906 0.956672 0.41944 0.99216 0.480906 0.850209 0.480906 0.885696 0.41944 0.956672 0.41944 0.850209 0.480906 0.956672 0.542373 0.885696 0.542373 0.850209 0.480906 0.99216 0.480906 0.956672 0.542373 0.850209 0.480906 0.956672 0.41944 0.99216 0.480906 0.850209 0.480906 0.885696 0.41944 0.956672 0.41944 0.877071 0.2166219 0.985996 0.217787 0.931198 0.248649 0.877071 0.2166219 0.986669 0.154899 0.985996 0.217787 0.877071 0.2166219 0.932543 0.122873 0.986669 0.154899 0.877071 0.2166219 0.877744 0.153734 0.932543 0.122873 0.956672 0.60818 0.850209 0.669647 0.885696 0.60818 0.956672 0.60818 0.885696 0.731113 0.850209 0.669647 0.956672 0.60818 0.956672 0.731113 0.885696 0.731113 0.956672 0.60818 0.99216 0.669647 0.956672 0.731113 0.877071 0.2166219 0.985996 0.217787 0.931198 0.248649 0.877071 0.2166219 0.986669 0.154899 0.985996 0.217787 0.877071 0.2166219 0.932543 0.122873 0.986669 0.154899 0.877071 0.2166219 0.877744 0.153734 0.932543 0.122873 0.105852 0.967758 0.07483595 0.967758 0.07483595 0.340524 0.105852 0.260926 0.07483595 0.260926 0.07483595 0.204226 0.07483595 0.340524 0.07483595 0.260926 0.105852 0.260926 0.07483595 0.340524 0.105852 0.260926 0.105852 0.340524 0.105852 0.967758 0.07483595 0.340524 0.105852 0.340524 0.136869 0.967758 0.105852 0.967758 0.105852 0.340524 0.260936 0.260926 0.229919 0.204226 0.260936 0.204226 0.260936 0.260926 0.229919 0.260926 0.229919 0.204226 0.229919 0.340524 0.229919 0.260926 0.260936 0.260926 0.198903 0.340524 0.229919 0.260926 0.229919 0.340524 0.229919 0.967758 0.198903 0.340524 0.229919 0.340524 0.229919 0.967758 0.198903 0.967758 0.198903 0.340524 0.198903 0.967758 0.167886 0.340524 0.198903 0.340524 0.198903 0.967758 0.167886 0.967758 0.167886 0.340524 0.136869 0.967758 0.167886 0.340524 0.167886 0.967758 0.136869 0.967758 0.136869 0.340524 0.167886 0.340524 0.136869 0.967758 0.105852 0.340524 0.136869 0.340524 0.105852 0.340524 0.136869 0.260926 0.136869 0.340524 0.105852 0.340524 0.105852 0.260926 0.136869 0.260926 0.136869 0.260926 0.105852 0.260926 0.105852 0.204226 0.105852 0.260926 0.07483595 0.204226 0.105852 0.204226 0.07483595 0.204226 0.105852 0.169333 0.105852 0.204226 0.07483595 0.204226 0.07483595 0.169333 0.105852 0.169333 0.105852 0.169333 0.07483595 0.169333 0.167886 0.07727497 0.229919 0.967758 0.260936 0.340524 0.260936 0.967758 0.229919 0.967758 0.229919 0.340524 0.260936 0.340524 0.229919 0.340524 0.260936 0.260926 0.260936 0.340524 0.198903 0.340524 0.167886 0.340524 0.167886 0.260926 0.136869 0.340524 0.167886 0.260926 0.167886 0.340524 0.136869 0.340524 0.136869 0.260926 0.167886 0.260926 0.136869 0.260926 0.167886 0.204226 0.167886 0.260926 0.136869 0.260926 0.136869 0.204226 0.167886 0.204226 0.136869 0.260926 0.105852 0.204226 0.136869 0.204226 0.105852 0.204226 0.136869 0.169333 0.136869 0.204226 0.105852 0.204226 0.105852 0.169333 0.136869 0.169333 0.167886 0.204226 0.136869 0.204226 0.136869 0.169333 0.136869 0.169333 0.105852 0.169333 0.167886 0.07727497 0.167886 0.169333 0.136869 0.169333 0.167886 0.07727497 0.167886 0.204226 0.136869 0.169333 0.167886 0.169333 0.198903 0.204226 0.167886 0.204226 0.167886 0.169333 0.167886 0.260926 0.167886 0.204226 0.198903 0.204226 0.167886 0.260926 0.198903 0.204226 0.198903 0.260926 0.198903 0.340524 0.167886 0.260926 0.198903 0.260926 0.198903 0.340524 0.198903 0.260926 0.229919 0.260926 0.198903 0.260926 0.229919 0.204226 0.229919 0.260926 0.198903 0.260926 0.198903 0.204226 0.229919 0.204226 0.229919 0.204226 0.198903 0.204226 0.198903 0.169333 0.198903 0.204226 0.167886 0.169333 0.198903 0.169333 0.198903 0.169333 0.167886 0.169333 0.167886 0.07727497 0.229919 0.169333 0.198903 0.169333 0.167886 0.07727497 0.260936 0.169333 0.229919 0.169333 0.167886 0.07727497 0.260936 0.204226 0.229919 0.169333 0.260936 0.169333 0.260936 0.204226 0.229919 0.204226 0.229919 0.169333 0.229919 0.204226 0.198903 0.169333 0.229919 0.169333 0.229919 0.967758 0.260936 0.340524 0.260936 0.967758 0.198903 0.204226 0.167886 0.204226 0.167886 0.169333 0.167886 0.204226 0.136869 0.169333 0.167886 0.169333 0.167886 0.169333 0.136869 0.169333 0.167886 0.07727497 0.136869 0.169333 0.105852 0.169333 0.167886 0.07727497 0.105852 0.169333 0.07483595 0.169333 0.167886 0.07727497 0.07483595 0.204226 0.07483595 0.169333 0.105852 0.169333 0.07483595 0.204226 0.105852 0.169333 0.105852 0.204226 0.105852 0.260926 0.07483595 0.204226 0.105852 0.204226 0.136869 0.260926 0.105852 0.260926 0.105852 0.204226 0.136869 0.340524 0.105852 0.260926 0.136869 0.260926 0.167886 0.340524 0.136869 0.340524 0.136869 0.260926 0.136869 0.967758 0.136869 0.340524 0.167886 0.340524 0.136869 0.967758 0.167886 0.340524 0.167886 0.967758 0.198903 0.967758 0.167886 0.967758 0.167886 0.340524 0.198903 0.967758 0.167886 0.340524 0.198903 0.340524 0.229919 0.967758 0.198903 0.967758 0.198903 0.340524 0.229919 0.967758 0.198903 0.340524 0.229919 0.340524 0.229919 0.967758 0.229919 0.340524 0.260936 0.340524 0.167886 0.204226 0.136869 0.204226 0.136869 0.169333 0.198903 0.340524 0.229919 0.260926 0.229919 0.340524 0.198903 0.340524 0.198903 0.260926 0.229919 0.260926 0.198903 0.340524 0.167886 0.260926 0.198903 0.260926 0.198903 0.340524 0.167886 0.340524 0.167886 0.260926 0.167886 0.340524 0.136869 0.260926 0.167886 0.260926 0.229919 0.340524 0.260936 0.260926 0.260936 0.340524 0.229919 0.340524 0.229919 0.260926 0.260936 0.260926 0.260936 0.260926 0.229919 0.260926 0.229919 0.204226 0.198903 0.260926 0.229919 0.204226 0.229919 0.260926 0.198903 0.260926 0.198903 0.204226 0.229919 0.204226 0.167886 0.260926 0.198903 0.204226 0.198903 0.260926 0.167886 0.260926 0.167886 0.204226 0.198903 0.204226 0.136869 0.260926 0.167886 0.204226 0.167886 0.260926 0.136869 0.260926 0.136869 0.204226 0.167886 0.204226 0.136869 0.260926 0.105852 0.204226 0.136869 0.204226 0.105852 0.204226 0.136869 0.169333 0.136869 0.204226 0.105852 0.204226 0.105852 0.169333 0.136869 0.169333 0.260936 0.260926 0.229919 0.204226 0.260936 0.204226 0.229919 0.204226 0.260936 0.169333 0.260936 0.204226 0.229919 0.204226 0.229919 0.169333 0.260936 0.169333 0.260936 0.169333 0.229919 0.169333 0.167886 0.07727497 0.229919 0.169333 0.198903 0.169333 0.167886 0.07727497 0.198903 0.169333 0.167886 0.169333 0.167886 0.07727497 0.198903 0.204226 0.167886 0.169333 0.198903 0.169333 0.198903 0.204226 0.198903 0.169333 0.229919 0.169333 0.198903 0.204226 0.229919 0.169333 0.229919 0.204226 0.105852 0.967758 0.07483595 0.340524 0.105852 0.340524 0.105852 0.967758 0.07483595 0.967758 0.07483595 0.340524 0.136869 0.967758 0.105852 0.967758 0.105852 0.340524 0.136869 0.967758 0.105852 0.340524 0.136869 0.340524 0.136869 0.340524 0.105852 0.340524 0.105852 0.260926 0.07483595 0.340524 0.105852 0.260926 0.105852 0.340524 0.07483595 0.340524 0.07483595 0.260926 0.105852 0.260926 0.105852 0.260926 0.07483595 0.260926 0.07483595 0.204226 0.532236 0.260926 0.501219 0.204226 0.532236 0.204226 0.532236 0.204226 0.563252 0.169333 0.563252 0.204226 0.563252 0.260926 0.532236 0.204226 0.563252 0.204226 0.563252 0.260926 0.532236 0.260926 0.532236 0.204226 0.532236 0.340524 0.532236 0.260926 0.563252 0.260926 0.501219 0.340524 0.532236 0.260926 0.532236 0.340524 0.501219 0.340524 0.501219 0.260926 0.532236 0.260926 0.532236 0.260926 0.501219 0.260926 0.501219 0.204226 0.470202 0.260926 0.501219 0.204226 0.501219 0.260926 0.470202 0.260926 0.470202 0.204226 0.501219 0.204226 0.439186 0.260926 0.470202 0.204226 0.470202 0.260926 0.439186 0.260926 0.439186 0.204226 0.470202 0.204226 0.501219 0.340524 0.470202 0.260926 0.501219 0.260926 0.501219 0.340524 0.470202 0.340524 0.470202 0.260926 0.470202 0.340524 0.439186 0.260926 0.470202 0.260926 0.408169 0.340524 0.408169 0.260926 0.439186 0.260926 0.439186 0.260926 0.408169 0.260926 0.408169 0.204226 0.439186 0.260926 0.408169 0.204226 0.439186 0.204226 0.408169 0.204226 0.439186 0.169333 0.439186 0.204226 0.470202 0.204226 0.439186 0.204226 0.439186 0.169333 0.470202 0.204226 0.439186 0.169333 0.470202 0.169333 0.501219 0.204226 0.470202 0.204226 0.470202 0.169333 0.501219 0.204226 0.470202 0.169333 0.501219 0.169333 0.532236 0.204226 0.501219 0.204226 0.501219 0.169333 0.532236 0.204226 0.501219 0.169333 0.532236 0.169333 0.532236 0.204226 0.532236 0.169333 0.563252 0.169333 0.563252 0.169333 0.532236 0.169333 0.501219 0.07727497 0.594269 0.169333 0.563252 0.169333 0.501219 0.07727497 0.563252 0.204226 0.563252 0.169333 0.594269 0.169333 0.563252 0.204226 0.594269 0.169333 0.594269 0.204226 0.594269 0.260926 0.563252 0.204226 0.594269 0.204226 0.594269 0.260926 0.563252 0.260926 0.563252 0.204226 0.563252 0.340524 0.563252 0.260926 0.594269 0.260926 0.408169 0.204226 0.408169 0.169333 0.439186 0.169333 0.439186 0.169333 0.408169 0.169333 0.501219 0.07727497 0.470202 0.169333 0.439186 0.169333 0.501219 0.07727497 0.501219 0.169333 0.470202 0.169333 0.501219 0.07727497 0.532236 0.169333 0.501219 0.169333 0.501219 0.07727497 0.563253 0.967758 0.594269 0.340524 0.594269 0.967758 0.563253 0.967758 0.563252 0.340524 0.594269 0.340524 0.563252 0.340524 0.594269 0.260926 0.594269 0.340524 0.532236 0.340524 0.563252 0.260926 0.563252 0.340524 0.563253 0.967758 0.532236 0.340524 0.563252 0.340524 0.563253 0.967758 0.532236 0.967758 0.532236 0.340524 0.501219 0.967758 0.532236 0.340524 0.532236 0.967758 0.501219 0.967758 0.501219 0.340524 0.532236 0.340524 0.470202 0.967758 0.501219 0.340524 0.501219 0.967758 0.470202 0.967758 0.470202 0.340524 0.501219 0.340524 0.470202 0.967758 0.439186 0.340524 0.470202 0.340524 0.470202 0.340524 0.439186 0.340524 0.439186 0.260926 0.408169 0.340524 0.439186 0.260926 0.439186 0.340524 0.439186 0.967758 0.408169 0.340524 0.439186 0.340524 0.439186 0.967758 0.408169 0.967758 0.408169 0.340524 0.470202 0.967758 0.439186 0.967758 0.439186 0.340524 0.865569 0.204226 0.865569 0.169333 0.896586 0.169333 0.865569 0.204226 0.896586 0.169333 0.896586 0.204226 0.896586 0.260926 0.865569 0.204226 0.896586 0.204226 0.896586 0.260926 0.865569 0.260926 0.865569 0.204226 0.896586 0.340524 0.865569 0.260926 0.896586 0.260926 0.896586 0.340524 0.865569 0.340524 0.865569 0.260926 0.896586 0.967758 0.865569 0.340524 0.896586 0.340524 0.896586 0.967758 0.865569 0.967758 0.865569 0.340524 0.865569 0.967758 0.834552 0.340524 0.865569 0.340524 0.865569 0.967758 0.834552 0.967758 0.834552 0.340524 0.803536 0.967758 0.834552 0.340524 0.834552 0.967758 0.834552 0.340524 0.865569 0.260926 0.865569 0.340524 0.927602 0.967758 0.896586 0.967758 0.896586 0.340524 0.927602 0.967758 0.896586 0.340524 0.927602 0.340524 0.896586 0.340524 0.927602 0.260926 0.927602 0.340524 0.896586 0.340524 0.896586 0.260926 0.927602 0.260926 0.896586 0.260926 0.927602 0.204226 0.927602 0.260926 0.896586 0.260926 0.896586 0.204226 0.927602 0.204226 0.896586 0.204226 0.927602 0.169333 0.927602 0.204226 0.896586 0.204226 0.896586 0.169333 0.927602 0.169333 0.927602 0.169333 0.896586 0.169333 0.834552 0.07727497 0.896586 0.169333 0.865569 0.169333 0.834552 0.07727497 0.865569 0.169333 0.834552 0.169333 0.834552 0.07727497 0.865569 0.204226 0.834552 0.169333 0.865569 0.169333 0.865569 0.204226 0.834552 0.204226 0.834552 0.169333 0.865569 0.260926 0.834552 0.204226 0.865569 0.204226 0.865569 0.260926 0.834552 0.260926 0.834552 0.204226 0.834552 0.340524 0.834552 0.260926 0.865569 0.260926 0.803536 0.340524 0.834552 0.260926 0.834552 0.340524 0.803536 0.967758 0.803536 0.340524 0.834552 0.340524 0.803536 0.967758 0.772519 0.340524 0.803536 0.340524 0.803536 0.967758 0.772519 0.967758 0.772519 0.340524 0.741502 0.967758 0.772519 0.340524 0.772519 0.967758 0.741502 0.967758 0.741502 0.340524 0.772519 0.340524 0.741502 0.340524 0.772519 0.260926 0.772519 0.340524 0.741502 0.340524 0.741502 0.260926 0.772519 0.260926 0.741502 0.260926 0.772519 0.204226 0.772519 0.260926 0.741502 0.260926 0.741502 0.204226 0.772519 0.204226 0.741502 0.204226 0.772519 0.169333 0.772519 0.204226 0.741502 0.204226 0.741502 0.169333 0.772519 0.169333 0.772519 0.169333 0.741502 0.169333 0.834552 0.07727497 0.803536 0.169333 0.772519 0.169333 0.834552 0.07727497 0.834552 0.169333 0.803536 0.169333 0.834552 0.07727497 0.834552 0.204226 0.803536 0.169333 0.834552 0.169333 0.834552 0.204226 0.803536 0.204226 0.803536 0.169333 0.834552 0.260926 0.803536 0.204226 0.834552 0.204226 0.834552 0.260926 0.803536 0.260926 0.803536 0.204226 0.803536 0.340524 0.803536 0.260926 0.834552 0.260926 0.772519 0.340524 0.803536 0.260926 0.803536 0.340524 0.772519 0.340524 0.772519 0.260926 0.803536 0.260926 0.803536 0.260926 0.772519 0.260926 0.772519 0.204226 0.803536 0.260926 0.772519 0.204226 0.803536 0.204226 0.803536 0.204226 0.772519 0.204226 0.772519 0.169333 0.803536 0.204226 0.772519 0.169333 0.803536 0.169333 0.896586 0.204226 0.865569 0.169333 0.896586 0.169333 0.896586 0.204226 0.865569 0.204226 0.865569 0.169333 0.865569 0.260926 0.865569 0.204226 0.896586 0.204226 0.865569 0.260926 0.896586 0.204226 0.896586 0.260926 0.865569 0.340524 0.865569 0.260926 0.896586 0.260926 0.865569 0.340524 0.896586 0.260926 0.896586 0.340524 0.865569 0.967758 0.865569 0.340524 0.896586 0.340524 0.865569 0.967758 0.896586 0.340524 0.896586 0.967758 0.927602 0.967758 0.896586 0.967758 0.896586 0.340524 0.927602 0.967758 0.896586 0.340524 0.927602 0.340524 0.927602 0.340524 0.896586 0.340524 0.896586 0.260926 0.927602 0.340524 0.896586 0.260926 0.927602 0.260926 0.927602 0.260926 0.896586 0.260926 0.896586 0.204226 0.927602 0.260926 0.896586 0.204226 0.927602 0.204226 0.896586 0.204226 0.927602 0.169333 0.927602 0.204226 0.896586 0.204226 0.896586 0.169333 0.927602 0.169333 0.927602 0.169333 0.896586 0.169333 0.834552 0.07727497 0.896586 0.169333 0.865569 0.169333 0.834552 0.07727497 0.865569 0.169333 0.834552 0.169333 0.834552 0.07727497 0.865569 0.967758 0.834552 0.340524 0.865569 0.340524 0.865569 0.967758 0.834552 0.967758 0.834552 0.340524 0.803536 0.967758 0.834552 0.340524 0.834552 0.967758 0.865569 0.204226 0.834552 0.169333 0.865569 0.169333 0.865569 0.204226 0.834552 0.204226 0.834552 0.169333 0.834552 0.260926 0.834552 0.204226 0.865569 0.204226 0.834552 0.260926 0.803536 0.204226 0.834552 0.204226 0.834552 0.260926 0.803536 0.260926 0.803536 0.204226 0.803536 0.260926 0.772519 0.204226 0.803536 0.204226 0.803536 0.260926 0.772519 0.260926 0.772519 0.204226 0.772519 0.260926 0.741502 0.204226 0.772519 0.204226 0.772519 0.260926 0.741502 0.260926 0.741502 0.204226 0.741502 0.340524 0.741502 0.260926 0.772519 0.260926 0.741502 0.340524 0.772519 0.260926 0.772519 0.340524 0.741502 0.967758 0.741502 0.340524 0.772519 0.340524 0.741502 0.967758 0.772519 0.340524 0.772519 0.967758 0.803536 0.967758 0.772519 0.967758 0.772519 0.340524 0.803536 0.967758 0.772519 0.340524 0.803536 0.340524 0.803536 0.967758 0.803536 0.340524 0.834552 0.340524 0.834552 0.340524 0.803536 0.340524 0.803536 0.260926 0.834552 0.340524 0.803536 0.260926 0.834552 0.260926 0.865569 0.340524 0.834552 0.340524 0.834552 0.260926 0.865569 0.340524 0.834552 0.260926 0.865569 0.260926 0.834552 0.260926 0.865569 0.204226 0.865569 0.260926 0.772519 0.340524 0.803536 0.260926 0.803536 0.340524 0.772519 0.340524 0.772519 0.260926 0.803536 0.260926 0.772519 0.204226 0.803536 0.169333 0.803536 0.204226 0.834552 0.204226 0.803536 0.204226 0.803536 0.169333 0.834552 0.204226 0.803536 0.169333 0.834552 0.169333 0.834552 0.169333 0.803536 0.169333 0.834552 0.07727497 0.803536 0.169333 0.772519 0.169333 0.834552 0.07727497 0.772519 0.169333 0.741502 0.169333 0.834552 0.07727497 0.741502 0.204226 0.741502 0.169333 0.772519 0.169333 0.741502 0.204226 0.772519 0.169333 0.772519 0.204226 0.772519 0.204226 0.772519 0.169333 0.803536 0.169333 0.927602 0.260926 0.896586 0.204226 0.927602 0.204226 0.772519 0.967758 0.741502 0.967758 0.741502 0.340524 0.772519 0.967758 0.741502 0.340524 0.772519 0.340524 0.772519 0.340524 0.741502 0.340524 0.741502 0.260926 0.772519 0.340524 0.741502 0.260926 0.772519 0.260926 0.772519 0.260926 0.741502 0.260926 0.741502 0.204226 0.772519 0.260926 0.741502 0.204226 0.772519 0.204226 0.741502 0.204226 0.772519 0.169333 0.772519 0.204226 0.803536 0.204226 0.772519 0.204226 0.772519 0.169333 0.803536 0.204226 0.772519 0.169333 0.803536 0.169333 0.834552 0.204226 0.803536 0.204226 0.803536 0.169333 0.834552 0.204226 0.803536 0.169333 0.834552 0.169333 0.865569 0.204226 0.834552 0.204226 0.834552 0.169333 0.865569 0.204226 0.834552 0.169333 0.865569 0.169333 0.896586 0.204226 0.865569 0.204226 0.865569 0.169333 0.896586 0.204226 0.865569 0.169333 0.896586 0.169333 0.927602 0.204226 0.896586 0.204226 0.896586 0.169333 0.927602 0.204226 0.896586 0.169333 0.927602 0.169333 0.927602 0.169333 0.896586 0.169333 0.834552 0.07727497 0.772519 0.260926 0.772519 0.204226 0.803536 0.204226 0.896586 0.169333 0.865569 0.169333 0.834552 0.07727497 0.865569 0.169333 0.834552 0.169333 0.834552 0.07727497 0.834552 0.169333 0.803536 0.169333 0.834552 0.07727497 0.803536 0.169333 0.772519 0.169333 0.834552 0.07727497 0.772519 0.169333 0.741502 0.169333 0.834552 0.07727497 0.741502 0.204226 0.741502 0.169333 0.772519 0.169333 0.803536 0.967758 0.772519 0.967758 0.772519 0.340524 0.803536 0.967758 0.772519 0.340524 0.803536 0.340524 0.803536 0.340524 0.772519 0.340524 0.772519 0.260926 0.803536 0.340524 0.772519 0.260926 0.803536 0.260926 0.772519 0.260926 0.803536 0.204226 0.803536 0.260926 0.834552 0.260926 0.803536 0.260926 0.803536 0.204226 0.834552 0.260926 0.803536 0.204226 0.834552 0.204226 0.865569 0.260926 0.834552 0.260926 0.834552 0.204226 0.865569 0.260926 0.834552 0.204226 0.865569 0.204226 0.865569 0.260926 0.865569 0.204226 0.896586 0.204226 0.865569 0.260926 0.896586 0.204226 0.896586 0.260926 0.927602 0.260926 0.896586 0.260926 0.896586 0.204226 0.896586 0.340524 0.896586 0.260926 0.927602 0.260926 0.896586 0.340524 0.927602 0.260926 0.927602 0.340524 0.927602 0.967758 0.896586 0.340524 0.927602 0.340524 0.927602 0.967758 0.896586 0.967758 0.896586 0.340524 0.896586 0.967758 0.865569 0.340524 0.896586 0.340524 0.896586 0.967758 0.865569 0.967758 0.865569 0.340524 0.865569 0.340524 0.896586 0.260926 0.896586 0.340524 0.865569 0.340524 0.865569 0.260926 0.896586 0.260926 0.865569 0.340524 0.834552 0.260926 0.865569 0.260926 0.865569 0.340524 0.834552 0.340524 0.834552 0.260926 0.834552 0.967758 0.865569 0.340524 0.865569 0.967758 0.834552 0.967758 0.834552 0.340524 0.865569 0.340524 0.834552 0.967758 0.803536 0.340524 0.834552 0.340524 0.803536 0.340524 0.834552 0.260926 0.834552 0.340524 0.803536 0.340524 0.803536 0.260926 0.834552 0.260926 0.834552 0.967758 0.803536 0.967758 0.803536 0.340524 0.865569 0.340524 0.896586 0.260926 0.896586 0.340524 0.865569 0.340524 0.865569 0.260926 0.896586 0.260926 0.865569 0.260926 0.896586 0.204226 0.896586 0.260926 0.865569 0.260926 0.865569 0.204226 0.896586 0.204226 0.834552 0.260926 0.865569 0.204226 0.865569 0.260926 0.834552 0.340524 0.834552 0.260926 0.865569 0.260926 0.834552 0.340524 0.803536 0.260926 0.834552 0.260926 0.834552 0.340524 0.803536 0.340524 0.803536 0.260926 0.834552 0.340524 0.865569 0.260926 0.865569 0.340524 0.803536 0.967758 0.803536 0.340524 0.834552 0.340524 0.803536 0.967758 0.834552 0.340524 0.834552 0.967758 0.834552 0.967758 0.834552 0.340524 0.865569 0.340524 0.834552 0.967758 0.865569 0.340524 0.865569 0.967758 0.865569 0.967758 0.865569 0.340524 0.896586 0.340524 0.865569 0.967758 0.896586 0.340524 0.896586 0.967758 0.927602 0.967758 0.896586 0.967758 0.896586 0.340524 0.927602 0.967758 0.896586 0.340524 0.927602 0.340524 0.927602 0.340524 0.896586 0.340524 0.896586 0.260926 0.927602 0.340524 0.896586 0.260926 0.927602 0.260926 0.896586 0.260926 0.927602 0.204226 0.927602 0.260926 0.896586 0.260926 0.896586 0.204226 0.927602 0.204226 0.927602 0.204226 0.896586 0.204226 0.896586 0.169333 0.865569 0.204226 0.896586 0.169333 0.896586 0.204226 0.865569 0.204226 0.865569 0.169333 0.896586 0.169333 0.865569 0.204226 0.834552 0.169333 0.865569 0.169333 0.865569 0.169333 0.834552 0.169333 0.834552 0.07727497 0.834552 0.169333 0.803536 0.169333 0.834552 0.07727497 0.927602 0.204226 0.896586 0.169333 0.927602 0.169333 0.927602 0.169333 0.896586 0.169333 0.834552 0.07727497 0.896586 0.169333 0.865569 0.169333 0.834552 0.07727497 0.803536 0.967758 0.772519 0.967758 0.772519 0.340524 0.803536 0.967758 0.772519 0.340524 0.803536 0.340524 0.803536 0.340524 0.772519 0.340524 0.772519 0.260926 0.803536 0.340524 0.772519 0.260926 0.803536 0.260926 0.772519 0.260926 0.803536 0.204226 0.803536 0.260926 0.834552 0.260926 0.803536 0.260926 0.803536 0.204226 0.834552 0.260926 0.803536 0.204226 0.834552 0.204226 0.834552 0.260926 0.834552 0.204226 0.865569 0.204226 0.865569 0.204226 0.834552 0.204226 0.834552 0.169333 0.834552 0.204226 0.803536 0.169333 0.834552 0.169333 0.834552 0.204226 0.803536 0.204226 0.803536 0.169333 0.772519 0.204226 0.803536 0.169333 0.803536 0.204226 0.772519 0.260926 0.772519 0.204226 0.803536 0.204226 0.803536 0.169333 0.772519 0.169333 0.834552 0.07727497 0.772519 0.204226 0.772519 0.169333 0.803536 0.169333 0.772519 0.204226 0.741502 0.169333 0.772519 0.169333 0.772519 0.204226 0.741502 0.204226 0.741502 0.169333 0.772519 0.260926 0.741502 0.204226 0.772519 0.204226 0.772519 0.260926 0.741502 0.260926 0.741502 0.204226 0.772519 0.340524 0.741502 0.260926 0.772519 0.260926 0.772519 0.340524 0.741502 0.340524 0.741502 0.260926 0.772519 0.967758 0.741502 0.340524 0.772519 0.340524 0.772519 0.967758 0.741502 0.967758 0.741502 0.340524 0.772519 0.169333 0.741502 0.169333 0.834552 0.07727497 0.563253 0.967758 0.594269 0.340524 0.594269 0.967758 0.501219 0.169333 0.470202 0.169333 0.501219 0.07727497 0.470202 0.169333 0.439186 0.169333 0.501219 0.07727497 0.439186 0.169333 0.408169 0.169333 0.501219 0.07727497 0.408169 0.204226 0.408169 0.169333 0.439186 0.169333 0.408169 0.204226 0.439186 0.169333 0.439186 0.204226 0.439186 0.260926 0.408169 0.204226 0.439186 0.204226 0.439186 0.260926 0.439186 0.204226 0.470202 0.204226 0.439186 0.260926 0.470202 0.204226 0.470202 0.260926 0.501219 0.260926 0.470202 0.260926 0.470202 0.204226 0.501219 0.340524 0.470202 0.260926 0.501219 0.260926 0.532236 0.340524 0.501219 0.340524 0.501219 0.260926 0.501219 0.967758 0.501219 0.340524 0.532236 0.340524 0.501219 0.967758 0.532236 0.340524 0.532236 0.967758 0.563253 0.967758 0.532236 0.967758 0.532236 0.340524 0.563253 0.967758 0.532236 0.340524 0.563252 0.340524 0.563253 0.967758 0.563252 0.340524 0.594269 0.340524 0.563252 0.340524 0.594269 0.260926 0.594269 0.340524 0.563252 0.340524 0.563252 0.260926 0.594269 0.260926 0.439186 0.340524 0.470202 0.260926 0.470202 0.340524 0.439186 0.340524 0.439186 0.260926 0.470202 0.260926 0.501219 0.340524 0.470202 0.340524 0.470202 0.260926 0.501219 0.967758 0.470202 0.340524 0.501219 0.340524 0.501219 0.967758 0.470202 0.967758 0.470202 0.340524 0.439186 0.967758 0.470202 0.340524 0.470202 0.967758 0.439186 0.967758 0.439186 0.340524 0.470202 0.340524 0.439186 0.967758 0.408169 0.340524 0.439186 0.340524 0.408169 0.340524 0.439186 0.260926 0.439186 0.340524 0.408169 0.340524 0.408169 0.260926 0.439186 0.260926 0.439186 0.260926 0.408169 0.260926 0.408169 0.204226 0.439186 0.967758 0.408169 0.967758 0.408169 0.340524 0.563252 0.204226 0.532236 0.169333 0.563252 0.169333 0.563252 0.204226 0.532236 0.204226 0.532236 0.169333 0.532236 0.260926 0.532236 0.204226 0.563252 0.204226 0.501219 0.260926 0.532236 0.204226 0.532236 0.260926 0.532236 0.340524 0.501219 0.260926 0.532236 0.260926 0.532236 0.340524 0.532236 0.260926 0.563252 0.260926 0.532236 0.340524 0.563252 0.260926 0.563252 0.340524 0.532236 0.260926 0.563252 0.204226 0.563252 0.260926 0.563252 0.260926 0.594269 0.204226 0.594269 0.260926 0.563252 0.260926 0.563252 0.204226 0.594269 0.204226 0.563252 0.204226 0.594269 0.169333 0.594269 0.204226 0.563252 0.204226 0.563252 0.169333 0.594269 0.169333 0.594269 0.169333 0.563252 0.169333 0.501219 0.07727497 0.563252 0.169333 0.532236 0.169333 0.501219 0.07727497 0.532236 0.169333 0.501219 0.169333 0.501219 0.07727497 0.532236 0.204226 0.501219 0.169333 0.532236 0.169333 0.532236 0.204226 0.501219 0.204226 0.501219 0.169333 0.501219 0.260926 0.501219 0.204226 0.532236 0.204226 0.501219 0.260926 0.470202 0.204226 0.501219 0.204226 0.501219 0.204226 0.470202 0.204226 0.470202 0.169333 0.470202 0.204226 0.439186 0.169333 0.470202 0.169333 0.470202 0.204226 0.439186 0.204226 0.439186 0.169333 0.501219 0.204226 0.470202 0.169333 0.501219 0.169333 0.470202 0.204226 0.439186 0.169333 0.470202 0.169333 0.501219 0.169333 0.470202 0.169333 0.501219 0.07727497 0.501219 0.204226 0.470202 0.169333 0.501219 0.169333 0.501219 0.204226 0.470202 0.204226 0.470202 0.169333 0.501219 0.260926 0.470202 0.204226 0.501219 0.204226 0.501219 0.260926 0.470202 0.260926 0.470202 0.204226 0.594269 0.169333 0.563252 0.169333 0.501219 0.07727497 0.563252 0.169333 0.532236 0.169333 0.501219 0.07727497 0.532236 0.169333 0.501219 0.169333 0.501219 0.07727497 0.532236 0.204226 0.501219 0.169333 0.532236 0.169333 0.532236 0.204226 0.501219 0.204226 0.501219 0.169333 0.532236 0.260926 0.501219 0.204226 0.532236 0.204226 0.532236 0.260926 0.501219 0.260926 0.501219 0.204226 0.501219 0.340524 0.501219 0.260926 0.532236 0.260926 0.501219 0.340524 0.470202 0.260926 0.501219 0.260926 0.501219 0.340524 0.470202 0.340524 0.470202 0.260926 0.439186 0.340524 0.470202 0.260926 0.470202 0.340524 0.439186 0.340524 0.439186 0.260926 0.470202 0.260926 0.439186 0.260926 0.470202 0.204226 0.470202 0.260926 0.439186 0.260926 0.439186 0.204226 0.470202 0.204226 0.470202 0.204226 0.439186 0.204226 0.439186 0.169333 0.439186 0.204226 0.408169 0.169333 0.439186 0.169333 0.439186 0.169333 0.408169 0.169333 0.501219 0.07727497 0.470202 0.169333 0.439186 0.169333 0.501219 0.07727497 0.439186 0.260926 0.408169 0.204226 0.439186 0.204226 0.439186 0.204226 0.408169 0.204226 0.408169 0.169333 0.532236 0.204226 0.532236 0.169333 0.563252 0.169333 0.532236 0.204226 0.563252 0.169333 0.563252 0.204226 0.563252 0.260926 0.532236 0.204226 0.563252 0.204226 0.563252 0.260926 0.532236 0.260926 0.532236 0.204226 0.439186 0.260926 0.408169 0.260926 0.408169 0.204226 0.408169 0.340524 0.408169 0.260926 0.439186 0.260926 0.408169 0.340524 0.439186 0.260926 0.439186 0.340524 0.439186 0.967758 0.408169 0.340524 0.439186 0.340524 0.439186 0.967758 0.439186 0.340524 0.470202 0.340524 0.439186 0.967758 0.470202 0.340524 0.470202 0.967758 0.501219 0.967758 0.470202 0.967758 0.470202 0.340524 0.501219 0.967758 0.470202 0.340524 0.501219 0.340524 0.501219 0.967758 0.501219 0.340524 0.532236 0.340524 0.501219 0.340524 0.532236 0.260926 0.532236 0.340524 0.563252 0.340524 0.532236 0.340524 0.532236 0.260926 0.563252 0.340524 0.532236 0.260926 0.563252 0.260926 0.594269 0.340524 0.563252 0.340524 0.563252 0.260926 0.594269 0.340524 0.563252 0.260926 0.594269 0.260926 0.563252 0.260926 0.594269 0.204226 0.594269 0.260926 0.563252 0.260926 0.563252 0.204226 0.594269 0.204226 0.563252 0.204226 0.594269 0.169333 0.594269 0.204226 0.563252 0.204226 0.563252 0.169333 0.594269 0.169333 0.439186 0.967758 0.408169 0.967758 0.408169 0.340524 0.594269 0.967758 0.563252 0.340524 0.594269 0.340524 0.594269 0.967758 0.563253 0.967758 0.563252 0.340524 0.563253 0.967758 0.532236 0.340524 0.563252 0.340524 0.563253 0.967758 0.532236 0.967758 0.532236 0.340524 0.501219 0.967758 0.532236 0.340524 0.532236 0.967758 0.532236 0.260926 0.563252 0.204226 0.563252 0.260926 0.532236 0.260926 0.532236 0.204226 0.563252 0.204226 0.501219 0.260926 0.532236 0.204226 0.532236 0.260926 0.532236 0.340524 0.501219 0.260926 0.532236 0.260926 0.563252 0.340524 0.532236 0.340524 0.532236 0.260926 0.563252 0.340524 0.532236 0.260926 0.563252 0.260926 0.563252 0.340524 0.563252 0.260926 0.594269 0.260926 0.563252 0.260926 0.594269 0.204226 0.594269 0.260926 0.563252 0.260926 0.563252 0.204226 0.594269 0.204226 0.594269 0.204226 0.563252 0.204226 0.563252 0.169333 0.532236 0.204226 0.563252 0.169333 0.563252 0.204226 0.532236 0.204226 0.532236 0.169333 0.563252 0.169333 0.532236 0.204226 0.501219 0.169333 0.532236 0.169333 0.532236 0.169333 0.501219 0.169333 0.501219 0.07727497 0.563252 0.169333 0.532236 0.169333 0.501219 0.07727497 0.594269 0.169333 0.563252 0.169333 0.501219 0.07727497 0.594269 0.204226 0.563252 0.169333 0.594269 0.169333 0.563252 0.340524 0.594269 0.260926 0.594269 0.340524 0.563253 0.967758 0.594269 0.340524 0.594269 0.967758 0.563253 0.967758 0.563252 0.340524 0.594269 0.340524 0.563253 0.967758 0.532236 0.340524 0.563252 0.340524 0.563253 0.967758 0.532236 0.967758 0.532236 0.340524 0.501219 0.967758 0.532236 0.340524 0.532236 0.967758 0.501219 0.967758 0.501219 0.340524 0.532236 0.340524 0.501219 0.967758 0.470202 0.340524 0.501219 0.340524 0.501219 0.340524 0.470202 0.340524 0.470202 0.260926 0.470202 0.340524 0.439186 0.260926 0.470202 0.260926 0.470202 0.260926 0.439186 0.260926 0.439186 0.204226 0.439186 0.260926 0.408169 0.204226 0.439186 0.204226 0.439186 0.204226 0.408169 0.204226 0.408169 0.169333 0.439186 0.204226 0.408169 0.169333 0.439186 0.169333 0.439186 0.169333 0.408169 0.169333 0.501219 0.07727497 0.470202 0.169333 0.439186 0.169333 0.501219 0.07727497 0.501219 0.169333 0.470202 0.169333 0.501219 0.07727497 0.501219 0.204226 0.470202 0.169333 0.501219 0.169333 0.532236 0.204226 0.501219 0.204226 0.501219 0.169333 0.501219 0.260926 0.501219 0.204226 0.532236 0.204226 0.439186 0.204226 0.439186 0.169333 0.470202 0.169333 0.439186 0.204226 0.470202 0.169333 0.470202 0.204226 0.470202 0.260926 0.439186 0.204226 0.470202 0.204226 0.501219 0.260926 0.470202 0.260926 0.470202 0.204226 0.501219 0.340524 0.470202 0.260926 0.501219 0.260926 0.532236 0.340524 0.501219 0.340524 0.501219 0.260926 0.501219 0.260926 0.470202 0.204226 0.501219 0.204226 0.501219 0.204226 0.470202 0.204226 0.470202 0.169333 0.439186 0.260926 0.408169 0.260926 0.408169 0.204226 0.439186 0.340524 0.408169 0.260926 0.439186 0.260926 0.470202 0.340524 0.439186 0.340524 0.439186 0.260926 0.470202 0.967758 0.439186 0.340524 0.470202 0.340524 0.501219 0.967758 0.470202 0.967758 0.470202 0.340524 0.439186 0.340524 0.408169 0.340524 0.408169 0.260926 0.439186 0.967758 0.408169 0.340524 0.439186 0.340524 0.470202 0.967758 0.439186 0.967758 0.439186 0.340524 0.439186 0.967758 0.408169 0.967758 0.408169 0.340524 0.167886 0.260926 0.136869 0.204226 0.167886 0.204226 0.167886 0.204226 0.136869 0.204226 0.136869 0.169333 0.136869 0.340524 0.167886 0.260926 0.167886 0.340524 0.136869 0.340524 0.136869 0.260926 0.167886 0.260926 0.167886 0.260926 0.136869 0.260926 0.136869 0.204226 0.136869 0.260926 0.105852 0.204226 0.136869 0.204226 0.105852 0.204226 0.136869 0.169333 0.136869 0.204226 0.105852 0.204226 0.105852 0.169333 0.136869 0.169333 0.105852 0.340524 0.105852 0.260926 0.136869 0.260926 0.136869 0.260926 0.105852 0.260926 0.105852 0.204226 0.105852 0.260926 0.07483595 0.204226 0.105852 0.204226 0.07483595 0.204226 0.105852 0.169333 0.105852 0.204226 0.07483595 0.204226 0.07483595 0.169333 0.105852 0.169333 0.105852 0.169333 0.07483595 0.169333 0.167886 0.07727497 0.136869 0.169333 0.105852 0.169333 0.167886 0.07727497 0.167886 0.169333 0.136869 0.169333 0.167886 0.07727497 0.167886 0.204226 0.136869 0.169333 0.167886 0.169333 0.198903 0.204226 0.167886 0.204226 0.167886 0.169333 0.167886 0.260926 0.167886 0.204226 0.198903 0.204226 0.167886 0.260926 0.198903 0.204226 0.198903 0.260926 0.167886 0.340524 0.167886 0.260926 0.198903 0.260926 0.167886 0.340524 0.198903 0.260926 0.198903 0.340524 0.198903 0.169333 0.167886 0.169333 0.167886 0.07727497 0.198903 0.204226 0.167886 0.169333 0.198903 0.169333 0.105852 0.260926 0.07483595 0.260926 0.07483595 0.204226 0.07483595 0.340524 0.07483595 0.260926 0.105852 0.260926 0.07483595 0.340524 0.105852 0.260926 0.105852 0.340524 0.105852 0.967758 0.07483595 0.340524 0.105852 0.340524 0.136869 0.967758 0.105852 0.967758 0.105852 0.340524 0.105852 0.967758 0.07483595 0.967758 0.07483595 0.340524 0.198903 0.260926 0.198903 0.204226 0.229919 0.204226 0.229919 0.204226 0.198903 0.204226 0.198903 0.169333 0.229919 0.204226 0.198903 0.169333 0.229919 0.169333 0.229919 0.169333 0.198903 0.169333 0.167886 0.07727497 0.260936 0.169333 0.229919 0.169333 0.167886 0.07727497 0.260936 0.204226 0.229919 0.169333 0.260936 0.169333 0.260936 0.204226 0.229919 0.204226 0.229919 0.169333 0.229919 0.260926 0.229919 0.204226 0.260936 0.204226 0.198903 0.260926 0.229919 0.204226 0.229919 0.260926 0.229919 0.340524 0.198903 0.260926 0.229919 0.260926 0.229919 0.340524 0.198903 0.340524 0.198903 0.260926 0.198903 0.967758 0.198903 0.340524 0.229919 0.340524 0.198903 0.967758 0.167886 0.340524 0.198903 0.340524 0.198903 0.967758 0.167886 0.967758 0.167886 0.340524 0.136869 0.967758 0.167886 0.340524 0.167886 0.967758 0.136869 0.967758 0.136869 0.340524 0.167886 0.340524 0.136869 0.967758 0.105852 0.340524 0.136869 0.340524 0.105852 0.340524 0.136869 0.260926 0.136869 0.340524 0.229919 0.260926 0.260936 0.204226 0.260936 0.260926 0.260936 0.340524 0.229919 0.260926 0.260936 0.260926 0.260936 0.340524 0.229919 0.340524 0.229919 0.260926 0.260936 0.967758 0.229919 0.340524 0.260936 0.340524 0.260936 0.967758 0.229919 0.967758 0.229919 0.340524 0.198903 0.967758 0.229919 0.340524 0.229919 0.967758 0.167886 0.967758 0.136869 0.340524 0.167886 0.340524 0.167886 0.967758 0.136869 0.967758 0.136869 0.340524 0.105852 0.967758 0.136869 0.340524 0.136869 0.967758 0.105852 0.967758 0.105852 0.340524 0.136869 0.340524 0.105852 0.967758 0.07483595 0.340524 0.105852 0.340524 0.105852 0.340524 0.07483595 0.340524 0.07483595 0.260926 0.105852 0.967758 0.07483595 0.967758 0.07483595 0.340524 0.105852 0.260926 0.07483595 0.260926 0.07483595 0.204226 0.105852 0.340524 0.07483595 0.260926 0.105852 0.260926 0.105852 0.340524 0.105852 0.260926 0.136869 0.260926 0.105852 0.340524 0.136869 0.260926 0.136869 0.340524 0.136869 0.340524 0.136869 0.260926 0.167886 0.260926 0.136869 0.340524 0.167886 0.260926 0.167886 0.340524 0.198903 0.340524 0.167886 0.340524 0.167886 0.260926 0.167886 0.967758 0.167886 0.340524 0.198903 0.340524 0.167886 0.967758 0.198903 0.340524 0.198903 0.967758 0.229919 0.967758 0.198903 0.967758 0.198903 0.340524 0.229919 0.967758 0.198903 0.340524 0.229919 0.340524 0.260936 0.967758 0.229919 0.967758 0.229919 0.340524 0.260936 0.967758 0.229919 0.340524 0.260936 0.340524 0.260936 0.340524 0.229919 0.340524 0.229919 0.260926 0.260936 0.340524 0.229919 0.260926 0.260936 0.260926 0.229919 0.260926 0.260936 0.204226 0.260936 0.260926 0.229919 0.260926 0.229919 0.204226 0.260936 0.204226 0.260936 0.204226 0.229919 0.204226 0.229919 0.169333 0.198903 0.340524 0.229919 0.260926 0.229919 0.340524 0.198903 0.340524 0.198903 0.260926 0.229919 0.260926 0.198903 0.340524 0.167886 0.260926 0.198903 0.260926 0.229919 0.169333 0.198903 0.169333 0.167886 0.07727497 0.260936 0.169333 0.229919 0.169333 0.167886 0.07727497 0.260936 0.204226 0.229919 0.169333 0.260936 0.169333 0.198903 0.204226 0.229919 0.169333 0.229919 0.204226 0.198903 0.204226 0.198903 0.169333 0.229919 0.169333 0.198903 0.204226 0.167886 0.169333 0.198903 0.169333 0.198903 0.169333 0.167886 0.169333 0.167886 0.07727497 0.167886 0.169333 0.136869 0.169333 0.167886 0.07727497 0.136869 0.169333 0.105852 0.169333 0.167886 0.07727497 0.105852 0.204226 0.105852 0.169333 0.136869 0.169333 0.07483595 0.204226 0.105852 0.169333 0.105852 0.204226 0.105852 0.260926 0.07483595 0.204226 0.105852 0.204226 0.136869 0.260926 0.105852 0.260926 0.105852 0.204226 0.136869 0.260926 0.105852 0.204226 0.136869 0.204226 0.167886 0.260926 0.136869 0.260926 0.136869 0.204226 0.167886 0.260926 0.136869 0.204226 0.167886 0.204226 0.198903 0.260926 0.167886 0.260926 0.167886 0.204226 0.198903 0.260926 0.167886 0.204226 0.198903 0.204226 0.229919 0.260926 0.198903 0.260926 0.198903 0.204226 0.229919 0.260926 0.198903 0.204226 0.229919 0.204226 0.105852 0.204226 0.136869 0.169333 0.136869 0.204226 0.167886 0.204226 0.136869 0.204226 0.136869 0.169333 0.167886 0.204226 0.136869 0.169333 0.167886 0.169333 0.198903 0.204226 0.167886 0.204226 0.167886 0.169333 0.07483595 0.204226 0.07483595 0.169333 0.105852 0.169333 0.105852 0.169333 0.07483595 0.169333 0.167886 0.07727497 0.229919 0.967758 0.260936 0.340524 0.260936 0.967758 0.229919 0.967758 0.229919 0.340524 0.260936 0.340524 0.229919 0.967758 0.198903 0.340524 0.229919 0.340524 0.229919 0.967758 0.198903 0.967758 0.198903 0.340524 0.198903 0.967758 0.167886 0.340524 0.198903 0.340524 0.198903 0.967758 0.167886 0.967758 0.167886 0.340524 0.136869 0.967758 0.167886 0.340524 0.167886 0.967758 0.136869 0.967758 0.136869 0.340524 0.167886 0.340524 0.136869 0.967758 0.105852 0.340524 0.136869 0.340524 0.105852 0.340524 0.136869 0.260926 0.136869 0.340524 0.105852 0.340524 0.105852 0.260926 0.136869 0.260926 0.105852 0.260926 0.136869 0.204226 0.136869 0.260926 0.105852 0.260926 0.105852 0.204226 0.136869 0.204226 0.136869 0.204226 0.105852 0.204226 0.105852 0.169333 0.105852 0.204226 0.07483595 0.169333 0.105852 0.169333 0.105852 0.169333 0.07483595 0.169333 0.167886 0.07727497 0.136869 0.169333 0.105852 0.169333 0.167886 0.07727497 0.167886 0.169333 0.136869 0.169333 0.167886 0.07727497 0.167886 0.204226 0.136869 0.169333 0.167886 0.169333 0.198903 0.340524 0.167886 0.260926 0.198903 0.260926 0.198903 0.340524 0.167886 0.340524 0.167886 0.260926 0.136869 0.340524 0.167886 0.260926 0.167886 0.340524 0.136869 0.340524 0.136869 0.260926 0.167886 0.260926 0.167886 0.260926 0.136869 0.260926 0.136869 0.204226 0.167886 0.260926 0.136869 0.204226 0.167886 0.204226 0.167886 0.204226 0.136869 0.204226 0.136869 0.169333 0.136869 0.204226 0.105852 0.169333 0.136869 0.169333 0.198903 0.260926 0.167886 0.260926 0.167886 0.204226 0.105852 0.204226 0.07483595 0.204226 0.07483595 0.169333 0.07483595 0.260926 0.07483595 0.204226 0.105852 0.204226 0.07483595 0.260926 0.105852 0.204226 0.105852 0.260926 0.105852 0.340524 0.07483595 0.260926 0.105852 0.260926 0.105852 0.340524 0.07483595 0.340524 0.07483595 0.260926 0.105852 0.967758 0.07483595 0.340524 0.105852 0.340524 0.136869 0.967758 0.105852 0.967758 0.105852 0.340524 0.105852 0.967758 0.07483595 0.967758 0.07483595 0.340524 0.198903 0.204226 0.167886 0.204226 0.167886 0.169333 0.198903 0.260926 0.167886 0.204226 0.198903 0.204226 0.229919 0.260926 0.198903 0.260926 0.198903 0.204226 0.198903 0.340524 0.198903 0.260926 0.229919 0.260926 0.198903 0.340524 0.229919 0.260926 0.229919 0.340524 0.229919 0.340524 0.229919 0.260926 0.260936 0.260926 0.229919 0.340524 0.260936 0.260926 0.260936 0.340524 0.229919 0.260926 0.198903 0.204226 0.229919 0.204226 0.260936 0.260926 0.229919 0.260926 0.229919 0.204226 0.260936 0.260926 0.229919 0.204226 0.260936 0.204226 0.229919 0.204226 0.260936 0.169333 0.260936 0.204226 0.229919 0.204226 0.229919 0.169333 0.260936 0.169333 0.260936 0.169333 0.229919 0.169333 0.167886 0.07727497 0.229919 0.169333 0.198903 0.169333 0.167886 0.07727497 0.198903 0.169333 0.167886 0.169333 0.167886 0.07727497 0.198903 0.204226 0.167886 0.169333 0.198903 0.169333 0.198903 0.204226 0.198903 0.169333 0.229919 0.169333 0.198903 0.204226 0.229919 0.169333 0.229919 0.204226 0.834552 0.340524 0.803536 0.260926 0.834552 0.260926 0.772519 0.260926 0.741502 0.260926 0.741502 0.204226 0.772519 0.340524 0.741502 0.260926 0.772519 0.260926 0.772519 0.340524 0.772519 0.260926 0.803536 0.260926 0.772519 0.340524 0.803536 0.260926 0.803536 0.340524 0.834552 0.340524 0.803536 0.340524 0.803536 0.260926 0.803536 0.967758 0.803536 0.340524 0.834552 0.340524 0.803536 0.967758 0.834552 0.340524 0.834552 0.967758 0.834552 0.967758 0.834552 0.340524 0.865569 0.340524 0.834552 0.967758 0.865569 0.340524 0.865569 0.967758 0.865569 0.967758 0.865569 0.340524 0.896586 0.340524 0.865569 0.967758 0.896586 0.340524 0.896586 0.967758 0.896586 0.967758 0.896586 0.340524 0.927602 0.340524 0.896586 0.967758 0.927602 0.340524 0.927602 0.967758 0.772519 0.340524 0.741502 0.340524 0.741502 0.260926 0.896586 0.340524 0.927602 0.260926 0.927602 0.340524 0.803536 0.967758 0.772519 0.340524 0.803536 0.340524 0.803536 0.967758 0.772519 0.967758 0.772519 0.340524 0.772519 0.967758 0.741502 0.340524 0.772519 0.340524 0.772519 0.967758 0.741502 0.967758 0.741502 0.340524 0.741502 0.204226 0.741502 0.169333 0.772519 0.169333 0.741502 0.204226 0.772519 0.169333 0.772519 0.204226 0.772519 0.260926 0.741502 0.204226 0.772519 0.204226 0.772519 0.260926 0.772519 0.204226 0.803536 0.204226 0.772519 0.260926 0.803536 0.204226 0.803536 0.260926 0.803536 0.260926 0.803536 0.204226 0.834552 0.204226 0.803536 0.260926 0.834552 0.204226 0.834552 0.260926 0.865569 0.260926 0.834552 0.260926 0.834552 0.204226 0.834552 0.340524 0.834552 0.260926 0.865569 0.260926 0.834552 0.340524 0.865569 0.260926 0.865569 0.340524 0.896586 0.340524 0.865569 0.340524 0.865569 0.260926 0.896586 0.340524 0.865569 0.260926 0.896586 0.260926 0.896586 0.340524 0.896586 0.260926 0.927602 0.260926 0.927602 0.260926 0.896586 0.260926 0.896586 0.204226 0.927602 0.260926 0.896586 0.204226 0.927602 0.204226 0.896586 0.204226 0.927602 0.169333 0.927602 0.204226 0.896586 0.204226 0.896586 0.169333 0.927602 0.169333 0.927602 0.169333 0.896586 0.169333 0.834552 0.07727497 0.896586 0.169333 0.865569 0.169333 0.834552 0.07727497 0.865569 0.169333 0.834552 0.169333 0.834552 0.07727497 0.865569 0.204226 0.834552 0.169333 0.865569 0.169333 0.865569 0.204226 0.834552 0.204226 0.834552 0.169333 0.865569 0.260926 0.834552 0.204226 0.865569 0.204226 0.865569 0.260926 0.865569 0.204226 0.896586 0.204226 0.865569 0.260926 0.896586 0.204226 0.896586 0.260926 0.896586 0.204226 0.865569 0.169333 0.896586 0.169333 0.896586 0.204226 0.865569 0.204226 0.865569 0.169333 0.772519 0.169333 0.741502 0.169333 0.834552 0.07727497 0.803536 0.169333 0.772519 0.169333 0.834552 0.07727497 0.834552 0.169333 0.803536 0.169333 0.834552 0.07727497 0.834552 0.204226 0.803536 0.169333 0.834552 0.169333 0.834552 0.204226 0.803536 0.204226 0.803536 0.169333 0.803536 0.204226 0.772519 0.169333 0.803536 0.169333 0.803536 0.204226 0.772519 0.204226 0.772519 0.169333 0.532236 0.260926 0.563252 0.204226 0.563252 0.260926 0.532236 0.260926 0.532236 0.204226 0.563252 0.204226 0.501219 0.260926 0.532236 0.204226 0.532236 0.260926 0.501219 0.260926 0.501219 0.204226 0.532236 0.204226 0.501219 0.260926 0.470202 0.204226 0.501219 0.204226 0.501219 0.204226 0.470202 0.204226 0.470202 0.169333 0.439186 0.204226 0.470202 0.169333 0.470202 0.204226 0.439186 0.260926 0.439186 0.204226 0.470202 0.204226 0.439186 0.260926 0.470202 0.204226 0.470202 0.260926 0.439186 0.340524 0.439186 0.260926 0.470202 0.260926 0.501219 0.260926 0.470202 0.260926 0.470202 0.204226 0.532236 0.204226 0.501219 0.204226 0.501219 0.169333 0.501219 0.204226 0.470202 0.169333 0.501219 0.169333 0.470202 0.340524 0.470202 0.260926 0.501219 0.260926 0.439186 0.340524 0.470202 0.260926 0.470202 0.340524 0.470202 0.967758 0.439186 0.340524 0.470202 0.340524 0.470202 0.967758 0.439186 0.967758 0.439186 0.340524 0.408169 0.967758 0.439186 0.340524 0.439186 0.967758 0.408169 0.967758 0.408169 0.340524 0.439186 0.340524 0.408169 0.340524 0.439186 0.260926 0.439186 0.340524 0.408169 0.340524 0.408169 0.260926 0.439186 0.260926 0.439186 0.260926 0.408169 0.260926 0.408169 0.204226 0.439186 0.260926 0.408169 0.204226 0.439186 0.204226 0.408169 0.204226 0.439186 0.169333 0.439186 0.204226 0.439186 0.204226 0.439186 0.169333 0.470202 0.169333 0.470202 0.169333 0.439186 0.169333 0.501219 0.07727497 0.501219 0.169333 0.470202 0.169333 0.501219 0.07727497 0.532236 0.169333 0.501219 0.169333 0.501219 0.07727497 0.532236 0.204226 0.501219 0.169333 0.532236 0.169333 0.532236 0.204226 0.532236 0.169333 0.563252 0.169333 0.532236 0.204226 0.563252 0.169333 0.563252 0.204226 0.594269 0.169333 0.563252 0.169333 0.501219 0.07727497 0.563252 0.169333 0.532236 0.169333 0.501219 0.07727497 0.501219 0.967758 0.470202 0.967758 0.470202 0.340524 0.408169 0.204226 0.408169 0.169333 0.439186 0.169333 0.439186 0.169333 0.408169 0.169333 0.501219 0.07727497 0.563252 0.204226 0.563252 0.169333 0.594269 0.169333 0.563252 0.204226 0.594269 0.169333 0.594269 0.204226 0.594269 0.260926 0.563252 0.204226 0.594269 0.204226 0.594269 0.260926 0.563252 0.260926 0.563252 0.204226 0.594269 0.340524 0.563252 0.260926 0.594269 0.260926 0.594269 0.340524 0.563252 0.340524 0.563252 0.260926 0.594269 0.967758 0.563252 0.340524 0.594269 0.340524 0.594269 0.967758 0.563253 0.967758 0.563252 0.340524 0.563253 0.967758 0.532236 0.340524 0.563252 0.340524 0.563253 0.967758 0.532236 0.967758 0.532236 0.340524 0.501219 0.967758 0.532236 0.340524 0.532236 0.967758 0.501219 0.967758 0.501219 0.340524 0.532236 0.340524 0.501219 0.967758 0.470202 0.340524 0.501219 0.340524 0.470202 0.340524 0.501219 0.260926 0.501219 0.340524 0.532236 0.340524 0.501219 0.340524 0.501219 0.260926 0.532236 0.340524 0.501219 0.260926 0.532236 0.260926 0.563252 0.340524 0.532236 0.340524 0.532236 0.260926 0.563252 0.340524 0.532236 0.260926 0.563252 0.260926</float_array>
          <technique_common>
            <accessor source="#c_pistol_festivizer-mesh-map-0-array" count="8568" stride="2">
              <param name="S" type="float"/>
              <param name="T" type="float"/>
            </accessor>
          </technique_common>
        </source>
        <vertices id="c_pistol_festivizer-mesh-vertices">
          <input semantic="POSITION" source="#c_pistol_festivizer-mesh-positions"/>
        </vertices>
        <triangles material="festivizer_battery-material" count="2046">
          <input semantic="VERTEX" source="#c_pistol_festivizer-mesh-vertices" offset="0"/>
          <input semantic="NORMAL" source="#c_pistol_festivizer-mesh-normals" offset="1"/>
          <input semantic="TEXCOORD" source="#c_pistol_festivizer-mesh-map-0" offset="2" set="0"/>
          <p>0 0 0 1 1 1 2 2 2 0 3 3 3 4 4 1 5 5 4 6 6 5 7 7 6 8 8 4 6 9 7 9 10 5 7 11 4 6 12 8 10 13 7 9 14 4 6 15 9 11 16 8 10 17 10 12 18 11 13 19 12 14 20 10 15 21 13 16 22 11 17 23 14 18 24 15 19 25 16 20 26 14 18 27 17 21 28 15 19 29 18 22 30 19 23 31 20 24 32 18 22 33 21 25 34 19 23 35 22 26 36 23 27 37 24 28 38 22 26 39 25 29 40 23 27 41 26 30 42 15 30 43 17 30 44 26 31 45 27 31 46 15 31 47 28 32 48 29 33 49 30 34 50 28 32 51 31 35 52 29 33 53 22 36 54 29 36 55 31 36 56 22 37 57 24 37 58 29 37 59 32 38 60 30 39 61 33 40 62 32 38 63 28 41 64 30 39 65 21 42 66 33 43 67 19 44 68 21 42 69 32 45 70 33 43 71 25 46 72 16 47 73 23 48 74 25 46 75 14 49 76 16 47 77 12 50 78 27 51 79 26 52 80 12 53 81 11 54 82 27 55 83 10 56 84 20 57 85 13 58 86 10 56 87 18 59 88 20 57 89 34 60 90 13 61 91 20 62 92 11 63 93 13 61 94 34 60 95 11 63 96 34 60 97 27 64 98 34 60 99 15 65 100 27 64 101 34 60 102 16 66 103 15 65 104 23 67 105 16 66 106 34 60 107 23 67 108 34 60 109 35 68 110 36 69 111 23 67 112 35 68 113 19 70 114 36 69 115 35 68 116 33 71 117 36 69 118 19 70 119 33 71 120 30 72 121 36 69 122 30 72 123 24 73 124 36 69 125 30 72 126 29 74 127 24 73 128 34 60 129 20 62 130 35 68 131 19 70 132 35 68 133 20 62 134 36 69 135 24 73 136 23 67 137 37 75 138 38 76 139 39 77 140 37 75 141 40 78 142 38 76 143 37 75 144 41 79 145 40 78 146 37 75 147 42 80 148 41 79 149 43 81 150 44 82 151 45 83 152 43 84 153 46 85 154 44 86 155 47 87 156 48 88 157 49 89 158 47 87 159 50 90 160 48 88 161 51 91 162 44 92 163 52 93 164 51 91 165 45 94 166 44 92 167 50 95 168 53 96 169 48 97 170 50 95 171 54 98 172 53 96 173 54 98 174 55 99 175 53 96 176 54 98 177 56 100 178 55 99 179 51 101 180 57 101 181 58 101 182 51 102 183 52 102 184 57 102 185 59 103 186 60 104 187 61 105 188 59 103 189 62 106 190 60 104 191 58 107 192 55 108 193 56 109 194 58 110 195 57 111 196 55 112 197 47 113 198 63 113 199 64 113 200 47 114 201 49 114 202 63 114 203 43 115 204 65 116 205 46 117 206 43 115 207 66 118 208 65 116 209 66 119 210 67 120 211 65 121 212 66 119 213 68 122 214 67 120 215 59 123 216 67 120 217 68 122 218 59 124 219 61 125 220 67 126 221 39 127 222 5 128 223 37 129 224 39 127 225 6 130 226 5 128 227 39 127 228 4 131 229 6 130 230 39 127 231 38 132 232 4 131 233 40 133 234 4 131 235 38 132 236 40 133 237 9 134 238 4 131 239 40 133 240 8 135 241 9 134 242 40 133 243 41 136 244 8 135 245 41 136 246 7 137 247 8 135 248 41 136 249 42 138 250 7 137 251 37 129 252 7 137 253 42 138 254 37 129 255 5 128 256 7 137 257 69 139 258 60 140 259 62 141 260 69 142 261 70 143 262 60 144 263 64 145 264 70 143 265 69 142 266 64 145 267 63 146 268 70 143 269 52 147 270 55 148 271 57 149 272 52 147 273 53 150 274 55 148 275 44 151 276 53 150 277 52 147 278 44 151 279 48 152 280 53 150 281 46 153 282 48 152 283 44 151 284 46 153 285 49 154 286 48 152 287 65 155 288 49 154 289 46 153 290 65 155 291 63 156 292 49 154 293 67 157 294 63 156 295 65 155 296 67 157 297 70 158 298 63 156 299 61 159 300 70 158 301 67 157 302 61 159 303 60 160 304 70 158 305 71 161 306 72 162 307 73 163 308 71 161 309 74 164 310 72 162 311 75 165 312 74 164 313 71 161 314 75 166 315 76 167 316 74 168 317 77 169 318 76 170 319 75 171 320 77 169 321 78 172 322 76 170 323 77 169 324 79 173 325 78 172 326 77 169 327 80 174 328 79 173 329 80 174 330 81 175 331 79 173 332 80 174 333 82 176 334 81 175 335 82 176 336 83 177 337 81 175 338 82 176 339 84 178 340 83 177 341 85 179 342 86 180 343 87 181 344 85 179 345 88 182 346 86 180 347 89 183 348 87 184 349 90 185 350 89 183 351 85 186 352 87 184 353 91 187 354 92 188 355 93 189 356 91 187 357 94 190 358 92 188 359 89 191 360 95 191 361 96 191 362 89 192 363 90 192 364 95 192 365 97 193 366 72 194 367 98 195 368 97 193 369 73 196 370 72 194 371 94 197 372 98 198 373 92 199 374 94 197 375 97 200 376 98 198 377 96 201 378 83 202 379 84 203 380 96 204 381 95 205 382 83 206 383 88 207 384 93 208 385 86 209 386 88 207 387 91 210 388 93 208 389 99 211 390 100 212 391 101 213 392 99 211 393 102 214 394 100 212 395 103 215 396 100 216 397 104 217 398 103 215 399 101 218 400 100 216 401 105 219 402 99 220 403 106 221 404 105 219 405 102 222 406 99 220 407 107 223 408 108 224 409 109 225 410 107 223 411 109 225 412 110 226 413 111 227 414 107 223 415 110 226 416 111 227 417 110 226 418 112 228 419 111 227 420 112 228 421 113 229 422 114 230 423 113 229 424 112 228 425 114 230 426 112 228 427 115 231 428 114 230 429 115 231 430 116 232 431 117 233 432 116 232 433 115 231 434 117 233 435 115 231 436 118 234 437 117 233 438 118 234 439 119 235 440 120 236 441 119 235 442 118 234 443 120 236 444 118 234 445 121 237 446 120 236 447 121 237 448 122 238 449 123 239 450 122 238 451 121 237 452 123 239 453 124 240 454 122 238 455 110 226 456 109 225 457 125 241 458 123 239 459 121 237 460 126 242 461 121 237 462 127 243 463 126 242 464 121 237 465 118 234 466 127 243 467 127 243 468 118 234 469 115 231 470 127 243 471 115 231 472 128 244 473 128 244 474 115 231 475 112 228 476 128 244 477 112 228 478 129 245 479 129 245 480 112 228 481 110 226 482 129 245 483 110 226 484 130 246 485 110 226 486 125 241 487 130 246 488 128 244 489 130 246 490 125 241 491 128 244 492 125 241 493 131 247 494 128 244 495 131 247 496 126 242 497 123 239 498 126 242 499 131 247 500 128 244 501 126 242 502 127 243 503 128 244 504 129 245 505 130 246 506 90 248 507 83 249 508 95 250 509 90 248 510 81 251 511 83 249 512 87 252 513 81 251 514 90 248 515 87 252 516 79 253 517 81 251 518 86 254 519 79 253 520 87 252 521 86 254 522 78 255 523 79 253 524 93 256 525 78 255 526 86 254 527 93 256 528 76 257 529 78 255 530 92 258 531 76 257 532 93 256 533 92 258 534 74 259 535 76 257 536 98 260 537 74 259 538 92 258 539 98 260 540 72 261 541 74 259 542 132 262 543 101 263 544 103 264 545 104 265 546 100 266 547 133 267 548 134 268 549 133 267 550 100 266 551 135 269 552 133 267 553 134 268 554 135 269 555 134 268 556 136 270 557 137 271 558 135 269 559 136 270 560 137 271 561 136 270 562 138 272 563 132 262 564 137 271 565 138 272 566 132 262 567 138 272 568 139 273 569 101 263 570 132 262 571 139 273 572 101 263 573 139 273 574 140 274 575 141 275 576 101 263 577 140 274 578 141 275 579 99 276 580 101 263 581 142 277 582 99 276 583 141 275 584 142 277 585 143 278 586 99 276 587 144 279 588 143 278 589 142 277 590 144 279 591 145 280 592 143 278 593 146 281 594 145 280 595 144 279 596 146 281 597 147 282 598 145 280 599 134 268 600 100 266 601 148 283 602 106 284 603 99 276 604 143 278 605 149 285 606 147 282 607 146 281 608 149 285 609 150 286 610 147 282 611 102 287 612 150 286 613 149 285 614 150 286 615 102 287 616 105 288 617 148 283 618 100 266 619 102 287 620 148 283 621 102 287 622 151 289 623 102 287 624 149 285 625 151 289 626 152 290 627 153 291 628 154 292 629 152 293 630 155 294 631 153 295 632 155 294 633 156 296 634 153 295 635 155 294 636 157 297 637 156 296 638 156 296 639 157 297 640 158 298 641 156 296 642 158 298 643 159 299 644 159 299 645 158 298 646 160 300 647 159 299 648 160 300 649 161 301 650 160 300 651 162 302 652 161 301 653 160 300 654 163 303 655 162 302 656 163 303 657 164 304 658 162 302 659 163 303 660 165 305 661 164 304 662 164 304 663 165 305 664 166 306 665 164 304 666 166 306 667 167 307 668 167 307 669 166 306 670 168 308 671 167 307 672 168 308 673 169 309 674 169 309 675 168 308 676 170 310 677 169 309 678 170 310 679 171 311 680 171 311 681 170 310 682 172 312 683 171 311 684 172 312 685 173 313 686 137 314 687 133 315 688 135 316 689 137 314 690 104 317 691 133 315 692 137 314 693 103 318 694 104 317 695 137 314 696 132 319 697 103 318 698 174 320 699 122 321 700 124 322 701 174 323 702 175 324 703 122 325 704 176 326 705 122 325 706 175 324 707 176 326 708 120 327 709 122 325 710 177 328 711 120 327 712 176 326 713 177 328 714 119 329 715 120 327 716 178 330 717 119 329 718 177 328 719 178 330 720 117 331 721 119 329 722 179 332 723 117 331 724 178 330 725 179 332 726 116 333 727 117 331 728 180 334 729 116 333 730 179 332 731 180 334 732 114 335 733 116 333 734 113 336 735 114 335 736 180 334 737 113 336 738 180 334 739 181 337 740 111 338 741 113 336 742 181 337 743 111 338 744 181 337 745 182 339 746 183 340 747 111 338 748 182 339 749 183 340 750 107 341 751 111 338 752 107 341 753 183 340 754 184 342 755 107 341 756 184 342 757 108 343 758 147 344 759 143 345 760 145 346 761 147 344 762 106 347 763 143 345 764 147 344 765 105 348 766 106 347 767 147 344 768 150 349 769 105 348 770 185 350 771 180 351 772 179 352 773 185 350 774 181 353 775 180 351 776 186 354 777 169 355 778 187 356 779 187 356 780 169 355 781 171 357 782 187 356 783 171 357 784 188 358 785 173 359 786 188 358 787 171 357 788 173 359 789 189 360 790 188 358 791 190 361 792 188 358 793 189 360 794 190 361 795 189 360 796 191 362 797 190 361 798 191 362 799 184 363 800 190 361 801 184 364 802 183 365 803 192 366 804 190 361 805 183 365 806 192 366 807 183 365 808 182 367 809 192 366 810 182 367 811 181 353 812 192 366 813 181 353 814 193 368 815 185 350 816 193 368 817 181 353 818 185 350 819 186 354 820 193 368 821 185 350 822 194 369 823 186 354 824 187 356 825 188 358 826 190 361 827 187 356 828 190 361 829 192 366 830 193 368 831 187 356 832 192 366 833 193 368 834 186 354 835 187 356 836 195 370 837 196 371 838 197 372 839 195 370 840 197 372 841 198 373 842 197 372 843 199 374 844 198 373 845 198 373 846 199 374 847 176 375 848 199 374 849 177 376 850 176 375 851 199 374 852 200 377 853 177 376 854 200 377 855 178 378 856 177 376 857 200 377 858 201 379 859 178 378 860 201 379 861 179 352 862 178 378 863 201 379 864 202 380 865 179 352 866 185 350 867 179 352 868 202 380 869 203 381 870 185 350 871 202 380 872 203 381 873 194 369 874 185 350 875 194 369 876 203 381 877 162 382 878 194 369 879 162 382 880 164 383 881 186 354 882 194 369 883 164 383 884 186 354 885 164 383 886 167 384 887 186 354 888 167 384 889 169 355 890 200 377 891 204 385 892 201 379 893 201 379 894 203 381 895 202 380 896 201 379 897 204 385 898 203 381 899 204 385 900 162 382 901 203 381 902 204 385 903 161 386 904 162 382 905 205 387 906 161 386 907 204 385 908 200 377 909 205 387 910 204 385 911 206 388 912 205 387 913 200 377 914 206 388 915 200 377 916 199 374 917 197 372 918 206 388 919 199 374 920 206 388 921 197 372 922 153 389 923 196 371 924 153 389 925 197 372 926 196 371 927 154 390 928 153 389 929 205 387 930 159 391 931 161 386 932 205 387 933 156 392 934 159 391 935 205 387 936 206 388 937 156 392 938 206 388 939 153 389 940 156 392 941 207 393 942 208 394 943 209 395 944 207 393 945 210 396 946 208 394 947 211 397 948 210 396 949 207 393 950 211 397 951 212 398 952 210 396 953 213 399 954 212 398 955 211 397 956 213 399 957 211 397 958 214 400 959 215 401 960 213 399 961 214 400 962 215 401 963 214 400 964 216 402 965 217 403 966 215 401 967 216 402 968 217 403 969 216 402 970 218 404 971 219 405 972 217 403 973 218 404 974 219 405 975 220 406 976 217 403 977 221 407 978 222 408 979 223 409 980 221 407 981 224 410 982 222 408 983 224 410 984 225 411 985 222 408 986 224 410 987 226 412 988 225 411 989 227 413 990 222 408 991 225 411 992 228 414 993 229 415 994 230 416 995 228 414 996 230 416 997 221 407 998 228 414 999 221 407 1000 223 409 1001 228 414 1002 223 409 1003 231 417 1004 222 408 1005 231 417 1006 223 409 1007 222 408 1008 232 418 1009 231 417 1010 227 413 1011 232 418 1012 222 408 1013 227 413 1014 233 419 1015 232 418 1016 234 420 1017 232 418 1018 233 419 1019 234 420 1020 235 421 1021 232 418 1022 234 420 1023 236 422 1024 235 421 1025 237 423 1026 235 421 1027 236 422 1028 237 423 1029 238 424 1030 235 421 1031 237 423 1032 239 425 1033 238 424 1034 240 426 1035 238 424 1036 239 425 1037 240 426 1038 241 427 1039 238 424 1040 240 426 1041 242 428 1042 241 427 1043 242 428 1044 243 429 1045 241 427 1046 242 428 1047 244 430 1048 243 429 1049 229 415 1050 243 429 1051 230 416 1052 229 415 1053 241 427 1054 243 429 1055 245 431 1056 241 427 1057 229 415 1058 245 431 1059 238 424 1060 241 427 1061 235 421 1062 238 424 1063 245 431 1064 235 421 1065 245 431 1066 228 414 1067 232 418 1068 235 421 1069 228 414 1070 232 418 1071 228 414 1072 231 417 1073 228 414 1074 245 431 1075 229 415 1076 152 432 1077 172 433 1078 220 434 1079 220 435 1080 172 436 1081 170 437 1082 220 435 1083 170 437 1084 217 438 1085 168 439 1086 217 438 1087 170 437 1088 168 439 1089 215 440 1090 217 438 1091 168 439 1092 166 441 1093 215 440 1094 165 442 1095 215 440 1096 166 441 1097 165 442 1098 213 443 1099 215 440 1100 165 442 1101 163 444 1102 213 443 1103 160 445 1104 213 443 1105 163 444 1106 160 445 1107 212 446 1108 213 443 1109 160 445 1110 158 447 1111 212 446 1112 157 448 1113 212 446 1114 158 447 1115 157 448 1116 210 449 1117 212 446 1118 157 448 1119 155 450 1120 210 449 1121 155 450 1122 208 451 1123 210 449 1124 155 450 1125 152 452 1126 208 451 1127 152 432 1128 220 434 1129 208 453 1130 246 454 1131 247 455 1132 248 456 1133 246 454 1134 249 457 1135 247 455 1136 250 458 1137 249 457 1138 246 454 1139 250 458 1140 251 459 1141 249 457 1142 252 460 1143 251 459 1144 250 458 1145 252 460 1146 253 461 1147 251 459 1148 254 462 1149 253 461 1150 252 460 1151 254 462 1152 252 460 1153 255 463 1154 256 464 1155 254 462 1156 255 463 1157 256 464 1158 255 463 1159 257 465 1160 258 466 1161 256 464 1162 257 465 1163 258 466 1164 257 465 1165 259 467 1166 260 468 1167 258 466 1168 259 467 1169 260 468 1170 259 467 1171 261 469 1172 262 470 1173 260 468 1174 261 469 1175 262 470 1176 261 469 1177 263 471 1178 264 472 1179 262 470 1180 263 471 1181 264 472 1182 263 471 1183 265 473 1184 266 474 1185 264 472 1186 265 473 1187 266 474 1188 267 475 1189 264 472 1190 268 476 1191 225 477 1192 226 478 1193 268 479 1194 269 480 1195 225 481 1196 227 482 1197 225 481 1198 269 480 1199 227 482 1200 269 480 1201 270 483 1202 233 484 1203 227 482 1204 270 483 1205 233 484 1206 270 483 1207 271 485 1208 234 486 1209 233 484 1210 271 485 1211 234 486 1212 271 485 1213 272 487 1214 273 488 1215 234 486 1216 272 487 1217 273 488 1218 236 489 1219 234 486 1220 274 490 1221 236 489 1222 273 488 1223 274 490 1224 237 491 1225 236 489 1226 275 492 1227 237 491 1228 274 490 1229 275 492 1230 239 493 1231 237 491 1232 276 494 1233 239 493 1234 275 492 1235 276 494 1236 240 495 1237 239 493 1238 277 496 1239 240 495 1240 276 494 1241 277 496 1242 242 497 1243 240 495 1244 277 496 1245 244 498 1246 242 497 1247 277 499 1248 278 500 1249 244 501 1250 279 502 1251 280 503 1252 281 504 1253 279 502 1254 281 504 1255 282 505 1256 283 506 1257 279 502 1258 282 505 1259 268 507 1260 283 506 1261 282 505 1262 268 507 1263 282 505 1264 269 508 1265 281 504 1266 269 508 1267 282 505 1268 281 504 1269 270 509 1270 269 508 1271 281 504 1272 271 510 1273 270 509 1274 281 504 1275 284 511 1276 271 510 1277 284 511 1278 272 512 1279 271 510 1280 280 503 1281 284 511 1282 281 504 1283 283 506 1284 285 513 1285 279 502 1286 279 502 1287 285 513 1288 266 514 1289 279 502 1290 266 515 1291 265 516 1292 279 502 1293 265 516 1294 263 517 1295 279 502 1296 263 517 1297 280 503 1298 286 518 1299 280 503 1300 263 517 1301 280 503 1302 286 518 1303 284 511 1304 286 518 1305 287 519 1306 284 511 1307 284 511 1308 287 519 1309 272 512 1310 288 520 1311 272 512 1312 287 519 1313 288 520 1314 273 521 1315 272 512 1316 289 522 1317 273 521 1318 288 520 1319 289 522 1320 274 523 1321 273 521 1322 289 522 1323 275 524 1324 274 523 1325 289 522 1326 290 525 1327 275 524 1328 290 525 1329 276 526 1330 275 524 1331 290 525 1332 291 527 1333 276 526 1334 291 527 1335 277 528 1336 276 526 1337 289 522 1338 292 529 1339 290 525 1340 292 529 1341 291 527 1342 290 525 1343 292 529 1344 293 530 1345 291 527 1346 291 527 1347 293 530 1348 294 531 1349 291 527 1350 294 531 1351 295 532 1352 291 527 1353 295 532 1354 277 528 1355 296 533 1356 277 528 1357 295 532 1358 295 532 1359 297 534 1360 296 533 1361 295 532 1362 294 531 1363 297 534 1364 297 534 1365 294 531 1366 246 535 1367 294 531 1368 250 536 1369 246 535 1370 294 531 1371 293 530 1372 250 536 1373 293 530 1374 252 537 1375 250 536 1376 293 530 1377 292 529 1378 252 537 1379 298 538 1380 252 537 1381 292 529 1382 289 522 1383 298 538 1384 292 529 1385 299 539 1386 298 538 1387 289 522 1388 299 539 1389 289 522 1390 288 520 1391 287 519 1392 299 539 1393 288 520 1394 287 519 1395 300 540 1396 299 539 1397 286 518 1398 300 540 1399 287 519 1400 300 540 1401 286 518 1402 261 541 1403 286 518 1404 263 517 1405 261 541 1406 297 534 1407 246 535 1408 248 542 1409 298 538 1410 255 543 1411 252 537 1412 298 538 1413 257 544 1414 255 543 1415 298 538 1416 299 539 1417 257 544 1418 300 540 1419 257 544 1420 299 539 1421 300 540 1422 259 545 1423 257 544 1424 300 540 1425 261 541 1426 259 545 1427 296 533 1428 278 546 1429 277 528 1430 301 547 1431 302 548 1432 303 549 1433 304 550 1434 305 551 1435 306 552 1436 306 552 1437 305 551 1438 307 553 1439 306 552 1440 307 553 1441 308 554 1442 308 554 1443 307 553 1444 301 547 1445 308 554 1446 301 547 1447 309 555 1448 301 547 1449 303 549 1450 309 555 1451 309 555 1452 303 549 1453 310 556 1454 309 555 1455 310 556 1456 311 557 1457 311 557 1458 310 556 1459 312 558 1460 311 557 1461 312 558 1462 313 559 1463 313 559 1464 312 558 1465 314 560 1466 313 559 1467 314 560 1468 315 561 1469 316 562 1470 315 561 1471 314 560 1472 317 563 1473 315 561 1474 316 562 1475 318 564 1476 317 563 1477 316 562 1478 319 565 1479 317 563 1480 318 564 1481 320 566 1482 319 565 1483 318 564 1484 321 567 1485 319 565 1486 320 566 1487 322 568 1488 320 566 1489 305 551 1490 305 551 1491 320 566 1492 323 569 1493 320 566 1494 318 564 1495 323 569 1496 323 569 1497 318 564 1498 324 570 1499 318 564 1500 316 562 1501 324 570 1502 324 570 1503 316 562 1504 325 571 1505 316 562 1506 314 560 1507 325 571 1508 305 551 1509 323 569 1510 307 553 1511 307 553 1512 323 569 1513 326 572 1514 323 569 1515 324 570 1516 326 572 1517 326 572 1518 324 570 1519 327 573 1520 324 570 1521 325 571 1522 327 573 1523 307 553 1524 326 572 1525 301 547 1526 301 547 1527 326 572 1528 328 574 1529 326 572 1530 327 573 1531 328 574 1532 301 547 1533 328 574 1534 302 548 1535 329 575 1536 330 576 1537 322 568 1538 322 568 1539 330 576 1540 320 566 1541 319 565 1542 331 577 1543 317 563 1544 332 578 1545 331 577 1546 319 565 1547 332 578 1548 319 565 1549 321 567 1550 333 579 1551 332 578 1552 321 567 1553 333 579 1554 321 567 1555 334 580 1556 335 581 1557 334 580 1558 321 567 1559 336 582 1560 334 580 1561 335 581 1562 336 582 1563 337 583 1564 334 580 1565 337 583 1566 333 579 1567 334 580 1568 337 583 1569 338 584 1570 333 579 1571 339 585 1572 340 586 1573 317 563 1574 339 585 1575 317 563 1576 331 577 1577 341 587 1578 339 585 1579 331 577 1580 341 587 1581 331 577 1582 332 578 1583 342 588 1584 341 587 1585 332 578 1586 342 588 1587 332 578 1588 333 579 1589 343 589 1590 342 588 1591 333 579 1592 343 589 1593 333 579 1594 338 584 1595 344 590 1596 343 589 1597 338 584 1598 344 590 1599 338 584 1600 345 591 1601 345 591 1602 338 584 1603 337 583 1604 345 591 1605 337 583 1606 346 592 1607 346 592 1608 337 583 1609 336 582 1610 346 592 1611 336 582 1612 347 593 1613 348 594 1614 346 592 1615 347 593 1616 349 595 1617 343 589 1618 344 590 1619 349 595 1620 350 596 1621 343 589 1622 350 596 1623 342 588 1624 343 589 1625 350 596 1626 351 597 1627 342 588 1628 351 597 1629 341 587 1630 342 588 1631 351 597 1632 352 598 1633 341 587 1634 352 598 1635 339 585 1636 341 587 1637 352 598 1638 353 599 1639 339 585 1640 353 599 1641 340 586 1642 339 585 1643 353 599 1644 354 600 1645 340 586 1646 355 601 1647 351 597 1648 350 596 1649 355 601 1650 356 602 1651 351 597 1652 351 597 1653 356 602 1654 357 603 1655 351 597 1656 357 603 1657 352 598 1658 357 603 1659 353 599 1660 352 598 1661 357 603 1662 358 604 1663 353 599 1664 358 604 1665 354 600 1666 353 599 1667 358 604 1668 359 605 1669 354 600 1670 349 595 1671 355 601 1672 350 596 1673 349 595 1674 360 606 1675 355 601 1676 360 606 1677 361 607 1678 355 601 1679 361 607 1680 356 602 1681 355 601 1682 361 607 1683 362 608 1684 356 602 1685 356 602 1686 362 608 1687 304 550 1688 356 602 1689 304 550 1690 357 603 1691 357 603 1692 304 550 1693 306 552 1694 357 603 1695 306 552 1696 358 604 1697 358 604 1698 306 552 1699 308 554 1700 358 604 1701 308 554 1702 359 605 1703 359 605 1704 308 554 1705 309 555 1706 359 605 1707 309 555 1708 311 557 1709 359 605 1710 311 557 1711 313 559 1712 359 605 1713 313 559 1714 354 600 1715 354 600 1716 313 559 1717 315 561 1718 354 600 1719 315 561 1720 340 586 1721 317 563 1722 340 586 1723 315 561 1724 363 609 1725 364 610 1726 348 594 1727 348 594 1728 364 610 1729 346 592 1730 365 611 1731 346 592 1732 364 610 1733 365 611 1734 345 591 1735 346 592 1736 366 612 1737 345 591 1738 365 611 1739 366 612 1740 344 590 1741 345 591 1742 367 613 1743 344 590 1744 366 612 1745 367 613 1746 349 595 1747 344 590 1748 368 614 1749 349 595 1750 367 613 1751 368 614 1752 360 606 1753 349 595 1754 368 614 1755 369 615 1756 360 606 1757 360 606 1758 369 615 1759 361 607 1760 369 615 1761 370 616 1762 361 607 1763 361 607 1764 370 616 1765 329 575 1766 361 607 1767 329 575 1768 362 608 1769 362 608 1770 329 575 1771 322 568 1772 362 608 1773 322 568 1774 304 550 1775 304 550 1776 322 568 1777 305 551 1778 369 615 1779 371 617 1780 370 616 1781 372 618 1782 371 617 1783 369 615 1784 368 614 1785 372 618 1786 369 615 1787 373 619 1788 372 618 1789 368 614 1790 374 620 1791 372 618 1792 373 619 1793 373 619 1794 375 621 1795 374 620 1796 372 618 1797 376 622 1798 371 617 1799 374 620 1800 376 622 1801 372 618 1802 377 623 1803 368 614 1804 367 613 1805 373 619 1806 368 614 1807 377 623 1808 377 623 1809 378 624 1810 373 619 1811 373 619 1812 378 624 1813 375 621 1814 378 624 1815 379 625 1816 375 621 1817 378 624 1818 380 626 1819 379 625 1820 381 627 1821 380 626 1822 378 624 1823 377 623 1824 381 627 1825 378 624 1826 382 628 1827 381 627 1828 377 623 1829 377 623 1830 367 613 1831 382 628 1832 383 629 1833 382 628 1834 367 613 1835 383 629 1836 367 613 1837 366 612 1838 384 630 1839 383 629 1840 366 612 1841 384 630 1842 366 612 1843 365 611 1844 385 631 1845 384 630 1846 365 611 1847 385 631 1848 365 611 1849 364 610 1850 363 609 1851 385 631 1852 364 610 1853 385 631 1854 363 609 1855 386 632 1856 385 631 1857 386 632 1858 387 633 1859 387 633 1860 386 632 1861 388 634 1862 387 633 1863 388 634 1864 389 635 1865 389 635 1866 388 634 1867 390 636 1868 389 635 1869 390 636 1870 391 637 1871 383 629 1872 384 630 1873 392 638 1874 384 630 1875 387 633 1876 392 638 1877 384 630 1878 385 631 1879 387 633 1880 392 638 1881 387 633 1882 389 635 1883 390 636 1884 393 639 1885 394 640 1886 390 636 1887 394 640 1888 391 637 1889 391 637 1890 394 640 1891 395 641 1892 391 637 1893 395 641 1894 396 642 1895 396 642 1896 395 641 1897 397 643 1898 396 642 1899 397 643 1900 398 644 1901 398 644 1902 397 643 1903 399 645 1904 398 644 1905 399 645 1906 400 646 1907 401 647 1908 400 646 1909 399 645 1910 402 648 1911 400 646 1912 401 647 1913 402 648 1914 401 647 1915 403 649 1916 404 650 1917 402 648 1918 403 649 1919 404 650 1920 403 649 1921 381 627 1922 382 628 1923 404 650 1924 381 627 1925 383 629 1926 404 650 1927 382 628 1928 383 629 1929 405 651 1930 404 650 1931 383 629 1932 392 638 1933 405 651 1934 405 651 1935 392 638 1936 406 652 1937 392 638 1938 389 635 1939 406 652 1940 389 635 1941 396 642 1942 406 652 1943 389 635 1944 391 637 1945 396 642 1946 405 651 1947 402 648 1948 404 650 1949 405 651 1950 407 653 1951 402 648 1952 407 653 1953 400 646 1954 402 648 1955 407 653 1956 398 644 1957 400 646 1958 406 652 1959 398 644 1960 407 653 1961 406 652 1962 396 642 1963 398 644 1964 405 651 1965 406 652 1966 407 653 1967 381 627 1968 403 649 1969 380 626 1970 380 626 1971 403 649 1972 401 647 1973 380 626 1974 401 647 1975 408 654 1976 408 654 1977 401 647 1978 409 655 1979 401 647 1980 399 645 1981 409 655 1982 390 636 1983 410 656 1984 393 639 1985 393 639 1986 410 656 1987 411 657 1988 393 639 1989 411 657 1990 412 658 1991 394 640 1992 393 639 1993 412 658 1994 394 640 1995 412 658 1996 413 659 1997 394 640 1998 413 659 1999 414 660 2000 394 640 2001 414 660 2002 395 641 2003 395 641 2004 414 660 2005 415 661 2006 395 641 2007 415 661 2008 397 643 2009 397 643 2010 415 661 2011 416 662 2012 397 643 2013 416 662 2014 399 645 2015 399 645 2016 416 662 2017 417 663 2018 399 645 2019 417 663 2020 409 655 2021 418 664 2022 409 655 2023 417 663 2024 408 654 2025 409 655 2026 418 664 2027 419 665 2028 408 654 2029 418 664 2030 379 625 2031 408 654 2032 419 665 2033 379 625 2034 380 626 2035 408 654 2036 419 665 2037 418 664 2038 410 656 2039 410 656 2040 418 664 2041 420 666 2042 418 664 2043 417 663 2044 420 666 2045 410 656 2046 420 666 2047 411 657 2048 421 667 2049 422 668 2050 423 669 2051 424 670 2052 421 667 2053 425 671 2054 423 669 2055 426 672 2056 427 673 2057 423 669 2058 428 674 2059 426 672 2060 423 669 2061 422 668 2062 428 674 2063 422 668 2064 429 675 2065 428 674 2066 422 668 2067 430 676 2068 429 675 2069 431 677 2070 430 676 2071 422 668 2072 421 667 2073 431 677 2074 422 668 2075 432 678 2076 431 677 2077 421 667 2078 424 670 2079 432 678 2080 421 667 2081 433 679 2082 432 678 2083 424 670 2084 433 679 2085 424 670 2086 434 680 2087 435 681 2088 433 679 2089 434 680 2090 435 681 2091 436 682 2092 433 679 2093 437 683 2094 436 682 2095 435 681 2096 438 684 2097 436 682 2098 437 683 2099 438 684 2100 437 683 2101 439 685 2102 438 684 2103 439 685 2104 440 686 2105 440 686 2106 439 685 2107 441 687 2108 440 686 2109 441 687 2110 442 688 2111 443 689 2112 440 686 2113 442 688 2114 443 689 2115 442 688 2116 444 690 2117 439 685 2118 445 691 2119 441 687 2120 439 685 2121 446 692 2122 445 691 2123 447 693 2124 446 692 2125 439 685 2126 447 693 2127 439 685 2128 437 683 2129 437 683 2130 435 681 2131 447 693 2132 446 692 2133 448 694 2134 445 691 2135 449 695 2136 440 686 2137 443 689 2138 449 695 2139 438 684 2140 440 686 2141 449 695 2142 450 696 2143 438 684 2144 438 684 2145 450 696 2146 436 682 2147 436 682 2148 450 696 2149 451 697 2150 436 682 2151 451 697 2152 433 679 2153 451 697 2154 432 678 2155 433 679 2156 451 697 2157 452 698 2158 432 678 2159 432 678 2160 452 698 2161 431 677 2162 452 698 2163 453 699 2164 431 677 2165 431 677 2166 453 699 2167 430 676 2168 449 695 2169 454 700 2170 450 696 2171 450 696 2172 454 700 2173 455 701 2174 450 696 2175 455 701 2176 451 697 2177 451 697 2178 455 701 2179 456 702 2180 451 697 2181 456 702 2182 452 698 2183 452 698 2184 456 702 2185 453 699 2186 449 695 2187 457 703 2188 454 700 2189 449 695 2190 458 704 2191 457 703 2192 458 704 2193 449 695 2194 443 689 2195 458 704 2196 443 689 2197 459 705 2198 460 706 2199 459 705 2200 443 689 2201 461 707 2202 459 705 2203 460 706 2204 461 707 2205 462 708 2206 459 705 2207 463 709 2208 462 708 2209 461 707 2210 463 709 2211 464 710 2212 462 708 2213 448 694 2214 464 710 2215 463 709 2216 448 694 2217 465 711 2218 464 710 2219 446 692 2220 465 711 2221 448 694 2222 466 712 2223 465 711 2224 446 692 2225 466 712 2226 446 692 2227 447 693 2228 447 693 2229 467 713 2230 466 712 2231 447 693 2232 435 681 2233 467 713 2234 435 681 2235 468 714 2236 467 713 2237 435 681 2238 434 680 2239 468 714 2240 460 706 2241 443 689 2242 444 690 2243 467 713 2244 468 714 2245 469 715 2246 470 716 2247 458 704 2248 459 705 2249 470 716 2250 459 705 2251 462 708 2252 470 716 2253 462 708 2254 464 710 2255 470 716 2256 464 710 2257 471 717 2258 471 717 2259 464 710 2260 465 711 2261 471 717 2262 465 711 2263 466 712 2264 471 717 2265 466 712 2266 467 713 2267 471 717 2268 467 713 2269 472 718 2270 467 713 2271 469 715 2272 472 718 2273 472 718 2274 469 715 2275 473 719 2276 473 719 2277 469 715 2278 474 720 2279 468 714 2280 474 720 2281 469 715 2282 468 714 2283 475 721 2284 474 720 2285 475 721 2286 476 722 2287 474 720 2288 475 721 2289 477 723 2290 476 722 2291 470 716 2292 471 717 2293 472 718 2294 470 716 2295 472 718 2296 478 724 2297 472 718 2298 473 719 2299 478 724 2300 434 680 2301 475 721 2302 468 714 2303 434 680 2304 424 670 2305 475 721 2306 424 670 2307 477 723 2308 475 721 2309 424 670 2310 425 671 2311 477 723 2312 477 723 2313 425 671 2314 479 725 2315 477 723 2316 479 725 2317 480 726 2318 477 723 2319 480 726 2320 481 727 2321 477 723 2322 481 727 2323 476 722 2324 476 722 2325 481 727 2326 482 728 2327 476 722 2328 482 728 2329 483 729 2330 474 720 2331 476 722 2332 483 729 2333 474 720 2334 483 729 2335 484 730 2336 473 719 2337 474 720 2338 484 730 2339 485 731 2340 473 719 2341 484 730 2342 478 724 2343 473 719 2344 485 731 2345 478 724 2346 485 731 2347 457 703 2348 458 704 2349 478 724 2350 457 703 2351 458 704 2352 470 716 2353 478 724 2354 425 671 2355 421 667 2356 423 669 2357 425 671 2358 423 669 2359 479 725 2360 423 669 2361 427 673 2362 479 725 2363 479 725 2364 427 673 2365 486 732 2366 479 725 2367 486 732 2368 480 726 2369 480 726 2370 486 732 2371 487 733 2372 480 726 2373 487 733 2374 481 727 2375 481 727 2376 487 733 2377 488 734 2378 481 727 2379 488 734 2380 482 728 2381 489 735 2382 482 728 2383 488 734 2384 483 729 2385 482 728 2386 489 735 2387 483 729 2388 489 735 2389 490 736 2390 484 730 2391 483 729 2392 490 736 2393 484 730 2394 490 736 2395 491 737 2396 485 731 2397 484 730 2398 491 737 2399 455 701 2400 485 731 2401 491 737 2402 454 700 2403 485 731 2404 455 701 2405 454 700 2406 457 703 2407 485 731 2408 455 701 2409 491 737 2410 456 702 2411 456 702 2412 491 737 2413 490 736 2414 456 702 2415 490 736 2416 453 699 2417 490 736 2418 430 676 2419 453 699 2420 490 736 2421 489 735 2422 430 676 2423 430 676 2424 489 735 2425 492 738 2426 489 735 2427 488 734 2428 492 738 2429 430 676 2430 492 738 2431 429 675 2432 493 739 2433 494 740 2434 495 741 2435 493 739 2436 496 742 2437 494 740 2438 497 743 2439 496 744 2440 498 745 2441 497 746 2442 494 747 2443 496 748 2444 498 749 2445 493 750 2446 499 751 2447 498 752 2448 496 753 2449 493 754 2450 500 755 2451 493 756 2452 495 757 2453 500 755 2454 499 758 2455 493 756 2456 497 759 2457 495 760 2458 494 761 2459 497 759 2460 500 762 2461 495 760 2462 411 657 2463 428 763 2464 429 764 2465 411 657 2466 420 666 2467 428 763 2468 420 666 2469 426 765 2470 428 763 2471 420 666 2472 417 663 2473 426 765 2474 417 663 2475 427 766 2476 426 765 2477 417 663 2478 416 662 2479 427 766 2480 415 661 2481 427 766 2482 416 662 2483 415 661 2484 486 767 2485 427 766 2486 414 660 2487 486 767 2488 415 661 2489 414 660 2490 487 768 2491 486 767 2492 413 659 2493 487 768 2494 414 660 2495 413 659 2496 488 769 2497 487 768 2498 412 658 2499 488 769 2500 413 659 2501 412 658 2502 492 770 2503 488 769 2504 412 658 2505 429 764 2506 492 770 2507 412 658 2508 411 657 2509 429 764 2510 501 771 2511 502 772 2512 503 773 2513 504 774 2514 501 771 2515 503 773 2516 504 774 2517 505 775 2518 501 771 2519 506 776 2520 505 775 2521 504 774 2522 506 776 2523 504 774 2524 507 777 2525 442 688 2526 506 776 2527 507 777 2528 442 688 2529 507 777 2530 444 690 2531 441 687 2532 506 776 2533 442 688 2534 508 778 2535 509 779 2536 510 780 2537 509 779 2538 511 781 2539 510 780 2540 509 779 2541 512 782 2542 511 781 2543 513 783 2544 512 782 2545 509 779 2546 513 783 2547 514 784 2548 512 782 2549 515 785 2550 514 784 2551 513 783 2552 515 785 2553 516 786 2554 514 784 2555 517 787 2556 516 786 2557 515 785 2558 517 787 2559 518 788 2560 516 786 2561 517 787 2562 519 789 2563 518 788 2564 518 788 2565 519 789 2566 502 772 2567 518 788 2568 502 772 2569 520 790 2570 501 771 2571 520 790 2572 502 772 2573 521 791 2574 520 790 2575 501 771 2576 505 775 2577 521 791 2578 501 771 2579 505 775 2580 522 792 2581 521 791 2582 506 776 2583 522 792 2584 505 775 2585 506 776 2586 523 793 2587 522 792 2588 516 786 2589 518 788 2590 520 790 2591 524 794 2592 525 795 2593 517 787 2594 517 787 2595 525 795 2596 519 789 2597 514 784 2598 526 796 2599 512 782 2600 514 784 2601 527 797 2602 526 796 2603 516 786 2604 527 797 2605 514 784 2606 516 786 2607 528 798 2608 527 797 2609 516 786 2610 520 790 2611 528 798 2612 521 791 2613 528 798 2614 520 790 2615 529 799 2616 528 798 2617 521 791 2618 522 792 2619 529 799 2620 521 791 2621 522 792 2622 530 800 2623 529 799 2624 523 793 2625 530 800 2626 522 792 2627 523 793 2628 531 801 2629 530 800 2630 531 801 2631 532 802 2632 530 800 2633 530 800 2634 532 802 2635 533 803 2636 530 800 2637 533 803 2638 529 799 2639 533 803 2640 527 797 2641 529 799 2642 529 799 2643 527 797 2644 528 798 2645 533 803 2646 526 796 2647 527 797 2648 533 803 2649 534 804 2650 526 796 2651 441 687 2652 523 793 2653 506 776 2654 445 691 2655 523 793 2656 441 687 2657 445 691 2658 531 801 2659 523 793 2660 445 691 2661 535 805 2662 531 801 2663 531 801 2664 535 805 2665 532 802 2666 535 805 2667 536 806 2668 532 802 2669 536 806 2670 533 803 2671 532 802 2672 536 806 2673 537 807 2674 533 803 2675 533 803 2676 537 807 2677 534 804 2678 537 807 2679 538 808 2680 534 804 2681 537 807 2682 539 809 2683 538 808 2684 539 809 2685 540 810 2686 538 808 2687 539 809 2688 541 811 2689 540 810 2690 503 773 2691 540 810 2692 541 811 2693 542 812 2694 503 773 2695 541 811 2696 542 812 2697 504 774 2698 503 773 2699 543 813 2700 504 774 2701 542 812 2702 543 813 2703 507 777 2704 504 774 2705 460 706 2706 507 777 2707 543 813 2708 460 706 2709 444 690 2710 507 777 2711 445 691 2712 448 694 2713 535 805 2714 448 694 2715 544 814 2716 535 805 2717 535 805 2718 544 814 2719 536 806 2720 544 814 2721 545 815 2722 536 806 2723 545 815 2724 537 807 2725 536 806 2726 545 815 2727 539 809 2728 537 807 2729 542 812 2730 539 809 2731 545 815 2732 542 812 2733 541 811 2734 539 809 2735 461 707 2736 460 706 2737 543 813 2738 461 707 2739 543 813 2740 546 816 2741 546 816 2742 543 813 2743 542 812 2744 546 816 2745 542 812 2746 545 815 2747 544 814 2748 546 816 2749 545 815 2750 463 709 2751 546 816 2752 544 814 2753 448 694 2754 463 709 2755 544 814 2756 463 709 2757 461 707 2758 546 816 2759 519 789 2760 540 810 2761 502 772 2762 503 773 2763 502 772 2764 540 810 2765 525 795 2766 547 817 2767 519 789 2768 519 789 2769 547 817 2770 540 810 2771 547 817 2772 538 808 2773 540 810 2774 512 782 2775 526 796 2776 534 804 2777 512 782 2778 534 804 2779 511 781 2780 511 781 2781 534 804 2782 538 808 2783 511 781 2784 538 808 2785 548 818 2786 547 817 2787 548 818 2788 538 808 2789 549 819 2790 548 818 2791 547 817 2792 525 795 2793 549 819 2794 547 817 2795 524 794 2796 549 819 2797 525 795 2798 524 794 2799 550 820 2800 549 819 2801 551 821 2802 550 820 2803 524 794 2804 551 821 2805 552 822 2806 550 820 2807 553 823 2808 552 822 2809 551 821 2810 554 824 2811 552 822 2812 553 823 2813 554 824 2814 555 825 2815 552 822 2816 554 824 2817 556 826 2818 555 825 2819 556 826 2820 557 827 2821 555 825 2822 556 826 2823 508 778 2824 557 827 2825 557 827 2826 508 778 2827 510 780 2828 553 823 2829 551 821 2830 558 828 2831 555 825 2832 550 820 2833 552 822 2834 555 825 2835 557 827 2836 550 820 2837 550 820 2838 557 827 2839 559 829 2840 557 827 2841 510 780 2842 559 829 2843 559 829 2844 510 780 2845 511 781 2846 559 829 2847 511 781 2848 548 818 2849 549 819 2850 559 829 2851 548 818 2852 550 820 2853 559 829 2854 549 819 2855 508 778 2856 560 830 2857 509 779 2858 561 831 2859 560 830 2860 508 778 2861 561 831 2862 508 778 2863 556 826 2864 562 832 2865 561 831 2866 556 826 2867 554 824 2868 562 832 2869 556 826 2870 563 833 2871 560 830 2872 561 831 2873 563 833 2874 564 834 2875 560 830 2876 563 833 2877 565 835 2878 564 834 2879 563 833 2880 566 836 2881 565 835 2882 566 836 2883 567 837 2884 565 835 2885 566 836 2886 568 838 2887 567 837 2888 562 832 2889 569 839 2890 561 831 2891 569 839 2892 563 833 2893 561 831 2894 569 839 2895 570 840 2896 563 833 2897 571 841 2898 563 833 2899 570 840 2900 571 841 2901 566 836 2902 563 833 2903 572 842 2904 566 836 2905 571 841 2906 572 842 2907 568 838 2908 566 836 2909 558 828 2910 568 838 2911 572 842 2912 558 828 2913 551 821 2914 568 838 2915 568 838 2916 551 821 2917 524 794 2918 568 838 2919 524 794 2920 567 837 2921 524 794 2922 517 787 2923 567 837 2924 567 837 2925 517 787 2926 515 785 2927 567 837 2928 515 785 2929 565 835 2930 565 835 2931 515 785 2932 513 783 2933 565 835 2934 513 783 2935 564 834 2936 564 834 2937 513 783 2938 509 779 2939 564 834 2940 509 779 2941 560 830 2942 573 843 2943 574 844 2944 575 845 2945 576 846 2946 574 844 2947 573 843 2948 576 846 2949 577 847 2950 574 844 2951 576 846 2952 578 848 2953 577 847 2954 576 846 2955 579 849 2956 578 848 2957 579 849 2958 580 850 2959 578 848 2960 581 851 2961 582 852 2962 583 853 2963 582 852 2964 584 854 2965 583 853 2966 582 852 2967 585 855 2968 584 854 2969 585 855 2970 586 856 2971 584 854 2972 585 855 2973 587 857 2974 586 856 2975 588 858 2976 587 857 2977 585 855 2978 588 858 2979 575 845 2980 587 857 2981 573 843 2982 575 845 2983 588 858 2984 589 859 2985 573 843 2986 588 858 2987 589 859 2988 576 846 2989 573 843 2990 589 859 2991 590 860 2992 576 846 2993 590 860 2994 579 849 2995 576 846 2996 590 860 2997 591 861 2998 579 849 2999 591 861 3000 592 862 3001 579 849 3002 579 849 3003 592 862 3004 580 850 3005 592 862 3006 593 863 3007 580 850 3008 589 859 3009 588 858 3010 594 864 3011 594 864 3012 588 858 3013 585 855 3014 594 864 3015 585 855 3016 582 852 3017 581 851 3018 595 865 3019 582 852 3020 596 866 3021 582 852 3022 595 865 3023 596 866 3024 594 864 3025 582 852 3026 597 867 3027 594 864 3028 596 866 3029 597 867 3030 589 859 3031 594 864 3032 598 868 3033 589 859 3034 597 867 3035 598 868 3036 590 860 3037 589 859 3038 599 869 3039 590 860 3040 598 868 3041 599 869 3042 591 861 3043 590 860 3044 599 869 3045 600 870 3046 591 861 3047 591 861 3048 600 870 3049 592 862 3050 600 870 3051 601 871 3052 592 862 3053 592 862 3054 601 871 3055 593 863 3056 601 871 3057 586 856 3058 593 863 3059 601 871 3060 584 854 3061 586 856 3062 602 872 3063 584 854 3064 601 871 3065 602 872 3066 583 853 3067 584 854 3068 603 873 3069 583 853 3070 602 872 3071 604 874 3072 605 875 3073 606 876 3074 604 874 3075 607 877 3076 605 875 3077 607 877 3078 604 874 3079 603 873 3080 607 877 3081 603 873 3082 608 878 3083 608 878 3084 603 873 3085 602 872 3086 608 878 3087 602 872 3088 600 870 3089 600 870 3090 602 872 3091 601 871 3092 599 869 3093 608 878 3094 600 870 3095 609 879 3096 608 878 3097 599 869 3098 609 879 3099 607 877 3100 608 878 3101 610 880 3102 611 881 3103 612 882 3104 610 880 3105 613 883 3106 611 881 3107 613 883 3108 595 865 3109 611 881 3110 613 883 3111 596 866 3112 595 865 3113 614 884 3114 596 866 3115 613 883 3116 614 884 3117 597 867 3118 596 866 3119 615 885 3120 597 867 3121 614 884 3122 615 885 3123 598 868 3124 597 867 3125 615 885 3126 599 869 3127 598 868 3128 615 885 3129 609 879 3130 599 869 3131 609 879 3132 615 885 3133 616 886 3134 609 879 3135 616 886 3136 617 887 3137 607 877 3138 609 879 3139 617 887 3140 607 877 3141 617 887 3142 605 875 3143 617 887 3144 618 888 3145 605 875 3146 619 889 3147 613 883 3148 610 880 3149 619 889 3150 614 884 3151 613 883 3152 616 886 3153 614 884 3154 619 889 3155 616 886 3156 615 885 3157 614 884 3158 620 890 3159 621 891 3160 622 892 3161 620 890 3162 623 893 3163 621 891 3164 618 888 3165 623 893 3166 620 890 3167 618 888 3168 624 894 3169 623 893 3170 617 887 3171 624 894 3172 618 888 3173 617 887 3174 625 895 3175 624 894 3176 617 887 3177 616 886 3178 625 895 3179 616 886 3180 626 896 3181 625 895 3182 616 886 3183 619 889 3184 626 896 3185 619 889 3186 627 897 3187 626 896 3188 619 889 3189 610 880 3190 627 897 3191 610 880 3192 628 898 3193 627 897 3194 610 880 3195 612 882 3196 628 898 3197 629 899 3198 628 898 3199 612 882 3200 612 882 3201 630 900 3202 629 899 3203 612 882 3204 611 881 3205 630 900 3206 611 881 3207 581 851 3208 630 900 3209 611 881 3210 595 865 3211 581 851 3212 629 899 3213 631 901 3214 628 898 3215 625 895 3216 626 896 3217 632 902 3218 625 895 3219 632 902 3220 633 903 3221 624 894 3222 625 895 3223 633 903 3224 624 894 3225 633 903 3226 623 893 3227 623 893 3228 633 903 3229 634 904 3230 623 893 3231 634 904 3232 621 891 3233 621 891 3234 634 904 3235 635 905 3236 621 891 3237 635 905 3238 636 906 3239 621 891 3240 636 906 3241 637 907 3242 621 891 3243 637 907 3244 622 892 3245 622 892 3246 637 907 3247 638 908 3248 622 892 3249 638 908 3250 639 909 3251 620 890 3252 622 892 3253 639 909 3254 620 890 3255 639 909 3256 640 910 3257 640 910 3258 618 888 3259 620 890 3260 640 910 3261 641 911 3262 618 888 3263 605 875 3264 618 888 3265 641 911 3266 605 875 3267 641 911 3268 606 876 3269 634 904 3270 642 912 3271 635 905 3272 634 904 3273 643 913 3274 642 912 3275 633 903 3276 643 913 3277 634 904 3278 633 903 3279 632 902 3280 643 913 3281 643 913 3282 644 914 3283 645 915 3284 632 902 3285 644 914 3286 643 913 3287 632 902 3288 646 916 3289 644 914 3290 645 915 3291 647 917 3292 648 918 3293 644 914 3294 647 917 3295 645 915 3296 644 914 3297 649 919 3298 647 917 3299 646 916 3300 649 919 3301 644 914 3302 646 916 3303 650 920 3304 649 919 3305 643 913 3306 645 915 3307 642 912 3308 642 912 3309 645 915 3310 651 921 3311 645 915 3312 648 918 3313 651 921 3314 651 921 3315 648 918 3316 652 922 3317 648 918 3318 653 923 3319 652 922 3320 648 918 3321 654 924 3322 653 923 3323 647 917 3324 654 924 3325 648 918 3326 647 917 3327 655 925 3328 654 924 3329 649 919 3330 655 925 3331 647 917 3332 649 919 3333 656 926 3334 655 925 3335 657 927 3336 656 926 3337 649 919 3338 657 927 3339 649 919 3340 650 920 3341 650 920 3342 631 901 3343 657 927 3344 650 920 3345 628 898 3346 631 901 3347 646 916 3348 628 898 3349 650 920 3350 646 916 3351 627 897 3352 628 898 3353 632 902 3354 627 897 3355 646 916 3356 632 902 3357 626 896 3358 627 897 3359 658 928 3360 636 906 3361 635 905 3362 658 928 3363 635 905 3364 659 929 3365 659 929 3366 635 905 3367 642 912 3368 659 929 3369 642 912 3370 660 930 3371 642 912 3372 651 921 3373 660 930 3374 660 930 3375 651 921 3376 661 931 3377 651 921 3378 652 922 3379 661 931 3380 661 931 3381 652 922 3382 662 932 3383 653 923 3384 662 932 3385 652 922 3386 653 923 3387 663 933 3388 662 932 3389 662 932 3390 663 933 3391 664 934 3392 662 932 3393 664 934 3394 665 935 3395 664 934 3396 666 936 3397 665 935 3398 665 935 3399 666 936 3400 667 937 3401 667 937 3402 666 936 3403 668 938 3404 667 937 3405 668 938 3406 669 939 3407 669 939 3408 668 938 3409 572 842 3410 669 939 3411 572 842 3412 571 841 3413 664 934 3414 670 940 3415 666 936 3416 670 940 3417 668 938 3418 666 936 3419 670 940 3420 671 941 3421 668 938 3422 671 941 3423 572 842 3424 668 938 3425 671 941 3426 558 828 3427 572 842 3428 659 929 3429 672 942 3430 658 928 3431 659 929 3432 673 943 3433 672 942 3434 672 942 3435 673 943 3436 674 944 3437 673 943 3438 675 945 3439 674 944 3440 674 944 3441 675 945 3442 676 946 3443 675 945 3444 677 947 3445 676 946 3446 676 946 3447 677 947 3448 667 937 3449 665 935 3450 667 937 3451 677 947 3452 678 948 3453 665 935 3454 677 947 3455 678 948 3456 662 932 3457 665 935 3458 661 931 3459 662 932 3460 678 948 3461 679 949 3462 661 931 3463 678 948 3464 660 930 3465 661 931 3466 679 949 3467 660 930 3468 679 949 3469 673 943 3470 660 930 3471 673 943 3472 659 929 3473 673 943 3474 679 949 3475 675 945 3476 679 949 3477 678 948 3478 675 945 3479 675 945 3480 678 948 3481 677 947 3482 680 950 3483 676 946 3484 681 951 3485 674 944 3486 676 946 3487 680 950 3488 674 944 3489 680 950 3490 682 952 3491 674 944 3492 682 952 3493 683 953 3494 683 953 3495 682 952 3496 684 954 3497 683 953 3498 684 954 3499 685 955 3500 672 942 3501 683 953 3502 685 955 3503 672 942 3504 674 944 3505 683 953 3506 684 954 3507 686 956 3508 687 957 3509 684 954 3510 682 952 3511 686 956 3512 682 952 3513 688 958 3514 686 956 3515 682 952 3516 680 950 3517 688 958 3518 680 950 3519 681 951 3520 688 958 3521 658 928 3522 672 942 3523 689 959 3524 672 942 3525 685 955 3526 689 959 3527 689 959 3528 685 955 3529 690 960 3530 685 955 3531 691 961 3532 690 960 3533 685 955 3534 684 954 3535 691 961 3536 684 954 3537 692 962 3538 691 961 3539 684 954 3540 687 957 3541 692 962 3542 687 957 3543 693 963 3544 692 962 3545 687 957 3546 694 964 3547 693 963 3548 686 956 3549 694 964 3550 687 957 3551 686 956 3552 695 965 3553 694 964 3554 686 956 3555 696 966 3556 695 965 3557 686 956 3558 688 958 3559 696 966 3560 688 958 3561 697 967 3562 696 966 3563 688 958 3564 681 951 3565 697 967 3566 681 951 3567 669 939 3568 697 967 3569 681 951 3570 667 937 3571 669 939 3572 676 946 3573 667 937 3574 681 951 3575 658 928 3576 689 959 3577 698 968 3578 698 968 3579 689 959 3580 699 969 3581 689 959 3582 690 960 3583 699 969 3584 698 968 3585 699 969 3586 700 970 3587 697 967 3588 669 939 3589 571 841 3590 697 967 3591 571 841 3592 570 840 3593 696 966 3594 697 967 3595 570 840 3596 696 966 3597 570 840 3598 569 839 3599 695 965 3600 696 966 3601 569 839 3602 695 965 3603 569 839 3604 562 832 3605 695 965 3606 562 832 3607 554 824 3608 695 965 3609 554 824 3610 694 964 3611 694 964 3612 554 824 3613 553 823 3614 694 964 3615 553 823 3616 693 963 3617 693 963 3618 553 823 3619 558 828 3620 693 963 3621 558 828 3622 671 941 3623 692 962 3624 693 963 3625 671 941 3626 692 962 3627 671 941 3628 670 940 3629 691 961 3630 692 962 3631 670 940 3632 691 961 3633 670 940 3634 664 934 3635 690 960 3636 691 961 3637 664 934 3638 690 960 3639 664 934 3640 663 933 3641 699 969 3642 690 960 3643 663 933 3644 699 969 3645 663 933 3646 653 923 3647 654 924 3648 699 969 3649 653 923 3650 654 924 3651 700 970 3652 699 969 3653 655 925 3654 700 970 3655 654 924 3656 603 873 3657 581 851 3658 583 853 3659 604 874 3660 581 851 3661 603 873 3662 604 874 3663 630 900 3664 581 851 3665 630 900 3666 604 874 3667 606 876 3668 630 900 3669 606 876 3670 629 899 3671 606 876 3672 631 901 3673 629 899 3674 606 876 3675 641 911 3676 631 901 3677 657 927 3678 631 901 3679 641 911 3680 657 927 3681 641 911 3682 640 910 3683 640 910 3684 656 926 3685 657 927 3686 640 910 3687 639 909 3688 656 926 3689 639 909 3690 655 925 3691 656 926 3692 639 909 3693 638 908 3694 655 925 3695 655 925 3696 638 908 3697 700 970 3698 700 970 3699 638 908 3700 637 907 3701 700 970 3702 637 907 3703 698 968 3704 698 968 3705 637 907 3706 636 906 3707 698 968 3708 636 906 3709 658 928 3710 68 971 3711 64 972 3712 69 973 3713 68 974 3714 66 975 3715 64 976 3716 701 977 3717 702 978 3718 703 979 3719 701 977 3720 704 980 3721 702 978 3722 705 981 3723 706 982 3724 707 983 3725 705 981 3726 708 984 3727 706 982 3728 709 985 3729 705 986 3730 710 987 3731 709 985 3732 708 988 3733 705 986 3734 702 989 3735 711 990 3736 703 991 3737 702 989 3738 712 992 3739 711 990 3740 711 993 3741 709 994 3742 710 995 3743 711 993 3744 712 996 3745 709 994 3746 710 997 3747 705 998 3748 707 999 3749 710 997 3750 707 999 3751 701 1000 3752 703 1001 3753 710 1002 3754 701 1003 3755 703 1001 3756 711 1004 3757 710 1002 3758 713 1005 3759 714 1005 3760 715 1005 3761 713 1006 3762 716 1006 3763 714 1006 3764 717 1007 3765 715 1008 3766 718 1009 3767 717 1007 3768 713 1010 3769 715 1008 3770 719 1011 3771 720 1012 3772 721 1013 3773 719 1011 3774 722 1014 3775 720 1012 3776 718 1015 3777 715 1016 3778 714 1017 3779 718 1015 3780 714 1017 3781 723 1018 3782 719 1019 3783 718 1020 3784 723 1021 3785 719 1019 3786 721 1022 3787 718 1020 3788 724 1023 3789 725 1024 3790 726 1025 3791 724 1023 3792 727 1026 3793 725 1024 3794 727 1026 3795 728 1027 3796 725 1024 3797 727 1026 3798 729 1028 3799 728 1027 3800 729 1028 3801 730 1029 3802 728 1027 3803 729 1028 3804 731 1030 3805 730 1029 3806 732 1031 3807 733 1032 3808 734 1033 3809 732 1031 3810 735 1034 3811 733 1032 3812 736 1035 3813 735 1036 3814 732 1037 3815 736 1035 3816 737 1038 3817 735 1036 3818 737 1039 3819 738 1040 3820 739 1041 3821 737 1039 3822 736 1042 3823 738 1040 3824 734 1043 3825 739 1044 3826 738 1045 3827 734 1043 3828 733 1046 3829 739 1044 3830 740 1047 3831 728 1048 3832 730 1049 3833 740 1047 3834 741 1050 3835 728 1048 3836 728 1048 3837 741 1050 3838 742 1051 3839 728 1048 3840 742 1051 3841 725 1052 3842 725 1052 3843 742 1051 3844 743 1053 3845 725 1052 3846 743 1053 3847 726 1054 3848 706 1055 3849 708 1056 3850 709 1057 3851 706 1058 3852 709 1059 3853 704 1060 3854 709 1059 3855 702 1061 3856 704 1060 3857 709 1059 3858 712 1062 3859 702 1061 3860 733 1063 3861 737 1064 3862 739 1065 3863 733 1063 3864 735 1066 3865 737 1064 3866 744 1067 3867 745 1068 3868 746 1069 3869 744 1067 3870 747 1070 3871 745 1068 3872 748 1071 3873 744 1072 3874 749 1073 3875 748 1074 3876 747 1075 3877 744 1076 3878 750 1077 3879 747 1078 3880 748 1079 3881 750 1080 3882 745 1081 3883 747 1082 3884 750 1083 3885 746 1084 3886 745 1085 3887 750 1083 3888 751 1086 3889 746 1084 3890 751 1087 3891 744 1088 3892 746 1089 3893 751 1087 3894 749 1090 3895 744 1088 3896 198 373 3897 176 375 3898 175 1091 3899 174 1092 3900 198 373 3901 175 1091 3902 174 1092 3903 195 370 3904 198 373 3905 752 1093 3906 753 1094 3907 754 1095 3908 752 1093 3909 755 1096 3910 753 1094 3911 756 1097 3912 755 1098 3913 757 1099 3914 756 1100 3915 753 1101 3916 755 1102 3917 757 1103 3918 752 1104 3919 758 1105 3920 757 1106 3921 755 1107 3922 752 1108 3923 759 1109 3924 752 1110 3925 754 1111 3926 759 1109 3927 758 1112 3928 752 1110 3929 756 1113 3930 754 1114 3931 753 1115 3932 756 1113 3933 759 1116 3934 754 1114 3935 760 1117 3936 3 1118 3937 761 1119 3938 760 1117 3939 1 1120 3940 3 1118 3941 762 1121 3942 760 1122 3943 761 1123 3944 762 1121 3945 763 1124 3946 760 1122 3947 0 1125 3948 761 1126 3949 3 1127 3950 0 1125 3951 762 1128 3952 761 1126 3953 2 1129 3954 760 1130 3955 763 1131 3956 2 1132 3957 1 1133 3958 760 1134 3959 764 1135 3960 765 1136 3961 766 1137 3962 764 1135 3963 767 1138 3964 765 1136 3965 767 1138 3966 768 1139 3967 765 1136 3968 767 1138 3969 769 1140 3970 768 1139 3971 770 1141 3972 768 1139 3973 769 1140 3974 770 1141 3975 771 1142 3976 768 1139 3977 772 1143 3978 771 1142 3979 770 1141 3980 772 1143 3981 773 1144 3982 771 1142 3983 774 1145 3984 773 1144 3985 772 1143 3986 774 1145 3987 775 1146 3988 773 1144 3989 764 1135 3990 775 1146 3991 774 1145 3992 764 1135 3993 766 1137 3994 775 1146 3995 716 1147 3996 713 1148 3997 717 1149 3998 716 1150 3999 717 1151 4000 776 1152 4001 717 1151 4002 722 1153 4003 776 1152 4004 717 1151 4005 720 1154 4006 722 1153 4007 777 1155 4008 778 1156 4009 779 1157 4010 777 1155 4011 780 1158 4012 778 1156 4013 781 1159 4014 778 1156 4015 780 1158 4016 781 1159 4017 782 1160 4018 778 1156 4019 783 1161 4020 782 1160 4021 781 1159 4022 783 1161 4023 784 1162 4024 782 1160 4025 783 1161 4026 785 1163 4027 784 1162 4028 783 1161 4029 786 1164 4030 785 1163 4031 786 1164 4032 787 1165 4033 785 1163 4034 786 1164 4035 788 1166 4036 787 1165 4037 777 1155 4038 787 1165 4039 788 1166 4040 777 1155 4041 779 1157 4042 787 1165 4043 720 1167 4044 717 1168 4045 789 1169 4046 789 1169 4047 717 1168 4048 790 1170 4049 718 1171 4050 790 1170 4051 717 1168 4052 718 1171 4053 791 1172 4054 790 1170 4055 791 1172 4056 718 1171 4057 792 1173 4058 721 1174 4059 792 1173 4060 718 1171 4061 721 1174 4062 793 1175 4063 792 1173 4064 793 1175 4065 721 1174 4066 794 1176 4067 721 1174 4068 795 1177 4069 794 1176 4070 721 1174 4071 720 1167 4072 795 1177 4073 720 1167 4074 796 1178 4075 795 1177 4076 720 1167 4077 789 1169 4078 796 1178 4079 797 1179 4080 798 1180 4081 799 1181 4082 797 1179 4083 800 1182 4084 798 1180 4085 800 1182 4086 801 1183 4087 798 1180 4088 800 1182 4089 802 1184 4090 801 1183 4091 803 1185 4092 801 1183 4093 802 1184 4094 803 1185 4095 804 1186 4096 801 1183 4097 803 1185 4098 805 1187 4099 804 1186 4100 803 1185 4101 806 1188 4102 805 1187 4103 806 1188 4104 807 1189 4105 805 1187 4106 806 1188 4107 808 1190 4108 807 1189 4109 797 1179 4110 807 1189 4111 808 1190 4112 797 1179 4113 799 1181 4114 807 1189 4115 809 1191 4116 810 1192 4117 811 1193 4118 810 1192 4119 812 1194 4120 811 1193 4121 810 1192 4122 813 1195 4123 812 1194 4124 813 1195 4125 814 1196 4126 812 1194 4127 813 1195 4128 815 1197 4129 814 1196 4130 815 1197 4131 816 1198 4132 814 1196 4133 815 1197 4134 817 1199 4135 816 1198 4136 817 1199 4137 818 1200 4138 816 1198 4139 817 1199 4140 819 1201 4141 818 1200 4142 819 1201 4143 820 1202 4144 818 1200 4145 819 1201 4146 821 1203 4147 820 1202 4148 821 1203 4149 822 1204 4150 820 1202 4151 821 1203 4152 823 1205 4153 822 1204 4154 824 1206 4155 822 1204 4156 823 1205 4157 824 1206 4158 825 1207 4159 822 1204 4160 826 1208 4161 825 1207 4162 824 1206 4163 826 1208 4164 827 1209 4165 825 1207 4166 828 1210 4167 827 1209 4168 826 1208 4169 828 1210 4170 829 1211 4171 827 1209 4172 830 1212 4173 829 1211 4174 828 1210 4175 830 1212 4176 831 1213 4177 829 1211 4178 830 1212 4179 832 1214 4180 831 1213 4181 830 1212 4182 809 1191 4183 832 1214 4184 809 1191 4185 811 1193 4186 832 1214 4187 811 1215 4188 812 1216 4189 833 1217 4190 812 1216 4191 814 1218 4192 833 1217 4193 814 1218 4194 816 1219 4195 833 1217 4196 816 1219 4197 818 1220 4198 833 1217 4199 818 1220 4200 820 1221 4201 833 1217 4202 820 1221 4203 822 1222 4204 833 1217 4205 822 1222 4206 825 1223 4207 833 1217 4208 825 1223 4209 827 1224 4210 833 1217 4211 827 1224 4212 829 1225 4213 833 1217 4214 829 1225 4215 831 1226 4216 833 1217 4217 831 1226 4218 832 1227 4219 833 1217 4220 832 1227 4221 811 1215 4222 833 1217 4223 834 1228 4224 828 1229 4225 835 1230 4226 834 1228 4227 830 1231 4228 828 1229 4229 834 1228 4230 809 1232 4231 830 1231 4232 834 1228 4233 836 1233 4234 809 1232 4235 836 1233 4236 810 1234 4237 809 1232 4238 836 1233 4239 837 1235 4240 810 1234 4241 838 1236 4242 810 1234 4243 837 1235 4244 838 1236 4245 813 1237 4246 810 1234 4247 839 1238 4248 813 1237 4249 838 1236 4250 839 1238 4251 815 1239 4252 813 1237 4253 839 1238 4254 817 1240 4255 815 1239 4256 839 1238 4257 840 1241 4258 817 1240 4259 840 1241 4260 819 1242 4261 817 1240 4262 840 1241 4263 841 1243 4264 819 1242 4265 841 1243 4266 821 1244 4267 819 1242 4268 841 1243 4269 842 1245 4270 821 1244 4271 843 1246 4272 821 1244 4273 842 1245 4274 843 1246 4275 823 1247 4276 821 1244 4277 844 1248 4278 823 1247 4279 843 1246 4280 844 1248 4281 824 1249 4282 823 1247 4283 844 1248 4284 826 1250 4285 824 1249 4286 844 1248 4287 845 1251 4288 826 1250 4289 835 1230 4290 826 1250 4291 845 1251 4292 835 1230 4293 828 1229 4294 826 1250 4295 846 1252 4296 847 1253 4297 848 1254 4298 846 1252 4299 849 1255 4300 847 1253 4301 850 1256 4302 847 1253 4303 849 1255 4304 850 1256 4305 851 1257 4306 847 1253 4307 852 1258 4308 851 1257 4309 850 1256 4310 852 1258 4311 853 1259 4312 851 1257 4313 854 1260 4314 853 1259 4315 852 1258 4316 854 1260 4317 855 1261 4318 853 1259 4319 854 1260 4320 856 1262 4321 855 1261 4322 854 1260 4323 857 1263 4324 856 1262 4325 857 1263 4326 848 1254 4327 856 1262 4328 857 1263 4329 846 1252 4330 848 1254 4331 858 1264 4332 859 1265 4333 860 1266 4334 858 1264 4335 861 1267 4336 859 1265 4337 862 1268 4338 859 1265 4339 861 1267 4340 862 1268 4341 863 1269 4342 859 1265 4343 862 1268 4344 864 1270 4345 863 1269 4346 862 1268 4347 865 1271 4348 864 1270 4349 866 1272 4350 864 1270 4351 865 1271 4352 866 1272 4353 867 1273 4354 864 1270 4355 866 1272 4356 868 1274 4357 867 1273 4358 866 1272 4359 869 1275 4360 868 1274 4361 858 1264 4362 868 1274 4363 869 1275 4364 858 1264 4365 860 1266 4366 868 1274 4367 870 1276 4368 871 1277 4369 872 1278 4370 870 1276 4371 873 1279 4372 871 1277 4373 874 1280 4374 873 1279 4375 870 1276 4376 874 1280 4377 875 1281 4378 873 1279 4379 876 1282 4380 875 1281 4381 874 1280 4382 876 1282 4383 877 1283 4384 875 1281 4385 878 1284 4386 740 1285 4387 879 1286 4388 878 1284 4389 741 1287 4390 740 1285 4391 880 1288 4392 741 1287 4393 878 1284 4394 880 1288 4395 742 1289 4396 741 1287 4397 881 1290 4398 742 1289 4399 880 1288 4400 881 1290 4401 743 1291 4402 742 1289 4403 882 1292 4404 883 1293 4405 884 1294 4406 882 1292 4407 885 1295 4408 883 1293 4409 886 1296 4410 885 1295 4411 882 1292 4412 886 1296 4413 882 1292 4414 887 1297 4415 888 1298 4416 886 1296 4417 887 1297 4418 888 1298 4419 887 1297 4420 889 1299 4421 890 1300 4422 891 1301 4423 892 1302 4424 890 1300 4425 893 1303 4426 891 1301 4427 894 1304 4428 891 1301 4429 893 1303 4430 894 1304 4431 895 1305 4432 891 1301 4433 894 1304 4434 896 1306 4435 895 1305 4436 894 1304 4437 897 1307 4438 896 1306 4439 897 1307 4440 898 1308 4441 896 1306 4442 897 1307 4443 899 1309 4444 898 1308 4445 900 1310 4446 898 1308 4447 899 1309 4448 900 1310 4449 901 1311 4450 898 1308 4451 900 1310 4452 892 1302 4453 901 1311 4454 900 1310 4455 890 1300 4456 892 1302 4457 902 1312 4458 903 1313 4459 904 1314 4460 902 1312 4461 905 1315 4462 903 1313 4463 905 1315 4464 906 1316 4465 903 1313 4466 905 1315 4467 907 1317 4468 906 1316 4469 907 1317 4470 908 1318 4471 906 1316 4472 907 1317 4473 909 1319 4474 908 1318 4475 910 1320 4476 908 1318 4477 909 1319 4478 910 1320 4479 911 1321 4480 908 1318 4481 910 1320 4482 912 1322 4483 911 1321 4484 910 1320 4485 913 1323 4486 912 1322 4487 902 1312 4488 912 1322 4489 913 1323 4490 902 1312 4491 904 1314 4492 912 1322 4493 743 1324 4494 724 1325 4495 726 1326 4496 743 1324 4497 876 1327 4498 724 1325 4499 743 1324 4500 877 1328 4501 876 1327 4502 743 1324 4503 889 1329 4504 877 1328 4505 743 1324 4506 888 1330 4507 889 1329 4508 743 1324 4509 881 1331 4510 888 1330 4511 914 1332 4512 915 1333 4513 916 1334 4514 914 1332 4515 917 1335 4516 915 1333 4517 917 1335 4518 918 1336 4519 915 1333 4520 917 1335 4521 919 1337 4522 918 1336 4523 919 1337 4524 920 1338 4525 918 1336 4526 919 1337 4527 921 1339 4528 920 1338 4529 921 1339 4530 922 1340 4531 920 1338 4532 921 1339 4533 923 1341 4534 922 1340 4535 924 1342 4536 922 1340 4537 923 1341 4538 924 1342 4539 925 1343 4540 922 1340 4541 924 1342 4542 916 1334 4543 925 1343 4544 924 1342 4545 914 1332 4546 916 1334 4547 926 1344 4548 927 1345 4549 928 1346 4550 926 1344 4551 929 1347 4552 927 1345 4553 930 1348 4554 927 1345 4555 929 1347 4556 930 1348 4557 931 1349 4558 927 1345 4559 932 1350 4560 931 1349 4561 930 1348 4562 932 1350 4563 933 1351 4564 931 1349 4565 932 1350 4566 934 1352 4567 933 1351 4568 932 1350 4569 935 1353 4570 934 1352 4571 935 1353 4572 936 1354 4573 934 1352 4574 935 1353 4575 937 1355 4576 936 1354 4577 926 1344 4578 936 1354 4579 937 1355 4580 926 1344 4581 928 1346 4582 936 1354 4583 885 1356 4584 879 1357 4585 883 1358 4586 885 1356 4587 878 1359 4588 879 1357 4589 885 1356 4590 880 1360 4591 878 1359 4592 885 1356 4593 886 1361 4594 880 1360 4595 880 1360 4596 886 1361 4597 888 1362 4598 880 1360 4599 888 1362 4600 881 1363 4601 873 1364 4602 884 1365 4603 871 1366 4604 873 1364 4605 882 1367 4606 884 1365 4607 873 1364 4608 887 1368 4609 882 1367 4610 873 1364 4611 875 1369 4612 887 1368 4613 875 1369 4614 889 1370 4615 887 1368 4616 875 1369 4617 877 1371 4618 889 1370 4619 938 1372 4620 939 1373 4621 940 1374 4622 938 1372 4623 941 1375 4624 939 1373 4625 942 1376 4626 939 1373 4627 941 1375 4628 942 1376 4629 943 1377 4630 939 1373 4631 944 1378 4632 943 1377 4633 942 1376 4634 944 1378 4635 945 1379 4636 943 1377 4637 944 1378 4638 946 1380 4639 945 1379 4640 944 1378 4641 947 1381 4642 946 1380 4643 948 1382 4644 946 1380 4645 947 1381 4646 948 1382 4647 949 1383 4648 946 1380 4649 938 1372 4650 949 1383 4651 948 1382 4652 938 1372 4653 940 1374 4654 949 1383 4655 874 1384 4656 724 1385 4657 876 1386 4658 874 1384 4659 727 1387 4660 724 1385 4661 874 1384 4662 729 1388 4663 727 1387 4664 874 1384 4665 870 1389 4666 729 1388 4667 872 1390 4668 729 1388 4669 870 1389 4670 872 1390 4671 731 1391 4672 729 1388 4673 950 1392 4674 951 1393 4675 952 1394 4676 950 1392 4677 953 1395 4678 951 1393 4679 954 1396 4680 951 1393 4681 953 1395 4682 954 1396 4683 955 1397 4684 951 1393 4685 956 1398 4686 955 1397 4687 954 1396 4688 956 1398 4689 957 1399 4690 955 1397 4691 958 1400 4692 957 1399 4693 956 1398 4694 958 1400 4695 959 1401 4696 957 1399 4697 958 1400 4698 960 1402 4699 959 1401 4700 958 1400 4701 961 1403 4702 960 1402 4703 961 1403 4704 952 1394 4705 960 1402 4706 961 1403 4707 950 1392 4708 952 1394 4709 962 1404 4710 963 1405 4711 964 1406 4712 962 1404 4713 965 1407 4714 963 1405 4715 965 1407 4716 966 1408 4717 963 1405 4718 965 1407 4719 967 1409 4720 966 1408 4721 967 1409 4722 968 1410 4723 966 1408 4724 967 1409 4725 969 1411 4726 968 1410 4727 969 1411 4728 970 1412 4729 968 1410 4730 969 1411 4731 971 1413 4732 970 1412 4733 971 1413 4734 972 1414 4735 970 1412 4736 971 1413 4737 973 1415 4738 972 1414 4739 962 1404 4740 972 1414 4741 973 1415 4742 962 1404 4743 964 1406 4744 972 1414 4745 731 1416 4746 872 1417 4747 738 1418 4748 872 1417 4749 871 1419 4750 738 1418 4751 871 1419 4752 734 1420 4753 738 1418 4754 871 1419 4755 884 1421 4756 734 1420 4757 884 1421 4758 883 1422 4759 734 1420 4760 879 1423 4761 734 1420 4762 883 1422 4763 879 1423 4764 732 1424 4765 734 1420 4766 879 1423 4767 740 1425 4768 732 1424 4769 730 1426 4770 732 1424 4771 740 1425 4772 730 1426 4773 736 1427 4774 732 1424 4775 730 1426 4776 731 1416 4777 736 1427 4778 731 1416 4779 738 1418 4780 736 1427 4781 974 1428 4782 975 1429 4783 976 1430 4784 974 1428 4785 977 1431 4786 975 1429 4787 974 1428 4788 978 1432 4789 977 1431 4790 974 1428 4791 979 1433 4792 978 1432 4793 980 1434 4794 981 1435 4795 982 1436 4796 980 1434 4797 983 1437 4798 981 1435 4799 984 1438 4800 981 1435 4801 983 1437 4802 984 1438 4803 985 1439 4804 981 1435 4805 986 1440 4806 985 1439 4807 984 1438 4808 986 1440 4809 987 1441 4810 985 1439 4811 986 1440 4812 988 1442 4813 987 1441 4814 986 1440 4815 989 1443 4816 988 1442 4817 989 1443 4818 990 1444 4819 988 1442 4820 989 1443 4821 991 1445 4822 990 1444 4823 980 1434 4824 990 1444 4825 991 1445 4826 980 1434 4827 982 1436 4828 990 1444 4829 992 1446 4830 993 1447 4831 994 1448 4832 992 1446 4833 995 1449 4834 993 1447 4835 992 1446 4836 996 1450 4837 995 1449 4838 992 1446 4839 997 1451 4840 996 1450 4841 998 1452 4842 999 1453 4843 1000 1454 4844 998 1452 4845 1001 1455 4846 999 1453 4847 1002 1456 4848 999 1453 4849 1001 1455 4850 1002 1456 4851 1003 1457 4852 999 1453 4853 1002 1456 4854 1004 1458 4855 1003 1457 4856 1002 1456 4857 1005 1459 4858 1004 1458 4859 1006 1460 4860 1004 1458 4861 1005 1459 4862 1006 1460 4863 1007 1461 4864 1004 1458 4865 1006 1460 4866 1008 1462 4867 1007 1461 4868 1006 1460 4869 1009 1463 4870 1008 1462 4871 998 1452 4872 1008 1462 4873 1009 1463 4874 998 1452 4875 1000 1454 4876 1008 1462 4877 995 1464 4878 978 1465 4879 993 1466 4880 995 1464 4881 977 1467 4882 978 1465 4883 996 1468 4884 977 1467 4885 995 1464 4886 996 1468 4887 975 1469 4888 977 1467 4889 997 1470 4890 975 1469 4891 996 1468 4892 997 1470 4893 976 1471 4894 975 1469 4895 997 1470 4896 974 1472 4897 976 1471 4898 997 1470 4899 992 1473 4900 974 1472 4901 992 1473 4902 979 1474 4903 974 1472 4904 992 1473 4905 994 1475 4906 979 1474 4907 994 1475 4908 978 1465 4909 979 1474 4910 994 1475 4911 993 1466 4912 978 1465 4913 722 1476 4914 1010 1477 4915 1011 1478 4916 722 1476 4917 1012 1479 4918 1010 1477 4919 719 1480 4920 1012 1479 4921 722 1476 4922 719 1480 4923 1013 1481 4924 1012 1479 4925 1014 1482 4926 1013 1481 4927 719 1480 4928 1015 1483 4929 1014 1482 4930 719 1480 4931 1015 1483 4932 719 1480 4933 723 1484 4934 1016 1485 4935 1015 1483 4936 723 1484 4937 1017 1486 4938 1016 1485 4939 723 1484 4940 1017 1486 4941 723 1484 4942 776 1487 4943 1011 1478 4944 1017 1488 4945 776 1489 4946 722 1476 4947 1011 1478 4948 776 1489 4949 789 1490 4950 1017 1491 4951 1011 1492 4952 789 1490 4953 790 1493 4954 1017 1491 4955 791 1494 4956 1017 1491 4957 790 1493 4958 791 1494 4959 1016 1495 4960 1017 1491 4961 791 1494 4962 1015 1496 4963 1016 1495 4964 791 1494 4965 792 1497 4966 1015 1496 4967 792 1497 4968 1014 1498 4969 1015 1496 4970 792 1497 4971 793 1499 4972 1014 1498 4973 793 1499 4974 1013 1500 4975 1014 1498 4976 793 1499 4977 794 1501 4978 1013 1500 4979 795 1502 4980 1013 1500 4981 794 1501 4982 795 1502 4983 1012 1503 4984 1013 1500 4985 796 1504 4986 1012 1503 4987 795 1502 4988 796 1504 4989 1010 1505 4990 1012 1503 4991 796 1504 4992 1011 1492 4993 1010 1505 4994 796 1504 4995 789 1490 4996 1011 1492 4997 258 1506 4998 1018 1507 4999 1019 1508 5000 258 1506 5001 260 1509 5002 1018 1507 5003 262 1510 5004 1018 1507 5005 260 1509 5006 262 1510 5007 1020 1511 5008 1018 1507 5009 262 1510 5010 264 1512 5011 1020 1511 5012 1020 1511 5013 264 1512 5014 267 1513 5015 1020 1511 5016 267 1513 5017 1021 1514 5018 267 1515 5019 1022 1516 5020 1021 1517 5021 267 1515 5022 247 1518 5023 1022 1516 5024 247 1519 5025 1023 1520 5026 1022 1521 5027 247 1519 5028 249 1522 5029 1023 1520 5030 251 1523 5031 1023 1520 5032 249 1522 5033 251 1523 5034 1024 1524 5035 1023 1520 5036 251 1523 5037 253 1525 5038 1024 1524 5039 254 1526 5040 1024 1524 5041 253 1525 5042 254 1526 5043 1019 1508 5044 1024 1524 5045 254 1526 5046 256 1527 5047 1019 1508 5048 258 1506 5049 1019 1508 5050 256 1527 5051 1025 1528 5052 1026 1529 5053 1027 1530 5054 1025 1528 5055 1028 1531 5056 1026 1529 5057 1025 1528 5058 1029 1532 5059 1028 1531 5060 1025 1528 5061 1030 1533 5062 1029 1532 5063 321 567 5064 320 566 5065 330 576 5066 335 581 5067 321 567 5068 330 576 5069 329 575 5070 335 581 5071 330 576 5072 370 616 5073 335 581 5074 329 575 5075 370 616 5076 336 582 5077 335 581 5078 371 617 5079 336 582 5080 370 616 5081 371 617 5082 347 593 5083 336 582 5084 376 622 5085 347 593 5086 371 617 5087 376 622 5088 348 594 5089 347 593 5090 363 609 5091 348 594 5092 376 622 5093 363 609 5094 376 622 5095 374 620 5096 363 609 5097 374 620 5098 375 621 5099 363 609 5100 375 621 5101 386 632 5102 386 632 5103 375 621 5104 379 625 5105 386 632 5106 379 625 5107 388 634 5108 388 634 5109 379 625 5110 419 665 5111 388 634 5112 419 665 5113 390 636 5114 390 636 5115 419 665 5116 410 656 5117 1030 1534 5118 1031 1535 5119 1029 1536 5120 1030 1534 5121 1032 1537 5122 1031 1535 5123 1025 1538 5124 1032 1537 5125 1030 1534 5126 1025 1538 5127 1033 1539 5128 1032 1537 5129 1027 1540 5130 1033 1539 5131 1025 1538 5132 1027 1540 5133 1034 1541 5134 1033 1539 5135 1027 1540 5136 1035 1542 5137 1034 1541 5138 1027 1540 5139 1026 1543 5140 1035 1542 5141 1028 1544 5142 1035 1542 5143 1026 1543 5144 1028 1544 5145 1036 1545 5146 1035 1542 5147 1029 1536 5148 1036 1545 5149 1028 1544 5150 1029 1536 5151 1031 1535 5152 1036 1545 5153 1037 1546 5154 1038 1547 5155 1039 1548 5156 1037 1546 5157 1040 1549 5158 1038 1547 5159 1037 1546 5160 1041 1550 5161 1040 1549 5162 1037 1546 5163 1042 1551 5164 1041 1550 5165 1043 1552 5166 1021 1553 5167 1044 1554 5168 1043 1552 5169 1020 1555 5170 1021 1553 5171 1045 1556 5172 1020 1555 5173 1043 1552 5174 1045 1556 5175 1018 1557 5176 1020 1555 5177 1019 1558 5178 1018 1557 5179 1045 1556 5180 1019 1558 5181 1045 1556 5182 1046 1559 5183 1047 1560 5184 1019 1558 5185 1046 1559 5186 1047 1560 5187 1024 1561 5188 1019 1558 5189 1023 1562 5190 1024 1561 5191 1047 1560 5192 1023 1562 5193 1047 1560 5194 1048 1563 5195 1049 1564 5196 1023 1562 5197 1048 1563 5198 1049 1564 5199 1022 1565 5200 1023 1562 5201 1050 1566 5202 1051 1567 5203 1052 1568 5204 1050 1566 5205 1053 1569 5206 1051 1567 5207 1050 1566 5208 1054 1570 5209 1053 1569 5210 1050 1566 5211 1055 1571 5212 1054 1570 5213 1056 1572 5214 1057 1573 5215 1058 1574 5216 1056 1572 5217 1059 1575 5218 1057 1573 5219 1056 1572 5220 1060 1576 5221 1059 1575 5222 1056 1572 5223 1061 1577 5224 1060 1576 5225 1062 1578 5226 1060 1576 5227 1061 1577 5228 1062 1578 5229 1063 1579 5230 1060 1576 5231 1062 1578 5232 1064 1580 5233 1063 1579 5234 1062 1578 5235 1065 1581 5236 1064 1580 5237 1065 1581 5238 1066 1582 5239 1064 1580 5240 1065 1581 5241 1067 1583 5242 1066 1582 5243 1067 1583 5244 1057 1573 5245 1066 1582 5246 1067 1583 5247 1058 1574 5248 1057 1573 5249 1053 1584 5250 1038 1585 5251 1051 1586 5252 1053 1584 5253 1039 1587 5254 1038 1585 5255 1053 1584 5256 1037 1588 5257 1039 1587 5258 1053 1584 5259 1054 1589 5260 1037 1588 5261 1055 1590 5262 1037 1588 5263 1054 1589 5264 1055 1590 5265 1042 1591 5266 1037 1588 5267 1055 1590 5268 1041 1592 5269 1042 1591 5270 1055 1590 5271 1050 1593 5272 1041 1592 5273 1052 1594 5274 1041 1592 5275 1050 1593 5276 1052 1594 5277 1040 1595 5278 1041 1592 5279 1052 1594 5280 1038 1585 5281 1040 1595 5282 1052 1594 5283 1051 1586 5284 1038 1585 5285 1005 1596 5286 1009 1597 5287 1006 1598 5288 1005 1596 5289 998 1599 5290 1009 1597 5291 1005 1596 5292 1001 1600 5293 998 1599 5294 1005 1596 5295 1002 1601 5296 1001 1600 5297 1068 1602 5298 1069 1603 5299 1070 1604 5300 1068 1602 5301 1071 1605 5302 1069 1603 5303 1068 1602 5304 1072 1606 5305 1071 1605 5306 1068 1602 5307 1073 1607 5308 1072 1606 5309 984 1608 5310 989 1609 5311 986 1610 5312 984 1608 5313 991 1611 5314 989 1609 5315 984 1608 5316 980 1612 5317 991 1611 5318 984 1608 5319 983 1613 5320 980 1612 5321 1071 1614 5322 1074 1615 5323 1069 1616 5324 1071 1614 5325 1075 1617 5326 1074 1615 5327 1071 1614 5328 1076 1618 5329 1075 1617 5330 1071 1614 5331 1072 1619 5332 1076 1618 5333 1073 1620 5334 1076 1618 5335 1072 1619 5336 1073 1620 5337 1077 1621 5338 1076 1618 5339 1073 1620 5340 1078 1622 5341 1077 1621 5342 1073 1620 5343 1068 1623 5344 1078 1622 5345 1070 1624 5346 1078 1622 5347 1068 1623 5348 1070 1624 5349 1079 1625 5350 1078 1622 5351 1070 1624 5352 1074 1615 5353 1079 1625 5354 1070 1624 5355 1069 1616 5356 1074 1615 5357 1080 1626 5358 1081 1627 5359 1082 1628 5360 1080 1626 5361 1083 1629 5362 1081 1627 5363 1080 1626 5364 1084 1630 5365 1083 1629 5366 1080 1626 5367 1085 1631 5368 1084 1630 5369 1086 1632 5370 1084 1630 5371 1085 1631 5372 1086 1632 5373 1087 1633 5374 1084 1630 5375 1086 1632 5376 1088 1634 5377 1087 1633 5378 1086 1632 5379 1089 1635 5380 1088 1634 5381 1089 1635 5382 1090 1636 5383 1088 1634 5384 1089 1635 5385 1091 1637 5386 1090 1636 5387 1091 1637 5388 1081 1627 5389 1090 1636 5390 1091 1637 5391 1082 1628 5392 1081 1627 5393 1092 1638 5394 1093 1639 5395 1094 1640 5396 1092 1638 5397 1095 1641 5398 1093 1639 5399 1092 1638 5400 1096 1642 5401 1095 1641 5402 1092 1638 5403 1097 1643 5404 1096 1642 5405 1091 1644 5406 1080 1645 5407 1082 1646 5408 1091 1644 5409 1085 1647 5410 1080 1645 5411 1091 1644 5412 1086 1648 5413 1085 1647 5414 1091 1644 5415 1089 1649 5416 1086 1648 5417 1098 1650 5418 1099 1651 5419 1100 1652 5420 1098 1650 5421 1101 1653 5422 1099 1651 5423 1098 1650 5424 1102 1654 5425 1101 1653 5426 1098 1650 5427 1103 1655 5428 1102 1654 5429 1084 1656 5430 1081 1657 5431 1083 1658 5432 1084 1656 5433 1090 1659 5434 1081 1657 5435 1084 1656 5436 1088 1660 5437 1090 1659 5438 1084 1656 5439 1087 1661 5440 1088 1660 5441 1101 1662 5442 1094 1663 5443 1099 1664 5444 1101 1662 5445 1092 1665 5446 1094 1663 5447 1101 1662 5448 1097 1666 5449 1092 1665 5450 1101 1662 5451 1102 1667 5452 1097 1666 5453 1102 1667 5454 1096 1668 5455 1097 1666 5456 1102 1667 5457 1103 1669 5458 1096 1668 5459 1103 1669 5460 1095 1670 5461 1096 1668 5462 1103 1669 5463 1098 1671 5464 1095 1670 5465 1100 1672 5466 1095 1670 5467 1098 1671 5468 1100 1672 5469 1093 1673 5470 1095 1670 5471 1099 1664 5472 1093 1673 5473 1100 1672 5474 1099 1664 5475 1094 1663 5476 1093 1673 5477 1062 1674 5478 1067 1675 5479 1065 1676 5480 1062 1674 5481 1058 1677 5482 1067 1675 5483 1062 1674 5484 1056 1678 5485 1058 1677 5486 1062 1674 5487 1061 1679 5488 1056 1678 5489 1104 1680 5490 1105 1681 5491 1106 1682 5492 1104 1680 5493 1107 1683 5494 1105 1681 5495 1108 1684 5496 1107 1683 5497 1104 1680 5498 1108 1684 5499 1109 1685 5500 1107 1683 5501 1110 1686 5502 1109 1685 5503 1108 1684 5504 1110 1686 5505 1111 1687 5506 1109 1685 5507 1110 1686 5508 1112 1688 5509 1111 1687 5510 1110 1686 5511 1113 1689 5512 1112 1688 5513 1113 1689 5514 1114 1690 5515 1112 1688 5516 1113 1689 5517 1115 1691 5518 1114 1690 5519 1115 1691 5520 1105 1681 5521 1114 1690 5522 1115 1691 5523 1106 1682 5524 1105 1681 5525 766 1692 5526 773 1693 5527 775 1694 5528 766 1692 5529 771 1695 5530 773 1693 5531 766 1692 5532 768 1696 5533 771 1695 5534 766 1692 5535 765 1697 5536 768 1696 5537 1104 1698 5538 1110 1699 5539 1108 1700 5540 1104 1698 5541 1113 1701 5542 1110 1699 5543 1104 1698 5544 1115 1702 5545 1113 1701 5546 1104 1698 5547 1106 1703 5548 1115 1702 5549 764 1704 5550 769 1705 5551 767 1706 5552 764 1704 5553 770 1707 5554 769 1705 5555 764 1704 5556 772 1708 5557 770 1707 5558 764 1704 5559 774 1709 5560 772 1708 5561 971 1710 5562 962 1711 5563 973 1712 5564 971 1710 5565 965 1713 5566 962 1711 5567 971 1710 5568 967 1714 5569 965 1713 5570 971 1710 5571 969 1715 5572 967 1714 5573 1116 1716 5574 1117 1717 5575 1118 1718 5576 1116 1716 5577 1119 1719 5578 1117 1717 5579 1116 1716 5580 1120 1720 5581 1119 1719 5582 1116 1716 5583 1121 1721 5584 1120 1720 5585 970 1722 5586 966 1723 5587 968 1724 5588 970 1722 5589 963 1725 5590 966 1723 5591 970 1722 5592 964 1726 5593 963 1725 5594 970 1722 5595 972 1727 5596 964 1726 5597 1119 1728 5598 1122 1729 5599 1117 1730 5600 1119 1728 5601 1123 1731 5602 1122 1729 5603 1120 1732 5604 1123 1731 5605 1119 1728 5606 1120 1732 5607 1124 1733 5608 1123 1731 5609 1120 1732 5610 1125 1734 5611 1124 1733 5612 1120 1732 5613 1121 1735 5614 1125 1734 5615 1121 1735 5616 1126 1736 5617 1125 1734 5618 1121 1735 5619 1116 1737 5620 1126 1736 5621 1116 1737 5622 1127 1738 5623 1126 1736 5624 1116 1737 5625 1118 1739 5626 1127 1738 5627 1118 1739 5628 1122 1729 5629 1127 1738 5630 1118 1739 5631 1117 1730 5632 1122 1729 5633 1128 1740 5634 1129 1741 5635 1130 1742 5636 1128 1740 5637 1131 1743 5638 1129 1741 5639 1128 1740 5640 1132 1744 5641 1131 1743 5642 1128 1740 5643 1133 1745 5644 1132 1744 5645 1133 1745 5646 1134 1746 5647 1132 1744 5648 1133 1745 5649 1135 1747 5650 1134 1746 5651 1136 1748 5652 1134 1746 5653 1135 1747 5654 1136 1748 5655 1137 1749 5656 1134 1746 5657 1136 1748 5658 1138 1750 5659 1137 1749 5660 1136 1748 5661 1139 1751 5662 1138 1750 5663 1130 1742 5664 1138 1750 5665 1139 1751 5666 1130 1742 5667 1129 1741 5668 1138 1750 5669 1136 1752 5670 1130 1753 5671 1139 1754 5672 1136 1752 5673 1128 1755 5674 1130 1753 5675 1136 1752 5676 1133 1756 5677 1128 1755 5678 1136 1752 5679 1135 1757 5680 1133 1756 5681 1140 1758 5682 1141 1759 5683 1142 1760 5684 1140 1758 5685 1143 1761 5686 1141 1759 5687 1140 1758 5688 1144 1762 5689 1143 1761 5690 1140 1758 5691 1145 1763 5692 1144 1762 5693 1137 1764 5694 1132 1765 5695 1134 1766 5696 1137 1764 5697 1131 1767 5698 1132 1765 5699 1137 1764 5700 1129 1768 5701 1131 1767 5702 1137 1764 5703 1138 1769 5704 1129 1768 5705 1146 1770 5706 1147 1771 5707 1148 1772 5708 1146 1770 5709 1149 1773 5710 1147 1771 5711 1146 1770 5712 1150 1774 5713 1149 1773 5714 1146 1770 5715 1151 1775 5716 1150 1774 5717 958 1776 5718 950 1777 5719 961 1778 5720 958 1776 5721 953 1779 5722 950 1777 5723 958 1776 5724 954 1780 5725 953 1779 5726 958 1776 5727 956 1781 5728 954 1780 5729 1148 1782 5730 1145 1783 5731 1146 1784 5732 1148 1782 5733 1144 1785 5734 1145 1783 5735 1148 1782 5736 1143 1786 5737 1144 1785 5738 1148 1782 5739 1147 1787 5740 1143 1786 5741 1149 1788 5742 1143 1786 5743 1147 1787 5744 1149 1788 5745 1141 1789 5746 1143 1786 5747 1149 1788 5748 1142 1790 5749 1141 1789 5750 1149 1788 5751 1150 1791 5752 1142 1790 5753 1150 1791 5754 1140 1792 5755 1142 1790 5756 1150 1791 5757 1151 1793 5758 1140 1792 5759 1146 1784 5760 1140 1792 5761 1151 1793 5762 1146 1784 5763 1145 1783 5764 1140 1792 5765 786 1794 5766 777 1795 5767 788 1796 5768 786 1794 5769 780 1797 5770 777 1795 5771 786 1794 5772 781 1798 5773 780 1797 5774 786 1794 5775 783 1799 5776 781 1798 5777 1152 1800 5778 1153 1801 5779 1154 1802 5780 1152 1800 5781 1155 1803 5782 1153 1801 5783 1152 1800 5784 1156 1804 5785 1155 1803 5786 1152 1800 5787 1157 1805 5788 1156 1804 5789 1157 1805 5790 1158 1806 5791 1156 1804 5792 1157 1805 5793 1159 1807 5794 1158 1806 5795 1159 1807 5796 1160 1808 5797 1158 1806 5798 1159 1807 5799 1161 1809 5800 1160 1808 5801 1162 1810 5802 1160 1808 5803 1161 1809 5804 1162 1810 5805 1163 1811 5806 1160 1808 5807 1162 1810 5808 1153 1801 5809 1163 1811 5810 1162 1810 5811 1154 1802 5812 1153 1801 5813 798 1812 5814 807 1813 5815 799 1814 5816 798 1812 5817 805 1815 5818 807 1813 5819 798 1812 5820 804 1816 5821 805 1815 5822 798 1812 5823 801 1817 5824 804 1816 5825 1152 1818 5826 1159 1819 5827 1157 1820 5828 1152 1818 5829 1161 1821 5830 1159 1819 5831 1152 1818 5832 1162 1822 5833 1161 1821 5834 1152 1818 5835 1154 1823 5836 1162 1822 5837 797 1824 5838 802 1825 5839 800 1826 5840 797 1824 5841 803 1827 5842 802 1825 5843 797 1824 5844 806 1828 5845 803 1827 5846 797 1824 5847 808 1829 5848 806 1828 5849 1153 1830 5850 1160 1831 5851 1163 1832 5852 1153 1830 5853 1158 1833 5854 1160 1831 5855 1153 1830 5856 1156 1834 5857 1158 1833 5858 1153 1830 5859 1155 1835 5860 1156 1834 5861 849 1836 5862 852 1837 5863 850 1838 5864 849 1836 5865 854 1839 5866 852 1837 5867 849 1836 5868 857 1840 5869 854 1839 5870 849 1836 5871 846 1841 5872 857 1840 5873 944 1842 5874 948 1843 5875 947 1844 5876 944 1842 5877 938 1845 5878 948 1843 5879 944 1842 5880 941 1846 5881 938 1845 5882 944 1842 5883 942 1847 5884 941 1846 5885 1164 1848 5886 1165 1849 5887 1166 1850 5888 1164 1848 5889 1167 1851 5890 1165 1849 5891 1164 1848 5892 1168 1852 5893 1167 1851 5894 1164 1848 5895 1169 1853 5896 1168 1852 5897 932 1854 5898 937 1855 5899 935 1856 5900 932 1854 5901 926 1857 5902 937 1855 5903 932 1854 5904 929 1858 5905 926 1857 5906 932 1854 5907 930 1859 5908 929 1858 5909 1170 1860 5910 1171 1861 5911 1172 1862 5912 1170 1860 5913 1173 1863 5914 1171 1861 5915 1170 1860 5916 1174 1864 5917 1173 1863 5918 1170 1860 5919 1175 1865 5920 1174 1864 5921 936 1866 5922 933 1867 5923 934 1868 5924 936 1866 5925 931 1869 5926 933 1867 5927 936 1866 5928 927 1870 5929 931 1869 5930 936 1866 5931 928 1871 5932 927 1870 5933 1172 1872 5934 1164 1873 5935 1170 1874 5936 1172 1872 5937 1169 1875 5938 1164 1873 5939 1171 1876 5940 1169 1875 5941 1172 1872 5942 1171 1876 5943 1168 1877 5944 1169 1875 5945 1171 1876 5946 1167 1878 5947 1168 1877 5948 1171 1876 5949 1173 1879 5950 1167 1878 5951 1174 1880 5952 1167 1878 5953 1173 1879 5954 1174 1880 5955 1165 1881 5956 1167 1878 5957 1174 1880 5958 1166 1882 5959 1165 1881 5960 1174 1880 5961 1175 1883 5962 1166 1882 5963 1170 1874 5964 1166 1882 5965 1175 1883 5966 1170 1874 5967 1164 1873 5968 1166 1882 5969 861 1884 5970 865 1885 5971 862 1886 5972 861 1884 5973 866 1887 5974 865 1885 5975 861 1884 5976 869 1888 5977 866 1887 5978 861 1884 5979 858 1889 5980 869 1888 5981 1176 1890 5982 1177 1891 5983 1178 1892 5984 1176 1890 5985 1179 1893 5986 1177 1891 5987 1180 1894 5988 1179 1893 5989 1176 1890 5990 1180 1894 5991 1181 1895 5992 1179 1893 5993 1180 1894 5994 1182 1896 5995 1181 1895 5996 1180 1894 5997 1183 1897 5998 1182 1896 5999 1183 1897 6000 1184 1898 6001 1182 1896 6002 1183 1897 6003 1185 1899 6004 1184 1898 6005 1185 1899 6006 1186 1900 6007 1184 1898 6008 1185 1899 6009 1187 1901 6010 1186 1900 6011 1178 1892 6012 1186 1900 6013 1187 1901 6014 1178 1892 6015 1177 1891 6016 1186 1900 6017 1178 1902 6018 1180 1903 6019 1176 1904 6020 1178 1902 6021 1183 1905 6022 1180 1903 6023 1178 1902 6024 1185 1906 6025 1183 1905 6026 1178 1902 6027 1187 1907 6028 1185 1906 6029 892 1908 6030 898 1909 6031 901 1910 6032 892 1908 6033 896 1911 6034 898 1909 6035 892 1908 6036 895 1912 6037 896 1911 6038 892 1908 6039 891 1913 6040 895 1912 6041 1188 1914 6042 1189 1915 6043 1190 1916 6044 1188 1914 6045 1191 1917 6046 1189 1915 6047 1188 1914 6048 1192 1918 6049 1191 1917 6050 1188 1914 6051 1193 1919 6052 1192 1918 6053 1194 1920 6054 1192 1918 6055 1193 1919 6056 1194 1920 6057 1195 1921 6058 1192 1918 6059 1196 1922 6060 1195 1921 6061 1194 1920 6062 1196 1922 6063 1197 1923 6064 1195 1921 6065 1198 1924 6066 1197 1923 6067 1196 1922 6068 1198 1924 6069 1199 1925 6070 1197 1923 6071 1198 1924 6072 1189 1915 6073 1199 1925 6074 1198 1924 6075 1190 1916 6076 1189 1915 6077 894 1926 6078 899 1927 6079 897 1928 6080 894 1926 6081 900 1929 6082 899 1927 6083 894 1926 6084 890 1930 6085 900 1929 6086 894 1926 6087 893 1931 6088 890 1930 6089 1193 1932 6090 1196 1933 6091 1194 1934 6092 1193 1932 6093 1198 1935 6094 1196 1933 6095 1193 1932 6096 1190 1936 6097 1198 1935 6098 1193 1932 6099 1188 1937 6100 1190 1936 6101 909 1938 6102 913 1939 6103 910 1940 6104 909 1938 6105 902 1941 6106 913 1939 6107 909 1938 6108 905 1942 6109 902 1941 6110 909 1938 6111 907 1943 6112 905 1942 6113 1197 1944 6114 1192 1945 6115 1195 1946 6116 1197 1944 6117 1191 1947 6118 1192 1945 6119 1197 1944 6120 1189 1948 6121 1191 1947 6122 1197 1944 6123 1199 1949 6124 1189 1948 6125 921 1950 6126 924 1951 6127 923 1952 6128 921 1950 6129 914 1953 6130 924 1951 6131 921 1950 6132 917 1954 6133 914 1953 6134 921 1950 6135 919 1955 6136 917 1954 6137</p>
        </triangles>
        <triangles material="festive_lights_red-material" count="810">
          <input semantic="VERTEX" source="#c_pistol_festivizer-mesh-vertices" offset="0"/>
          <input semantic="NORMAL" source="#c_pistol_festivizer-mesh-normals" offset="1"/>
          <input semantic="TEXCOORD" source="#c_pistol_festivizer-mesh-map-0" offset="2" set="0"/>
          <p>1200 1956 6138 1201 1957 6139 1202 1958 6140 1203 1959 6141 1204 1960 6142 1205 1961 6143 1202 1958 6144 1204 1960 6145 1203 1959 6146 1202 1958 6147 1203 1959 6148 1206 1962 6149 1200 1956 6150 1202 1958 6151 1206 1962 6152 1207 1963 6153 1200 1956 6154 1206 1962 6155 1204 1960 6156 1208 1964 6157 1205 1961 6158 1204 1960 6159 1209 1965 6160 1208 1964 6161 1210 1966 6162 1209 1965 6163 1204 1960 6164 1211 1967 6165 1209 1965 6166 1210 1966 6167 1212 1968 6168 1211 1967 6169 1210 1966 6170 1212 1968 6171 1213 1969 6172 1211 1967 6173 1213 1969 6174 1214 1970 6175 1211 1967 6176 1213 1969 6177 1215 1971 6178 1214 1970 6179 1207 1963 6180 1214 1970 6181 1215 1971 6182 1207 1963 6183 1216 1972 6184 1214 1970 6185 1207 1963 6186 1206 1962 6187 1216 1972 6188 1206 1962 6189 1217 1973 6190 1216 1972 6191 1206 1962 6192 1203 1959 6193 1217 1973 6194 1217 1973 6195 1203 1959 6196 1218 1974 6197 1203 1959 6198 1205 1961 6199 1218 1974 6200 1205 1961 6201 1219 1975 6202 1218 1974 6203 1205 1961 6204 1220 1976 6205 1219 1975 6206 1219 1975 6207 1220 1976 6208 1221 1977 6209 1212 1968 6210 1202 1958 6211 1201 1957 6212 1212 1968 6213 1210 1966 6214 1202 1958 6215 1210 1966 6216 1204 1960 6217 1202 1958 6218 1211 1967 6219 1214 1970 6220 1222 1978 6221 1216 1972 6222 1222 1978 6223 1214 1970 6224 1216 1972 6225 1217 1973 6226 1222 1978 6227 1217 1973 6228 1223 1979 6229 1222 1978 6230 1217 1973 6231 1224 1980 6232 1223 1979 6233 1217 1973 6234 1218 1974 6235 1224 1980 6236 1218 1974 6237 1225 1981 6238 1224 1980 6239 1218 1974 6240 1219 1975 6241 1225 1981 6242 1223 1979 6243 1224 1980 6244 1225 1981 6245 1225 1981 6246 1219 1975 6247 1221 1977 6248 1226 1982 6249 1225 1981 6250 1221 1977 6251 1223 1979 6252 1225 1981 6253 1226 1982 6254 1227 1983 6255 1223 1979 6256 1226 1982 6257 1222 1978 6258 1223 1979 6259 1227 1983 6260 1222 1978 6261 1227 1983 6262 1228 1984 6263 1211 1967 6264 1222 1978 6265 1228 1984 6266 1211 1967 6267 1228 1984 6268 1209 1965 6269 1228 1984 6270 1208 1964 6271 1209 1965 6272 1228 1984 6273 1227 1983 6274 1208 1964 6275 1208 1964 6276 1227 1983 6277 1229 1985 6278 1227 1983 6279 1226 1982 6280 1229 1985 6281 1229 1985 6282 1226 1982 6283 1221 1977 6284 1230 1986 6285 1229 1985 6286 1221 1977 6287 1220 1976 6288 1230 1986 6289 1221 1977 6290 1205 1961 6291 1230 1986 6292 1220 1976 6293 1205 1961 6294 1208 1964 6295 1230 1986 6296 1208 1964 6297 1229 1985 6298 1230 1986 6299 1231 1987 6300 1232 1988 6301 1233 1989 6302 1234 1990 6303 1235 1991 6304 1236 1992 6305 1235 1991 6306 1237 1993 6307 1236 1992 6308 1236 1992 6309 1237 1993 6310 1238 1994 6311 1237 1993 6312 1239 1995 6313 1238 1994 6314 1239 1995 6315 1240 1996 6316 1238 1994 6317 1241 1997 6318 1240 1996 6319 1239 1995 6320 1241 1997 6321 1239 1995 6322 1242 1998 6323 1243 1999 6324 1241 1997 6325 1242 1998 6326 1244 2000 6327 1243 1999 6328 1242 1998 6329 1245 2001 6330 1243 1999 6331 1244 2000 6332 1246 2002 6333 1245 2001 6334 1244 2000 6335 1247 2003 6336 1245 2001 6337 1246 2002 6338 1247 2003 6339 1246 2002 6340 1248 2004 6341 1249 2005 6342 1248 2004 6343 1246 2002 6344 1249 2005 6345 1246 2002 6346 1250 2006 6347 1231 1987 6348 1249 2005 6349 1250 2006 6350 1231 1987 6351 1250 2006 6352 1251 2007 6353 1231 1987 6354 1251 2007 6355 1232 1988 6356 1235 1991 6357 1252 2008 6358 1237 1993 6359 1250 2006 6360 1253 2009 6361 1251 2007 6362 1250 2006 6363 1254 2010 6364 1253 2009 6365 1250 2006 6366 1255 2011 6367 1254 2010 6368 1250 2006 6369 1246 2002 6370 1255 2011 6371 1246 2002 6372 1244 2000 6373 1255 2011 6374 1251 2007 6375 1256 2012 6376 1232 1988 6377 1251 2007 6378 1253 2009 6379 1256 2012 6380 1256 2012 6381 1253 2009 6382 1257 2013 6383 1254 2010 6384 1257 2013 6385 1253 2009 6386 1254 2010 6387 1234 1990 6388 1257 2013 6389 1255 2011 6390 1234 1990 6391 1254 2010 6392 1255 2011 6393 1235 1991 6394 1234 1990 6395 1244 2000 6396 1235 1991 6397 1255 2011 6398 1244 2000 6399 1252 2008 6400 1235 1991 6401 1244 2000 6402 1242 1998 6403 1252 2008 6404 1242 1998 6405 1237 1993 6406 1252 2008 6407 1242 1998 6408 1239 1995 6409 1237 1993 6410 1256 2012 6411 1257 2013 6412 1241 1997 6413 1257 2013 6414 1240 1996 6415 1241 1997 6416 1257 2013 6417 1258 2014 6418 1240 1996 6419 1240 1996 6420 1258 2014 6421 1238 1994 6422 1258 2014 6423 1259 2015 6424 1238 1994 6425 1259 2015 6426 1236 1992 6427 1238 1994 6428 1234 1990 6429 1236 1992 6430 1259 2015 6431 1234 1990 6432 1259 2015 6433 1258 2014 6434 1234 1990 6435 1258 2014 6436 1257 2013 6437 1260 2016 6438 1232 1988 6439 1261 2017 6440 1260 2016 6441 1233 1989 6442 1232 1988 6443 1247 2003 6444 1260 2016 6445 1261 2017 6446 1247 2003 6447 1261 2017 6448 1245 2001 6449 1245 2001 6450 1261 2017 6451 1243 1999 6452 1232 1988 6453 1243 1999 6454 1261 2017 6455 1232 1988 6456 1256 2012 6457 1243 1999 6458 1243 1999 6459 1256 2012 6460 1241 1997 6461 1262 2018 6462 1263 2019 6463 1264 2020 6464 1264 2020 6465 1265 2021 6466 1266 2022 6467 1267 2023 6468 1264 2020 6469 1266 2022 6470 1267 2023 6471 1262 2018 6472 1264 2020 6473 1268 2024 6474 1262 2018 6475 1267 2023 6476 1269 2025 6477 1262 2018 6478 1268 2024 6479 1269 2025 6480 1270 2026 6481 1262 2018 6482 1262 2018 6483 1270 2026 6484 1263 2019 6485 1271 2027 6486 1263 2019 6487 1270 2026 6488 1271 2027 6489 1272 2028 6490 1263 2019 6491 1273 2029 6492 1272 2028 6493 1271 2027 6494 1273 2029 6495 1274 2030 6496 1272 2028 6497 1269 2025 6498 1271 2027 6499 1270 2026 6500 1269 2025 6501 1275 2031 6502 1271 2027 6503 1275 2031 6504 1273 2029 6505 1271 2027 6506 1276 2032 6507 1277 2033 6508 1273 2029 6509 1273 2029 6510 1277 2033 6511 1278 2034 6512 1273 2029 6513 1278 2034 6514 1274 2030 6515 1278 2034 6516 1279 2035 6517 1274 2030 6518 1272 2028 6519 1274 2030 6520 1279 2035 6521 1272 2028 6522 1279 2035 6523 1280 2036 6524 1263 2019 6525 1272 2028 6526 1280 2036 6527 1263 2019 6528 1280 2036 6529 1281 2037 6530 1264 2020 6531 1263 2019 6532 1281 2037 6533 1264 2020 6534 1281 2037 6535 1282 2038 6536 1264 2020 6537 1282 2038 6538 1265 2021 6539 1265 2021 6540 1282 2038 6541 1283 2039 6542 1284 2040 6543 1265 2021 6544 1283 2039 6545 1266 2022 6546 1265 2021 6547 1284 2040 6548 1266 2022 6549 1284 2040 6550 1278 2034 6551 1277 2033 6552 1266 2022 6553 1278 2034 6554 1277 2033 6555 1267 2023 6556 1266 2022 6557 1285 2041 6558 1267 2023 6559 1277 2033 6560 1278 2034 6561 1284 2040 6562 1279 2035 6563 1279 2035 6564 1284 2040 6565 1283 2039 6566 1280 2036 6567 1279 2035 6568 1283 2039 6569 1281 2037 6570 1280 2036 6571 1283 2039 6572 1282 2038 6573 1281 2037 6574 1283 2039 6575 1286 2042 6576 1276 2032 6577 1287 2043 6578 1286 2042 6579 1285 2041 6580 1276 2032 6581 1285 2041 6582 1277 2033 6583 1276 2032 6584 1268 2024 6585 1267 2023 6586 1285 2041 6587 1286 2042 6588 1268 2024 6589 1285 2041 6590 1286 2042 6591 1288 2044 6592 1268 2024 6593 1289 2045 6594 1268 2024 6595 1288 2044 6596 1289 2045 6597 1269 2025 6598 1268 2024 6599 1290 2046 6600 1269 2025 6601 1289 2045 6602 1290 2046 6603 1275 2031 6604 1269 2025 6605 1290 2046 6606 1291 2047 6607 1275 2031 6608 1275 2031 6609 1291 2047 6610 1273 2029 6611 1276 2032 6612 1273 2029 6613 1291 2047 6614 1292 2048 6615 1276 2032 6616 1291 2047 6617 1292 2048 6618 1287 2043 6619 1276 2032 6620 1290 2046 6621 1292 2048 6622 1291 2047 6623 1293 2049 6624 1294 2050 6625 1295 2051 6626 1293 2049 6627 1295 2051 6628 1296 2052 6629 1297 2053 6630 1293 2049 6631 1296 2052 6632 1297 2053 6633 1298 2054 6634 1293 2049 6635 1299 2055 6636 1298 2054 6637 1297 2053 6638 1299 2055 6639 1300 2056 6640 1298 2054 6641 1301 2057 6642 1300 2056 6643 1299 2055 6644 1301 2057 6645 1302 2058 6646 1300 2056 6647 1302 2058 6648 1303 2059 6649 1300 2056 6650 1302 2058 6651 1304 2060 6652 1303 2059 6653 1305 2061 6654 1303 2059 6655 1304 2060 6656 1303 2059 6657 1298 2054 6658 1300 2056 6659 1306 2062 6660 1301 2057 6661 1299 2055 6662 1306 2062 6663 1299 2055 6664 1307 2063 6665 1299 2055 6666 1308 2064 6667 1307 2063 6668 1299 2055 6669 1297 2053 6670 1308 2064 6671 1297 2053 6672 1309 2065 6673 1308 2064 6674 1297 2053 6675 1296 2052 6676 1309 2065 6677 1296 2052 6678 1310 2066 6679 1309 2065 6680 1296 2052 6681 1295 2051 6682 1310 2066 6683 1310 2066 6684 1295 2051 6685 1311 2067 6686 1295 2051 6687 1294 2050 6688 1311 2067 6689 1294 2050 6690 1312 2068 6691 1311 2067 6692 1293 2049 6693 1312 2068 6694 1294 2050 6695 1293 2049 6696 1313 2069 6697 1312 2068 6698 1298 2054 6699 1313 2069 6700 1293 2049 6701 1298 2054 6702 1314 2070 6703 1313 2069 6704 1303 2059 6705 1314 2070 6706 1298 2054 6707 1315 2071 6708 1314 2070 6709 1303 2059 6710 1305 2061 6711 1315 2071 6712 1303 2059 6713 1305 2061 6714 1316 2072 6715 1315 2071 6716 1305 2061 6717 1317 2073 6718 1316 2072 6719 1306 2062 6720 1316 2072 6721 1317 2073 6722 1306 2062 6723 1307 2063 6724 1316 2072 6725 1307 2063 6726 1318 2074 6727 1316 2072 6728 1307 2063 6729 1308 2064 6730 1318 2074 6731 1308 2064 6732 1319 2075 6733 1318 2074 6734 1308 2064 6735 1309 2065 6736 1319 2075 6737 1309 2065 6738 1320 2076 6739 1319 2075 6740 1309 2065 6741 1310 2066 6742 1320 2076 6743 1320 2076 6744 1310 2066 6745 1311 2067 6746 1321 2077 6747 1320 2076 6748 1311 2067 6749 1312 2068 6750 1321 2077 6751 1311 2067 6752 1313 2069 6753 1321 2077 6754 1312 2068 6755 1313 2069 6756 1322 2078 6757 1321 2077 6758 1314 2070 6759 1322 2078 6760 1313 2069 6761 1314 2070 6762 1323 2079 6763 1322 2078 6764 1315 2071 6765 1323 2079 6766 1314 2070 6767 1316 2072 6768 1323 2079 6769 1315 2071 6770 1316 2072 6771 1318 2074 6772 1323 2079 6773 1323 2079 6774 1318 2074 6775 1319 2075 6776 1323 2079 6777 1319 2075 6778 1322 2078 6779 1322 2078 6780 1319 2075 6781 1320 2076 6782 1322 2078 6783 1320 2076 6784 1321 2077 6785 1324 2080 6786 1325 2081 6787 1326 2082 6788 1324 2080 6789 1327 2083 6790 1325 2081 6791 1328 2084 6792 1327 2083 6793 1324 2080 6794 1328 2084 6795 1324 2080 6796 1329 2085 6797 1330 2086 6798 1328 2084 6799 1329 2085 6800 1330 2086 6801 1329 2085 6802 1331 2087 6803 1332 2088 6804 1330 2086 6805 1331 2087 6806 1332 2088 6807 1331 2087 6808 1333 2089 6809 1334 2090 6810 1333 2089 6811 1331 2087 6812 1334 2090 6813 1331 2087 6814 1335 2091 6815 1335 2091 6816 1331 2087 6817 1329 2085 6818 1335 2091 6819 1329 2085 6820 1336 2092 6821 1336 2092 6822 1329 2085 6823 1324 2080 6824 1336 2092 6825 1324 2080 6826 1337 2093 6827 1324 2080 6828 1338 2094 6829 1337 2093 6830 1324 2080 6831 1326 2082 6832 1338 2094 6833 1338 2094 6834 1326 2082 6835 1339 2095 6836 1326 2082 6837 1325 2081 6838 1339 2095 6839 1325 2081 6840 1340 2096 6841 1339 2095 6842 1332 2088 6843 1341 2097 6844 1330 2086 6845 1332 2088 6846 1342 2098 6847 1341 2097 6848 1343 2099 6849 1341 2097 6850 1342 2098 6851 1327 2083 6852 1340 2096 6853 1325 2081 6854 1327 2083 6855 1344 2100 6856 1340 2096 6857 1345 2101 6858 1344 2100 6859 1327 2083 6860 1345 2101 6861 1346 2102 6862 1344 2100 6863 1345 2101 6864 1347 2103 6865 1346 2102 6866 1347 2103 6867 1348 2104 6868 1346 2102 6869 1347 2103 6870 1349 2105 6871 1348 2104 6872 1349 2105 6873 1337 2093 6874 1348 2104 6875 1349 2105 6876 1336 2092 6877 1337 2093 6878 1335 2091 6879 1336 2092 6880 1349 2105 6881 1335 2091 6882 1349 2105 6883 1350 2106 6884 1334 2090 6885 1335 2091 6886 1350 2106 6887 1334 2090 6888 1350 2106 6889 1351 2107 6890 1343 2099 6891 1351 2107 6892 1350 2106 6893 1343 2099 6894 1350 2106 6895 1352 2108 6896 1343 2099 6897 1352 2108 6898 1341 2097 6899 1341 2097 6900 1352 2108 6901 1347 2103 6902 1341 2097 6903 1347 2103 6904 1345 2101 6905 1330 2086 6906 1341 2097 6907 1345 2101 6908 1330 2086 6909 1345 2101 6910 1328 2084 6911 1345 2101 6912 1327 2083 6913 1328 2084 6914 1350 2106 6915 1347 2103 6916 1352 2108 6917 1350 2106 6918 1349 2105 6919 1347 2103 6920 1348 2104 6921 1353 2109 6922 1346 2102 6923 1344 2100 6924 1346 2102 6925 1353 2109 6926 1344 2100 6927 1353 2109 6928 1340 2096 6929 1340 2096 6930 1353 2109 6931 1339 2095 6932 1353 2109 6933 1354 2110 6934 1339 2095 6935 1354 2110 6936 1338 2094 6937 1339 2095 6938 1337 2093 6939 1338 2094 6940 1354 2110 6941 1337 2093 6942 1354 2110 6943 1348 2104 6944 1348 2104 6945 1354 2110 6946 1353 2109 6947 1355 2111 6948 1356 2112 6949 1357 2113 6950 1358 2114 6951 1359 2115 6952 1360 2116 6953 1358 2114 6954 1360 2116 6955 1361 2117 6956 1361 2117 6957 1360 2116 6958 1355 2111 6959 1361 2117 6960 1355 2111 6961 1362 2118 6962 1362 2118 6963 1355 2111 6964 1357 2113 6965 1362 2118 6966 1357 2113 6967 1363 2119 6968 1357 2113 6969 1364 2120 6970 1363 2119 6971 1365 2121 6972 1363 2119 6973 1364 2120 6974 1365 2121 6975 1364 2120 6976 1366 2122 6977 1367 2123 6978 1365 2121 6979 1366 2122 6980 1367 2123 6981 1366 2122 6982 1368 2124 6983 1369 2125 6984 1367 2123 6985 1368 2124 6986 1369 2125 6987 1368 2124 6988 1370 2126 6989 1356 2112 6990 1369 2125 6991 1370 2126 6992 1356 2112 6993 1370 2126 6994 1371 2127 6995 1357 2113 6996 1356 2112 6997 1371 2127 6998 1357 2113 6999 1371 2127 7000 1372 2128 7001 1372 2128 7002 1371 2127 7003 1373 2129 7004 1362 2118 7005 1363 2119 7006 1365 2121 7007 1371 2127 7008 1370 2126 7009 1373 2129 7010 1370 2126 7011 1368 2124 7012 1373 2129 7013 1368 2124 7014 1366 2122 7015 1373 2129 7016 1366 2122 7017 1364 2120 7018 1373 2129 7019 1364 2120 7020 1372 2128 7021 1373 2129 7022 1357 2113 7023 1372 2128 7024 1364 2120 7025 1374 2130 7026 1358 2114 7027 1361 2117 7028 1374 2130 7029 1361 2117 7030 1375 2131 7031 1375 2131 7032 1361 2117 7033 1362 2118 7034 1375 2131 7035 1362 2118 7036 1376 2132 7037 1362 2118 7038 1365 2121 7039 1376 2132 7040 1377 2133 7041 1376 2132 7042 1365 2121 7043 1377 2133 7044 1365 2121 7045 1367 2123 7046 1378 2134 7047 1377 2133 7048 1367 2123 7049 1378 2134 7050 1367 2123 7051 1369 2125 7052 1378 2134 7053 1369 2125 7054 1356 2112 7055 1378 2134 7056 1356 2112 7057 1379 2135 7058 1355 2111 7059 1379 2135 7060 1356 2112 7061 1380 2136 7062 1379 2135 7063 1355 2111 7064 1380 2136 7065 1355 2111 7066 1360 2116 7067 1359 2115 7068 1380 2136 7069 1360 2116 7070 1359 2115 7071 1381 2137 7072 1380 2136 7073 1381 2137 7074 1382 2138 7075 1380 2136 7076 1381 2137 7077 1383 2139 7078 1382 2138 7079 1382 2138 7080 1379 2135 7081 1380 2136 7082 1382 2138 7083 1378 2134 7084 1379 2135 7085 1382 2138 7086 1377 2133 7087 1378 2134 7088 1382 2138 7089 1384 2140 7090 1377 2133 7091 1385 2141 7092 1382 2138 7093 1383 2139 7094 1385 2141 7095 1384 2140 7096 1382 2138 7097 1385 2141 7098 1375 2131 7099 1384 2140 7100 1375 2131 7101 1377 2133 7102 1384 2140 7103 1375 2131 7104 1376 2132 7105 1377 2133 7106 1385 2141 7107 1374 2130 7108 1375 2131 7109 1386 2142 7110 1387 2143 7111 1388 2144 7112 1386 2142 7113 1389 2145 7114 1387 2143 7115 1389 2145 7116 1390 2146 7117 1387 2143 7118 1389 2145 7119 1391 2147 7120 1390 2146 7121 1392 2148 7122 1391 2147 7123 1389 2145 7124 1393 2149 7125 1392 2148 7126 1389 2145 7127 1393 2149 7128 1394 2150 7129 1392 2148 7130 1393 2149 7131 1395 2151 7132 1394 2150 7133 1393 2149 7134 1389 2145 7135 1386 2142 7136 1396 2152 7137 1395 2151 7138 1393 2149 7139 1396 2152 7140 1393 2149 7141 1397 2153 7142 1397 2153 7143 1393 2149 7144 1386 2142 7145 1397 2153 7146 1386 2142 7147 1398 2154 7148 1398 2154 7149 1386 2142 7150 1388 2144 7151 1398 2154 7152 1388 2144 7153 1399 2155 7154 1400 2156 7155 1399 2155 7156 1388 2144 7157 1400 2156 7158 1388 2144 7159 1401 2157 7160 1401 2157 7161 1388 2144 7162 1387 2143 7163 1401 2157 7164 1387 2143 7165 1402 2158 7166 1387 2143 7167 1403 2159 7168 1402 2158 7169 1387 2143 7170 1390 2146 7171 1403 2159 7172 1403 2159 7173 1390 2146 7174 1404 2160 7175 1391 2147 7176 1404 2160 7177 1390 2146 7178 1391 2147 7179 1405 2161 7180 1404 2160 7181 1391 2147 7182 1406 2162 7183 1405 2161 7184 1405 2161 7185 1406 2162 7186 1407 2163 7187 1406 2162 7188 1408 2164 7189 1407 2163 7190 1403 2159 7191 1404 2160 7192 1409 2165 7193 1409 2165 7194 1404 2160 7195 1407 2163 7196 1404 2160 7197 1405 2161 7198 1407 2163 7199 1396 2152 7200 1410 2166 7201 1411 2167 7202 1396 2152 7203 1411 2167 7204 1395 2151 7205 1395 2151 7206 1411 2167 7207 1412 2168 7208 1395 2151 7209 1412 2168 7210 1394 2150 7211 1412 2168 7212 1413 2169 7213 1394 2150 7214 1392 2148 7215 1394 2150 7216 1413 2169 7217 1392 2148 7218 1413 2169 7219 1414 2170 7220 1392 2148 7221 1414 2170 7222 1391 2147 7223 1391 2147 7224 1414 2170 7225 1406 2162 7226 1414 2170 7227 1408 2164 7228 1406 2162 7229 1414 2170 7230 1413 2169 7231 1408 2164 7232 1415 2171 7233 1408 2164 7234 1413 2169 7235 1412 2168 7236 1415 2171 7237 1413 2169 7238 1408 2164 7239 1416 2172 7240 1407 2163 7241 1415 2171 7242 1416 2172 7243 1408 2164 7244 1415 2171 7245 1409 2165 7246 1416 2172 7247 1415 2171 7248 1403 2159 7249 1409 2165 7250 1412 2168 7251 1403 2159 7252 1415 2171 7253 1412 2168 7254 1402 2158 7255 1403 2159 7256 1411 2167 7257 1402 2158 7258 1412 2168 7259 1411 2167 7260 1401 2157 7261 1402 2158 7262 1410 2166 7263 1401 2157 7264 1411 2167 7265 1410 2166 7266 1400 2156 7267 1401 2157 7268 1416 2172 7269 1409 2165 7270 1407 2163 7271 1417 2173 7272 1418 2174 7273 1419 2175 7274 1420 2176 7275 1421 2177 7276 1422 2178 7277 1421 2177 7278 1423 2179 7279 1422 2178 7280 1423 2179 7281 1424 2180 7282 1422 2178 7283 1425 2181 7284 1424 2180 7285 1423 2179 7286 1425 2181 7287 1423 2179 7288 1426 2182 7289 1427 2183 7290 1425 2181 7291 1426 2182 7292 1427 2183 7293 1426 2182 7294 1428 2184 7295 1427 2183 7296 1428 2184 7297 1429 2185 7298 1430 2186 7299 1429 2185 7300 1428 2184 7301 1431 2187 7302 1429 2185 7303 1430 2186 7304 1432 2188 7305 1431 2187 7306 1430 2186 7307 1433 2189 7308 1431 2187 7309 1432 2188 7310 1433 2189 7311 1432 2188 7312 1434 2190 7313 1417 2173 7314 1434 2190 7315 1432 2188 7316 1417 2173 7317 1432 2188 7318 1435 2191 7319 1417 2173 7320 1435 2191 7321 1418 2174 7322 1435 2191 7323 1436 2192 7324 1418 2174 7325 1435 2191 7326 1437 2193 7327 1436 2192 7328 1438 2194 7329 1429 2185 7330 1439 2195 7331 1438 2194 7332 1427 2183 7333 1429 2185 7334 1431 2187 7335 1439 2195 7336 1429 2185 7337 1433 2189 7338 1439 2195 7339 1431 2187 7340 1433 2189 7341 1440 2196 7342 1439 2195 7343 1441 2197 7344 1439 2195 7345 1440 2196 7346 1441 2197 7347 1438 2194 7348 1439 2195 7349 1441 2197 7350 1418 2174 7351 1438 2194 7352 1418 2174 7353 1427 2183 7354 1438 2194 7355 1418 2174 7356 1436 2192 7357 1427 2183 7358 1427 2183 7359 1436 2192 7360 1425 2181 7361 1441 2197 7362 1419 2175 7363 1418 2174 7364 1442 2198 7365 1443 2199 7366 1444 2200 7367 1442 2198 7368 1445 2201 7369 1443 2199 7370 1446 2202 7371 1445 2201 7372 1442 2198 7373 1430 2186 7374 1445 2201 7375 1446 2202 7376 1432 2188 7377 1430 2186 7378 1446 2202 7379 1432 2188 7380 1446 2202 7381 1437 2193 7382 1432 2188 7383 1437 2193 7384 1435 2191 7385 1446 2202 7386 1442 2198 7387 1437 2193 7388 1437 2193 7389 1425 2181 7390 1436 2192 7391 1437 2193 7392 1442 2198 7393 1425 2181 7394 1442 2198 7395 1424 2180 7396 1425 2181 7397 1442 2198 7398 1444 2200 7399 1424 2180 7400 1424 2180 7401 1444 2200 7402 1422 2178 7403 1444 2200 7404 1443 2199 7405 1422 2178 7406 1443 2199 7407 1420 2176 7408 1422 2178 7409 1445 2201 7410 1420 2176 7411 1443 2199 7412 1445 2201 7413 1447 2203 7414 1420 2176 7415 1430 2186 7416 1447 2203 7417 1445 2201 7418 1430 2186 7419 1428 2184 7420 1447 2203 7421 1447 2203 7422 1428 2184 7423 1421 2177 7424 1428 2184 7425 1423 2179 7426 1421 2177 7427 1428 2184 7428 1426 2182 7429 1423 2179 7430 1447 2203 7431 1421 2177 7432 1420 2176 7433 1448 2204 7434 1449 2205 7435 1450 2206 7436 1451 2207 7437 1450 2206 7438 1452 2208 7439 1453 2209 7440 1450 2206 7441 1451 2207 7442 1453 2209 7443 1448 2204 7444 1450 2206 7445 1454 2210 7446 1448 2204 7447 1453 2209 7448 1454 2210 7449 1455 2211 7450 1448 2204 7451 1456 2212 7452 1457 2213 7453 1452 2208 7454 1457 2213 7455 1458 2214 7456 1452 2208 7457 1458 2214 7458 1451 2207 7459 1452 2208 7460 1459 2215 7461 1451 2207 7462 1458 2214 7463 1459 2215 7464 1453 2209 7465 1451 2207 7466 1460 2216 7467 1453 2209 7468 1459 2215 7469 1460 2216 7470 1454 2210 7471 1453 2209 7472 1461 2217 7473 1454 2210 7474 1460 2216 7475 1461 2217 7476 1455 2211 7477 1454 2210 7478 1461 2217 7479 1462 2218 7480 1455 2211 7481 1463 2219 7482 1455 2211 7483 1462 2218 7484 1463 2219 7485 1464 2220 7486 1455 2211 7487 1464 2220 7488 1448 2204 7489 1455 2211 7490 1464 2220 7491 1465 2221 7492 1448 2204 7493 1448 2204 7494 1465 2221 7495 1449 2205 7496 1465 2221 7497 1456 2212 7498 1449 2205 7499 1449 2205 7500 1456 2212 7501 1452 2208 7502 1450 2206 7503 1449 2205 7504 1452 2208 7505 1464 2220 7506 1466 2222 7507 1465 2221 7508 1465 2221 7509 1466 2222 7510 1456 2212 7511 1459 2215 7512 1458 2214 7513 1457 2213 7514 1459 2215 7515 1457 2213 7516 1467 2223 7517 1468 2224 7518 1459 2215 7519 1467 2223 7520 1468 2224 7521 1460 2216 7522 1459 2215 7523 1464 2220 7524 1469 2225 7525 1466 2222 7526 1470 2226 7527 1469 2225 7528 1464 2220 7529 1470 2226 7530 1464 2220 7531 1463 2219 7532 1471 2227 7533 1470 2226 7534 1463 2219 7535 1471 2227 7536 1463 2219 7537 1462 2218 7538 1471 2227 7539 1462 2218 7540 1472 2228 7541 1473 2229 7542 1472 2228 7543 1462 2218 7544 1473 2229 7545 1462 2218 7546 1461 2217 7547 1473 2229 7548 1461 2217 7549 1474 2230 7550 1461 2217 7551 1460 2216 7552 1474 2230 7553 1475 2231 7554 1474 2230 7555 1460 2216 7556 1475 2231 7557 1460 2216 7558 1468 2224 7559 1470 2226 7560 1475 2231 7561 1468 2224 7562 1470 2226 7563 1468 2224 7564 1469 2225 7565 1468 2224 7566 1466 2222 7567 1469 2225 7568 1468 2224 7569 1467 2223 7570 1466 2222 7571 1467 2223 7572 1456 2212 7573 1466 2222 7574 1467 2223 7575 1457 2213 7576 1456 2212 7577 1471 2227 7578 1476 2232 7579 1470 2226 7580 1476 2232 7581 1475 2231 7582 1470 2226 7583 1476 2232 7584 1477 2233 7585 1475 2231 7586 1477 2233 7587 1474 2230 7588 1475 2231 7589 1477 2233 7590 1478 2234 7591 1474 2230 7592 1473 2229 7593 1474 2230 7594 1478 2234 7595 1479 2235 7596 1480 2236 7597 1481 2237 7598 1479 2235 7599 1482 2238 7600 1480 2236 7601 1483 2239 7602 1482 2238 7603 1479 2235 7604 1484 2240 7605 1483 2239 7606 1479 2235 7607 1485 2241 7608 1484 2240 7609 1479 2235 7610 1485 2241 7611 1479 2235 7612 1481 2237 7613 1485 2241 7614 1481 2237 7615 1486 2242 7616 1481 2237 7617 1487 2243 7618 1486 2242 7619 1481 2237 7620 1480 2236 7621 1487 2243 7622 1487 2243 7623 1480 2236 7624 1488 2244 7625 1482 2238 7626 1488 2244 7627 1480 2236 7628 1482 2238 7629 1489 2245 7630 1488 2244 7631 1482 2238 7632 1490 2246 7633 1489 2245 7634 1489 2245 7635 1490 2246 7636 1491 2247 7637 1488 2244 7638 1489 2245 7639 1491 2247 7640 1492 2248 7641 1488 2244 7642 1491 2247 7643 1487 2243 7644 1488 2244 7645 1492 2248 7646 1485 2241 7647 1486 2242 7648 1493 2249 7649 1494 2250 7650 1493 2249 7651 1495 2251 7652 1494 2250 7653 1485 2241 7654 1493 2249 7655 1494 2250 7656 1484 2240 7657 1485 2241 7658 1494 2250 7659 1496 2252 7660 1484 2240 7661 1497 2253 7662 1484 2240 7663 1496 2252 7664 1497 2253 7665 1498 2254 7666 1484 2240 7667 1497 2253 7668 1499 2255 7669 1498 2254 7670 1498 2254 7671 1499 2255 7672 1500 2256 7673 1499 2255 7674 1501 2257 7675 1500 2256 7676 1500 2256 7677 1501 2257 7678 1502 2258 7679 1501 2257 7680 1487 2243 7681 1502 2258 7682 1502 2258 7683 1487 2243 7684 1492 2248 7685 1502 2258 7686 1492 2248 7687 1503 2259 7688 1503 2259 7689 1492 2248 7690 1491 2247 7691 1504 2260 7692 1503 2259 7693 1491 2247 7694 1490 2246 7695 1504 2260 7696 1491 2247 7697 1505 2261 7698 1504 2260 7699 1490 2246 7700 1482 2238 7701 1505 2261 7702 1490 2246 7703 1483 2239 7704 1505 2261 7705 1482 2238 7706 1502 2258 7707 1503 2259 7708 1504 2260 7709 1502 2258 7710 1504 2260 7711 1506 2262 7712 1500 2256 7713 1502 2258 7714 1506 2262 7715 1483 2239 7716 1500 2256 7717 1506 2262 7718 1498 2254 7719 1500 2256 7720 1483 2239 7721 1484 2240 7722 1498 2254 7723 1483 2239 7724 1483 2239 7725 1506 2262 7726 1505 2261 7727 1505 2261 7728 1506 2262 7729 1504 2260 7730 1501 2257 7731 1486 2242 7732 1487 2243 7733 1507 2263 7734 1486 2242 7735 1501 2257 7736 1499 2255 7737 1507 2263 7738 1501 2257 7739 1508 2264 7740 1507 2263 7741 1499 2255 7742 1497 2253 7743 1508 2264 7744 1499 2255 7745 1507 2263 7746 1493 2249 7747 1486 2242 7748 1509 2265 7749 1493 2249 7750 1507 2263 7751 1508 2264 7752 1509 2265 7753 1507 2263 7754 1509 2265 7755 1495 2251 7756 1493 2249 7757 1510 2266 7758 1511 2267 7759 1512 2268 7760 1512 2268 7761 1511 2267 7762 1513 2269 7763 1514 2270 7764 1510 2266 7765 1515 2271 7766 1514 2270 7767 1516 2272 7768 1510 2266 7769 1510 2266 7770 1516 2272 7771 1511 2267 7772 1516 2272 7773 1517 2273 7774 1511 2267 7775 1517 2273 7776 1513 2269 7777 1511 2267 7778 1517 2273 7779 1518 2274 7780 1513 2269 7781 1519 2275 7782 1520 2276 7783 1516 2272 7784 1516 2272 7785 1520 2276 7786 1517 2273 7787 1520 2276 7788 1521 2277 7789 1517 2273 7790 1521 2277 7791 1518 2274 7792 1517 2273 7793 1521 2277 7794 1522 2278 7795 1518 2274 7796 1518 2274 7797 1522 2278 7798 1523 2279 7799 1513 2269 7800 1518 2274 7801 1523 2279 7802 1524 2280 7803 1513 2269 7804 1523 2279 7805 1512 2268 7806 1513 2269 7807 1524 2280 7808 1525 2281 7809 1512 2268 7810 1524 2280 7811 1510 2266 7812 1512 2268 7813 1525 2281 7814 1510 2266 7815 1525 2281 7816 1526 2282 7817 1515 2271 7818 1510 2266 7819 1526 2282 7820 1515 2271 7821 1526 2282 7822 1527 2283 7823 1528 2284 7824 1524 2280 7825 1523 2279 7826 1525 2281 7827 1524 2280 7828 1528 2284 7829 1520 2276 7830 1529 2285 7831 1521 2277 7832 1530 2286 7833 1529 2285 7834 1520 2276 7835 1530 2286 7836 1520 2276 7837 1519 2275 7838 1531 2287 7839 1530 2286 7840 1519 2275 7841 1532 2288 7842 1531 2287 7843 1519 2275 7844 1531 2287 7845 1533 2289 7846 1530 2286 7847 1526 2282 7848 1525 2281 7849 1534 2290 7850 1534 2290 7851 1525 2281 7852 1528 2284 7853 1534 2290 7854 1528 2284 7855 1535 2291 7856 1535 2291 7857 1528 2284 7858 1523 2279 7859 1522 2278 7860 1535 2291 7861 1523 2279 7862 1521 2277 7863 1535 2291 7864 1522 2278 7865 1521 2277 7866 1534 2290 7867 1535 2291 7868 1536 2292 7869 1534 2290 7870 1521 2277 7871 1526 2282 7872 1534 2290 7873 1536 2292 7874 1537 2293 7875 1526 2282 7876 1536 2292 7877 1537 2293 7878 1527 2283 7879 1526 2282 7880 1538 2294 7881 1527 2283 7882 1537 2293 7883 1538 2294 7884 1515 2271 7885 1527 2283 7886 1538 2294 7887 1539 2295 7888 1515 2271 7889 1532 2288 7890 1515 2271 7891 1539 2295 7892 1532 2288 7893 1514 2270 7894 1515 2271 7895 1532 2288 7896 1519 2275 7897 1514 2270 7898 1519 2275 7899 1516 2272 7900 1514 2270 7901 1536 2292 7902 1521 2277 7903 1529 2285 7904 1530 2286 7905 1536 2292 7906 1529 2285 7907 1530 2286 7908 1537 2293 7909 1536 2292 7910 1533 2289 7911 1537 2293 7912 1530 2286 7913 1533 2289 7914 1540 2296 7915 1537 2293 7916 1538 2294 7917 1537 2293 7918 1540 2296 7919 1541 2297 7920 1542 2298 7921 1543 2299 7922 1541 2297 7923 1544 2300 7924 1542 2298 7925 1545 2301 7926 1542 2298 7927 1544 2300 7928 1545 2301 7929 1546 2302 7930 1542 2298 7931 1545 2301 7932 1547 2303 7933 1546 2302 7934 1546 2302 7935 1547 2303 7936 1548 2304 7937 1545 2301 7938 1549 2305 7939 1547 2303 7940 1550 2306 7941 1548 2304 7942 1551 2307 7943 1546 2302 7944 1548 2304 7945 1550 2306 7946 1546 2302 7947 1550 2306 7948 1552 2308 7949 1546 2302 7950 1552 2308 7951 1542 2298 7952 1542 2298 7953 1552 2308 7954 1553 2309 7955 1542 2298 7956 1553 2309 7957 1543 2299 7958 1554 2310 7959 1543 2299 7960 1553 2309 7961 1541 2297 7962 1543 2299 7963 1554 2310 7964 1541 2297 7965 1554 2310 7966 1555 2311 7967 1556 2312 7968 1555 2311 7969 1554 2310 7970 1556 2312 7971 1554 2310 7972 1557 2313 7973 1549 2305 7974 1556 2312 7975 1557 2313 7976 1549 2305 7977 1557 2313 7978 1547 2303 7979 1547 2303 7980 1557 2313 7981 1558 2314 7982 1547 2303 7983 1558 2314 7984 1548 2304 7985 1558 2314 7986 1551 2307 7987 1548 2304 7988 1558 2314 7989 1559 2315 7990 1551 2307 7991 1551 2307 7992 1559 2315 7993 1560 2316 7994 1554 2310 7995 1558 2314 7996 1557 2313 7997 1554 2310 7998 1561 2317 7999 1558 2314 8000 1554 2310 8001 1553 2309 8002 1561 2317 8003 1560 2316 8004 1562 2318 8005 1563 2319 8006 1564 2320 8007 1560 2316 8008 1563 2319 8009 1551 2307 8010 1560 2316 8011 1564 2320 8012 1565 2321 8013 1560 2316 8014 1559 2315 8015 1565 2321 8016 1562 2318 8017 1560 2316 8018 1565 2321 8019 1566 2322 8020 1562 2318 8021 1562 2318 8022 1566 2322 8023 1563 2319 8024 1566 2322 8025 1567 2323 8026 1563 2319 8027 1567 2323 8028 1568 2324 8029 1563 2319 8030 1569 2325 8031 1568 2324 8032 1567 2323 8033 1551 2307 8034 1568 2324 8035 1569 2325 8036 1550 2306 8037 1551 2307 8038 1569 2325 8039 1552 2308 8040 1550 2306 8041 1569 2325 8042 1552 2308 8043 1569 2325 8044 1570 2326 8045 1553 2309 8046 1552 2308 8047 1570 2326 8048 1553 2309 8049 1570 2326 8050 1571 2327 8051 1561 2317 8052 1553 2309 8053 1571 2327 8054 1561 2317 8055 1571 2327 8056 1565 2321 8057 1558 2314 8058 1561 2317 8059 1565 2321 8060 1558 2314 8061 1565 2321 8062 1559 2315 8063 1569 2325 8064 1567 2323 8065 1570 2326 8066 1571 2327 8067 1570 2326 8068 1567 2323 8069 1571 2327 8070 1567 2323 8071 1566 2322 8072 1565 2321 8073 1571 2327 8074 1566 2322 8075 1551 2307 8076 1564 2320 8077 1568 2324 8078 1568 2324 8079 1564 2320 8080 1563 2319 8081 1572 2328 8082 1573 2329 8083 1574 2330 8084 1572 2328 8085 1575 2331 8086 1573 2329 8087 1572 2328 8088 1576 2332 8089 1575 2331 8090 1572 2328 8091 1577 2333 8092 1576 2332 8093 1577 2333 8094 1578 2334 8095 1576 2332 8096 1577 2333 8097 1579 2335 8098 1578 2334 8099 1580 2336 8100 1578 2334 8101 1579 2335 8102 1580 2336 8103 1581 2337 8104 1578 2334 8105 1580 2336 8106 1582 2338 8107 1581 2337 8108 1582 2338 8109 1583 2339 8110 1581 2337 8111 1582 2338 8112 1584 2340 8113 1583 2339 8114 1584 2340 8115 1585 2341 8116 1583 2339 8117 1584 2340 8118 1586 2342 8119 1585 2341 8120 1585 2341 8121 1586 2342 8122 1587 2343 8123 1586 2342 8124 1588 2344 8125 1587 2343 8126 1587 2343 8127 1588 2344 8128 1589 2345 8129 1590 2346 8130 1587 2343 8131 1589 2345 8132 1591 2347 8133 1590 2346 8134 1589 2345 8135 1592 2348 8136 1590 2346 8137 1591 2347 8138 1576 2332 8139 1593 2349 8140 1594 2350 8141 1576 2332 8142 1578 2334 8143 1593 2349 8144 1581 2337 8145 1593 2349 8146 1578 2334 8147 1581 2337 8148 1583 2339 8149 1593 2349 8150 1593 2349 8151 1583 2339 8152 1585 2341 8153 1593 2349 8154 1585 2341 8155 1592 2348 8156 1592 2348 8157 1585 2341 8158 1590 2346 8159 1585 2341 8160 1587 2343 8161 1590 2346 8162 1594 2350 8163 1593 2349 8164 1592 2348 8165 1586 2342 8166 1595 2351 8167 1588 2344 8168 1596 2352 8169 1595 2351 8170 1586 2342 8171 1596 2352 8172 1586 2342 8173 1584 2340 8174 1582 2338 8175 1596 2352 8176 1584 2340 8177 1582 2338 8178 1573 2329 8179 1596 2352 8180 1597 2353 8181 1573 2329 8182 1582 2338 8183 1580 2336 8184 1597 2353 8185 1582 2338 8186 1597 2353 8187 1574 2330 8188 1573 2329 8189 1598 2354 8190 1592 2348 8191 1591 2347 8192 1594 2350 8193 1592 2348 8194 1598 2354 8195 1599 2355 8196 1594 2350 8197 1598 2354 8198 1576 2332 8199 1594 2350 8200 1599 2355 8201 1576 2332 8202 1599 2355 8203 1575 2331 8204 1575 2331 8205 1599 2355 8206 1596 2352 8207 1575 2331 8208 1596 2352 8209 1573 2329 8210 1599 2355 8211 1598 2354 8212 1600 2356 8213 1596 2352 8214 1599 2355 8215 1600 2356 8216 1596 2352 8217 1600 2356 8218 1595 2351 8219 1600 2356 8220 1588 2344 8221 1595 2351 8222 1600 2356 8223 1601 2357 8224 1588 2344 8225 1588 2344 8226 1601 2357 8227 1589 2345 8228 1601 2357 8229 1602 2358 8230 1589 2345 8231 1602 2358 8232 1591 2347 8233 1589 2345 8234 1598 2354 8235 1591 2347 8236 1602 2358 8237 1598 2354 8238 1602 2358 8239 1601 2357 8240 1598 2354 8241 1601 2357 8242 1600 2356 8243 1603 2359 8244 1604 2360 8245 1605 2361 8246 1606 2362 8247 1607 2363 8248 1608 2364 8249 1609 2365 8250 1607 2363 8251 1606 2362 8252 1609 2365 8253 1606 2362 8254 1604 2360 8255 1609 2365 8256 1604 2360 8257 1610 2366 8258 1603 2359 8259 1610 2366 8260 1604 2360 8261 1611 2367 8262 1610 2366 8263 1603 2359 8264 1611 2367 8265 1603 2359 8266 1612 2368 8267 1612 2368 8268 1603 2359 8269 1613 2369 8270 1612 2368 8271 1613 2369 8272 1614 2370 8273 1614 2370 8274 1613 2369 8275 1615 2371 8276 1614 2370 8277 1615 2371 8278 1616 2372 8279 1616 2372 8280 1615 2371 8281 1617 2373 8282 1616 2372 8283 1617 2373 8284 1618 2374 8285 1609 2365 8286 1617 2373 8287 1607 2363 8288 1615 2371 8289 1607 2363 8290 1617 2373 8291 1611 2367 8292 1609 2365 8293 1610 2366 8294 1611 2367 8295 1619 2375 8296 1609 2365 8297 1619 2375 8298 1617 2373 8299 1609 2365 8300 1619 2375 8301 1618 2374 8302 1617 2373 8303 1608 2364 8304 1620 2376 8305 1621 2377 8306 1608 2364 8307 1621 2377 8308 1622 2378 8309 1606 2362 8310 1608 2364 8311 1622 2378 8312 1606 2362 8313 1622 2378 8314 1623 2379 8315 1606 2362 8316 1623 2379 8317 1604 2360 8318 1604 2360 8319 1623 2379 8320 1624 2380 8321 1604 2360 8322 1624 2380 8323 1605 2361 8324 1625 2381 8325 1605 2361 8326 1624 2380 8327 1603 2359 8328 1605 2361 8329 1625 2381 8330 1603 2359 8331 1625 2381 8332 1613 2369 8333 1615 2371 8334 1613 2369 8335 1625 2381 8336 1615 2371 8337 1625 2381 8338 1626 2382 8339 1615 2371 8340 1626 2382 8341 1607 2363 8342 1607 2363 8343 1626 2382 8344 1627 2383 8345 1607 2363 8346 1627 2383 8347 1608 2364 8348 1627 2383 8349 1620 2376 8350 1608 2364 8351 1627 2383 8352 1628 2384 8353 1620 2376 8354 1620 2376 8355 1628 2384 8356 1629 2385 8357 1628 2384 8358 1630 2386 8359 1629 2385 8360 1630 2386 8361 1631 2387 8362 1629 2385 8363 1632 2388 8364 1631 2387 8365 1630 2386 8366 1632 2388 8367 1624 2380 8368 1631 2387 8369 1625 2381 8370 1624 2380 8371 1632 2388 8372 1625 2381 8373 1632 2388 8374 1627 2383 8375 1625 2381 8376 1627 2383 8377 1626 2382 8378 1627 2383 8379 1630 2386 8380 1628 2384 8381 1627 2383 8382 1632 2388 8383 1630 2386 8384 1621 2377 8385 1620 2376 8386 1629 2385 8387 1633 2389 8388 1621 2377 8389 1629 2385 8390 1631 2387 8391 1633 2389 8392 1629 2385 8393 1624 2380 8394 1633 2389 8395 1631 2387 8396 1624 2380 8397 1623 2379 8398 1633 2389 8399 1623 2379 8400 1621 2377 8401 1633 2389 8402 1623 2379 8403 1622 2378 8404 1621 2377 8405 1634 2390 8406 1635 2391 8407 1636 2392 8408 1634 2390 8409 1637 2393 8410 1635 2391 8411 1638 2394 8412 1637 2393 8413 1634 2390 8414 1638 2394 8415 1639 2395 8416 1637 2393 8417 1638 2394 8418 1640 2396 8419 1639 2395 8420 1639 2395 8421 1640 2396 8422 1641 2397 8423 1642 2398 8424 1641 2397 8425 1640 2396 8426 1643 2399 8427 1642 2398 8428 1640 2396 8429 1643 2399 8430 1640 2396 8431 1644 2400 8432 1645 2401 8433 1643 2399 8434 1644 2400 8435 1638 2394 8436 1644 2400 8437 1640 2396 8438 1637 2393 8439 1639 2395 8440 1646 2402 8441 1639 2395 8442 1641 2397 8443 1646 2402 8444 1647 2403 8445 1644 2400 8446 1638 2394 8447 1645 2401 8448 1644 2400 8449 1647 2403 8450 1648 2404 8451 1645 2401 8452 1647 2403 8453 1648 2404 8454 1649 2405 8455 1645 2401 8456 1650 2406 8457 1645 2401 8458 1649 2405 8459 1650 2406 8460 1651 2407 8461 1645 2401 8462 1651 2407 8463 1643 2399 8464 1645 2401 8465 1651 2407 8466 1652 2408 8467 1643 2399 8468 1643 2399 8469 1652 2408 8470 1653 2409 8471 1643 2399 8472 1653 2409 8473 1642 2398 8474 1653 2409 8475 1654 2410 8476 1642 2398 8477 1642 2398 8478 1654 2410 8479 1641 2397 8480 1641 2397 8481 1654 2410 8482 1655 2411 8483 1646 2402 8484 1641 2397 8485 1655 2411 8486 1656 2412 8487 1646 2402 8488 1655 2411 8489 1637 2393 8490 1646 2402 8491 1656 2412 8492 1637 2393 8493 1656 2412 8494 1657 2413 8495 1637 2393 8496 1657 2413 8497 1635 2391 8498 1658 2414 8499 1657 2413 8500 1655 2411 8501 1657 2413 8502 1656 2412 8503 1655 2411 8504 1659 2415 8505 1648 2404 8506 1647 2403 8507 1653 2409 8508 1658 2414 8509 1654 2410 8510 1654 2410 8511 1658 2414 8512 1655 2411 8513 1635 2391 8514 1657 2413 8515 1658 2414 8516 1635 2391 8517 1658 2414 8518 1653 2409 8519 1652 2408 8520 1635 2391 8521 1653 2409 8522 1652 2408 8523 1636 2392 8524 1635 2391 8525 1651 2407 8526 1636 2392 8527 1652 2408 8528 1651 2407 8529 1660 2416 8530 1636 2392 8531 1650 2406 8532 1660 2416 8533 1651 2407 8534 1650 2406 8535 1661 2417 8536 1660 2416 8537 1661 2417 8538 1662 2418 8539 1660 2416 8540 1661 2417 8541 1663 2419 8542 1662 2418 8543 1659 2415 8544 1662 2418 8545 1663 2419 8546 1659 2415 8547 1664 2420 8548 1662 2418 8549 1659 2415 8550 1647 2403 8551 1664 2420 8552 1647 2403 8553 1638 2394 8554 1664 2420 8555 1662 2418 8556 1664 2420 8557 1638 2394 8558 1662 2418 8559 1638 2394 8560 1634 2390 8561 1660 2416 8562 1662 2418 8563 1634 2390 8564 1660 2416 8565 1634 2390 8566 1636 2392 8567</p>
        </triangles>
      </mesh>
    </geometry>
  </library_geometries>
  <library_controllers>
    <controller id="c_pistol_festivizer_qc_skeleton_c_pistol_festivizer-skin" name="c_pistol_festivizer.qc_skeleton">
      <skin source="#c_pistol_festivizer-mesh">
        <bind_shape_matrix>1 0 0 0 0 1 0 0 0 0 1 0 0 0 0 1</bind_shape_matrix>
        <source id="c_pistol_festivizer_qc_skeleton_c_pistol_festivizer-skin-joints">
          <Name_array id="c_pistol_festivizer_qc_skeleton_c_pistol_festivizer-skin-joints-array" count="3">weapon_bone vm_weapon_bone c_weapon_stattrack</Name_array>
          <technique_common>
            <accessor source="#c_pistol_festivizer_qc_skeleton_c_pistol_festivizer-skin-joints-array" count="3" stride="1">
              <param name="JOINT" type="name"/>
            </accessor>
          </technique_common>
        </source>
        <source id="c_pistol_festivizer_qc_skeleton_c_pistol_festivizer-skin-bind_poses">
          <float_array id="c_pistol_festivizer_qc_skeleton_c_pistol_festivizer-skin-bind_poses-array" count="48">1 0 0 0 0 1 0 0 0 0 1 0 0 0 0 1 1 0 0 0 0 1 0 -0.4783601 0 0 1 0.424999 0 0 0 1 0.999566 0.02850222 -0.007449567 -1.471718 -0.008966922 0.05348551 -0.9985284 1.684445 -0.0280618 0.9981619 0.05371785 -5.383188 0 0 0 1</float_array>
          <technique_common>
            <accessor source="#c_pistol_festivizer_qc_skeleton_c_pistol_festivizer-skin-bind_poses-array" count="3" stride="16">
              <param name="TRANSFORM" type="float4x4"/>
            </accessor>
          </technique_common>
        </source>
        <source id="c_pistol_festivizer_qc_skeleton_c_pistol_festivizer-skin-weights">
          <float_array id="c_pistol_festivizer_qc_skeleton_c_pistol_festivizer-skin-weights-array" count="1665">1 1 1 1 1 1 1 1 1 1 1 1 1 1 1 1 1 1 1 1 1 1 1 1 1 1 1 1 1 1 1 1 1 1 1 1 1 1 1 1 1 1 1 1 1 1 1 1 1 1 1 1 1 1 1 1 1 1 1 1 1 1 1 1 1 1 1 1 1 1 1 1 1 1 1 1 1 1 1 1 1 1 1 1 1 1 1 1 1 1 1 1 1 1 1 1 1 1 1 1 1 1 1 1 1 1 1 1 1 1 1 1 1 1 1 1 1 1 1 1 1 1 1 1 1 1 1 1 1 1 1 1 1 1 1 1 1 1 1 1 1 1 1 1 1 1 1 1 1 1 1 1 1 1 1 1 1 1 1 1 1 1 1 1 1 1 1 1 1 1 1 1 1 1 1 1 1 1 1 1 1 1 1 1 1 1 1 1 1 1 1 1 1 1 1 1 1 1 1 1 1 1 1 1 1 1 1 1 1 1 1 1 1 1 1 1 1 1 1 1 1 1 1 1 1 1 1 1 1 1 1 1 1 1 1 1 1 1 1 1 1 1 1 1 1 1 1 1 1 1 1 1 1 1 1 1 1 1 1 1 1 1 1 1 1 1 1 1 1 1 1 1 1 1 1 1 1 1 1 1 1 1 1 1 1 1 1 1 1 1 1 1 1 1 1 1 1 1 1 1 1 1 1 1 1 1 1 1 1 1 1 1 1 1 1 1 1 1 1 1 1 1 1 1 1 1 1 1 1 1 1 1 1 1 1 1 1 1 1 1 1 1 1 1 1 1 1 1 1 1 1 1 1 1 1 1 1 1 1 1 1 1 1 1 1 1 1 1 1 1 1 1 1 1 1 1 1 1 1 1 1 1 1 1 1 1 1 1 1 1 1 1 1 1 1 1 1 1 1 1 1 1 1 1 1 1 1 1 1 1 1 1 1 1 1 1 1 1 1 1 1 1 1 1 1 1 1 1 1 1 1 1 1 1 1 1 1 1 1 1 1 1 1 1 1 1 1 1 1 1 1 1 1 1 1 1 1 1 1 1 1 1 1 1 1 1 1 1 1 1 1 1 1 1 1 1 1 1 1 1 1 1 1 1 1 1 1 1 1 1 1 1 1 1 1 1 1 1 1 1 1 1 1 1 1 1 1 1 1 1 1 1 1 1 1 1 1 1 1 1 1 1 1 1 1 1 1 1 1 1 1 1 1 1 1 1 1 1 1 1 1 1 1 1 1 1 1 1 1 1 1 1 1 1 1 1 1 1 1 1 1 1 1 1 1 1 1 1 1 1 1 1 1 1 1 1 1 1 1 1 1 1 1 1 1 1 1 1 1 1 1 1 1 1 1 1 1 1 1 1 1 1 1 1 1 1 1 1 1 1 1 1 1 1 1 1 1 1 1 1 1 1 1 1 1 1 1 1 1 1 1 1 1 1 1 1 1 1 1 1 1 1 1 1 1 1 1 1 1 1 1 1 1 1 1 1 1 1 1 1 1 1 1 1 1 1 1 1 1 1 1 1 1 1 1 1 1 1 1 1 1 1 1 1 1 1 1 1 1 1 1 1 1 1 1 1 1 1 1 1 1 1 1 1 1 1 1 1 1 1 1 1 1 1 1 1 1 1 1 1 1 1 1 1 1 1 1 1 1 1 1 1 1 1 1 1 1 1 1 1 1 1 1 1 1 1 1 1 1 1 1 1 1 1 1 1 1 1 1 1 1 1 1 1 1 1 1 1 1 1 1 1 1 1 1 1 1 1 1 1 1 1 1 1 1 1 1 1 1 1 1 1 1 1 1 1 1 1 1 1 1 1 1 1 1 1 1 1 1 1 1 1 1 1 1 1 1 1 1 1 1 1 1 1 1 1 1 1 1 1 1 1 1 1 1 1 1 1 1 1 1 1 1 1 1 1 1 1 1 1 1 1 1 1 1 1 1 1 1 1 1 1 1 1 1 1 1 1 1 1 1 1 1 1 1 1 1 1 1 1 1 1 1 1 1 1 1 1 1 1 1 1 1 1 1 1 1 1 1 1 1 1 1 1 1 1 1 1 1 1 1 1 1 1 1 1 1 1 1 1 1 1 1 1 1 1 1 1 1 1 1 1 1 1 1 1 1 1 1 1 1 1 1 1 1 1 1 1 1 1 1 1 1 1 1 1 1 1 1 1 1 1 1 1 1 1 1 1 1 1 1 1 1 1 1 1 1 1 1 1 1 1 1 1 1 1 1 1 1 1 1 1 1 1 1 1 1 1 1 1 1 1 1 1 1 1 1 1 1 1 1 1 1 1 1 1 1 1 1 1 1 1 1 1 1 1 1 1 1 1 1 1 1 1 1 1 1 1 1 1 1 1 1 1 1 1 1 1 1 1 1 1 1 1 1 1 1 1 1 1 1 1 1 1 1 1 1 1 1 1 1 1 1 1 1 1 1 1 1 1 1 1 1 1 1 1 1 1 1 1 1 1 1 1 1 1 1 1 1 1 1 1 1 1 1 1 1 1 1 1 1 1 1 1 1 1 1 1 1 1 1 1 1 1 1 1 1 1 1 1 1 1 1 1 1 1 1 1 1 1 1 1 1 1 1 1 1 1 1 1 1 1 1 1 1 1 1 1 1 1 1 1 1 1 1 1 1 1 1 1 1 1 1 1 1 1 1 1 1 1 1 1 1 1 1 1 1 1 1 1 1 1 1 1 1 1 1 1 1 1 1 1 1 1 1 1 1 1 1 1 1 1 1 1 1 1 1 1 1 1 1 1 1 1 1 1 1 1 1 1 1 1 1 1 1 1 1 1 1 1 1 1 1 1 1 1 1 1 1 1 1 1 1 1 1 1 1 1 1 1 1 1 1 1 1 1 1 1 1 1 1 1 1 1 1 1 1 1 1 1 1 1 1 1 1 1 1 1 1 1 1 1 1 1 1 1 1 1 1 1 1 1 1 1 1 1 1 1 1 1 1 1 1 1 1 1 1 1 1 1 1 1 1 1 1 1 1 1 1 1 1 1 1 1 1 1 1 1 1 1 1 1 1 1 1 1 1 1 1 1 1 1 1 1 1 1 1 1 1 1 1 1 1 1 1 1 1 1 1 1 1 1 1 1 1 1 1 1 1 1 1 1 1 1 1 1 1 1 1 1 1 1 1 1 1 1 1 1 1 1 1 1 1 1 1 1 1 1 1 1 1 1 1 1 1 1 1 1 1 1 1 1 1 1 1 1 1 1 1 1 1 1 1 1 1 1 1 1 1 1 1 1 1 1 1 1 1 1 1 1 1 1 1 1 1 1 1 1 1 1 1 1 1 1 1 1 1 1 1 1 1 1 1 1 1 1 1 1 1 1 1 1 1 1 1 1 1 1 1 1 1 1 1 1 1 1 1 1 1 1 1 1 1 1 1 1 1 1 1 1 1 1 1 1 1 1 1 1 1 1 1 1 1 1 1 1 1 1 1 1 1 1 1 1 1 1 1 1 1 1 1 1 1 1 1 1 1 1 1 1 1 1 1 1 1 1 1 1 1 1 1 1 1 1 1 1 1 1 1 1 1 1 1 1 1 1 1 1 1 1 1 1 1 1 1 1 1 1 1 1 1 1 1 1 1 1 1 1 1 1 1 1 1 1 1 1 1 1 1 1 1 1 1 1 1 1 1 1 1 1 1 1 1 1 1 1 1 1 1 1 1 1 1 1 1 1 1 1 1 1 1 1 1 1 1 1 1 1 1 1 1 1 1 1 1 1 1 1 1 1 1 1 1 1 1</float_array>
          <technique_common>
            <accessor source="#c_pistol_festivizer_qc_skeleton_c_pistol_festivizer-skin-weights-array" count="1665" stride="1">
              <param name="WEIGHT" type="float"/>
            </accessor>
          </technique_common>
        </source>
        <joints>
          <input semantic="JOINT" source="#c_pistol_festivizer_qc_skeleton_c_pistol_festivizer-skin-joints"/>
          <input semantic="INV_BIND_MATRIX" source="#c_pistol_festivizer_qc_skeleton_c_pistol_festivizer-skin-bind_poses"/>
        </joints>
        <vertex_weights count="1665">
          <input semantic="JOINT" source="#c_pistol_festivizer_qc_skeleton_c_pistol_festivizer-skin-joints" offset="0"/>
          <input semantic="WEIGHT" source="#c_pistol_festivizer_qc_skeleton_c_pistol_festivizer-skin-weights" offset="1"/>
          <vcount>1 1 1 1 1 1 1 1 1 1 1 1 1 1 1 1 1 1 1 1 1 1 1 1 1 1 1 1 1 1 1 1 1 1 1 1 1 1 1 1 1 1 1 1 1 1 1 1 1 1 1 1 1 1 1 1 1 1 1 1 1 1 1 1 1 1 1 1 1 1 1 1 1 1 1 1 1 1 1 1 1 1 1 1 1 1 1 1 1 1 1 1 1 1 1 1 1 1 1 1 1 1 1 1 1 1 1 1 1 1 1 1 1 1 1 1 1 1 1 1 1 1 1 1 1 1 1 1 1 1 1 1 1 1 1 1 1 1 1 1 1 1 1 1 1 1 1 1 1 1 1 1 1 1 1 1 1 1 1 1 1 1 1 1 1 1 1 1 1 1 1 1 1 1 1 1 1 1 1 1 1 1 1 1 1 1 1 1 1 1 1 1 1 1 1 1 1 1 1 1 1 1 1 1 1 1 1 1 1 1 1 1 1 1 1 1 1 1 1 1 1 1 1 1 1 1 1 1 1 1 1 1 1 1 1 1 1 1 1 1 1 1 1 1 1 1 1 1 1 1 1 1 1 1 1 1 1 1 1 1 1 1 1 1 1 1 1 1 1 1 1 1 1 1 1 1 1 1 1 1 1 1 1 1 1 1 1 1 1 1 1 1 1 1 1 1 1 1 1 1 1 1 1 1 1 1 1 1 1 1 1 1 1 1 1 1 1 1 1 1 1 1 1 1 1 1 1 1 1 1 1 1 1 1 1 1 1 1 1 1 1 1 1 1 1 1 1 1 1 1 1 1 1 1 1 1 1 1 1 1 1 1 1 1 1 1 1 1 1 1 1 1 1 1 1 1 1 1 1 1 1 1 1 1 1 1 1 1 1 1 1 1 1 1 1 1 1 1 1 1 1 1 1 1 1 1 1 1 1 1 1 1 1 1 1 1 1 1 1 1 1 1 1 1 1 1 1 1 1 1 1 1 1 1 1 1 1 1 1 1 1 1 1 1 1 1 1 1 1 1 1 1 1 1 1 1 1 1 1 1 1 1 1 1 1 1 1 1 1 1 1 1 1 1 1 1 1 1 1 1 1 1 1 1 1 1 1 1 1 1 1 1 1 1 1 1 1 1 1 1 1 1 1 1 1 1 1 1 1 1 1 1 1 1 1 1 1 1 1 1 1 1 1 1 1 1 1 1 1 1 1 1 1 1 1 1 1 1 1 1 1 1 1 1 1 1 1 1 1 1 1 1 1 1 1 1 1 1 1 1 1 1 1 1 1 1 1 1 1 1 1 1 1 1 1 1 1 1 1 1 1 1 1 1 1 1 1 1 1 1 1 1 1 1 1 1 1 1 1 1 1 1 1 1 1 1 1 1 1 1 1 1 1 1 1 1 1 1 1 1 1 1 1 1 1 1 1 1 1 1 1 1 1 1 1 1 1 1 1 1 1 1 1 1 1 1 1 1 1 1 1 1 1 1 1 1 1 1 1 1 1 1 1 1 1 1 1 1 1 1 1 1 1 1 1 1 1 1 1 1 1 1 1 1 1 1 1 1 1 1 1 1 1 1 1 1 1 1 1 1 1 1 1 1 1 1 1 1 1 1 1 1 1 1 1 1 1 1 1 1 1 1 1 1 1 1 1 1 1 1 1 1 1 1 1 1 1 1 1 1 1 1 1 1 1 1 1 1 1 1 1 1 1 1 1 1 1 1 1 1 1 1 1 1 1 1 1 1 1 1 1 1 1 1 1 1 1 1 1 1 1 1 1 1 1 1 1 1 1 1 1 1 1 1 1 1 1 1 1 1 1 1 1 1 1 1 1 1 1 1 1 1 1 1 1 1 1 1 1 1 1 1 1 1 1 1 1 1 1 1 1 1 1 1 1 1 1 1 1 1 1 1 1 1 1 1 1 1 1 1 1 1 1 1 1 1 1 1 1 1 1 1 1 1 1 1 1 1 1 1 1 1 1 1 1 1 1 1 1 1 1 1 1 1 1 1 1 1 1 1 1 1 1 1 1 1 1 1 1 1 1 1 1 1 1 1 1 1 1 1 1 1 1 1 1 1 1 1 1 1 1 1 1 1 1 1 1 1 1 1 1 1 1 1 1 1 1 1 1 1 1 1 1 1 1 1 1 1 1 1 1 1 1 1 1 1 1 1 1 1 1 1 1 1 1 1 1 1 1 1 1 1 1 1 1 1 1 1 1 1 1 1 1 1 1 1 1 1 1 1 1 1 1 1 1 1 1 1 1 1 1 1 1 1 1 1 1 1 1 1 1 1 1 1 1 1 1 1 1 1 1 1 1 1 1 1 1 1 1 1 1 1 1 1 1 1 1 1 1 1 1 1 1 1 1 1 1 1 1 1 1 1 1 1 1 1 1 1 1 1 1 1 1 1 1 1 1 1 1 1 1 1 1 1 1 1 1 1 1 1 1 1 1 1 1 1 1 1 1 1 1 1 1 1 1 1 1 1 1 1 1 1 1 1 1 1 1 1 1 1 1 1 1 1 1 1 1 1 1 1 1 1 1 1 1 1 1 1 1 1 1 1 1 1 1 1 1 1 1 1 1 1 1 1 1 1 1 1 1 1 1 1 1 1 1 1 1 1 1 1 1 1 1 1 1 1 1 1 1 1 1 1 1 1 1 1 1 1 1 1 1 1 1 1 1 1 1 1 1 1 1 1 1 1 1 1 1 1 1 1 1 1 1 1 1 1 1 1 1 1 1 1 1 1 1 1 1 1 1 1 1 1 1 1 1 1 1 1 1 1 1 1 1 1 1 1 1 1 1 1 1 1 1 1 1 1 1 1 1 1 1 1 1 1 1 1 1 1 1 1 1 1 1 1 1 1 1 1 1 1 1 1 1 1 1 1 1 1 1 1 1 1 1 1 1 1 1 1 1 1 1 1 1 1 1 1 1 1 1 1 1 1 1 1 1 1 1 1 1 1 1 1 1 1 1 1 1 1 1 1 1 1 1 1 1 1 1 1 1 1 1 1 1 1 1 1 1 1 1 1 1 1 1 1 1 1 1 1 1 1 1 1 1 1 1 1 1 1 1 1 1 1 1 1 1 1 1 1 1 1 1 1 1 1 1 1 1 1 1 1 1 1 1 1 1 1 1 1 1 1 1 1 1 1 1 1 1 1 1 1 1 1 1 1 1 1 1 1 1 1 1 1 1 1 1 1 1 1 1 1 1 1 1 1 1 1 1 1 1 1 1 1 1 1 1 1 1 1 1 1 1 1 1 1 1 1 1 1 1 1 1 1 1 1 1 1 1 1 1 1 1 1 1 1 1 1 1 1 1 1 1 1 1 1 1 1 1 1 1 1 1 1 1 1 1 1 1 1 1 1 1 1 1 1 1 1 1 1 1 1 1 1 1 1 1 1 1 1 1 1 1 1 1 1 1 1 1 1 1 1 1 1 1 1 1 1 1 1 1 1 1 1 1 1 1 1 1 1 1 1 1 1 1 1 1 1 1 1 1 1 1 1 1 1 1 1 1 1 1 1 1 1 1 1 1 1 1 1 1 1 1 1 1 1 1 1 1 1 1 1 1 1 1 1 1 1 1 1 1 1 1 1 1 1 1 1 1 1 1 1 1 1 1 1 1 1 1 1 1 1 1 1 1 1 1 1 1 1 1 1 1 1 1 1 1 1 1 1 1 1 1 1 1 1 1 1 1 1 1 1 1 1 1 1 1 1 1 1 1 1 1 1 1 1 1 1 1 1 1 1 1 1 1 1 1 </vcount>
          <v>0 0 0 1 0 2 0 3 0 4 0 5 0 6 0 7 0 8 0 9 0 10 0 11 0 12 0 13 0 14 0 15 0 16 0 17 0 18 0 19 0 20 0 21 0 22 0 23 0 24 0 25 0 26 0 27 0 28 0 29 0 30 0 31 0 32 0 33 0 34 0 35 0 36 0 37 0 38 0 39 0 40 0 41 0 42 0 43 0 44 0 45 0 46 0 47 0 48 0 49 0 50 0 51 0 52 0 53 0 54 0 55 0 56 0 57 0 58 0 59 0 60 0 61 0 62 0 63 0 64 0 65 0 66 0 67 0 68 0 69 0 70 0 71 0 72 0 73 0 74 0 75 0 76 0 77 0 78 0 79 0 80 0 81 0 82 0 83 0 84 0 85 0 86 0 87 0 88 0 89 0 90 0 91 0 92 0 93 0 94 0 95 0 96 0 97 0 98 0 99 0 100 0 101 0 102 0 103 0 104 0 105 0 106 0 107 0 108 0 109 0 110 0 111 0 112 0 113 0 114 0 115 0 116 0 117 0 118 0 119 0 120 0 121 0 122 0 123 0 124 0 125 0 126 0 127 0 128 0 129 0 130 0 131 0 132 0 133 0 134 0 135 0 136 0 137 0 138 0 139 0 140 0 141 0 142 0 143 0 144 0 145 0 146 0 147 0 148 0 149 0 150 0 151 0 152 0 153 0 154 0 155 0 156 0 157 0 158 0 159 0 160 0 161 0 162 0 163 0 164 0 165 0 166 0 167 0 168 0 169 0 170 0 171 0 172 0 173 0 174 0 175 0 176 0 177 0 178 0 179 0 180 0 181 0 182 0 183 0 184 0 185 0 186 0 187 0 188 0 189 0 190 0 191 0 192 0 193 0 194 0 195 0 196 0 197 0 198 0 199 0 200 0 201 0 202 0 203 0 204 0 205 0 206 0 207 0 208 0 209 0 210 0 211 0 212 0 213 0 214 0 215 0 216 0 217 0 218 0 219 0 220 0 221 0 222 0 223 0 224 0 225 0 226 0 227 0 228 0 229 0 230 0 231 0 232 0 233 0 234 0 235 0 236 0 237 0 238 0 239 0 240 0 241 0 242 0 243 0 244 0 245 0 246 0 247 0 248 0 249 0 250 0 251 0 252 0 253 0 254 0 255 0 256 0 257 0 258 0 259 0 260 0 261 0 262 0 263 0 264 0 265 0 266 0 267 0 268 0 269 0 270 0 271 0 272 0 273 0 274 0 275 0 276 0 277 0 278 0 279 0 280 0 281 0 282 0 283 0 284 0 285 0 286 0 287 0 288 0 289 0 290 0 291 0 292 0 293 0 294 0 295 0 296 0 297 0 298 0 299 0 300 0 301 0 302 0 303 0 304 0 305 0 306 0 307 0 308 0 309 0 310 0 311 0 312 0 313 0 314 0 315 0 316 0 317 0 318 0 319 0 320 0 321 0 322 0 323 0 324 0 325 0 326 0 327 0 328 0 329 0 330 0 331 0 332 0 333 0 334 0 335 0 336 0 337 0 338 0 339 0 340 0 341 0 342 0 343 0 344 0 345 0 346 0 347 0 348 0 349 0 350 0 351 0 352 0 353 0 354 0 355 0 356 0 357 0 358 0 359 0 360 0 361 0 362 0 363 0 364 0 365 0 366 0 367 0 368 0 369 0 370 0 371 0 372 0 373 0 374 0 375 0 376 0 377 0 378 0 379 0 380 0 381 0 382 0 383 0 384 0 385 0 386 0 387 0 388 0 389 0 390 0 391 0 392 0 393 0 394 0 395 0 396 0 397 0 398 0 399 0 400 0 401 0 402 0 403 0 404 0 405 0 406 0 407 0 408 0 409 0 410 0 411 0 412 0 413 0 414 0 415 0 416 0 417 0 418 0 419 0 420 0 421 0 422 0 423 0 424 0 425 0 426 0 427 0 428 0 429 0 430 0 431 0 432 0 433 0 434 0 435 0 436 0 437 0 438 0 439 0 440 0 441 0 442 0 443 0 444 0 445 0 446 0 447 0 448 0 449 0 450 0 451 0 452 0 453 0 454 0 455 0 456 0 457 0 458 0 459 0 460 0 461 0 462 0 463 0 464 0 465 0 466 0 467 0 468 0 469 0 470 0 471 0 472 0 473 0 474 0 475 0 476 0 477 0 478 0 479 0 480 0 481 0 482 0 483 0 484 0 485 0 486 0 487 0 488 0 489 0 490 0 491 0 492 0 493 0 494 0 495 0 496 0 497 0 498 0 499 0 500 0 501 0 502 0 503 0 504 0 505 0 506 0 507 0 508 0 509 0 510 0 511 0 512 0 513 0 514 0 515 0 516 0 517 0 518 0 519 0 520 0 521 0 522 0 523 0 524 0 525 0 526 0 527 0 528 0 529 0 530 0 531 0 532 0 533 0 534 0 535 0 536 0 537 0 538 0 539 0 540 0 541 0 542 0 543 0 544 0 545 0 546 0 547 0 548 0 549 0 550 0 551 0 552 0 553 0 554 0 555 0 556 0 557 0 558 0 559 0 560 0 561 0 562 0 563 0 564 0 565 0 566 0 567 0 568 0 569 0 570 0 571 0 572 0 573 0 574 0 575 0 576 0 577 0 578 0 579 0 580 0 581 0 582 0 583 0 584 0 585 0 586 0 587 0 588 0 589 0 590 0 591 0 592 0 593 0 594 0 595 0 596 0 597 0 598 0 599 0 600 0 601 0 602 0 603 0 604 0 605 0 606 0 607 0 608 0 609 0 610 0 611 0 612 0 613 0 614 0 615 0 616 0 617 0 618 0 619 0 620 0 621 0 622 0 623 0 624 0 625 0 626 0 627 0 628 0 629 0 630 0 631 0 632 0 633 0 634 0 635 0 636 0 637 0 638 0 639 0 640 0 641 0 642 0 643 0 644 0 645 0 646 0 647 0 648 0 649 0 650 0 651 0 652 0 653 0 654 0 655 0 656 0 657 0 658 0 659 0 660 0 661 0 662 0 663 0 664 0 665 0 666 0 667 0 668 0 669 0 670 0 671 0 672 0 673 0 674 0 675 0 676 0 677 0 678 0 679 0 680 0 681 0 682 0 683 0 684 0 685 0 686 0 687 0 688 0 689 0 690 0 691 0 692 0 693 0 694 0 695 0 696 0 697 0 698 0 699 0 700 0 701 0 702 0 703 0 704 0 705 0 706 0 707 0 708 0 709 0 710 0 711 0 712 0 713 0 714 0 715 0 716 0 717 0 718 0 719 0 720 0 721 0 722 0 723 0 724 0 725 0 726 0 727 0 728 0 729 0 730 0 731 0 732 0 733 0 734 0 735 0 736 0 737 0 738 0 739 0 740 0 741 0 742 0 743 0 744 0 745 0 746 0 747 0 748 0 749 0 750 0 751 0 752 0 753 0 754 0 755 0 756 0 757 0 758 0 759 0 760 0 761 0 762 0 763 0 764 0 765 0 766 0 767 0 768 0 769 0 770 0 771 0 772 0 773 0 774 0 775 0 776 0 777 0 778 0 779 0 780 0 781 0 782 0 783 0 784 0 785 0 786 0 787 0 788 0 789 0 790 0 791 0 792 0 793 0 794 0 795 0 796 0 797 0 798 0 799 0 800 0 801 0 802 0 803 0 804 0 805 0 806 0 807 0 808 0 809 0 810 0 811 0 812 0 813 0 814 0 815 0 816 0 817 0 818 0 819 0 820 0 821 0 822 0 823 0 824 0 825 0 826 0 827 0 828 0 829 0 830 0 831 0 832 0 833 0 834 0 835 0 836 0 837 0 838 0 839 0 840 0 841 0 842 0 843 0 844 0 845 0 846 0 847 0 848 0 849 0 850 0 851 0 852 0 853 0 854 0 855 0 856 0 857 0 858 0 859 0 860 0 861 0 862 0 863 0 864 0 865 0 866 0 867 0 868 0 869 0 870 0 871 0 872 0 873 0 874 0 875 0 876 0 877 0 878 0 879 0 880 0 881 0 882 0 883 0 884 0 885 0 886 0 887 0 888 0 889 0 890 0 891 0 892 0 893 0 894 0 895 0 896 0 897 0 898 0 899 0 900 0 901 0 902 0 903 0 904 0 905 0 906 0 907 0 908 0 909 0 910 0 911 0 912 0 913 0 914 0 915 0 916 0 917 0 918 0 919 0 920 0 921 0 922 0 923 0 924 0 925 0 926 0 927 0 928 0 929 0 930 0 931 0 932 0 933 0 934 0 935 0 936 0 937 0 938 0 939 0 940 0 941 0 942 0 943 0 944 0 945 0 946 0 947 0 948 0 949 0 950 0 951 0 952 0 953 0 954 0 955 0 956 0 957 0 958 0 959 0 960 0 961 0 962 0 963 0 964 0 965 0 966 0 967 0 968 0 969 0 970 0 971 0 972 0 973 0 974 0 975 0 976 0 977 0 978 0 979 0 980 0 981 0 982 0 983 0 984 0 985 0 986 0 987 0 988 0 989 0 990 0 991 0 992 0 993 0 994 0 995 0 996 0 997 0 998 0 999 0 1000 0 1001 0 1002 0 1003 0 1004 0 1005 0 1006 0 1007 0 1008 0 1009 0 1010 0 1011 0 1012 0 1013 0 1014 0 1015 0 1016 0 1017 0 1018 0 1019 0 1020 0 1021 0 1022 0 1023 0 1024 0 1025 0 1026 0 1027 0 1028 0 1029 0 1030 0 1031 0 1032 0 1033 0 1034 0 1035 0 1036 0 1037 0 1038 0 1039 0 1040 0 1041 0 1042 0 1043 0 1044 0 1045 0 1046 0 1047 0 1048 0 1049 0 1050 0 1051 0 1052 0 1053 0 1054 0 1055 0 1056 0 1057 0 1058 0 1059 0 1060 0 1061 0 1062 0 1063 0 1064 0 1065 0 1066 0 1067 0 1068 0 1069 0 1070 0 1071 0 1072 0 1073 0 1074 0 1075 0 1076 0 1077 0 1078 0 1079 0 1080 0 1081 0 1082 0 1083 0 1084 0 1085 0 1086 0 1087 0 1088 0 1089 0 1090 0 1091 0 1092 0 1093 0 1094 0 1095 0 1096 0 1097 0 1098 0 1099 0 1100 0 1101 0 1102 0 1103 0 1104 0 1105 0 1106 0 1107 0 1108 0 1109 0 1110 0 1111 0 1112 0 1113 0 1114 0 1115 0 1116 0 1117 0 1118 0 1119 0 1120 0 1121 0 1122 0 1123 0 1124 0 1125 0 1126 0 1127 0 1128 0 1129 0 1130 0 1131 0 1132 0 1133 0 1134 0 1135 0 1136 0 1137 0 1138 0 1139 0 1140 0 1141 0 1142 0 1143 0 1144 0 1145 0 1146 0 1147 0 1148 0 1149 0 1150 0 1151 0 1152 0 1153 0 1154 0 1155 0 1156 0 1157 0 1158 0 1159 0 1160 0 1161 0 1162 0 1163 0 1164 0 1165 0 1166 0 1167 0 1168 0 1169 0 1170 0 1171 0 1172 0 1173 0 1174 0 1175 0 1176 0 1177 0 1178 0 1179 0 1180 0 1181 0 1182 0 1183 0 1184 0 1185 0 1186 0 1187 0 1188 0 1189 0 1190 0 1191 0 1192 0 1193 0 1194 0 1195 0 1196 0 1197 0 1198 0 1199 0 1200 0 1201 0 1202 0 1203 0 1204 0 1205 0 1206 0 1207 0 1208 0 1209 0 1210 0 1211 0 1212 0 1213 0 1214 0 1215 0 1216 0 1217 0 1218 0 1219 0 1220 0 1221 0 1222 0 1223 0 1224 0 1225 0 1226 0 1227 0 1228 0 1229 0 1230 0 1231 0 1232 0 1233 0 1234 0 1235 0 1236 0 1237 0 1238 0 1239 0 1240 0 1241 0 1242 0 1243 0 1244 0 1245 0 1246 0 1247 0 1248 0 1249 0 1250 0 1251 0 1252 0 1253 0 1254 0 1255 0 1256 0 1257 0 1258 0 1259 0 1260 0 1261 0 1262 0 1263 0 1264 0 1265 0 1266 0 1267 0 1268 0 1269 0 1270 0 1271 0 1272 0 1273 0 1274 0 1275 0 1276 0 1277 0 1278 0 1279 0 1280 0 1281 0 1282 0 1283 0 1284 0 1285 0 1286 0 1287 0 1288 0 1289 0 1290 0 1291 0 1292 0 1293 0 1294 0 1295 0 1296 0 1297 0 1298 0 1299 0 1300 0 1301 0 1302 0 1303 0 1304 0 1305 0 1306 0 1307 0 1308 0 1309 0 1310 0 1311 0 1312 0 1313 0 1314 0 1315 0 1316 0 1317 0 1318 0 1319 0 1320 0 1321 0 1322 0 1323 0 1324 0 1325 0 1326 0 1327 0 1328 0 1329 0 1330 0 1331 0 1332 0 1333 0 1334 0 1335 0 1336 0 1337 0 1338 0 1339 0 1340 0 1341 0 1342 0 1343 0 1344 0 1345 0 1346 0 1347 0 1348 0 1349 0 1350 0 1351 0 1352 0 1353 0 1354 0 1355 0 1356 0 1357 0 1358 0 1359 0 1360 0 1361 0 1362 0 1363 0 1364 0 1365 0 1366 0 1367 0 1368 0 1369 0 1370 0 1371 0 1372 0 1373 0 1374 0 1375 0 1376 0 1377 0 1378 0 1379 0 1380 0 1381 0 1382 0 1383 0 1384 0 1385 0 1386 0 1387 0 1388 0 1389 0 1390 0 1391 0 1392 0 1393 0 1394 0 1395 0 1396 0 1397 0 1398 0 1399 0 1400 0 1401 0 1402 0 1403 0 1404 0 1405 0 1406 0 1407 0 1408 0 1409 0 1410 0 1411 0 1412 0 1413 0 1414 0 1415 0 1416 0 1417 0 1418 0 1419 0 1420 0 1421 0 1422 0 1423 0 1424 0 1425 0 1426 0 1427 0 1428 0 1429 0 1430 0 1431 0 1432 0 1433 0 1434 0 1435 0 1436 0 1437 0 1438 0 1439 0 1440 0 1441 0 1442 0 1443 0 1444 0 1445 0 1446 0 1447 0 1448 0 1449 0 1450 0 1451 0 1452 0 1453 0 1454 0 1455 0 1456 0 1457 0 1458 0 1459 0 1460 0 1461 0 1462 0 1463 0 1464 0 1465 0 1466 0 1467 0 1468 0 1469 0 1470 0 1471 0 1472 0 1473 0 1474 0 1475 0 1476 0 1477 0 1478 0 1479 0 1480 0 1481 0 1482 0 1483 0 1484 0 1485 0 1486 0 1487 0 1488 0 1489 0 1490 0 1491 0 1492 0 1493 0 1494 0 1495 0 1496 0 1497 0 1498 0 1499 0 1500 0 1501 0 1502 0 1503 0 1504 0 1505 0 1506 0 1507 0 1508 0 1509 0 1510 0 1511 0 1512 0 1513 0 1514 0 1515 0 1516 0 1517 0 1518 0 1519 0 1520 0 1521 0 1522 0 1523 0 1524 0 1525 0 1526 0 1527 0 1528 0 1529 0 1530 0 1531 0 1532 0 1533 0 1534 0 1535 0 1536 0 1537 0 1538 0 1539 0 1540 0 1541 0 1542 0 1543 0 1544 0 1545 0 1546 0 1547 0 1548 0 1549 0 1550 0 1551 0 1552 0 1553 0 1554 0 1555 0 1556 0 1557 0 1558 0 1559 0 1560 0 1561 0 1562 0 1563 0 1564 0 1565 0 1566 0 1567 0 1568 0 1569 0 1570 0 1571 0 1572 0 1573 0 1574 0 1575 0 1576 0 1577 0 1578 0 1579 0 1580 0 1581 0 1582 0 1583 0 1584 0 1585 0 1586 0 1587 0 1588 0 1589 0 1590 0 1591 0 1592 0 1593 0 1594 0 1595 0 1596 0 1597 0 1598 0 1599 0 1600 0 1601 0 1602 0 1603 0 1604 0 1605 0 1606 0 1607 0 1608 0 1609 0 1610 0 1611 0 1612 0 1613 0 1614 0 1615 0 1616 0 1617 0 1618 0 1619 0 1620 0 1621 0 1622 0 1623 0 1624 0 1625 0 1626 0 1627 0 1628 0 1629 0 1630 0 1631 0 1632 0 1633 0 1634 0 1635 0 1636 0 1637 0 1638 0 1639 0 1640 0 1641 0 1642 0 1643 0 1644 0 1645 0 1646 0 1647 0 1648 0 1649 0 1650 0 1651 0 1652 0 1653 0 1654 0 1655 0 1656 0 1657 0 1658 0 1659 0 1660 0 1661 0 1662 0 1663 0 1664</v>
        </vertex_weights>
      </skin>
    </controller>
  </library_controllers>
  <library_animations>
    <animation id="action_container-c_pistol_festivizer_qc_skeleton" name="c_pistol_festivizer.qc_skeleton"/>
  </library_animations>
  <library_visual_scenes>
    <visual_scene id="c_pistol_festivizer_qc" name="c_pistol_festivizer.qc">
      <node id="c_pistol_festivizer_qc_skeleton" name="c_pistol_festivizer.qc_skeleton" type="NODE">
        <matrix sid="transform">1 0 0 0 0 1 0 0 0 0 1 0 0 0 0 1</matrix>
        <node id="c_pistol_festivizer_qc_skeleton_weapon_bone" name="weapon_bone" sid="weapon_bone" type="JOINT">
          <matrix sid="transform">1 0 0 0 0 1 0 0 0 0 1 0 0 0 0 1</matrix>
          <node id="c_pistol_festivizer_qc_skeleton_vm_weapon_bone" name="vm_weapon_bone" sid="vm_weapon_bone" type="JOINT">
            <matrix sid="transform">1 0 0 0 0 0.9999999 0 0.47836 0 0 1 -0.424999 0 0 0 1</matrix>
            <extra>
              <technique profile="blender">
                <layer sid="layer" type="string">0</layer>
                <tip_x sid="tip_x" type="float">0</tip_x>
                <tip_y sid="tip_y" type="float">0.01507574</tip_y>
                <tip_z sid="tip_z" type="float">0</tip_z>
              </technique>
            </extra>
          </node>
          <node id="c_pistol_festivizer_qc_skeleton_c_weapon_stattrack" name="c_weapon_stattrack" sid="c_weapon_stattrack" type="JOINT">
            <matrix sid="transform">0.9995659 -0.00896697 -0.02806183 1.335121 0.02850222 0.05348553 0.9981617 5.325146 -0.007449586 -0.9985284 0.0537179 1.960176 0 0 0 1</matrix>
            <extra>
              <technique profile="blender">
                <layer sid="layer" type="string">0</layer>
                <roll sid="roll" type="float">-0.01956701</roll>
                <tip_x sid="tip_x" type="float">-1.35183e-4</tip_x>
                <tip_y sid="tip_y" type="float">8.06332e-4</tip_y>
                <tip_z sid="tip_z" type="float">-0.01505351</tip_z>
              </technique>
            </extra>
          </node>
          <extra>
            <technique profile="blender">
              <layer sid="layer" type="string">0</layer>
              <tip_x sid="tip_x" type="float">0</tip_x>
              <tip_y sid="tip_y" type="float">0.01507568</tip_y>
              <tip_z sid="tip_z" type="float">0</tip_z>
            </technique>
          </extra>
        </node>
        <node id="c_pistol_festivizer" name="c_pistol_festivizer" type="NODE">
          <matrix sid="transform">1 0 0 0 0 1 0 0 0 0 1 0 0 0 0 1</matrix>
          <instance_controller url="#c_pistol_festivizer_qc_skeleton_c_pistol_festivizer-skin">
            <skeleton>#c_pistol_festivizer_qc_skeleton_weapon_bone</skeleton>
            <bind_material>
              <technique_common>
                <instance_material symbol="festivizer_battery-material" target="#festivizer_battery-material">
                  <bind_vertex_input semantic="UVMap" input_semantic="TEXCOORD" input_set="0"/>
                </instance_material>
                <instance_material symbol="festive_lights_red-material" target="#festive_lights_red-material">
                  <bind_vertex_input semantic="UVMap" input_semantic="TEXCOORD" input_set="0"/>
                </instance_material>
              </technique_common>
            </bind_material>
          </instance_controller>
        </node>
      </node>
    </visual_scene>
  </library_visual_scenes>
  <scene>
    <instance_visual_scene url="#c_pistol_festivizer_qc"/>
  </scene>
</COLLADA>