<?xml version="1.0" encoding="utf-8"?>
<COLLADA xmlns="http://www.collada.org/2005/11/COLLADASchema" version="1.4.1" xmlns:xsi="http://www.w3.org/2001/XMLSchema-instance">
  <asset>
    <contributor>
      <author>Blender User</author>
      <authoring_tool>Blender 2.90.1 commit date:2020-09-23, commit time:06:43, hash:3e85bb34d0d7</authoring_tool>
    </contributor>
    <created>2023-10-29T01:45:16</created>
    <modified>2023-10-29T01:45:16</modified>
    <unit name="meter" meter="1"/>
    <up_axis>Z_UP</up_axis>
  </asset>
  <library_effects>
    <effect id="pickup_powerup_set_new-effect">
      <profile_COMMON>
        <newparam sid="pickup_powerup_set_new_png-surface">
          <surface type="2D">
            <init_from>pickup_powerup_set_new_png</init_from>
          </surface>
        </newparam>
        <newparam sid="pickup_powerup_set_new_png-sampler">
          <sampler2D>
            <source>pickup_powerup_set_new_png-surface</source>
          </sampler2D>
        </newparam>
        <technique sid="common">
          <lambert>
            <emission>
              <color sid="emission">0 0 0 1</color>
            </emission>
            <diffuse>
              <texture texture="pickup_powerup_set_new_png-sampler" texcoord="UVMap"/>
            </diffuse>
            <index_of_refraction>
              <float sid="ior">1.45</float>
            </index_of_refraction>
          </lambert>
        </technique>
      </profile_COMMON>
    </effect>
  </library_effects>
  <library_images>
    <image id="pickup_powerup_set_new_png" name="pickup_powerup_set_new_png">
      <init_from>pickup_powerup_set_new.png</init_from>
    </image>
  </library_images>
  <library_materials>
    <material id="pickup_powerup_set_new-material" name="pickup_powerup_set_new">
      <instance_effect url="#pickup_powerup_set_new-effect"/>
    </material>
  </library_materials>
  <library_geometries>
    <geometry id="pickup_powerup_thorns-mesh" name="pickup_powerup_thorns">
      <mesh>
        <source id="pickup_powerup_thorns-mesh-positions">
          <float_array id="pickup_powerup_thorns-mesh-positions-array" count="2070">0.06503999 49.4737 -1.875 0.361197 49.0708 -2.375 -0.27464 49.1068 -2.375 5.15763 53.8867 -2.375 3.88485 52.6253 -1.875 4.69131 54.0671 -1.875 4.27963 52.3184 -2.375 2.46024 50.6004 -2.375 2.13987 50.9843 -1.875 5.682301 57.6128 -2.375 5.36599 58 -1.875 -3.74603 54.8494 -1.875 -4.389609 57.6413 -2.375 -4.04132 58 -1.875 -4.22807 54.7166 -2.375 -2.87642 52.6662 -1.875 -3.31345 52.4233 -2.375 -1.95507 50.5852 -2.375 -1.578 50.9136 -1.875 -5.55425 42.696 2.375 -1.02899 48.292 2.375 -6.24025 44.1724 2.375 0.953513 48.2651 2.375 -0.27464 49.1068 2.375 0.361197 49.0708 2.375 2.46024 50.6004 2.375 3.10098 49.8327 2.375 4.27963 52.3184 2.375 5.06918 51.7047 2.375 6.09025 53.5258 2.375 5.15763 53.8867 2.375 6.737 56.3216 2.375 5.6823 57.6128 2.375 13.1304 56.3216 2.375 14.4498 57.6458 2.375 13.9216 54.1088 2.375 12.9346 54.2693 2.375 13.2952 51.856 2.375 12.3226 51.6235 2.375 15.9945 47.2329 2.375 18.3076 46.0143 2.375 10.5775 46.6748 2.375 10.2851 47.6311 2.375 8.32654 46.1013 2.375 8.723851 45.1554 2.375 7.62054 44.2275 2.375 8.44702 44.5251 2.375 8.98465 42.62 2.375 9.794651 43.2065 2.375 10.7789 41.6042 2.375 9.90761 41.1133 2.375 11.1878 40.8554 2.375 10.4458 40.0706 2.375 15.6764 39.266 2.375 17.9492 39.7673 2.375 11.9139 35.48 2.375 11.0912 36.0485 2.375 10.4779 33.6501 2.375 11.4204 33.3159 2.375 3.75481 43.0622 2.375 4.46464 42.0576 2.375 2.37653 40.571 2.375 -0.2875 39.611 2.375 -1.44467 34.3335 2.375 -1.53735 37.6361 2.375 -1.82263 36.056 2.375 3.79426 38.6802 2.375 4.55294 36.4084 2.375 3.77106 34.1965 2.375 -0.47778 32.8618 2.375 2.56019 32.3461 2.375 2.2546 30.771 2.375 7.70993 28.8857 2.375 6.76374 27.8951 2.375 9.21744 30.9111 2.375 10.0774 30.4007 2.375 8.37292 28.4707 2.375 8.302471 28.1299 2.375 8.78125 26.3125 2.375 9.41893 27.0828 2.375 10.7322 25.8172 2.375 10.4458 24.859 2.375 15.1128 25.5027 2.375 17.0163 27.0307 2.375 13.3495 21.1653 2.375 12.3772 21.3992 2.375 12.8599 17.25 2.375 14.2275 16.2877 2.375 5.26094 16.3439 2.375 6.21751 17.25 2.375 4.7805 19.2494 2.375 5.72533 19.577 2.375 3.92367 21.0016 2.375 4.72677 21.5974 2.375 3.02753 23.1906 2.375 2.42691 22.391 2.375 0.528186 23.468 2.375 0.594026 24.634 2.375 -0.578046 23.9741 2.375 -5.07121 28.6382 2.375 -5.87159 27.7434 2.375 -6.804831 28.3758 2.375 -7.51219 26.4506 2.375 -8.19986 27.1766 2.375 -10.0111 25.1607 2.375 -9.22647 24.5407 2.375 -10.856 23.7375 2.375 -10.4 22.8475 2.375 -6.0625 29.5625 2.375 -6.825221 28.9647 2.375 -14.9811 22.9273 2.375 -17.0182 23.9081 2.375 -12.6325 18.8338 2.375 -11.6825 19.1459 2.375 -11.8391 17.25 2.375 -13.0199 16.3112 2.375 -4.45189 16.4097 2.375 -5.03994 17.25 2.375 -3.7077 18.0841 2.375 -4.62027 18.4931 2.375 -3.29196 20.8294 2.375 -2.46391 20.2688 2.375 -1.73621 22.7795 2.375 -0.9855 22.1189 2.375 -7.21875 31.25 2.375 -8.0847 30.7499 2.375 -8.903391 32.584 2.375 -8.19693 33.2917 2.375 -13.1277 35.6431 2.375 -15.4688 35.6539 2.375 -8.682991 38.5584 2.375 -7.95 37.8782 2.375 -7.075611 40.4072 2.375 -7.97177 40.8509 2.375 -6.543531 43.0333 2.375 -6.70581 43.5862 2.375 -7.4967 45.3947 2.375 -8.21933 44.7035 2.375 -8.993822 47.077 2.375 -9.780342 46.4594 2.375 -10.8237 48.0797 2.375 -10.2519 48.9001 2.375 -16.2937 50.4467 2.375 -18.3202 50.0873 2.375 -12.5297 53.781 2.375 -11.6301 53.3442 2.375 -11.7916 56.4742 2.375 -12.8739 57.6344 2.375 -5.514561 56.4825 2.375 -4.38961 57.6413 2.375 -4.22807 54.7166 2.375 -5.192151 54.451 2.375 -3.31345 52.4233 2.375 -4.1875 51.9375 2.375 -2.70919 49.9285 2.375 -1.95507 50.5852 2.375 -8.834181 24.2307 4.25 -10.4 22.8475 3.75 -10.1719 22.4026 4.25 -9.22647 24.5407 3.75 -7.17015 26.0859 4.25 -7.51219 26.4506 3.75 -5.85702 27.1439 4.25 -5.87159 27.7434 3.75 6.61405 17.7392 4.25 12.3021 17.7467 4.25 11.8911 21.5162 4.25 -5.6835 29.8886 4.25 -4.75571 29.0261 4.25 0.866079 25.0535 4.25 3.32784 23.5903 4.25 1.96798 30.3613 4.25 5.128321 21.8953 4.25 6.197741 19.7408 4.25 6.47466 27.4871 4.25 8.46241 25.9273 4.25 10.3027 24.38 4.25 14.3402 25.0183 4.25 -2.32254 36.0467 4.25 -2.00325 37.8175 4.25 -1.90547 34.1394 4.25 -0.843807 32.5212 4.25 -7.5835 37.5381 4.25 -12.2173 35.626 4.25 -7.84369 33.6456 4.25 -6.78577 31.5001 4.25 -6.62753 40.1853 4.25 -5.17993 42.3645 4.25 1.26369 47.873 4.25 3.42134 49.4488 4.25 5.463951 51.3979 4.25 -0.665317 39.9385 4.250001 6.556571 53.3454 4.25 3.45353 43.4612 4.25 8.034041 46.5069 4.25 10.1389 48.1092 4.250001 11.8363 51.5073 4.25 15.1749 47.6513 4.25 12.441 54.3495 4.25 12.5829 55.8239 4.25 7.12431 55.8345 4.25 6.55657 53.3454 -4.25 12.441 54.3495 -4.25 11.8363 51.5073 -4.25 12.5829 55.8239 -4.25 7.12431 55.8345 -4.25 -2.00325 37.8175 -4.25 1.26369 47.873 -4.25 3.42134 49.4488 -4.25 5.46395 51.3979 -4.25 -0.665317 39.9385 -4.25 3.45353 43.4612 -4.25 8.034039 46.5069 -4.25 10.1389 48.1092 -4.25 15.1749 47.6513 -4.25 -0.843807 32.5212 -4.25 1.96798 30.3613 -4.25 -5.6835 29.8886 -4.25 -1.90547 34.1394 -4.25 -2.32254 36.0467 -4.25 -6.785771 31.5001 -4.25 -5.179931 42.3645 -4.25 -6.627531 40.1853 -4.25 -7.5835 37.5381 -4.25 -7.84369 33.6456 -4.25 -12.2173 35.626 -4.25 0.866079 25.0535 -4.25 -4.75571 29.0261 -4.25 3.32784 23.5903 -4.25 5.12832 21.8953 -4.25 6.19774 19.7408 -4.25 6.47466 27.4871 -4.25 6.61405 17.7392 -4.25 8.46241 25.9273 -4.25 10.3027 24.38 -4.25 11.8911 21.5162 -4.25 14.3402 25.0183 -4.25 12.3021 17.7467 -4.25 3.24898 32.4856 4.25 7.59346 29.5656 4.25 8.787451 31.1662 4.25 10.0066 33.8173 4.25 10.6799 36.3327 4.25 10.1539 39.6647 4.25 4.21917 33.9747 4.25 5.05293 36.4041 4.25 9.471991 40.8679 4.25 4.2371 38.9124 4.25 8.57965 42.3268 4.25 4.75128 41.6479 4.25 3.08381 40.461 4.25 7.532041 43.563 4.25 14.7729 39.0548 4.25 -11.2071 19.3009 4.25 -11.2979 17.7483 4.25 -5.38 17.7237 4.25 -1.33338 23.9051 4.25 -2.11157 23.1098 4.25 -3.70598 21.1098 4.25 -5.07655 18.6975 4.25 -14.1245 22.5404 4.25 4.2371 38.9124 -4.25 3.08381 40.461 -4.25 4.75128 41.6479 -4.25 7.53204 43.563 -4.25 8.57965 42.3268 -4.25 9.47199 40.8679 -4.25 5.05293 36.4041 -4.25 10.1539 39.6647 -4.25 4.21917 33.9747 -4.25 3.24898 32.4856 -4.25 10.6799 36.3327 -4.25 14.7729 39.0548 -4.25 10.0066 33.8173 -4.25 8.787451 31.1662 -4.25 7.59346 29.5656 -4.25 -5.936191 55.988 4.25 -11.2658 55.9756 4.25 -11.1797 53.1087 4.25 -6.20639 44.8311 4.25 -1.77941 48.3308 4.25 -3.08626 49.6001 4.25 -4.62453 51.6946 4.25 -7.13538 45.7403 4.25 -5.6742 54.3182 4.25 -8.600562 47.3858 4.25 -9.966051 49.3103 4.25 -15.3846 50.5866 4.25 -5.380001 17.7237 -4.25 -11.2979 17.7483 -4.250001 -11.2071 19.3009 -4.25 -7.17015 26.0859 -4.25 -5.85702 27.1439 -4.250001 -1.33338 23.9051 -4.25 -2.11157 23.1098 -4.25 -3.70598 21.1098 -4.25 -5.07655 18.6975 -4.25 -8.83418 24.2307 -4.25 -10.1719 22.4026 -4.25 -14.1245 22.5404 -4.25 -11.1797 53.1087 -4.25 -11.2658 55.9756 -4.25 -5.936191 55.988 -4.25 -3.08626 49.6001 -4.25 -1.77941 48.3308 -4.25 -6.20639 44.8311 -4.25 -4.62453 51.6946 -4.25 -7.13538 45.7403 -4.25 -5.674201 54.3182 -4.25 -8.600561 47.3858 -4.25 -9.966051 49.3103 -4.25 -15.3846 50.5866 -4.25 10.7789 41.6042 -2.375 11.5313 41.2188 -1.875 11.1878 40.8554 -2.375 11.2145 41.8496 -1.875 9.794651 43.2065 -2.375 10.1996 43.4997 -1.875 8.917471 44.6944 -1.875 8.44702 44.5251 -2.375 17.9492 39.7673 -2.375 18.4375 39.875 -1.875 14.2275 16.2877 -2.375 4.897951 16 -1.875 5.260941 16.3439 -2.375 14.6364 16 -1.875 -12.9795 53.9994 -1.875 -12.8739 57.6344 -2.375 -12.5297 53.781 -2.375 -13.215 58 -1.875 10.8753 26.2962 -1.875 17.4063 27.3438 -1.875 17.0163 27.0307 -2.375 10.7322 25.8172 -2.375 9.418931 27.0828 -2.375 9.737771 27.468 -1.875 8.79674 28.2054 -1.875 8.302471 28.1299 -2.375 13.8356 21.0483 -1.875 13.3495 21.1653 -2.375 12.3253 35.1958 -1.875 11.4204 33.3159 -2.375 11.9139 35.48 -2.375 11.8916 33.1488 -1.875 10.0774 30.4007 -2.375 10.5074 30.1456 -1.875 8.37292 28.4707 -2.375 -17.0182 23.9081 -2.375 -11.0841 24.1824 -1.875 -10.856 23.7375 -2.375 -17.4688 24.125 -1.875 14.4498 57.6458 -2.375 14.8027 58 -1.875 -4.165219 16 -1.875 -13.0199 16.3112 -2.375 -4.45189 16.4097 -2.375 -13.4113 16 -1.875 -9.25663 32.2301 1.875 -15.9688 35.6563 1.875 -7.21875 28.6563 1.875 -8.517681 30.4998 1.875 -11.0841 24.1824 1.875 -10.4034 25.4707 1.875 -8.543701 27.5396 1.875 14.4151 54.0285 -1.875 13.9216 54.1088 -2.375 13.7815 51.9722 -1.875 13.2952 51.856 -2.375 10.7237 46.1966 -1.875 18.3076 46.0143 -2.375 18.75 45.7813 -1.875 10.5775 46.6748 -2.375 8.723851 45.1554 -2.375 -7.21875 28.6563 -1.875 -6.82522 28.9647 -2.375 -6.80483 28.3758 -2.375 -8.0847 30.7499 -2.375 -9.256631 32.2301 -1.875 -8.90339 32.584 -2.375 -8.517682 30.4998 -1.875 -15.4688 35.6539 -2.375 -15.9688 35.6563 -1.875 -10.0111 25.1607 -2.375 -10.4034 25.4707 -1.875 -8.19986 27.1766 -2.375 -8.543702 27.5396 -1.875 13.7815 51.9722 1.875 18.75 45.7813 1.875 12.3253 35.1958 1.875 18.4375 39.875 1.875 4.89795 16 1.875 14.6364 16 1.875 4.69131 54.0671 1.875 5.36599 58 1.875 3.88485 52.6253 1.875 2.13987 50.9843 1.875 0.06503999 49.4737 1.875 -3.74603 54.8494 1.875 -4.04132 58 1.875 -2.87642 52.6662 1.875 -1.578 50.9136 1.875 -7.01678 43.1947 -1.875 -6.70581 43.5862 -2.375 -6.54353 43.0333 -2.375 -9.049491 38.8985 -1.875 -8.682991 38.5584 -2.375 -7.97177 40.8509 -2.375 -8.419852 41.0727 -1.875 -11.1096 47.6695 -1.875 -18.8125 50 -1.875 -18.3202 50.0873 -2.375 -10.8237 48.0797 -2.375 -9.780341 46.4594 -2.375 -10.1736 46.1506 -1.875 -8.580652 44.3579 -1.875 -8.219329 44.7035 -2.375 8.917471 44.6944 1.875 10.1996 43.4997 1.875 11.2145 41.8496 1.875 11.5313 41.2188 1.875 -12.9795 53.9994 1.875 -13.215 58 1.875 13.8356 21.0483 1.875 17.4063 27.3438 1.875 14.4151 54.0285 1.875 14.8027 58 1.875 10.7237 46.1966 1.875 -17.4688 24.125 1.875 -4.16522 16 1.875 -13.4113 16 1.875 0.5 22.9688 1.875 2.1266 21.9913 1.875 3.52212 20.7036 1.875 4.308091 19.0857 1.875 -18.8125 50 1.875 -9.04949 38.8985 1.875 -13.1075 18.6777 1.875 -13.1075 18.6777 -1.875 11.8916 33.1488 1.875 10.5074 30.1456 1.875 8.79674 28.2054 1.875 -11.1096 47.6695 1.875 -10.1736 46.1506 1.875 -8.580651 44.3579 1.875 -7.01678 43.1947 1.875 10.8753 26.2962 1.875 0.5 22.9688 -1.875 2.1266 21.9913 -1.875 3.52212 20.7036 -1.875 4.30809 19.0857 -1.875 -8.419851 41.0727 1.875 -3.25142 17.8797 1.875 -3.25142 17.8797 -1.875 -2.04989 19.9885 1.875 -2.04989 19.9885 -1.875 -0.610144 21.7885 1.875 -0.610144 21.7885 -1.875 9.737771 27.468 1.875 -0.9855 22.1189 -2.375 -0.578046 23.9741 -2.375 0.528186 23.468 -2.375 -1.73621 22.7795 -2.375 -2.46391 20.2688 -2.375 -3.29196 20.8294 -2.375 -3.7077 18.0841 -2.375 -4.62027 18.4931 -2.375 -5.03994 17.25 -2.375 -11.8391 17.25 -2.375 -12.6325 18.8338 -2.375 -11.6825 19.1459 -2.375 -14.9811 22.9273 -2.375 -10.4 22.8475 -2.375 -9.22647 24.5407 -2.375 -7.51219 26.4506 -2.375 -5.87159 27.7434 -2.375 -13.1277 35.6431 -2.375 -8.196931 33.2917 -2.375 -7.21875 31.25 -2.375 -6.0625 29.5625 -2.375 -5.07121 28.6382 -2.375 0.594026 24.634 -2.375 3.02753 23.1906 -2.375 2.42691 22.391 -2.375 3.92367 21.0016 -2.375 4.72677 21.5974 -2.375 5.72533 19.577 -2.375 4.7805 19.2494 -2.375 6.217511 17.25 -2.375 12.8599 17.25 -2.375 12.3772 21.3992 -2.375 15.1128 25.5027 -2.375 10.4458 24.859 -2.375 8.78125 26.3125 -2.375 6.76374 27.8951 -2.375 7.70993 28.8857 -2.375 2.2546 30.771 -2.375 2.56019 32.3461 -2.375 -0.47778 32.8618 -2.375 3.77106 34.1965 -2.375 -1.44467 34.3335 -2.375 4.55294 36.4084 -2.375 3.79426 38.6802 -2.375 2.37653 40.571 -2.375 -0.2875 39.611 -2.375 3.75481 43.0622 -2.375 4.46464 42.0576 -2.375 7.620541 44.2275 -2.375 -1.53735 37.6361 -2.375 -1.82263 36.056 -2.375 8.98465 42.62 -2.375 9.21744 30.9111 -2.375 10.4779 33.6501 -2.375 11.0912 36.0485 -2.375 15.6764 39.266 -2.375 10.4458 40.0706 -2.375 9.907611 41.1133 -2.375 -7.07561 40.4072 -2.375 -7.95 37.8782 -3.75 -7.95 37.8782 -2.375 -7.07561 40.4072 -3.75 -5.55425 42.696 -2.375 -5.55425 42.696 -3.75 0.953513 48.2651 -3.75 0.953513 48.2651 -2.375 3.10098 49.8327 -2.375 3.10098 49.8327 -3.75 5.06918 51.7047 -2.375 5.06918 51.7047 -3.75 6.09025 53.5258 -2.375 6.09025 53.5258 -3.75 6.737 56.3216 -2.375 6.737 56.3216 -3.75 -6.24025 44.1724 -3.75 -1.02899 48.292 -2.375 -6.24025 44.1724 -2.375 -1.02899 48.292 -3.75 -11.6301 53.3442 -3.75 -11.7916 56.4742 -2.375 -11.7916 56.4742 -3.75 -11.6301 53.3442 -2.375 -0.578046 23.9741 -3.75 -5.87159 27.7434 -3.75 7.70993 28.8857 -3.75 2.56019 32.3461 -3.75 -14.9593 22.9274 -3.75006 -11.6825 19.1459 -3.75 -11.8391 17.25 -3.75 -13.1277 35.6431 -3.75 13.1304 56.3216 -2.375 13.1304 56.3216 -3.75 15.9945 47.2329 -2.375 12.3226 51.6235 -3.75 12.3226 51.6235 -2.375 15.9945 47.2329 -3.75 10.2851 47.6311 -2.375 10.2851 47.6311 -3.75 -0.2875 39.611 -3.75 3.75481 43.0622 -3.75 8.32654 46.1013 -3.75 10.4458 24.859 -3.75 15.1128 25.5027 -3.75 8.781251 26.3125 -3.75 6.76374 27.8951 -3.75 2.2546 30.771 -3.75 -0.47778 32.8618 -3.75 -1.44467 34.3335 -3.75 -1.82263 36.056 -3.75 -1.53735 37.6361 -3.75 8.32654 46.1013 -2.375 12.9346 54.2693 -2.375 12.9346 54.2693 -3.75 12.3772 21.3992 -3.75 12.8599 17.25 -3.75 6.21751 17.25 -3.75 -1.73621 22.7795 -3.75 -3.29196 20.8294 -3.75 -4.62027 18.4931 -3.75 -5.03994 17.25 -3.75 3.77106 34.1965 -3.75 4.55294 36.4084 -3.75 3.79426 38.6802 -3.75 2.37653 40.571 -3.75 8.98465 42.62 -3.75 7.620541 44.2275 -3.75 9.90761 41.1133 -3.75 10.4458 40.0706 -3.75 15.6764 39.266 -3.75 11.0912 36.0485 -3.75 10.4779 33.6501 -3.75 9.21744 30.9111 -3.75 -5.51456 56.4825 -2.375 -5.51456 56.4825 -3.75 -16.2937 50.4467 -2.375 -10.2519 48.9001 -3.75 -10.2519 48.9001 -2.375 -16.2937 50.4467 -3.75 -10.4 22.8475 -3.75 -9.226469 24.5407 -3.75 -7.51219 26.4506 -3.75 4.46464 42.0576 -3.75 -8.993821 47.077 -3.75 -7.4967 45.3947 -3.75 -2.70919 49.9285 -2.375 -4.1875 51.9375 -2.375 -5.19215 54.451 -2.375 -6.24025 44.1724 3.75 -1.02899 48.292 3.75 -11.6301 53.3442 3.75 -11.7916 56.4742 3.75 -0.578046 23.9741 3.75 7.70993 28.8857 3.75 2.56019 32.3461 3.75 -14.9593 22.9274 3.75006 -11.6825 19.1459 3.75 -11.8391 17.25 3.75 2.37653 40.571 3.75 4.46464 42.0576 3.75 7.62054 44.2275 3.75 -5.19215 54.451 -3.75 -4.1875 51.9375 -3.75 -2.70919 49.9285 -3.75 -8.196931 33.2917 3.75 -13.1277 35.6431 3.75 -7.21875 31.25 3.75 -6.0625 29.5625 3.75 -5.07121 28.6382 3.75 0.594026 24.634 3.75 3.02753 23.1906 3.75 4.72677 21.5974 3.75 5.72533 19.577 3.75 6.21751 17.25 3.75 -7.95 37.8782 3.75 -7.075611 40.4072 3.75 -5.55425 42.696 3.75 0.953513 48.2651 3.75 3.10098 49.8327 3.75 5.06918 51.7047 3.75 6.09025 53.5258 3.75 6.737 56.3216 3.75 13.1304 56.3216 3.75 12.9346 54.2693 3.75 12.3226 51.6235 3.75 15.9945 47.2329 3.75 10.2851 47.6311 3.75 8.326539 46.1013 3.75 3.75481 43.0622 3.75 -0.2875 39.611 3.75 -1.53735 37.6361 3.75 -1.82263 36.056 3.75 -1.44467 34.3335 3.75 -0.47778 32.8618 3.75 2.2546 30.771 3.75 6.76374 27.8951 3.75 8.78125 26.3125 3.75 10.4458 24.859 3.75 15.1128 25.5027 3.75 -7.4967 45.3947 -2.375 -8.993821 47.077 -2.375 12.3772 21.3992 3.75 12.8599 17.25 3.75 -4.62027 18.4931 3.75 -5.03994 17.25 3.75 -3.29196 20.8294 3.75 -1.73621 22.7795 3.75 5.72533 19.577 -3.75 4.72677 21.5974 -3.75 3.02753 23.1906 -3.75 0.594026 24.634 -3.75 -5.07121 28.6382 -3.75 -6.0625 29.5625 -3.75 -7.21875 31.25 -3.75 -8.196931 33.2917 -3.75 9.907611 41.1133 3.75 10.4458 40.0706 3.75 8.98465 42.62 3.75 15.6764 39.266 3.75 11.0912 36.0485 3.75 10.4779 33.6501 3.75 9.21744 30.9111 3.75 -5.514561 56.4825 3.75 -8.993821 47.077 3.75 -10.2519 48.9001 3.75 -7.4967 45.3947 3.75 -16.2937 50.4467 3.75 -5.192151 54.451 3.75 -4.1875 51.9375 3.75 -2.70919 49.9285 3.75 3.794261 38.6802 3.75 4.55294 36.4084 3.75 3.77106 34.1965 3.75</float_array>
          <technique_common>
            <accessor source="#pickup_powerup_thorns-mesh-positions-array" count="690" stride="3">
              <param name="X" type="float"/>
              <param name="Y" type="float"/>
              <param name="Z" type="float"/>
            </accessor>
          </technique_common>
        </source>
        <source id="pickup_powerup_thorns-mesh-normals">
          <float_array id="pickup_powerup_thorns-mesh-normals-array" count="4464">0.03395098 0.6830664 -0.7295669 -0.1925667 0.7056992 -0.6818407 0.2639284 0.683319 -0.6807475 -0.7109144 0.2434482 -0.6597983 -0.5649145 0.4569493 -0.6870727 -0.7108954 0.2434691 -0.659811 -0.5649088 0.4569316 -0.6870892 -0.4534528 0.5422487 -0.7073521 -0.4534915 0.5422188 -0.7073502 -0.1925894 0.7056837 -0.6818503 -0.1919604 0.7048724 -0.6828662 -0.7867741 0.1349616 -0.6023055 -0.853762 0.2322894 -0.4659744 -0.9345728 0.1603392 -0.3175926 -0.7109035 0.2434481 -0.65981 0.6831278 0.1875249 -0.7058122 0.7239151 0.07894212 -0.6853578 0.723912 0.07894206 -0.685361 0.6831299 0.1875211 -0.7058112 0.6178418 0.3432616 -0.7074199 0.6178542 0.3431634 -0.7074567 0.5185824 0.4813081 -0.706693 0.5185912 0.4813063 -0.7066876 0.2639272 0.68333 -0.6807368 0.2639412 0.6833132 -0.6807482 0 0 1 0 0 1 0 0 1 0 0 1 1.26402e-7 0 1 1.4631e-7 0 1 0 0 1 0 0 1 1.58805e-7 0 1 1.26638e-7 0 1 0 0 1 0 0 1 0 0 1 0 0 1 0 0 1 0 0 1 0 0 1 0 0 1 0 0 1 0 0 1 1.62912e-7 0 1 0 0 1 0 0 1 0 0 1 0 0 1 0 0 1 -1.66378e-7 0 1 0 0 1 0 0 1 0 0 1 0 0 1 0 0 1 0 0 1 0 0 1 0 0 1 0 0 1 0 0 1 1.31146e-7 0 1 0 0 1 0 0 1 0 0 1 1.37059e-7 0 1 1.54752e-7 0 1 1.21401e-7 0 1 1.78244e-7 0 1 -2.19705e-7 0 1 -2.41322e-7 0 1 0 0 1 0 0 1 -0.5649146 0.4569447 0.6870758 -0.6017524 0.4403388 0.6663302 -0.6017522 0.440335 0.6663329 -0.5649043 0.4569262 0.6870965 -0.4865991 0.5129891 0.7071518 -0.4863781 0.5128334 0.7074167 -0.4534335 0.5422725 0.7073463 -0.453441 0.5422478 0.7073602 1.84768e-7 0 1 0 0 1 0 0 1 3.27989e-6 0 1 -7.94496e-7 0 1 0 0 1 0 0 1 1.71075e-6 0 1 0 0 1 0 0 1 0 0 1 0 0 1 -4.24768e-7 0 1 4.26573e-7 0 1 -1.33247e-7 0 1 3.24281e-7 0 1 0 0 1 0 0 1 -3.71505e-7 0 1 0 0 1 5.90701e-6 1.62983e-6 1 -5.80337e-6 2.71474e-6 1 0 0 1 2.02804e-7 0 1 -1.67551e-7 0 1 0 0 1 0 1.36371e-7 1 2.1323e-7 1.77972e-7 1 0 0 -1 0 0 -1 0 0 -1 1.17222e-6 0 -1 -1.64769e-7 0 -1 0 0 -1 -1.18448e-5 0 -1 0 0 -1 0 0 -1 0 0 -1 0 0 -1 0 0 -1 0 0 -1 0 0 -1 -2.66493e-7 0 -1 0 0 -1 0 0 -1 0 0 -1 1.62141e-7 0 -1 0 0 -1 1.63993e-6 0 -1 -2.73333e-7 0 -1 6.87739e-7 0 -1 1.74423e-6 0 -1 0 0 -1 1.82853e-7 0 -1 0 0 -1 0 0 -1 0 0 1 0 0 1 0 0 1 0 0 1 9.60829e-7 0 1 -1.66067e-7 0 1 0 0 1 0 0 1 0 0 1 0 0 1 -2.25266e-7 0 1 0 0 1 0 0 1 -1.68257e-7 0 1 1.39859e-7 0 1 0 0 1 0 0 -1 0 0 -1 -1.52712e-7 0 -1 0 0 -1 4.66571e-7 0 -1 0 0 -1 0 0 -1 0 0 -1 0 0 1 0 0 1 -1.87128e-7 0 1 0 0 1 0 0 1 0 0 1 0 0 1 1.56587e-7 0 1 0 0 -1 2.07539e-7 6.04674e-7 -1 0 2.09834e-7 -1 0 -2.14035e-7 -1 -2.11014e-7 -6.1582e-7 -1 -2.84165e-7 0 -1 -1.68257e-7 0 -1 0 0 -1 0 0 -1 0 0 -1 0 0 -1 0 0 -1 0 0 -1 -1.87128e-7 0 -1 0 0 -1 0 0 -1 1.546e-7 0 -1 0 0 -1 0.6178538 0.3432399 -0.7074201 0.3773094 0.5778197 -0.7237141 0.3772984 0.5778084 -0.7237289 0.6178576 0.3431292 -0.7074704 0.54747 0.4484442 -0.7065228 0.54742 0.4485821 -0.706474 0.4935293 0.5081098 -0.7058706 0.4935342 0.5081156 -0.7058629 0.3527635 0.7860501 -0.507625 0.1224719 0.7609868 -0.6371027 0.3773036 0.5778096 -0.7237253 0.1665824 0.9260662 -0.3386027 -0.005401551 -0.8686195 -0.4954504 -0.002814769 -0.9665946 -0.2562949 -0.005436599 -0.8686372 -0.495419 -0.002810657 -0.9666026 -0.2562651 -0.7562575 -0.06755083 -0.6507778 -0.7562453 -0.06755089 -0.6507918 -0.7562364 -0.06754982 -0.6508023 -0.7562543 -0.06754785 -0.6507818 0.1778688 0.6685917 -0.7220442 -0.1159878 0.7335607 -0.6696533 -0.1159967 0.7335777 -0.6696332 0.1778622 0.6685917 -0.7220459 0.4459497 0.5489631 -0.7069429 0.4459491 0.5489665 -0.7069407 0.4459422 0.5489521 -0.7069563 0.4459537 0.5489571 -0.7069451 0.8024248 0.1272966 -0.5830181 0.8840512 -0.02622097 -0.4666543 0.9402097 0.149165 -0.3061953 0.7408035 -0.118359 -0.661212 0.7408148 -0.118353 -0.6612005 0.6077194 -0.3609899 -0.7073637 0.607712 -0.3609943 -0.7073678 0.7408041 -0.1183714 -0.6612092 0.714434 -0.1629211 -0.680471 0.6774964 -0.2110916 -0.7045843 0.7144509 -0.1629227 -0.6804528 0.6774883 -0.2111169 -0.7045845 0.5854147 -0.3960171 -0.7074321 0.5853919 -0.3960484 -0.7074335 0.6311917 -0.3189609 -0.7070085 0.6311875 -0.3189516 -0.7070165 0.7144684 -0.162916 -0.6804362 0.02401649 0.9519395 -0.3053433 0.0283274 0.8128067 -0.5818444 0.02834069 0.8128068 -0.5818437 0.0240243 0.9519393 -0.3053434 0.02562487 0.9253186 -0.3783237 0.008472561 0.9812023 -0.192796 0.0256133 0.925315 -0.3783333 0.008469402 0.981202 -0.1927977 0.02403861 0.9519269 -0.3053807 -0.002976357 0.7897167 -0.6134644 -0.002972543 0.7897408 -0.6134335 0.02403163 0.9519279 -0.3053784 0.004707574 -0.9410076 -0.3383528 0.008858323 -0.7709844 -0.6367925 0.00886327 -0.7709657 -0.6368151 0.004707336 -0.9410023 -0.3383676 -0.5533302 -0.7266834 0.4071327 -0.4145203 -0.8120809 0.4107283 -0.4444943 -0.8708099 0.2100358 -0.5608413 -0.581497 0.5893372 -0.6347076 -0.326932 0.7001871 -0.6711302 -0.2316538 0.7042165 -0.6711358 -0.2316501 0.7042123 -0.6347095 -0.3269322 0.7001852 -0.5608294 -0.5815109 0.5893349 -0.5608412 -0.5814942 0.58934 -0.6671721 0.04257816 0.7436857 -0.6599918 0.2543245 0.7069159 -0.671144 -0.2316567 0.7042024 -0.6017544 0.4403396 0.6663278 -0.6563117 0.3896715 0.6460736 -0.6563112 0.389627 0.6461011 -0.60175 0.4403343 0.6663353 -0.4863685 0.5128393 0.707419 -0.4864006 0.5128132 0.7074158 -0.6599838 0.254325 0.706923 -0.6599924 0.2543326 0.7069123 0.6994611 -0.1076898 -0.7065106 0.705761 -0.06790471 -0.7051882 0.7057371 -0.06790804 -0.7052118 0.6994605 -0.1076475 -0.7065176 0.6774776 -0.2117313 -0.7044104 0.6775044 -0.2111194 -0.7045683 0.221726 -0.6715331 -0.7070226 -0.03766804 -0.7276872 -0.6848741 -0.03767788 -0.7276849 -0.684876 0.22175 -0.6715292 -0.7070187 0.6101847 -0.4633163 -0.6426607 0.6101658 -0.4633193 -0.6426764 0.7411538 -0.3255189 -0.5871357 -0.667172 0.04257941 -0.7436858 -0.6711441 -0.2316555 -0.7042025 -0.6599917 0.2543255 -0.7069156 -0.6347076 -0.3269315 -0.7001872 -0.5608279 -0.5815095 -0.5893376 -0.5608388 -0.5814928 -0.5893438 -0.6347103 -0.3269318 -0.7001845 -0.671131 -0.2316544 -0.7042155 -0.6711363 -0.2316508 -0.7042117 -0.41452 -0.8120803 -0.4107298 -0.5533305 -0.7266837 -0.4071317 -0.4444942 -0.8708095 -0.2100375 -0.5608417 -0.5814895 -0.5893443 -0.6563109 0.3896715 -0.6460744 -0.6017528 0.4403384 -0.66633 -0.6563106 0.3896275 -0.6461013 -0.6017486 0.4403327 -0.6663376 -0.4863682 0.5128394 -0.7074191 -0.4864009 0.5128134 -0.7074155 -0.6599933 0.2543305 -0.7069122 -0.6599907 0.2543299 -0.706915 0.5654566 0.4895712 0.6637612 0.565469 0.4895803 0.6637439 0.5654825 0.4895178 0.6637786 0.56547 0.4895763 0.663746 0.5395514 -0.7595432 0.3632884 0.5852472 -0.7895025 0.184856 0.5838621 -0.7905271 0.184857 0.5395435 -0.7595376 0.3633118 -0.005401968 -0.8686195 0.4954504 -0.00281465 -0.966596 0.2562895 -0.002811312 -0.966599 0.2562781 -0.005436658 -0.8686394 0.4954151 -0.8537621 0.2322892 0.4659742 -0.7867748 0.1349619 0.6023046 -0.9345731 0.1603397 0.3175914 -0.7109037 0.2434478 0.65981 -0.5649141 0.4569491 0.6870732 -0.7109141 0.243448 0.6597986 -0.7108955 0.2434691 0.659811 -0.5649081 0.4569313 0.68709 -0.4534528 0.5422487 0.7073521 -0.4534571 0.5422506 0.7073479 -0.1925704 0.7057031 0.6818356 -0.1920939 0.7050083 0.6826884 0.03395098 0.6830664 0.7295669 0.2639284 0.6833189 0.6807475 -0.1925668 0.7056993 0.6818406 0.6831277 0.187525 0.7058123 0.7239111 0.07894182 0.6853621 0.7239142 0.07894182 0.6853587 0.6831299 0.1875212 0.7058112 0.6178418 0.3432615 0.7074201 0.6178544 0.3431629 0.7074569 0.5185823 0.4813081 0.7066929 0.5185701 0.4813464 0.706676 0.2639274 0.6833302 0.6807366 0.2639413 0.6833133 0.6807481 -0.6497102 -0.1444857 -0.7463248 -0.6015644 -0.4066371 -0.6875802 -0.7077078 0.09403198 -0.7002198 -0.5290769 0.4687174 -0.7073765 -0.3111799 0.6640945 -0.6798129 -0.3111769 0.6640905 -0.6798182 -0.5290647 0.4687162 -0.7073866 -0.6341572 0.3092507 -0.7086669 -0.6341736 0.3092282 -0.708662 -0.7077257 0.09402358 -0.7002028 -0.7077344 0.094033 -0.7001927 -0.4267026 -0.5659785 -0.705403 -0.1678955 -0.7129075 -0.6808627 -0.1679352 -0.7129017 -0.680859 -0.4267076 -0.5659739 -0.7054036 -0.5666796 -0.42057 -0.7085162 -0.5666713 -0.4204558 -0.7085906 -0.4824485 -0.5041056 -0.7163246 -0.4824412 -0.5041372 -0.7163074 -0.6030343 -0.408548 -0.6851557 -0.601588 -0.406601 -0.687581 0.4935294 0.5081096 0.7058707 0.4935345 0.5081151 0.7058632 0.5474706 0.448445 0.7065219 0.54742 0.4485821 0.706474 0.617852 0.34326 0.7074118 0.6178495 0.3431969 0.7074446 0.3773089 0.5778195 0.7237145 0.3773018 0.5778096 0.7237261 0.1224715 0.7609838 0.6371062 0.3527636 0.7860504 0.5076245 0.3773036 0.5778102 0.7237247 0.166573 0.9260823 0.3385631 -0.7562464 -0.06755095 0.6507905 -0.7562574 -0.06755083 0.6507777 -0.7562364 -0.06754982 0.6508023 -0.7562555 -0.06754803 0.6507804 0.8840508 -0.02622097 0.4666548 0.8024241 0.1272965 0.5830192 0.9402093 0.1491649 0.3061966 0.7408031 -0.1183589 0.6612125 0.7408148 -0.1183531 0.6612005 0.6077188 -0.3609892 0.7073646 0.7408041 -0.1183717 0.6612092 0.6077119 -0.3609936 0.7073683 0.6994619 -0.1076474 0.7065162 0.6775031 -0.211119 0.7045696 0.6775004 -0.2111153 0.7045733 0.6994591 -0.1076894 0.7065125 0.70576 -0.06790453 0.7051893 0.7057362 -0.06790781 0.7052127 0.6101987 -0.4633147 0.6426485 0.6101843 -0.4633188 0.6426593 0.7411538 -0.3255189 0.5871357 0.221726 -0.6715336 0.7070221 0.2217508 -0.6715285 0.7070192 -0.0376681 -0.7276872 0.6848741 -0.0376777 -0.7276849 0.684876 0.02832764 0.8128085 0.5818418 0.02402621 0.9519354 0.3053553 0.02833491 0.8128049 0.5818465 0.02402526 0.9519335 0.3053613 0.02562481 0.9253188 0.3783235 0.007394671 0.9812054 0.192825 0.00846982 0.9812019 0.1927984 0.02561336 0.925315 0.3783332 -0.002976357 0.7897228 0.6134568 0.02402442 0.9519342 0.3053593 -0.002972602 0.7897531 0.6134176 0.02402281 0.9519354 0.3053556 0.008858323 -0.7709822 0.6367951 0.004707157 -0.9410174 0.3383253 0.008863329 -0.7709681 0.636812 0.004706144 -0.9410114 0.3383423 -0.4267116 -0.5659704 0.705404 -0.3502879 -0.6176084 0.7041721 -0.3502827 -0.6175952 0.7041862 -0.4267409 -0.5659731 0.7053841 -0.5665328 -0.4203491 0.7087647 -0.5665813 -0.4204934 0.7086403 -0.6711286 -0.2316693 0.7042129 -0.6711313 -0.2316568 0.7042144 -0.7007754 -0.1457441 0.6983356 -0.7007592 -0.145747 0.6983513 -0.9345896 0.1603112 -0.3175575 -0.9359577 0.2803174 0.2130857 -0.9345896 0.1603112 0.3175575 -0.9359576 0.2803176 -0.2130857 -0.5430012 0.8198595 -0.1816045 -0.5430015 0.8198587 0.1816076 -0.5436016 0.8194611 0.1816068 -0.5429983 0.8198591 -0.1816152 -0.396325 0.9181104 1.32411e-6 -0.396325 0.9181104 -3.45215e-7 -0.3963249 0.9181103 -1.47577e-6 -0.3963249 0.9181103 -4.87363e-7 -0.06952142 -0.9975805 4.54172e-6 -0.06952142 -0.9975805 -5.62745e-7 -0.06952142 -0.9975805 -3.05783e-7 -0.06952142 -0.9975805 0 -0.4444875 -0.8708047 -0.2100718 -0.6421669 -0.752246 0.1474708 -0.4444875 -0.870805 0.2100701 -0.642167 -0.7522463 -0.1474692 -0.7865538 -0.6175219 4.29415e-6 -0.7865537 -0.617522 0 -0.7865538 -0.6175218 3.29753e-7 -0.7865537 -0.6175221 3.89549e-7 0.5838572 -0.7905277 -0.1848696 0.5838634 -0.7905265 -0.1848556 0.7798982 0.6259064 0 0.7798982 0.6259065 0 0.7798983 0.6259064 0 0.7798981 0.6259065 0 -0.7226253 -0.69124 0 -0.8856689 -0.4643175 1.71656e-7 -0.7226248 -0.6912405 4.8632e-7 -0.885682 -0.4642926 -2.98229e-7 -0.8230822 -0.5679224 0 -0.8230549 -0.5679618 0 -0.9476491 0.1246684 -0.2939713 -0.9476459 0.1246964 0.29397 -0.947649 0.1246684 0.2939716 -0.9476459 0.1246964 -0.2939695 0.940204 0.1491573 -0.3062166 0.9739369 -0.07665455 0.213474 0.9402042 0.1491571 0.3062161 0.9739367 -0.07665437 -0.2134746 0.1665792 0.9260764 -0.3385764 0.1665633 0.9260798 0.3385751 0.1665792 0.9260765 0.3385761 0.1665633 0.9260793 -0.3385762 0.9870361 -0.1604986 0 0.8599655 -0.5103523 0 0.9870361 -0.1604984 0 0.8599656 -0.5103523 0 -0.6407837 0.7677216 3.26907e-7 -0.6840595 0.7294262 0 -0.6408209 0.7676905 -2.27791e-7 -0.684073 0.7294136 2.03668e-7 -0.821922 0.5696002 4.46499e-7 -0.8219436 0.5695691 3.16092e-7 -0.8962191 0.4436118 -7.30726e-7 -0.8962204 0.4436092 1.26996e-6 0.9556627 -0.2944639 -3.20486e-7 0.9804441 -0.196798 -2.08028e-7 0.9556624 -0.2944644 0 0.9804441 -0.1967977 -3.69089e-7 0.995474 -0.09503424 5.54044e-7 0.9954695 -0.09508198 -1.56037e-7 0.6155096 -0.7881295 0 0.6155095 -0.7881296 1.4677e-6 0.6155093 -0.7881298 0 0.6155097 -0.7881293 -1.47466e-6 -0.9326362 0.3608183 0 -0.7846384 0.6199539 0 -0.9326363 0.3608179 0 -0.7846224 0.6199739 0 -0.6406688 0.7678175 -1.64235e-6 -0.6406322 0.767848 0 -0.5799503 0.8146519 0 -0.5799502 0.8146519 0 0.9424849 -0.3342487 -2.28608e-7 0.9804438 -0.1967999 2.21878e-7 0.9804435 -0.1968005 -7.6916e-7 0.9424813 -0.3342589 -3.3102e-7 0.8280584 -0.5606418 0 0.8280503 -0.5606541 -4.6483e-7 0.751002 -0.6602999 -4.84188e-7 0.7510015 -0.6603005 0 -0.2895851 -0.9571523 0 -0.2895851 -0.9571523 0 -0.2895851 -0.9571523 0 -0.2895851 -0.9571523 0 -0.8659502 -0.5001302 1.75403e-6 -0.7865264 -0.6175568 1.15789e-6 -0.8659506 -0.5001296 -1.36126e-6 -0.7865023 -0.6175873 2.77757e-7 -0.6973026 -0.7167769 0 -0.6973121 -0.7167676 1.05253e-5 -0.6005726 -0.7995703 -6.60425e-7 -0.6005721 -0.7995707 0 -0.1366171 0.990624 1.89296e-6 -0.136617 0.990624 4.03869e-7 -0.1366171 0.990624 1.82421e-7 -0.136617 0.990624 0 0.9640821 0.2656048 0 0.9932982 0.1155803 1.07444e-6 0.9932982 0.1155802 -1.06937e-6 0.9640823 0.2656039 0 0.8741948 0.4855756 0 0.8741731 0.4856145 0 0.7541081 0.6567505 0 0.7541079 0.6567507 0 0.6578222 0.7531732 0 0.6578222 0.7531732 0 -0.515092 -0.857135 0 -0.6002922 -0.7997808 0 -0.5150919 -0.857135 0 -0.6002922 -0.7997808 0 -0.8230469 -0.5679736 0 -0.8230591 -0.5679557 -1.66176e-5 -0.9448224 -0.327583 2.01929e-7 -0.9448128 -0.3276108 0 -0.9783452 -0.2069802 -9.00282e-7 -0.978355 -0.2069337 6.15911e-7 -0.9986761 -0.05144131 3.50378e-7 -0.9986761 -0.05144131 0 -0.9986761 -0.05144155 -3.52039e-7 -0.9986761 -0.05144107 0 -0.8962245 0.4436008 2.28136e-7 -0.8218931 0.5696418 -1.04914e-6 -0.8218929 0.5696421 1.04419e-6 -0.8962139 0.4436223 -8.49637e-6 -0.960533 0.2781661 3.79607e-7 -0.9605332 0.2781659 2.47512e-7 0.9125813 -0.4088953 0 0.8845832 -0.4663825 0 0.9125812 -0.4088957 2.44353e-7 0.8845834 -0.4663823 0 0.8280844 -0.5606034 0 0.8280586 -0.5606416 0 0.75068 -0.6606661 0 0.7506588 -0.6606903 0 0.7507151 -0.6606262 1.58965e-6 0.750715 -0.6606262 -1.58215e-6 0.4459431 0.5489528 0.7069552 0.4459556 0.5489581 0.7069432 0.4459496 0.5489627 0.7069433 0.4459481 0.5489656 0.706942 0.1778694 0.6685926 0.7220432 0.1778653 0.6685906 0.7220461 -0.1159914 0.7335492 0.6696653 -0.1159877 0.7335639 0.6696498 0.6311874 -0.3189523 0.7070162 0.7144684 -0.162916 0.6804362 0.6311926 -0.3189613 0.7070076 0.5854146 -0.3960178 0.7074319 0.5854213 -0.3960083 0.7074317 0.6774882 -0.2111173 0.7045845 0.6774957 -0.2110913 0.704585 0.7144067 -0.1628993 0.6805049 0.7144503 -0.1629226 0.6804535 -0.6497089 -0.1444854 0.7463259 -0.707706 0.09403258 0.7002215 -0.6015633 -0.406637 0.6875814 -0.7077255 0.09402346 0.700203 -0.6341575 0.3092503 0.7086668 -0.7077345 0.09403288 0.7001926 -0.6341737 0.3092278 0.708662 -0.5290698 0.4686873 0.7074019 -0.5290648 0.4687166 0.7073863 -0.3111811 0.6640964 0.6798105 -0.3111783 0.6640922 0.679816 -0.6015778 -0.4066303 0.6875725 -0.6026737 -0.4080496 0.6857696 -0.4824414 -0.504137 0.7163074 -0.4824484 -0.504105 0.7163251 -0.5666792 -0.420569 0.7085171 -0.5666792 -0.420493 0.7085623 -0.4267028 -0.5659787 0.7054027 -0.4267075 -0.5659745 0.7054032 -0.1679205 -0.7128764 0.6808891 -0.1678965 -0.7129114 0.6808584 0.8936327 0.4487991 -5.29484e-7 0.8741785 0.4856047 -3.47781e-7 0.8936338 0.4487971 -7.20552e-7 0.8741554 0.4856464 -1.56253e-7 0.7541236 0.6567325 0 0.7541379 0.6567161 0 0.6577325 0.7532517 -1.64798e-6 0.6577326 0.7532517 1.55056e-6 0.6977081 0.7163822 0 0.6577172 0.753265 -5.06583e-6 0.6977086 0.7163817 0 0.6577321 0.753252 0 0.6167961 0.787123 0 0.6167968 0.7871226 0 0 0 -1 0 0 -1 0 0 -1 0 0 -1 0 0 -1 0 0 -1 0 0 -1 0 0 -1 1.7518e-7 0 -1 2.06337e-7 0 -1 0 0 -1 0 0 -1 0 0 -1 -1.31228e-7 0 -1 0 0 -1 0 0 -1 1.31146e-7 0 -1 0 0 -1 0 0 -1 0 0 -1 0 0 -1 0 0 -1 0 0 -1 -1.66378e-7 0 -1 0 0 -1 0 0 -1 0 0 -1 0 0 -1 1.62911e-7 0 -1 0 0 -1 0 0 -1 0 0 -1 0 0 -1 0 0 -1 0 0 -1 0 0 -1 0 0 -1 0 0 -1 0 0 -1 0 0 -1 -2.04639e-7 0 -1 0 0 -1 0 0 -1 0 0 -1 1.58805e-7 0 -1 0 0 -1 0 0 -1 0 0 -1 0 0 -1 -0.6711307 -0.2316567 -0.7042151 -0.7007749 -0.1457443 -0.698336 -0.7007587 -0.1457473 -0.6983517 -0.671128 -0.2316691 -0.7042135 -0.5665145 -0.4203216 -0.7087956 -0.5665572 -0.4204714 -0.7086725 -0.4267114 -0.5659704 -0.7054042 -0.4267016 -0.5659717 -0.7054091 -0.3502828 -0.6175952 -0.7041863 -0.3502879 -0.6176084 -0.7041721 -0.8965419 0.4429588 -5.45885e-7 -0.9451054 0.3267657 0 -0.9451054 0.3267658 0 -0.896497 0.4430498 0 -0.7486304 0.6629876 0 -0.6407155 0.7677784 0 -0.6407376 0.7677601 0 -0.6407369 0.7677606 0 -0.6407369 0.7677605 0 -0.7846174 0.6199804 0 -0.7846101 0.6199896 0 -0.9326267 0.3608428 0 -0.9326267 0.360843 0 -0.9742717 0.2253773 0 -0.9742716 0.2253774 0 0.5654691 0.4895807 -0.6637436 0.5654553 0.4895702 -0.6637631 0.5654826 0.489518 -0.6637783 0.5654689 0.4895753 -0.6637477 0.5395529 -0.7595403 -0.3632922 0.5395437 -0.7595387 -0.3633095 -0.7289795 -0.1883844 -0.6581035 -0.5559997 -0.4805305 -0.6781997 -0.7289746 -0.1883628 -0.6581152 -0.5559992 -0.4805416 -0.6781922 -0.8176493 0.1255878 -0.5618519 -0.8822069 -0.09025681 -0.4621309 -0.7289735 -0.1883918 -0.6581081 -0.9476528 0.1246873 -0.293951 -0.502325 0.787496 -0.3570989 -0.5023447 0.7874761 -0.3571153 0.5318042 -0.4701806 -0.704354 0.4721965 -0.5298115 -0.7045072 0.4722146 -0.5298191 -0.7044893 0.5317913 -0.4701758 -0.7043669 0.5852357 -0.3965344 -0.7072905 0.5853192 -0.396528 -0.7072249 0.6311819 -0.3189713 -0.7070126 0.6310819 -0.319066 -0.707059 0.6580601 -0.2554264 -0.7083179 0.6580556 -0.255418 -0.7083252 0.6155128 -0.7881269 2.81677e-7 0.6155128 -0.788127 0 0.6155128 -0.7881269 -2.83013e-7 0.6155128 -0.788127 0 -0.9986715 -0.05152875 8.23938e-7 -0.9986715 -0.05152916 7.13723e-7 -0.9986715 -0.0515294 6.52473e-7 -0.9986715 -0.05152851 8.85188e-7 0.5732594 0.819374 0 0.5732593 0.8193741 -3.96178e-7 0.5732594 0.819374 0 0.5732593 0.8193741 3.98056e-7 -0.557736 -0.8300184 0 -0.5577362 -0.8300184 0 -0.5577362 -0.8300184 0 -0.557736 -0.8300185 0 -0.7139688 -0.6210078 -0.3234162 -0.7580223 -0.6522287 1.09423e-5 -0.7580186 -0.6522331 2.75468e-5 -0.7139744 -0.6210042 -0.3234105 -0.6031201 -0.5226491 -0.6025646 -0.7611789 -0.4219917 -0.4924731 -0.7139653 -0.6210148 -0.3234103 -0.6711166 -0.2316647 -0.7042258 -0.6980847 0.0408439 -0.7148494 -0.6711261 -0.2316734 -0.7042139 -0.6711366 -0.2316796 -0.7042019 -0.6980843 0.04084908 -0.7148494 -0.3963277 0.9181092 0 -0.3706021 0.8759279 -0.308876 -0.3706293 0.8759161 -0.3088768 -0.3086616 0.7480449 -0.5875005 -0.5198407 0.712956 -0.4705948 -0.5276404 0.5261865 -0.6668759 -0.370639 0.8759133 -0.3088734 -0.6599217 0.2542812 -0.7069969 -0.6930086 0.1580644 -0.703388 -0.6929943 0.1580554 -0.7034042 -0.6598696 0.2542318 -0.7070632 -0.5649081 0.4569261 -0.6870934 -0.5649093 0.4569316 -0.6870888 -0.4534523 0.5420913 -0.707473 -0.4535244 0.5421271 -0.7073994 -0.4534829 0.5423259 -0.7072737 -0.4534398 0.5422666 -0.7073467 -0.5292726 0.4687143 -0.7072322 -0.52901 0.4686836 -0.7074491 -0.6341519 0.309355 -0.708626 -0.6341741 0.3093132 -0.7086246 -0.5276415 0.5261884 -0.6668736 -0.5276551 0.5261971 -0.6668558 -0.00143814 0.999999 0 -0.00143814 0.999999 0 -0.00143814 0.999999 0 -0.00143814 0.999999 0 0.7541522 0.6566996 1.32653e-7 0.754121 0.6567357 -1.17937e-6 0.7541524 0.6566994 0 0.7541523 0.6566997 0 -0.06957578 -0.9975767 0 -0.07551497 -0.9522773 -0.2957457 -0.06957578 -0.9975767 0 -0.07552903 -0.9522764 -0.2957453 -0.07472938 -0.8217022 -0.5649966 0.1093018 -0.8816886 -0.458997 0.1918562 -0.7327713 -0.6528687 -0.07553058 -0.95227 -0.2957653 0.4168832 -0.5849022 -0.6957715 0.5317981 -0.470156 -0.704375 0.5318014 -0.4701504 -0.7043763 0.4168736 -0.5849242 -0.6957587 0.4168759 -0.5849007 -0.6957771 0.4168785 -0.5849112 -0.6957668 0.1918591 -0.7327697 -0.6528695 0.1918404 -0.7327771 -0.6528667 0.1778625 0.668609 -0.7220297 -0.1159753 0.7335786 -0.6696358 -0.1159828 0.7335692 -0.6696449 0.1778576 0.6685953 -0.7220437 0.4459768 0.5489547 -0.7069324 0.4459749 0.5489445 -0.7069415 0.4072445 0.5808764 -0.704794 0.407253 0.5808551 -0.7048067 0.4073122 0.5808656 -0.7047638 0.407312 0.5808649 -0.7047645 0.5186182 0.4812886 -0.7066799 0.5186635 0.4812823 -0.7066509 0.652156 0.2741504 -0.7067773 0.6521402 0.2741748 -0.7067824 0.706848 0.0130639 -0.7072449 0.706288 0.01312577 -0.7078029 0.658133 -0.2554693 -0.7082347 0.6582366 -0.2555707 -0.7081019 0.5732625 0.8193718 1.43679e-7 0.6577312 0.7532528 7.79201e-7 0.5732592 0.8193742 0 0.6577052 0.7532755 1.18307e-6 0.6577404 0.7532447 5.14361e-7 0.6577406 0.7532446 0 0.5743969 -0.818577 0 0.6155631 -0.7880877 0 0.6155632 -0.7880875 0 0.5743908 -0.8185812 6.50342e-6 0.5744242 -0.8185579 0 0.5744033 -0.8185726 0 0.7506631 -0.6606854 0 0.7506713 -0.6606759 0 0.9424816 -0.334258 0 0.9424731 -0.3342821 0 0.9998254 0.01868933 0 0.9998254 0.01868933 0 0.9215908 0.388163 0 0.9215908 0.388163 0 0.7541117 0.6567463 0 0.7541103 0.6567478 0 0.5732367 0.8193899 0 0.5732366 0.8193899 0 0.9870331 -0.160517 8.3581e-7 0.9954799 -0.09497362 0 0.9954798 -0.0949741 -8.8924e-7 0.9870331 -0.1605167 1.08186e-6 0.9688208 -0.247763 -7.61725e-7 0.9688207 -0.247763 1.10143e-6 -0.1366326 0.9906219 0 -0.1366326 0.9906218 0 -0.1366326 0.9906218 0 -0.1366326 0.9906218 0 0.8280465 -0.5606594 -4.18297e-7 0.7872965 -0.5362846 -0.3042419 0.8280462 -0.5606601 -4.22656e-7 0.787289 -0.5362961 -0.3042412 0.6678073 -0.4670096 -0.5795994 0.815591 -0.3457844 -0.4639446 0.7239579 -0.2015501 -0.6597443 0.7872861 -0.5363115 -0.3042218 0.7244591 -0.2021179 -0.6590201 0.7239038 0.07894474 -0.6853693 0.7247213 -0.2020844 -0.6587421 0.7238946 0.07894533 -0.6853789 0.9933009 0.1155568 0 0.9933009 0.1155568 0 0 -1 0 0.7179716 -0.6960725 0 0.7507174 -0.6606235 0 0.7507174 -0.6606235 0 0.8280474 -0.5606582 0 0.8280473 -0.5606583 0 0.9125661 -0.4089294 0 0.9125661 -0.4089295 0 0.9424776 -0.3342694 -7.31667e-7 0.9424777 -0.3342694 7.28214e-7 0 -1 -1.42482e-6 0 -1 -2.07335e-7 0 -1 -1.63216e-6 -0.9966061 0.08231896 2.17897e-7 -0.9966062 0.08231836 3.28989e-7 -0.9966062 0.08231723 5.46886e-7 -0.9966059 0.08232015 0 -0.8962237 0.4436025 0 -0.8219009 0.5696306 0 -0.8218737 0.5696699 0 -0.8962237 0.4436024 0 -0.9999619 0.008733808 0 -0.9999619 0.008733808 0 -0.8856784 -0.4642993 0 -0.8856784 -0.4642994 0 -0.7865049 -0.6175841 0 -0.786505 -0.6175839 0 0.8100005 0.5864291 -6.62995e-7 0.7541263 0.6567294 6.14331e-7 0.7541261 0.6567296 -6.11432e-7 0.8100003 0.5864297 0 0.8740838 0.4857754 -1.56853e-6 0.8740814 0.4857795 -1.86744e-6 0.8740557 0.485826 -7.24222e-7 0.8740552 0.485827 0 0.1520372 0.9883748 0 0.1520372 0.9883748 0 0.1520372 0.9883748 0 0.5744037 -0.8185723 0 0.5417972 -0.7911166 -0.2838843 0.5744034 -0.8185724 0 0.5417864 -0.7911242 -0.2838838 0.4645267 -0.6985006 -0.5443453 0.6380355 -0.6245249 -0.4504213 0.6101713 -0.4633333 -0.6426612 0.541777 -0.79113 -0.2838858 0.6101864 -0.463336 -0.6426448 0.658059 -0.2554064 -0.7083261 0.610177 -0.463336 -0.6426538 0.6580689 -0.2553802 -0.7083264 0.6078832 -0.3611826 -0.7071247 0.6078317 -0.3610209 -0.7072514 0.5853784 -0.3960707 -0.707432 0.5853755 -0.3960721 -0.7074337 -0.001321792 0.9999992 2.28321e-7 -0.001321792 0.9999991 1.4348e-6 -0.001321792 0.9999992 1.66312e-6 -0.001321792 0.9999992 0 -0.2479872 -0.9687633 -5.19288e-7 -0.2479872 -0.9687634 -3.23967e-6 -0.2479872 -0.9687634 -3.75896e-6 -0.2479872 -0.9687633 0 9.34342e-4 -0.7089479 -0.7052603 9.7318e-4 -0.7089478 -0.7052602 9.32821e-4 -0.7089549 -0.7052533 9.90813e-4 -0.7090005 -0.7052074 -0.4223212 0.7040761 -0.5708955 -0.4978354 0.8140377 -0.29917 -0.4223148 0.7040907 -0.5708822 -0.497839 0.8140459 -0.2991417 -0.5277377 0.8494074 0 -0.5277374 0.8494076 0 0.4072622 0.5808296 -0.7048224 0.4072365 0.5808342 -0.7048334 0.4072445 0.5808189 -0.7048413 0.4072325 0.5808382 -0.7048324 9.16111e-4 -0.7089722 -0.705236 9.31494e-4 -0.7089463 -0.705262 9.30503e-4 -0.7089627 -0.7052454 9.63712e-4 -0.708942 -0.7052662 -0.3852258 -0.5803577 -0.717486 -0.3852314 -0.5803613 -0.71748 -0.3852161 -0.5803503 -0.7174971 -0.3852109 -0.5803443 -0.7175047 -0.7479891 -0.02248442 -0.6633301 -0.7479931 -0.02248251 -0.6633257 -0.7480492 -0.02246558 -0.663263 -0.7480113 -0.02247774 -0.6633054 0.4403502 -0.557039 -0.7041301 0.4403916 -0.5570794 -0.7040723 0.4403972 -0.5570849 -0.7040645 0.4403477 -0.5570365 -0.7041337 -0.00165683 0.7071651 -0.7070466 -0.001703858 0.7071145 -0.707097 -0.001666069 0.7071358 -0.7070758 -0.001755058 0.7070767 -0.7071347 -0.001844704 0.7069854 -0.7072259 -0.00165528 0.7071267 -0.707085 -0.001654028 0.7071037 -0.707108 -0.002023041 0.7069461 -0.7072646 0.02833855 0.8127958 -0.5818591 0.0240274 0.9519277 -0.3053791 0.02834433 0.8128179 -0.5818279 0.02403056 0.9519346 -0.3053573 -0.001336932 0.9999992 -4.45005e-7 -0.001323044 0.9999992 8.28324e-7 0.3773145 0.5778052 -0.723723 0.09820014 0.7437676 -0.6611857 0.09820479 0.743761 -0.6611924 0.3773337 0.5778117 -0.7237079 0.6178526 0.3432319 -0.7074251 0.6178655 0.3432062 -0.7074263 0.5734744 0.4146297 -0.7065475 0.5733978 0.4146057 -0.7066238 0.518601 0.4812863 -0.7066941 0.5185877 0.4813022 -0.7066931 -0.7845838 0.6200229 1.46414e-7 -0.8218935 0.5696412 0 -0.8218936 0.5696411 0 -0.7845838 0.620023 0 -0.6840884 0.7293992 0 -0.6840884 0.7293992 0 -0.6407143 0.7677795 0 -0.6407144 0.7677794 0 -0.4101773 0.576142 -0.7069761 -0.410144 0.5761629 -0.7069782 -0.4101493 0.5761583 -0.706979 -0.4101585 0.5761563 -0.7069753 -0.4101571 0.5761327 -0.7069953 -0.4101763 0.576143 -0.7069757 -0.3852195 -0.5803537 -0.7174926 -0.1679067 -0.7128973 -0.6808707 -0.1679108 -0.7128791 -0.6808886 -0.3852269 -0.5803529 -0.7174893 -0.5667178 -0.4205735 -0.7084835 -0.5667106 -0.4205899 -0.7084796 -0.5130509 -0.4894778 -0.7051172 -0.5130137 -0.4894768 -0.705145 -0.5129638 -0.4894087 -0.7052286 -0.512974 -0.4893976 -0.7052289 0.9424802 -0.334262 -1.14332e-6 0.9688264 -0.2477408 -3.61718e-7 0.9688265 -0.2477405 0 0.9424802 -0.3342621 -1.11729e-6 0.8599779 -0.5103313 -2.07914e-7 0.859978 -0.5103312 0 0.8021885 -0.5970709 0 0.8021885 -0.5970709 0 0 0 -1 0 0 -1 0 0 -1 0 0 -1 -0.5560003 -0.4805318 0.6781983 -0.7289795 -0.1883842 0.6581037 -0.7289741 -0.1883619 0.658116 -0.5559995 -0.4805429 0.678191 -0.8176501 0.1255878 0.5618506 -0.8822076 -0.0902571 0.4621294 -0.9476532 0.1246874 0.2939496 -0.7289745 -0.188392 0.6581069 -0.5023249 0.787496 0.3570989 -0.5023447 0.7874761 0.3571153 0.6155128 -0.788127 0 -0.9986716 -0.05152881 6.52209e-7 -0.9986715 -0.05152916 2.32979e-7 -0.9986715 -0.0515294 0 0.5732594 0.819374 0 0.5732593 0.8193741 3.98056e-7 0.5732593 0.8193741 -3.96178e-7 -0.7580223 -0.6522286 -1.09777e-5 -0.7139688 -0.6210079 0.3234159 -0.7580186 -0.6522331 -2.77739e-5 -0.7139742 -0.6210044 0.3234105 -0.7611793 -0.4219918 0.4924727 -0.6031189 -0.5226482 0.6025666 -0.7139647 -0.6210141 0.3234131 -0.671117 -0.2316653 0.7042253 -0.6980844 0.04084378 0.7148496 -0.6711248 -0.2316723 0.7042155 -0.6980847 0.04084855 0.7148491 -0.6711348 -0.2316783 0.704204 -0.5799695 0.8146383 0 -0.5800119 0.8146082 0 -0.5800084 0.8146106 0 -0.579962 0.8146435 0 -0.579962 0.8146435 0 0.9640848 0.2655951 0 0.9876394 0.1567439 0 0.9876393 0.1567438 0 0.8740525 0.4858316 0 0.8740525 0.4858316 0 0.7541247 0.6567314 0 0.6977299 0.7163609 0 0.69773 0.7163609 0 -0.4304433 -0.9026177 0 -0.722629 -0.6912361 1.45391e-7 -0.4304432 -0.9026176 0 -0.7226388 -0.691226 1.73282e-7 -0.865949 -0.5001322 0 -0.7580133 -0.6522391 0 -0.7580134 -0.6522391 0 -0.6310133 -0.775772 0 -0.6310134 -0.775772 0 -0.5577269 -0.8300246 0 -0.5577304 -0.8300222 0 -0.6006228 -0.7995325 0 -0.6006229 -0.7995325 0 -0.8230621 -0.5679513 0 -0.8230417 -0.567981 3.05164e-7 -0.9448264 -0.3275716 0 -0.9448265 -0.3275715 0 -0.9783558 -0.2069303 0 -0.9783558 -0.2069301 0 -0.3963277 0.9181092 4.62746e-7 -0.3706015 0.8759273 0.3088787 -0.3706293 0.8759161 0.3088768 -0.3963275 0.9181092 3.03944e-6 -0.3086616 0.7480449 0.5875005 -0.5198407 0.7129561 0.4705948 -0.3706389 0.8759133 0.3088734 -0.5276404 0.5261865 0.6668758 -0.6341738 0.3093126 0.708625 -0.5276427 0.5261891 0.666872 -0.527657 0.5261977 0.6668539 -0.6341562 0.3093072 0.7086431 -0.5288708 0.4686982 0.7075435 -0.5290053 0.4686824 0.7074533 -0.4535151 0.5423535 0.7072318 -0.4534355 0.5422709 0.7073461 -0.4535243 0.5421271 0.7073994 -0.4534523 0.5420914 0.707473 -0.5649077 0.4569264 0.6870935 -0.5649089 0.456932 0.6870889 -0.6600912 0.2543668 0.7068077 -0.6599212 0.2542811 0.7069973 -0.6929949 0.1580555 0.7034036 -0.693009 0.1580658 0.7033874 -0.9326266 0.360843 0 -0.7846101 0.6199896 0 -0.7846174 0.6199804 0 -0.6407369 0.7677606 0 -0.6407156 0.7677784 0 -0.6407376 0.7677601 0 -0.7486304 0.6629877 0 -0.8965645 0.4429135 -4.45875e-7 -0.8965419 0.442959 0 -0.9451056 0.3267653 0 0.9688208 -0.247763 1.10143e-6 0.9870331 -0.1605174 0 0.9688207 -0.247763 -1.10665e-6 0.9870331 -0.1605174 -1.66856e-7 0.9954798 -0.0949741 -5.56256e-7 0.7541522 0.6566998 -9.52606e-7 0.7541523 0.6566997 0 0.7541207 0.6567359 9.59423e-7 -0.06957578 -0.9975767 -6.59174e-6 -0.07551491 -0.9522777 0.2957445 -0.07552903 -0.9522788 0.2957371 -0.07472938 -0.8217022 0.5649965 0.1093018 -0.8816893 0.458996 -0.07553052 -0.95227 0.2957652 0.1918562 -0.7327721 0.6528678 0.4168757 -0.5849028 0.6957755 0.1918617 -0.7327733 0.6528648 0.1909269 -0.7315891 0.654465 0.4168789 -0.5849124 0.6957654 0.4168911 -0.5848864 0.69578 0.4168832 -0.5849022 0.6957713 0.5317981 -0.4701564 0.7043749 0.5317847 -0.4701907 0.7043619 0.658212 -0.2555493 0.7081325 0.6581593 -0.2554882 0.7082034 0.7068477 0.01306384 0.7072452 0.7062559 0.01312977 0.707835 0.6521401 0.2741749 0.7067825 0.6520881 0.2741637 0.7068349 0.5187383 0.4812801 0.7065976 0.5186833 0.4813085 0.7066185 0.4072846 0.580845 0.7047967 0.4072849 0.5808455 0.7047961 0.4072445 0.5808768 0.7047937 0.4072369 0.5808951 0.7047831 0.4459748 0.5489447 0.7069414 0.4459772 0.5489547 0.7069322 0.1778466 0.6685858 0.7220551 0.1778595 0.6685962 0.7220423 -0.1159828 0.7335695 0.6696446 -0.1159753 0.7335787 0.6696358 -0.7226293 -0.6912359 0 -0.6972982 -0.7167812 0 -0.6972984 -0.716781 0 -0.7226292 -0.691236 0 -0.7865294 -0.6175529 0 -0.7865294 -0.6175529 0 -0.8230506 -0.5679682 0 -0.8230504 -0.5679684 0 0.5744242 -0.8185579 1.99639e-5 0.5743907 -0.8185813 -2.02638e-7 0.5744034 -0.8185725 0 0.5743969 -0.818577 6.31433e-6 0.6155633 -0.7880876 -2.8891e-6 0.6155635 -0.7880874 -4.25944e-6 0.6577404 0.7532447 0 0.6577312 0.7532528 0 0.6577052 0.7532755 0 0.5733026 0.8193438 0 0.5732592 0.8193742 -2.29324e-6 0.5732367 0.8193899 0 0.7541103 0.6567478 0 0.7541117 0.6567463 -1.25426e-6 0.9998254 0.01868933 0 0.9424731 -0.3342821 -1.17213e-5 0.9424816 -0.334258 0 0.7506631 -0.6606854 0 0.7506713 -0.6606759 0 0.5096494 -0.4986808 -0.7011241 0.50964 -0.498712 -0.7011088 0.5318069 -0.4701879 -0.7043471 0.53179 -0.4701641 -0.7043758 0.5855142 -0.3963088 -0.7071864 0.5856111 -0.3963458 -0.7070854 0.6580566 -0.2554012 -0.7083303 0.6580489 -0.2554289 -0.7083274 0.677491 -0.2111275 -0.7045787 0.6774914 -0.2111271 -0.7045784 -0.1366327 0.9906219 0 -0.1366327 0.9906218 0 -0.1366327 0.9906218 0 0.8280466 -0.5606594 3.43508e-7 0.7872968 -0.5362842 0.3042416 0.787289 -0.5362961 0.3042412 0.8280464 -0.5606597 0 0.6678069 -0.4670123 0.5795977 0.8155898 -0.3457841 0.4639469 0.7872869 -0.5363123 0.3042178 0.7247285 -0.2020941 0.6587311 0.7239043 0.0789448 0.6853688 0.7247453 -0.2020841 0.6587156 0.7253832 -0.2020134 0.6580348 0.7238953 0.07894539 0.6853782 0.9933009 0.1155568 5.29706e-7 0.9933009 0.1155568 1.34455e-7 0.9933009 0.1155568 6.64162e-7 0 -1 0 0 -1 2.27122e-7 0 -1 2.61044e-7 0.9424776 -0.3342694 5.11494e-6 0.912566 -0.4089294 0 0.9424777 -0.3342694 -7.31667e-7 0.8280473 -0.5606582 0 0.7507174 -0.6606236 0 -0.7007989 -0.1457206 -0.6983169 -0.7007873 -0.1457114 -0.6983305 -0.6710892 -0.2316439 -0.7042587 -0.6711146 -0.2316535 -0.7042314 -0.566473 -0.4205151 -0.7087141 -0.5665681 -0.4205346 -0.7086264 -0.4267318 -0.5659807 -0.7053836 -0.4266855 -0.5659599 -0.7054281 -0.3852092 -0.5803649 -0.717489 -0.3852093 -0.5803691 -0.7174857 -0.4267176 -0.5659654 -0.7054044 -0.426721 -0.5659623 -0.7054048 -0.5356819 -0.461068 -0.7074329 -0.5354686 -0.4609336 -0.7076818 -0.6109812 -0.3570576 -0.7065494 -0.6110235 -0.3571068 -0.7064878 -0.4824519 -0.5041286 -0.7163062 -0.4824516 -0.5041254 -0.7163087 -0.3011413 -0.6650416 -0.6833986 -0.3011361 -0.665036 -0.6834062 -0.9966061 0.08231896 0 -0.9966062 0.08231836 0 -0.9966062 0.08231723 0 0.8740556 0.485826 -7.23855e-7 0.8740812 0.48578 -1.86772e-6 0.8740556 0.485826 0 0.8740834 0.4857758 -1.56837e-6 0.8100006 0.5864292 -6.62995e-7 0.8100007 0.5864291 0 0.7541259 0.6567299 6.14331e-7 0.754126 0.6567298 -6.11432e-7 -0.5918702 0.3855673 -0.7078331 -0.5919042 0.3854985 -0.707842 -0.6341514 0.3093344 -0.7086355 -0.6341798 0.3092935 -0.7086279 -0.6992411 0.003118515 -0.7148792 -0.6992329 0.003112018 -0.7148873 -0.6347163 -0.3269453 -0.7001729 -0.6347226 -0.326946 -0.7001668 -0.5667051 -0.4204986 -0.7085382 -0.5667254 -0.4205094 -0.7085154 0.1520372 0.9883748 0 0.1520372 0.9883748 0 0.5744035 -0.8185724 2.7574e-7 0.5417971 -0.7911163 0.2838858 0.5417863 -0.7911244 0.2838838 0.5744034 -0.8185724 1.79937e-6 0.4645269 -0.6985006 0.5443452 0.6380369 -0.6245267 0.450417 0.5417771 -0.7911298 0.283886 0.6101698 -0.4633301 0.6426649 0.6580581 -0.2554057 0.7083272 0.6101868 -0.4633356 0.6426448 0.6101775 -0.4633358 0.6426535 0.658069 -0.2553804 0.7083263 0.6078837 -0.3611829 0.7071241 0.6078321 -0.3610212 0.7072509 0.5853762 -0.3960693 0.7074347 0.5853757 -0.3960722 0.7074335 -0.001321792 0.9999992 0 -0.001321792 0.9999992 0 -0.8230504 -0.5679684 2.04428e-7 -0.7865294 -0.617553 1.87152e-7 -0.8230502 -0.5679688 0 -0.7865296 -0.6175528 2.89561e-7 -0.7226292 -0.6912359 0 -0.2479873 -0.9687633 0 -0.2479873 -0.9687633 0 -0.2479873 -0.9687633 0 9.73484e-4 -0.7089479 0.7052602 9.34273e-4 -0.7089489 0.7052593 9.32717e-4 -0.7089561 0.705252 9.21886e-4 -0.7089529 0.7052553 0.4072369 0.5808342 0.7048331 0.4072612 0.5808285 0.7048238 0.4072418 0.5808196 0.7048425 0.4072331 0.5808381 0.7048322 0.7031958 0.1104717 0.7023615 0.6829363 0.187492 0.7060063 0.7032569 0.1104915 0.7022972 0.6829642 0.1874815 0.705982 0.6177356 0.3431859 0.7075495 0.6177589 0.3431934 0.7075254 0.518597 0.4812907 0.706694 0.5186076 0.4812793 0.706694 0.4936013 0.5081297 0.7058058 0.4935828 0.5081242 0.7058229 0.7059044 -0.06805694 0.70503 0.6994515 -0.1076912 0.7065198 0.7058435 -0.06809049 0.7050878 0.6994743 -0.107723 0.7064925 0.6831328 0.1874953 0.7058152 0.6831371 0.1874763 0.7058161 0.5654417 0.489569 0.6637756 0.5654531 0.4895752 0.6637613 0 0 -1 0 0 -1 0.5317831 -0.4701552 0.7043869 0.4722146 -0.5298191 0.7044893 0.4721964 -0.5298115 0.7045071 0.5317914 -0.4701758 0.7043669 0.5852357 -0.3965344 0.7072905 0.585338 -0.3964009 0.7072805 0.631182 -0.3189714 0.7070125 0.6310819 -0.319066 0.707059 0.6580607 -0.2554266 0.7083173 0.6580563 -0.2554182 0.7083244 9.7597e-4 -0.7089193 0.705289 9.31498e-4 -0.7089463 0.705262 9.63712e-4 -0.7089421 0.7052662 9.30501e-4 -0.7089627 0.7052454 -0.3852029 -0.5803408 0.717512 -0.3852248 -0.5803562 0.7174876 -0.3852149 -0.5803487 0.717499 -0.3852112 -0.5803447 0.7175043 -0.7479924 -0.02248257 0.6633265 -0.7480202 -0.02247291 0.6632953 -0.7480497 -0.02246612 0.6632624 -0.7480105 -0.02247768 0.6633062 0.4403502 -0.557039 0.7041301 0.4403916 -0.5570794 0.7040723 0.4403477 -0.5570365 0.7041337 0.4403972 -0.5570849 0.7040645 -0.001705706 0.7071126 0.707099 -0.00165683 0.7071617 0.70705 -0.001666069 0.7071323 0.7070794 -0.001786172 0.7070481 0.7071633 -0.001850187 0.7069817 0.7072294 -0.00165534 0.7071276 0.7070841 -0.001994013 0.7069672 0.7072435 -0.001654028 0.7071056 0.707106 0.5096494 -0.4986808 0.7011241 0.5318069 -0.4701879 0.7043471 0.50964 -0.498712 0.7011089 0.53179 -0.4701641 0.7043758 0.5855142 -0.3963087 0.7071864 0.5856111 -0.3963457 0.7070853 0.6580567 -0.255401 0.7083302 0.658049 -0.2554286 0.7083275 0.6774914 -0.2111275 0.7045783 0.6774914 -0.2111278 0.7045783 0.5186008 0.4812867 0.7066941 0.5734721 0.4146072 0.7065626 0.518585 0.4813 0.7066965 0.5734729 0.4146292 0.7065491 0.6178658 0.3432056 0.7074262 0.617853 0.3432298 0.7074256 0.3773147 0.577806 0.7237223 0.3773338 0.5778129 0.7237069 0.09821516 0.743785 0.6611639 0.09819924 0.7437611 0.6611931 -0.6407143 0.7677795 0 -0.6407144 0.7677794 0 -0.6840882 0.7293993 0 -0.7845838 0.620023 0 -0.7845838 0.620023 -1.45664e-7 -0.8218938 0.5696408 -4.85269e-7 -0.8218939 0.5696406 -7.76025e-7 -0.4101571 0.5761327 0.7069953 -0.4101676 0.5761285 0.7069926 -0.4101763 0.576143 0.7069757 -0.4101585 0.5761562 0.7069753 -0.4101493 0.5761576 0.7069796 -0.4101444 0.5761623 0.7069785 0.859978 -0.5103312 0 0.9424804 -0.3342616 0 0.9424804 -0.3342616 0 0.9688264 -0.2477406 0 0.9688265 -0.2477405 0 -0.5129639 -0.4894087 0.7052286 -0.5130516 -0.4894781 0.7051166 -0.512974 -0.4893976 0.7052289 -0.5130142 -0.4894773 0.7051442 -0.5667183 -0.4205738 0.7084829 -0.566711 -0.4205904 0.708479 -0.3852191 -0.5803519 0.7174942 -0.3852254 -0.5803525 0.7174904 -0.1679223 -0.7129019 0.6808619 -0.167905 -0.7128899 0.6808788 -0.7865049 -0.6175841 -5.27879e-7 -0.786505 -0.6175839 0 -0.8856784 -0.4642993 -5.29528e-7 -0.8856784 -0.4642994 -7.96837e-7 -0.9999619 0.008733868 0 -0.9999619 0.008733808 0 -0.8218737 0.5696699 0 -0.8219009 0.5696306 0 -0.5277378 0.8494074 -3.41092e-6 -0.5277376 0.8494075 0 -0.4978394 0.8140458 0.2991414 -0.4978548 0.8140264 0.2991684 -0.4223145 0.7041084 0.5708606 -0.4223147 0.7040909 0.5708821 -0.7007672 -0.1457448 0.6983437 -0.6711188 -0.2316548 0.704227 -0.7007873 -0.1457114 0.6983305 -0.6711139 -0.231653 0.7042322 -0.5664736 -0.4205151 0.7087135 -0.5665688 -0.420535 0.7086255 -0.4266993 -0.565967 0.7054141 -0.4267163 -0.5659746 0.7053977 -0.3852089 -0.5803644 0.7174896 -0.385209 -0.5803685 0.7174862 -0.4267186 -0.5659663 0.7054031 -0.4267219 -0.5659631 0.7054036 -0.5356816 -0.4610678 0.7074332 -0.5354686 -0.4609336 0.7076818 -0.6109815 -0.357057 0.7065494 -0.611023 -0.3571071 0.7064882 -0.4824531 -0.5041279 0.7163059 -0.4824519 -0.5041263 0.7163079 -0.3011409 -0.6650407 0.6833997 -0.3011357 -0.665035 0.6834076 0.02403062 0.9519346 0.3053572 -0.001336991 0.9999991 -6.51813e-5 -0.001323044 0.9999992 -7.39441e-7 0.02386873 0.9519318 0.305379 0.02833855 0.8127958 0.5818591 0.02834421 0.8128181 0.5818277 -0.5918702 0.3855673 0.707833 -0.6341514 0.3093344 0.7086355 -0.5919042 0.3854985 0.707842 -0.6341798 0.3092935 0.7086279 -0.6992412 0.003118515 0.7148791 -0.6992328 0.003112018 0.7148873 -0.634716 -0.3269456 0.700173 -0.6347225 -0.3269466 0.7001667 -0.566704 -0.4205393 0.7085149 -0.5667256 -0.4205089 0.7085157 0.7058776 -0.06802767 -0.7050597 0.7058077 -0.06801086 -0.7051313 0.69944 -0.1077386 -0.7065239 0.6994739 -0.1077225 -0.7064929 0.6831336 0.1874951 -0.7058145 0.6831377 0.1874761 -0.7058156 0.5654673 0.4895823 -0.6637439 0.5654506 0.4895727 -0.6637652 0.8740524 0.4858318 0 0.9640847 0.2655953 0 0.9640848 0.2655951 0 0.9876394 0.1567437 0 0.9876394 0.1567435 0 -0.579962 0.8146436 0 -0.5800118 0.8146081 0 -0.5800083 0.8146107 0 -0.6017517 0.4403395 -0.6663303 -0.5649153 0.4569455 -0.6870746 -0.6017526 0.4403347 -0.6663327 -0.5649048 0.4569268 -0.6870957 -0.4863981 0.5128471 -0.707393 -0.486378 0.5128327 -0.7074172 -0.4534338 0.5422731 -0.7073456 -0.4534404 0.5422486 -0.7073601 0.5186079 0.4812796 -0.7066936 0.4935828 0.5081242 -0.7058228 0.4936012 0.5081296 -0.7058061 0.5185973 0.4812909 -0.7066937 0.6176444 0.3431479 -0.7076476 0.6177576 0.3431927 -0.707527 0.682964 0.1874814 -0.7059822 0.6829362 0.187492 -0.7060063 0.7032268 0.1104471 -0.7023344 0.7032334 0.1105291 -0.7023149 -0.9448264 -0.3275716 0 -0.9783557 -0.2069306 2.9145e-7 -0.9783557 -0.2069307 4.3741e-7 -0.8230417 -0.567981 0 -0.8230372 -0.5679876 3.05093e-7 -0.6006228 -0.7995325 0 -0.5577269 -0.8300246 0 -0.5577304 -0.8300222 0 -0.865949 -0.5001324 0 -0.865949 -0.5001325 0 -0.7226387 -0.6912261 0 -0.7226291 -0.691236 0 -0.4304435 -0.9026176 0 -0.4304435 -0.9026176 0</float_array>
          <technique_common>
            <accessor source="#pickup_powerup_thorns-mesh-normals-array" count="1488" stride="3">
              <param name="X" type="float"/>
              <param name="Y" type="float"/>
              <param name="Z" type="float"/>
            </accessor>
          </technique_common>
        </source>
        <source id="pickup_powerup_thorns-mesh-map-0">
          <float_array id="pickup_powerup_thorns-mesh-map-0-array" count="8256">0.750802 0.853947 0.753473 0.84999 0.74774 0.850307 0.794143 0.890485 0.782634 0.88021 0.789355 0.892226 0.794143 0.890485 0.786639 0.877093 0.782634 0.88021 0.782634 0.88021 0.786639 0.877093 0.771371 0.862601 0.782634 0.88021 0.771371 0.862601 0.768093 0.866536 0.768093 0.866536 0.771371 0.862601 0.753473 0.84999 0.768093 0.866536 0.753473 0.84999 0.750802 0.853947 0.798136 0.920617 0.789355 0.892226 0.794977 0.925 0.798136 0.920617 0.794143 0.890485 0.789355 0.892226 0.719043 0.898745 0.71322 0.920788 0.716583 0.925 0.719043 0.898745 0.714107 0.897443 0.71322 0.920788 0.714107 0.897443 0.719043 0.898745 0.72629 0.880552 0.714107 0.897443 0.72629 0.880552 0.721832 0.878081 0.72629 0.880552 0.733289 0.862585 0.721832 0.878081 0.72629 0.880552 0.73711 0.865946 0.733289 0.862585 0.74774 0.850307 0.733289 0.862585 0.73711 0.865946 0.74774 0.850307 0.73711 0.865946 0.750802 0.853947 0.703975 0.297467 0.741686 0.3441 0.698258 0.30977 0.703975 0.297467 0.758206 0.343876 0.741686 0.3441 0.74774 0.350307 0.741686 0.3441 0.758206 0.343876 0.74774 0.350307 0.758206 0.343876 0.753473 0.34999 0.771371 0.362601 0.753473 0.34999 0.758206 0.343876 0.771371 0.362601 0.758206 0.343876 0.776102 0.356939 0.786639 0.377093 0.771371 0.362601 0.776102 0.356939 0.786639 0.377093 0.776102 0.356939 0.792504 0.372539 0.786639 0.377093 0.792504 0.372539 0.801013 0.387715 0.786639 0.377093 0.801013 0.387715 0.794143 0.390485 0.794143 0.390485 0.801013 0.387715 0.806402 0.411014 0.794143 0.390485 0.806402 0.411014 0.798136 0.420617 0.798136 0.420617 0.806402 0.411014 0.85968 0.411014 0.798136 0.420617 0.85968 0.411014 0.870073 0.420924 0.85968 0.411014 0.865237 0.392791 0.870073 0.420924 0.85968 0.411014 0.858048 0.393911 0.865237 0.392791 0.860306 0.373304 0.865237 0.392791 0.858048 0.393911 0.860306 0.373304 0.858048 0.393911 0.852949 0.371863 0.883548 0.335274 0.860306 0.373304 0.852949 0.371863 0.883548 0.335274 0.901956 0.325545 0.860306 0.373304 0.883548 0.335274 0.838396 0.331558 0.901956 0.325545 0.883548 0.335274 0.83597 0.338592 0.838396 0.331558 0.838396 0.331558 0.83597 0.338592 0.819648 0.325845 0.838396 0.331558 0.819648 0.325845 0.822456 0.318349 0.822456 0.318349 0.819648 0.325845 0.813765 0.31023 0.822456 0.318349 0.813765 0.31023 0.820292 0.312609 0.820292 0.312609 0.813765 0.31023 0.825132 0.296834 0.820292 0.312609 0.825132 0.296834 0.831053 0.301062 0.825132 0.296834 0.839339 0.287741 0.831053 0.301062 0.825132 0.296834 0.832824 0.284278 0.839339 0.287741 0.843337 0.281158 0.839339 0.287741 0.832824 0.284278 0.843337 0.281158 0.832824 0.284278 0.837309 0.275589 0.880897 0.268883 0.843337 0.281158 0.837309 0.275589 0.880897 0.268883 0.8989 0.272901 0.843337 0.281158 0.880897 0.268883 0.848942 0.238037 0.8989 0.272901 0.880897 0.268883 0.842687 0.242071 0.848942 0.238037 0.848942 0.238037 0.842687 0.242071 0.837576 0.2220849 0.848942 0.238037 0.837576 0.2220849 0.844445 0.219676 0.781551 0.300518 0.813765 0.31023 0.819648 0.325845 0.781551 0.300518 0.787466 0.292147 0.813765 0.31023 0.781551 0.300518 0.770065 0.279759 0.787466 0.292147 0.781551 0.300518 0.747865 0.271758 0.770065 0.279759 0.738222 0.227779 0.770065 0.279759 0.747865 0.271758 0.737449 0.255301 0.738222 0.227779 0.747865 0.271758 0.737449 0.255301 0.735072 0.242134 0.738222 0.227779 0.738222 0.227779 0.781879 0.264002 0.770065 0.279759 0.738222 0.227779 0.788202 0.24507 0.781879 0.264002 0.738222 0.227779 0.781686 0.226637 0.788202 0.24507 0.738222 0.227779 0.746279 0.215515 0.781686 0.226637 0.746279 0.215515 0.771595 0.2112179 0.781686 0.226637 0.746279 0.215515 0.769049 0.198092 0.771595 0.2112179 0.769049 0.198092 0.81451 0.182381 0.771595 0.2112179 0.769049 0.198092 0.806625 0.174126 0.81451 0.182381 0.827072 0.199259 0.844445 0.219676 0.837576 0.2220849 0.827072 0.199259 0.833339 0.195565 0.844445 0.219676 0.827072 0.199259 0.819551 0.179166 0.833339 0.195565 0.827072 0.199259 0.81451 0.182381 0.819551 0.179166 0.81908 0.175918 0.819551 0.179166 0.81451 0.182381 0.81908 0.175918 0.81451 0.182381 0.806625 0.174126 0.81908 0.175918 0.806625 0.174126 0.823437 0.160938 0.81908 0.175918 0.823437 0.160938 0.828101 0.166639 0.839772 0.155907 0.828101 0.166639 0.823437 0.160938 0.839772 0.155907 0.823437 0.160938 0.837309 0.148825 0.839772 0.155907 0.837309 0.148825 0.876201 0.154189 0.839772 0.155907 0.876201 0.154189 0.891106 0.166537 0.876201 0.154189 0.860641 0.118287 0.891106 0.166537 0.876201 0.154189 0.853404 0.119993 0.860641 0.118287 0.860641 0.118287 0.853404 0.119993 0.857426 0.08541697 0.860641 0.118287 0.857426 0.08541697 0.868246 0.07847499 0.857426 0.08541697 0.794484 0.07905799 0.868246 0.07847499 0.857426 0.08541697 0.802073 0.08541697 0.794484 0.07905799 0.802073 0.08541697 0.790984 0.102351 0.794484 0.07905799 0.802073 0.08541697 0.797971 0.104808 0.790984 0.102351 0.783664 0.117204 0.790984 0.102351 0.797971 0.104808 0.783664 0.117204 0.797971 0.104808 0.78965 0.121645 0.783664 0.117204 0.78965 0.121645 0.77549 0.134922 0.783664 0.117204 0.77549 0.134922 0.771013 0.128995 0.754581 0.1378549 0.771013 0.128995 0.77549 0.134922 0.754581 0.1378549 0.77549 0.134922 0.755211 0.14695 0.755211 0.14695 0.745443 0.141451 0.754581 0.1378549 0.708 0.180319 0.745443 0.141451 0.755211 0.14695 0.708 0.180319 0.701331 0.1728619 0.745443 0.141451 0.694019 0.17792 0.701331 0.1728619 0.708 0.180319 0.694019 0.17792 0.687659 0.162088 0.701331 0.1728619 0.694019 0.17792 0.682659 0.1674309 0.687659 0.162088 0.687659 0.162088 0.682659 0.1674309 0.667649 0.150669 0.687659 0.162088 0.667649 0.150669 0.673373 0.146172 0.659849 0.138624 0.673373 0.146172 0.667649 0.150669 0.659849 0.138624 0.663594 0.132063 0.673373 0.146172 0.694019 0.17792 0.69974 0.188021 0.693963 0.183227 0.694019 0.17792 0.708 0.180319 0.69974 0.188021 0.625418 0.132727 0.663594 0.132063 0.659849 0.138624 0.625418 0.132727 0.659849 0.138624 0.609388 0.1405529 0.625418 0.132727 0.609388 0.1405529 0.645738 0.09907799 0.625418 0.132727 0.645738 0.09907799 0.652907 0.101216 0.651601 0.08541697 0.652907 0.101216 0.645738 0.09907799 0.651601 0.08541697 0.645738 0.09907799 0.642188 0.07883399 0.651601 0.08541697 0.642188 0.07883399 0.71289 0.079521 0.651601 0.08541697 0.71289 0.079521 0.708261 0.08541697 0.708261 0.08541697 0.71289 0.079521 0.718524 0.092844 0.708261 0.08541697 0.718524 0.092844 0.711758 0.09577596 0.718524 0.092844 0.722827 0.115245 0.711758 0.09577596 0.718524 0.092844 0.728929 0.111117 0.722827 0.115245 0.728929 0.111117 0.735792 0.131496 0.722827 0.115245 0.728929 0.111117 0.74133 0.126663 0.735792 0.131496 0.745443 0.141451 0.735792 0.131496 0.74133 0.126663 0.745443 0.141451 0.74133 0.126663 0.754581 0.1378549 0.693963 0.183227 0.69974 0.188021 0.690104 0.202083 0.693963 0.183227 0.690104 0.202083 0.683777 0.19844 0.676526 0.214015 0.683777 0.19844 0.690104 0.202083 0.676526 0.214015 0.690104 0.202083 0.681953 0.219098 0.640863 0.238692 0.676526 0.214015 0.681953 0.219098 0.640863 0.238692 0.622341 0.238726 0.676526 0.214015 0.640863 0.238692 0.678354 0.262208 0.622341 0.238726 0.640863 0.238692 0.684011 0.257318 0.678354 0.262208 0.678354 0.262208 0.684011 0.257318 0.691297 0.278393 0.678354 0.262208 0.691297 0.278393 0.684787 0.281625 0.696267 0.300102 0.684787 0.281625 0.691297 0.278393 0.696267 0.300102 0.691297 0.278393 0.703975 0.297467 0.698258 0.30977 0.696267 0.300102 0.703975 0.297467 0.698258 0.30977 0.694822 0.305155 0.696267 0.300102 0.694822 0.305155 0.698258 0.30977 0.687788 0.319956 0.694822 0.305155 0.687788 0.319956 0.682486 0.314943 0.675312 0.333975 0.682486 0.314943 0.687788 0.319956 0.675312 0.333975 0.669567 0.329493 0.682486 0.314943 0.660367 0.343203 0.669567 0.329493 0.675312 0.333975 0.660367 0.343203 0.675312 0.333975 0.664828 0.349167 0.61448 0.362056 0.660367 0.343203 0.664828 0.349167 0.61448 0.362056 0.598495 0.359261 0.660367 0.343203 0.61448 0.362056 0.646481 0.389313 0.598495 0.359261 0.61448 0.362056 0.653343 0.386201 0.646481 0.389313 0.646481 0.389313 0.653343 0.386201 0.651997 0.412285 0.646481 0.389313 0.651997 0.412285 0.643584 0.42092 0.704306 0.412354 0.643584 0.42092 0.651997 0.412285 0.704306 0.412354 0.71322 0.420788 0.643584 0.42092 0.704306 0.412354 0.714107 0.397443 0.71322 0.420788 0.704306 0.412354 0.706993 0.395425 0.714107 0.397443 0.721832 0.378081 0.714107 0.397443 0.706993 0.395425 0.721832 0.378081 0.706993 0.395425 0.715365 0.374479 0.721832 0.378081 0.715365 0.374479 0.727684 0.357737 0.721832 0.378081 0.727684 0.357737 0.733289 0.362585 0.733289 0.362585 0.727684 0.357737 0.741686 0.3441 0.733289 0.362585 0.741686 0.3441 0.74774 0.350307 0.181583 0.388719 0.167602 0.379229 0.170117 0.376081 0.181583 0.388719 0.178984 0.39131 0.167602 0.379229 0.193479 0.40169 0.178984 0.39131 0.181583 0.388719 0.193479 0.40169 0.191725 0.405175 0.178984 0.39131 0.201055 0.408732 0.191725 0.405175 0.193479 0.40169 0.201055 0.408732 0.200834 0.413885 0.191725 0.405175 0.31118 0.348976 0.348372 0.347346 0.344247 0.372952 0.20613 0.447634 0.21443 0.440602 0.261998 0.406522 0.20613 0.447634 0.261998 0.406522 0.282409 0.393326 0.20613 0.447634 0.282409 0.393326 0.2642 0.440468 0.282409 0.393326 0.29695 0.378777 0.2642 0.440468 0.29695 0.378777 0.306992 0.36269 0.2642 0.440468 0.306992 0.36269 0.301142 0.41499 0.2642 0.440468 0.306992 0.36269 0.31118 0.348976 0.301142 0.41499 0.31118 0.348976 0.317433 0.402727 0.301142 0.41499 0.31118 0.348976 0.333231 0.391359 0.317433 0.402727 0.31118 0.348976 0.344247 0.372952 0.333231 0.391359 0.344247 0.372952 0.363585 0.396796 0.333231 0.391359 0.20613 0.447634 0.231184 0.494229 0.234862 0.508788 0.20613 0.447634 0.232754 0.476721 0.231184 0.494229 0.20613 0.447634 0.240709 0.460818 0.232754 0.476721 0.20613 0.447634 0.2642 0.440468 0.240709 0.460818 0.194804 0.502336 0.157682 0.488868 0.191725 0.47583 0.194804 0.502336 0.191725 0.47583 0.199272 0.459532 0.20382 0.522356 0.194804 0.502336 0.199272 0.459532 0.215457 0.539132 0.20382 0.522356 0.199272 0.459532 0.2651 0.585071 0.215457 0.539132 0.199272 0.459532 0.2651 0.585071 0.199272 0.459532 0.20613 0.447634 0.2651 0.585071 0.20613 0.447634 0.234862 0.508788 0.283191 0.599426 0.2651 0.585071 0.234862 0.508788 0.299844 0.616444 0.283191 0.599426 0.234862 0.508788 0.299844 0.616444 0.234862 0.508788 0.245956 0.526047 0.245956 0.526047 0.309377 0.631876 0.299844 0.616444 0.245956 0.526047 0.277369 0.558393 0.309377 0.631876 0.277369 0.558393 0.314222 0.585592 0.309377 0.631876 0.314222 0.585592 0.332467 0.597929 0.309377 0.631876 0.332467 0.597929 0.34423 0.61987 0.309377 0.631876 0.332467 0.597929 0.370795 0.59261 0.34423 0.61987 0.34423 0.61987 0.348311 0.640777 0.309377 0.631876 0.348311 0.640777 0.350412 0.649708 0.309377 0.631876 0.350412 0.649708 0.314062 0.648621 0.309377 0.631876 0.309377 0.630937 0.348311 0.639838 0.34423 0.618931 0.309377 0.630937 0.350412 0.648769 0.348311 0.639838 0.309377 0.630937 0.314062 0.647682 0.350412 0.648769 0.234862 0.507849 0.2651 0.584132 0.283191 0.598487 0.234862 0.507849 0.283191 0.598487 0.299844 0.615505 0.245956 0.525108 0.234862 0.507849 0.299844 0.615505 0.299844 0.615505 0.309377 0.630937 0.245956 0.525108 0.309377 0.630937 0.277369 0.557454 0.245956 0.525108 0.309377 0.630937 0.314222 0.584653 0.277369 0.557454 0.309377 0.630937 0.332467 0.59699 0.314222 0.584653 0.309377 0.630937 0.34423 0.618931 0.332467 0.59699 0.34423 0.618931 0.370795 0.591671 0.332467 0.59699 0.240709 0.459879 0.2642 0.439529 0.20613 0.446695 0.232754 0.475782 0.240709 0.459879 0.20613 0.446695 0.231184 0.49329 0.232754 0.475782 0.20613 0.446695 0.234862 0.507849 0.231184 0.49329 0.20613 0.446695 0.234862 0.507849 0.20613 0.446695 0.2651 0.584132 0.20613 0.446695 0.199272 0.458593 0.2651 0.584132 0.199272 0.458593 0.215457 0.538193 0.2651 0.584132 0.199272 0.458593 0.20382 0.521417 0.215457 0.538193 0.199272 0.458593 0.194804 0.501397 0.20382 0.521417 0.199272 0.458593 0.191725 0.474891 0.194804 0.501397 0.191725 0.474891 0.157682 0.487929 0.194804 0.501397 0.261998 0.405583 0.21443 0.439663 0.20613 0.446695 0.28241 0.392387 0.261998 0.405583 0.20613 0.446695 0.2642 0.439529 0.28241 0.392387 0.20613 0.446695 0.2642 0.439529 0.29695 0.377838 0.28241 0.392387 0.2642 0.439529 0.306991 0.361751 0.29695 0.377838 0.2642 0.439529 0.301142 0.414051 0.306991 0.361751 0.301142 0.414051 0.31118 0.348036 0.306991 0.361751 0.301142 0.414051 0.317433 0.401788 0.31118 0.348036 0.317433 0.401788 0.333231 0.39042 0.31118 0.348036 0.333231 0.39042 0.344247 0.372013 0.31118 0.348036 0.333231 0.39042 0.363585 0.395857 0.344247 0.372013 0.344247 0.372013 0.348372 0.346406 0.31118 0.348036 0.286328 0.46729 0.314166 0.448058 0.320008 0.458837 0.286328 0.46729 0.320008 0.458837 0.328427 0.478248 0.286328 0.46729 0.328427 0.478248 0.334675 0.496965 0.286328 0.46729 0.334675 0.496965 0.332064 0.518663 0.292911 0.477657 0.286328 0.46729 0.332064 0.518663 0.332064 0.518663 0.298805 0.495625 0.292911 0.477657 0.332064 0.518663 0.326256 0.527097 0.298805 0.495625 0.326256 0.527097 0.293494 0.515205 0.298805 0.495625 0.326256 0.527097 0.31958 0.537058 0.293494 0.515205 0.31958 0.537058 0.296288 0.532544 0.293494 0.515205 0.296288 0.532544 0.286366 0.525951 0.293494 0.515205 0.31958 0.537058 0.313621 0.544935 0.296288 0.532544 0.334675 0.496965 0.366892 0.516027 0.332064 0.518663 0.162806 0.357116 0.161669 0.347854 0.202362 0.348559 0.23126 0.388381 0.201055 0.408732 0.193479 0.40169 0.225907 0.384306 0.23126 0.388381 0.193479 0.40169 0.214203 0.371158 0.225907 0.384306 0.193479 0.40169 0.204439 0.354713 0.214203 0.371158 0.193479 0.40169 0.202362 0.348559 0.204439 0.354713 0.193479 0.40169 0.193479 0.40169 0.181583 0.388719 0.202362 0.348559 0.181583 0.388719 0.170117 0.376081 0.202362 0.348559 0.170117 0.376081 0.162806 0.357116 0.202362 0.348559 0.170117 0.376081 0.1408399 0.3775 0.162806 0.357116 0.293494 0.514266 0.286366 0.525012 0.296288 0.531605 0.296288 0.531605 0.313621 0.543996 0.319581 0.536119 0.293494 0.514266 0.296288 0.531605 0.319581 0.536119 0.293494 0.514266 0.319581 0.536119 0.326256 0.526158 0.298805 0.494686 0.293494 0.514266 0.326256 0.526158 0.298805 0.494686 0.326256 0.526158 0.332064 0.517724 0.292911 0.476718 0.298805 0.494686 0.332064 0.517724 0.332064 0.517724 0.286328 0.466351 0.292911 0.476718 0.332064 0.517724 0.334675 0.496026 0.286328 0.466351 0.332064 0.517724 0.366892 0.515088 0.334675 0.496026 0.334675 0.496026 0.328427 0.477309 0.286328 0.466351 0.328427 0.477309 0.320008 0.457898 0.286328 0.466351 0.320008 0.457898 0.314166 0.447119 0.286328 0.466351 0.196977 0.650027 0.1619189 0.65057 0.162595 0.631445 0.198175 0.575168 0.227486 0.597744 0.218194 0.605008 0.198175 0.575168 0.218194 0.605008 0.20686 0.620143 0.192936 0.581403 0.198175 0.575168 0.20686 0.620143 0.192936 0.581403 0.20686 0.620143 0.199043 0.638866 0.192936 0.581403 0.199043 0.638866 0.196977 0.650027 0.196977 0.650027 0.182923 0.593277 0.192936 0.581403 0.196977 0.650027 0.171903 0.607274 0.182923 0.593277 0.196977 0.650027 0.162595 0.631445 0.171903 0.607274 0.162595 0.631445 0.130411 0.615144 0.171903 0.607274 0.202362 0.34762 0.161669 0.346915 0.162806 0.356177 0.193479 0.400751 0.201055 0.407793 0.23126 0.387442 0.193479 0.400751 0.23126 0.387442 0.225907 0.383367 0.193479 0.400751 0.225907 0.383367 0.214203 0.370219 0.193479 0.400751 0.214203 0.370219 0.204439 0.353774 0.193479 0.400751 0.204439 0.353774 0.202362 0.34762 0.202362 0.34762 0.181583 0.38778 0.193479 0.400751 0.202362 0.34762 0.170117 0.375142 0.181583 0.38778 0.202362 0.34762 0.162806 0.356177 0.170117 0.375142 0.162806 0.356177 0.1408399 0.376561 0.170117 0.375142 0.162595 0.630506 0.1619189 0.649631 0.196977 0.649088 0.218194 0.604069 0.227486 0.596805 0.198175 0.574229 0.206861 0.619204 0.218194 0.604069 0.198175 0.574229 0.206861 0.619204 0.198175 0.574229 0.192936 0.580464 0.199043 0.637927 0.206861 0.619204 0.192936 0.580464 0.196977 0.649088 0.199043 0.637927 0.192936 0.580464 0.192936 0.580464 0.182924 0.592338 0.196977 0.649088 0.182924 0.592338 0.171903 0.606335 0.196977 0.649088 0.171903 0.606335 0.162595 0.630506 0.196977 0.649088 0.171903 0.606335 0.130411 0.614205 0.162595 0.630506 0.839339 0.787741 0.846354 0.785156 0.843337 0.781158 0.839339 0.787741 0.843714 0.790413 0.846354 0.785156 0.831053 0.801062 0.843714 0.790413 0.839339 0.787741 0.831053 0.801062 0.835257 0.804164 0.843714 0.790413 0.831053 0.801062 0.824573 0.81412 0.835257 0.804164 0.831053 0.801062 0.820292 0.812609 0.824573 0.81412 0.846354 0.785156 0.8989 0.772901 0.843337 0.781158 0.846354 0.785156 0.903906 0.773958 0.8989 0.772901 0.868246 0.578475 0.791077 0.575 0.794484 0.579058 0.868246 0.578475 0.872231 0.575 0.791077 0.575 0.642098 0.891661 0.643584 0.92092 0.646481 0.889313 0.642098 0.891661 0.640136 0.925 0.643584 0.92092 0.840888 0.660802 0.895312 0.669531 0.891106 0.666537 0.840888 0.660802 0.891106 0.666537 0.839772 0.655907 0.828101 0.666639 0.840888 0.660802 0.839772 0.655907 0.828101 0.666639 0.831409 0.670566 0.840888 0.660802 0.828101 0.666639 0.823567 0.676712 0.831409 0.670566 0.828101 0.666639 0.81908 0.675918 0.823567 0.676712 0.868246 0.578475 0.865557 0.61707 0.872231 0.575 0.868246 0.578475 0.860641 0.618287 0.865557 0.61707 0.865557 0.61707 0.891106 0.666537 0.895312 0.669531 0.865557 0.61707 0.860641 0.618287 0.891106 0.666537 0.852971 0.734965 0.844445 0.719676 0.848942 0.738037 0.852971 0.734965 0.849357 0.717906 0.844445 0.719676 0.849357 0.717906 0.833339 0.695565 0.844445 0.719676 0.849357 0.717906 0.837822 0.69288 0.833339 0.695565 0.823567 0.676712 0.833339 0.695565 0.837822 0.69288 0.823567 0.676712 0.819551 0.679166 0.833339 0.695565 0.819551 0.679166 0.823567 0.676712 0.81908 0.675918 0.640136 0.925 0.71322 0.920788 0.643584 0.92092 0.640136 0.925 0.716583 0.925 0.71322 0.920788 0.609388 0.640553 0.657893 0.643187 0.659849 0.638624 0.609388 0.640553 0.604688 0.642708 0.657893 0.643187 0.794977 0.925 0.870073 0.920924 0.798136 0.920617 0.794977 0.925 0.873617 0.925 0.870073 0.920924 0.71555 0.575 0.642188 0.578834 0.71289 0.57952 0.71555 0.575 0.638499 0.575 0.642188 0.578834 0.673122 0.210251 0.622341 0.238726 0.617188 0.238802 0.673122 0.210251 0.676526 0.214015 0.622341 0.238726 0.683777 0.19844 0.690104 0.180469 0.693963 0.183227 0.683777 0.19844 0.67928 0.195832 0.690104 0.180469 0.683777 0.19844 0.673122 0.210251 0.67928 0.195832 0.683777 0.19844 0.676526 0.214015 0.673122 0.210251 0.690104 0.180469 0.694019 0.17792 0.693963 0.183227 0.667649 0.150669 0.657893 0.143187 0.659849 0.138624 0.667649 0.150669 0.663566 0.153922 0.657893 0.143187 0.682659 0.1674309 0.663566 0.153922 0.667649 0.150669 0.682659 0.1674309 0.679063 0.171164 0.663566 0.153922 0.690104 0.180469 0.679063 0.171164 0.682659 0.1674309 0.690104 0.180469 0.682659 0.1674309 0.694019 0.17792 0.870386 0.891904 0.870073 0.920924 0.873617 0.925 0.870386 0.891904 0.865237 0.892791 0.870073 0.920924 0.865237 0.892791 0.870386 0.891904 0.865106 0.874768 0.865237 0.892791 0.865106 0.874768 0.860306 0.873304 0.839625 0.826638 0.901956 0.825545 0.90651 0.823177 0.839625 0.826638 0.838396 0.831558 0.901956 0.825545 0.839625 0.826638 0.822456 0.818349 0.838396 0.831558 0.839625 0.826638 0.824573 0.81412 0.822456 0.818349 0.824573 0.81412 0.820292 0.812609 0.822456 0.818349 0.690104 0.680469 0.693963 0.683227 0.694019 0.67792 0.683777 0.69844 0.673122 0.710251 0.676526 0.714015 0.683777 0.69844 0.67928 0.695832 0.673122 0.710251 0.690104 0.680469 0.67928 0.695832 0.683777 0.69844 0.690104 0.680469 0.683777 0.69844 0.693963 0.683227 0.622341 0.738726 0.673122 0.710251 0.617188 0.738802 0.622341 0.738726 0.676526 0.714015 0.673122 0.710251 0.657893 0.643187 0.667649 0.650669 0.659849 0.638624 0.657893 0.643187 0.663566 0.653922 0.667649 0.650669 0.663566 0.653922 0.682659 0.667431 0.667649 0.650669 0.663566 0.653922 0.679063 0.671164 0.682659 0.667431 0.690104 0.680469 0.682659 0.667431 0.679063 0.671164 0.690104 0.680469 0.694019 0.67792 0.682659 0.667431 0.901956 0.325545 0.865106 0.374768 0.860306 0.373304 0.901956 0.325545 0.90651 0.323177 0.865106 0.374768 0.8989 0.272901 0.852971 0.234965 0.903906 0.273958 0.8989 0.272901 0.848942 0.238037 0.852971 0.234965 0.868246 0.07847499 0.791077 0.07499998 0.872231 0.07499998 0.868246 0.07847499 0.794484 0.07905799 0.791077 0.07499998 0.789355 0.392226 0.798136 0.420617 0.794977 0.425 0.789355 0.392226 0.794143 0.390485 0.798136 0.420617 0.782634 0.38021 0.794143 0.390485 0.789355 0.392226 0.782634 0.38021 0.786639 0.377093 0.794143 0.390485 0.782634 0.38021 0.771371 0.362601 0.786639 0.377093 0.782634 0.38021 0.768093 0.366536 0.771371 0.362601 0.768093 0.366536 0.750802 0.353947 0.753473 0.34999 0.768093 0.366536 0.753473 0.34999 0.771371 0.362601 0.750802 0.353947 0.74774 0.350307 0.753473 0.34999 0.719044 0.398745 0.716583 0.425 0.71322 0.420788 0.719044 0.398745 0.71322 0.420788 0.714107 0.397443 0.714107 0.397443 0.72629 0.380552 0.719044 0.398745 0.714107 0.397443 0.721832 0.378081 0.72629 0.380552 0.733289 0.362585 0.72629 0.380552 0.721832 0.378081 0.733289 0.362585 0.73711 0.365946 0.72629 0.380552 0.73711 0.365946 0.733289 0.362585 0.74774 0.350307 0.73711 0.365946 0.74774 0.350307 0.750802 0.353947 0.691787 0.801622 0.694822 0.805155 0.696267 0.800102 0.674848 0.765821 0.622341 0.738726 0.617188 0.738802 0.674848 0.765821 0.678354 0.762208 0.622341 0.738726 0.684787 0.781625 0.678354 0.762208 0.674848 0.765821 0.684787 0.781625 0.674848 0.765821 0.680095 0.78394 0.691787 0.801622 0.684787 0.781625 0.680095 0.78394 0.691787 0.801622 0.696267 0.800102 0.684787 0.781625 0.65768 0.838912 0.59349 0.858333 0.598495 0.859261 0.65768 0.838912 0.598495 0.859261 0.660367 0.843203 0.669567 0.829493 0.65768 0.838912 0.660367 0.843203 0.669567 0.829493 0.66548 0.826255 0.65768 0.838912 0.678755 0.811316 0.66548 0.826255 0.669567 0.829493 0.678755 0.811316 0.669567 0.829493 0.682486 0.814943 0.682486 0.814943 0.691787 0.801622 0.678755 0.811316 0.682486 0.814943 0.694822 0.805155 0.691787 0.801622 0.824573 0.31412 0.820292 0.312609 0.831053 0.301062 0.824573 0.31412 0.831053 0.301062 0.835258 0.304164 0.831053 0.301062 0.843714 0.290413 0.835258 0.304164 0.831053 0.301062 0.839339 0.287741 0.843714 0.290413 0.839339 0.287741 0.846354 0.285156 0.843714 0.290413 0.839339 0.287741 0.843337 0.281158 0.846354 0.285156 0.8989 0.272901 0.846354 0.285156 0.843337 0.281158 0.8989 0.272901 0.903906 0.273958 0.846354 0.285156 0.643584 0.42092 0.642098 0.391661 0.646481 0.389313 0.643584 0.42092 0.640136 0.425 0.642098 0.391661 0.865557 0.11707 0.868246 0.07847499 0.872231 0.07499998 0.865557 0.11707 0.860641 0.118287 0.868246 0.07847499 0.865557 0.11707 0.891106 0.166537 0.860641 0.118287 0.865557 0.11707 0.895313 0.169531 0.891106 0.166537 0.865237 0.392791 0.860306 0.373304 0.865106 0.374768 0.865237 0.392791 0.865106 0.374768 0.870386 0.391904 0.870386 0.391904 0.870073 0.420924 0.865237 0.392791 0.870386 0.391904 0.873617 0.425 0.870073 0.420924 0.824573 0.31412 0.822456 0.318349 0.820292 0.312609 0.822456 0.318349 0.824573 0.31412 0.839625 0.326638 0.822456 0.318349 0.839625 0.326638 0.838396 0.331558 0.839625 0.326638 0.901956 0.325545 0.838396 0.331558 0.839625 0.326638 0.90651 0.323177 0.901956 0.325545 0.71322 0.420788 0.640136 0.425 0.643584 0.42092 0.71322 0.420788 0.716583 0.425 0.640136 0.425 0.609388 0.1405529 0.657893 0.143187 0.604688 0.142708 0.609388 0.1405529 0.659849 0.138624 0.657893 0.143187 0.870073 0.420924 0.794977 0.425 0.798136 0.420617 0.870073 0.420924 0.873617 0.425 0.794977 0.425 0.642188 0.07883399 0.71555 0.07499998 0.71289 0.079521 0.642188 0.07883399 0.638499 0.07499998 0.71555 0.07499998 0.771013 0.128995 0.754581 0.1378549 0.754427 0.133073 0.771013 0.128995 0.754427 0.133073 0.767982 0.124927 0.779611 0.114197 0.771013 0.128995 0.767982 0.124927 0.779611 0.114197 0.783664 0.117204 0.771013 0.128995 0.779611 0.114197 0.790984 0.102351 0.783664 0.117204 0.779611 0.114197 0.786161 0.100714 0.790984 0.102351 0.786161 0.100714 0.794484 0.07905799 0.790984 0.102351 0.786161 0.100714 0.791077 0.07499998 0.794484 0.07905799 0.96875 0.250396 0.998211 0.232375 0.998211 0.250396 0.96875 0.250396 0.96875 0.232375 0.998211 0.232375 0.96875 0.098356 0.998211 0.06641495 0.998211 0.098356 0.96875 0.098356 0.96875 0.06641495 0.998211 0.06641495 0.96875 0.860225 0.998211 0.83139 0.998211 0.860225 0.96875 0.860225 0.96875 0.83139 0.998211 0.83139 0.96875 0.97442 0.998211 0.93991 0.998211 0.97442 0.96875 0.97442 0.96875 0.93991 0.998211 0.93991 0.96875 0.3929 0.998211 0.356603 0.998211 0.3929 0.96875 0.3929 0.96875 0.356603 0.998211 0.356603 0.96875 0.93991 0.998211 0.905877 0.998211 0.93991 0.96875 0.93991 0.96875 0.905877 0.998211 0.905877 0.96875 0.83139 0.998211 0.799876 0.998211 0.83139 0.96875 0.83139 0.96875 0.799876 0.998211 0.799876 0.96875 0.4899 0.998211 0.455136 0.998211 0.4899 0.96875 0.4899 0.96875 0.455136 0.998211 0.455136 0.998211 0.624383 0.96875 0.668364 0.96875 0.624383 0.998211 0.624383 0.998211 0.668364 0.96875 0.668364 0.96875 0.356603 0.998211 0.320753 0.998211 0.356603 0.96875 0.356603 0.96875 0.320753 0.998211 0.320753 0.96875 0.905877 0.998211 0.897379 0.998211 0.905877 0.96875 0.905877 0.96875 0.897379 0.998211 0.897379 0.96875 0.897379 0.998211 0.887195 0.998211 0.897379 0.96875 0.897379 0.96875 0.887195 0.998211 0.887195 0.96875 0.799876 0.998211 0.787705 0.998211 0.799876 0.96875 0.799876 0.96875 0.787705 0.998211 0.787705 0.96875 0.624383 0.998211 0.601298 0.998211 0.624383 0.96875 0.624383 0.96875 0.601298 0.998211 0.601298 0.96875 0.157884 0.998211 0.116454 0.998211 0.157884 0.96875 0.157884 0.96875 0.116454 0.998211 0.116454 0.96875 0.455136 0.998211 0.423361 0.998211 0.455136 0.96875 0.455136 0.96875 0.423361 0.998211 0.423361 0.96875 0.601298 0.998211 0.568612 0.998211 0.601298 0.96875 0.601298 0.96875 0.568612 0.998211 0.568612 0.96875 0.887195 0.998211 0.879369 0.998211 0.887195 0.96875 0.887195 0.96875 0.879369 0.998211 0.879369 0.96875 0.879369 0.998211 0.866806 0.998211 0.879369 0.96875 0.879369 0.96875 0.866806 0.998211 0.866806 0.96875 0.866806 0.998211 0.860225 0.998211 0.866806 0.96875 0.866806 0.96875 0.860225 0.998211 0.860225 0.96875 0.320753 0.998211 0.311036 0.998211 0.320753 0.96875 0.320753 0.96875 0.311036 0.998211 0.311036 0.96875 0.311036 0.998211 0.293014 0.998211 0.311036 0.96875 0.311036 0.96875 0.293014 0.998211 0.293014 0.998211 0.3929 0.96875 0.40351 0.96875 0.3929 0.998211 0.3929 0.998211 0.40351 0.96875 0.40351 0.96875 0.232375 0.998211 0.224914 0.998211 0.232375 0.96875 0.232375 0.96875 0.224914 0.998211 0.224914 0.96875 0.224914 0.998211 0.214096 0.998211 0.224914 0.96875 0.224914 0.96875 0.214096 0.998211 0.214096 0.96875 0.214096 0.998211 0.202506 0.998211 0.214096 0.96875 0.214096 0.96875 0.202506 0.998211 0.202506 0.96875 0.49935 0.96875 0.4899 0.998211 0.4899 0.96875 0.49935 0.998211 0.4899 0.998211 0.49935 0.96875 0.514284 0.96875 0.49935 0.998211 0.49935 0.96875 0.514284 0.998211 0.49935 0.998211 0.514284 0.998211 0.514284 0.96875 0.525966 0.96875 0.514284 0.998211 0.514284 0.998211 0.525966 0.96875 0.525966 0.96875 0.06641495 0.998211 0.03006994 0.998211 0.06641495 0.96875 0.06641495 0.96875 0.03006994 0.998211 0.03006994 0.96875 0.787705 0.998211 0.745948 0.998211 0.787705 0.96875 0.787705 0.96875 0.745948 0.998211 0.745948 0.96875 0.03006994 0.998211 0.02201294 0.998211 0.03006994 0.96875 0.03006994 0.96875 0.02201294 0.998211 0.02201294 0.96875 0.02201294 0.998211 0.01118195 0.998211 0.02201294 0.96875 0.02201294 0.96875 0.01118195 0.998211 0.01118195 0.998211 0.002379953 0.998211 0.01118195 0.96875 0.01118195 0.998211 0.002379953 0.96875 0.01118195 0.96875 0.002379953 0.96875 0.568612 0.998211 0.53874 0.998211 0.568612 0.96875 0.568612 0.96875 0.53874 0.998211 0.53874 0.96875 0.293014 0.998211 0.250396 0.998211 0.293014 0.96875 0.293014 0.96875 0.250396 0.998211 0.250396 0.96875 0.172175 0.96875 0.157884 0.998211 0.157884 0.96875 0.172175 0.998211 0.157884 0.998211 0.172175 0.96875 0.182788 0.96875 0.172175 0.998211 0.172175 0.96875 0.182788 0.998211 0.172175 0.998211 0.182788 0.96875 0.1926389 0.96875 0.182788 0.998211 0.182788 0.96875 0.1926389 0.998211 0.182788 0.998211 0.1926389 0.998211 0.1926389 0.96875 0.202506 0.96875 0.1926389 0.998211 0.1926389 0.998211 0.202506 0.96875 0.202506 0.96875 0.707821 0.998211 0.69925 0.998211 0.707821 0.96875 0.707821 0.96875 0.69925 0.998211 0.69925 0.96875 0.69925 0.998211 0.690675 0.998211 0.69925 0.96875 0.69925 0.96875 0.690675 0.998211 0.690675 0.96875 0.690675 0.998211 0.682551 0.998211 0.690675 0.96875 0.690675 0.96875 0.682551 0.998211 0.682551 0.96875 0.682551 0.998211 0.668364 0.998211 0.682551 0.96875 0.682551 0.96875 0.668364 0.998211 0.668364 0.96875 0.116454 0.998211 0.098356 0.998211 0.116454 0.96875 0.116454 0.96875 0.098356 0.998211 0.098356 0.998211 0.984642 0.998211 0.996131 0.96875 0.996131 0.998211 0.984642 0.96875 0.996131 0.96875 0.984642 0.96875 0.984642 0.998211 0.97442 0.998211 0.984642 0.96875 0.984642 0.96875 0.97442 0.998211 0.97442 0.96875 0.745948 0.998211 0.736509 0.998211 0.745948 0.96875 0.745948 0.96875 0.736509 0.998211 0.736509 0.96875 0.736509 0.998211 0.725548 0.998211 0.736509 0.96875 0.736509 0.96875 0.725548 0.998211 0.725548 0.96875 0.725548 0.998211 0.715138 0.998211 0.725548 0.96875 0.725548 0.96875 0.715138 0.998211 0.715138 0.998211 0.715138 0.96875 0.715138 0.96875 0.707821 0.998211 0.715138 0.96875 0.707821 0.998211 0.707821 0.823567 0.176712 0.81908 0.175918 0.828101 0.166639 0.823567 0.176712 0.828101 0.166639 0.831409 0.170566 0.828101 0.166639 0.840888 0.160802 0.831409 0.170566 0.828101 0.166639 0.839772 0.155907 0.840888 0.160802 0.891106 0.166537 0.840888 0.160802 0.839772 0.155907 0.891106 0.166537 0.895313 0.169531 0.840888 0.160802 0.819551 0.179166 0.81908 0.175918 0.823567 0.176712 0.823567 0.176712 0.833339 0.195565 0.819551 0.179166 0.823567 0.176712 0.837822 0.19288 0.833339 0.195565 0.833339 0.195565 0.837822 0.19288 0.849357 0.2179059 0.833339 0.195565 0.849357 0.2179059 0.844445 0.219676 0.844445 0.219676 0.849357 0.2179059 0.852971 0.234965 0.844445 0.219676 0.852971 0.234965 0.848942 0.238037 0.691787 0.301622 0.696267 0.300102 0.694822 0.305155 0.691787 0.301622 0.684787 0.281625 0.696267 0.300102 0.691787 0.301622 0.680095 0.28394 0.684787 0.281625 0.674848 0.265821 0.684787 0.281625 0.680095 0.28394 0.674848 0.265821 0.678354 0.262208 0.684787 0.281625 0.674848 0.265821 0.622341 0.238726 0.678354 0.262208 0.674848 0.265821 0.617188 0.238802 0.622341 0.238726 0.691787 0.301622 0.694822 0.305155 0.682486 0.314943 0.691787 0.301622 0.682486 0.314943 0.678755 0.311316 0.669567 0.329493 0.678755 0.311316 0.682486 0.314943 0.669567 0.329493 0.66548 0.326255 0.678755 0.311316 0.669567 0.329493 0.65768 0.338912 0.66548 0.326255 0.669567 0.329493 0.660367 0.343203 0.65768 0.338912 0.598495 0.359261 0.65768 0.338912 0.660367 0.343203 0.598495 0.359261 0.59349 0.358333 0.65768 0.338912 0.96875 0.423361 0.998211 0.420173 0.998211 0.423361 0.96875 0.423361 0.96875 0.420173 0.998211 0.420173 0.96875 0.420173 0.998211 0.411424 0.998211 0.420173 0.96875 0.420173 0.96875 0.411424 0.998211 0.411424 0.998211 0.40351 0.998211 0.411424 0.96875 0.411424 0.998211 0.40351 0.96875 0.411424 0.96875 0.40351 0.96875 0.53874 0.998211 0.531365 0.998211 0.53874 0.96875 0.53874 0.96875 0.531365 0.998211 0.531365 0.998211 0.531365 0.96875 0.531365 0.96875 0.525966 0.998211 0.531365 0.96875 0.525966 0.998211 0.525966 0.74133 0.626663 0.745443 0.641451 0.754581 0.637855 0.74133 0.626663 0.735792 0.631496 0.745443 0.641451 0.735792 0.631496 0.74133 0.626663 0.728929 0.611117 0.735792 0.631496 0.728929 0.611117 0.722827 0.615245 0.722827 0.615245 0.728929 0.611117 0.718524 0.592844 0.722827 0.615245 0.718524 0.592844 0.711758 0.595776 0.718524 0.592844 0.708261 0.585417 0.711758 0.595776 0.718524 0.592844 0.71289 0.57952 0.708261 0.585417 0.71289 0.57952 0.651601 0.585417 0.708261 0.585417 0.71289 0.57952 0.642188 0.578834 0.651601 0.585417 0.651601 0.585417 0.642188 0.578834 0.645737 0.599078 0.651601 0.585417 0.645737 0.599078 0.652907 0.601216 0.645737 0.599078 0.625418 0.632727 0.652907 0.601216 0.645737 0.599078 0.609388 0.640553 0.625418 0.632727 0.659849 0.638624 0.625418 0.632727 0.609388 0.640553 0.659849 0.638624 0.663594 0.632063 0.625418 0.632727 0.673373 0.646172 0.663594 0.632063 0.659849 0.638624 0.673373 0.646172 0.659849 0.638624 0.667649 0.650669 0.667649 0.650669 0.687659 0.662088 0.673373 0.646172 0.667649 0.650669 0.682659 0.667431 0.687659 0.662088 0.694019 0.67792 0.687659 0.662088 0.682659 0.667431 0.694019 0.67792 0.70133 0.672862 0.687659 0.662088 0.676526 0.714015 0.622341 0.738726 0.640863 0.738692 0.676526 0.714015 0.640863 0.738692 0.681953 0.719098 0.690104 0.702083 0.676526 0.714015 0.681953 0.719098 0.690104 0.702083 0.683777 0.69844 0.676526 0.714015 0.693963 0.683227 0.683777 0.69844 0.690104 0.702083 0.693963 0.683227 0.690104 0.702083 0.69974 0.688021 0.694019 0.67792 0.693963 0.683227 0.69974 0.688021 0.694019 0.67792 0.69974 0.688021 0.708 0.680319 0.694019 0.67792 0.708 0.680319 0.70133 0.672862 0.745443 0.641451 0.70133 0.672862 0.708 0.680319 0.745443 0.641451 0.708 0.680319 0.755211 0.64695 0.755211 0.64695 0.754581 0.637855 0.745443 0.641451 0.77549 0.634922 0.754581 0.637855 0.755211 0.64695 0.77549 0.634922 0.771013 0.628995 0.754581 0.637855 0.77549 0.634922 0.783664 0.617204 0.771013 0.628995 0.77549 0.634922 0.78965 0.621645 0.783664 0.617204 0.797971 0.604808 0.783664 0.617204 0.78965 0.621645 0.797971 0.604808 0.790984 0.602351 0.783664 0.617204 0.802073 0.585417 0.790984 0.602351 0.797971 0.604808 0.802073 0.585417 0.794484 0.579058 0.790984 0.602351 0.794484 0.579058 0.802073 0.585417 0.857426 0.585417 0.794484 0.579058 0.857426 0.585417 0.868246 0.578475 0.860641 0.618287 0.868246 0.578475 0.857426 0.585417 0.860641 0.618287 0.857426 0.585417 0.853404 0.619993 0.860641 0.618287 0.853404 0.619993 0.876201 0.654189 0.860641 0.618287 0.876201 0.654189 0.891106 0.666537 0.839772 0.655907 0.891106 0.666537 0.876201 0.654189 0.839772 0.655907 0.876201 0.654189 0.837309 0.648825 0.823438 0.660938 0.839772 0.655907 0.837309 0.648825 0.823438 0.660938 0.828101 0.666639 0.839772 0.655907 0.823438 0.660938 0.81908 0.675918 0.828101 0.666639 0.823438 0.660938 0.806625 0.674126 0.81908 0.675918 0.81908 0.675918 0.806625 0.674126 0.81451 0.682381 0.81451 0.682381 0.806625 0.674126 0.769049 0.698092 0.81451 0.682381 0.769049 0.698092 0.771595 0.711218 0.746279 0.715515 0.771595 0.711218 0.769049 0.698092 0.746279 0.715515 0.781686 0.726637 0.771595 0.711218 0.781686 0.726637 0.746279 0.715515 0.738221 0.727779 0.781686 0.726637 0.738221 0.727779 0.788202 0.74507 0.738221 0.727779 0.781879 0.764002 0.788202 0.74507 0.738221 0.727779 0.770065 0.779759 0.781879 0.764002 0.738221 0.727779 0.747865 0.771758 0.770065 0.779759 0.78155 0.800518 0.770065 0.779759 0.747865 0.771758 0.78155 0.800518 0.787466 0.792147 0.770065 0.779759 0.78155 0.800518 0.813765 0.81023 0.787466 0.792147 0.738221 0.727779 0.737449 0.755301 0.747865 0.771758 0.738221 0.727779 0.735072 0.742134 0.737449 0.755301 0.822456 0.818349 0.820292 0.812609 0.813765 0.81023 0.825132 0.796834 0.813765 0.81023 0.820292 0.812609 0.81908 0.675918 0.81451 0.682381 0.819551 0.679166 0.827072 0.699259 0.819551 0.679166 0.81451 0.682381 0.827072 0.699259 0.833339 0.695565 0.819551 0.679166 0.844445 0.719676 0.833339 0.695565 0.827072 0.699259 0.844445 0.719676 0.827072 0.699259 0.837576 0.722085 0.837576 0.722085 0.848942 0.738037 0.844445 0.719676 0.837576 0.722085 0.842687 0.742071 0.848942 0.738037 0.848942 0.738037 0.842687 0.742071 0.880897 0.768883 0.848942 0.738037 0.880897 0.768883 0.8989 0.772901 0.843337 0.781158 0.8989 0.772901 0.880897 0.768883 0.843337 0.781158 0.880897 0.768883 0.837309 0.775589 0.832824 0.784278 0.843337 0.781158 0.837309 0.775589 0.832824 0.784278 0.839339 0.787741 0.843337 0.781158 0.839339 0.787741 0.832824 0.784278 0.825132 0.796834 0.839339 0.787741 0.825132 0.796834 0.831053 0.801062 0.825132 0.796834 0.820292 0.812609 0.831053 0.801062 0.786161 0.600714 0.794484 0.579058 0.791077 0.575 0.786161 0.600714 0.790984 0.602351 0.794484 0.579058 0.779611 0.614197 0.790984 0.602351 0.786161 0.600714 0.779611 0.614197 0.783664 0.617204 0.790984 0.602351 0.771013 0.628995 0.783664 0.617204 0.779611 0.614197 0.771013 0.628995 0.779611 0.614197 0.767982 0.624927 0.771013 0.628995 0.767982 0.624927 0.754427 0.633073 0.771013 0.628995 0.754427 0.633073 0.754581 0.637855 0.192283 0.527877 0.1906909 0.503712 0.184997 0.506803 0.192283 0.527877 0.199985 0.523473 0.1906909 0.503712 0.204961 0.546951 0.199985 0.523473 0.192283 0.527877 0.204961 0.546951 0.211859 0.540982 0.199985 0.523473 0.263192 0.587297 0.211859 0.540982 0.204961 0.546951 0.263192 0.587297 0.204961 0.546951 0.259193 0.593361 0.277088 0.606424 0.263192 0.587297 0.259193 0.593361 0.277088 0.606424 0.281006 0.601315 0.263192 0.587297 0.29349 0.622024 0.281006 0.601315 0.277088 0.606424 0.29349 0.622024 0.297335 0.617873 0.281006 0.601315 0.301999 0.6372 0.297335 0.617873 0.29349 0.622024 0.301999 0.6372 0.306399 0.632932 0.297335 0.617873 0.307388 0.660498 0.306399 0.632932 0.301999 0.6372 0.307388 0.660498 0.311149 0.652003 0.306399 0.632932 0.865106 0.874768 0.901956 0.825545 0.860306 0.873304 0.865106 0.874768 0.90651 0.823177 0.901956 0.825545 0.8989 0.772901 0.852971 0.734965 0.848942 0.738037 0.8989 0.772901 0.903906 0.773958 0.852971 0.734965 0.641031 0.597314 0.609388 0.640553 0.645737 0.599078 0.641031 0.597314 0.604688 0.642708 0.609388 0.640553 0.642188 0.578834 0.641031 0.597314 0.645737 0.599078 0.642188 0.578834 0.638499 0.575 0.641031 0.597314 0.598495 0.859261 0.642098 0.891661 0.646481 0.889313 0.598495 0.859261 0.59349 0.858333 0.642098 0.891661 0.74133 0.626663 0.754581 0.637855 0.754427 0.633073 0.74133 0.626663 0.754427 0.633073 0.745176 0.623238 0.74133 0.626663 0.745176 0.623238 0.733178 0.608237 0.74133 0.626663 0.733178 0.608237 0.728929 0.611117 0.728929 0.611117 0.733178 0.608237 0.723165 0.590664 0.728929 0.611117 0.723165 0.590664 0.718524 0.592844 0.723165 0.590664 0.71289 0.57952 0.718524 0.592844 0.723165 0.590664 0.71555 0.575 0.71289 0.57952 0.197706 0.568689 0.242672 0.593584 0.199244 0.559254 0.197706 0.568689 0.2337639 0.596419 0.242672 0.593584 0.158568 0.632573 0.152984 0.66177 0.157845 0.654042 0.158568 0.632573 0.154329 0.635686 0.152984 0.66177 0.237545 0.387814 0.2023169 0.422346 0.24643 0.390935 0.237545 0.387814 0.200834 0.412946 0.2023169 0.422346 0.272581 0.460702 0.315343 0.441366 0.315496 0.431865 0.272581 0.460702 0.28083 0.464995 0.315343 0.441366 0.133682 0.379514 0.1538929 0.350701 0.126404 0.382212 0.133682 0.379514 0.158712 0.354414 0.1538929 0.350701 0.1408399 0.376561 0.158712 0.354414 0.133682 0.379514 0.1408399 0.376561 0.162806 0.356177 0.158712 0.354414 0.161669 0.346915 0.158712 0.354414 0.162806 0.356177 0.161669 0.346915 0.157234 0.342824 0.158712 0.354414 0.184997 0.506803 0.149527 0.488003 0.141849 0.488177 0.184997 0.506803 0.1906909 0.503712 0.149527 0.488003 0.157682 0.487929 0.1906909 0.503712 0.194804 0.501397 0.157682 0.487929 0.149527 0.488003 0.1906909 0.503712 0.306399 0.632932 0.311149 0.652003 0.314062 0.647682 0.306399 0.632932 0.314062 0.647682 0.309377 0.630937 0.297335 0.617873 0.306399 0.632932 0.309377 0.630937 0.297335 0.617873 0.309377 0.630937 0.299844 0.615505 0.283191 0.598487 0.297335 0.617873 0.299844 0.615505 0.283191 0.598487 0.281006 0.601315 0.297335 0.617873 0.2651 0.584132 0.281006 0.601315 0.283191 0.598487 0.2651 0.584132 0.263192 0.587297 0.281006 0.601315 0.215457 0.538193 0.263192 0.587297 0.2651 0.584132 0.215457 0.538193 0.211859 0.540982 0.263192 0.587297 0.199985 0.523473 0.211859 0.540982 0.215457 0.538193 0.199985 0.523473 0.215457 0.538193 0.20382 0.521417 0.1906909 0.503712 0.199985 0.523473 0.20382 0.521417 0.1906909 0.503712 0.20382 0.521417 0.194804 0.501397 0.360666 0.660498 0.311149 0.652003 0.307388 0.660498 0.360666 0.660498 0.355152 0.652817 0.311149 0.652003 0.384534 0.584759 0.348587 0.619795 0.353935 0.621347 0.384534 0.584759 0.378022 0.58803 0.348587 0.619795 0.336956 0.588077 0.378022 0.58803 0.384534 0.584759 0.336956 0.588077 0.33432 0.5932 0.378022 0.58803 0.370795 0.591671 0.33432 0.5932 0.332467 0.59699 0.370795 0.591671 0.378022 0.58803 0.33432 0.5932 0.277369 0.557454 0.247247 0.523722 0.245956 0.525108 0.277369 0.557454 0.279195 0.554838 0.247247 0.523722 0.314222 0.584653 0.279195 0.554838 0.277369 0.557454 0.314222 0.584653 0.316484 0.581484 0.279195 0.554838 0.33432 0.5932 0.316484 0.581484 0.314222 0.584653 0.33432 0.5932 0.314222 0.584653 0.332467 0.59699 0.335291 0.394059 0.370374 0.399845 0.363585 0.395857 0.335291 0.394059 0.363585 0.395857 0.333231 0.39042 0.317433 0.401788 0.335291 0.394059 0.333231 0.39042 0.317433 0.401788 0.319917 0.404737 0.335291 0.394059 0.301142 0.414051 0.319917 0.404737 0.317433 0.401788 0.301142 0.414051 0.303331 0.41726 0.319917 0.404737 0.266232 0.442354 0.303331 0.41726 0.301142 0.414051 0.266232 0.442354 0.301142 0.414051 0.2642 0.439529 0.243452 0.461985 0.266232 0.442354 0.2642 0.439529 0.243452 0.461985 0.2642 0.439529 0.240709 0.459879 0.235796 0.47652 0.243452 0.461985 0.240709 0.459879 0.235796 0.47652 0.240709 0.459879 0.232754 0.475782 0.233714 0.492594 0.235796 0.47652 0.232754 0.475782 0.233714 0.492594 0.232754 0.475782 0.231184 0.49329 0.234862 0.507849 0.233714 0.492594 0.231184 0.49329 0.234862 0.507849 0.236762 0.506568 0.233714 0.492594 0.245956 0.525108 0.236762 0.506568 0.234862 0.507849 0.245956 0.525108 0.247247 0.523722 0.236762 0.506568 0.307611 0.42361 0.319917 0.404737 0.303331 0.41726 0.307611 0.42361 0.324424 0.410422 0.319917 0.404737 0.338295 0.39831 0.319917 0.404737 0.324424 0.410422 0.338295 0.39831 0.335291 0.394059 0.319917 0.404737 0.320634 0.575329 0.33432 0.5932 0.336956 0.588077 0.320634 0.575329 0.316484 0.581484 0.33432 0.5932 0.282537 0.550003 0.316484 0.581484 0.320634 0.575329 0.282537 0.550003 0.279195 0.554838 0.316484 0.581484 0.247247 0.523722 0.279195 0.554838 0.282537 0.550003 0.247247 0.523722 0.282537 0.550003 0.248851 0.521243 0.238435 0.504785 0.247247 0.523722 0.248851 0.521243 0.238435 0.504785 0.236762 0.506568 0.247247 0.523722 0.2360579 0.491618 0.236762 0.506568 0.238435 0.504785 0.2360579 0.491618 0.233714 0.492594 0.236762 0.506568 0.239208 0.477264 0.233714 0.492594 0.2360579 0.491618 0.239208 0.477264 0.235796 0.47652 0.233714 0.492594 0.247265 0.465 0.235796 0.47652 0.239208 0.477264 0.247265 0.465 0.243452 0.461985 0.235796 0.47652 0.243452 0.461985 0.247265 0.465 0.270035 0.447576 0.243452 0.461985 0.270035 0.447576 0.266232 0.442354 0.270035 0.447576 0.303331 0.41726 0.266232 0.442354 0.270035 0.447576 0.307611 0.42361 0.303331 0.41726 0.359035 0.643395 0.355152 0.652817 0.360666 0.660498 0.359035 0.643395 0.352026 0.640735 0.355152 0.652817 0.353935 0.621347 0.352026 0.640735 0.359035 0.643395 0.353935 0.621347 0.348587 0.619795 0.352026 0.640735 0.377187 0.403673 0.335291 0.394059 0.338295 0.39831 0.377187 0.403673 0.370374 0.399845 0.335291 0.394059 0.35439 0.369478 0.370374 0.399845 0.377187 0.403673 0.35439 0.369478 0.348445 0.37104 0.370374 0.399845 0.363585 0.395857 0.348445 0.37104 0.344247 0.372013 0.363585 0.395857 0.370374 0.399845 0.348445 0.37104 0.348445 0.37104 0.348372 0.346406 0.344247 0.372013 0.348445 0.37104 0.352924 0.341936 0.348372 0.346406 0.358413 0.334901 0.348445 0.37104 0.35439 0.369478 0.358413 0.334901 0.352924 0.341936 0.348445 0.37104 0.303059 0.334901 0.352924 0.341936 0.358413 0.334901 0.303059 0.334901 0.307624 0.343694 0.352924 0.341936 0.24643 0.390935 0.229559 0.382067 0.237545 0.387814 0.24643 0.390935 0.236778 0.38098 0.229559 0.382067 0.223814 0.36473 0.229559 0.382067 0.236778 0.38098 0.223814 0.36473 0.217642 0.368209 0.229559 0.382067 0.2127439 0.34526 0.217642 0.368209 0.223814 0.36473 0.2127439 0.34526 0.207715 0.351142 0.217642 0.368209 0.2092469 0.334901 0.207715 0.351142 0.2127439 0.34526 0.2092469 0.334901 0.205458 0.343671 0.207715 0.351142 0.152588 0.334901 0.205458 0.343671 0.2092469 0.334901 0.152588 0.334901 0.157234 0.342824 0.205458 0.343671 0.1538929 0.350701 0.157234 0.342824 0.152588 0.334901 0.1538929 0.350701 0.158712 0.354414 0.157234 0.342824 0.289183 0.476963 0.28083 0.464995 0.272581 0.460702 0.289183 0.476963 0.272581 0.460702 0.282672 0.476122 0.289188 0.494555 0.289183 0.476963 0.282672 0.476122 0.289188 0.494555 0.294647 0.494734 0.289183 0.476963 0.282865 0.513487 0.294647 0.494734 0.289188 0.494555 0.282865 0.513487 0.289621 0.513478 0.294647 0.494734 0.28096 0.526451 0.289621 0.513478 0.282865 0.513487 0.28096 0.526451 0.282865 0.513487 0.271051 0.529243 0.321948 0.539319 0.314401 0.54951 0.314751 0.559714 0.321948 0.539319 0.314751 0.559714 0.326119 0.546318 0.33381 0.533762 0.321948 0.539319 0.326119 0.546318 0.33381 0.533762 0.329175 0.528602 0.321948 0.539319 0.338295 0.525073 0.329175 0.528602 0.33381 0.533762 0.338295 0.525073 0.335124 0.520975 0.329175 0.528602 0.381883 0.518368 0.335124 0.520975 0.338295 0.525073 0.381883 0.518368 0.374785 0.516908 0.335124 0.520975 0.343674 0.491555 0.374785 0.516908 0.381883 0.518368 0.343674 0.491555 0.338462 0.494194 0.374785 0.516908 0.366892 0.515088 0.338462 0.494194 0.334675 0.496026 0.366892 0.515088 0.374785 0.516908 0.338462 0.494194 0.338462 0.494194 0.328427 0.477309 0.334675 0.496026 0.338462 0.494194 0.331855 0.475486 0.328427 0.477309 0.331855 0.475486 0.320008 0.457898 0.328427 0.477309 0.331855 0.475486 0.322775 0.454963 0.320008 0.457898 0.322775 0.454963 0.314166 0.447119 0.320008 0.457898 0.322775 0.454963 0.315343 0.441366 0.314166 0.447119 0.205292 0.661839 0.157845 0.654042 0.152984 0.66177 0.205292 0.661839 0.200648 0.65328 0.157845 0.654042 0.1154659 0.61154 0.169205 0.603244 0.165814 0.598652 0.1154659 0.61154 0.122479 0.613 0.169205 0.603244 0.205458 0.343671 0.161669 0.346915 0.202362 0.34762 0.205458 0.343671 0.157234 0.342824 0.161669 0.346915 0.130411 0.614205 0.158568 0.632573 0.162595 0.630506 0.130411 0.614205 0.122479 0.613 0.158568 0.632573 0.154329 0.635686 0.158568 0.632573 0.122479 0.613 0.154329 0.635686 0.122479 0.613 0.1154659 0.61154 0.200834 0.412946 0.23126 0.387442 0.201055 0.407793 0.200834 0.412946 0.237545 0.387814 0.23126 0.387442 0.348372 0.346406 0.307624 0.343694 0.31118 0.348036 0.348372 0.346406 0.352924 0.341936 0.307624 0.343694 0.315343 0.441366 0.286328 0.466351 0.314166 0.447119 0.315343 0.441366 0.28083 0.464995 0.286328 0.466351 0.158568 0.632573 0.1619189 0.649631 0.162595 0.630506 0.158568 0.632573 0.157845 0.654042 0.1619189 0.649631 0.227486 0.596805 0.197706 0.568689 0.198175 0.574229 0.227486 0.596805 0.2337639 0.596419 0.197706 0.568689 0.311149 0.652003 0.350412 0.648769 0.314062 0.647682 0.311149 0.652003 0.355152 0.652817 0.350412 0.648769 0.1619189 0.649631 0.200648 0.65328 0.196977 0.649088 0.1619189 0.649631 0.157845 0.654042 0.200648 0.65328 0.1408399 0.376561 0.167602 0.37829 0.170117 0.375142 0.1408399 0.376561 0.133682 0.379514 0.167602 0.37829 0.16458 0.381547 0.167602 0.37829 0.133682 0.379514 0.16458 0.381547 0.133682 0.379514 0.126404 0.382212 0.335124 0.520975 0.374785 0.516908 0.366892 0.515088 0.335124 0.520975 0.366892 0.515088 0.332064 0.517724 0.326256 0.526158 0.335124 0.520975 0.332064 0.517724 0.326256 0.526158 0.329175 0.528602 0.335124 0.520975 0.319581 0.536119 0.329175 0.528602 0.326256 0.526158 0.319581 0.536119 0.321948 0.539319 0.329175 0.528602 0.313621 0.543996 0.321948 0.539319 0.319581 0.536119 0.313621 0.543996 0.314401 0.54951 0.321948 0.539319 0.174359 0.395657 0.167602 0.37829 0.16458 0.381547 0.174359 0.395657 0.178984 0.390371 0.167602 0.37829 0.188645 0.411573 0.178984 0.390371 0.174359 0.395657 0.188645 0.411573 0.191725 0.404236 0.178984 0.390371 0.200834 0.412946 0.191725 0.404236 0.188645 0.411573 0.200834 0.412946 0.188645 0.411573 0.2023169 0.422346 0.293659 0.535072 0.314401 0.54951 0.313621 0.543996 0.293659 0.535072 0.313621 0.543996 0.296288 0.531605 0.286366 0.525012 0.293659 0.535072 0.296288 0.531605 0.286366 0.525012 0.28096 0.526451 0.293659 0.535072 0.169205 0.603244 0.122479 0.613 0.130411 0.614205 0.169205 0.603244 0.130411 0.614205 0.171903 0.606335 0.182924 0.592338 0.169205 0.603244 0.171903 0.606335 0.182924 0.592338 0.180575 0.589437 0.169205 0.603244 0.191293 0.576893 0.180575 0.589437 0.182924 0.592338 0.191293 0.576893 0.182924 0.592338 0.192936 0.580464 0.198175 0.574229 0.191293 0.576893 0.192936 0.580464 0.198175 0.574229 0.197706 0.568689 0.191293 0.576893 0.338562 0.471569 0.338462 0.494194 0.343674 0.491555 0.338562 0.471569 0.331855 0.475486 0.338462 0.494194 0.328059 0.448743 0.331855 0.475486 0.338562 0.471569 0.328059 0.448743 0.322775 0.454963 0.331855 0.475486 0.315343 0.441366 0.322775 0.454963 0.328059 0.448743 0.315343 0.441366 0.328059 0.448743 0.315496 0.431865 0.703975 0.797467 0.741685 0.8441 0.758206 0.843876 0.703975 0.797467 0.698258 0.80977 0.741685 0.8441 0.776102 0.856939 0.786639 0.877093 0.792504 0.872539 0.776102 0.856939 0.771371 0.862601 0.786639 0.877093 0.758206 0.843876 0.771371 0.862601 0.776102 0.856939 0.758206 0.843876 0.753473 0.84999 0.771371 0.862601 0.758206 0.843876 0.74774 0.850307 0.753473 0.84999 0.758206 0.843876 0.741685 0.8441 0.74774 0.850307 0.741685 0.8441 0.733289 0.862585 0.74774 0.850307 0.741685 0.8441 0.727684 0.857737 0.733289 0.862585 0.727684 0.857737 0.721832 0.878081 0.733289 0.862585 0.727684 0.857737 0.715365 0.874479 0.721832 0.878081 0.706992 0.895425 0.721832 0.878081 0.715365 0.874479 0.706992 0.895425 0.714107 0.897443 0.721832 0.878081 0.704306 0.912354 0.714107 0.897443 0.706992 0.895425 0.704306 0.912354 0.71322 0.920788 0.714107 0.897443 0.643584 0.92092 0.71322 0.920788 0.704306 0.912354 0.643584 0.92092 0.704306 0.912354 0.651997 0.912285 0.646481 0.889313 0.643584 0.92092 0.651997 0.912285 0.646481 0.889313 0.651997 0.912285 0.653343 0.886201 0.78155 0.800518 0.819648 0.825845 0.813765 0.81023 0.822456 0.818349 0.813765 0.81023 0.819648 0.825845 0.819648 0.825845 0.838396 0.831558 0.822456 0.818349 0.819648 0.825845 0.83597 0.838592 0.838396 0.831558 0.838396 0.831558 0.83597 0.838592 0.883548 0.835274 0.838396 0.831558 0.883548 0.835274 0.901956 0.825545 0.860306 0.873304 0.901956 0.825545 0.883548 0.835274 0.860306 0.873304 0.883548 0.835274 0.852949 0.871863 0.858048 0.893911 0.860306 0.873304 0.852949 0.871863 0.858048 0.893911 0.865237 0.892791 0.860306 0.873304 0.85968 0.911014 0.865237 0.892791 0.858048 0.893911 0.85968 0.911014 0.870073 0.920924 0.865237 0.892791 0.798136 0.920617 0.870073 0.920924 0.85968 0.911014 0.798136 0.920617 0.85968 0.911014 0.806402 0.911014 0.794143 0.890485 0.798136 0.920617 0.806402 0.911014 0.794143 0.890485 0.806402 0.911014 0.801013 0.887715 0.801013 0.887715 0.786639 0.877093 0.794143 0.890485 0.801013 0.887715 0.792504 0.872539 0.786639 0.877093 0.609388 0.1405529 0.641031 0.097314 0.645738 0.09907799 0.609388 0.1405529 0.604688 0.142708 0.641031 0.097314 0.642188 0.07883399 0.641031 0.097314 0.638499 0.07499998 0.642188 0.07883399 0.645738 0.09907799 0.641031 0.097314 0.598495 0.359261 0.642098 0.391661 0.59349 0.358333 0.598495 0.359261 0.646481 0.389313 0.642098 0.391661 0.197706 0.569628 0.242672 0.594523 0.2337639 0.597358 0.197706 0.569628 0.199245 0.560193 0.242672 0.594523 0.158568 0.633512 0.152983 0.662709 0.154329 0.636625 0.158568 0.633512 0.157845 0.654981 0.152983 0.662709 0.237545 0.388753 0.2023169 0.423285 0.200834 0.413885 0.237545 0.388753 0.24643 0.391874 0.2023169 0.423285 0.272582 0.461641 0.315343 0.442305 0.28083 0.465934 0.272582 0.461641 0.315496 0.432804 0.315343 0.442305 0.1538929 0.35164 0.133682 0.380453 0.126404 0.383151 0.1538929 0.35164 0.158711 0.355353 0.133682 0.380453 0.158711 0.355353 0.1408399 0.3775 0.133682 0.380453 0.158711 0.355353 0.162806 0.357116 0.1408399 0.3775 0.161669 0.347854 0.158711 0.355353 0.157234 0.343763 0.161669 0.347854 0.162806 0.357116 0.158711 0.355353 0.28096 0.52739 0.288452 0.54257 0.271051 0.530182 0.28096 0.52739 0.293659 0.536011 0.288452 0.54257 0.314401 0.550449 0.288452 0.54257 0.293659 0.536011 0.314401 0.550449 0.314751 0.560653 0.288452 0.54257 0.207979 0.64491 0.200648 0.65328 0.205292 0.661839 0.207979 0.64491 0.202444 0.640102 0.200648 0.65328 0.216351 0.623964 0.202444 0.640102 0.207979 0.64491 0.216351 0.623964 0.210358 0.620986 0.202444 0.640102 0.22867 0.607222 0.210358 0.620986 0.216351 0.623964 0.22867 0.607222 0.221812 0.605598 0.210358 0.620986 0.2337639 0.596419 0.221812 0.605598 0.22867 0.607222 0.2337639 0.596419 0.22867 0.607222 0.242672 0.593584 0.141849 0.489116 0.188035 0.473243 0.149527 0.488942 0.141849 0.489116 0.1829389 0.469521 0.188035 0.473243 0.1829389 0.469521 0.196525 0.457296 0.188035 0.473243 0.1829389 0.469521 0.19109 0.452507 0.196525 0.457296 0.19109 0.452507 0.204771 0.444634 0.196525 0.457296 0.19109 0.452507 0.200726 0.438444 0.204771 0.444634 0.21259 0.437365 0.204771 0.444634 0.200726 0.438444 0.21259 0.437365 0.200726 0.438444 0.208986 0.430742 0.21259 0.437365 0.208986 0.430742 0.256197 0.397374 0.21259 0.437365 0.256197 0.397374 0.260086 0.403409 0.280198 0.390385 0.260086 0.403409 0.256197 0.397374 0.280198 0.390385 0.256197 0.397374 0.276476 0.385345 0.276476 0.385345 0.294413 0.376324 0.280198 0.390385 0.276476 0.385345 0.290636 0.372069 0.294413 0.376324 0.290636 0.372069 0.303802 0.360303 0.294413 0.376324 0.290636 0.372069 0.298958 0.355232 0.303802 0.360303 0.298958 0.355232 0.307624 0.344634 0.303802 0.360303 0.298958 0.355232 0.303059 0.33584 0.307624 0.344634 0.184997 0.507742 0.149527 0.488942 0.1906909 0.504651 0.184997 0.507742 0.141849 0.489116 0.149527 0.488942 0.157682 0.488868 0.1906909 0.504651 0.149527 0.488942 0.157682 0.488868 0.194804 0.502336 0.1906909 0.504651 0.20382 0.522356 0.1906909 0.504651 0.194804 0.502336 0.20382 0.522356 0.199985 0.524412 0.1906909 0.504651 0.215457 0.539132 0.199985 0.524412 0.20382 0.522356 0.215457 0.539132 0.211859 0.541921 0.199985 0.524412 0.215457 0.539132 0.263192 0.588236 0.211859 0.541921 0.215457 0.539132 0.2651 0.585071 0.263192 0.588236 0.2651 0.585071 0.281006 0.602254 0.263192 0.588236 0.2651 0.585071 0.283191 0.599426 0.281006 0.602254 0.283191 0.599426 0.297335 0.618812 0.281006 0.602254 0.283191 0.599426 0.299844 0.616444 0.297335 0.618812 0.309377 0.631876 0.297335 0.618812 0.299844 0.616444 0.309377 0.631876 0.306399 0.633871 0.297335 0.618812 0.314062 0.648621 0.306399 0.633871 0.309377 0.631876 0.314062 0.648621 0.311149 0.652942 0.306399 0.633871 0.307388 0.661437 0.306399 0.633871 0.311149 0.652942 0.307388 0.661437 0.301999 0.638139 0.306399 0.633871 0.301999 0.638139 0.297335 0.618812 0.306399 0.633871 0.301999 0.638139 0.29349 0.622963 0.297335 0.618812 0.29349 0.622963 0.281006 0.602254 0.297335 0.618812 0.29349 0.622963 0.277088 0.607363 0.281006 0.602254 0.277088 0.607363 0.263192 0.588236 0.281006 0.602254 0.277088 0.607363 0.259193 0.5943 0.263192 0.588236 0.263192 0.588236 0.259193 0.5943 0.204961 0.54789 0.263192 0.588236 0.204961 0.54789 0.211859 0.541921 0.204961 0.54789 0.199985 0.524412 0.211859 0.541921 0.204961 0.54789 0.192283 0.528816 0.199985 0.524412 0.192283 0.528816 0.1906909 0.504651 0.199985 0.524412 0.192283 0.528816 0.184997 0.507742 0.1906909 0.504651 0.360666 0.661437 0.311149 0.652942 0.355151 0.653756 0.360666 0.661437 0.307388 0.661437 0.311149 0.652942 0.353935 0.622286 0.352026 0.641674 0.348587 0.620734 0.353935 0.622286 0.359035 0.644334 0.352026 0.641674 0.359035 0.644334 0.355151 0.653756 0.352026 0.641674 0.359035 0.644334 0.360666 0.661437 0.355151 0.653756 0.384534 0.585698 0.348587 0.620734 0.378022 0.588969 0.384534 0.585698 0.353935 0.622286 0.348587 0.620734 0.336956 0.589016 0.378022 0.588969 0.33432 0.594139 0.336956 0.589016 0.384534 0.585698 0.378022 0.588969 0.370795 0.59261 0.33432 0.594139 0.378022 0.588969 0.370795 0.59261 0.332467 0.597929 0.33432 0.594139 0.314222 0.585592 0.33432 0.594139 0.332467 0.597929 0.314222 0.585592 0.316484 0.582423 0.33432 0.594139 0.314222 0.585592 0.279195 0.555777 0.316484 0.582423 0.314222 0.585592 0.277369 0.558393 0.279195 0.555777 0.277369 0.558393 0.247247 0.524661 0.279195 0.555777 0.277369 0.558393 0.245956 0.526047 0.247247 0.524661 0.245956 0.526047 0.236762 0.507507 0.247247 0.524661 0.245956 0.526047 0.234862 0.508788 0.236762 0.507507 0.234862 0.508788 0.2337149 0.493533 0.236762 0.507507 0.234862 0.508788 0.231184 0.494229 0.2337149 0.493533 0.232754 0.476721 0.2337149 0.493533 0.231184 0.494229 0.232754 0.476721 0.235796 0.477459 0.2337149 0.493533 0.240709 0.460818 0.235796 0.477459 0.232754 0.476721 0.240709 0.460818 0.243452 0.462924 0.235796 0.477459 0.2642 0.440468 0.243452 0.462924 0.240709 0.460818 0.2642 0.440468 0.266232 0.443293 0.243452 0.462924 0.301142 0.41499 0.266232 0.443293 0.2642 0.440468 0.301142 0.41499 0.303331 0.418199 0.266232 0.443293 0.301142 0.41499 0.319917 0.405676 0.303331 0.418199 0.301142 0.41499 0.317433 0.402727 0.319917 0.405676 0.317433 0.402727 0.335291 0.394998 0.319917 0.405676 0.317433 0.402727 0.333231 0.391359 0.335291 0.394998 0.363585 0.396796 0.335291 0.394998 0.333231 0.391359 0.363585 0.396796 0.370374 0.400784 0.335291 0.394998 0.188774 0.56944 0.197706 0.568689 0.199244 0.559254 0.188774 0.56944 0.191293 0.576893 0.197706 0.568689 0.176298 0.583459 0.191293 0.576893 0.188774 0.56944 0.176298 0.583459 0.180575 0.589437 0.191293 0.576893 0.165814 0.598652 0.180575 0.589437 0.176298 0.583459 0.165814 0.598652 0.169205 0.603244 0.180575 0.589437 0.282537 0.550942 0.316484 0.582423 0.279195 0.555777 0.282537 0.550942 0.320634 0.576268 0.316484 0.582423 0.320634 0.576268 0.33432 0.594139 0.316484 0.582423 0.320634 0.576268 0.336956 0.589016 0.33432 0.594139 0.338295 0.399249 0.319917 0.405676 0.335291 0.394998 0.338295 0.399249 0.324424 0.411361 0.319917 0.405676 0.307611 0.424549 0.319917 0.405676 0.324424 0.411361 0.307611 0.424549 0.303331 0.418199 0.319917 0.405676 0.270035 0.448515 0.303331 0.418199 0.307611 0.424549 0.270035 0.448515 0.266232 0.443293 0.303331 0.418199 0.243452 0.462924 0.266232 0.443293 0.270035 0.448515 0.243452 0.462924 0.270035 0.448515 0.247265 0.465939 0.247265 0.465939 0.235796 0.477459 0.243452 0.462924 0.247265 0.465939 0.239208 0.478203 0.235796 0.477459 0.239208 0.478203 0.2337149 0.493533 0.235796 0.477459 0.239208 0.478203 0.2360579 0.492557 0.2337149 0.493533 0.2360579 0.492557 0.236762 0.507507 0.2337149 0.493533 0.2360579 0.492557 0.238435 0.505724 0.236762 0.507507 0.238435 0.505724 0.247247 0.524661 0.236762 0.507507 0.238435 0.505724 0.248851 0.522182 0.247247 0.524661 0.247247 0.524661 0.248851 0.522182 0.282537 0.550942 0.247247 0.524661 0.282537 0.550942 0.279195 0.555777 0.23126 0.387442 0.237545 0.387814 0.229559 0.382067 0.23126 0.387442 0.229559 0.382067 0.225907 0.383367 0.225907 0.383367 0.229559 0.382067 0.217642 0.368209 0.225907 0.383367 0.217642 0.368209 0.214203 0.370219 0.214203 0.370219 0.217642 0.368209 0.207715 0.351142 0.214203 0.370219 0.207715 0.351142 0.204439 0.353774 0.207715 0.351142 0.202362 0.34762 0.204439 0.353774 0.207715 0.351142 0.205458 0.343671 0.202362 0.34762 0.377187 0.404612 0.335291 0.394998 0.370374 0.400784 0.377187 0.404612 0.338295 0.399249 0.335291 0.394998 0.35439 0.370417 0.370374 0.400784 0.348445 0.371979 0.35439 0.370417 0.377187 0.404612 0.370374 0.400784 0.363585 0.396796 0.348445 0.371979 0.370374 0.400784 0.363585 0.396796 0.344247 0.372952 0.348445 0.371979 0.348372 0.347346 0.348445 0.371979 0.344247 0.372952 0.348372 0.347346 0.352924 0.342876 0.348445 0.371979 0.358413 0.33584 0.348445 0.371979 0.352924 0.342876 0.358413 0.33584 0.35439 0.370417 0.348445 0.371979 0.303059 0.33584 0.352924 0.342876 0.307624 0.344634 0.303059 0.33584 0.358413 0.33584 0.352924 0.342876 0.2092469 0.33584 0.207715 0.352081 0.205458 0.344611 0.2092469 0.33584 0.2127439 0.346199 0.207715 0.352081 0.2127439 0.346199 0.217642 0.369148 0.207715 0.352081 0.2127439 0.346199 0.223814 0.365669 0.217642 0.369148 0.223814 0.365669 0.229559 0.383006 0.217642 0.369148 0.223814 0.365669 0.236778 0.381919 0.229559 0.383006 0.24643 0.391874 0.229559 0.383006 0.236778 0.381919 0.24643 0.391874 0.237545 0.388753 0.229559 0.383006 0.31118 0.348036 0.307624 0.343694 0.303802 0.359364 0.31118 0.348036 0.303802 0.359364 0.306991 0.361751 0.306991 0.361751 0.303802 0.359364 0.294413 0.375385 0.306991 0.361751 0.294413 0.375385 0.29695 0.377838 0.294413 0.375385 0.28241 0.392387 0.29695 0.377838 0.294413 0.375385 0.280198 0.389446 0.28241 0.392387 0.280198 0.389446 0.261998 0.405583 0.28241 0.392387 0.280198 0.389446 0.260086 0.40247 0.261998 0.405583 0.260086 0.40247 0.21443 0.439663 0.261998 0.405583 0.260086 0.40247 0.21259 0.436426 0.21443 0.439663 0.21259 0.436426 0.20613 0.446695 0.21443 0.439663 0.21259 0.436426 0.204771 0.443695 0.20613 0.446695 0.20613 0.446695 0.204771 0.443695 0.196525 0.456357 0.20613 0.446695 0.196525 0.456357 0.199272 0.458593 0.199272 0.458593 0.196525 0.456357 0.188035 0.472304 0.199272 0.458593 0.188035 0.472304 0.191725 0.474891 0.188035 0.472304 0.157682 0.487929 0.191725 0.474891 0.188035 0.472304 0.149527 0.488003 0.157682 0.487929 0.1525869 0.33584 0.205458 0.344611 0.157234 0.343763 0.1525869 0.33584 0.2092469 0.33584 0.205458 0.344611 0.1538929 0.35164 0.157234 0.343763 0.158711 0.355353 0.1538929 0.35164 0.1525869 0.33584 0.157234 0.343763 0.338295 0.526012 0.329175 0.529541 0.335124 0.521914 0.338295 0.526012 0.33381 0.534701 0.329175 0.529541 0.33381 0.534701 0.321948 0.540258 0.329175 0.529541 0.33381 0.534701 0.326119 0.547257 0.321948 0.540258 0.321948 0.540258 0.326119 0.547257 0.314751 0.560653 0.321948 0.540258 0.314751 0.560653 0.314401 0.550449 0.286328 0.466351 0.28083 0.464995 0.289183 0.476963 0.286328 0.466351 0.289183 0.476963 0.292911 0.476718 0.292911 0.476718 0.289183 0.476963 0.294647 0.494734 0.292911 0.476718 0.294647 0.494734 0.298805 0.494686 0.294647 0.494734 0.293494 0.514266 0.298805 0.494686 0.294647 0.494734 0.289621 0.513478 0.293494 0.514266 0.289621 0.513478 0.286366 0.525012 0.293494 0.514266 0.289621 0.513478 0.28096 0.526451 0.286366 0.525012 0.381883 0.519307 0.335124 0.521914 0.374785 0.517847 0.381883 0.519307 0.338295 0.526012 0.335124 0.521914 0.343674 0.492494 0.374785 0.517847 0.338462 0.495133 0.343674 0.492494 0.381883 0.519307 0.374785 0.517847 0.366892 0.516027 0.338462 0.495133 0.374785 0.517847 0.366892 0.516027 0.334675 0.496965 0.338462 0.495133 0.328427 0.478248 0.338462 0.495133 0.334675 0.496965 0.328427 0.478248 0.331855 0.476425 0.338462 0.495133 0.320008 0.458837 0.331855 0.476425 0.328427 0.478248 0.320008 0.458837 0.322775 0.455902 0.331855 0.476425 0.314166 0.448058 0.322775 0.455902 0.320008 0.458837 0.314166 0.448058 0.315343 0.442305 0.322775 0.455902 0.205292 0.662778 0.157845 0.654981 0.200648 0.654219 0.205292 0.662778 0.152983 0.662709 0.157845 0.654981 0.165814 0.599591 0.180575 0.590376 0.169205 0.604183 0.165814 0.599591 0.176298 0.584398 0.180575 0.590376 0.176298 0.584398 0.191293 0.577832 0.180575 0.590376 0.176298 0.584398 0.188774 0.570379 0.191293 0.577832 0.188774 0.570379 0.197706 0.569628 0.191293 0.577832 0.188774 0.570379 0.199245 0.560193 0.197706 0.569628 0.1154659 0.612479 0.169205 0.604183 0.122479 0.613939 0.1154659 0.612479 0.165814 0.599591 0.169205 0.604183 0.161669 0.347854 0.205458 0.344611 0.202362 0.348559 0.161669 0.347854 0.157234 0.343763 0.205458 0.344611 0.23126 0.388381 0.200834 0.413885 0.201055 0.408732 0.23126 0.388381 0.237545 0.388753 0.200834 0.413885 0.196977 0.650027 0.202444 0.641041 0.200648 0.654219 0.196977 0.650027 0.199043 0.638866 0.202444 0.641041 0.199043 0.638866 0.210358 0.621925 0.202444 0.641041 0.199043 0.638866 0.20686 0.620143 0.210358 0.621925 0.218194 0.605008 0.210358 0.621925 0.20686 0.620143 0.218194 0.605008 0.2218109 0.606537 0.210358 0.621925 0.227486 0.597744 0.2218109 0.606537 0.218194 0.605008 0.227486 0.597744 0.2337639 0.597358 0.2218109 0.606537 0.350412 0.649708 0.352026 0.641674 0.355151 0.653756 0.350412 0.649708 0.348311 0.640777 0.352026 0.641674 0.348311 0.640777 0.348587 0.620734 0.352026 0.641674 0.348311 0.640777 0.34423 0.61987 0.348587 0.620734 0.370795 0.59261 0.348587 0.620734 0.34423 0.61987 0.370795 0.59261 0.378022 0.588969 0.348587 0.620734 0.646481 0.889313 0.653343 0.886201 0.61448 0.862056 0.646481 0.889313 0.61448 0.862056 0.598495 0.859261 0.660367 0.843203 0.598495 0.859261 0.61448 0.862056 0.660367 0.843203 0.61448 0.862056 0.664828 0.849167 0.675312 0.833975 0.660367 0.843203 0.664828 0.849167 0.675312 0.833975 0.669567 0.829493 0.660367 0.843203 0.682486 0.814943 0.669567 0.829493 0.675312 0.833975 0.682486 0.814943 0.675312 0.833975 0.687788 0.819956 0.694822 0.805155 0.682486 0.814943 0.687788 0.819956 0.694822 0.805155 0.687788 0.819956 0.698258 0.80977 0.698258 0.80977 0.696267 0.800102 0.694822 0.805155 0.698258 0.80977 0.703975 0.797467 0.696267 0.800102 0.696267 0.800102 0.703975 0.797467 0.691297 0.778393 0.696267 0.800102 0.691297 0.778393 0.684787 0.781625 0.691297 0.778393 0.678354 0.762208 0.684787 0.781625 0.691297 0.778393 0.68401 0.757318 0.678354 0.762208 0.678354 0.762208 0.68401 0.757318 0.640863 0.738692 0.678354 0.762208 0.640863 0.738692 0.622341 0.738726 0.74133 0.126663 0.754427 0.133073 0.754581 0.1378549 0.74133 0.126663 0.745176 0.123238 0.754427 0.133073 0.74133 0.126663 0.733178 0.108237 0.745176 0.123238 0.74133 0.126663 0.728929 0.111117 0.733178 0.108237 0.728929 0.111117 0.723165 0.09066396 0.733178 0.108237 0.728929 0.111117 0.718524 0.092844 0.723165 0.09066396 0.71289 0.079521 0.723165 0.09066396 0.718524 0.092844 0.71289 0.079521 0.71555 0.07499998 0.723165 0.09066396 0.348372 0.347346 0.307624 0.344634 0.352924 0.342876 0.348372 0.347346 0.31118 0.348976 0.307624 0.344634 0.286328 0.46729 0.315343 0.442305 0.314166 0.448058 0.286328 0.46729 0.28083 0.465934 0.315343 0.442305 0.1619189 0.65057 0.158568 0.633512 0.162595 0.631445 0.1619189 0.65057 0.157845 0.654981 0.158568 0.633512 0.227486 0.597744 0.197706 0.569628 0.2337639 0.597358 0.227486 0.597744 0.198175 0.575168 0.197706 0.569628 0.350412 0.649708 0.311149 0.652942 0.314062 0.648621 0.350412 0.649708 0.355151 0.653756 0.311149 0.652942 0.1619189 0.65057 0.200648 0.654219 0.157845 0.654981 0.1619189 0.65057 0.196977 0.650027 0.200648 0.654219 0.23126 0.388381 0.229559 0.383006 0.237545 0.388753 0.23126 0.388381 0.225907 0.384306 0.229559 0.383006 0.225907 0.384306 0.217642 0.369148 0.229559 0.383006 0.225907 0.384306 0.214203 0.371158 0.217642 0.369148 0.214203 0.371158 0.207715 0.352081 0.217642 0.369148 0.214203 0.371158 0.204439 0.354713 0.207715 0.352081 0.202362 0.348559 0.207715 0.352081 0.204439 0.354713 0.202362 0.348559 0.205458 0.344611 0.207715 0.352081 0.313621 0.544935 0.321948 0.540258 0.314401 0.550449 0.313621 0.544935 0.31958 0.537058 0.321948 0.540258 0.31958 0.537058 0.329175 0.529541 0.321948 0.540258 0.31958 0.537058 0.326256 0.527097 0.329175 0.529541 0.326256 0.527097 0.335124 0.521914 0.329175 0.529541 0.326256 0.527097 0.332064 0.518663 0.335124 0.521914 0.366892 0.516027 0.335124 0.521914 0.332064 0.518663 0.366892 0.516027 0.374785 0.517847 0.335124 0.521914 0.200834 0.413885 0.2023169 0.423285 0.188645 0.412512 0.200834 0.413885 0.188645 0.412512 0.191725 0.405175 0.188645 0.412512 0.178984 0.39131 0.191725 0.405175 0.188645 0.412512 0.174359 0.396596 0.178984 0.39131 0.174359 0.396596 0.167602 0.379229 0.178984 0.39131 0.174359 0.396596 0.16458 0.382486 0.167602 0.379229 0.286366 0.525951 0.293659 0.536011 0.28096 0.52739 0.286366 0.525951 0.296288 0.532544 0.293659 0.536011 0.313621 0.544935 0.293659 0.536011 0.296288 0.532544 0.313621 0.544935 0.314401 0.550449 0.293659 0.536011 0.315343 0.442305 0.315496 0.432804 0.328059 0.449682 0.315343 0.442305 0.328059 0.449682 0.322775 0.455902 0.328059 0.449682 0.331855 0.476425 0.322775 0.455902 0.328059 0.449682 0.338562 0.472508 0.331855 0.476425 0.338562 0.472508 0.338462 0.495133 0.331855 0.476425 0.338562 0.472508 0.343674 0.492494 0.338462 0.495133 0.198175 0.575168 0.191293 0.577832 0.197706 0.569628 0.198175 0.575168 0.192936 0.581403 0.191293 0.577832 0.182923 0.593277 0.191293 0.577832 0.192936 0.581403 0.182923 0.593277 0.180575 0.590376 0.191293 0.577832 0.182923 0.593277 0.169205 0.604183 0.180575 0.590376 0.182923 0.593277 0.171903 0.607274 0.169205 0.604183 0.130411 0.615144 0.169205 0.604183 0.171903 0.607274 0.130411 0.615144 0.122479 0.613939 0.169205 0.604183 0.28096 0.52739 0.271051 0.530182 0.282865 0.514426 0.28096 0.52739 0.282865 0.514426 0.289621 0.514417 0.282865 0.514426 0.294648 0.495673 0.289621 0.514417 0.282865 0.514426 0.289188 0.495494 0.294648 0.495673 0.289188 0.495494 0.289183 0.477902 0.294648 0.495673 0.289188 0.495494 0.282672 0.477061 0.289183 0.477902 0.289183 0.477902 0.282672 0.477061 0.272582 0.461641 0.289183 0.477902 0.272582 0.461641 0.28083 0.465934 0.154329 0.636625 0.1154659 0.612479 0.122479 0.613939 0.154329 0.636625 0.122479 0.613939 0.158568 0.633512 0.130411 0.615144 0.158568 0.633512 0.122479 0.613939 0.130411 0.615144 0.162595 0.631445 0.158568 0.633512 0.31118 0.348976 0.303802 0.360303 0.307624 0.344634 0.31118 0.348976 0.306992 0.36269 0.303802 0.360303 0.306992 0.36269 0.294413 0.376324 0.303802 0.360303 0.306992 0.36269 0.29695 0.378777 0.294413 0.376324 0.282409 0.393326 0.294413 0.376324 0.29695 0.378777 0.282409 0.393326 0.280198 0.390385 0.294413 0.376324 0.261998 0.406522 0.280198 0.390385 0.282409 0.393326 0.261998 0.406522 0.260086 0.403409 0.280198 0.390385 0.21443 0.440602 0.260086 0.403409 0.261998 0.406522 0.21443 0.440602 0.21259 0.437365 0.260086 0.403409 0.20613 0.447634 0.21259 0.437365 0.21443 0.440602 0.20613 0.447634 0.204771 0.444634 0.21259 0.437365 0.20613 0.447634 0.196525 0.457296 0.204771 0.444634 0.20613 0.447634 0.199272 0.459532 0.196525 0.457296 0.199272 0.459532 0.188035 0.473243 0.196525 0.457296 0.199272 0.459532 0.191725 0.47583 0.188035 0.473243 0.157682 0.488868 0.188035 0.473243 0.191725 0.47583 0.157682 0.488868 0.149527 0.488942 0.188035 0.473243 0.133682 0.380453 0.16458 0.382486 0.126404 0.383151 0.133682 0.380453 0.167602 0.379229 0.16458 0.382486 0.1408399 0.3775 0.167602 0.379229 0.133682 0.380453 0.1408399 0.3775 0.170117 0.376081 0.167602 0.379229 0.286328 0.46729 0.289183 0.477902 0.28083 0.465934 0.286328 0.46729 0.292911 0.477657 0.289183 0.477902 0.292911 0.477657 0.294648 0.495673 0.289183 0.477902 0.292911 0.477657 0.298805 0.495625 0.294648 0.495673 0.293494 0.515205 0.294648 0.495673 0.298805 0.495625 0.293494 0.515205 0.289621 0.514417 0.294648 0.495673 0.286366 0.525951 0.289621 0.514417 0.293494 0.515205 0.286366 0.525951 0.28096 0.52739 0.289621 0.514417 0.350412 0.648769 0.355152 0.652817 0.352026 0.640735 0.350412 0.648769 0.352026 0.640735 0.348311 0.639838 0.348311 0.639838 0.352026 0.640735 0.348587 0.619795 0.348311 0.639838 0.348587 0.619795 0.34423 0.618931 0.348587 0.619795 0.370795 0.591671 0.34423 0.618931 0.348587 0.619795 0.378022 0.58803 0.370795 0.591671 0.2337639 0.597358 0.242672 0.594523 0.22867 0.608161 0.2337639 0.597358 0.22867 0.608161 0.2218109 0.606537 0.22867 0.608161 0.210358 0.621925 0.2218109 0.606537 0.22867 0.608161 0.216351 0.624903 0.210358 0.621925 0.216351 0.624903 0.202444 0.641041 0.210358 0.621925 0.216351 0.624903 0.207979 0.645849 0.202444 0.641041 0.207979 0.645849 0.200648 0.654219 0.202444 0.641041 0.207979 0.645849 0.205292 0.662778 0.200648 0.654219 0.314401 0.54951 0.288452 0.541631 0.314751 0.559714 0.314401 0.54951 0.293659 0.535072 0.288452 0.541631 0.28096 0.526451 0.288452 0.541631 0.293659 0.535072 0.28096 0.526451 0.271051 0.529243 0.288452 0.541631 0.167602 0.37829 0.181583 0.38778 0.170117 0.375142 0.167602 0.37829 0.178984 0.390371 0.181583 0.38778 0.178984 0.390371 0.193479 0.400751 0.181583 0.38778 0.178984 0.390371 0.191725 0.404236 0.193479 0.400751 0.191725 0.404236 0.201055 0.407793 0.193479 0.400751 0.191725 0.404236 0.200834 0.412946 0.201055 0.407793 0.221812 0.605598 0.2337639 0.596419 0.227486 0.596805 0.221812 0.605598 0.227486 0.596805 0.218194 0.604069 0.210358 0.620986 0.221812 0.605598 0.218194 0.604069 0.210358 0.620986 0.218194 0.604069 0.206861 0.619204 0.199043 0.637927 0.210358 0.620986 0.206861 0.619204 0.199043 0.637927 0.202444 0.640102 0.210358 0.620986 0.196977 0.649088 0.202444 0.640102 0.199043 0.637927 0.196977 0.649088 0.200648 0.65328 0.202444 0.640102 0.298958 0.354293 0.307624 0.343694 0.303059 0.334901 0.298958 0.354293 0.303802 0.359364 0.307624 0.343694 0.290636 0.37113 0.303802 0.359364 0.298958 0.354293 0.290636 0.37113 0.294413 0.375385 0.303802 0.359364 0.276476 0.384406 0.294413 0.375385 0.290636 0.37113 0.276476 0.384406 0.280198 0.389446 0.294413 0.375385 0.280198 0.389446 0.276476 0.384406 0.256197 0.396435 0.280198 0.389446 0.256197 0.396435 0.260086 0.40247 0.21259 0.436426 0.260086 0.40247 0.256197 0.396435 0.21259 0.436426 0.256197 0.396435 0.208986 0.429803 0.21259 0.436426 0.208986 0.429803 0.200726 0.437505 0.21259 0.436426 0.200726 0.437505 0.204771 0.443695 0.19109 0.451568 0.204771 0.443695 0.200726 0.437505 0.19109 0.451568 0.196525 0.456357 0.204771 0.443695 0.1829389 0.468582 0.196525 0.456357 0.19109 0.451568 0.1829389 0.468582 0.188035 0.472304 0.196525 0.456357 0.141849 0.488177 0.188035 0.472304 0.1829389 0.468582 0.141849 0.488177 0.149527 0.488003 0.188035 0.472304</float_array>
          <technique_common>
            <accessor source="#pickup_powerup_thorns-mesh-map-0-array" count="4128" stride="2">
              <param name="S" type="float"/>
              <param name="T" type="float"/>
            </accessor>
          </technique_common>
        </source>
        <vertices id="pickup_powerup_thorns-mesh-vertices">
          <input semantic="POSITION" source="#pickup_powerup_thorns-mesh-positions"/>
        </vertices>
        <triangles material="pickup_powerup_set_new-material" count="1376">
          <input semantic="VERTEX" source="#pickup_powerup_thorns-mesh-vertices" offset="0"/>
          <input semantic="NORMAL" source="#pickup_powerup_thorns-mesh-normals" offset="1"/>
          <input semantic="TEXCOORD" source="#pickup_powerup_thorns-mesh-map-0" offset="2" set="0"/>
          <p>0 0 0 1 1 1 2 2 2 3 3 3 4 4 4 5 5 5 3 3 6 6 6 7 4 4 8 4 4 9 6 6 10 7 7 11 4 4 12 7 7 13 8 8 14 8 8 15 7 7 16 1 9 17 8 8 18 1 9 19 0 10 20 9 11 21 5 12 22 10 13 23 9 11 24 3 14 25 5 12 26 11 15 27 12 16 28 13 17 29 11 15 30 14 18 31 12 16 32 14 18 33 11 15 34 15 19 35 14 18 36 15 19 37 16 20 38 15 19 39 17 21 40 16 20 41 15 19 42 18 22 43 17 21 44 2 23 45 17 21 46 18 22 47 2 23 48 18 22 49 0 24 50 19 25 51 20 25 52 21 25 53 19 25 54 22 25 55 20 25 56 23 25 57 20 25 58 22 25 59 23 25 60 22 25 61 24 25 62 25 25 63 24 25 64 22 25 65 25 25 66 22 25 67 26 25 68 27 25 69 25 25 70 26 25 71 27 25 72 26 25 73 28 25 74 27 25 75 28 25 76 29 25 77 27 25 78 29 25 79 30 26 80 30 26 81 29 25 82 31 27 83 30 26 84 31 27 85 32 28 86 32 28 87 31 27 88 33 25 89 32 28 90 33 25 91 34 25 92 33 25 93 35 25 94 34 25 95 33 25 96 36 25 97 35 25 98 37 25 99 35 25 100 36 25 101 37 25 102 36 25 103 38 25 104 39 25 105 37 25 106 38 25 107 39 25 108 40 25 109 37 25 110 39 25 111 41 25 112 40 25 113 39 25 114 42 25 115 41 25 116 41 25 117 42 25 118 43 25 119 41 25 120 43 25 121 44 25 122 44 25 123 43 25 124 45 25 125 44 25 126 45 25 127 46 25 128 46 25 129 45 25 130 47 25 131 46 25 132 47 25 133 48 25 134 47 25 135 49 25 136 48 25 137 47 25 138 50 25 139 49 25 140 51 25 141 49 25 142 50 25 143 51 25 144 50 25 145 52 25 146 53 29 147 51 25 148 52 25 149 53 29 150 54 30 151 51 25 152 53 29 153 55 31 154 54 30 155 53 29 156 56 32 157 55 31 158 55 31 159 56 32 160 57 33 161 55 31 162 57 33 163 58 34 164 59 35 165 45 25 166 43 25 167 59 35 168 60 25 169 45 25 170 59 35 171 61 36 172 60 25 173 59 35 174 62 37 175 61 36 176 63 38 177 61 36 178 62 37 179 64 25 180 63 38 181 62 37 182 64 25 183 65 25 184 63 38 185 63 38 186 66 39 187 61 36 188 63 38 189 67 40 190 66 39 191 63 38 192 68 25 193 67 40 194 63 38 195 69 25 196 68 25 197 69 25 198 70 25 199 68 25 200 69 25 201 71 25 202 70 25 203 71 25 204 72 25 205 70 25 206 71 25 207 73 41 208 72 25 209 74 42 210 58 34 211 57 33 212 74 42 213 75 25 214 58 34 215 74 42 216 76 25 217 75 25 218 74 42 219 72 25 220 76 25 221 77 43 222 76 25 223 72 25 224 77 43 225 72 25 226 73 41 227 77 43 228 73 41 229 78 44 230 77 43 231 78 44 232 79 45 233 80 25 234 79 45 235 78 44 236 80 25 237 78 44 238 81 25 239 80 25 240 81 25 241 82 46 242 80 25 243 82 46 244 83 25 245 82 46 246 84 47 247 83 25 248 82 46 249 85 48 250 84 47 251 84 47 252 85 48 253 86 49 254 84 47 255 86 49 256 87 50 257 86 49 258 88 51 259 87 50 260 86 49 261 89 52 262 88 51 263 89 52 264 90 53 265 88 51 266 89 52 267 91 54 268 90 53 269 92 25 270 90 53 271 91 54 272 92 25 273 91 54 274 93 25 275 92 25 276 93 25 277 94 25 278 92 25 279 94 25 280 95 25 281 96 55 282 95 25 283 94 25 284 96 55 285 94 25 286 97 56 287 97 56 288 98 57 289 96 55 290 99 58 291 98 57 292 97 56 293 99 58 294 100 59 295 98 57 296 101 60 297 100 59 298 99 58 299 101 60 300 102 61 301 100 59 302 101 60 303 103 62 304 102 61 305 102 61 306 103 62 307 104 63 308 102 61 309 104 63 310 105 64 311 106 25 312 105 64 313 104 63 314 106 25 315 107 25 316 105 64 317 101 60 318 108 25 319 109 25 320 101 60 321 99 58 322 108 25 323 110 65 324 107 25 325 106 25 326 110 65 327 106 25 328 111 25 329 110 65 330 111 25 331 112 66 332 110 65 333 112 66 334 113 67 335 114 25 336 113 67 337 112 66 338 114 25 339 112 66 340 115 25 341 114 25 342 115 25 343 116 25 344 114 25 345 116 25 346 117 25 347 117 25 348 116 25 349 118 68 350 117 25 351 118 68 352 119 69 353 118 68 354 120 70 355 119 69 356 118 68 357 121 71 358 120 70 359 121 71 360 122 72 361 120 70 362 121 71 363 123 73 364 122 72 365 98 57 366 122 72 367 123 73 368 98 57 369 123 73 370 96 55 371 109 25 372 108 25 373 124 25 374 109 25 375 124 25 376 125 25 377 126 25 378 125 25 379 124 25 380 126 25 381 124 25 382 127 25 383 128 25 384 126 25 385 127 25 386 128 25 387 129 25 388 126 25 389 128 25 390 130 25 391 129 25 392 128 25 393 131 25 394 130 25 395 130 25 396 131 25 397 132 25 398 130 25 399 132 25 400 133 25 401 134 25 402 133 25 403 132 25 404 134 25 405 132 25 406 19 25 407 21 25 408 134 25 409 19 25 410 21 25 411 135 25 412 134 25 413 135 25 414 21 25 415 136 25 416 135 25 417 136 25 418 137 25 419 138 25 420 137 25 421 136 25 422 138 25 423 139 25 424 137 25 425 140 25 426 139 25 427 138 25 428 140 25 429 138 25 430 141 25 431 142 25 432 140 25 433 141 25 434 142 25 435 143 25 436 140 25 437 142 25 438 144 25 439 143 25 440 142 25 441 145 25 442 144 25 443 144 25 444 145 25 445 146 25 446 144 25 447 146 25 448 147 25 449 148 25 450 147 25 451 146 25 452 148 25 453 149 25 454 147 25 455 148 25 456 150 25 457 149 25 458 148 25 459 151 25 460 150 25 461 152 25 462 150 25 463 151 25 464 152 25 465 151 25 466 153 25 467 152 25 468 153 25 469 154 25 470 152 25 471 154 25 472 155 25 473 155 25 474 154 25 475 20 25 476 155 25 477 20 25 478 23 25 479 156 74 480 157 75 481 158 76 482 156 74 483 159 77 484 157 75 485 160 78 486 159 77 487 156 74 488 160 78 489 161 79 490 159 77 491 162 80 492 161 79 493 160 78 494 162 80 495 163 81 496 161 79 497 164 82 498 165 25 499 166 83 500 167 84 501 168 85 502 169 86 503 167 84 504 169 86 505 170 87 506 167 84 507 170 87 508 171 88 509 170 87 510 172 25 511 171 88 512 172 25 513 173 89 514 171 88 515 173 89 516 174 90 517 171 88 518 173 89 519 164 82 520 174 90 521 164 82 522 175 91 523 174 90 524 164 82 525 176 92 526 175 91 527 164 82 528 166 83 529 176 92 530 166 83 531 177 93 532 176 92 533 167 84 534 178 94 535 179 95 536 167 84 537 180 96 538 178 94 539 167 84 540 181 25 541 180 96 542 167 84 543 171 88 544 181 25 545 182 97 546 183 25 547 184 25 548 182 97 549 184 25 550 185 98 551 186 99 552 182 97 553 185 98 554 187 25 555 186 99 556 185 98 557 188 100 558 187 25 559 185 98 560 188 100 561 185 98 562 167 84 563 188 100 564 167 84 565 179 95 566 189 101 567 188 100 568 179 95 569 190 102 570 189 101 571 179 95 572 190 102 573 179 95 574 191 103 575 191 103 576 192 104 577 190 102 578 191 103 579 193 105 580 192 104 581 193 105 582 194 106 583 192 104 584 194 106 585 195 107 586 192 104 587 195 107 588 196 108 589 192 104 590 195 107 591 197 109 592 196 108 593 196 108 594 198 25 595 192 104 596 198 25 597 199 25 598 192 104 599 199 25 600 200 25 601 192 104 602 201 110 603 202 111 604 203 112 605 201 110 606 204 111 607 202 111 608 201 110 609 205 111 610 204 111 611 206 113 612 207 114 613 208 115 614 206 113 615 208 115 616 209 116 617 210 117 618 206 113 619 209 116 620 209 116 621 201 110 622 210 117 623 201 110 624 211 118 625 210 117 626 201 110 627 212 119 628 211 118 629 201 110 630 213 120 631 212 119 632 201 110 633 203 112 634 213 120 635 203 112 636 214 111 637 213 120 638 215 121 639 216 122 640 217 123 641 218 124 642 215 121 643 217 123 644 219 125 645 218 124 646 217 123 647 206 113 648 219 125 649 217 123 650 206 113 651 217 123 652 207 114 653 217 123 654 220 126 655 207 114 656 220 126 657 221 111 658 207 114 659 220 126 660 222 127 661 221 111 662 220 126 663 223 128 664 222 127 665 220 126 666 224 111 667 223 128 668 224 111 669 225 111 670 223 128 671 226 129 672 227 130 673 217 123 674 228 131 675 226 129 676 217 123 677 216 122 678 228 131 679 217 123 680 216 122 681 229 132 682 228 131 683 216 122 684 230 133 685 229 132 686 216 122 687 231 134 688 230 133 689 231 134 690 232 135 691 230 133 692 231 134 693 233 136 694 232 135 695 233 136 696 234 137 697 232 135 698 234 137 699 235 111 700 232 135 701 234 137 702 236 111 703 235 111 704 235 111 705 237 111 706 232 135 707 238 138 708 239 139 709 240 140 710 238 138 711 240 140 712 241 25 713 238 138 714 241 25 715 242 25 716 238 138 717 242 25 718 243 141 719 244 142 720 238 138 721 243 141 722 243 141 723 245 143 724 244 142 725 243 141 726 246 144 727 245 143 728 246 144 729 247 145 730 245 143 731 246 144 732 248 25 733 247 145 734 248 25 735 249 25 736 247 145 737 249 25 738 250 25 739 247 145 740 248 25 741 251 25 742 249 25 743 242 25 744 252 25 745 243 141 746 253 146 747 254 25 748 255 147 749 256 148 750 162 149 751 160 150 752 257 151 753 256 148 754 160 150 755 258 25 756 257 151 757 160 150 758 259 25 759 258 25 760 160 150 761 255 147 762 259 25 763 160 150 764 160 150 765 156 152 766 255 147 767 156 152 768 158 153 769 255 147 770 158 153 771 253 146 772 255 147 773 158 153 774 260 25 775 253 146 776 261 154 777 262 111 778 263 111 779 263 111 780 264 111 781 265 111 782 261 154 783 263 111 784 265 111 785 261 154 786 265 111 787 266 155 788 267 156 789 261 154 790 266 155 791 267 156 792 266 155 793 268 157 794 269 158 795 267 156 796 268 157 797 268 157 798 270 159 799 269 158 800 268 157 801 271 111 802 270 159 803 268 157 804 272 111 805 271 111 806 271 111 807 273 160 808 270 159 809 273 160 810 274 161 811 270 159 812 274 161 813 275 111 814 270 159 815 276 162 816 277 25 817 278 25 818 279 163 819 280 164 820 281 165 821 279 163 822 281 165 823 282 166 824 283 167 825 279 163 826 282 166 827 283 167 828 282 166 829 284 168 830 283 167 831 284 168 832 276 162 833 276 162 834 285 169 835 283 167 836 276 162 837 286 25 838 285 169 839 276 162 840 278 25 841 286 25 842 278 25 843 287 25 844 286 25 845 288 170 846 289 171 847 290 172 848 291 173 849 292 174 850 293 175 851 291 173 852 293 175 853 294 176 854 291 173 855 294 176 856 295 111 857 291 173 858 295 111 859 296 111 860 291 173 861 296 111 862 288 170 863 288 170 864 297 177 865 291 173 866 288 170 867 298 178 868 297 177 869 288 170 870 290 172 871 298 178 872 290 172 873 299 179 874 298 178 875 300 180 876 301 111 877 302 181 878 303 182 879 304 183 880 305 184 881 306 185 882 303 182 883 305 184 884 306 185 885 305 184 886 307 186 887 308 111 888 306 185 889 307 186 890 302 181 891 308 111 892 307 186 893 307 186 894 309 111 895 302 181 896 309 111 897 310 187 898 302 181 899 310 187 900 300 180 901 302 181 902 310 187 903 311 111 904 300 180 905 312 188 906 313 189 907 314 190 908 312 188 909 315 191 910 313 189 911 316 192 912 315 191 913 312 188 914 316 192 915 317 193 916 315 191 917 316 192 918 318 194 919 317 193 920 316 192 921 319 195 922 318 194 923 313 196 924 320 197 925 314 198 926 313 196 927 321 199 928 320 197 929 322 200 930 323 201 931 324 202 932 322 200 933 325 203 934 323 201 935 326 204 936 327 205 937 328 206 938 326 204 939 329 207 940 327 205 941 330 208 942 331 209 943 332 210 944 330 208 945 332 210 946 333 211 947 334 212 948 330 208 949 333 211 950 334 212 951 335 213 952 330 208 953 334 212 954 336 214 955 335 213 956 334 212 957 337 215 958 336 214 959 322 216 960 338 217 961 325 218 962 322 216 963 339 219 964 338 217 965 338 220 966 332 221 967 331 222 968 338 220 969 339 223 970 332 221 971 340 224 972 341 225 973 342 226 974 340 224 975 343 227 976 341 225 977 343 227 978 344 228 979 341 225 980 343 227 981 345 229 982 344 228 983 336 230 984 344 228 985 345 229 986 336 230 987 346 231 988 344 228 989 346 231 990 336 230 991 337 232 992 329 233 993 12 234 994 327 235 995 329 233 996 13 236 997 12 234 998 347 237 999 348 238 1000 349 239 1001 347 237 1002 350 240 1003 348 238 1004 10 241 1005 351 242 1006 9 243 1007 10 241 1008 352 244 1009 351 242 1010 353 245 1011 354 246 1012 355 247 1013 353 245 1014 356 248 1015 354 246 1016 357 249 1017 129 250 1018 358 251 1019 357 249 1020 126 252 1021 129 250 1022 125 253 1023 359 254 1024 109 255 1025 125 253 1026 360 256 1027 359 254 1028 125 253 1029 357 257 1030 360 256 1031 125 253 1032 126 258 1033 357 257 1034 359 259 1035 101 260 1036 109 261 1037 104 262 1038 361 263 1039 106 264 1040 104 262 1041 362 265 1042 361 263 1043 103 266 1044 362 265 1045 104 262 1046 103 266 1047 363 267 1048 362 265 1049 359 268 1050 363 267 1051 103 266 1052 359 268 1053 103 266 1054 101 269 1055 364 270 1056 351 271 1057 352 272 1058 364 270 1059 365 273 1060 351 271 1061 365 273 1062 364 270 1063 366 274 1064 365 273 1065 366 274 1066 367 275 1067 368 276 1068 369 277 1069 370 278 1070 368 276 1071 371 279 1072 369 277 1073 368 276 1074 372 280 1075 371 279 1076 368 276 1077 318 281 1078 372 280 1079 318 281 1080 319 282 1081 372 280 1082 373 283 1083 374 284 1084 375 285 1085 376 286 1086 377 287 1087 378 288 1088 376 286 1089 379 289 1090 377 287 1091 373 290 1092 379 289 1093 376 286 1094 373 290 1095 376 286 1096 374 291 1097 380 292 1098 377 293 1099 381 294 1100 380 292 1101 378 295 1102 377 293 1103 348 296 1104 382 297 1105 349 298 1106 348 296 1107 383 299 1108 382 297 1109 383 299 1110 384 300 1111 382 297 1112 383 299 1113 385 301 1114 384 300 1115 373 302 1116 384 300 1117 385 301 1118 373 302 1119 375 303 1120 384 300 1121 40 304 1122 386 305 1123 37 306 1124 40 304 1125 387 307 1126 386 305 1127 54 308 1128 388 309 1129 389 310 1130 54 308 1131 55 311 1132 388 309 1133 87 312 1134 390 313 1135 391 314 1136 87 312 1137 88 315 1138 390 313 1139 392 316 1140 32 317 1141 393 318 1142 392 316 1143 30 319 1144 32 317 1145 394 320 1146 30 321 1147 392 322 1148 394 320 1149 27 323 1150 30 321 1151 394 320 1152 25 324 1153 27 323 1154 394 320 1155 395 325 1156 25 324 1157 395 325 1158 396 326 1159 24 327 1160 395 325 1161 24 327 1162 25 324 1163 396 328 1164 23 329 1165 24 330 1166 397 331 1167 398 332 1168 149 333 1169 397 331 1170 149 333 1171 150 334 1172 150 334 1173 399 335 1174 397 331 1175 150 334 1176 152 336 1177 399 335 1178 155 337 1179 399 335 1180 152 336 1181 155 337 1182 400 338 1183 399 335 1184 400 338 1185 155 337 1186 23 339 1187 400 338 1188 23 339 1189 396 340 1190 401 341 1191 402 342 1192 403 343 1193 404 344 1194 380 345 1195 381 346 1196 404 344 1197 405 347 1198 380 345 1199 406 348 1200 405 347 1201 404 344 1202 406 348 1203 404 344 1204 407 349 1205 401 350 1206 406 348 1207 407 349 1208 401 350 1209 403 351 1210 406 348 1211 408 352 1212 409 353 1213 410 354 1214 408 352 1215 410 354 1216 411 355 1217 412 356 1218 408 352 1219 411 355 1220 412 356 1221 413 357 1222 408 352 1223 414 358 1224 413 357 1225 412 356 1226 414 358 1227 412 356 1228 415 359 1229 415 359 1230 401 360 1231 414 358 1232 415 359 1233 402 361 1234 401 360 1235 416 362 1236 46 363 1237 48 364 1238 416 362 1239 48 364 1240 417 365 1241 48 364 1242 418 366 1243 417 365 1244 48 364 1245 49 367 1246 418 366 1247 49 367 1248 419 368 1249 418 366 1250 49 367 1251 51 369 1252 419 368 1253 54 370 1254 419 371 1255 51 372 1256 54 370 1257 389 373 1258 419 371 1259 147 374 1260 420 375 1261 144 376 1262 147 374 1263 421 377 1264 420 375 1265 422 378 1266 87 379 1267 391 380 1268 422 378 1269 84 381 1270 87 379 1271 422 382 1272 83 383 1273 84 384 1274 422 382 1275 423 385 1276 83 383 1277 35 386 1278 37 387 1279 386 388 1280 35 386 1281 386 388 1282 424 389 1283 424 389 1284 34 390 1285 35 386 1286 424 389 1287 425 391 1288 34 390 1289 416 392 1290 44 393 1291 46 394 1292 44 393 1293 416 392 1294 426 395 1295 44 393 1296 426 395 1297 41 396 1298 426 395 1299 40 397 1300 41 396 1301 426 395 1302 387 398 1303 40 397 1304 149 399 1305 421 400 1306 147 401 1307 149 399 1308 398 402 1309 421 400 1310 111 403 1311 361 404 1312 427 405 1313 111 403 1314 106 406 1315 361 404 1316 34 407 1317 393 408 1318 32 409 1319 34 407 1320 425 410 1321 393 408 1322 115 411 1323 428 412 1324 116 413 1325 115 411 1326 429 414 1327 428 412 1328 95 415 1329 96 416 1330 430 417 1331 95 415 1332 430 417 1333 431 418 1334 432 419 1335 95 415 1336 431 418 1337 432 419 1338 92 420 1339 95 415 1340 432 419 1341 90 421 1342 92 420 1343 432 419 1344 433 422 1345 90 421 1346 433 422 1347 88 423 1348 90 421 1349 433 422 1350 390 424 1351 88 423 1352 10 425 1353 392 426 1354 393 427 1355 10 425 1356 5 428 1357 392 426 1358 326 429 1359 434 430 1360 420 431 1361 326 429 1362 409 432 1363 434 430 1364 348 238 1365 427 405 1366 361 404 1367 348 238 1368 350 240 1369 427 405 1370 404 433 1371 358 434 1372 435 435 1373 404 433 1374 381 436 1375 358 434 1376 368 437 1377 387 438 1378 426 439 1379 368 437 1380 370 440 1381 387 438 1382 381 441 1383 357 442 1384 358 443 1385 381 441 1386 377 444 1387 357 442 1388 350 445 1389 436 446 1390 427 447 1391 350 445 1392 437 448 1393 436 446 1394 340 449 1395 389 310 1396 388 309 1397 340 449 1398 321 450 1399 389 310 1400 391 314 1401 323 201 1402 325 203 1403 391 314 1404 390 313 1405 323 201 1406 370 451 1407 386 452 1408 387 453 1409 370 451 1410 366 454 1411 386 452 1412 377 455 1413 360 456 1414 357 457 1415 377 455 1416 379 458 1417 360 456 1418 379 458 1419 359 459 1420 360 456 1421 379 458 1422 373 460 1423 359 459 1424 437 461 1425 429 462 1426 436 463 1427 437 461 1428 356 464 1429 429 462 1430 325 465 1431 422 466 1432 391 467 1433 325 465 1434 338 468 1435 422 466 1436 13 236 1437 421 400 1438 398 402 1439 13 236 1440 329 233 1441 421 400 1442 321 469 1443 419 470 1444 389 471 1445 321 469 1446 313 472 1447 419 470 1448 338 473 1449 423 474 1450 422 475 1451 338 473 1452 331 476 1453 423 474 1454 373 477 1455 363 478 1456 359 479 1457 373 477 1458 385 480 1459 363 478 1460 385 480 1461 362 481 1462 363 478 1463 385 480 1464 383 482 1465 362 481 1466 383 482 1467 361 483 1468 362 481 1469 383 482 1470 348 484 1471 361 483 1472 366 485 1473 424 486 1474 386 487 1475 366 485 1476 364 488 1477 424 486 1478 364 488 1479 425 489 1480 424 486 1481 364 488 1482 352 490 1483 425 489 1484 426 491 1485 318 492 1486 368 493 1487 426 491 1488 416 494 1489 318 492 1490 5 495 1491 394 496 1492 392 497 1493 5 495 1494 4 498 1495 394 496 1496 4 498 1497 395 499 1498 394 496 1499 4 498 1500 8 500 1501 395 499 1502 8 500 1503 396 501 1504 395 499 1505 8 500 1506 0 502 1507 396 501 1508 343 503 1509 340 504 1510 388 505 1511 343 503 1512 388 505 1513 438 506 1514 345 507 1515 343 503 1516 438 506 1517 345 507 1518 438 506 1519 439 508 1520 439 508 1521 336 509 1522 345 507 1523 439 508 1524 440 510 1525 336 509 1526 409 511 1527 441 512 1528 434 513 1529 409 511 1530 408 514 1531 441 512 1532 356 248 1533 428 412 1534 429 414 1535 356 248 1536 353 245 1537 428 412 1538 408 515 1539 442 516 1540 441 517 1541 408 515 1542 413 518 1543 442 516 1544 413 518 1545 443 519 1546 442 516 1547 413 518 1548 414 520 1549 443 519 1550 444 521 1551 443 519 1552 414 520 1553 444 521 1554 414 520 1555 401 522 1556 331 523 1557 445 524 1558 423 525 1559 331 523 1560 330 526 1561 445 524 1562 352 244 1563 393 408 1564 425 410 1565 352 244 1566 10 241 1567 393 408 1568 11 527 1569 13 528 1570 398 529 1571 11 527 1572 398 529 1573 397 530 1574 15 531 1575 11 527 1576 397 530 1577 15 531 1578 397 530 1579 399 532 1580 18 533 1581 15 531 1582 399 532 1583 18 533 1584 399 532 1585 400 534 1586 400 534 1587 0 535 1588 18 533 1589 400 534 1590 396 536 1591 0 535 1592 446 537 1593 431 538 1594 430 539 1595 446 537 1596 447 540 1597 431 538 1598 447 540 1599 432 541 1600 431 538 1601 447 540 1602 448 542 1603 432 541 1604 448 542 1605 433 543 1606 432 541 1607 448 542 1608 449 544 1609 433 543 1610 449 544 1611 390 545 1612 433 543 1613 449 544 1614 323 546 1615 390 545 1616 329 547 1617 420 548 1618 421 549 1619 329 547 1620 326 550 1621 420 548 1622 450 551 1623 444 552 1624 401 553 1625 450 551 1626 401 553 1627 407 554 1628 407 554 1629 435 555 1630 450 551 1631 407 554 1632 404 556 1633 435 555 1634 353 557 1635 451 558 1636 428 559 1637 353 557 1638 452 560 1639 451 558 1640 452 560 1641 453 561 1642 451 558 1643 452 560 1644 454 562 1645 453 561 1646 454 562 1647 455 563 1648 453 561 1649 454 562 1650 456 564 1651 455 563 1652 455 563 1653 456 564 1654 446 565 1655 455 563 1656 446 565 1657 430 566 1658 440 567 1659 77 568 1660 79 569 1661 440 567 1662 79 569 1663 457 570 1664 79 569 1665 445 571 1666 457 570 1667 79 569 1668 80 572 1669 445 571 1670 83 573 1671 445 571 1672 80 572 1673 83 573 1674 423 574 1675 445 571 1676 76 575 1677 77 576 1678 440 577 1679 440 577 1680 75 578 1681 76 575 1682 440 577 1683 439 579 1684 75 578 1685 75 578 1686 439 579 1687 438 580 1688 75 578 1689 438 580 1690 58 581 1691 58 581 1692 438 580 1693 388 582 1694 58 581 1695 388 582 1696 55 583 1697 444 584 1698 134 585 1699 135 586 1700 444 587 1701 133 588 1702 134 589 1703 444 587 1704 450 590 1705 133 588 1706 435 591 1707 133 588 1708 450 590 1709 435 591 1710 130 592 1711 133 588 1712 435 591 1713 129 593 1714 130 592 1715 435 591 1716 358 594 1717 129 593 1718 444 595 1719 135 596 1720 137 597 1721 444 595 1722 137 597 1723 443 598 1724 139 599 1725 443 598 1726 137 597 1727 139 599 1728 442 600 1729 443 598 1730 139 599 1731 441 601 1732 442 600 1733 139 599 1734 140 602 1735 441 601 1736 143 603 1737 441 601 1738 140 602 1739 143 603 1740 434 604 1741 441 601 1742 313 605 1743 418 606 1744 419 607 1745 313 605 1746 315 608 1747 418 606 1748 315 608 1749 417 609 1750 418 606 1751 315 608 1752 317 610 1753 417 609 1754 416 611 1755 417 609 1756 317 610 1757 416 611 1758 317 610 1759 318 612 1760 330 613 1761 457 614 1762 445 615 1763 330 613 1764 335 616 1765 457 614 1766 457 614 1767 335 616 1768 336 617 1769 457 614 1770 336 617 1771 440 618 1772 458 619 1773 459 620 1774 460 621 1775 458 619 1776 461 622 1777 459 620 1778 461 622 1779 458 619 1780 462 623 1781 461 622 1782 462 623 1783 463 624 1784 463 624 1785 462 623 1786 464 625 1787 463 624 1788 464 625 1789 465 626 1790 464 625 1791 466 111 1792 465 626 1793 464 625 1794 355 111 1795 466 111 1796 355 111 1797 467 111 1798 466 111 1799 355 111 1800 354 111 1801 467 111 1802 467 111 1803 354 111 1804 468 627 1805 467 111 1806 468 627 1807 469 628 1808 468 627 1809 470 629 1810 469 628 1811 468 627 1812 347 630 1813 470 629 1814 349 631 1815 470 629 1816 347 630 1817 349 631 1818 471 632 1819 470 629 1820 472 633 1821 471 632 1822 349 631 1823 472 633 1824 349 631 1825 382 111 1826 382 111 1827 473 634 1828 472 633 1829 382 111 1830 384 635 1831 473 634 1832 375 636 1833 473 634 1834 384 635 1835 375 636 1836 474 637 1837 473 634 1838 378 111 1839 380 111 1840 475 111 1841 378 111 1842 475 111 1843 476 111 1844 477 111 1845 378 111 1846 476 111 1847 477 111 1848 376 111 1849 378 111 1850 374 111 1851 376 111 1852 477 111 1853 374 111 1854 477 111 1855 478 111 1856 375 636 1857 374 111 1858 478 111 1859 375 636 1860 478 111 1861 479 638 1862 375 636 1863 479 638 1864 474 637 1865 459 620 1866 474 637 1867 479 638 1868 459 620 1869 479 638 1870 480 111 1871 480 111 1872 460 621 1873 459 620 1874 481 111 1875 460 621 1876 480 111 1877 481 111 1878 482 111 1879 460 621 1880 481 111 1881 483 111 1882 482 111 1883 481 111 1884 484 111 1885 483 111 1886 485 639 1887 483 111 1888 484 111 1889 485 639 1890 486 640 1891 483 111 1892 487 641 1893 486 640 1894 485 639 1895 487 641 1896 324 642 1897 486 640 1898 324 642 1899 487 641 1900 488 643 1901 324 642 1902 488 643 1903 322 644 1904 339 645 1905 322 644 1906 488 643 1907 339 645 1908 488 643 1909 489 111 1910 339 645 1911 489 111 1912 490 111 1913 339 645 1914 490 111 1915 332 111 1916 333 111 1917 332 111 1918 490 111 1919 333 111 1920 490 111 1921 491 111 1922 492 646 1923 333 111 1924 491 111 1925 492 646 1926 334 647 1927 333 111 1928 492 646 1929 337 648 1930 334 647 1931 492 646 1932 493 649 1933 337 648 1934 337 648 1935 493 649 1936 494 650 1937 494 650 1938 493 649 1939 495 651 1940 494 650 1941 495 651 1942 496 652 1943 497 111 1944 496 652 1945 495 651 1946 497 111 1947 498 111 1948 496 652 1949 498 111 1950 497 111 1951 499 653 1952 498 111 1953 499 653 1954 500 654 1955 499 653 1956 501 655 1957 500 654 1958 499 653 1959 502 656 1960 501 655 1961 499 653 1962 503 657 1963 502 656 1964 504 658 1965 502 656 1966 503 657 1967 504 658 1968 505 111 1969 502 656 1970 504 658 1971 506 111 1972 505 111 1973 499 653 1974 507 659 1975 503 657 1976 499 653 1977 508 111 1978 507 659 1979 372 111 1980 319 111 1981 506 111 1982 509 111 1983 506 111 1984 319 111 1985 337 648 1986 494 650 1987 346 111 1988 510 660 1989 346 111 1990 494 650 1991 510 660 1992 344 661 1993 346 111 1994 341 662 1995 344 661 1996 510 660 1997 341 662 1998 510 660 1999 511 663 2000 511 663 2001 342 664 2002 341 662 2003 511 663 2004 512 665 2005 342 664 2006 342 664 2007 512 665 2008 513 666 2009 342 664 2010 513 666 2011 320 667 2012 314 111 2013 320 667 2014 513 666 2015 314 111 2016 513 666 2017 514 111 2018 515 111 2019 314 111 2020 514 111 2021 515 111 2022 312 111 2023 314 111 2024 312 111 2025 515 111 2026 509 111 2027 312 111 2028 509 111 2029 316 111 2030 509 111 2031 319 111 2032 316 111 2033 449 668 2034 324 669 2035 323 670 2036 449 668 2037 486 671 2038 324 669 2039 448 672 2040 486 671 2041 449 668 2042 448 672 2043 483 673 2044 486 671 2045 482 674 2046 483 673 2047 448 672 2048 482 674 2049 448 672 2050 447 675 2051 482 674 2052 447 675 2053 446 676 2054 482 674 2055 446 676 2056 460 677 2057 516 678 2058 517 679 2059 518 680 2060 516 678 2061 519 681 2062 517 679 2063 520 682 2064 519 681 2065 516 678 2066 520 682 2067 521 682 2068 519 681 2069 522 683 2070 521 682 2071 520 682 2072 522 683 2073 520 682 2074 523 684 2075 524 685 2076 522 683 2077 523 684 2078 524 685 2079 525 686 2080 522 683 2081 526 687 2082 525 686 2083 524 685 2084 526 687 2085 527 688 2086 525 686 2087 528 689 2088 527 688 2089 526 687 2090 528 689 2091 529 690 2092 527 688 2093 530 691 2094 529 690 2095 528 689 2096 530 691 2097 531 692 2098 529 690 2099 366 693 2100 369 694 2101 367 695 2102 366 693 2103 370 696 2104 369 694 2105 320 697 2106 340 449 2107 342 698 2108 320 697 2109 321 450 2110 340 449 2111 437 699 2112 347 700 2113 468 701 2114 437 699 2115 350 702 2116 347 700 2117 354 703 2118 437 704 2119 468 705 2120 354 703 2121 356 706 2122 437 704 2123 410 707 2124 326 429 2125 328 708 2126 410 707 2127 409 432 2128 326 429 2129 458 709 2130 460 710 2131 446 711 2132 458 709 2133 446 711 2134 456 712 2135 458 709 2136 456 712 2137 454 713 2138 458 709 2139 454 713 2140 462 714 2141 462 714 2142 454 713 2143 452 715 2144 462 714 2145 452 715 2146 464 716 2147 452 715 2148 355 717 2149 464 716 2150 452 715 2151 353 718 2152 355 717 2153 532 719 2154 533 720 2155 534 721 2156 532 719 2157 535 722 2158 533 720 2159 536 723 2160 537 724 2161 538 725 2162 536 723 2163 539 726 2164 537 724 2165 540 727 2166 474 728 2167 459 729 2168 540 727 2169 541 730 2170 474 728 2171 496 731 2172 542 732 2173 494 733 2174 496 731 2175 543 734 2176 542 732 2177 544 735 2178 469 736 2179 470 737 2180 544 735 2181 545 738 2182 469 736 2183 299 739 2184 545 740 2185 544 741 2186 299 739 2187 290 742 2188 545 740 2189 289 743 2190 545 744 2191 290 745 2192 289 743 2193 546 746 2194 545 744 2195 518 747 2196 547 748 2197 475 747 2198 518 747 2199 517 749 2200 547 748 2201 225 750 2202 517 751 2203 223 752 2204 225 750 2205 547 753 2206 517 751 2207 529 754 2208 531 755 2209 205 756 2210 529 754 2211 205 756 2212 201 757 2213 527 758 2214 529 754 2215 201 757 2216 527 758 2217 201 757 2218 209 759 2219 208 760 2220 527 758 2221 209 759 2222 208 760 2223 525 761 2224 527 758 2225 207 762 2226 525 761 2227 208 760 2228 207 762 2229 522 763 2230 525 761 2231 221 764 2232 522 763 2233 207 762 2234 221 764 2235 521 765 2236 522 763 2237 519 766 2238 521 765 2239 221 764 2240 519 766 2241 221 764 2242 222 767 2243 517 768 2244 519 766 2245 222 767 2246 517 768 2247 222 767 2248 223 769 2249 548 770 2250 531 771 2251 530 772 2252 548 770 2253 549 773 2254 531 771 2255 550 774 2256 551 775 2257 552 776 2258 550 774 2259 553 777 2260 551 775 2261 554 778 2262 553 779 2263 550 780 2264 554 778 2265 555 781 2266 553 779 2267 214 782 2268 555 783 2269 213 784 2270 214 782 2271 553 785 2272 555 783 2273 211 786 2274 556 787 2275 210 788 2276 211 786 2277 557 789 2278 556 787 2279 212 790 2280 557 789 2281 211 786 2282 212 790 2283 558 791 2284 557 789 2285 555 792 2286 558 791 2287 212 790 2288 555 792 2289 212 790 2290 213 793 2291 559 794 2292 560 795 2293 236 796 2294 559 794 2295 236 796 2296 234 797 2297 233 798 2298 559 794 2299 234 797 2300 233 798 2301 561 799 2302 559 794 2303 231 800 2304 561 799 2305 233 798 2306 231 800 2307 562 801 2308 561 799 2309 563 802 2310 562 801 2311 231 800 2312 563 802 2313 231 800 2314 216 803 2315 564 804 2316 563 802 2317 216 803 2318 564 804 2319 216 803 2320 215 805 2321 565 806 2322 564 804 2323 215 805 2324 565 806 2325 215 805 2326 218 807 2327 566 808 2328 565 806 2329 218 807 2330 566 808 2331 218 807 2332 219 809 2333 206 810 2334 566 808 2335 219 809 2336 206 810 2337 567 811 2338 566 808 2339 210 788 2340 567 811 2341 206 810 2342 210 788 2343 556 787 2344 567 811 2345 493 812 2346 561 813 2347 562 814 2348 493 812 2349 492 815 2350 561 813 2351 491 816 2352 561 813 2353 492 815 2354 491 816 2355 559 817 2356 561 813 2357 568 818 2358 555 819 2359 554 820 2360 568 818 2361 558 821 2362 555 819 2363 504 822 2364 558 821 2365 568 818 2366 504 822 2367 557 823 2368 558 821 2369 556 824 2370 557 823 2371 504 822 2372 556 824 2373 504 822 2374 503 825 2375 507 826 2376 556 824 2377 503 825 2378 507 826 2379 567 827 2380 556 824 2381 508 828 2382 567 827 2383 507 826 2384 508 828 2385 566 829 2386 567 827 2387 499 830 2388 566 829 2389 508 828 2390 499 830 2391 565 831 2392 566 829 2393 497 832 2394 565 831 2395 499 830 2396 497 832 2397 564 833 2398 565 831 2399 564 833 2400 497 832 2401 495 834 2402 564 833 2403 495 834 2404 563 835 2405 495 834 2406 562 814 2407 563 835 2408 495 834 2409 493 812 2410 562 814 2411 569 836 2412 549 837 2413 548 838 2414 569 836 2415 570 839 2416 549 837 2417 552 840 2418 570 839 2419 569 836 2420 552 840 2421 551 841 2422 570 839 2423 490 842 2424 559 843 2425 491 844 2426 490 842 2427 560 845 2428 559 843 2429 489 846 2430 560 847 2431 490 848 2432 489 846 2433 571 849 2434 560 847 2435 236 850 2436 571 851 2437 235 852 2438 236 850 2439 560 853 2440 571 851 2441 571 854 2442 237 855 2443 235 856 2444 571 854 2445 572 857 2446 237 855 2447 488 858 2448 571 858 2449 489 859 2450 488 858 2451 572 859 2452 571 858 2453 487 860 2454 572 860 2455 488 860 2456 487 860 2457 573 860 2458 572 860 2459 459 861 2460 574 862 2461 540 861 2462 459 861 2463 461 863 2464 574 862 2465 463 864 2466 574 862 2467 461 863 2468 463 864 2469 575 865 2470 574 862 2471 465 866 2472 575 865 2473 463 864 2474 465 866 2475 576 867 2476 575 865 2477 466 868 2478 576 867 2479 465 866 2480 466 868 2481 577 869 2482 576 867 2483 467 870 2484 577 871 2485 466 860 2486 467 870 2487 546 872 2488 577 871 2489 469 873 2490 546 874 2491 467 875 2492 469 873 2493 545 876 2494 546 874 2495 578 877 2496 543 878 2497 496 879 2498 578 877 2499 496 879 2500 498 880 2501 500 881 2502 578 877 2503 498 880 2504 500 881 2505 579 882 2506 578 877 2507 501 883 2508 579 882 2509 500 881 2510 501 883 2511 580 884 2512 579 882 2513 581 885 2514 580 884 2515 501 883 2516 581 885 2517 501 883 2518 502 886 2519 582 887 2520 583 888 2521 506 889 2522 582 887 2523 506 889 2524 509 890 2525 515 891 2526 582 887 2527 509 890 2528 515 891 2529 584 892 2530 582 887 2531 514 893 2532 584 892 2533 515 891 2534 514 893 2535 585 894 2536 584 892 2537 513 895 2538 585 895 2539 514 896 2540 513 895 2541 586 897 2542 585 895 2543 512 898 2544 586 899 2545 513 900 2546 512 898 2547 587 901 2548 586 899 2549 272 902 2550 587 903 2551 271 904 2552 272 902 2553 586 905 2554 587 903 2555 587 906 2556 273 907 2557 271 908 2558 587 906 2559 588 909 2560 273 907 2561 588 909 2562 274 910 2563 273 907 2564 588 909 2565 589 911 2566 274 910 2567 589 911 2568 275 912 2569 274 910 2570 589 911 2571 542 913 2572 275 912 2573 590 914 2574 538 915 2575 537 916 2576 590 914 2577 591 917 2578 538 915 2579 592 918 2580 593 919 2581 594 920 2582 592 918 2583 595 921 2584 593 919 2585 577 922 2586 289 923 2587 288 924 2588 577 922 2589 546 925 2590 289 923 2591 311 926 2592 536 927 2593 300 928 2594 311 926 2595 595 929 2596 536 927 2597 539 930 2598 536 927 2599 595 929 2600 539 930 2601 595 929 2602 592 931 2603 541 932 2604 293 933 2605 292 934 2606 541 932 2607 540 935 2608 293 933 2609 237 936 2610 573 937 2611 232 938 2612 237 936 2613 572 939 2614 573 937 2615 542 940 2616 270 941 2617 275 942 2618 542 940 2619 543 943 2620 270 941 2621 536 944 2622 301 945 2623 300 946 2624 536 944 2625 538 947 2626 301 945 2627 304 948 2628 532 949 2629 305 950 2630 304 948 2631 535 951 2632 532 949 2633 531 952 2634 204 953 2635 205 954 2636 531 952 2637 549 955 2638 204 953 2639 301 956 2640 591 957 2641 302 958 2642 301 956 2643 538 959 2644 591 957 2645 299 960 2646 596 961 2647 298 962 2648 299 960 2649 544 963 2650 596 961 2651 471 964 2652 596 961 2653 544 963 2654 471 964 2655 544 963 2656 470 965 2657 585 966 2658 586 967 2659 272 968 2660 585 966 2661 272 968 2662 268 969 2663 266 970 2664 585 966 2665 268 969 2666 266 970 2667 584 971 2668 585 966 2669 265 972 2670 584 971 2671 266 970 2672 265 972 2673 582 973 2674 584 971 2675 264 974 2676 582 973 2677 265 972 2678 264 974 2679 583 975 2680 582 973 2681 472 976 2682 596 977 2683 471 978 2684 472 976 2685 597 979 2686 596 977 2687 473 980 2688 597 979 2689 472 976 2690 473 980 2691 598 981 2692 597 979 2693 541 982 2694 598 981 2695 473 980 2696 541 982 2697 473 980 2698 474 983 2699 599 984 2700 583 985 2701 264 986 2702 599 984 2703 264 986 2704 263 987 2705 262 988 2706 599 984 2707 263 987 2708 262 988 2709 581 989 2710 599 984 2711 593 990 2712 595 991 2713 311 992 2714 593 990 2715 311 992 2716 310 993 2717 309 994 2718 593 990 2719 310 993 2720 309 994 2721 600 995 2722 593 990 2723 601 996 2724 600 995 2725 309 994 2726 601 996 2727 309 994 2728 307 997 2729 305 998 2730 601 996 2731 307 997 2732 305 998 2733 532 999 2734 601 996 2735 511 1000 2736 587 1001 2737 512 1002 2738 511 1000 2739 588 1003 2740 587 1001 2741 510 1004 2742 588 1003 2743 511 1000 2744 510 1004 2745 589 1005 2746 588 1003 2747 542 1006 2748 589 1005 2749 510 1004 2750 542 1006 2751 510 1004 2752 494 1007 2753 520 111 2754 533 111 2755 523 111 2756 520 111 2757 534 111 2758 533 111 2759 524 111 2760 6 111 2761 526 111 2762 524 111 2763 7 111 2764 6 111 2765 523 111 2766 7 111 2767 524 111 2768 523 111 2769 1 111 2770 7 111 2771 523 111 2772 2 111 2773 1 111 2774 523 111 2775 533 111 2776 2 111 2777 533 111 2778 17 111 2779 2 111 2780 533 111 2781 602 111 2782 17 111 2783 602 111 2784 16 111 2785 17 111 2786 602 111 2787 603 111 2788 16 111 2789 604 111 2790 16 111 2791 603 111 2792 604 111 2793 14 111 2794 16 111 2795 590 111 2796 14 111 2797 604 111 2798 590 111 2799 12 111 2800 14 111 2801 327 111 2802 12 111 2803 590 111 2804 327 111 2805 590 111 2806 537 111 2807 328 1008 2808 327 111 2809 537 111 2810 328 1008 2811 537 111 2812 539 111 2813 504 658 2814 568 111 2815 506 111 2816 372 111 2817 506 111 2818 568 111 2819 568 111 2820 371 111 2821 372 111 2822 568 111 2823 554 111 2824 371 111 2825 371 111 2826 554 111 2827 550 111 2828 371 111 2829 550 111 2830 369 111 2831 367 111 2832 369 111 2833 550 111 2834 367 111 2835 550 111 2836 552 111 2837 569 111 2838 367 111 2839 552 111 2840 569 111 2841 365 111 2842 367 111 2843 548 111 2844 365 111 2845 569 111 2846 548 111 2847 351 111 2848 365 111 2849 9 1009 2850 351 111 2851 548 111 2852 9 1009 2853 548 111 2854 530 1010 2855 3 1011 2856 9 1009 2857 530 1010 2858 3 1011 2859 530 1010 2860 528 111 2861 528 111 2862 6 111 2863 3 1011 2864 528 111 2865 526 111 2866 6 111 2867 111 1012 2868 436 1013 2869 112 1014 2870 111 1012 2871 427 1015 2872 436 1013 2873 115 1016 2874 436 1017 2875 429 1018 2876 115 1016 2877 112 1019 2878 436 1017 2879 143 1020 2880 420 431 2881 434 430 2882 143 1020 2883 144 1021 2884 420 431 2885 605 721 2886 20 1022 2887 606 720 2888 605 721 2889 21 719 2890 20 1022 2891 607 1023 2892 146 1024 2893 145 726 2894 607 1023 2895 608 1025 2896 146 1024 2897 609 1026 2898 100 1027 2899 163 1028 2900 609 1026 2901 98 727 2902 100 1027 2903 70 731 2904 610 732 2905 611 734 2906 70 731 2907 72 733 2908 610 732 2909 113 1029 2910 612 1030 2911 110 1031 2912 113 1029 2913 613 1032 2914 612 1030 2915 613 1033 2916 260 1034 2917 612 1035 2918 613 1033 2919 253 1036 2920 260 1034 2921 254 1037 2922 613 1038 2923 614 1039 2924 254 1037 2925 253 1040 2926 613 1038 2927 615 1041 2928 60 1042 2929 61 1041 2930 615 1041 2931 616 1043 2932 60 1042 2933 617 1044 2934 60 1042 2935 616 1043 2936 617 1044 2937 45 1045 2938 60 1042 2939 604 1046 2940 591 1047 2941 590 1048 2942 604 1046 2943 618 1046 2944 591 1047 2945 603 1049 2946 618 1046 2947 604 1046 2948 603 1049 2949 619 1050 2950 618 1046 2951 602 1051 2952 619 1050 2953 603 1049 2954 602 1051 2955 620 1051 2956 619 1050 2957 535 1052 2958 620 1051 2959 602 1051 2960 535 1052 2961 602 1051 2962 533 1053 2963 128 1054 2964 621 1055 2965 622 1056 2966 128 1054 2967 127 1057 2968 621 1055 2969 127 1057 2970 623 1058 2971 621 1055 2972 127 1057 2973 124 1058 2974 623 1058 2975 124 1058 2976 624 1059 2977 623 1058 2978 124 1058 2979 108 1060 2980 624 1059 2981 625 1061 2982 624 1059 2983 108 1060 2984 625 1061 2985 108 1060 2986 99 1062 2987 625 1061 2988 99 1062 2989 97 1063 2990 625 1061 2991 97 1063 2992 626 1064 2993 627 1065 2994 626 1064 2995 97 1063 2996 627 1065 2997 97 1063 2998 94 1066 2999 94 1066 3000 628 1067 3001 627 1065 3002 94 1066 3003 93 1068 3004 628 1067 3005 93 1068 3006 629 1069 3007 628 1067 3008 93 1068 3009 91 1070 3010 629 1069 3011 91 1070 3012 630 1071 3013 629 1069 3014 91 1070 3015 89 1072 3016 630 1071 3017 131 1073 3018 622 1074 3019 631 1075 3020 131 1073 3021 128 1076 3022 622 1074 3023 183 1077 3024 631 1078 3025 622 1079 3026 183 1077 3027 182 1080 3028 631 1078 3029 186 1081 3030 631 1082 3031 182 1083 3032 186 1081 3033 632 1084 3034 631 1082 3035 187 1085 3036 632 1084 3037 186 1081 3038 187 1085 3039 633 1086 3040 632 1084 3041 187 1085 3042 634 1087 3043 633 1086 3044 187 1085 3045 188 1088 3046 634 1087 3047 188 1088 3048 635 1089 3049 634 1087 3050 188 1088 3051 189 1090 3052 635 1089 3053 189 1090 3054 636 1091 3055 635 1089 3056 189 1090 3057 190 1092 3058 636 1091 3059 192 1093 3060 636 1091 3061 190 1092 3062 192 1093 3063 637 1094 3064 636 1091 3065 200 1095 3066 637 1094 3067 192 1093 3068 200 1095 3069 638 1096 3070 637 1094 3071 31 691 3072 637 1097 3073 638 692 3074 31 691 3075 29 689 3076 637 1097 3077 29 689 3078 636 1098 3079 637 1097 3080 29 689 3081 28 1099 3082 636 1098 3083 28 1099 3084 635 686 3085 636 1098 3086 28 1099 3087 26 1100 3088 635 686 3089 26 1100 3090 634 1101 3091 635 686 3092 26 1100 3093 22 1102 3094 634 1101 3095 634 1101 3096 22 1102 3097 19 1103 3098 634 1101 3099 19 1103 3100 633 682 3101 19 1103 3102 632 1104 3103 633 682 3104 19 1103 3105 132 1105 3106 632 1104 3107 132 1105 3108 631 1106 3109 632 1104 3110 132 1105 3111 131 1106 3112 631 1106 3113 33 773 3114 638 772 3115 639 770 3116 33 773 3117 31 771 3118 638 772 3119 38 1107 3120 640 1108 3121 641 1109 3122 38 1107 3123 36 1110 3124 640 1108 3125 36 1110 3126 639 1111 3127 640 1108 3128 36 1110 3129 33 838 3130 639 1111 3131 39 777 3132 641 1112 3133 642 1113 3134 39 777 3135 38 1114 3136 641 1112 3137 42 1115 3138 642 1116 3139 643 1117 3140 42 1115 3141 39 780 3142 642 1116 3143 197 1118 3144 643 1119 3145 642 1120 3146 197 1118 3147 195 1121 3148 643 1119 3149 194 1122 3150 643 1123 3151 195 1124 3152 194 1122 3153 644 1125 3154 643 1123 3155 194 1122 3156 645 1126 3157 644 1125 3158 194 1122 3159 193 1127 3160 645 1126 3161 193 1127 3162 646 1128 3163 645 1126 3164 193 1127 3165 191 1129 3166 646 1128 3167 191 1129 3168 647 1130 3169 646 1128 3170 191 1129 3171 179 1131 3172 647 1130 3173 179 1131 3174 648 1132 3175 647 1130 3176 179 1131 3177 178 1133 3178 648 1132 3179 180 1134 3180 648 1132 3181 178 1133 3182 180 1134 3183 649 1135 3184 648 1132 3185 181 1136 3186 649 1135 3187 180 1134 3188 181 1136 3189 650 1137 3190 649 1135 3191 171 1138 3192 650 1137 3193 181 1136 3194 171 1138 3195 651 1139 3196 650 1137 3197 174 1140 3198 651 1139 3199 171 1138 3200 174 1140 3201 652 1141 3202 651 1139 3203 174 1140 3204 653 1142 3205 652 1141 3206 174 1140 3207 175 1143 3208 653 1142 3209 175 1143 3210 654 1144 3211 653 1142 3212 175 1143 3213 176 1145 3214 654 1144 3215 177 1146 3216 654 1144 3217 176 1145 3218 177 1146 3219 655 1147 3220 654 1144 3221 656 1148 3222 532 1149 3223 534 1150 3224 656 1148 3225 601 1151 3226 532 1149 3227 657 1152 3228 601 1151 3229 656 1148 3230 657 1152 3231 600 1153 3232 601 1151 3233 594 1154 3234 600 1153 3235 657 1152 3236 594 1154 3237 593 1155 3238 600 1153 3239 59 1156 3240 644 1157 3241 645 1158 3242 59 1156 3243 43 1159 3244 644 1157 3245 43 1159 3246 643 1160 3247 644 1157 3248 43 1159 3249 42 1161 3250 643 1160 3251 81 1162 3252 653 1163 3253 654 817 3254 81 1162 3255 78 1164 3256 653 1163 3257 73 1165 3258 653 1163 3259 78 1164 3260 73 1165 3261 652 1166 3262 653 1163 3263 71 1167 3264 652 1166 3265 73 1165 3266 71 1167 3267 651 835 3268 652 1166 3269 650 1168 3270 651 835 3271 71 1167 3272 650 1168 3273 71 1167 3274 69 1169 3275 69 1169 3276 649 831 3277 650 1168 3278 69 1169 3279 63 830 3280 649 831 3281 63 830 3282 648 1170 3283 649 831 3284 63 830 3285 65 828 3286 648 1170 3287 65 828 3288 647 1171 3289 648 1170 3290 65 828 3291 64 1172 3292 647 1171 3293 64 1172 3294 646 1173 3295 647 1171 3296 64 1172 3297 62 1174 3298 646 1173 3299 646 1173 3300 62 1174 3301 59 1156 3302 646 1173 3303 59 1156 3304 645 1158 3305 293 1175 3306 540 1176 3307 574 1177 3308 293 1175 3309 574 1177 3310 294 1178 3311 294 1178 3312 574 1177 3313 575 1179 3314 294 1178 3315 575 1179 3316 295 1180 3317 295 1180 3318 575 1179 3319 576 1181 3320 295 1180 3321 576 1181 3322 296 1182 3323 576 1181 3324 288 1183 3325 296 1182 3326 576 1181 3327 577 1184 3328 288 1183 3329 82 1185 3330 654 1186 3331 655 845 3332 82 1185 3333 81 1187 3334 654 1186 3335 85 1188 3336 655 1189 3337 658 1190 3338 85 1188 3339 82 1191 3340 655 1189 3341 177 1192 3342 658 1193 3343 655 1194 3344 177 1192 3345 166 1195 3346 658 1193 3347 165 1196 3348 658 1197 3349 166 1198 3350 165 1196 3351 659 1199 3352 658 1197 3353 86 1200 3354 658 1201 3355 659 1202 3356 86 1200 3357 85 859 3358 658 1201 3359 89 1203 3360 659 1204 3361 630 860 3362 89 1203 3363 86 1205 3364 659 1204 3365 117 1206 3366 660 1207 3367 661 1208 3368 117 1206 3369 119 866 3370 660 1207 3371 119 866 3372 662 865 3373 660 1207 3374 119 866 3375 120 1209 3376 662 865 3377 120 1209 3378 663 1210 3379 662 865 3380 120 1209 3381 122 863 3382 663 1210 3383 98 861 3384 663 1210 3385 122 863 3386 98 861 3387 609 861 3388 663 1210 3389 232 1211 3390 573 1212 3391 664 1213 3392 232 1211 3393 664 1213 3394 230 1214 3395 230 1214 3396 664 1213 3397 665 1215 3398 230 1214 3399 665 1215 3400 229 1216 3401 665 1215 3402 228 1217 3403 229 1216 3404 665 1215 3405 666 1218 3406 228 1217 3407 666 1218 3408 226 1219 3409 228 1217 3410 666 1218 3411 667 1220 3412 226 1219 3413 667 1220 3414 227 1221 3415 226 1219 3416 667 1220 3417 668 1222 3418 227 1221 3419 668 1222 3420 217 1223 3421 227 1221 3422 668 1222 3423 669 1224 3424 217 1223 3425 217 1223 3426 669 1224 3427 670 1225 3428 217 1223 3429 670 1225 3430 220 1226 3431 220 1226 3432 670 1225 3433 671 1227 3434 220 1226 3435 671 1227 3436 224 1228 3437 671 1227 3438 225 1229 3439 224 1228 3440 671 1227 3441 547 1230 3442 225 1229 3443 114 860 3444 661 860 3445 614 860 3446 114 860 3447 117 860 3448 661 860 3449 113 1231 3450 614 1232 3451 613 876 3452 113 1231 3453 114 1233 3454 614 1232 3455 52 1234 3456 672 1235 3457 673 1236 3458 52 1234 3459 50 1237 3460 672 1235 3461 50 1237 3462 674 1238 3463 672 1235 3464 50 1237 3465 47 1239 3466 674 1238 3467 674 1238 3468 47 1239 3469 45 1240 3470 674 1238 3471 45 1240 3472 617 1241 3473 270 1242 3474 543 1243 3475 578 1244 3476 270 1242 3477 578 1244 3478 269 1245 3479 269 1245 3480 578 1244 3481 579 1246 3482 269 1245 3483 579 1246 3484 267 1247 3485 579 1246 3486 261 1248 3487 267 1247 3488 579 1246 3489 580 1249 3490 261 1248 3491 580 1249 3492 262 1250 3493 261 1248 3494 580 1249 3495 581 1251 3496 262 1250 3497 53 1252 3498 673 1253 3499 675 897 3500 53 1252 3501 52 896 3502 673 1253 3503 56 1254 3504 675 1255 3505 676 1256 3506 56 1254 3507 53 1257 3508 675 1255 3509 252 1258 3510 676 1259 3511 675 1260 3512 252 1258 3513 242 1261 3514 676 1259 3515 241 1262 3516 676 1263 3517 242 1264 3518 241 1262 3519 677 1265 3520 676 1263 3521 240 1266 3522 677 1265 3523 241 1262 3524 240 1266 3525 678 1267 3526 677 1265 3527 239 1268 3528 678 1267 3529 240 1266 3530 239 1268 3531 610 1269 3532 678 1267 3533 148 1270 3534 608 1270 3535 679 1271 3536 148 1270 3537 146 1271 3538 608 1270 3539 141 1272 3540 680 1273 3541 681 1274 3542 141 1272 3543 138 1275 3544 680 1273 3545 138 1275 3546 682 1151 3547 680 1273 3548 138 1275 3549 136 1276 3550 682 1151 3551 136 1276 3552 605 1149 3553 682 1151 3554 136 1276 3555 21 1150 3556 605 1149 3557 142 1277 3558 681 1278 3559 683 1279 3560 142 1277 3561 141 921 3562 681 1278 3563 254 1280 3564 661 1281 3565 255 1282 3566 254 1280 3567 614 1283 3568 661 1281 3569 256 1284 3570 163 1285 3571 162 1286 3572 256 1284 3573 609 1287 3574 163 1285 3575 276 1288 3576 684 1289 3577 679 1290 3578 276 1288 3579 284 1291 3580 684 1289 3581 284 1291 3582 685 1292 3583 684 1289 3584 284 1291 3585 282 1293 3586 685 1292 3587 281 1294 3588 685 1292 3589 282 1293 3590 281 1294 3591 686 1295 3592 685 1292 3593 280 1296 3594 686 1295 3595 281 1294 3596 280 1296 3597 606 1297 3598 686 1295 3599 199 1298 3600 640 1299 3601 639 1300 3602 199 1298 3603 198 1301 3604 640 1299 3605 198 1301 3606 641 1302 3607 640 1299 3608 198 1301 3609 196 1303 3610 641 1302 3611 197 1304 3612 641 1302 3613 196 1303 3614 197 1304 3615 642 1305 3616 641 1302 3617 328 1008 3618 539 111 3619 592 1306 3620 328 1008 3621 592 1306 3622 410 1307 3623 411 111 3624 410 1307 3625 592 1306 3626 411 111 3627 592 1306 3628 594 111 3629 657 111 3630 411 111 3631 594 111 3632 657 111 3633 412 111 3634 411 111 3635 415 111 3636 412 111 3637 657 111 3638 415 111 3639 657 111 3640 656 111 3641 402 111 3642 415 111 3643 656 111 3644 402 111 3645 656 111 3646 534 111 3647 534 111 3648 403 111 3649 402 111 3650 534 111 3651 520 111 3652 403 111 3653 403 111 3654 520 111 3655 516 111 3656 403 111 3657 516 111 3658 406 111 3659 516 111 3660 405 111 3661 406 111 3662 516 111 3663 518 111 3664 405 111 3665 405 111 3666 518 111 3667 475 111 3668 405 111 3669 475 111 3670 380 111 3671 123 1308 3672 430 1309 3673 96 1310 3674 123 1308 3675 455 1311 3676 430 1309 3677 123 1308 3678 453 1312 3679 455 1311 3680 123 1308 3681 121 1313 3682 453 1312 3683 121 1313 3684 451 1314 3685 453 1312 3686 121 1313 3687 118 1315 3688 451 1314 3689 116 1316 3690 451 1314 3691 118 1315 3692 116 1316 3693 428 1317 3694 451 1314 3695 165 1318 3696 630 1319 3697 659 1320 3698 165 1318 3699 164 1321 3700 630 1319 3701 238 1322 3702 610 1323 3703 239 1324 3704 238 1322 3705 611 1325 3706 610 1323 3707 277 1326 3708 607 1327 3709 278 1328 3710 277 1326 3711 608 1329 3712 607 1327 3713 280 1330 3714 605 1331 3715 606 1332 3716 280 1330 3717 279 1333 3718 605 1331 3719 199 1334 3720 638 1335 3721 200 1336 3722 199 1334 3723 639 1337 3724 638 1335 3725 277 1338 3726 679 1339 3727 608 1340 3728 277 1338 3729 276 1341 3730 679 1339 3731 256 1342 3732 663 1343 3733 609 1344 3734 256 1342 3735 257 1345 3736 663 1343 3737 257 1345 3738 662 1346 3739 663 1343 3740 257 1345 3741 258 1347 3742 662 1346 3743 258 1347 3744 660 1348 3745 662 1346 3746 258 1347 3747 259 1349 3748 660 1348 3749 255 1350 3750 660 1348 3751 259 1349 3752 255 1350 3753 661 1351 3754 660 1348 3755 251 1352 3756 674 1353 3757 617 1354 3758 251 1352 3759 248 1355 3760 674 1353 3761 248 1355 3762 672 1356 3763 674 1353 3764 248 1355 3765 246 1357 3766 672 1356 3767 246 1357 3768 673 1358 3769 672 1356 3770 246 1357 3771 243 1359 3772 673 1358 3773 252 1360 3774 673 1358 3775 243 1359 3776 252 1360 3777 675 1361 3778 673 1358 3779 163 1362 3780 100 1363 3781 102 1364 3782 163 1362 3783 102 1364 3784 161 981 3785 102 1364 3786 159 1365 3787 161 981 3788 102 1364 3789 105 1366 3790 159 1365 3791 105 1366 3792 157 1367 3793 159 1365 3794 105 1366 3795 107 1368 3796 157 1367 3797 250 1369 3798 616 1370 3799 615 1371 3800 250 1369 3801 249 1372 3802 616 1370 3803 251 1373 3804 616 1370 3805 249 1372 3806 251 1373 3807 617 1374 3808 616 1370 3809 610 1006 3810 72 1007 3811 74 1375 3812 610 1006 3813 74 1375 3814 678 1005 3815 74 1375 3816 677 1376 3817 678 1005 3818 74 1375 3819 57 1377 3820 677 1376 3821 57 1377 3822 676 1378 3823 677 1376 3824 57 1377 3825 56 1379 3826 676 1378 3827 279 1380 3828 682 1381 3829 605 1382 3830 279 1380 3831 283 1383 3832 682 1381 3833 285 1384 3834 682 1381 3835 283 1383 3836 285 1384 3837 680 1385 3838 682 1381 3839 285 1384 3840 681 1386 3841 680 1385 3842 285 1384 3843 286 1387 3844 681 1386 3845 287 1388 3846 681 1386 3847 286 1387 3848 287 1388 3849 683 1389 3850 681 1386 3851 615 1390 3852 61 1391 3853 66 1392 3854 615 1390 3855 66 1392 3856 687 1393 3857 66 1392 3858 688 1394 3859 687 1393 3860 66 1392 3861 67 1395 3862 688 1394 3863 67 1395 3864 689 877 3865 688 1394 3866 67 1395 3867 68 880 3868 689 877 3869 689 877 3870 68 880 3871 70 1396 3872 689 877 3873 70 1396 3874 611 1397 3875 145 1398 3876 142 1399 3877 683 1400 3878 145 1398 3879 683 1400 3880 607 1401 3881 287 1402 3882 607 1401 3883 683 1400 3884 287 1402 3885 278 1403 3886 607 1401 3887 164 1404 3888 629 1405 3889 630 1406 3890 164 1404 3891 173 1407 3892 629 1405 3893 173 1407 3894 628 1408 3895 629 1405 3896 173 1407 3897 172 1409 3898 628 1408 3899 170 1410 3900 628 1408 3901 172 1409 3902 170 1410 3903 627 1411 3904 628 1408 3905 169 1412 3906 627 1411 3907 170 1410 3908 169 1412 3909 626 1413 3910 627 1411 3911 168 1414 3912 626 1413 3913 169 1412 3914 168 1414 3915 625 1415 3916 626 1413 3917 167 1416 3918 625 1415 3919 168 1414 3920 167 1416 3921 624 1417 3922 625 1415 3923 167 1416 3924 623 1418 3925 624 1417 3926 167 1416 3927 185 1419 3928 623 1418 3929 185 1419 3930 621 1420 3931 623 1418 3932 185 1419 3933 184 1421 3934 621 1420 3935 183 1422 3936 621 1420 3937 184 1421 3938 183 1422 3939 622 1423 3940 621 1420 3941 612 1424 3942 107 1425 3943 110 1426 3944 612 1424 3945 157 1427 3946 107 1425 3947 260 1428 3948 157 1427 3949 612 1424 3950 260 1428 3951 158 1429 3952 157 1427 3953 238 1430 3954 689 1431 3955 611 1432 3956 238 1430 3957 244 1433 3958 689 1431 3959 244 1433 3960 688 1434 3961 689 1431 3962 244 1433 3963 245 1435 3964 688 1434 3965 247 1436 3966 688 1434 3967 245 1435 3968 247 1436 3969 687 1437 3970 688 1434 3971 250 1438 3972 687 1437 3973 247 1436 3974 250 1438 3975 615 1439 3976 687 1437 3977 204 1440 3978 549 1441 3979 570 1442 3980 204 1440 3981 570 1442 3982 202 1443 3983 202 1443 3984 570 1442 3985 551 1444 3986 202 1443 3987 551 1444 3988 203 1445 3989 551 1444 3990 214 1446 3991 203 1445 3992 551 1444 3993 553 1447 3994 214 1446 3995 606 1052 3996 20 1053 3997 154 1051 3998 606 1052 3999 154 1051 4000 686 1051 4001 154 1051 4002 685 1448 4003 686 1051 4004 154 1051 4005 153 1448 4006 685 1448 4007 153 1448 4008 684 1449 4009 685 1448 4010 153 1448 4011 151 1450 4012 684 1449 4013 151 1450 4014 679 1451 4015 684 1449 4016 151 1450 4017 148 1452 4018 679 1451 4019 583 1453 4020 505 1454 4021 506 1044 4022 583 1453 4023 599 1455 4024 505 1454 4025 581 1041 4026 505 1454 4027 599 1455 4028 581 1041 4029 502 1041 4030 505 1454 4031 596 1456 4032 297 1457 4033 298 1458 4034 596 1456 4035 597 1459 4036 297 1457 4037 597 1459 4038 291 1460 4039 297 1457 4040 597 1459 4041 598 1461 4042 291 1460 4043 598 1461 4044 292 1462 4045 291 1460 4046 598 1461 4047 541 1463 4048 292 1462 4049 620 1464 4050 535 1465 4051 304 1466 4052 620 1464 4053 304 1466 4054 303 1467 4055 619 1468 4056 620 1464 4057 303 1467 4058 619 1468 4059 303 1467 4060 306 1469 4061 308 1470 4062 619 1468 4063 306 1469 4064 308 1470 4065 618 1471 4066 619 1468 4067 302 1472 4068 618 1471 4069 308 1470 4070 302 1472 4071 591 1473 4072 618 1471 4073 485 1474 4074 573 1475 4075 487 1476 4076 485 1474 4077 664 1069 4078 573 1475 4079 484 1477 4080 664 1069 4081 485 1474 4082 484 1477 4083 665 1478 4084 664 1069 4085 481 1479 4086 665 1478 4087 484 1477 4088 481 1479 4089 666 1065 4090 665 1478 4091 666 1065 4092 481 1479 4093 480 1480 4094 666 1065 4095 480 1480 4096 667 1481 4097 668 1061 4098 667 1481 4099 480 1480 4100 668 1061 4101 480 1480 4102 479 1062 4103 668 1061 4104 479 1062 4105 478 1060 4106 668 1061 4107 478 1060 4108 669 1059 4109 477 1482 4110 669 1059 4111 478 1060 4112 477 1482 4113 670 1483 4114 669 1059 4115 476 1484 4116 670 1483 4117 477 1482 4118 476 1484 4119 671 1485 4120 670 1483 4121 475 1486 4122 671 1485 4123 476 1484 4124 475 1486 4125 547 1487 4126 671 1485 4127</p>
        </triangles>
      </mesh>
    </geometry>
  </library_geometries>
  <library_controllers>
    <controller id="pickup_powerup_thorns_qc_skeleton_pickup_powerup_thorns-skin" name="pickup_powerup_thorns.qc_skeleton">
      <skin source="#pickup_powerup_thorns-mesh">
        <bind_shape_matrix>1 0 0 0 0 1 0 0 0 0 1 0 0 0 0 1</bind_shape_matrix>
        <source id="pickup_powerup_thorns_qc_skeleton_pickup_powerup_thorns-skin-joints">
          <Name_array id="pickup_powerup_thorns_qc_skeleton_pickup_powerup_thorns-skin-joints-array" count="1">jnt_spin</Name_array>
          <technique_common>
            <accessor source="#pickup_powerup_thorns_qc_skeleton_pickup_powerup_thorns-skin-joints-array" count="1" stride="1">
              <param name="JOINT" type="name"/>
            </accessor>
          </technique_common>
        </source>
        <source id="pickup_powerup_thorns_qc_skeleton_pickup_powerup_thorns-skin-bind_poses">
          <float_array id="pickup_powerup_thorns_qc_skeleton_pickup_powerup_thorns-skin-bind_poses-array" count="16">0.9985334 0 -0.05413848 0 0 1 0 0 0.05413848 0 0.9985334 0 0 0 0 1</float_array>
          <technique_common>
            <accessor source="#pickup_powerup_thorns_qc_skeleton_pickup_powerup_thorns-skin-bind_poses-array" count="1" stride="16">
              <param name="TRANSFORM" type="float4x4"/>
            </accessor>
          </technique_common>
        </source>
        <source id="pickup_powerup_thorns_qc_skeleton_pickup_powerup_thorns-skin-weights">
          <float_array id="pickup_powerup_thorns_qc_skeleton_pickup_powerup_thorns-skin-weights-array" count="690">1 1 1 1 1 1 1 1 1 1 1 1 1 1 1 1 1 1 1 1 1 1 1 1 1 1 1 1 1 1 1 1 1 1 1 1 1 1 1 1 1 1 1 1 1 1 1 1 1 1 1 1 1 1 1 1 1 1 1 1 1 1 1 1 1 1 1 1 1 1 1 1 1 1 1 1 1 1 1 1 1 1 1 1 1 1 1 1 1 1 1 1 1 1 1 1 1 1 1 1 1 1 1 1 1 1 1 1 1 1 1 1 1 1 1 1 1 1 1 1 1 1 1 1 1 1 1 1 1 1 1 1 1 1 1 1 1 1 1 1 1 1 1 1 1 1 1 1 1 1 1 1 1 1 1 1 1 1 1 1 1 1 1 1 1 1 1 1 1 1 1 1 1 1 1 1 1 1 1 1 1 1 1 1 1 1 1 1 1 1 1 1 1 1 1 1 1 1 1 1 1 1 1 1 1 1 1 1 1 1 1 1 1 1 1 1 1 1 1 1 1 1 1 1 1 1 1 1 1 1 1 1 1 1 1 1 1 1 1 1 1 1 1 1 1 1 1 1 1 1 1 1 1 1 1 1 1 1 1 1 1 1 1 1 1 1 1 1 1 1 1 1 1 1 1 1 1 1 1 1 1 1 1 1 1 1 1 1 1 1 1 1 1 1 1 1 1 1 1 1 1 1 1 1 1 1 1 1 1 1 1 1 1 1 1 1 1 1 1 1 1 1 1 1 1 1 1 1 1 1 1 1 1 1 1 1 1 1 1 1 1 1 1 1 1 1 1 1 1 1 1 1 1 1 1 1 1 1 1 1 1 1 1 1 1 1 1 1 1 1 1 1 1 1 1 1 1 1 1 1 1 1 1 1 1 1 1 1 1 1 1 1 1 1 1 1 1 1 1 1 1 1 1 1 1 1 1 1 1 1 1 1 1 1 1 1 1 1 1 1 1 1 1 1 1 1 1 1 1 1 1 1 1 1 1 1 1 1 1 1 1 1 1 1 1 1 1 1 1 1 1 1 1 1 1 1 1 1 1 1 1 1 1 1 1 1 1 1 1 1 1 1 1 1 1 1 1 1 1 1 1 1 1 1 1 1 1 1 1 1 1 1 1 1 1 1 1 1 1 1 1 1 1 1 1 1 1 1 1 1 1 1 1 1 1 1 1 1 1 1 1 1 1 1 1 1 1 1 1 1 1 1 1 1 1 1 1 1 1 1 1 1 1 1 1 1 1 1 1 1 1 1 1 1 1 1 1 1 1 1 1 1 1 1 1 1 1 1 1 1 1 1 1 1 1 1 1 1 1 1 1 1 1 1 1 1 1 1 1 1 1 1 1 1 1 1 1 1 1 1 1 1 1 1 1 1 1 1 1 1 1 1 1 1 1 1 1 1 1 1 1 1 1 1 1 1 1 1 1 1 1 1 1 1 1 1 1 1 1 1 1 1 1 1 1 1 1 1 1 1 1 1 1 1 1 1 1 1 1 1 1 1 1 1 1 1 1 1 1 1 1 1 1 1 1 1 1 1 1 1 1 1 1 1 1 1 1 1 1 1</float_array>
          <technique_common>
            <accessor source="#pickup_powerup_thorns_qc_skeleton_pickup_powerup_thorns-skin-weights-array" count="690" stride="1">
              <param name="WEIGHT" type="float"/>
            </accessor>
          </technique_common>
        </source>
        <joints>
          <input semantic="JOINT" source="#pickup_powerup_thorns_qc_skeleton_pickup_powerup_thorns-skin-joints"/>
          <input semantic="INV_BIND_MATRIX" source="#pickup_powerup_thorns_qc_skeleton_pickup_powerup_thorns-skin-bind_poses"/>
        </joints>
        <vertex_weights count="690">
          <input semantic="JOINT" source="#pickup_powerup_thorns_qc_skeleton_pickup_powerup_thorns-skin-joints" offset="0"/>
          <input semantic="WEIGHT" source="#pickup_powerup_thorns_qc_skeleton_pickup_powerup_thorns-skin-weights" offset="1"/>
          <vcount>1 1 1 1 1 1 1 1 1 1 1 1 1 1 1 1 1 1 1 1 1 1 1 1 1 1 1 1 1 1 1 1 1 1 1 1 1 1 1 1 1 1 1 1 1 1 1 1 1 1 1 1 1 1 1 1 1 1 1 1 1 1 1 1 1 1 1 1 1 1 1 1 1 1 1 1 1 1 1 1 1 1 1 1 1 1 1 1 1 1 1 1 1 1 1 1 1 1 1 1 1 1 1 1 1 1 1 1 1 1 1 1 1 1 1 1 1 1 1 1 1 1 1 1 1 1 1 1 1 1 1 1 1 1 1 1 1 1 1 1 1 1 1 1 1 1 1 1 1 1 1 1 1 1 1 1 1 1 1 1 1 1 1 1 1 1 1 1 1 1 1 1 1 1 1 1 1 1 1 1 1 1 1 1 1 1 1 1 1 1 1 1 1 1 1 1 1 1 1 1 1 1 1 1 1 1 1 1 1 1 1 1 1 1 1 1 1 1 1 1 1 1 1 1 1 1 1 1 1 1 1 1 1 1 1 1 1 1 1 1 1 1 1 1 1 1 1 1 1 1 1 1 1 1 1 1 1 1 1 1 1 1 1 1 1 1 1 1 1 1 1 1 1 1 1 1 1 1 1 1 1 1 1 1 1 1 1 1 1 1 1 1 1 1 1 1 1 1 1 1 1 1 1 1 1 1 1 1 1 1 1 1 1 1 1 1 1 1 1 1 1 1 1 1 1 1 1 1 1 1 1 1 1 1 1 1 1 1 1 1 1 1 1 1 1 1 1 1 1 1 1 1 1 1 1 1 1 1 1 1 1 1 1 1 1 1 1 1 1 1 1 1 1 1 1 1 1 1 1 1 1 1 1 1 1 1 1 1 1 1 1 1 1 1 1 1 1 1 1 1 1 1 1 1 1 1 1 1 1 1 1 1 1 1 1 1 1 1 1 1 1 1 1 1 1 1 1 1 1 1 1 1 1 1 1 1 1 1 1 1 1 1 1 1 1 1 1 1 1 1 1 1 1 1 1 1 1 1 1 1 1 1 1 1 1 1 1 1 1 1 1 1 1 1 1 1 1 1 1 1 1 1 1 1 1 1 1 1 1 1 1 1 1 1 1 1 1 1 1 1 1 1 1 1 1 1 1 1 1 1 1 1 1 1 1 1 1 1 1 1 1 1 1 1 1 1 1 1 1 1 1 1 1 1 1 1 1 1 1 1 1 1 1 1 1 1 1 1 1 1 1 1 1 1 1 1 1 1 1 1 1 1 1 1 1 1 1 1 1 1 1 1 1 1 1 1 1 1 1 1 1 1 1 1 1 1 1 1 1 1 1 1 1 1 1 1 1 1 1 1 1 1 1 1 1 1 1 1 1 1 1 1 1 1 1 1 1 1 1 1 1 1 1 1 1 1 1 1 1 1 1 1 1 1 1 1 1 1 1 1 1 1 1 1 1 1 1 1 1 1 1 1 1 1 1 1 1 1 1 1 1 1 1 1 1 1 1 1 1 1 1 1 1 1 1 1 1 1 1 1 1 1 1 1 1 1 1 1 1 1 </vcount>
          <v>0 0 0 1 0 2 0 3 0 4 0 5 0 6 0 7 0 8 0 9 0 10 0 11 0 12 0 13 0 14 0 15 0 16 0 17 0 18 0 19 0 20 0 21 0 22 0 23 0 24 0 25 0 26 0 27 0 28 0 29 0 30 0 31 0 32 0 33 0 34 0 35 0 36 0 37 0 38 0 39 0 40 0 41 0 42 0 43 0 44 0 45 0 46 0 47 0 48 0 49 0 50 0 51 0 52 0 53 0 54 0 55 0 56 0 57 0 58 0 59 0 60 0 61 0 62 0 63 0 64 0 65 0 66 0 67 0 68 0 69 0 70 0 71 0 72 0 73 0 74 0 75 0 76 0 77 0 78 0 79 0 80 0 81 0 82 0 83 0 84 0 85 0 86 0 87 0 88 0 89 0 90 0 91 0 92 0 93 0 94 0 95 0 96 0 97 0 98 0 99 0 100 0 101 0 102 0 103 0 104 0 105 0 106 0 107 0 108 0 109 0 110 0 111 0 112 0 113 0 114 0 115 0 116 0 117 0 118 0 119 0 120 0 121 0 122 0 123 0 124 0 125 0 126 0 127 0 128 0 129 0 130 0 131 0 132 0 133 0 134 0 135 0 136 0 137 0 138 0 139 0 140 0 141 0 142 0 143 0 144 0 145 0 146 0 147 0 148 0 149 0 150 0 151 0 152 0 153 0 154 0 155 0 156 0 157 0 158 0 159 0 160 0 161 0 162 0 163 0 164 0 165 0 166 0 167 0 168 0 169 0 170 0 171 0 172 0 173 0 174 0 175 0 176 0 177 0 178 0 179 0 180 0 181 0 182 0 183 0 184 0 185 0 186 0 187 0 188 0 189 0 190 0 191 0 192 0 193 0 194 0 195 0 196 0 197 0 198 0 199 0 200 0 201 0 202 0 203 0 204 0 205 0 206 0 207 0 208 0 209 0 210 0 211 0 212 0 213 0 214 0 215 0 216 0 217 0 218 0 219 0 220 0 221 0 222 0 223 0 224 0 225 0 226 0 227 0 228 0 229 0 230 0 231 0 232 0 233 0 234 0 235 0 236 0 237 0 238 0 239 0 240 0 241 0 242 0 243 0 244 0 245 0 246 0 247 0 248 0 249 0 250 0 251 0 252 0 253 0 254 0 255 0 256 0 257 0 258 0 259 0 260 0 261 0 262 0 263 0 264 0 265 0 266 0 267 0 268 0 269 0 270 0 271 0 272 0 273 0 274 0 275 0 276 0 277 0 278 0 279 0 280 0 281 0 282 0 283 0 284 0 285 0 286 0 287 0 288 0 289 0 290 0 291 0 292 0 293 0 294 0 295 0 296 0 297 0 298 0 299 0 300 0 301 0 302 0 303 0 304 0 305 0 306 0 307 0 308 0 309 0 310 0 311 0 312 0 313 0 314 0 315 0 316 0 317 0 318 0 319 0 320 0 321 0 322 0 323 0 324 0 325 0 326 0 327 0 328 0 329 0 330 0 331 0 332 0 333 0 334 0 335 0 336 0 337 0 338 0 339 0 340 0 341 0 342 0 343 0 344 0 345 0 346 0 347 0 348 0 349 0 350 0 351 0 352 0 353 0 354 0 355 0 356 0 357 0 358 0 359 0 360 0 361 0 362 0 363 0 364 0 365 0 366 0 367 0 368 0 369 0 370 0 371 0 372 0 373 0 374 0 375 0 376 0 377 0 378 0 379 0 380 0 381 0 382 0 383 0 384 0 385 0 386 0 387 0 388 0 389 0 390 0 391 0 392 0 393 0 394 0 395 0 396 0 397 0 398 0 399 0 400 0 401 0 402 0 403 0 404 0 405 0 406 0 407 0 408 0 409 0 410 0 411 0 412 0 413 0 414 0 415 0 416 0 417 0 418 0 419 0 420 0 421 0 422 0 423 0 424 0 425 0 426 0 427 0 428 0 429 0 430 0 431 0 432 0 433 0 434 0 435 0 436 0 437 0 438 0 439 0 440 0 441 0 442 0 443 0 444 0 445 0 446 0 447 0 448 0 449 0 450 0 451 0 452 0 453 0 454 0 455 0 456 0 457 0 458 0 459 0 460 0 461 0 462 0 463 0 464 0 465 0 466 0 467 0 468 0 469 0 470 0 471 0 472 0 473 0 474 0 475 0 476 0 477 0 478 0 479 0 480 0 481 0 482 0 483 0 484 0 485 0 486 0 487 0 488 0 489 0 490 0 491 0 492 0 493 0 494 0 495 0 496 0 497 0 498 0 499 0 500 0 501 0 502 0 503 0 504 0 505 0 506 0 507 0 508 0 509 0 510 0 511 0 512 0 513 0 514 0 515 0 516 0 517 0 518 0 519 0 520 0 521 0 522 0 523 0 524 0 525 0 526 0 527 0 528 0 529 0 530 0 531 0 532 0 533 0 534 0 535 0 536 0 537 0 538 0 539 0 540 0 541 0 542 0 543 0 544 0 545 0 546 0 547 0 548 0 549 0 550 0 551 0 552 0 553 0 554 0 555 0 556 0 557 0 558 0 559 0 560 0 561 0 562 0 563 0 564 0 565 0 566 0 567 0 568 0 569 0 570 0 571 0 572 0 573 0 574 0 575 0 576 0 577 0 578 0 579 0 580 0 581 0 582 0 583 0 584 0 585 0 586 0 587 0 588 0 589 0 590 0 591 0 592 0 593 0 594 0 595 0 596 0 597 0 598 0 599 0 600 0 601 0 602 0 603 0 604 0 605 0 606 0 607 0 608 0 609 0 610 0 611 0 612 0 613 0 614 0 615 0 616 0 617 0 618 0 619 0 620 0 621 0 622 0 623 0 624 0 625 0 626 0 627 0 628 0 629 0 630 0 631 0 632 0 633 0 634 0 635 0 636 0 637 0 638 0 639 0 640 0 641 0 642 0 643 0 644 0 645 0 646 0 647 0 648 0 649 0 650 0 651 0 652 0 653 0 654 0 655 0 656 0 657 0 658 0 659 0 660 0 661 0 662 0 663 0 664 0 665 0 666 0 667 0 668 0 669 0 670 0 671 0 672 0 673 0 674 0 675 0 676 0 677 0 678 0 679 0 680 0 681 0 682 0 683 0 684 0 685 0 686 0 687 0 688 0 689</v>
        </vertex_weights>
      </skin>
    </controller>
  </library_controllers>
  <library_animations>
    <animation id="action_container-pickup_powerup_thorns_qc_skeleton" name="pickup_powerup_thorns.qc_skeleton"/>
  </library_animations>
  <library_visual_scenes>
    <visual_scene id="emitter_qc" name="emitter.qc">
      <node id="pickup_powerup_thorns_qc_skeleton" name="pickup_powerup_thorns.qc_skeleton" type="NODE">
        <matrix sid="transform">1 0 0 0 0 1 0 0 0 0 1 0 0 0 0 1</matrix>
        <node id="pickup_powerup_thorns_qc_skeleton_jnt_spin" name="jnt_spin" sid="jnt_spin" type="JOINT">
          <matrix sid="transform">0.9985334 0 0.05413851 0 0 1 0 0 -0.05413851 0 0.9985334 0 0 0 0 1</matrix>
          <extra>
            <technique profile="blender">
              <layer sid="layer" type="string">0</layer>
              <roll sid="roll" type="float">0.05416494</roll>
              <tip_x sid="tip_x" type="float">0</tip_x>
              <tip_y sid="tip_y" type="float">0.000999987</tip_y>
              <tip_z sid="tip_z" type="float">0</tip_z>
            </technique>
          </extra>
        </node>
        <node id="pickup_powerup_thorns" name="pickup_powerup_thorns" type="NODE">
          <matrix sid="transform">1 0 0 0 0 1 0 0 0 0 1 0 0 0 0 1</matrix>
          <instance_controller url="#pickup_powerup_thorns_qc_skeleton_pickup_powerup_thorns-skin">
            <skeleton>#pickup_powerup_thorns_qc_skeleton_jnt_spin</skeleton>
            <bind_material>
              <technique_common>
                <instance_material symbol="pickup_powerup_set_new-material" target="#pickup_powerup_set_new-material">
                  <bind_vertex_input semantic="UVMap" input_semantic="TEXCOORD" input_set="0"/>
                </instance_material>
              </technique_common>
            </bind_material>
          </instance_controller>
        </node>
      </node>
    </visual_scene>
  </library_visual_scenes>
  <scene>
    <instance_visual_scene url="#emitter_qc"/>
  </scene>
</COLLADA>