<?xml version="1.0" encoding="utf-8"?>
<COLLADA xmlns="http://www.collada.org/2005/11/COLLADASchema" version="1.4.1" xmlns:xsi="http://www.w3.org/2001/XMLSchema-instance">
  <asset>
    <contributor>
      <author>Blender User</author>
      <authoring_tool>Blender 2.90.1 commit date:2020-09-23, commit time:06:43, hash:3e85bb34d0d7</authoring_tool>
    </contributor>
    <created>2023-10-29T01:41:35</created>
    <modified>2023-10-29T01:41:35</modified>
    <unit name="meter" meter="1"/>
    <up_axis>Z_UP</up_axis>
  </asset>
  <library_effects>
    <effect id="pickup_powerup_set_new-effect">
      <profile_COMMON>
        <newparam sid="pickup_powerup_set_new_png-surface">
          <surface type="2D">
            <init_from>pickup_powerup_set_new_png</init_from>
          </surface>
        </newparam>
        <newparam sid="pickup_powerup_set_new_png-sampler">
          <sampler2D>
            <source>pickup_powerup_set_new_png-surface</source>
          </sampler2D>
        </newparam>
        <technique sid="common">
          <lambert>
            <emission>
              <color sid="emission">0 0 0 1</color>
            </emission>
            <diffuse>
              <texture texture="pickup_powerup_set_new_png-sampler" texcoord="UVMap"/>
            </diffuse>
            <index_of_refraction>
              <float sid="ior">1.45</float>
            </index_of_refraction>
          </lambert>
        </technique>
      </profile_COMMON>
    </effect>
  </library_effects>
  <library_images>
    <image id="pickup_powerup_set_new_png" name="pickup_powerup_set_new_png">
      <init_from>pickup_powerup_set_new.png</init_from>
    </image>
  </library_images>
  <library_materials>
    <material id="pickup_powerup_set_new-material" name="pickup_powerup_set_new">
      <instance_effect url="#pickup_powerup_set_new-effect"/>
    </material>
  </library_materials>
  <library_geometries>
    <geometry id="pickup_powerup_king-mesh" name="pickup_powerup_king">
      <mesh>
        <source id="pickup_powerup_king-mesh-positions">
          <float_array id="pickup_powerup_king-mesh-positions-array" count="1674">5.25554 50.4818 4.29 0.131896 35.5237 3.12 0.131896 35.5237 4.29 5.25554 50.4818 3.12 -17.694 43.913 4.29 -11.8108 27.9675 4.29 -6.91783 28.4555 4.29 2.02998 28.6112 4.29 7.920401 28.3661 4.29 -2.42817 28.5155 4.29 -4.21523 50.5167 4.29 -8.81812 35.9306 4.29 -16.2811 44.4445 4.29 -15.4451 46.2303 4.29 -15.3612 47.1276 4.29 -15.6064 48.1105 4.29 -16.1904 48.9594 4.29 -17.0358 49.5489 4.29 -18.0099 49.7986 4.29 -18.9959 49.7009 4.29 -19.2237 44.2522 4.29 -20.1062 44.7799 4.29 -20.7368 45.5599 4.29 -21.0615 46.5294 4.29 -21.0273 47.5412 4.29 -20.6368 48.4868 4.29 -19.9261 49.2452 4.29 -3.2329 51.7521 4.29 -2.90902 52.5387 4.29 -2.82359 53.5076 4.29 -3.08756 54.5528 4.29 -3.71112 55.4537 4.29 -4.611701 56.0778 4.29 -5.64871 56.3404 4.29 -6.69696 56.2334 4.29 -7.684381 55.7462 4.29 -8.43779 54.9377 4.29 -8.850501 53.9302 4.29 -8.88513 52.8553 4.29 -8.581912 51.9092 4.29 -7.94192 51.0685 4.29 -6.26758 49.9849 4.29 9.14475 35.5815 4.29 6.842441 50.2983 3.12 6.84244 50.2983 4.29 9.144749 35.5815 3.12 16.2416 44.3201 4.29 16.2416 44.3201 3.12 12.0248 28.0426 4.29 18.2228 43.7065 3.12 18.2228 43.7065 4.290001 12.0248 28.0426 3.12 -11.8108 27.9675 3.12 -17.694 43.913 3.12 -15.8615 17.0471 2.4375 16.1075 16.9563 -2.4375 16.1075 16.9563 2.4375 -15.8615 17.0471 -2.4375 -0.22443 25.4969 2.4375 4.87357 25.5093 -2.4375 -0.22443 25.4969 -2.4375 4.87357 25.5093 2.4375 8.81242 25.4135 -2.4375 8.81242 25.4135 2.4375 10.3869 25.2656 2.4375 10.3869 25.2656 -2.4375 11.7193 25.0191 2.4375 11.7193 25.0191 -2.4375 13.4919 24.3052 -2.4375 13.4919 24.3052 2.4375 14.947 23.0731 -2.4375 14.947 23.0731 2.4375 15.805 21.782 -2.4375 15.805 21.782 2.4375 16.1201 20.7685 2.4375 16.1201 20.7685 -2.4375 -15.8615 20.4078 -2.4375 -15.8615 20.4078 2.4375 -15.519 21.8487 2.4375 -15.519 21.8487 -2.4375 -14.5898 23.4509 -2.4375 -14.5898 23.4509 2.4375 -13.6234 24.3444 -2.4375 -13.6234 24.3444 2.4375 -12.0437 25.0032 -2.4375 -12.0437 25.0032 2.4375 -10.6754 25.2587 2.4375 -10.6754 25.2587 -2.4375 -9.061051 25.411 2.4375 -9.061051 25.411 -2.4375 -5.11338 25.5077 -2.4375 -5.11338 25.5077 2.4375 -9.501441 38.3987 -2.4375 -14.9647 44.6313 2.4375 -9.501441 38.3987 2.4375 -14.9647 44.6313 -2.4375 12.7572 26.8684 -2.4375 19.0797 42.847 2.4375 12.7572 26.8684 2.4375 19.0797 42.847 -2.4375 14.9323 44.4734 -2.4375 9.857771 38.225 2.4375 14.9323 44.4734 2.4375 9.857771 38.225 -2.4375 0.220165 39.2162 -2.4375 -2.98604 50.2742 2.4375 0.220165 39.2162 2.4375 -2.98604 50.2742 -2.4375 -18.5279 42.9579 2.4375 -12.557 26.7745 -2.4375 -12.557 26.7745 2.4375 -18.5279 42.9579 -2.4375 3.95448 50.1183 -2.4375 3.95448 50.1183 2.4375 8.0512 49.7729 2.4375 8.051201 49.7729 -2.4375 -7.49522 49.4536 -2.4375 -7.495221 49.4536 2.4375 8.840762 56.8961 -2.4375 7.49948 57.5785 -2.4375 7.49948 57.5785 2.4375 8.840761 56.8961 2.4375 9.858322 55.7772 -2.4375 9.858321 55.7772 2.4375 10.4072 54.3886 -2.4375 10.4072 54.3886 2.4375 10.4432 52.964 -2.4375 10.4432 52.964 2.4375 10.0113 51.6336 -2.4375 10.0113 51.6336 2.4375 9.186072 50.542 -2.4375 9.186071 50.542 2.4375 3.33111 50.6388 2.4375 3.33111 50.6388 -2.4375 2.64854 51.5512 -2.4375 2.64854 51.5512 2.4375 2.23415 52.6327 -2.4375 2.23415 52.6327 2.4375 2.14272 53.9228 -2.4375 2.14272 53.9228 2.4375 2.51974 55.3403 -2.4375 2.51974 55.3403 2.4375 3.38803 56.5622 -2.4375 3.38803 56.5622 2.4375 4.63084 57.4011 -2.4375 4.63084 57.4011 2.4375 6.059381 57.7437 -2.4375 6.059381 57.7437 2.4375 20.9096 47.7263 4.29 20.4051 48.6009 3.119999 20.4051 48.6009 4.29 20.9096 47.7263 3.12 21.0779 46.7571 4.29 21.0779 46.7571 3.119999 20.9102 45.7897 4.29 20.9102 45.7897 3.12 20.4123 44.9222 4.29 20.4123 44.9222 3.12 19.6045 44.2482 4.29 19.6045 44.2482 3.12 15.4491 45.965 4.29 15.4491 45.965 3.12 15.3392 46.6846 4.29 15.3392 46.6846 3.12 15.5012 47.699 4.29 15.5012 47.699 3.12 16.0135 48.6004 4.29 16.0135 48.6004 3.12 16.7676 49.2369 4.29 16.7676 49.2369 3.12 17.6851 49.5774 4.29 17.6851 49.5774 3.119999 18.6789 49.5872 4.29 18.6789 49.5872 3.12 19.5974 49.267 4.29 19.5974 49.267 3.12 17.48 50.6885 -2.4375 16.1982 50.2128 2.4375 17.48 50.6885 2.4375 16.1982 50.2128 -2.4375 15.1439 49.3229 2.4375 15.1439 49.3229 -2.4375 14.4339 48.0736 2.4375 14.4339 48.0736 -2.4375 14.2127 46.6884 2.4375 14.2127 46.6884 -2.4375 14.374 45.6321 2.4375 14.374 45.6321 -2.4375 20.1788 43.2779 2.4375 20.1788 43.2779 -2.4375 21.2784 44.1953 2.4375 21.2784 44.1953 -2.4375 21.9734 45.4061 2.4375 21.9734 45.4061 -2.4375 22.2075 46.7573 2.4375 22.2075 46.7573 -2.4375 21.9724 48.1113 2.4375 21.9724 48.1113 -2.4375 21.2687 49.3314 2.4375 21.2687 49.3314 -2.4375 20.1518 50.2525 2.4375 20.1518 50.2525 -2.4375 18.862 50.7021 2.4375 18.862 50.7021 -2.4375 14.9982 18.0725 -3.12 -14.7484 18.157 -3.12 -0.224314 24.3838 -4.29 -5.10099 24.3947 -3.12 -0.224314 24.3838 -3.12 -5.10099 24.3947 -4.29 -8.99505 24.2993 -3.12 -8.995051 24.2993 -4.29 -10.5206 24.1553 -3.12 -10.5206 24.1553 -4.29 -11.7238 23.9306 -3.12 -11.7238 23.9306 -4.29 -13.0128 23.3931 -3.12 -13.0128 23.3931 -4.29 -13.7111 22.7475 -3.12 -13.7111 22.7475 -4.29 -14.474 21.4319 -3.12 -14.474 21.4319 -4.29 -14.7484 20.2773 -3.12 -14.7484 20.2773 -4.29 -14.7484 18.157 -4.29 14.9982 18.0725 -4.29 15.0065 20.6013 -3.12 15.0065 20.6013 -4.29 14.7896 21.299 -3.12 14.7896 21.299 -4.29 14.1073 22.3256 -3.12 14.1073 22.3256 -4.29 12.9096 23.3398 -3.12 12.9096 23.3398 -4.29 11.407 23.9449 -3.12 11.407 23.9449 -4.29 10.2333 24.1621 -3.12 10.2333 24.1621 -4.29 8.746771 24.3018 -3.12 8.74677 24.3018 -4.29 4.861401 24.3962 -3.12 4.8614 24.3962 -4.29 -8.81812 35.9306 -4.290001 -16.2811 44.4445 -3.12 -8.81812 35.9306 -3.12 -16.2811 44.4445 -4.29 -6.26758 49.9849 -4.29 -6.26758 49.9849 -3.12 -7.684381 55.7462 -4.29 -8.437789 54.9377 -3.12 -7.684381 55.7462 -3.12 -8.43779 54.9377 -4.29 -8.850501 53.9302 -3.12 -8.850502 53.9302 -4.29 -8.885129 52.8553 -3.12 -8.88513 52.8553 -4.29 -8.581911 51.9092 -3.12 -8.581911 51.9092 -4.29 -7.94192 51.0685 -3.12 -7.94192 51.0685 -4.29 -4.21523 50.5167 -4.29 -3.2329 51.7521 -3.12 -4.21523 50.5167 -3.12 -3.2329 51.7521 -4.29 -2.90902 52.5387 -3.12 -2.90902 52.5387 -4.29 -2.82359 53.5076 -3.12 -2.82359 53.5076 -4.29 -3.08756 54.5528 -3.12 -3.08756 54.5528 -4.29 -3.71112 55.4537 -3.12 -3.71112 55.4537 -4.29 -4.6117 56.0778 -3.12 -4.6117 56.0778 -4.29 -5.64871 56.3404 -3.12 -5.64871 56.3404 -4.29 -6.69696 56.2334 -3.12 -6.69696 56.2334 -4.29 0.131896 35.5237 -4.29 0.131896 35.5237 -3.12 5.25554 50.4818 -4.29 5.25554 50.4818 -3.12 5.086451 56.3657 -4.29 4.17825 55.7528 -3.12 5.08645 56.3657 -3.12 4.17825 55.7528 -4.29 3.54364 54.8597 -3.12 3.54364 54.8597 -4.29 3.2661 53.8162 -3.12 3.2661 53.8162 -4.29 3.33271 52.8764 -3.12 3.33271 52.8764 -4.29 3.6325 52.094 -3.12 3.6325 52.094 -4.29 4.14441 51.4098 -3.12 4.14441 51.4098 -4.29 6.84244 50.2983 -4.29 8.409251 51.3601 -3.12 6.842441 50.2983 -3.12 8.409251 51.3601 -4.29 9.010512 52.1554 -3.12 9.010512 52.1554 -4.29 9.325672 53.1263 -3.12 9.325672 53.1263 -4.29 9.29949 54.1631 -3.12 9.29949 54.1631 -4.29 8.897992 55.1789 -3.12 8.897991 55.1789 -4.29 8.154432 55.9965 -3.12 8.154431 55.9965 -4.29 7.17347 56.4956 -3.12 7.17347 56.4956 -4.29 6.12783 56.6155 -3.12 6.12783 56.6155 -4.29 9.144751 35.5815 -4.29 9.144751 35.5815 -3.12 16.2416 44.3201 -4.29 16.2416 44.3201 -3.12 12.0248 28.0426 -4.29 18.2228 43.7065 -3.12 12.0248 28.0426 -3.12 18.2228 43.7065 -4.29 -11.8108 27.9675 -4.29 -6.91783 28.4555 -3.12 -11.8108 27.9675 -3.12 -6.91783 28.4555 -4.29 -2.42817 28.5155 -3.12 -2.42817 28.5155 -4.29 2.02998 28.6112 -3.12 2.02998 28.6112 -4.29 7.920401 28.3661 -3.12 7.9204 28.3661 -4.29 -17.694 43.913 -4.29 -17.694 43.913 -3.12 14.9982 18.0725 3.12 -14.7484 18.157 3.12 -14.7484 18.157 4.29 14.9982 18.0725 4.29 -16.2811 44.4445 3.12 -8.818121 35.9306 3.12 -6.26758 49.9849 3.12 -4.21523 50.5167 3.12 -15.4451 46.2303 -4.29 -15.3612 47.1276 -4.29 -15.6064 48.1105 -4.29 -16.1904 48.9594 -4.29 -17.0358 49.5489 -4.29 -18.0099 49.7986 -4.29 -18.9959 49.7009 -4.29 -19.2237 44.2522 -4.29 -20.1062 44.7799 -4.29 -20.7368 45.5599 -4.29 -21.0615 46.5294 -4.29 -21.0273 47.5412 -4.290001 -20.6368 48.4868 -4.29 -19.9261 49.2452 -4.29 15.4491 45.965 -4.29 15.3392 46.6846 -4.29 15.5012 47.699 -4.29 16.0135 48.6004 -4.29 16.7676 49.2369 -4.29 17.6851 49.5774 -4.29 18.6789 49.5872 -4.29 19.5974 49.267 -4.29 20.4051 48.6009 -4.29 20.9096 47.7263 -4.29 21.0779 46.7571 -4.29 20.9102 45.7897 -4.29 20.4123 44.9222 -4.29 19.6045 44.2482 -4.29 -8.35969 56.6542 -2.4375 -9.39069 55.5478 2.4375 -8.35969 56.6542 2.4375 -9.39069 55.5478 -2.4375 -9.956501 54.1665 2.4375 -9.956501 54.1665 -2.4375 -10.0038 52.6989 2.4375 -10.0038 52.6989 -2.4375 -9.58344 51.3873 2.4375 -9.58344 51.3873 -2.4375 -8.709821 50.2396 2.4375 -8.709821 50.2396 -2.4375 -2.26369 51.1827 2.4375 -2.26369 51.1827 -2.4375 -1.81519 52.2718 2.4375 -1.81519 52.2718 -2.4375 -1.69831 53.5975 2.4375 -1.69831 53.5975 -2.4375 -2.05774 55.0207 2.4375 -2.05774 55.0207 -2.4375 -2.91098 56.2534 2.4375 -2.91098 56.2534 -2.4375 -4.14323 57.1074 2.4375 -4.14323 57.1074 -2.4375 -5.566121 57.4677 2.4375 -5.566121 57.4677 -2.4375 -7.009571 57.3203 2.4375 -7.00957 57.3203 -2.4375 -21.5879 49.0996 -2.4375 -22.1329 47.78 2.4375 -21.5879 49.0996 2.4375 -22.1329 47.78 -2.4375 -22.1807 46.3663 2.4375 -22.1807 46.3663 -2.4375 -21.7285 45.0161 2.4375 -21.7285 45.0161 -2.4375 -20.8473 43.9262 2.4375 -20.8473 43.9262 -2.4375 -19.6404 43.2045 2.4375 -19.6404 43.2045 -2.4375 -14.355 45.9338 2.4375 -14.355 45.9338 -2.4375 -14.2353 47.2129 2.4375 -14.2353 47.2129 -2.4375 -14.5752 48.5754 2.4375 -14.5752 48.5754 -2.4375 -15.388 49.7568 2.4375 -15.388 49.7568 -2.4375 -16.5643 50.5771 2.4375 -16.5643 50.5771 -2.4375 -17.924 50.9257 2.4375 -17.924 50.9257 -2.4375 -19.3054 50.7887 2.4375 -19.3054 50.7887 -2.4375 -20.5988 50.155 2.4375 -20.5988 50.155 -2.4375 7.920401 28.3661 3.12 2.02998 28.6112 3.12 -2.42817 28.5155 3.12 -6.91783 28.4555 3.12 -21.0273 47.5412 -3.12 -20.6368 48.4868 -3.12 -21.0615 46.5294 -3.119999 -20.7368 45.5599 -3.12 -20.1062 44.7799 -3.12 -19.2237 44.2522 -3.12 -15.4451 46.2303 -3.12 -15.3612 47.1276 -3.12 -15.6064 48.1105 -3.12 -16.1904 48.9594 -3.12 -17.0358 49.5489 -3.12 -18.0099 49.7986 -3.12 -18.9959 49.7009 -3.12 -19.9261 49.2452 -3.12 16.7676 49.2369 -3.12 17.6851 49.5774 -3.12 16.0135 48.6004 -3.12 15.5012 47.699 -3.12 15.3392 46.6846 -3.12 15.4491 45.965 -3.12 19.6045 44.2482 -3.12 20.4123 44.9222 -3.12 20.9102 45.7897 -3.12 21.0779 46.7571 -3.12 20.9096 47.7263 -3.12 20.4051 48.6009 -3.12 19.5974 49.267 -3.12 18.6789 49.5872 -3.12 7.85351 27.2549 2.4375 7.85351 27.2549 -2.4375 2.01878 27.4977 2.4375 2.01878 27.4977 -2.4375 -2.40879 27.4027 2.4375 -2.40879 27.4027 -2.4375 -6.85505 27.3432 2.4375 -6.85505 27.3432 -2.4375 -18.0099 49.7986 3.12 -17.0358 49.5489 3.12 -16.1904 48.9594 3.12 -15.6064 48.1105 3.12 -15.3612 47.1276 3.12 -15.4451 46.2303 3.12 -19.2237 44.2522 3.12 -20.1062 44.7799 3.12 -20.7368 45.5599 3.12 -21.0615 46.5294 3.12 -21.0273 47.5412 3.12 -20.6368 48.4868 3.12 -19.9261 49.2452 3.12 -18.9959 49.7009 3.12 -14.7484 20.2773 3.12 -14.474 21.4319 3.12 -13.7111 22.7475 3.12 -13.0128 23.3931 3.12 -11.7238 23.9306 3.12 -10.5206 24.1553 3.12 -8.995052 24.2993 3.12 -5.10099 24.3947 3.12 -0.224314 24.3838 3.12 4.861401 24.3962 3.12 8.74677 24.3018 3.12 10.2333 24.1621 3.12 11.407 23.9449 3.12 12.9096 23.3398 3.12 14.1073 22.3256 3.12 14.7896 21.299 3.12 15.0065 20.6013 3.12 -7.684381 55.7462 3.12 -6.69696 56.2334 3.12 -8.437791 54.9377 3.12 -8.850502 53.9302 3.12 -8.885131 52.8553 3.12 -8.581912 51.9092 3.12 -7.94192 51.0685 3.12 -3.2329 51.7521 3.12 -2.90902 52.5387 3.12 -2.82359 53.5076 3.12 -3.08756 54.5528 3.12 -3.71112 55.4537 3.12 -4.6117 56.0778 3.12 -5.64871 56.3404 3.12 5.08645 56.3657 3.12 6.12783 56.6155 3.12 4.17825 55.7528 3.12 3.54364 54.8597 3.12 3.2661 53.8162 3.12 3.33271 52.8764 3.12 3.6325 52.094 3.12 4.14441 51.4098 3.12 8.409251 51.3601 3.12 9.010512 52.1554 3.12 9.325671 53.1263 3.12 9.29949 54.1631 3.12 8.897991 55.1789 3.12 8.154431 55.9965 3.12 7.17347 56.4956 3.12 -0.224314 24.3838 4.29 -5.10099 24.3947 4.29 -11.7238 23.9306 4.29 -8.995051 24.2993 4.29 -10.5206 24.1553 4.29 14.1073 22.3256 4.29 12.9096 23.3398 4.29 11.407 23.9449 4.29 14.7896 21.299 4.29 10.2333 24.1621 4.29 8.74677 24.3018 4.29 4.8614 24.3962 4.29 15.0065 20.6013 4.29 -14.7484 20.2773 4.29 -14.474 21.4319 4.29 -13.7111 22.7475 4.29 -13.0128 23.3931 4.29 8.897992 55.1789 4.29 8.154431 55.9965 4.29 7.17347 56.4956 4.29 9.29949 54.1631 4.29 6.12783 56.6155 4.290001 5.08645 56.3657 4.29 4.17825 55.7528 4.29 3.54364 54.8597 4.29 3.2661 53.8162 4.29 9.325671 53.1263 4.29 9.010512 52.1554 4.29 8.409251 51.3601 4.29 3.33271 52.8764 4.29 3.6325 52.094 4.29 4.14441 51.4098 4.29</float_array>
          <technique_common>
            <accessor source="#pickup_powerup_king-mesh-positions-array" count="558" stride="3">
              <param name="X" type="float"/>
              <param name="Y" type="float"/>
              <param name="Z" type="float"/>
            </accessor>
          </technique_common>
        </source>
        <source id="pickup_powerup_king-mesh-normals">
          <float_array id="pickup_powerup_king-mesh-normals-array" count="3453">-0.9435585 0.3312062 -3.63543e-7 -0.9435583 0.3312063 0 -0.9435583 0.3312063 0 -0.9435585 0.3312062 3.61828e-7 -1.63819e-7 0 1 0 0 1 0 0 1 0 0 1 0 0 1 0 0 1 0 0 1 0 0 1 -1.21302e-7 0 1 0 0 1 -9.2159e-7 0 1 -1.99401e-7 0 1 0 0 1 -5.02945e-7 0 1 -2.86748e-7 0 1 0 0 1 0 0 1 2.98485e-7 0 1 3.71273e-7 0 1 -5.06226e-7 0 1 0 0 1 8.27479e-7 0 1 2.27534e-7 0 1 3.86717e-6 0 1 1.94472e-7 0 1 -1.65088e-7 0 1 0 0 1 1.62049e-7 0 1 0 0 1 0 0 1 0 0 1 0.9879833 0.1545609 -1.60744e-6 0.9879833 0.1545609 9.83435e-7 0.9879834 0.1545609 1.12706e-6 0.9879834 0.1545609 -1.75106e-6 -0.7691963 0.6390126 -5.60544e-7 -0.7691661 0.639049 0 -0.7691662 0.639049 -5.18615e-7 -0.7691656 0.6390495 5.41564e-7 0.9298532 -0.3679307 0 0.9298534 -0.3679304 0 0.9298534 -0.3679304 0 0.9298533 -0.3679308 0 -0.93818 -0.346148 0 -0.93818 -0.3461479 1.83737e-6 -0.93818 -0.3461479 1.92144e-6 -0.93818 -0.346148 0 0.0174368 -0.9998481 0 0.0174368 -0.9998481 1.35372e-6 0.0174368 -0.999848 -5.53683e-7 0.0174368 -0.999848 0 0.01095074 0.99994 0 0.01094222 0.9999402 0 0.0109508 0.99994 0 0.07310312 0.9973244 -5.39647e-7 0.07312756 0.9973226 0 0.1620885 0.9867763 0 0.1620817 0.9867774 0 0.2882648 0.9575508 0 0.2882957 0.9575414 0 0.4903548 0.871523 0 0.4903548 0.871523 0 0.7634384 0.6458807 -9.58554e-7 0.7634495 0.6458676 0 0.9104657 0.4135847 -8.25329e-6 0.9104636 0.4135893 1.73816e-7 0.9879758 0.1546089 2.40537e-7 0.987975 0.1546141 0 1 1.46847e-4 1.65316e-7 1 1.46846e-4 0 -0.9955292 0.0944544 0 -0.999994 0.003451526 0 -0.9999939 0.003499448 0 -0.9955291 0.09445619 0 -0.9288653 0.3704178 0 -0.9288658 0.3704165 0 -0.7691509 0.6390674 0 -0.7691749 0.6390385 -1.9856e-7 -0.5401935 0.8415409 0 -0.5401929 0.8415413 0 -0.2763872 0.9610464 -3.73401e-6 -0.2763943 0.9610444 0 -0.1388817 0.9903091 0 -0.1388816 0.9903091 0 -0.06059944 0.9981622 0 -0.06055319 0.9981651 0 0.01093727 0.9999402 0 0.01094096 0.9999402 0 0.7634435 0.6458746 1.03992e-6 0.7634434 0.6458748 3.94385e-7 0.7634435 0.6458746 -8.42096e-7 0.7634434 0.6458748 5.98658e-7 0.9298537 -0.3679295 0 0.9298537 -0.3679297 4.07013e-7 0.9298537 -0.3679293 0 0.9298536 -0.3679298 4.93936e-7 -0.7691944 0.6390149 5.31285e-7 -0.7691944 0.6390149 0 -0.7691638 0.6390518 -5.36105e-7 -0.7691638 0.6390518 0 0.9604434 0.2784752 0 0.9604434 0.2784752 0 0.9604435 0.2784752 0 0.9604434 0.2784752 0 -0.9381815 -0.346144 0 -0.9381814 -0.3461439 0 -0.9381815 -0.346144 0 -0.9381814 -0.346144 0 -0.9435588 0.331205 3.61828e-7 -0.9435589 0.3312051 0 -0.9435588 0.331205 -3.63543e-7 -0.9435588 0.331205 0 0.9879832 0.1545615 0 0.9879832 0.1545614 2.44841e-7 0.9879832 0.1545616 0 0.9879832 0.1545614 3.27134e-7 -0.9779282 0.2089414 1.27327e-6 -0.9779282 0.2089414 0 -0.9779282 0.2089414 -1.76353e-6 -0.9779282 0.2089414 0 0.6065521 0.7950438 0 0.2882757 0.9575476 0 0.2882758 0.9575474 0 0.6065523 0.7950438 0 0.8487318 0.5288236 3.31962e-7 0.8487322 0.528823 0 0.9798981 0.1994987 2.96297e-7 0.9798983 0.1994979 0 0.9896041 -0.1438193 0 0.989604 -0.1438197 0 0.8867125 -0.4623213 0 0.8867121 -0.4623221 -4.78842e-7 0.6885875 -0.7251533 -3.11853e-7 0.6885876 -0.7251532 -1.38827e-7 0.5610063 -0.8278117 -1.44255e-7 0.5610072 -0.8278109 1.14157e-6 -0.7257397 -0.6879694 0 -0.6409288 -0.7676004 0 -0.6409296 -0.7675998 0 -0.7257394 -0.6879698 0 -0.8756111 -0.4830169 0 -0.8756111 -0.4830169 0 -0.9762606 -0.2165992 0 -0.9762606 -0.2165994 0 -0.9955286 0.09446102 0 -0.9955286 0.09446078 0 -0.9052269 0.4249288 0 -0.9052268 0.4249289 0 -0.6985504 0.7155609 0 -0.6985501 0.7155613 0 -0.4027923 0.9152915 0 -0.402792 0.9152916 0 -0.06054478 0.9981655 0 -0.06054472 0.9981655 0 0.9402021 0.3406173 0 0.7634255 0.6458958 0 0.7634255 0.645896 0 0.9402016 0.3406187 4.67006e-7 1 1.44527e-4 1.22886e-6 1 1.44446e-4 1.22081e-6 0.9298634 -0.3679051 4.77304e-7 0.9298607 -0.367912 1.18749e-6 0.7659715 -0.6428745 1.45173e-6 0.7659704 -0.6428759 6.76855e-7 0.5094036 -0.8605278 7.72719e-7 0.5094033 -0.8605279 0 0.3650025 -0.9310066 0 0.3650027 -0.9310065 0 -0.9552585 -0.2957722 -5.50227e-7 -0.900892 -0.4340434 -1.91148e-6 -0.9008921 -0.4340433 -2.99979e-6 -0.9552585 -0.2957723 0 -0.9999943 0.003406107 0 -0.9999942 0.003405213 0 -0.9435561 0.3312129 0 -0.9435564 0.3312121 0 -0.7691485 0.6390701 0 -0.7691482 0.6390706 0 -0.5039774 0.8637169 0 -0.5039765 0.8637175 0 -0.1815981 0.9833729 -7.03662e-7 -0.1815973 0.983373 -3.15444e-7 0.1620715 0.9867791 -1.09048e-6 0.1620715 0.986779 -3.10088e-7 0.4903805 0.8715085 -3.92492e-7 0.4903813 0.871508 0 -0.1815887 0.9833746 0 -0.5039817 0.8637143 0 -0.1815888 0.9833746 0 -0.5039806 0.8637149 0 -0.7691556 0.6390616 0 -0.7691553 0.639062 0 -0.9435604 0.3312005 0 -0.943561 0.3311989 0 -0.9999942 0.00341016 0 -0.9999942 0.003409266 0 -0.9552564 -0.295779 0 -0.9552567 -0.2957781 0 -0.9008771 -0.4340744 0 -0.9008778 -0.4340727 0 0.509387 -0.8605376 -2.41366e-7 0.3650013 -0.931007 -5.61418e-7 0.3649997 -0.9310077 0 0.5093864 -0.8605381 0 0.7659465 -0.6429044 0 0.7659455 -0.6429056 0 0.9298667 -0.3678967 0 0.9298674 -0.3678949 0 1 1.86283e-4 0 1 1.84434e-4 1.45738e-7 0.9402146 0.3405829 5.63759e-7 0.9402147 0.3405826 2.72165e-7 0.7634449 0.645873 4.37698e-7 0.763444 0.6458743 0 0.490369 0.8715149 0 0.4903693 0.8715148 0 0.1620671 0.9867798 0 0.1620674 0.9867797 0 0.02945905 -0.5215563 -0.8527082 0.02945917 -0.5215575 -0.8527075 0.02945911 -0.5215564 -0.8527082 0.02945905 -0.5215566 -0.8527079 0.01095962 0.99994 0 0.01096481 0.99994 0 0.01095962 0.99994 0 0.01096409 0.99994 0 -0.06063032 0.9981603 0 -0.06058055 0.9981633 0 -0.1389186 0.9903038 0 -0.1389186 0.9903038 0 -0.2763764 0.9610496 0 -0.2764179 0.9610376 0 -0.5401675 0.8415577 0 -0.5401666 0.8415581 0 -0.7691532 0.6390645 0 -0.7691757 0.6390373 1.26584e-7 -0.9288815 0.3703771 5.26396e-7 -0.9288818 0.3703764 7.31482e-7 -0.9955279 0.09446913 0 -0.9955244 0.09450542 9.12242e-7 -0.999994 0.003451526 8.15101e-7 -0.999994 0.003451526 -1.77293e-7 1 1.21745e-4 -8.14451e-7 0.9879774 0.1545984 -4.65284e-7 1 1.68973e-4 1.76498e-7 0.9879778 0.1545968 -9.92343e-7 0.910458 0.4136018 -9.90402e-7 0.9104467 0.4136267 -1.34869e-6 0.7634242 0.6458975 -1.48913e-6 0.7634178 0.645905 -9.18965e-7 0.4903869 0.8715049 -2.19596e-7 0.4903811 0.8715081 3.48849e-7 0.2882748 0.9575477 0 0.2882615 0.9575518 0 0.1621054 0.9867736 0 0.1620694 0.9867795 9.08866e-6 0.07309633 0.9973249 0 0.07310938 0.997324 -1.81469e-7 0.01092648 0.9999403 0 0.01092648 0.9999404 0 0.01743638 -0.999848 -3.35593e-6 0.01743638 -0.999848 1.38257e-6 0.01743638 -0.9998481 -5.93862e-7 0.01743638 -0.9998481 5.60483e-7 0.7634115 0.6459124 7.67246e-7 0.7634425 0.6458758 -9.56636e-7 0.7634425 0.6458758 -8.42096e-7 0.7634425 0.6458758 -1.83714e-7 -0.9779284 0.2089408 1.48122e-6 -0.9779284 0.2089409 0 -0.9779283 0.2089408 -1.48616e-6 -0.9779283 0.2089409 0 -0.5967997 0.8023903 4.12733e-7 -0.8421905 0.5391802 -1.13831e-6 -0.5968002 0.80239 0 -0.8421902 0.5391806 8.9394e-7 -0.9779273 0.2089456 3.40748e-7 -0.9779274 0.2089451 1.96759e-6 -0.990359 -0.1385247 1.22435e-6 -0.9903588 -0.1385259 7.72888e-7 -0.9009178 -0.43399 4.61634e-7 -0.900903 -0.4340206 1.08638e-5 -0.6796304 -0.7335547 0 -0.6796305 -0.7335546 0 -0.5433232 -0.8395237 0 -0.5433233 -0.8395237 0 0.7659755 -0.6428698 1.26397e-6 0.8622077 -0.5065551 0 0.7659755 -0.6428698 -1.26996e-6 0.8622075 -0.5065553 0 0.9715117 -0.2369921 0 0.9715116 -0.2369923 0 0.9968243 0.07963395 0 0.9968243 0.07963395 0 0.9104565 0.4136049 0 0.9104566 0.4136048 0 0.7073091 0.7069044 0 0.707309 0.7069045 0 0.4141535 0.9102072 0 0.4141533 0.9102072 0 0.0730797 0.9973262 0 0.07307982 0.9973262 0 -0.276395 0.9610441 0 -0.276395 0.9610441 0 0.9604436 0.2784746 0 0.9604437 0.2784746 0 -0.9435585 0.3312062 3.61828e-7 -0.9435583 0.3312063 0 -0.9435585 0.3312062 -3.63543e-7 -0.9435583 0.3312063 0 -0.4027663 0.9153029 2.82869e-7 -0.6985218 0.7155889 0 -0.4027666 0.9153028 1.33478e-7 -0.6985216 0.715589 0 -0.9052332 0.4249153 0 -0.9052332 0.4249154 0 -0.9955291 0.09445589 0 -0.9955291 0.09445589 0 -0.9762595 -0.2166047 0 -0.9762594 -0.2166049 0 -0.875597 -0.4830423 0 -0.8755968 -0.4830428 0 -0.7257637 -0.6879441 0 -0.7257634 -0.6879444 0 -0.6410239 -0.7675209 0 -0.6410239 -0.767521 0 0.5609971 -0.8278177 -4.46178e-6 0.6885749 -0.7251653 -1.23088e-6 0.5609973 -0.8278177 -6.89054e-6 0.6885747 -0.7251654 0 0.886714 -0.4623186 0 0.886714 -0.4623185 0 0.9896049 -0.1438134 0 0.9799019 0.1994799 0 0.9799019 0.1994799 3.24764e-7 0.8487345 0.5288194 2.97829e-7 0.8487343 0.5288195 6.24259e-7 0.6065554 0.7950413 0 0.6065554 0.7950413 0 0.2882623 0.9575515 0 0.2882626 0.9575514 0 -0.06059271 0.9981626 0 -0.06059271 0.9981626 1.49276e-7 0.9879833 0.154561 0 0.9879832 0.154561 -2.38977e-7 0.9879832 0.154561 0 0.9879832 0.154561 -2.51529e-7 -0.7691965 0.6390125 3.73173e-6 -0.7691662 0.6390489 0 -0.7691658 0.6390494 -5.36105e-7 -0.7691968 0.639012 0 0.9298532 -0.3679308 0 0.9298534 -0.3679305 0 0.9298533 -0.3679305 0 0.09924232 -0.9950634 0 0.0563547 -0.9984109 0 0.09924232 -0.9950634 0 0.0563547 -0.9984109 0 0.0174123 -0.9998485 0 0.01742255 -0.9998483 1.04593e-6 0.01742064 -0.9998483 0 -0.06008434 -0.9981933 4.39831e-7 -0.06008434 -0.9981933 5.02505e-7 -0.06006681 -0.9981944 -8.86206e-7 -0.06006675 -0.9981943 8.90408e-7 -0.9381799 -0.3461481 0 -0.9381799 -0.3461482 0 0.02941119 -0.5215578 0.8527089 0.02941113 -0.5215576 0.852709 0.02941119 -0.5215575 0.8527092 0.02941125 -0.5215599 0.8527077 0.01743638 -0.999848 0 0.01743638 -0.999848 0 0.01743638 -0.9998481 -1.97336e-6 0.01743638 -0.9998481 0 0.7634428 0.6458755 -8.45249e-7 0.7634427 0.6458756 0 0.7634427 0.6458756 0 0.7634428 0.6458755 8.3394e-7 -0.9779283 0.2089409 -1.41453e-6 -0.9779282 0.2089411 1.31581e-6 -0.9779283 0.2089411 1.37682e-6 -0.9779283 0.2089409 1.47915e-6 0 0 -1 0 0 -1 0 0 -1 0 0 -1 0 0 -1 0 0 -1 0 0 -1 1.93358e-6 0 -1 0 0 -1 -4.53383e-7 0 -1 -3.47431e-7 0 -1 1.91044e-7 0 -1 0 0 -1 0 0 -1 0 0 -1 0 0 -1 0 0 -1 0 0 -1 -1.28819e-7 0 -1 0 0 -1 0 0 -1 0 0 -1 -4.60793e-7 0 -1 1.50816e-7 0 -1 2.47036e-7 0 -1 -3.04803e-7 0 -1 -2.40895e-7 0 -1 0 0 -1 2.29779e-7 0 -1 3.10684e-7 0 -1 5.49322e-7 0 -1 -1.30475e-7 -1.94038e-7 -1 1.67401e-6 -6.74997e-7 -1 0 1.35782e-6 -1 -6.24763e-7 0 -1 0 0 -1 0 0 -1 0 0 -1 0 0 -1 0 0 -1 0 0 -1 -1.3813e-7 0 -1 2.79321e-7 0 -1 3.44972e-7 0 -1 1.86976e-7 0 -1 7.99417e-7 0 -1 -2.60732e-6 0 -1 2.44021e-6 0 -1 0 0 -1 -2.16244e-6 0 -1 7.94409e-7 0 -1 2.03929e-7 0 -1 2.24263e-7 0 -1 1.48699e-7 0 -1 0 0 -1 0 0 -1 0 0 -1 1.65921e-7 0 -1 0 0 -1 -0.5967887 0.8023985 0 -0.842195 0.539173 0 -0.5967885 0.8023986 -1.41157e-7 -0.8421956 0.5391721 0 -0.9779274 0.2089454 0 -0.9779275 0.2089451 0 -0.9903598 -0.1385192 0 -0.9903597 -0.1385197 0 -0.9009075 -0.4340112 0 -0.9009113 -0.4340032 1.20555e-5 -0.6796323 -0.733553 0 -0.6796323 -0.7335529 1.62884e-7 -0.5432912 -0.8395444 0 -0.5432907 -0.8395447 3.93107e-7 0.7659642 -0.6428833 1.26626e-6 0.8622021 -0.5065646 0 0.765964 -0.6428835 -1.27226e-6 0.8622022 -0.5065642 0 0.9715064 -0.2370137 0 0.9715064 -0.2370134 0 0.9968241 0.07963591 0 0.996824 0.07963579 0 0.9104543 0.4136098 0 0.9104543 0.4136097 0 0.7073147 0.7068988 0 0.7073146 0.706899 0 0.4141629 0.9102028 0 0.4141628 0.9102029 0 0.07305568 0.9973279 0 0.07305562 0.9973279 1.47477e-7 -0.2763981 0.9610432 -1.41014e-7 -0.2763979 0.9610434 1.47636e-7 -0.8422182 0.5391368 0 -0.9779615 0.2087858 0 -0.8422179 0.5391373 0 -0.9779616 0.2087851 0 -0.9903733 -0.1384223 0 -0.9903665 -0.1384718 2.2107e-6 -0.8755877 -0.4830592 0 -0.8755876 -0.4830594 -4.83624e-7 -0.6409898 -0.7675493 0 -0.6409881 -0.7675508 -5.89875e-7 -0.3695586 -0.9292075 0 -0.3695582 -0.9292076 0 -0.216408 -0.9763031 0 -0.216408 -0.9763031 0 0.9056846 -0.4239522 0 0.9715104 -0.2369969 2.26898e-7 0.9056839 -0.4239537 5.44108e-7 0.9715062 -0.2370146 0 0.9968255 0.07961744 0 0.9968293 0.07956987 0 0.9104357 0.4136505 -1.00495e-6 0.9104356 0.4136511 0 0.707428 0.7067855 -1.03733e-6 0.7073924 0.7068211 0 0.4140493 0.9102545 -1.4684e-6 0.4140498 0.9102544 0 0.07298964 0.9973328 -1.44172e-6 0.07298982 0.9973327 0 -0.2764242 0.9610357 0 -0.2764253 0.9610355 0 -0.5968388 0.8023613 0 -0.5968391 0.802361 0 -0.06008434 -0.9981934 0 -0.06006681 -0.9981944 8.90408e-7 -0.06006681 -0.9981943 -8.86206e-7 -0.06008434 -0.9981933 0 0.01742058 -0.9998483 1.04585e-6 0.01742255 -0.9998483 0 0.0174123 -0.9998484 0 0.09924232 -0.9950633 0 0.09924232 -0.9950633 0 -0.8422268 0.5391237 -4.0619e-7 -0.9779713 0.2087398 -4.22287e-7 -0.8422267 0.5391237 0 -0.9779706 0.208743 -1.15912e-6 -0.9903733 -0.1384228 -5.08545e-7 -0.9903667 -0.1384697 -3.87126e-7 -0.8755826 -0.4830684 0 -0.8756083 -0.4830219 -1.65841e-6 -0.6409688 -0.767567 -3.37055e-7 -0.6409657 -0.7675696 -3.64513e-7 -0.3695876 -0.929196 0 -0.3695884 -0.9291957 0 -0.2164866 -0.9762856 0 -0.2164865 -0.9762857 0 0.905672 -0.4239794 0 0.971511 -0.2369947 0 0.9056717 -0.4239799 0 0.9715079 -0.2370072 0 0.9968277 0.07959043 0 0.9968274 0.07959496 0 0.9104094 0.4137088 1.10524e-6 0.9104088 0.4137099 0 0.7074084 0.7068051 0 0.7073716 0.7068419 0 0.4140812 0.9102401 0 0.414035 0.9102611 0 0.07293295 0.9973369 0 0.07293331 0.9973368 0 -0.2763862 0.9610466 -1.40897e-6 -0.2764374 0.961032 0 -0.5968191 0.8023759 0 -0.5967789 0.8024058 0 -0.1815977 0.9833729 -7.18146e-7 -0.5039774 0.8637169 -5.72223e-7 -0.1815976 0.9833729 0 -0.5039772 0.863717 -2.59054e-6 -0.7691494 0.639069 -2.64477e-6 -0.7691488 0.6390697 -3.0859e-6 -0.9435561 0.3312128 -8.60292e-7 -0.9435562 0.3312128 0 -0.9999942 0.003407597 0 -0.9999943 0.003405332 0 -0.9552589 -0.2957709 0 -0.9552585 -0.2957721 0 -0.900892 -0.4340434 0 -0.9008921 -0.4340433 0 0.3650031 -0.9310064 2.31747e-7 0.5094027 -0.8605283 1.58814e-7 0.3650025 -0.9310066 0 0.5094036 -0.8605278 2.76202e-7 0.7659697 -0.6428768 0 0.7659709 -0.6428753 0 0.929861 -0.3679112 0 0.9298636 -0.3679048 1.45764e-5 1 1.45769e-4 0 1 1.44855e-4 0 0.9402021 0.3406174 0 0.9402024 0.3406166 0 0.763426 0.6458954 0 0.7634252 0.6458963 0 0.4903806 0.8715085 0 0.4903802 0.8715087 0 0.1620711 0.9867791 0 0.1620717 0.986779 0 -0.03130602 0.51596 -0.8560405 0.1489487 0.494756 -0.8561722 -0.03132295 0.5159587 -0.8560407 0.148952 0.4947593 -0.8561698 0.313282 0.4106361 -0.8562899 0.3132805 0.410634 -0.8562914 0.438381 0.2731426 -0.8562799 0.4383756 0.2731449 -0.8562819 0.5064689 0.1031092 -0.8560712 0.5064637 0.1031041 -0.8560748 0.5118759 -0.07438868 -0.8558326 0.5118755 -0.07439792 -0.855832 0.4474499 -0.2629193 -0.8547878 0.4474632 -0.2628909 -0.8547896 0.3564248 -0.375356 -0.8556105 0.3564189 -0.3753561 -0.855613 0.4217232 -0.1832942 -0.888005 0.4217194 -0.1832994 -0.8880057 0.5064803 0.1030921 -0.8560665 0.5064786 0.1030912 -0.8560676 -0.06008589 -0.9981933 0 -0.06006711 -0.9981943 8.90408e-7 -0.06006705 -0.9981944 -8.86206e-7 -0.06008595 -0.9981932 0 0.01744395 -0.999848 1.04699e-6 0.01740998 -0.9998485 0 0.01741617 -0.9998484 0 0.01741617 -0.9998484 0 0.05636525 -0.9984102 0 0.05636525 -0.9984102 0 0.09924548 -0.9950631 0 0.09924548 -0.995063 0 -0.4343045 -0.1213534 -0.8925543 -0.4874754 0.1710907 -0.8562101 -0.4874752 0.1710904 -0.8562104 -0.4342814 -0.1213811 -0.8925617 -0.3775026 -0.3578456 -0.8540717 -0.3774893 -0.3578504 -0.8540754 -0.4545245 -0.2507411 -0.8547142 -0.4545319 -0.2507361 -0.8547118 -0.5062804 -0.1123306 -0.8550217 -0.5062798 -0.1123257 -0.8550227 -0.5152137 0.04888373 -0.8556666 -0.515214 0.04888629 -0.8556663 -0.4676761 0.2195277 -0.8562048 -0.4676787 0.219532 -0.8562023 -0.3608545 0.3696591 -0.8562337 -0.3608757 0.3696612 -0.856224 -0.208074 0.4728497 -0.8562234 -0.2080621 0.4728487 -0.8562268 0.414035 0.9102611 -1.194e-6 0.07293295 0.9973369 0 0.07293331 0.9973368 9.07549e-7 0.4140811 0.9102401 1.7378e-6 0.707408 0.7068054 3.98706e-7 0.7074086 0.7068049 3.92631e-6 0.9104301 0.4136629 -5.76064e-7 0.9104093 0.4137088 0 0.9968274 0.07959496 0 0.9968277 0.07959043 0 0.9715079 -0.2370072 0 0.971511 -0.2369944 0 0.9056724 -0.4239785 0 0.9056723 -0.4239785 0 -0.3695881 -0.9291957 0 -0.2164862 -0.9762858 0 -0.2164861 -0.9762857 0 -0.3695886 -0.9291955 0 -0.6409657 -0.7675696 0 -0.6409701 -0.7675659 0 -0.8755824 -0.483069 0 -0.875607 -0.4830244 0 -0.9903736 -0.1384199 0 -0.9903733 -0.1384222 2.79241e-6 -0.9779602 0.2087917 -1.15786e-6 -0.9779602 0.2087914 0 -0.8422275 0.5391224 0 -0.8422266 0.5391237 -1.71523e-6 -0.5967791 0.8024057 0 -0.596819 0.802376 -3.74821e-6 -0.2764375 0.9610319 0 -0.2763859 0.9610467 -2.23802e-7 0.2151426 0.4696993 -0.8562104 0.03777492 0.5155103 -0.8560504 0.03776729 0.5155142 -0.8560484 0.2150961 0.4697201 -0.8562106 0.366375 0.3641823 -0.8562363 0.366407 0.3641507 -0.8562361 0.4703596 0.2136806 -0.8562141 0.4703648 0.213675 -0.8562126 0.5157374 0.0412023 -0.8557555 0.5157374 0.04120218 -0.8557554 0.5036005 -0.1228632 -0.8551557 0.5036047 -0.1228545 -0.8551545 0.4474696 -0.2628931 -0.8547855 0.4474712 -0.26289 -0.8547856 0.4693292 -0.09258931 -0.8781558 0.469325 -0.09259182 -0.8781576 0.5020583 0.1455686 -0.8524947 0.5020583 0.1455686 -0.8524948 -0.4170916 -0.1805084 -0.8907589 -0.5050044 0.1090557 -0.8561996 -0.505005 0.1090562 -0.856199 -0.4170863 -0.1805099 -0.890761 -0.3775057 -0.3578507 -0.8540681 -0.3775036 -0.3578522 -0.8540685 -0.4545394 -0.2507146 -0.8547141 -0.4545444 -0.2506994 -0.8547158 -0.511268 -0.07447838 -0.8561881 -0.511258 -0.07451045 -0.8561913 -0.5050523 0.1088303 -0.8561999 -0.505066 0.1087782 -0.8561984 -0.4341969 0.2797519 -0.856278 -0.4342256 0.279707 -0.8562781 -0.3082272 0.4144126 -0.8563051 -0.3082196 0.4144111 -0.8563085 -0.1428112 0.4965447 -0.8561825 -0.1428114 0.4965446 -0.8561824 -0.515219 0.04892361 0.8556611 -0.518168 0.001757264 0.8552771 -0.5181679 0.001757204 0.8552772 -0.5152198 0.04892516 0.8556606 -0.4874622 0.1710903 0.8562177 -0.4875055 0.1711415 0.8561828 -0.3975035 0.3302657 0.8561049 -0.3974943 0.3302736 0.8561062 -0.2605606 0.4465942 0.8559567 -0.2605805 0.4465807 0.8559578 -0.1428021 0.4965431 0.8561849 -0.1428382 0.4965575 0.8561705 -0.09390765 0.508443 0.8559598 -0.09392207 0.5084373 0.8559616 -0.03130942 0.5159457 0.856049 -0.031309 0.5159476 0.8560478 -0.03131002 0.5159642 0.8560377 -0.03131061 0.5159628 0.8560386 -0.03128355 0.5159685 0.8560361 -0.03128689 0.5159681 0.8560363 0.03778177 0.5155278 0.8560396 0.03778094 0.5155267 0.8560403 0.03777563 0.5155263 0.8560408 0.03780341 0.5155011 0.8560546 0.03775656 0.5155294 0.8560398 0.03775811 0.5155294 0.8560397 0.1489388 0.4947528 0.8561758 0.1489391 0.4947526 0.8561758 0.2534351 0.4503452 0.8561308 0.2534098 0.4503583 0.8561314 0.3664454 0.3641152 0.8562347 0.366449 0.3641123 0.8562345 0.4703645 0.213687 0.8562097 0.4703662 0.2136774 0.8562113 0.5064733 0.1031156 0.8560678 0.5064705 0.1031194 0.856069 0.5171031 8.85867e-5 0.8559231 0.5171077 8.76804e-5 0.8559204 -0.3082271 0.4144126 0.8563051 -0.1428114 0.4965452 0.8561822 -0.1428114 0.4965457 0.8561818 -0.3082196 0.4144109 0.8563085 -0.4342254 0.2797071 0.8562782 -0.4341968 0.2797521 0.856278 -0.5050661 0.1087779 0.8561984 -0.5050283 0.108927 0.8562018 -0.511273 -0.07446295 0.8561865 -0.5112682 -0.07447743 0.856188 -0.4545393 -0.2507147 0.8547141 -0.4545443 -0.2506996 0.8547159 -0.3775057 -0.3578509 0.8540681 -0.3775036 -0.3578518 0.8540687 -0.417086 -0.1805099 0.8907612 -0.4170913 -0.1805085 0.8907589 -0.5050045 0.1090555 0.8561995 -0.5050048 0.1090558 0.8561992 0.4693251 -0.09259182 0.8781576 0.5020583 0.1455686 0.8524948 0.5020583 0.1455686 0.8524947 0.4693292 -0.09258931 0.8781558 0.4474712 -0.26289 0.8547856 0.4474696 -0.2628931 0.8547855 0.5036048 -0.1228545 0.8551543 0.5036004 -0.1228632 0.8551558 0.5157371 0.04120212 0.8557556 0.515737 0.0412023 0.8557557 0.4703646 0.213675 0.8562127 0.4703596 0.2136806 0.8562141 0.366375 0.3641823 0.8562363 0.3663718 0.3641857 0.8562362 0.2151415 0.4696999 0.8562104 0.2151427 0.4696992 0.8562104 0.03776711 0.5155142 0.8560484 0.03777486 0.51551 0.8560506 0.707309 0.7069046 0 0.4141535 0.9102072 0 0.4141532 0.9102073 0 0.9104565 0.4136049 0 0.9968243 0.07963395 0 0.8622075 -0.5065554 0 0.7659755 -0.6428698 -1.26996e-6 0.7659755 -0.6428698 1.26397e-6 -0.6796302 -0.733555 0 -0.9009256 -0.4339738 0 -0.9009177 -0.4339902 4.53908e-7 -0.990359 -0.1385255 7.72888e-7 -0.990359 -0.1385247 1.22435e-6 -0.9779275 0.2089444 1.96759e-6 -0.9779273 0.2089455 3.40749e-7 -0.8421905 0.5391802 8.93942e-7 -0.8421902 0.5391808 -1.13831e-6 -0.5967996 0.8023903 4.12733e-7 -0.5967997 0.8023903 0 -0.276395 0.9610443 0 -0.276395 0.9610442 0 0.07307982 0.9973262 0 0.07307976 0.9973262 0 -0.03128349 0.5159685 -0.8560363 0.03778177 0.515528 -0.8560394 -0.03128707 0.515969 -0.8560357 0.03778094 0.5155268 -0.8560402 0.03777557 0.515526 -0.8560408 0.037804 0.5155016 -0.8560544 0.03775662 0.5155293 -0.8560398 0.03775811 0.5155294 -0.8560396 0.1489387 0.4947531 -0.8561757 0.1489391 0.4947525 -0.856176 0.2533905 0.450367 -0.8561325 0.2534096 0.4503581 -0.8561315 0.3664444 0.3641142 -0.8562357 0.3664448 0.3641071 -0.8562384 0.4703645 0.2136871 -0.8562097 0.4703667 0.2136777 -0.8562109 0.5064711 0.1031147 -0.8560692 0.5064705 0.1031193 -0.856069 0.5171036 8.9083e-5 -0.8559229 0.5171079 8.7349e-5 -0.8559203 -0.2080619 0.4728484 0.856227 -0.03132289 0.5159585 0.8560407 -0.0313059 0.5159596 0.8560407 -0.2080739 0.4728492 0.8562237 -0.3608544 0.3696592 0.8562338 -0.3608756 0.3696612 0.856224 -0.4676787 0.219532 0.8562023 -0.4676761 0.2195277 0.8562049 -0.515214 0.04888629 0.8556663 -0.5152137 0.04888373 0.8556666 -0.5062798 -0.1123257 0.8550227 -0.5062804 -0.1123306 0.8550217 -0.4545319 -0.2507361 0.8547118 -0.4545244 -0.2507411 0.8547142 -0.3774893 -0.3578504 0.8540754 -0.3775026 -0.3578456 0.8540717 -0.4342814 -0.1213811 0.8925617 -0.4343045 -0.1213534 0.8925543 -0.4874752 0.1710904 0.8562104 -0.4874754 0.1710908 0.8562102 0.4217199 -0.1833 0.8880053 0.5064814 0.1030929 0.8560658 0.5064798 0.103092 0.8560668 0.4217238 -0.1832945 0.8880047 0.356419 -0.3753564 0.8556127 0.3564242 -0.3753558 0.8556107 0.4474635 -0.2628909 0.8547894 0.4474494 -0.2629188 0.8547883 0.5118752 -0.07439804 0.8558322 0.5118752 -0.07438856 0.855833 0.5064641 0.1031043 0.8560746 0.5064684 0.1031098 0.8560713 0.4383762 0.2731447 0.8562817 0.4383808 0.2731432 0.8562797 0.313282 0.4106355 0.8562903 0.3132805 0.4106342 0.8562914 0.148952 0.4947587 0.8561702 0.1489486 0.4947549 0.8561728 0.5020573 0.1455775 0.8524938 0.5171332 7.3462e-5 0.855905 0.5171228 8.79693e-5 0.8559113 0.502061 0.1455729 0.8524924 0.3944105 0.3336864 0.856209 0.3944165 0.3336722 0.8562119 0.2533969 0.4503602 0.8561342 0.2534084 0.4503569 0.8561325 0.08379751 0.5102164 0.8559541 0.08380007 0.5102192 0.855952 -0.09389567 0.5084493 0.8559575 -0.09388643 0.5084483 0.855959 -0.2605791 0.4465811 0.855958 -0.2605802 0.4465808 0.8559577 -0.3975003 0.3302752 0.8561027 -0.3975043 0.3302723 0.8561021 -0.4874619 0.17111 0.8562139 -0.487464 0.1711034 0.8562141 -0.5181685 0.0017668 0.8552767 -0.5181685 0.001768827 0.8552767 -0.4953256 -0.1533711 0.8550613 -0.49533 -0.1533708 0.8550587 -0.4566455 0.05346626 0.8880407 -0.4566489 0.05346876 0.8880389 -0.3975045 0.3302704 0.8561025 -0.397504 0.330271 0.8561027 0 0 1 0 0 1 0 0 1 5.96636e-7 0 1 3.9575e-7 0 1 0 0 1 -3.83013e-7 0 1 0 0 1 0 0 1 0 0 1 0 0 1 2.50558e-7 0 1 0 0 1 -1.04375e-6 0 1 0.02943986 -0.5215559 0.8527092 0.02941888 -0.5215582 0.8527084 0.02943867 -0.5215532 0.8527109 0.02941578 -0.5215579 0.8527088 0.02943128 -0.5215557 0.8527095 0.02942955 -0.5215575 0.8527085 -0.03140544 -0.5217348 0.8525296 -0.03140556 -0.5217344 0.8525297 0.2340745 -0.3752965 0.8968622 0.2340801 -0.3752931 0.8968622 0.3564155 -0.3753499 0.8556171 0.3564103 -0.3753398 0.8556237 0.2637891 -0.4456092 0.8554811 0.2637771 -0.4456114 0.8554836 0.3958163 -0.3322232 0.8561292 0.395814 -0.3322279 0.8561285 0.4862223 -0.1754514 0.8560401 0.4862229 -0.1754624 0.8560376 0 0 -1 0 0 -1 0 0 -1 0 0 -1 0 0 -1 -1.04377e-6 0 -1 2.50558e-7 0 -1 0 0 -1 0 0 -1 0 0 -1 0 0 -1 0 0 -1 -4.61689e-7 0 -1 0.4521393 0.06415271 0.8896374 0.3664366 0.3641208 0.8562361 0.3664374 0.3641219 0.8562354 0.4521433 0.06414777 0.8896357 0.5036005 -0.1228728 0.8551543 0.5036044 -0.1228634 0.8551534 0.5157361 0.04124981 0.855754 0.5157375 0.04121786 0.8557547 0.4703835 0.2136428 0.8562104 0.4703829 0.2136448 0.8562102 0.3664305 0.3641185 0.8562398 0.3664352 0.3641278 0.8562338 0.2153416 0.4695972 0.8562163 0.2153282 0.4695955 0.8562207 0.03765016 0.51554 0.856038 0.03765606 0.5155404 0.8560374 -0.1427711 0.4965599 0.8561804 -0.1427847 0.4965565 0.85618 -0.3081538 0.414481 0.8562984 -0.3080706 0.4145454 0.8562971 -0.4342164 0.2797419 0.8562713 -0.43422 0.2797257 0.8562749 -0.5049908 0.1090742 0.8562051 -0.5049884 0.1090681 0.8562073 -0.5112595 -0.07449465 0.8561917 -0.5112582 -0.07449412 0.8561927 -0.4544773 -0.250654 0.8547649 -0.454483 -0.2506629 0.8547593 -0.338809 -0.3902834 0.8560883 -0.3388131 -0.3902825 0.8560872 -0.1913683 -0.4811743 0.8554821 -0.1913779 -0.4811773 0.8554781 -0.31173 -0.357033 0.8805406 -0.3117401 -0.3570374 0.8805354 -0.2314328 -0.3699802 0.899752 -0.2314254 -0.3699841 0.8997522 -0.4953254 -0.1533706 -0.8550615 -0.5181686 0.001767218 -0.8552767 -0.5181679 0.001768469 -0.8552772 -0.4953296 -0.1533708 -0.8550592 -0.4566455 0.05346572 -0.8880408 -0.4566493 0.0534681 -0.8880387 -0.3975047 0.3302704 -0.8561027 -0.3975041 0.330271 -0.8561025 0.5171225 8.80769e-5 -0.8559114 0.5171329 7.44681e-5 -0.8559052 0.5020576 0.1455772 -0.8524937 0.5020605 0.1455719 -0.8524929 0.3944104 0.3336864 -0.8562091 0.3944163 0.3336716 -0.8562121 0.253397 0.4503605 -0.8561341 0.253408 0.4503574 -0.8561323 0.08379775 0.5102164 -0.8559539 0.08380031 0.5102194 -0.855952 -0.09389573 0.5084492 -0.8559574 -0.09388691 0.5084496 -0.8559581 -0.2605793 0.4465812 -0.8559578 -0.2605801 0.4465793 -0.8559585 -0.3974998 0.3302749 -0.8561031 -0.3975041 0.3302721 -0.8561022 -0.4874617 0.1711095 -0.8562142 -0.4874644 0.1711034 -0.8562138 0.0294668 -0.5215557 -0.8527083 0.02943992 -0.5215562 -0.8527089 0.02943879 -0.5215535 -0.8527105 0.02946376 -0.521556 -0.8527083 0.02943134 -0.5215587 -0.8527077 0.02942955 -0.5215575 -0.8527084 -0.0314055 -0.5217349 -0.8525295 -0.03140556 -0.5217344 -0.8525298 0.2340741 -0.3752961 -0.8968624 0.2340797 -0.3752924 -0.8968625 0.3564154 -0.3753503 -0.8556169 0.3564106 -0.3753405 -0.8556233 0.2637892 -0.4456098 -0.8554807 0.2637772 -0.4456109 -0.8554837 0.3958162 -0.3322232 -0.8561292 0.3958123 -0.3322269 -0.8561296 0.486222 -0.1754519 -0.8560402 0.4862243 -0.1754629 -0.8560367 -0.4342173 0.2797424 -0.8562707 -0.3081101 0.4145151 -0.8562974 -0.3081539 0.4144808 -0.8562984 -0.4342204 0.2797245 -0.856275 -0.504991 0.1090753 -0.8562049 -0.5049884 0.1090676 -0.8562073 -0.5112595 -0.07449495 -0.8561918 -0.5112582 -0.07449585 -0.8561925 -0.454501 -0.2506916 -0.8547412 -0.4544593 -0.2506254 -0.8547829 -0.3388094 -0.3902834 -0.8560882 -0.3388126 -0.390282 -0.8560876 -0.1913679 -0.4811733 -0.8554826 -0.1913767 -0.4811766 -0.8554789 -0.3117301 -0.3570327 -0.8805408 -0.3117399 -0.3570375 -0.8805353 -0.2314326 -0.3699804 -0.8997519 -0.2314254 -0.3699841 -0.8997522 0.4521384 0.0641514 -0.8896379 0.366438 0.3641226 -0.8562347 0.3664374 0.3641216 -0.8562354 0.4521424 0.06414675 -0.8896362 0.5036009 -0.1228729 -0.8551541 0.5036051 -0.1228631 -0.855153 0.5157362 0.04124981 -0.8557539 0.5157375 0.04121708 -0.8557547 0.4703835 0.213643 -0.8562104 0.4703623 0.2136908 -0.85621 0.3664301 0.3641182 -0.85624 0.3664345 0.3641273 -0.8562343 0.2153416 0.4695968 -0.8562166 0.2153278 0.4695949 -0.8562211 0.0376501 0.51554 -0.8560381 0.03765606 0.5155404 -0.8560376 -0.1427709 0.4965599 -0.8561803 -0.1427845 0.4965564 -0.8561801 7.60102e-7 8.07996e-7 1 0 0 1 0 -7.85878e-7 1 -3.05165e-7 -3.09376e-7 1 0 0 1 0 0 1 0 0 1 0 0 1 0 0 1 0 0 1 2.06374e-7 0 1 0 0 1 2.30341e-7 0 1 0 0 1 -1.52543e-6 0 1 2.09085e-6 0 1 0 0 1 5.95802e-7 0 1 0 0 1 0 0 1 0 0 1 1.2867e-7 0 1 0 0 1 0 0 1 0 0 1 1.93918e-7 2.32678e-7 1 0 5.04023e-7 1 -3.47687e-7 0 1 -2.30161e-7 0 1 -0.995529 0.09445649 -9.73591e-6 -0.999994 0.003451526 0 -0.9955278 0.09446978 1.7172e-7 -0.9288815 0.3703771 4.82893e-7 -0.9288815 0.3703771 5.26396e-7 -0.7691765 0.6390365 1.2888e-7 -0.7691532 0.6390644 8.04571e-6 -0.5401668 0.841558 0 -0.5401669 0.841558 0 -0.2764177 0.9610376 0 -0.2763765 0.9610496 0 -0.1389186 0.9903038 0 -0.06058055 0.9981634 0 -0.06058168 0.9981632 0 0.01096409 0.99994 0 0.01096481 0.9999399 0 0.01095962 0.99994 0 0.01095962 0.99994 0 0.01092648 0.9999403 0 0.01092648 0.9999403 0 0.07310944 0.997324 0 0.07309633 0.9973249 0 0.1620694 0.9867795 0 0.1621054 0.9867736 2.18071e-7 0.2882615 0.9575518 0 0.2882751 0.9575477 0 0.4903816 0.8715079 -6.98445e-7 0.4903872 0.8715047 -4.19228e-7 0.76345 0.645867 -5.05721e-7 0.7634235 0.6458983 5.24665e-7 0.9104675 0.4135808 -7.8911e-7 0.9104579 0.4136018 4.5786e-6 0.9879778 0.1545961 2.94852e-6 0.9879775 0.1545981 -9.76063e-7 1 1.22322e-4 1.64151e-7 1 1.70261e-4 -8.15887e-7 -0.5152198 0.04892396 -0.8556607 -0.5181676 0.001757204 -0.8552774 -0.5181677 0.001757264 -0.8552774 -0.5152201 0.04892581 -0.8556604 -0.4875071 0.1711005 -0.8561902 -0.487452 0.1711288 -0.8562158 -0.3975034 0.3302652 -0.8561051 -0.3974939 0.3302736 -0.8561064 -0.2605605 0.4465942 -0.8559567 -0.2605802 0.4465807 -0.8559578 -0.1428449 0.4965603 -0.8561678 -0.1428381 0.4965577 -0.8561704 -0.09390848 0.5084446 -0.8559587 -0.09392189 0.508437 -0.8559617 -0.0313068 0.5159862 -0.8560246 -0.03130888 0.515947 -0.8560482 -0.03131008 0.5159646 -0.8560376 -0.03131061 0.5159632 -0.8560383 -0.7257634 -0.6879444 0 -0.9762594 -0.2166049 0 -0.9762594 -0.2166047 0 -0.9955291 0.09445589 0 -0.9955291 0.09445589 0 -0.6985217 0.7155889 0 -0.6985218 0.7155888 0 -0.4027664 0.9153029 0 -0.4027664 0.9153028 0 -0.06059259 0.9981626 0 -0.06059259 0.9981626 0 0.2882626 0.9575515 0 0.6065554 0.7950412 0 0.6065553 0.7950415 1.55404e-6 0.8487347 0.5288189 2.06804e-6 0.8487344 0.5288195 3.29694e-6 0.9799019 0.1994799 3.24764e-7 0.9799019 0.1994802 0 0.989605 -0.1438131 0 0.9896048 -0.1438139 0 0.8867142 -0.4623183 0 0.8867139 -0.4623186 0 0.6885749 -0.7251653 1.23088e-6 0.5609971 -0.8278177 4.46178e-6 0.5609973 -0.8278177 6.89054e-6</float_array>
          <technique_common>
            <accessor source="#pickup_powerup_king-mesh-normals-array" count="1151" stride="3">
              <param name="X" type="float"/>
              <param name="Y" type="float"/>
              <param name="Z" type="float"/>
            </accessor>
          </technique_common>
        </source>
        <source id="pickup_powerup_king-mesh-map-0">
          <float_array id="pickup_powerup_king-mesh-map-0-array" count="6648">0.290373 0.633954 0.238747 0.483234 0.238747 0.483234 0.290373 0.633954 0.290373 0.633954 0.238747 0.483234 0.05913197 0.567766 0.118411 0.407098 0.167713 0.412015 0.238747 0.483234 0.257872 0.413584 0.317224 0.411114 0.238747 0.483234 0.212951 0.412619 0.257872 0.413584 0.238747 0.483234 0.167713 0.412015 0.212951 0.412619 0.167713 0.412015 0.238747 0.483234 0.194945 0.634305 0.148566 0.487335 0.167713 0.412015 0.194945 0.634305 0.148566 0.487335 0.05913197 0.567766 0.167713 0.412015 0.148566 0.487335 0.07336795 0.573121 0.05913197 0.567766 0.07336795 0.573121 0.08179098 0.591115 0.05913197 0.567766 0.08179098 0.591115 0.08263695 0.600156 0.05913197 0.567766 0.08263695 0.600156 0.08016598 0.61006 0.05913197 0.567766 0.08016598 0.61006 0.07428097 0.618614 0.05913197 0.567766 0.07428097 0.618614 0.065764 0.624554 0.05913197 0.567766 0.065764 0.624554 0.05594795 0.62707 0.05913197 0.567766 0.05594795 0.62707 0.04601395 0.626085 0.05913197 0.567766 0.04601395 0.626085 0.04371798 0.571184 0.05913197 0.567766 0.04601395 0.626085 0.03482598 0.576501 0.04371798 0.571184 0.04601395 0.626085 0.028472 0.58436 0.03482598 0.576501 0.04601395 0.626085 0.02519994 0.594129 0.028472 0.58436 0.04601395 0.626085 0.025545 0.604323 0.02519994 0.594129 0.04601395 0.626085 0.02947998 0.613852 0.025545 0.604323 0.04601395 0.626085 0.036641 0.621493 0.02947998 0.613852 0.204843 0.646753 0.208106 0.654679 0.208967 0.664442 0.208967 0.664442 0.2063069 0.674974 0.204843 0.646753 0.2063069 0.674974 0.200024 0.684051 0.204843 0.646753 0.200024 0.684051 0.19095 0.69034 0.204843 0.646753 0.19095 0.69034 0.180501 0.692986 0.204843 0.646753 0.180501 0.692986 0.169939 0.691907 0.204843 0.646753 0.169939 0.691907 0.1599889 0.686998 0.204843 0.646753 0.1599889 0.686998 0.152398 0.678852 0.204843 0.646753 0.152398 0.678852 0.148239 0.6687 0.204843 0.646753 0.148239 0.6687 0.14789 0.657869 0.204843 0.646753 0.14789 0.657869 0.150946 0.648336 0.204843 0.646753 0.150946 0.648336 0.157394 0.639865 0.204843 0.646753 0.157394 0.639865 0.194945 0.634305 0.204843 0.646753 0.157394 0.639865 0.174265 0.628947 0.194945 0.634305 0.174265 0.628947 0.148566 0.487335 0.194945 0.634305 0.329561 0.483816 0.306363 0.632104 0.306363 0.632104 0.329561 0.483816 0.329561 0.483816 0.306363 0.632104 0.401069 0.571867 0.329561 0.483816 0.329561 0.483816 0.401069 0.571867 0.401069 0.571867 0.329561 0.483816 0.358581 0.407855 0.421032 0.565685 0.421032 0.565685 0.358581 0.407855 0.358581 0.407855 0.421032 0.565685 0.05913197 0.567766 0.118411 0.407098 0.118411 0.407098 0.05913197 0.567766 0.05913197 0.567766 0.118411 0.407098 0.929767 0.546613 0.905808 0.401344 0.929889 0.401364 0.929767 0.546613 0.905686 0.546593 0.905808 0.401344 0.929769 0.644568 0.90573 0.667732 0.905708 0.644587 0.929769 0.644568 0.929789 0.667709 0.90573 0.667732 0.929789 0.667709 0.90575 0.685618 0.90573 0.667732 0.929789 0.667709 0.929806 0.685591 0.90575 0.685618 0.929813 0.692767 0.90575 0.685618 0.929806 0.685591 0.929813 0.692767 0.905759 0.692797 0.90575 0.685618 0.92982 0.698916 0.905759 0.692797 0.929813 0.692767 0.92982 0.698916 0.905768 0.698947 0.905759 0.692797 0.92982 0.698916 0.905781 0.707619 0.905768 0.698947 0.92982 0.698916 0.92983 0.707586 0.905781 0.707619 0.92983 0.707586 0.905795 0.716272 0.905781 0.707619 0.92983 0.707586 0.929842 0.716236 0.905795 0.716272 0.929842 0.716236 0.905806 0.723305 0.905795 0.716272 0.929842 0.716236 0.929852 0.723267 0.905806 0.723305 0.92986 0.728082 0.905806 0.723305 0.929852 0.723267 0.92986 0.728082 0.905814 0.728121 0.905806 0.723305 0.905844 0.745416 0.905814 0.728121 0.92986 0.728082 0.905844 0.745416 0.92986 0.728082 0.929889 0.745376 0.905676 0.561865 0.905686 0.546593 0.929767 0.546613 0.905676 0.561865 0.929767 0.546613 0.929755 0.56188 0.92975 0.568606 0.905676 0.561865 0.929755 0.56188 0.92975 0.568606 0.905673 0.568595 0.905676 0.561865 0.92975 0.568606 0.905671 0.577012 0.905673 0.568595 0.92975 0.568606 0.929746 0.577018 0.905671 0.577012 0.929746 0.577018 0.905671 0.582992 0.905671 0.577012 0.929746 0.577018 0.929744 0.582994 0.905671 0.582992 0.905672 0.590768 0.905671 0.582992 0.929744 0.582994 0.905672 0.590768 0.929744 0.582994 0.929743 0.590765 0.929744 0.597085 0.905672 0.590768 0.929743 0.590765 0.929744 0.597085 0.905674 0.597091 0.905672 0.590768 0.929745 0.604446 0.905674 0.597091 0.929744 0.597085 0.929745 0.604446 0.905678 0.604457 0.905674 0.597091 0.90569 0.622389 0.905678 0.604457 0.929745 0.604446 0.90569 0.622389 0.929745 0.604446 0.929754 0.622374 0.905708 0.644587 0.90569 0.622389 0.929754 0.622374 0.905708 0.644587 0.929754 0.622374 0.929769 0.644568 0.950929 0.444511 0.975611 0.406757 0.975221 0.444747 0.950929 0.444511 0.951304 0.406503 0.975611 0.406757 0.957172 0.113243 0.983463 0.03436297 0.981672 0.113796 0.957172 0.113243 0.958963 0.03381097 0.983463 0.03436297 0.956268 0.881574 0.978757 0.84519 0.97978 0.880897 0.956268 0.881574 0.955242 0.845861 0.978757 0.84519 0.951168 0.644549 0.974486 0.592612 0.974967 0.644316 0.951168 0.644549 0.950672 0.592828 0.974486 0.592612 0.977289 0.310715 0.954549 0.230478 0.979039 0.2310169 0.977289 0.310715 0.952802 0.310181 0.954549 0.230478 0.9517 0.696289 0.974967 0.644316 0.975485 0.696038 0.9517 0.696289 0.951168 0.644549 0.974967 0.644316 0.955242 0.845861 0.977288 0.793334 0.978757 0.84519 0.955242 0.845861 0.953767 0.793995 0.977288 0.793334 0.950453 0.496001 0.975221 0.444747 0.974728 0.49622 0.950453 0.496001 0.950929 0.444511 0.975221 0.444747 0.952754 0.755842 0.9526 0.749124 0.976223 0.748632 0.952754 0.755842 0.976223 0.748632 0.976358 0.755322 0.952916 0.762589 0.952754 0.755842 0.976358 0.755322 0.952916 0.762589 0.976358 0.755322 0.976502 0.76204 0.953083 0.769245 0.952916 0.762589 0.976502 0.76204 0.953083 0.769245 0.976502 0.76204 0.976654 0.768668 0.976654 0.768668 0.95325 0.775593 0.953083 0.769245 0.976654 0.768668 0.976805 0.774991 0.95325 0.775593 0.976805 0.774991 0.95342 0.781818 0.95325 0.775593 0.976805 0.774991 0.976961 0.781193 0.95342 0.781818 0.953591 0.787904 0.95342 0.781818 0.976961 0.781193 0.953591 0.787904 0.976961 0.781193 0.977121 0.787259 0.953767 0.793995 0.953591 0.787904 0.977121 0.787259 0.953767 0.793995 0.977121 0.787259 0.977288 0.793334 0.975518 0.699677 0.9517 0.696289 0.975485 0.696038 0.975518 0.699677 0.951742 0.699942 0.9517 0.696289 0.951807 0.705064 0.951742 0.699942 0.975518 0.699677 0.951807 0.705064 0.975518 0.699677 0.975567 0.704776 0.951881 0.710266 0.951807 0.705064 0.975567 0.704776 0.951881 0.710266 0.975567 0.704776 0.975624 0.709955 0.951969 0.716072 0.951881 0.710266 0.975624 0.709955 0.951969 0.716072 0.975624 0.709955 0.975693 0.715732 0.952078 0.722649 0.951969 0.716072 0.975693 0.715732 0.952078 0.722649 0.975693 0.715732 0.97578 0.722279 0.952198 0.729365 0.952078 0.722649 0.97578 0.722279 0.952198 0.729365 0.97578 0.722279 0.975879 0.728964 0.975879 0.728964 0.952327 0.736076 0.952198 0.729365 0.975879 0.728964 0.975987 0.735645 0.952327 0.736076 0.975987 0.735645 0.95246 0.742646 0.952327 0.736076 0.975987 0.735645 0.976101 0.742184 0.95246 0.742646 0.976101 0.742184 0.9526 0.749124 0.95246 0.742646 0.976101 0.742184 0.976223 0.748632 0.9526 0.749124 0.448104 0.606189 0.443021 0.615001 0.443021 0.615001 0.448104 0.606189 0.448104 0.606189 0.443021 0.615001 0.4498 0.596423 0.448104 0.606189 0.448104 0.606189 0.4498 0.596423 0.4498 0.596423 0.448104 0.606189 0.448111 0.586676 0.4498 0.596423 0.4498 0.596423 0.448111 0.586676 0.448111 0.586676 0.4498 0.596423 0.443094 0.577935 0.448111 0.586676 0.448111 0.586676 0.443094 0.577935 0.443094 0.577935 0.448111 0.586676 0.434954 0.571144 0.443094 0.577935 0.443094 0.577935 0.434954 0.571144 0.434954 0.571144 0.443094 0.577935 0.421032 0.565685 0.434954 0.571144 0.434954 0.571144 0.421032 0.565685 0.421032 0.565685 0.434954 0.571144 0.393084 0.588442 0.401069 0.571867 0.401069 0.571867 0.393084 0.588442 0.393084 0.588442 0.401069 0.571867 0.391977 0.595692 0.393084 0.588442 0.393084 0.588442 0.391977 0.595692 0.391977 0.595692 0.393084 0.588442 0.393609 0.605914 0.391977 0.595692 0.391977 0.595692 0.393609 0.605914 0.393609 0.605914 0.391977 0.595692 0.398771 0.614997 0.393609 0.605914 0.393609 0.605914 0.398771 0.614997 0.398771 0.614997 0.393609 0.605914 0.40637 0.62141 0.398771 0.614997 0.398771 0.614997 0.40637 0.62141 0.40637 0.62141 0.398771 0.614997 0.415615 0.624841 0.40637 0.62141 0.40637 0.62141 0.415615 0.624841 0.415615 0.624841 0.40637 0.62141 0.425628 0.624939 0.415615 0.624841 0.415615 0.624841 0.425628 0.624939 0.425628 0.624939 0.415615 0.624841 0.434882 0.621713 0.425628 0.624939 0.425628 0.624939 0.434882 0.621713 0.434882 0.621713 0.425628 0.624939 0.443021 0.615001 0.434882 0.621713 0.434882 0.621713 0.443021 0.615001 0.443021 0.615001 0.434882 0.621713 0.957309 0.916811 0.980637 0.910042 0.98082 0.916104 0.957309 0.916811 0.957128 0.910745 0.980637 0.910042 0.957128 0.910745 0.980454 0.903925 0.980637 0.910042 0.957128 0.910745 0.956946 0.904624 0.980454 0.903925 0.956946 0.904624 0.980265 0.897555 0.980454 0.903925 0.956946 0.904624 0.956757 0.898248 0.980265 0.897555 0.980081 0.891336 0.980265 0.897555 0.956757 0.898248 0.980081 0.891336 0.956757 0.898248 0.956573 0.892025 0.956573 0.892025 0.979944 0.886599 0.980081 0.891336 0.956573 0.892025 0.956434 0.887283 0.979944 0.886599 0.956434 0.887283 0.97978 0.880897 0.979944 0.886599 0.956434 0.887283 0.956268 0.881574 0.97978 0.880897 0.98233 0.965702 0.982489 0.970943 0.958963 0.971656 0.98233 0.965702 0.958963 0.971656 0.958804 0.966416 0.982136 0.959346 0.98233 0.965702 0.958804 0.966416 0.982136 0.959346 0.958804 0.966416 0.958611 0.96006 0.958611 0.96006 0.981947 0.95315 0.982136 0.959346 0.958611 0.96006 0.958424 0.953864 0.981947 0.95315 0.958424 0.953864 0.981762 0.947064 0.981947 0.95315 0.958424 0.953864 0.95824 0.947777 0.981762 0.947064 0.95824 0.947777 0.981576 0.940965 0.981762 0.947064 0.95824 0.947777 0.958056 0.941678 0.981576 0.940965 0.981385 0.934717 0.981576 0.940965 0.958056 0.941678 0.981385 0.934717 0.958056 0.941678 0.957868 0.935428 0.957868 0.935428 0.98119 0.928294 0.981385 0.934717 0.957868 0.935428 0.957675 0.929004 0.98119 0.928294 0.957675 0.929004 0.981006 0.922235 0.98119 0.928294 0.957675 0.929004 0.957492 0.922943 0.981006 0.922235 0.957492 0.922943 0.98082 0.916104 0.981006 0.922235 0.957492 0.922943 0.957309 0.916811 0.98082 0.916104 0.852652 0.605706 0.588468 0.614484 0.578971 0.604929 0.852652 0.605706 0.843124 0.615207 0.588468 0.614484 0.235158 0.367589 0.18602 0.367698 0.235158 0.367589 0.235158 0.367589 0.18602 0.367698 0.18602 0.367698 0.18602 0.367698 0.1467829 0.366737 0.18602 0.367698 0.18602 0.367698 0.1467829 0.366737 0.1467829 0.366737 0.1467829 0.366737 0.131411 0.365286 0.1467829 0.366737 0.1467829 0.366737 0.131411 0.365286 0.131411 0.365286 0.131411 0.365286 0.119288 0.363022 0.131411 0.365286 0.131411 0.365286 0.119288 0.363022 0.119288 0.363022 0.119288 0.363022 0.1062999 0.357606 0.119288 0.363022 0.119288 0.363022 0.1062999 0.357606 0.1062999 0.357606 0.1062999 0.357606 0.09926396 0.351101 0.1062999 0.357606 0.1062999 0.357606 0.09926396 0.351101 0.09926396 0.351101 0.09926396 0.351101 0.09157699 0.337845 0.09926396 0.351101 0.09926396 0.351101 0.09157699 0.337845 0.09157699 0.337845 0.09157699 0.337845 0.08881098 0.326211 0.09157699 0.337845 0.09157699 0.337845 0.08881098 0.326211 0.08881098 0.326211 0.08881098 0.326211 0.08881098 0.304847 0.08881098 0.326211 0.08881098 0.326211 0.08881098 0.304847 0.08881098 0.304847 0.388541 0.303995 0.388625 0.329475 0.388541 0.303995 0.388541 0.303995 0.388625 0.329475 0.388625 0.329475 0.388625 0.329475 0.386439 0.336506 0.388625 0.329475 0.388625 0.329475 0.386439 0.336506 0.386439 0.336506 0.386439 0.336506 0.379564 0.34685 0.386439 0.336506 0.386439 0.336506 0.379564 0.34685 0.379564 0.34685 0.379564 0.34685 0.367496 0.357069 0.379564 0.34685 0.379564 0.34685 0.367496 0.357069 0.367496 0.357069 0.367496 0.357069 0.352356 0.363166 0.367496 0.357069 0.367496 0.357069 0.352356 0.363166 0.352356 0.363166 0.352356 0.363166 0.340529 0.365355 0.352356 0.363166 0.352356 0.363166 0.340529 0.365355 0.340529 0.365355 0.340529 0.365355 0.325551 0.366762 0.340529 0.365355 0.340529 0.365355 0.325551 0.366762 0.325551 0.366762 0.325551 0.366762 0.286402 0.367713 0.325551 0.366762 0.325551 0.366762 0.286402 0.367713 0.286402 0.367713 0.286402 0.367713 0.235158 0.367589 0.286402 0.367713 0.286402 0.367713 0.235158 0.367589 0.235158 0.367589 0.08881098 0.304847 0.388541 0.303995 0.08881098 0.304847 0.08881098 0.304847 0.388541 0.303995 0.388541 0.303995 0.148566 0.483935 0.07336795 0.569721 0.148566 0.483935 0.148566 0.483935 0.07336795 0.569721 0.07336795 0.569721 0.174265 0.625547 0.148566 0.483935 0.174265 0.625547 0.174265 0.625547 0.148566 0.483935 0.148566 0.483935 0.1599889 0.683599 0.152398 0.675452 0.1599889 0.683599 0.1599889 0.683599 0.152398 0.675452 0.152398 0.675452 0.152398 0.675452 0.148239 0.6653 0.152398 0.675452 0.152398 0.675452 0.148239 0.6653 0.148239 0.6653 0.148239 0.6653 0.14789 0.65447 0.148239 0.6653 0.148239 0.6653 0.14789 0.65447 0.14789 0.65447 0.14789 0.65447 0.150946 0.644937 0.14789 0.65447 0.14789 0.65447 0.150946 0.644937 0.150946 0.644937 0.150946 0.644937 0.157394 0.636465 0.150946 0.644937 0.150946 0.644937 0.157394 0.636465 0.157394 0.636465 0.157394 0.636465 0.174265 0.625547 0.157394 0.636465 0.157394 0.636465 0.174265 0.625547 0.174265 0.625547 0.194945 0.630906 0.204843 0.643354 0.194945 0.630906 0.194945 0.630906 0.204843 0.643354 0.204843 0.643354 0.204843 0.643354 0.208106 0.651279 0.204843 0.643354 0.204843 0.643354 0.208106 0.651279 0.208106 0.651279 0.208106 0.651279 0.208967 0.661043 0.208106 0.651279 0.208106 0.651279 0.208967 0.661043 0.208967 0.661043 0.208967 0.661043 0.2063069 0.671574 0.208967 0.661043 0.208967 0.661043 0.2063069 0.671574 0.2063069 0.671574 0.2063069 0.671574 0.200024 0.680651 0.2063069 0.671574 0.2063069 0.671574 0.200024 0.680651 0.200024 0.680651 0.200024 0.680651 0.19095 0.68694 0.200024 0.680651 0.200024 0.680651 0.19095 0.68694 0.19095 0.68694 0.19095 0.68694 0.180501 0.689586 0.19095 0.68694 0.19095 0.68694 0.180501 0.689586 0.180501 0.689586 0.180501 0.689586 0.169939 0.688508 0.180501 0.689586 0.180501 0.689586 0.169939 0.688508 0.169939 0.688508 0.169939 0.688508 0.1599889 0.683599 0.169939 0.688508 0.169939 0.688508 0.1599889 0.683599 0.1599889 0.683599 0.238747 0.479835 0.194945 0.630906 0.238747 0.479835 0.238747 0.479835 0.194945 0.630906 0.194945 0.630906 0.290373 0.630554 0.238747 0.479835 0.290373 0.630554 0.290373 0.630554 0.238747 0.479835 0.238747 0.479835 0.288669 0.689841 0.279518 0.683665 0.288669 0.689841 0.288669 0.689841 0.279518 0.683665 0.279518 0.683665 0.279518 0.683665 0.273124 0.674666 0.279518 0.683665 0.279518 0.683665 0.273124 0.674666 0.273124 0.674666 0.273124 0.674666 0.270327 0.664152 0.273124 0.674666 0.273124 0.674666 0.270327 0.664152 0.270327 0.664152 0.270327 0.664152 0.270998 0.654683 0.270327 0.664152 0.270327 0.664152 0.270998 0.654683 0.270998 0.654683 0.270998 0.654683 0.274019 0.646799 0.270998 0.654683 0.270998 0.654683 0.274019 0.646799 0.274019 0.646799 0.274019 0.646799 0.279177 0.639904 0.274019 0.646799 0.274019 0.646799 0.279177 0.639904 0.279177 0.639904 0.279177 0.639904 0.290373 0.630554 0.279177 0.639904 0.279177 0.639904 0.290373 0.630554 0.290373 0.630554 0.306363 0.628705 0.32215 0.639404 0.306363 0.628705 0.306363 0.628705 0.32215 0.639404 0.32215 0.639404 0.32215 0.639404 0.328208 0.647417 0.32215 0.639404 0.32215 0.639404 0.328208 0.647417 0.328208 0.647417 0.328208 0.647417 0.331384 0.657201 0.328208 0.647417 0.328208 0.647417 0.331384 0.657201 0.331384 0.657201 0.331384 0.657201 0.33112 0.667647 0.331384 0.657201 0.331384 0.657201 0.33112 0.667647 0.33112 0.667647 0.33112 0.667647 0.327075 0.677883 0.33112 0.667647 0.33112 0.667647 0.327075 0.677883 0.327075 0.677883 0.327075 0.677883 0.319582 0.686121 0.327075 0.677883 0.327075 0.677883 0.319582 0.686121 0.319582 0.686121 0.319582 0.686121 0.309698 0.69115 0.319582 0.686121 0.319582 0.686121 0.309698 0.69115 0.309698 0.69115 0.309698 0.69115 0.299162 0.692358 0.309698 0.69115 0.309698 0.69115 0.299162 0.692358 0.299162 0.692358 0.299162 0.692358 0.288669 0.689841 0.299162 0.692358 0.299162 0.692358 0.288669 0.689841 0.288669 0.689841 0.329561 0.480417 0.306363 0.628705 0.329561 0.480417 0.329561 0.480417 0.306363 0.628705 0.306363 0.628705 0.401069 0.568468 0.329561 0.480417 0.401069 0.568468 0.401069 0.568468 0.329561 0.480417 0.329561 0.480417 0.358581 0.404455 0.421032 0.562286 0.358581 0.404455 0.358581 0.404455 0.421032 0.562286 0.421032 0.562286 0.118411 0.403698 0.167713 0.408615 0.118411 0.403698 0.118411 0.403698 0.167713 0.408615 0.167713 0.408615 0.167713 0.408615 0.212951 0.40922 0.167713 0.408615 0.167713 0.408615 0.212951 0.40922 0.212951 0.40922 0.212951 0.40922 0.257872 0.410184 0.212951 0.40922 0.212951 0.40922 0.257872 0.410184 0.257872 0.410184 0.257872 0.410184 0.317224 0.407715 0.257872 0.410184 0.257872 0.410184 0.317224 0.407715 0.317224 0.407715 0.317224 0.407715 0.358581 0.404455 0.317224 0.407715 0.317224 0.407715 0.358581 0.404455 0.358581 0.404455 0.05913197 0.564367 0.118411 0.403698 0.05913197 0.564367 0.05913197 0.564367 0.118411 0.403698 0.118411 0.403698 0.583285 0.07479995 0.84747 0.08357799 0.592814 0.08430099 0.583285 0.07479995 0.856966 0.07402199 0.84747 0.08357799 0.08881098 0.308246 0.388541 0.307394 0.388541 0.307394 0.08881098 0.308246 0.08881098 0.308246 0.388541 0.307394 0.148566 0.487335 0.07336795 0.573121 0.07336795 0.573121 0.148566 0.487335 0.148566 0.487335 0.07336795 0.573121 0.174265 0.628947 0.148566 0.487335 0.148566 0.487335 0.174265 0.628947 0.174265 0.628947 0.148566 0.487335 0.238747 0.483234 0.194945 0.634305 0.194945 0.634305 0.238747 0.483234 0.238747 0.483234 0.194945 0.634305 0.238747 0.479835 0.317224 0.407715 0.257872 0.410184 0.238747 0.479835 0.257872 0.410184 0.212951 0.40922 0.238747 0.479835 0.212951 0.40922 0.167713 0.408615 0.194945 0.630906 0.238747 0.479835 0.167713 0.408615 0.208967 0.661043 0.208106 0.651279 0.204843 0.643354 0.204843 0.643354 0.2063069 0.671574 0.208967 0.661043 0.204843 0.643354 0.200024 0.680651 0.2063069 0.671574 0.204843 0.643354 0.19095 0.68694 0.200024 0.680651 0.204843 0.643354 0.180501 0.689586 0.19095 0.68694 0.204843 0.643354 0.169939 0.688508 0.180501 0.689586 0.204843 0.643354 0.1599889 0.683599 0.169939 0.688508 0.204843 0.643354 0.152398 0.675452 0.1599889 0.683599 0.204843 0.643354 0.148239 0.6653 0.152398 0.675452 0.204843 0.643354 0.14789 0.65447 0.148239 0.6653 0.204843 0.643354 0.150946 0.644937 0.14789 0.65447 0.204843 0.643354 0.157394 0.636465 0.150946 0.644937 0.204843 0.643354 0.194945 0.630906 0.157394 0.636465 0.194945 0.630906 0.174265 0.625547 0.157394 0.636465 0.194945 0.630906 0.148566 0.483935 0.174265 0.625547 0.194945 0.630906 0.167713 0.408615 0.148566 0.483935 0.167713 0.408615 0.05913197 0.564367 0.148566 0.483935 0.167713 0.408615 0.118411 0.403698 0.05913197 0.564367 0.05913197 0.564367 0.07336795 0.569721 0.148566 0.483935 0.05913197 0.564367 0.08179098 0.587716 0.07336795 0.569721 0.05913197 0.564367 0.08263695 0.596757 0.08179098 0.587716 0.05913197 0.564367 0.08016598 0.60666 0.08263695 0.596757 0.05913197 0.564367 0.07428097 0.615215 0.08016598 0.60666 0.05913197 0.564367 0.065764 0.621154 0.07428097 0.615215 0.05913197 0.564367 0.05594795 0.623671 0.065764 0.621154 0.05913197 0.564367 0.04601395 0.622685 0.05594795 0.623671 0.05913197 0.564367 0.04371798 0.567784 0.04601395 0.622685 0.04371798 0.567784 0.03482598 0.573101 0.04601395 0.622685 0.03482598 0.573101 0.028472 0.58096 0.04601395 0.622685 0.028472 0.58096 0.02519994 0.590729 0.04601395 0.622685 0.02519994 0.590729 0.025545 0.600924 0.04601395 0.622685 0.025545 0.600924 0.02947998 0.610452 0.04601395 0.622685 0.02947998 0.610452 0.036641 0.618094 0.04601395 0.622685 0.238747 0.479835 0.306363 0.628705 0.329561 0.480417 0.306363 0.628705 0.238747 0.479835 0.290373 0.630554 0.32215 0.639404 0.306363 0.628705 0.290373 0.630554 0.32215 0.639404 0.290373 0.630554 0.279177 0.639904 0.328208 0.647417 0.32215 0.639404 0.279177 0.639904 0.331384 0.657201 0.328208 0.647417 0.279177 0.639904 0.33112 0.667647 0.331384 0.657201 0.279177 0.639904 0.327075 0.677883 0.33112 0.667647 0.279177 0.639904 0.319582 0.686121 0.327075 0.677883 0.279177 0.639904 0.309698 0.69115 0.319582 0.686121 0.279177 0.639904 0.299162 0.692358 0.309698 0.69115 0.279177 0.639904 0.288669 0.689841 0.299162 0.692358 0.279177 0.639904 0.279518 0.683665 0.288669 0.689841 0.279177 0.639904 0.273124 0.674666 0.279518 0.683665 0.279177 0.639904 0.270327 0.664152 0.273124 0.674666 0.279177 0.639904 0.270998 0.654683 0.270327 0.664152 0.279177 0.639904 0.279177 0.639904 0.274019 0.646799 0.270998 0.654683 0.393084 0.585042 0.391977 0.592293 0.393609 0.602514 0.393609 0.602514 0.398771 0.611597 0.393084 0.585042 0.398771 0.611597 0.40637 0.618011 0.393084 0.585042 0.40637 0.618011 0.415615 0.621442 0.393084 0.585042 0.415615 0.621442 0.425628 0.62154 0.393084 0.585042 0.425628 0.62154 0.434882 0.618314 0.393084 0.585042 0.434882 0.618314 0.443021 0.611602 0.393084 0.585042 0.443021 0.611602 0.448104 0.602789 0.393084 0.585042 0.448104 0.602789 0.4498 0.593024 0.393084 0.585042 0.4498 0.593024 0.448111 0.583277 0.393084 0.585042 0.448111 0.583277 0.443094 0.574535 0.393084 0.585042 0.443094 0.574535 0.434954 0.567744 0.393084 0.585042 0.434954 0.567744 0.421032 0.562286 0.393084 0.585042 0.421032 0.562286 0.401069 0.568468 0.393084 0.585042 0.421032 0.562286 0.329561 0.480417 0.401069 0.568468 0.329561 0.480417 0.421032 0.562286 0.358581 0.404455 0.329561 0.480417 0.358581 0.404455 0.317224 0.407715 0.238747 0.479835 0.329561 0.480417 0.317224 0.407715 0.950318 0.535973 0.974435 0.529158 0.9744 0.536017 0.950318 0.535973 0.950318 0.52908 0.974435 0.529158 0.950318 0.52908 0.97448 0.522376 0.974435 0.529158 0.950318 0.52908 0.950326 0.522266 0.97448 0.522376 0.974533 0.515695 0.97448 0.522376 0.950326 0.522266 0.974533 0.515695 0.950326 0.522266 0.950344 0.515554 0.950344 0.515554 0.97459 0.509419 0.974533 0.515695 0.950344 0.515554 0.950369 0.509249 0.97459 0.509419 0.950369 0.509249 0.974656 0.502835 0.97459 0.509419 0.950369 0.509249 0.950406 0.502639 0.974656 0.502835 0.950406 0.502639 0.974728 0.49622 0.974656 0.502835 0.950406 0.502639 0.950453 0.496001 0.974728 0.49622 0.950672 0.592828 0.974448 0.587409 0.974486 0.592612 0.950672 0.592828 0.950615 0.587604 0.974448 0.587409 0.974417 0.582122 0.974448 0.587409 0.950615 0.587604 0.974417 0.582122 0.950615 0.587604 0.950561 0.582296 0.974389 0.576143 0.974417 0.582122 0.950561 0.582296 0.974389 0.576143 0.950561 0.582296 0.950506 0.57629 0.974367 0.569541 0.974389 0.576143 0.950506 0.57629 0.974367 0.569541 0.950506 0.57629 0.950454 0.569657 0.974355 0.562788 0.974367 0.569541 0.950454 0.569657 0.974355 0.562788 0.950454 0.569657 0.950409 0.562872 0.950409 0.562872 0.974351 0.556027 0.974355 0.562788 0.950409 0.562872 0.950373 0.556079 0.974351 0.556027 0.950373 0.556079 0.974358 0.549398 0.974351 0.556027 0.950373 0.556079 0.950346 0.549418 0.974358 0.549398 0.950346 0.549418 0.974374 0.542836 0.974358 0.549398 0.950346 0.549418 0.950328 0.542824 0.974374 0.542836 0.9744 0.536017 0.974374 0.542836 0.950328 0.542824 0.9744 0.536017 0.950328 0.542824 0.950318 0.535973 0.952067 0.348138 0.976623 0.342003 0.976496 0.348576 0.952067 0.348138 0.952182 0.341547 0.976623 0.342003 0.976754 0.335488 0.976623 0.342003 0.952182 0.341547 0.976754 0.335488 0.952182 0.341547 0.952301 0.335012 0.952301 0.335012 0.97689 0.328925 0.976754 0.335488 0.952301 0.335012 0.952426 0.328432 0.97689 0.328925 0.952426 0.328432 0.977028 0.322463 0.97689 0.328925 0.952426 0.328432 0.952555 0.321953 0.977028 0.322463 0.952555 0.321953 0.977171 0.315975 0.977028 0.322463 0.952555 0.321953 0.952689 0.315451 0.977171 0.315975 0.952689 0.315451 0.977289 0.310715 0.977171 0.315975 0.952689 0.315451 0.952802 0.310181 0.977289 0.310715 0.951304 0.406503 0.975688 0.400169 0.975611 0.406757 0.951304 0.406503 0.951367 0.399897 0.975688 0.400169 0.951367 0.399897 0.975762 0.394282 0.975688 0.400169 0.951367 0.399897 0.951428 0.393992 0.975762 0.394282 0.975849 0.387844 0.975762 0.394282 0.951428 0.393992 0.975849 0.387844 0.951428 0.393992 0.951501 0.387532 0.975943 0.381265 0.975849 0.387844 0.951501 0.387532 0.975943 0.381265 0.951501 0.387532 0.951581 0.380931 0.951581 0.380931 0.976044 0.374682 0.975943 0.381265 0.951581 0.380931 0.951667 0.374326 0.976044 0.374682 0.951667 0.374326 0.976147 0.368234 0.976044 0.374682 0.951667 0.374326 0.951757 0.367858 0.976147 0.368234 0.951757 0.367858 0.976256 0.361855 0.976147 0.368234 0.951757 0.367858 0.951852 0.361458 0.976256 0.361855 0.976373 0.355232 0.976256 0.361855 0.951852 0.361458 0.976373 0.355232 0.951852 0.361458 0.951957 0.354814 0.951957 0.354814 0.976496 0.348576 0.976373 0.355232 0.951957 0.354814 0.952067 0.348138 0.976496 0.348576 0.317224 0.411114 0.358581 0.407855 0.358581 0.407855 0.317224 0.411114 0.317224 0.411114 0.358581 0.407855 0.257872 0.413584 0.317224 0.411114 0.317224 0.411114 0.257872 0.413584 0.257872 0.413584 0.317224 0.411114 0.212951 0.412619 0.257872 0.413584 0.257872 0.413584 0.212951 0.412619 0.212951 0.412619 0.257872 0.413584 0.167713 0.412015 0.212951 0.412619 0.212951 0.412619 0.167713 0.412015 0.167713 0.412015 0.212951 0.412619 0.118411 0.407098 0.167713 0.412015 0.167713 0.412015 0.118411 0.407098 0.118411 0.407098 0.167713 0.412015 0.02947998 0.610452 0.025545 0.600924 0.02947998 0.610452 0.02947998 0.610452 0.025545 0.600924 0.025545 0.600924 0.025545 0.600924 0.02519994 0.590729 0.025545 0.600924 0.025545 0.600924 0.02519994 0.590729 0.02519994 0.590729 0.02519994 0.590729 0.028472 0.58096 0.02519994 0.590729 0.02519994 0.590729 0.028472 0.58096 0.028472 0.58096 0.028472 0.58096 0.03482598 0.573101 0.028472 0.58096 0.028472 0.58096 0.03482598 0.573101 0.03482598 0.573101 0.03482598 0.573101 0.04371798 0.567784 0.03482598 0.573101 0.03482598 0.573101 0.04371798 0.567784 0.04371798 0.567784 0.04371798 0.567784 0.05913197 0.564367 0.04371798 0.567784 0.04371798 0.567784 0.05913197 0.564367 0.05913197 0.564367 0.07336795 0.569721 0.08179098 0.587716 0.07336795 0.569721 0.07336795 0.569721 0.08179098 0.587716 0.08179098 0.587716 0.08179098 0.587716 0.08263695 0.596757 0.08179098 0.587716 0.08179098 0.587716 0.08263695 0.596757 0.08263695 0.596757 0.08263695 0.596757 0.08016598 0.60666 0.08263695 0.596757 0.08263695 0.596757 0.08016598 0.60666 0.08016598 0.60666 0.08016598 0.60666 0.07428097 0.615215 0.08016598 0.60666 0.08016598 0.60666 0.07428097 0.615215 0.07428097 0.615215 0.07428097 0.615215 0.065764 0.621154 0.07428097 0.615215 0.07428097 0.615215 0.065764 0.621154 0.065764 0.621154 0.065764 0.621154 0.05594795 0.623671 0.065764 0.621154 0.065764 0.621154 0.05594795 0.623671 0.05594795 0.623671 0.05594795 0.623671 0.04601395 0.622685 0.05594795 0.623671 0.05594795 0.623671 0.04601395 0.622685 0.04601395 0.622685 0.04601395 0.622685 0.036641 0.618094 0.04601395 0.622685 0.04601395 0.622685 0.036641 0.618094 0.036641 0.618094 0.036641 0.618094 0.02947998 0.610452 0.036641 0.618094 0.036641 0.618094 0.02947998 0.610452 0.02947998 0.610452 0.415615 0.621442 0.40637 0.618011 0.415615 0.621442 0.415615 0.621442 0.40637 0.618011 0.40637 0.618011 0.40637 0.618011 0.398771 0.611597 0.40637 0.618011 0.40637 0.618011 0.398771 0.611597 0.398771 0.611597 0.398771 0.611597 0.393609 0.602514 0.398771 0.611597 0.398771 0.611597 0.393609 0.602514 0.393609 0.602514 0.393609 0.602514 0.391977 0.592293 0.393609 0.602514 0.393609 0.602514 0.391977 0.592293 0.391977 0.592293 0.391977 0.592293 0.393084 0.585042 0.391977 0.592293 0.391977 0.592293 0.393084 0.585042 0.393084 0.585042 0.393084 0.585042 0.401069 0.568468 0.393084 0.585042 0.393084 0.585042 0.401069 0.568468 0.401069 0.568468 0.421032 0.562286 0.434954 0.567744 0.421032 0.562286 0.421032 0.562286 0.434954 0.567744 0.434954 0.567744 0.434954 0.567744 0.443094 0.574535 0.434954 0.567744 0.434954 0.567744 0.443094 0.574535 0.443094 0.574535 0.443094 0.574535 0.448111 0.583277 0.443094 0.574535 0.443094 0.574535 0.448111 0.583277 0.448111 0.583277 0.448111 0.583277 0.4498 0.593024 0.448111 0.583277 0.448111 0.583277 0.4498 0.593024 0.4498 0.593024 0.4498 0.593024 0.448104 0.602789 0.4498 0.593024 0.4498 0.593024 0.448104 0.602789 0.448104 0.602789 0.448104 0.602789 0.443021 0.611602 0.448104 0.602789 0.448104 0.602789 0.443021 0.611602 0.443021 0.611602 0.443021 0.611602 0.434882 0.618314 0.443021 0.611602 0.443021 0.611602 0.434882 0.618314 0.434882 0.618314 0.434882 0.618314 0.425628 0.62154 0.434882 0.618314 0.434882 0.618314 0.425628 0.62154 0.425628 0.62154 0.425628 0.62154 0.415615 0.621442 0.425628 0.62154 0.425628 0.62154 0.415615 0.621442 0.415615 0.621442 0.664991 0.954103 0.655454 0.943418 0.664405 0.944444 0.664991 0.954103 0.652663 0.952689 0.655454 0.943418 0.647056 0.939145 0.655454 0.943418 0.652663 0.952689 0.647056 0.939145 0.652663 0.952689 0.64118 0.946847 0.632469 0.937268 0.647056 0.939145 0.64118 0.946847 0.632469 0.937268 0.640691 0.932146 0.647056 0.939145 0.627771 0.92538 0.640691 0.932146 0.632469 0.937268 0.627771 0.92538 0.637253 0.92345 0.640691 0.932146 0.627463 0.913184 0.637253 0.92345 0.627771 0.92538 0.627463 0.913184 0.637029 0.914574 0.637253 0.92345 0.631159 0.901795 0.637029 0.914574 0.627463 0.913184 0.631159 0.901795 0.639727 0.906262 0.637029 0.914574 0.638224 0.89245 0.639727 0.906262 0.631159 0.901795 0.638224 0.89245 0.644875 0.899454 0.639727 0.906262 0.644875 0.899454 0.638224 0.89245 0.64794 0.885866 0.644875 0.899454 0.64794 0.885866 0.658288 0.890364 0.658288 0.890364 0.64794 0.885866 0.632474 0.787006 0.658288 0.890364 0.632474 0.787006 0.638578 0.764375 0.981159 0.136533 0.957172 0.113243 0.981672 0.113796 0.981159 0.136533 0.95666 0.13598 0.957172 0.113243 0.980549 0.1635259 0.95666 0.13598 0.981159 0.136533 0.980549 0.1635259 0.956051 0.1629739 0.95666 0.13598 0.980088 0.183993 0.956051 0.1629739 0.980549 0.1635259 0.980088 0.183993 0.955592 0.183445 0.956051 0.1629739 0.979627 0.204541 0.955592 0.183445 0.980088 0.183993 0.979627 0.204541 0.955134 0.203997 0.955592 0.183445 0.954549 0.230478 0.955134 0.203997 0.979627 0.204541 0.954549 0.230478 0.979627 0.204541 0.979039 0.2310169 0.671873 0.891935 0.715736 0.763881 0.71498 0.795491 0.671873 0.891935 0.71498 0.795491 0.683011 0.888822 0.681385 0.899879 0.671873 0.891935 0.683011 0.888822 0.681385 0.899879 0.683011 0.888822 0.688348 0.893279 0.688348 0.893279 0.685768 0.905737 0.681385 0.899879 0.688348 0.893279 0.694191 0.90109 0.685768 0.905737 0.694191 0.90109 0.688334 0.912435 0.685768 0.905737 0.694191 0.90109 0.697739 0.910348 0.688334 0.912435 0.697739 0.910348 0.688904 0.92048 0.688334 0.912435 0.697739 0.910348 0.698521 0.921392 0.688904 0.92048 0.698521 0.921392 0.686528 0.929413 0.688904 0.92048 0.698521 0.921392 0.695294 0.933527 0.686528 0.929413 0.681095 0.937058 0.686528 0.929413 0.695294 0.933527 0.681095 0.937058 0.695294 0.933527 0.68786 0.943988 0.677221 0.951169 0.681095 0.937058 0.68786 0.943988 0.677221 0.951169 0.67332 0.942306 0.681095 0.937058 0.664991 0.954103 0.67332 0.942306 0.677221 0.951169 0.664991 0.954103 0.664405 0.944444 0.67332 0.942306 0.065764 0.624554 0.05594795 0.62707 0.05594795 0.62707 0.065764 0.624554 0.065764 0.624554 0.05594795 0.62707 0.07428097 0.618614 0.065764 0.624554 0.065764 0.624554 0.07428097 0.618614 0.07428097 0.618614 0.065764 0.624554 0.08016598 0.61006 0.07428097 0.618614 0.07428097 0.618614 0.08016598 0.61006 0.08016598 0.61006 0.07428097 0.618614 0.08263695 0.600156 0.08016598 0.61006 0.08016598 0.61006 0.08263695 0.600156 0.08263695 0.600156 0.08016598 0.61006 0.08179098 0.591115 0.08263695 0.600156 0.08263695 0.600156 0.08179098 0.591115 0.08179098 0.591115 0.08263695 0.600156 0.07336795 0.573121 0.08179098 0.591115 0.08179098 0.591115 0.07336795 0.573121 0.07336795 0.573121 0.08179098 0.591115 0.04371798 0.571184 0.05913197 0.567766 0.05913197 0.567766 0.04371798 0.571184 0.04371798 0.571184 0.05913197 0.567766 0.03482598 0.576501 0.04371798 0.571184 0.04371798 0.571184 0.03482598 0.576501 0.03482598 0.576501 0.04371798 0.571184 0.028472 0.58436 0.03482598 0.576501 0.03482598 0.576501 0.028472 0.58436 0.028472 0.58436 0.03482598 0.576501 0.02519994 0.594129 0.028472 0.58436 0.028472 0.58436 0.02519994 0.594129 0.02519994 0.594129 0.028472 0.58436 0.025545 0.604323 0.02519994 0.594129 0.02519994 0.594129 0.025545 0.604323 0.025545 0.604323 0.02519994 0.594129 0.02947998 0.613852 0.025545 0.604323 0.025545 0.604323 0.02947998 0.613852 0.02947998 0.613852 0.025545 0.604323 0.036641 0.621493 0.02947998 0.613852 0.02947998 0.613852 0.036641 0.621493 0.036641 0.621493 0.02947998 0.613852 0.04601395 0.626085 0.036641 0.621493 0.036641 0.621493 0.04601395 0.626085 0.04601395 0.626085 0.036641 0.621493 0.05594795 0.62707 0.04601395 0.626085 0.04601395 0.626085 0.05594795 0.62707 0.05594795 0.62707 0.04601395 0.626085 0.756345 0.939841 0.765222 0.94209 0.764515 0.95174 0.756345 0.939841 0.764515 0.95174 0.752334 0.948655 0.748635 0.934498 0.756345 0.939841 0.752334 0.948655 0.748635 0.934498 0.752334 0.948655 0.741785 0.941344 0.734481 0.930791 0.748635 0.934498 0.741785 0.941344 0.734481 0.930791 0.743297 0.926786 0.748635 0.934498 0.731404 0.918608 0.743297 0.926786 0.734481 0.930791 0.731404 0.918608 0.741037 0.917838 0.743297 0.926786 0.732404 0.907259 0.741037 0.917838 0.731404 0.918608 0.732404 0.907259 0.741768 0.909543 0.741037 0.917838 0.736244 0.897935 0.741768 0.909543 0.732404 0.907259 0.736244 0.897935 0.744541 0.90281 0.741768 0.909543 0.744541 0.90281 0.736244 0.897935 0.742428 0.890158 0.744541 0.90281 0.742428 0.890158 0.752951 0.892234 0.752951 0.892234 0.742428 0.890158 0.71498 0.795491 0.752951 0.892234 0.71498 0.795491 0.715736 0.763881 0.77052 0.887681 0.792355 0.767365 0.798205 0.788493 0.77052 0.887681 0.798205 0.788493 0.78103 0.883133 0.78103 0.883133 0.784854 0.896957 0.77052 0.887681 0.78103 0.883133 0.791428 0.889862 0.784854 0.896957 0.798907 0.899686 0.784854 0.896957 0.791428 0.889862 0.798907 0.899686 0.790333 0.904154 0.784854 0.896957 0.798907 0.899686 0.792929 0.912254 0.790333 0.904154 0.798907 0.899686 0.802505 0.910915 0.792929 0.912254 0.792632 0.921456 0.792929 0.912254 0.802505 0.910915 0.792632 0.921456 0.802505 0.910915 0.802101 0.923479 0.802101 0.923479 0.789099 0.930081 0.792632 0.921456 0.802101 0.923479 0.797257 0.935304 0.789099 0.930081 0.797257 0.935304 0.782649 0.937002 0.789099 0.930081 0.797257 0.935304 0.788431 0.944775 0.782649 0.937002 0.776872 0.950478 0.782649 0.937002 0.788431 0.944775 0.776872 0.950478 0.774196 0.941173 0.782649 0.937002 0.764515 0.95174 0.774196 0.941173 0.776872 0.950478 0.764515 0.95174 0.765222 0.94209 0.774196 0.941173 0.583285 0.10357 0.583285 0.07479995 0.592814 0.08430099 0.583285 0.10357 0.592814 0.08430099 0.592814 0.102453 0.583285 0.10357 0.592814 0.102453 0.595164 0.112338 0.583285 0.10357 0.595164 0.112338 0.586218 0.115905 0.586218 0.115905 0.595164 0.112338 0.601695 0.1236 0.586218 0.115905 0.601695 0.1236 0.594172 0.129622 0.594172 0.129622 0.601695 0.1236 0.607673 0.129127 0.594172 0.129622 0.607673 0.129127 0.602445 0.137271 0.615969 0.14291 0.602445 0.137271 0.607673 0.129127 0.615969 0.14291 0.607673 0.129127 0.618707 0.133728 0.618707 0.133728 0.627683 0.145098 0.615969 0.14291 0.618707 0.133728 0.629008 0.135652 0.627683 0.145098 0.629008 0.135652 0.641503 0.146402 0.627683 0.145098 0.629008 0.135652 0.642068 0.136884 0.641503 0.146402 0.675298 0.14723 0.641503 0.146402 0.642068 0.136884 0.675298 0.14723 0.642068 0.136884 0.675404 0.137701 0.675404 0.137701 0.717151 0.147137 0.675298 0.14723 0.675404 0.137701 0.717152 0.137608 0.717151 0.147137 0.717151 0.147137 0.717152 0.137608 0.76069 0.137714 0.717151 0.147137 0.76069 0.137714 0.760795 0.147243 0.760795 0.147243 0.76069 0.137714 0.793952 0.136906 0.760795 0.147243 0.793952 0.136906 0.794514 0.146423 0.794514 0.146423 0.793952 0.136906 0.806678 0.13571 0.794514 0.146423 0.806678 0.13571 0.807993 0.145157 0.807993 0.145157 0.806678 0.13571 0.816726 0.133851 0.807993 0.145157 0.816726 0.133851 0.8194 0.143046 0.8194 0.143046 0.816726 0.133851 0.82959 0.12867 0.8194 0.143046 0.82959 0.12867 0.834575 0.1369349 0.82959 0.12867 0.847031 0.126387 0.834575 0.1369349 0.82959 0.12867 0.839843 0.119988 0.847031 0.126387 0.847031 0.126387 0.839843 0.119988 0.845684 0.1112 0.847031 0.126387 0.845684 0.1112 0.854377 0.115335 0.854377 0.115335 0.845684 0.1112 0.847541 0.105226 0.854377 0.115335 0.847541 0.105226 0.857074 0.106658 0.857074 0.106658 0.847541 0.105226 0.84747 0.08357799 0.857074 0.106658 0.84747 0.08357799 0.856966 0.07402199 0.653288 0.406096 0.661741 0.410267 0.659065 0.419572 0.653288 0.406096 0.659065 0.419572 0.647507 0.413869 0.638681 0.404397 0.653288 0.406096 0.647507 0.413869 0.638681 0.404397 0.646838 0.399175 0.653288 0.406096 0.633837 0.392572 0.646838 0.399175 0.638681 0.404397 0.633837 0.392572 0.643305 0.39055 0.646838 0.399175 0.633432 0.380008 0.643305 0.39055 0.633837 0.392572 0.633432 0.380008 0.643009 0.381348 0.643305 0.39055 0.637031 0.36878 0.643009 0.381348 0.633432 0.380008 0.637031 0.36878 0.645604 0.373248 0.643009 0.381348 0.651083 0.366051 0.645604 0.373248 0.637031 0.36878 0.651083 0.366051 0.637031 0.36878 0.64451 0.358955 0.651083 0.366051 0.64451 0.358955 0.654908 0.352226 0.651083 0.366051 0.654908 0.352226 0.665417 0.356775 0.665417 0.356775 0.654908 0.352226 0.637733 0.257587 0.665417 0.356775 0.637733 0.257587 0.643582 0.236458 0.682987 0.361327 0.720202 0.232975 0.720958 0.264585 0.682987 0.361327 0.720958 0.264585 0.69351 0.359251 0.691396 0.371904 0.682987 0.361327 0.69351 0.359251 0.691396 0.371904 0.69351 0.359251 0.699694 0.367029 0.699694 0.367029 0.694169 0.378637 0.691396 0.371904 0.699694 0.367029 0.703533 0.376352 0.694169 0.378637 0.694901 0.386932 0.694169 0.378637 0.703533 0.376352 0.694901 0.386932 0.703533 0.376352 0.704534 0.387702 0.692641 0.39588 0.694901 0.386932 0.704534 0.387702 0.692641 0.39588 0.704534 0.387702 0.701457 0.399885 0.701457 0.399885 0.687303 0.403592 0.692641 0.39588 0.701457 0.399885 0.694152 0.410438 0.687303 0.403592 0.683603 0.417749 0.687303 0.403592 0.694152 0.410438 0.683603 0.417749 0.679593 0.408935 0.687303 0.403592 0.671422 0.420834 0.679593 0.408935 0.683603 0.417749 0.671422 0.420834 0.670715 0.411183 0.679593 0.408935 0.661741 0.410267 0.670715 0.411183 0.671422 0.420834 0.661741 0.410267 0.671422 0.420834 0.659065 0.419572 0.200024 0.684051 0.19095 0.69034 0.19095 0.69034 0.200024 0.684051 0.200024 0.684051 0.19095 0.69034 0.2063069 0.674974 0.200024 0.684051 0.200024 0.684051 0.2063069 0.674974 0.2063069 0.674974 0.200024 0.684051 0.208967 0.664442 0.2063069 0.674974 0.2063069 0.674974 0.208967 0.664442 0.208967 0.664442 0.2063069 0.674974 0.208106 0.654679 0.208967 0.664442 0.208967 0.664442 0.208106 0.654679 0.208106 0.654679 0.208967 0.664442 0.204843 0.646753 0.208106 0.654679 0.208106 0.654679 0.204843 0.646753 0.204843 0.646753 0.208106 0.654679 0.194945 0.634305 0.204843 0.646753 0.204843 0.646753 0.194945 0.634305 0.194945 0.634305 0.204843 0.646753 0.157394 0.639865 0.174265 0.628947 0.174265 0.628947 0.157394 0.639865 0.157394 0.639865 0.174265 0.628947 0.150946 0.648336 0.157394 0.639865 0.157394 0.639865 0.150946 0.648336 0.150946 0.648336 0.157394 0.639865 0.14789 0.657869 0.150946 0.648336 0.150946 0.648336 0.14789 0.657869 0.14789 0.657869 0.150946 0.648336 0.148239 0.6687 0.14789 0.657869 0.14789 0.657869 0.148239 0.6687 0.148239 0.6687 0.14789 0.657869 0.152398 0.678852 0.148239 0.6687 0.148239 0.6687 0.152398 0.678852 0.152398 0.678852 0.148239 0.6687 0.1599889 0.686998 0.152398 0.678852 0.152398 0.678852 0.1599889 0.686998 0.1599889 0.686998 0.152398 0.678852 0.169939 0.691907 0.1599889 0.686998 0.1599889 0.686998 0.169939 0.691907 0.169939 0.691907 0.1599889 0.686998 0.180501 0.692986 0.169939 0.691907 0.169939 0.691907 0.180501 0.692986 0.180501 0.692986 0.169939 0.691907 0.19095 0.69034 0.180501 0.692986 0.180501 0.692986 0.19095 0.69034 0.19095 0.69034 0.180501 0.692986 0.718786 0.678043 0.675247 0.66862 0.718785 0.668514 0.718786 0.678043 0.675143 0.678149 0.675247 0.66862 0.641985 0.667812 0.675247 0.66862 0.675143 0.678149 0.641985 0.667812 0.675143 0.678149 0.641423 0.67733 0.641423 0.67733 0.629259 0.666616 0.641985 0.667812 0.641423 0.67733 0.627944 0.676063 0.629259 0.666616 0.627944 0.676063 0.619211 0.664757 0.629259 0.666616 0.627944 0.676063 0.616538 0.673953 0.619211 0.664757 0.606348 0.659577 0.619211 0.664757 0.616538 0.673953 0.606348 0.659577 0.616538 0.673953 0.601363 0.667841 0.588906 0.657293 0.606348 0.659577 0.601363 0.667841 0.588906 0.657293 0.596094 0.650894 0.606348 0.659577 0.590254 0.642106 0.596094 0.650894 0.588906 0.657293 0.590254 0.642106 0.588906 0.657293 0.581561 0.646241 0.581561 0.646241 0.588396 0.636133 0.590254 0.642106 0.581561 0.646241 0.578863 0.637564 0.588396 0.636133 0.588468 0.614484 0.588396 0.636133 0.578863 0.637564 0.588468 0.614484 0.578863 0.637564 0.578971 0.604929 0.762617 0.4114 0.771532 0.413538 0.770946 0.423196 0.762617 0.4114 0.770946 0.423196 0.758717 0.420263 0.758717 0.420263 0.754842 0.406152 0.762617 0.4114 0.758717 0.420263 0.748077 0.413082 0.754842 0.406152 0.740644 0.402621 0.754842 0.406152 0.748077 0.413082 0.740644 0.402621 0.749409 0.398507 0.754842 0.406152 0.737416 0.390486 0.749409 0.398507 0.740644 0.402621 0.737416 0.390486 0.747033 0.389574 0.749409 0.398507 0.738199 0.379442 0.747033 0.389574 0.737416 0.390486 0.738199 0.379442 0.747603 0.381528 0.747033 0.389574 0.741746 0.370184 0.747603 0.381528 0.738199 0.379442 0.741746 0.370184 0.75017 0.37483 0.747603 0.381528 0.74759 0.362373 0.75017 0.37483 0.741746 0.370184 0.74759 0.362373 0.754552 0.368972 0.75017 0.37483 0.754552 0.368972 0.74759 0.362373 0.752926 0.357916 0.754552 0.368972 0.752926 0.357916 0.764064 0.361029 0.764064 0.361029 0.752926 0.357916 0.720958 0.264585 0.764064 0.361029 0.720958 0.264585 0.720202 0.232975 0.77765 0.359457 0.797359 0.233469 0.803463 0.2561 0.77765 0.359457 0.803463 0.2561 0.787998 0.35496 0.791063 0.368547 0.77765 0.359457 0.787998 0.35496 0.791063 0.368547 0.787998 0.35496 0.797713 0.361544 0.797713 0.361544 0.79621 0.375356 0.791063 0.368547 0.797713 0.361544 0.804778 0.370889 0.79621 0.375356 0.804778 0.370889 0.798908 0.383668 0.79621 0.375356 0.804778 0.370889 0.808475 0.382278 0.798908 0.383668 0.808475 0.382278 0.798684 0.392543 0.798908 0.383668 0.808475 0.382278 0.808167 0.394474 0.798684 0.392543 0.808167 0.394474 0.795247 0.40124 0.798684 0.392543 0.808167 0.394474 0.803468 0.406362 0.795247 0.40124 0.788881 0.408239 0.795247 0.40124 0.803468 0.406362 0.788881 0.408239 0.803468 0.406362 0.794757 0.415941 0.783275 0.421782 0.788881 0.408239 0.794757 0.415941 0.783275 0.421782 0.780484 0.412512 0.788881 0.408239 0.770946 0.423196 0.780484 0.412512 0.783275 0.421782 0.770946 0.423196 0.771532 0.413538 0.780484 0.412512 0.898076 0.337439 0.899517 0.329142 0.909187 0.329144 0.898076 0.337439 0.909187 0.329144 0.907175 0.340735 0.893758 0.344926 0.898076 0.337439 0.907175 0.340735 0.893758 0.344926 0.907175 0.340735 0.90115 0.35118 0.891589 0.359065 0.893758 0.344926 0.90115 0.35118 0.891589 0.359065 0.886842 0.350629 0.893758 0.344926 0.880547 0.362914 0.886842 0.350629 0.891589 0.359065 0.880547 0.362914 0.878979 0.35337 0.886842 0.350629 0.880547 0.362914 0.870472 0.353286 0.878979 0.35337 0.880547 0.362914 0.868716 0.362798 0.870472 0.353286 0.857743 0.358726 0.870472 0.353286 0.868716 0.362798 0.857743 0.358726 0.862618 0.350371 0.870472 0.353286 0.857743 0.358726 0.856161 0.344922 0.862618 0.350371 0.857743 0.358726 0.848717 0.351108 0.856161 0.344922 0.851776 0.337205 0.856161 0.344922 0.848717 0.351108 0.851776 0.337205 0.848717 0.351108 0.842639 0.340412 0.840745 0.328554 0.851776 0.337205 0.842639 0.340412 0.840745 0.328554 0.850389 0.328521 0.851776 0.337205 0.842126 0.319511 0.850389 0.328521 0.840745 0.328554 0.842126 0.319511 0.85133 0.322361 0.850389 0.328521 0.85133 0.322361 0.842126 0.319511 0.846905 0.309591 0.85133 0.322361 0.846905 0.309591 0.858114 0.308279 0.858114 0.308279 0.846905 0.309591 0.803463 0.2561 0.858114 0.308279 0.803463 0.2561 0.797359 0.233469 0.235158 0.370988 0.18602 0.371097 0.119288 0.366422 0.18602 0.371097 0.1467829 0.370136 0.119288 0.366422 0.1467829 0.370136 0.131411 0.368685 0.119288 0.366422 0.379564 0.350249 0.367496 0.360468 0.352356 0.366566 0.386439 0.339905 0.379564 0.350249 0.352356 0.366566 0.386439 0.339905 0.352356 0.366566 0.340529 0.368754 0.386439 0.339905 0.340529 0.368754 0.325551 0.370161 0.386439 0.339905 0.325551 0.370161 0.286402 0.371113 0.386439 0.339905 0.286402 0.371113 0.235158 0.370988 0.388625 0.332875 0.386439 0.339905 0.235158 0.370988 0.119288 0.366422 0.388625 0.332875 0.235158 0.370988 0.119288 0.366422 0.388541 0.307394 0.388625 0.332875 0.119288 0.366422 0.08881098 0.308246 0.388541 0.307394 0.119288 0.366422 0.08881098 0.329611 0.08881098 0.308246 0.119288 0.366422 0.09157699 0.341245 0.08881098 0.329611 0.119288 0.366422 0.09926396 0.3545 0.09157699 0.341245 0.119288 0.366422 0.1062999 0.361006 0.09926396 0.3545 0.660388 0.162943 0.698286 0.1729789 0.65985 0.172465 0.660388 0.162943 0.698452 0.163452 0.698286 0.1729789 0.698286 0.1729789 0.698452 0.163452 0.736355 0.164265 0.698286 0.1729789 0.736355 0.164265 0.736451 0.173798 0.736355 0.164265 0.786878 0.1717 0.736451 0.173798 0.736355 0.164265 0.786305 0.162187 0.786878 0.1717 0.822015 0.168931 0.786878 0.1717 0.786305 0.162187 0.822015 0.168931 0.786305 0.162187 0.828285 0.158878 0.88241 0.295668 0.822015 0.168931 0.828285 0.158878 0.88241 0.295668 0.875075 0.303027 0.822015 0.168931 0.886903 0.307664 0.875075 0.303027 0.88241 0.295668 0.886903 0.307664 0.88241 0.295668 0.89182 0.299357 0.89182 0.299357 0.893819 0.313434 0.886903 0.307664 0.89182 0.299357 0.901234 0.307211 0.893819 0.313434 0.907183 0.317576 0.893819 0.313434 0.901234 0.307211 0.907183 0.317576 0.898081 0.320861 0.893819 0.313434 0.909187 0.329144 0.898081 0.320861 0.907183 0.317576 0.909187 0.329144 0.899517 0.329142 0.898081 0.320861 0.119288 0.363022 0.18602 0.367698 0.235158 0.367589 0.119288 0.363022 0.1467829 0.366737 0.18602 0.367698 0.119288 0.363022 0.131411 0.365286 0.1467829 0.366737 0.09926396 0.351101 0.1062999 0.357606 0.119288 0.363022 0.09157699 0.337845 0.09926396 0.351101 0.119288 0.363022 0.08881098 0.326211 0.09157699 0.337845 0.119288 0.363022 0.08881098 0.304847 0.08881098 0.326211 0.119288 0.363022 0.388541 0.303995 0.08881098 0.304847 0.119288 0.363022 0.388625 0.329475 0.388541 0.303995 0.119288 0.363022 0.235158 0.367589 0.388625 0.329475 0.119288 0.363022 0.235158 0.367589 0.386439 0.336506 0.388625 0.329475 0.235158 0.367589 0.286402 0.367713 0.386439 0.336506 0.286402 0.367713 0.325551 0.366762 0.386439 0.336506 0.325551 0.366762 0.340529 0.365355 0.386439 0.336506 0.340529 0.365355 0.352356 0.363166 0.386439 0.336506 0.352356 0.363166 0.379564 0.34685 0.386439 0.336506 0.352356 0.363166 0.367496 0.357069 0.379564 0.34685 0.579693 0.309344 0.643582 0.236458 0.637733 0.257587 0.579693 0.309344 0.637733 0.257587 0.590963 0.310943 0.590963 0.310943 0.58685 0.324632 0.579693 0.309344 0.590963 0.310943 0.596182 0.322094 0.58685 0.324632 0.597207 0.333044 0.58685 0.324632 0.596182 0.322094 0.597207 0.333044 0.587568 0.332314 0.58685 0.324632 0.597207 0.333044 0.585469 0.340728 0.587568 0.332314 0.597207 0.333044 0.594297 0.344708 0.585469 0.340728 0.580469 0.347996 0.585469 0.340728 0.594297 0.344708 0.580469 0.347996 0.594297 0.344708 0.587339 0.354822 0.577269 0.361844 0.580469 0.347996 0.587339 0.354822 0.577269 0.361844 0.573232 0.353042 0.580469 0.347996 0.565628 0.364828 0.573232 0.353042 0.577269 0.361844 0.565628 0.364828 0.564893 0.35518 0.573232 0.353042 0.565628 0.364828 0.556452 0.354343 0.564893 0.35518 0.565628 0.364828 0.553803 0.363655 0.556452 0.354343 0.553803 0.363655 0.548489 0.350442 0.556452 0.354343 0.553803 0.363655 0.54273 0.358231 0.548489 0.350442 0.534262 0.349195 0.548489 0.350442 0.54273 0.358231 0.534262 0.349195 0.542405 0.34395 0.548489 0.350442 0.529597 0.337899 0.542405 0.34395 0.534262 0.349195 0.529597 0.337899 0.539062 0.335854 0.542405 0.34395 0.529188 0.325797 0.539062 0.335854 0.529597 0.337899 0.529188 0.325797 0.538769 0.327193 0.539062 0.335854 0.533059 0.314238 0.538769 0.327193 0.529188 0.325797 0.533059 0.314238 0.541549 0.318893 0.538769 0.327193 0.540603 0.304907 0.541549 0.318893 0.533059 0.314238 0.540603 0.304907 0.546947 0.312215 0.541549 0.318893 0.550934 0.298729 0.546947 0.312215 0.540603 0.304907 0.550934 0.298729 0.554502 0.307698 0.546947 0.312215 0.554502 0.307698 0.550934 0.298729 0.560458 0.296617 0.554502 0.307698 0.560458 0.296617 0.567598 0.304794 0.617963 0.168288 0.567598 0.304794 0.560458 0.296617 0.617963 0.168288 0.560458 0.296617 0.611575 0.158075 0.660388 0.162943 0.617963 0.168288 0.611575 0.158075 0.660388 0.162943 0.65985 0.172465 0.617963 0.168288 0.593811 0.850418 0.595192 0.85946 0.585548 0.859427 0.593811 0.850418 0.585548 0.859427 0.584607 0.853267 0.584607 0.853267 0.589032 0.840498 0.593811 0.850418 0.584607 0.853267 0.577823 0.839185 0.589032 0.840498 0.632474 0.787006 0.589032 0.840498 0.577823 0.839185 0.632474 0.787006 0.577823 0.839185 0.638578 0.764375 0.52675 0.86005 0.536421 0.860048 0.537862 0.868345 0.52675 0.86005 0.537862 0.868345 0.528763 0.871641 0.528763 0.871641 0.537862 0.868345 0.54218 0.875832 0.528763 0.871641 0.54218 0.875832 0.534787 0.882087 0.54218 0.875832 0.544348 0.889972 0.534787 0.882087 0.54218 0.875832 0.549095 0.881535 0.544348 0.889972 0.555391 0.89382 0.544348 0.889972 0.549095 0.881535 0.555391 0.89382 0.549095 0.881535 0.556958 0.884276 0.555391 0.89382 0.556958 0.884276 0.565465 0.884193 0.555391 0.89382 0.565465 0.884193 0.567222 0.893704 0.565465 0.884193 0.578195 0.889632 0.567222 0.893704 0.565465 0.884193 0.57332 0.881278 0.578195 0.889632 0.578195 0.889632 0.57332 0.881278 0.579776 0.875829 0.578195 0.889632 0.579776 0.875829 0.587221 0.882014 0.587221 0.882014 0.579776 0.875829 0.584162 0.868112 0.587221 0.882014 0.584162 0.868112 0.593299 0.871319 0.584162 0.868112 0.595192 0.85946 0.593299 0.871319 0.584162 0.868112 0.585548 0.859427 0.595192 0.85946 0.737652 0.703885 0.77555 0.693849 0.776087 0.703371 0.737652 0.703885 0.737486 0.694358 0.77555 0.693849 0.699582 0.695172 0.737486 0.694358 0.737652 0.703885 0.699582 0.695172 0.737652 0.703885 0.699486 0.704705 0.64906 0.702606 0.699582 0.695172 0.699486 0.704705 0.64906 0.702606 0.649632 0.693093 0.699582 0.695172 0.649632 0.693093 0.64906 0.702606 0.613922 0.699837 0.649632 0.693093 0.613922 0.699837 0.607652 0.689785 0.613922 0.699837 0.553527 0.826574 0.607652 0.689785 0.613922 0.699837 0.560863 0.833933 0.553527 0.826574 0.549034 0.83857 0.553527 0.826574 0.560863 0.833933 0.549034 0.83857 0.544117 0.830263 0.553527 0.826574 0.544117 0.830263 0.549034 0.83857 0.542118 0.84434 0.544117 0.830263 0.542118 0.84434 0.534704 0.838117 0.528755 0.848483 0.534704 0.838117 0.542118 0.84434 0.528755 0.848483 0.542118 0.84434 0.537856 0.851767 0.537856 0.851767 0.52675 0.86005 0.528755 0.848483 0.537856 0.851767 0.536421 0.860048 0.52675 0.86005 0.901675 0.880102 0.893207 0.889137 0.887448 0.881348 0.901675 0.880102 0.887448 0.881348 0.893532 0.874856 0.893532 0.874856 0.90634 0.868805 0.901675 0.880102 0.893532 0.874856 0.896876 0.86676 0.90634 0.868805 0.90675 0.856703 0.90634 0.868805 0.896876 0.86676 0.90675 0.856703 0.896876 0.86676 0.897169 0.858099 0.897169 0.858099 0.902878 0.845144 0.90675 0.856703 0.897169 0.858099 0.894389 0.849799 0.902878 0.845144 0.895335 0.835813 0.902878 0.845144 0.894389 0.849799 0.895335 0.835813 0.894389 0.849799 0.88899 0.843122 0.88899 0.843122 0.885003 0.829635 0.895335 0.835813 0.88899 0.843122 0.881436 0.838604 0.885003 0.829635 0.881436 0.838604 0.875479 0.827524 0.885003 0.829635 0.881436 0.838604 0.86834 0.835701 0.875479 0.827524 0.875479 0.827524 0.86834 0.835701 0.817975 0.699194 0.875479 0.827524 0.817975 0.699194 0.824363 0.688981 0.817975 0.699194 0.77555 0.693849 0.824363 0.688981 0.817975 0.699194 0.776087 0.703371 0.77555 0.693849 0.856244 0.84025 0.798205 0.788493 0.792355 0.767365 0.856244 0.84025 0.844975 0.841849 0.798205 0.788493 0.849088 0.855538 0.844975 0.841849 0.856244 0.84025 0.849088 0.855538 0.839755 0.853 0.844975 0.841849 0.849088 0.855538 0.838731 0.86395 0.839755 0.853 0.849088 0.855538 0.848369 0.86322 0.838731 0.86395 0.838731 0.86395 0.848369 0.86322 0.850468 0.871634 0.838731 0.86395 0.850468 0.871634 0.841641 0.875614 0.841641 0.875614 0.850468 0.871634 0.855468 0.878902 0.841641 0.875614 0.855468 0.878902 0.848599 0.885728 0.855468 0.878902 0.858669 0.89275 0.848599 0.885728 0.855468 0.878902 0.862705 0.883948 0.858669 0.89275 0.870309 0.895734 0.858669 0.89275 0.862705 0.883948 0.870309 0.895734 0.862705 0.883948 0.871045 0.886086 0.870309 0.895734 0.871045 0.886086 0.879485 0.885249 0.870309 0.895734 0.879485 0.885249 0.882135 0.894562 0.882135 0.894562 0.879485 0.885249 0.887448 0.881348 0.882135 0.894562 0.887448 0.881348 0.893207 0.889137 0.327075 0.681282 0.319582 0.68952 0.309698 0.694549 0.33112 0.671047 0.327075 0.681282 0.309698 0.694549 0.33112 0.671047 0.309698 0.694549 0.299162 0.695757 0.33112 0.671047 0.299162 0.695757 0.288669 0.693241 0.33112 0.671047 0.288669 0.693241 0.279518 0.687064 0.33112 0.671047 0.279518 0.687064 0.273124 0.678065 0.33112 0.671047 0.273124 0.678065 0.270327 0.667551 0.331384 0.6606 0.33112 0.671047 0.270327 0.667551 0.328208 0.650817 0.331384 0.6606 0.270327 0.667551 0.32215 0.642803 0.328208 0.650817 0.270327 0.667551 0.306363 0.632104 0.32215 0.642803 0.270327 0.667551 0.306363 0.632104 0.270327 0.667551 0.270998 0.658082 0.306363 0.632104 0.270998 0.658082 0.274019 0.650198 0.306363 0.632104 0.274019 0.650198 0.279177 0.643304 0.306363 0.632104 0.279177 0.643304 0.290373 0.633954 0.329561 0.483816 0.306363 0.632104 0.290373 0.633954 0.329561 0.483816 0.290373 0.633954 0.317224 0.411114 0.290373 0.633954 0.238747 0.483234 0.317224 0.411114 0.393609 0.605914 0.391977 0.595692 0.393084 0.588442 0.393084 0.588442 0.398771 0.614997 0.393609 0.605914 0.393084 0.588442 0.40637 0.62141 0.398771 0.614997 0.393084 0.588442 0.415615 0.624841 0.40637 0.62141 0.393084 0.588442 0.425628 0.624939 0.415615 0.624841 0.393084 0.588442 0.434882 0.621713 0.425628 0.624939 0.393084 0.588442 0.443021 0.615001 0.434882 0.621713 0.393084 0.588442 0.448104 0.606189 0.443021 0.615001 0.393084 0.588442 0.4498 0.596423 0.448104 0.606189 0.393084 0.588442 0.448111 0.586676 0.4498 0.596423 0.393084 0.588442 0.443094 0.577935 0.448111 0.586676 0.393084 0.588442 0.434954 0.571144 0.443094 0.577935 0.393084 0.588442 0.421032 0.565685 0.434954 0.571144 0.393084 0.588442 0.401069 0.571867 0.421032 0.565685 0.401069 0.571867 0.329561 0.483816 0.421032 0.565685 0.329561 0.483816 0.317224 0.411114 0.421032 0.565685 0.317224 0.411114 0.358581 0.407855 0.421032 0.565685 0.08881098 0.329611 0.08881098 0.308246 0.08881098 0.308246 0.08881098 0.329611 0.08881098 0.329611 0.08881098 0.308246 0.09157699 0.341245 0.08881098 0.329611 0.08881098 0.329611 0.09157699 0.341245 0.09157699 0.341245 0.08881098 0.329611 0.09926396 0.3545 0.09157699 0.341245 0.09157699 0.341245 0.09926396 0.3545 0.09926396 0.3545 0.09157699 0.341245 0.1062999 0.361006 0.09926396 0.3545 0.09926396 0.3545 0.1062999 0.361006 0.1062999 0.361006 0.09926396 0.3545 0.119288 0.366422 0.1062999 0.361006 0.1062999 0.361006 0.119288 0.366422 0.119288 0.366422 0.1062999 0.361006 0.131411 0.368685 0.119288 0.366422 0.119288 0.366422 0.131411 0.368685 0.131411 0.368685 0.119288 0.366422 0.1467829 0.370136 0.131411 0.368685 0.131411 0.368685 0.1467829 0.370136 0.1467829 0.370136 0.131411 0.368685 0.18602 0.371097 0.1467829 0.370136 0.1467829 0.370136 0.18602 0.371097 0.18602 0.371097 0.1467829 0.370136 0.235158 0.370988 0.18602 0.371097 0.18602 0.371097 0.235158 0.370988 0.235158 0.370988 0.18602 0.371097 0.286402 0.371113 0.235158 0.370988 0.235158 0.370988 0.286402 0.371113 0.286402 0.371113 0.235158 0.370988 0.325551 0.370161 0.286402 0.371113 0.286402 0.371113 0.325551 0.370161 0.325551 0.370161 0.286402 0.371113 0.340529 0.368754 0.325551 0.370161 0.325551 0.370161 0.340529 0.368754 0.340529 0.368754 0.325551 0.370161 0.352356 0.366566 0.340529 0.368754 0.340529 0.368754 0.352356 0.366566 0.352356 0.366566 0.340529 0.368754 0.367496 0.360468 0.352356 0.366566 0.352356 0.366566 0.367496 0.360468 0.367496 0.360468 0.352356 0.366566 0.379564 0.350249 0.367496 0.360468 0.367496 0.360468 0.379564 0.350249 0.379564 0.350249 0.367496 0.360468 0.386439 0.339905 0.379564 0.350249 0.379564 0.350249 0.386439 0.339905 0.386439 0.339905 0.379564 0.350249 0.388625 0.332875 0.386439 0.339905 0.386439 0.339905 0.388625 0.332875 0.388625 0.332875 0.386439 0.339905 0.388541 0.307394 0.388625 0.332875 0.388625 0.332875 0.388541 0.307394 0.388541 0.307394 0.388625 0.332875 0.852652 0.634476 0.843124 0.615207 0.852652 0.605706 0.852652 0.634476 0.843124 0.633359 0.843124 0.615207 0.852652 0.634476 0.840774 0.643244 0.843124 0.633359 0.852652 0.634476 0.84972 0.646811 0.840774 0.643244 0.84972 0.646811 0.834243 0.654506 0.840774 0.643244 0.84972 0.646811 0.841765 0.660528 0.834243 0.654506 0.828265 0.660033 0.834243 0.654506 0.841765 0.660528 0.828265 0.660033 0.841765 0.660528 0.833492 0.668177 0.819968 0.673817 0.828265 0.660033 0.833492 0.668177 0.819968 0.673817 0.81723 0.664635 0.828265 0.660033 0.808255 0.676004 0.81723 0.664635 0.819968 0.673817 0.808255 0.676004 0.80693 0.666558 0.81723 0.664635 0.794435 0.677308 0.80693 0.666558 0.808255 0.676004 0.794435 0.677308 0.79387 0.66779 0.80693 0.666558 0.76064 0.678136 0.79387 0.66779 0.794435 0.677308 0.76064 0.678136 0.760533 0.668607 0.79387 0.66779 0.718786 0.678043 0.760533 0.668607 0.76064 0.678136 0.718786 0.678043 0.718785 0.668514 0.760533 0.668607 0.279177 0.643304 0.290373 0.633954 0.290373 0.633954 0.279177 0.643304 0.279177 0.643304 0.290373 0.633954 0.274019 0.650198 0.279177 0.643304 0.279177 0.643304 0.274019 0.650198 0.274019 0.650198 0.279177 0.643304 0.270998 0.658082 0.274019 0.650198 0.274019 0.650198 0.270998 0.658082 0.270998 0.658082 0.274019 0.650198 0.270327 0.667551 0.270998 0.658082 0.270998 0.658082 0.270327 0.667551 0.270327 0.667551 0.270998 0.658082 0.273124 0.678065 0.270327 0.667551 0.270327 0.667551 0.273124 0.678065 0.273124 0.678065 0.270327 0.667551 0.279518 0.687064 0.273124 0.678065 0.273124 0.678065 0.279518 0.687064 0.279518 0.687064 0.273124 0.678065 0.288669 0.693241 0.279518 0.687064 0.279518 0.687064 0.288669 0.693241 0.288669 0.693241 0.279518 0.687064 0.299162 0.695757 0.288669 0.693241 0.288669 0.693241 0.299162 0.695757 0.299162 0.695757 0.288669 0.693241 0.309698 0.694549 0.299162 0.695757 0.299162 0.695757 0.309698 0.694549 0.309698 0.694549 0.299162 0.695757 0.319582 0.68952 0.309698 0.694549 0.309698 0.694549 0.319582 0.68952 0.319582 0.68952 0.309698 0.694549 0.327075 0.681282 0.319582 0.68952 0.319582 0.68952 0.327075 0.681282 0.327075 0.681282 0.319582 0.68952 0.33112 0.671047 0.327075 0.681282 0.327075 0.681282 0.33112 0.671047 0.33112 0.671047 0.327075 0.681282 0.331384 0.6606 0.33112 0.671047 0.33112 0.671047 0.331384 0.6606 0.331384 0.6606 0.33112 0.671047 0.328208 0.650817 0.331384 0.6606 0.331384 0.6606 0.328208 0.650817 0.328208 0.650817 0.331384 0.6606 0.32215 0.642803 0.328208 0.650817 0.328208 0.650817 0.32215 0.642803 0.32215 0.642803 0.328208 0.650817 0.306363 0.632104 0.32215 0.642803 0.32215 0.642803 0.306363 0.632104 0.306363 0.632104 0.32215 0.642803</float_array>
          <technique_common>
            <accessor source="#pickup_powerup_king-mesh-map-0-array" count="3324" stride="2">
              <param name="S" type="float"/>
              <param name="T" type="float"/>
            </accessor>
          </technique_common>
        </source>
        <vertices id="pickup_powerup_king-mesh-vertices">
          <input semantic="POSITION" source="#pickup_powerup_king-mesh-positions"/>
        </vertices>
        <triangles material="pickup_powerup_set_new-material" count="1108">
          <input semantic="VERTEX" source="#pickup_powerup_king-mesh-vertices" offset="0"/>
          <input semantic="NORMAL" source="#pickup_powerup_king-mesh-normals" offset="1"/>
          <input semantic="TEXCOORD" source="#pickup_powerup_king-mesh-map-0" offset="2" set="0"/>
          <p>0 0 0 1 1 1 2 2 2 0 0 3 3 3 4 1 1 5 4 4 6 5 5 7 6 6 8 2 7 9 7 8 10 8 9 11 2 7 12 9 10 13 7 8 14 2 7 15 6 6 16 9 10 17 6 6 18 2 7 19 10 11 20 11 12 21 6 6 22 10 11 23 11 12 24 4 4 25 6 6 26 11 12 27 12 13 28 4 4 29 12 13 30 13 14 31 4 4 32 13 14 33 14 15 34 4 4 35 14 15 36 15 16 37 4 4 38 15 16 39 16 17 40 4 4 41 16 17 42 17 18 43 4 4 44 17 18 45 18 16 46 4 4 47 18 16 48 19 19 49 4 4 50 19 19 51 20 20 52 4 4 53 19 19 54 21 21 55 20 20 56 19 19 57 22 22 58 21 21 59 19 19 60 23 23 61 22 22 62 19 19 63 24 24 64 23 23 65 19 19 66 25 25 67 24 24 68 19 19 69 26 16 70 25 25 71 27 26 72 28 27 73 29 28 74 29 28 75 30 16 76 27 26 77 30 16 78 31 16 79 27 26 80 31 16 81 32 16 82 27 26 83 32 16 84 33 16 85 27 26 86 33 16 87 34 16 88 27 26 89 34 16 90 35 29 91 27 26 92 35 29 93 36 30 94 27 26 95 36 30 96 37 31 97 27 26 98 37 31 99 38 32 100 27 26 101 38 32 102 39 33 103 27 26 104 39 33 105 40 34 106 27 26 107 40 34 108 10 11 109 27 26 110 40 34 111 41 16 112 10 11 113 41 16 114 11 12 115 10 11 116 42 35 117 43 36 118 44 37 119 42 35 120 45 38 121 43 36 122 46 39 123 45 40 124 42 41 125 46 39 126 47 42 127 45 40 128 48 43 129 49 44 130 50 45 131 48 43 132 51 46 133 49 44 134 4 47 135 52 48 136 5 49 137 4 47 138 53 50 139 52 48 140 54 51 141 55 52 142 56 53 143 54 51 144 57 54 145 55 52 146 58 55 147 59 56 148 60 57 149 58 55 150 61 56 151 59 56 152 61 56 153 62 58 154 59 56 155 61 56 156 63 59 157 62 58 158 64 60 159 62 58 160 63 59 161 64 60 162 65 61 163 62 58 164 66 62 165 65 61 166 64 60 167 66 62 168 67 63 169 65 61 170 66 62 171 68 64 172 67 63 173 66 62 174 69 65 175 68 64 176 69 65 177 70 66 178 68 64 179 69 65 180 71 67 181 70 66 182 71 67 183 72 68 184 70 66 185 71 67 186 73 69 187 72 68 188 74 70 189 72 68 190 73 69 191 74 70 192 75 71 193 72 68 194 55 72 195 75 71 196 74 70 197 55 72 198 74 70 199 56 73 200 76 74 201 57 75 202 54 76 203 76 74 204 54 76 205 77 77 206 78 78 207 76 74 208 77 77 209 78 78 210 79 79 211 76 74 212 78 78 213 80 80 214 79 79 215 78 78 216 81 81 217 80 80 218 81 81 219 82 82 220 80 80 221 81 81 222 83 83 223 82 82 224 84 84 225 82 82 226 83 83 227 84 84 228 83 83 229 85 85 230 86 86 231 84 84 232 85 85 233 86 86 234 87 87 235 84 84 236 88 88 237 87 87 238 86 86 239 88 88 240 89 89 241 87 87 242 90 90 243 89 89 244 88 88 245 90 90 246 88 88 247 91 91 248 60 57 249 90 90 250 91 91 251 60 57 252 91 91 253 58 55 254 92 92 255 93 93 256 94 94 257 92 92 258 95 95 259 93 93 260 96 96 261 97 97 262 98 98 263 96 96 264 99 99 265 97 97 266 100 100 267 101 101 268 102 102 269 100 100 270 103 103 271 101 101 272 104 104 273 105 105 274 106 106 275 104 104 276 107 107 277 105 105 278 108 108 279 109 109 280 110 110 281 108 108 282 111 111 283 109 109 284 112 112 285 106 113 286 113 114 287 112 112 288 104 115 289 106 113 290 103 116 291 114 117 292 101 118 293 103 116 294 115 119 295 114 117 296 116 120 297 94 121 298 117 122 299 116 120 300 92 123 301 94 121 302 118 124 303 119 125 304 120 126 305 118 124 306 120 126 307 121 127 308 122 128 309 118 124 310 121 127 311 122 128 312 121 127 313 123 129 314 124 130 315 122 128 316 123 129 317 124 130 318 123 129 319 125 131 320 125 131 321 126 132 322 124 130 323 125 131 324 127 133 325 126 132 326 127 133 327 128 134 328 126 132 329 127 133 330 129 135 331 128 134 332 130 136 333 128 134 334 129 135 335 130 136 336 129 135 337 131 137 338 115 138 339 130 136 340 131 137 341 115 138 342 131 137 343 114 139 344 132 140 345 112 141 346 113 142 347 132 140 348 133 143 349 112 141 350 134 144 351 133 143 352 132 140 353 134 144 354 132 140 355 135 145 356 136 146 357 134 144 358 135 145 359 136 146 360 135 145 361 137 147 362 138 148 363 136 146 364 137 147 365 138 148 366 137 147 367 139 149 368 140 150 369 138 148 370 139 149 371 140 150 372 139 149 373 141 151 374 142 152 375 140 150 376 141 151 377 142 152 378 141 151 379 143 153 380 143 153 381 144 154 382 142 152 383 143 153 384 145 155 385 144 154 386 145 155 387 146 156 388 144 154 389 145 155 390 147 157 391 146 156 392 147 157 393 119 125 394 146 156 395 147 157 396 120 126 397 119 125 398 148 158 399 149 159 400 150 160 401 148 158 402 151 161 403 149 159 404 152 162 405 151 161 406 148 158 407 152 162 408 153 163 409 151 161 410 154 164 411 153 163 412 152 162 413 154 164 414 155 165 415 153 163 416 156 166 417 155 165 418 154 164 419 156 166 420 157 167 421 155 165 422 158 168 423 157 167 424 156 166 425 158 168 426 159 169 427 157 167 428 50 170 429 159 169 430 158 168 431 50 170 432 49 171 433 159 169 434 160 172 435 47 173 436 46 174 437 160 172 438 161 175 439 47 173 440 162 176 441 161 175 442 160 172 443 162 176 444 163 177 445 161 175 446 164 178 447 163 177 448 162 176 449 164 178 450 165 179 451 163 177 452 166 180 453 165 179 454 164 178 455 166 180 456 167 181 457 165 179 458 168 182 459 167 181 460 166 180 461 168 182 462 169 183 463 167 181 464 170 184 465 169 183 466 168 182 467 170 184 468 171 185 469 169 183 470 172 186 471 171 185 472 170 184 473 172 186 474 173 187 475 171 185 476 174 188 477 173 187 478 172 186 479 174 188 480 175 189 481 173 187 482 150 160 483 175 189 484 174 188 485 150 160 486 149 159 487 175 189 488 176 190 489 177 191 490 178 192 491 176 190 492 179 193 493 177 191 494 179 193 495 180 194 496 177 191 497 179 193 498 181 195 499 180 194 500 181 195 501 182 196 502 180 194 503 181 195 504 183 197 505 182 196 506 184 198 507 182 196 508 183 197 509 184 198 510 183 197 511 185 199 512 185 199 513 186 200 514 184 198 515 185 199 516 187 201 517 186 200 518 187 201 519 102 202 520 186 200 521 187 201 522 100 203 523 102 202 524 188 204 525 97 205 526 99 206 527 188 204 528 99 206 529 189 207 530 190 208 531 188 204 532 189 207 533 190 208 534 189 207 535 191 209 536 191 209 537 192 210 538 190 208 539 191 209 540 193 211 541 192 210 542 193 211 543 194 212 544 192 210 545 193 211 546 195 213 547 194 212 548 195 213 549 196 214 550 194 212 551 195 213 552 197 215 553 196 214 554 198 216 555 196 214 556 197 215 557 198 216 558 197 215 559 199 217 560 199 217 561 200 218 562 198 216 563 199 217 564 201 219 565 200 218 566 201 219 567 202 220 568 200 218 569 201 219 570 203 221 571 202 220 572 203 221 573 178 192 574 202 220 575 203 221 576 176 190 577 178 192 578 57 222 579 204 223 580 55 224 581 57 222 582 205 225 583 204 223 584 206 226 585 207 227 586 208 228 587 206 226 588 209 229 589 207 227 590 209 229 591 210 230 592 207 227 593 209 229 594 211 231 595 210 230 596 211 231 597 212 232 598 210 230 599 211 231 600 213 233 601 212 232 602 213 233 603 214 234 604 212 232 605 213 233 606 215 235 607 214 234 608 215 235 609 216 236 610 214 234 611 215 235 612 217 237 613 216 236 614 217 237 615 218 238 616 216 236 617 217 237 618 219 239 619 218 238 620 219 239 621 220 240 622 218 238 623 219 239 624 221 241 625 220 240 626 221 241 627 222 242 628 220 240 629 221 241 630 223 243 631 222 242 632 223 243 633 205 244 634 222 242 635 223 243 636 224 245 637 205 244 638 225 246 639 226 247 640 204 248 641 225 246 642 227 249 643 226 247 644 227 249 645 228 250 646 226 247 647 227 249 648 229 251 649 228 250 650 229 251 651 230 252 652 228 250 653 229 251 654 231 253 655 230 252 656 231 253 657 232 254 658 230 252 659 231 253 660 233 255 661 232 254 662 233 255 663 234 256 664 232 254 665 233 255 666 235 257 667 234 256 668 235 257 669 236 258 670 234 256 671 235 257 672 237 259 673 236 258 674 237 259 675 238 260 676 236 258 677 237 259 678 239 261 679 238 260 680 239 261 681 240 262 682 238 260 683 239 261 684 241 263 685 240 262 686 241 263 687 208 228 688 240 262 689 241 263 690 206 226 691 208 228 692 224 264 693 204 265 694 205 266 695 224 264 696 225 267 697 204 265 698 242 268 699 243 269 700 244 270 701 242 268 702 245 271 703 243 269 704 246 272 705 244 273 706 247 274 707 246 272 708 242 275 709 244 273 710 248 276 711 249 277 712 250 278 713 248 276 714 251 279 715 249 277 716 251 279 717 252 280 718 249 277 719 251 279 720 253 281 721 252 280 722 253 281 723 254 282 724 252 280 725 253 281 726 255 283 727 254 282 728 255 283 729 256 284 730 254 282 731 255 283 732 257 285 733 256 284 734 257 285 735 258 286 736 256 284 737 257 285 738 259 287 739 258 286 740 259 287 741 247 288 742 258 286 743 259 287 744 246 289 745 247 288 746 260 290 747 261 291 748 262 292 749 260 290 750 263 293 751 261 291 752 263 293 753 264 294 754 261 291 755 263 293 756 265 295 757 264 294 758 265 295 759 266 296 760 264 294 761 265 295 762 267 297 763 266 296 764 267 297 765 268 298 766 266 296 767 267 297 768 269 299 769 268 298 770 269 299 771 270 300 772 268 298 773 269 299 774 271 301 775 270 300 776 271 301 777 272 302 778 270 300 779 271 301 780 273 303 781 272 302 782 273 303 783 274 304 784 272 302 785 273 303 786 275 305 787 274 304 788 275 305 789 276 306 790 274 304 791 275 305 792 277 307 793 276 306 794 277 307 795 250 278 796 276 306 797 277 307 798 248 276 799 250 278 800 278 308 801 262 308 802 279 309 803 278 308 804 260 309 805 262 308 806 280 310 807 279 311 808 281 312 809 280 310 810 278 313 811 279 311 812 282 314 813 283 315 814 284 316 815 282 314 816 285 317 817 283 315 818 285 317 819 286 318 820 283 315 821 285 317 822 287 319 823 286 318 824 287 319 825 288 320 826 286 318 827 287 319 828 289 321 829 288 320 830 289 321 831 290 322 832 288 320 833 289 321 834 291 323 835 290 322 836 291 323 837 292 324 838 290 322 839 291 323 840 293 325 841 292 324 842 293 325 843 294 326 844 292 324 845 293 325 846 295 327 847 294 326 848 295 327 849 281 328 850 294 326 851 295 327 852 280 329 853 281 328 854 296 330 855 297 331 856 298 332 857 296 330 858 299 333 859 297 331 860 299 333 861 300 334 862 297 331 863 299 333 864 301 335 865 300 334 866 301 335 867 302 336 868 300 334 869 301 335 870 303 336 871 302 336 872 303 336 873 304 337 874 302 336 875 303 336 876 305 338 877 304 337 878 305 338 879 306 339 880 304 337 881 305 338 882 307 340 883 306 339 884 307 340 885 308 341 886 306 339 887 307 340 888 309 342 889 308 341 890 309 342 891 310 343 892 308 341 893 309 342 894 311 344 895 310 343 896 311 344 897 312 345 898 310 343 899 311 344 900 313 346 901 312 345 902 313 346 903 284 316 904 312 345 905 313 346 906 282 314 907 284 316 908 314 347 909 298 348 910 315 349 911 314 347 912 296 350 913 298 348 914 316 351 915 315 352 916 317 353 917 316 351 918 314 354 919 315 352 920 318 355 921 319 356 922 320 46 923 318 355 924 321 357 925 319 356 926 322 358 927 323 359 928 324 360 929 322 358 930 325 361 931 323 359 932 325 361 933 326 362 934 323 359 935 325 361 936 327 362 937 326 362 938 327 362 939 328 363 940 326 362 941 327 362 942 329 364 943 328 363 944 329 364 945 330 365 946 328 363 947 329 364 948 331 366 949 330 365 950 331 366 951 320 367 952 330 365 953 331 366 954 318 368 955 320 367 956 332 50 957 324 369 958 333 50 959 332 50 960 322 370 961 324 369 962 54 371 963 334 372 964 335 373 965 54 371 966 56 374 967 334 372 968 336 375 969 334 376 970 337 377 971 336 375 972 335 378 973 334 376 974 11 379 975 338 380 976 12 381 977 11 379 978 339 382 979 338 380 980 41 383 981 339 384 982 11 385 983 41 383 984 340 386 985 339 384 986 2 308 987 341 308 988 10 309 989 2 308 990 1 309 991 341 308 992 278 387 993 331 388 994 329 389 995 278 387 996 329 389 997 327 390 998 278 387 999 327 390 1000 325 391 1001 260 392 1002 278 387 1003 325 391 1004 267 393 1005 265 394 1006 263 395 1007 263 395 1008 269 396 1009 267 393 1010 263 395 1011 271 397 1012 269 396 1013 263 395 1014 273 398 1015 271 397 1016 263 395 1017 275 399 1018 273 398 1019 263 395 1020 277 400 1021 275 399 1022 263 395 1023 248 401 1024 277 400 1025 263 395 1026 251 402 1027 248 401 1028 263 395 1029 253 403 1030 251 402 1031 263 395 1032 255 404 1033 253 403 1034 263 395 1035 257 404 1036 255 404 1037 263 395 1038 259 404 1039 257 404 1040 263 395 1041 260 392 1042 259 404 1043 260 392 1044 246 405 1045 259 404 1046 260 392 1047 242 406 1048 246 405 1049 260 392 1050 325 391 1051 242 406 1052 325 391 1053 332 407 1054 242 406 1055 325 391 1056 322 404 1057 332 407 1058 332 407 1059 245 408 1060 242 406 1061 332 407 1062 342 409 1063 245 408 1064 332 407 1065 343 410 1066 342 409 1067 332 407 1068 344 411 1069 343 410 1070 332 407 1071 345 412 1072 344 411 1073 332 407 1074 346 413 1075 345 412 1076 332 407 1077 347 414 1078 346 413 1079 332 407 1080 348 415 1081 347 414 1082 332 407 1083 349 404 1084 348 415 1085 349 404 1086 350 416 1087 348 415 1088 350 416 1089 351 417 1090 348 415 1091 351 417 1092 352 418 1093 348 415 1094 352 418 1095 353 419 1096 348 415 1097 353 419 1098 354 420 1099 348 415 1100 354 420 1101 355 421 1102 348 415 1103 278 387 1104 296 404 1105 314 422 1106 296 404 1107 278 387 1108 280 404 1109 299 423 1110 296 404 1111 280 404 1112 299 423 1113 280 404 1114 295 424 1115 301 425 1116 299 423 1117 295 424 1118 303 426 1119 301 425 1120 295 424 1121 305 427 1122 303 426 1123 295 424 1124 307 428 1125 305 427 1126 295 424 1127 309 429 1128 307 428 1129 295 424 1130 311 430 1131 309 429 1132 295 424 1133 313 404 1134 311 430 1135 295 424 1136 282 404 1137 313 404 1138 295 424 1139 285 404 1140 282 404 1141 295 424 1142 287 431 1143 285 404 1144 295 424 1145 289 432 1146 287 431 1147 295 424 1148 291 433 1149 289 432 1150 295 424 1151 295 424 1152 293 434 1153 291 433 1154 356 435 1155 357 404 1156 358 436 1157 358 436 1158 359 437 1159 356 435 1160 359 437 1161 360 438 1162 356 435 1163 360 438 1164 361 404 1165 356 435 1166 361 404 1167 362 404 1168 356 435 1169 362 404 1170 363 439 1171 356 435 1172 363 439 1173 364 440 1174 356 435 1175 364 440 1176 365 404 1177 356 435 1178 365 404 1179 366 441 1180 356 435 1181 366 441 1182 367 442 1183 356 435 1184 367 442 1185 368 443 1186 356 435 1187 368 443 1188 369 444 1189 356 435 1190 369 444 1191 321 404 1192 356 435 1193 321 404 1194 316 404 1195 356 435 1196 321 404 1197 314 422 1198 316 404 1199 314 422 1200 321 404 1201 318 445 1202 314 422 1203 318 445 1204 331 388 1205 278 387 1206 314 422 1207 331 388 1208 370 446 1209 371 447 1210 372 448 1211 370 446 1212 373 449 1213 371 447 1214 373 449 1215 374 450 1216 371 447 1217 373 449 1218 375 451 1219 374 450 1220 376 452 1221 374 450 1222 375 451 1223 376 452 1224 375 451 1225 377 453 1226 377 453 1227 378 454 1228 376 452 1229 377 453 1230 379 455 1231 378 454 1232 379 455 1233 380 456 1234 378 454 1235 379 455 1236 381 457 1237 380 456 1238 381 457 1239 117 458 1240 380 456 1241 381 457 1242 116 459 1243 117 458 1244 107 460 1245 382 461 1246 105 462 1247 107 460 1248 383 463 1249 382 461 1250 384 464 1251 382 461 1252 383 463 1253 384 464 1254 383 463 1255 385 465 1256 386 466 1257 384 464 1258 385 465 1259 386 466 1260 385 465 1261 387 467 1262 388 468 1263 386 466 1264 387 467 1265 388 468 1266 387 467 1267 389 469 1268 390 470 1269 388 468 1270 389 469 1271 390 470 1272 389 469 1273 391 471 1274 391 471 1275 392 472 1276 390 470 1277 391 471 1278 393 473 1279 392 472 1280 393 473 1281 394 474 1282 392 472 1283 393 473 1284 395 475 1285 394 474 1286 395 475 1287 396 476 1288 394 474 1289 395 475 1290 397 477 1291 396 476 1292 372 448 1293 396 476 1294 397 477 1295 372 448 1296 397 477 1297 370 446 1298 398 478 1299 399 479 1300 400 480 1301 398 478 1302 401 481 1303 399 479 1304 402 482 1305 399 479 1306 401 481 1307 402 482 1308 401 481 1309 403 483 1310 403 483 1311 404 484 1312 402 482 1313 403 483 1314 405 485 1315 404 484 1316 405 485 1317 406 486 1318 404 484 1319 405 485 1320 407 487 1321 406 486 1322 407 487 1323 408 488 1324 406 486 1325 407 487 1326 409 489 1327 408 488 1328 409 489 1329 108 490 1330 408 488 1331 409 489 1332 111 491 1333 108 490 1334 95 492 1335 410 493 1336 93 494 1337 95 492 1338 411 495 1339 410 493 1340 411 495 1341 412 496 1342 410 493 1343 411 495 1344 413 497 1345 412 496 1346 414 498 1347 412 496 1348 413 497 1349 414 498 1350 413 497 1351 415 499 1352 416 500 1353 414 498 1354 415 499 1355 416 500 1356 415 499 1357 417 501 1358 417 501 1359 418 502 1360 416 500 1361 417 501 1362 419 503 1363 418 502 1364 419 503 1365 420 504 1366 418 502 1367 419 503 1368 421 505 1369 420 504 1370 421 505 1371 422 506 1372 420 504 1373 421 505 1374 423 507 1375 422 506 1376 424 508 1377 422 506 1378 423 507 1379 424 508 1380 423 507 1381 425 509 1382 425 509 1383 400 480 1384 424 508 1385 425 509 1386 398 478 1387 400 480 1388 8 510 1389 51 511 1390 48 512 1391 8 510 1392 426 513 1393 51 511 1394 7 514 1395 426 513 1396 8 510 1397 7 514 1398 427 515 1399 426 513 1400 9 516 1401 427 515 1402 7 514 1403 9 516 1404 428 362 1405 427 515 1406 6 361 1407 428 362 1408 9 516 1409 6 361 1410 429 359 1411 428 362 1412 5 517 1413 429 359 1414 6 361 1415 5 517 1416 52 518 1417 429 359 1418 354 519 1419 430 520 1420 431 521 1421 354 519 1422 353 522 1423 430 520 1424 353 522 1425 432 523 1426 430 520 1427 353 522 1428 352 524 1429 432 523 1430 352 524 1431 433 525 1432 432 523 1433 352 524 1434 351 526 1435 433 525 1436 351 526 1437 434 527 1438 433 525 1439 351 526 1440 350 528 1441 434 527 1442 350 528 1443 435 529 1444 434 527 1445 350 528 1446 349 530 1447 435 529 1448 349 530 1449 333 531 1450 435 529 1451 349 530 1452 332 532 1453 333 531 1454 245 533 1455 436 534 1456 243 535 1457 245 533 1458 342 536 1459 436 534 1460 342 536 1461 437 537 1462 436 534 1463 342 536 1464 343 538 1465 437 537 1466 343 538 1467 438 539 1468 437 537 1469 343 538 1470 344 540 1471 438 539 1472 344 540 1473 439 541 1474 438 539 1475 344 540 1476 345 542 1477 439 541 1478 345 542 1479 440 543 1480 439 541 1481 345 542 1482 346 544 1483 440 543 1484 346 544 1485 441 545 1486 440 543 1487 346 544 1488 347 546 1489 441 545 1490 347 546 1491 442 547 1492 441 545 1493 347 546 1494 348 548 1495 442 547 1496 348 548 1497 443 549 1498 442 547 1499 348 548 1500 355 550 1501 443 549 1502 355 550 1503 431 521 1504 443 549 1505 355 550 1506 354 519 1507 431 521 1508 361 551 1509 444 552 1510 445 553 1511 361 551 1512 360 554 1513 444 552 1514 360 554 1515 446 555 1516 444 552 1517 360 554 1518 359 556 1519 446 555 1520 359 556 1521 447 557 1522 446 555 1523 359 556 1524 358 558 1525 447 557 1526 358 558 1527 448 559 1528 447 557 1529 358 558 1530 357 560 1531 448 559 1532 357 560 1533 449 561 1534 448 559 1535 357 560 1536 356 562 1537 449 561 1538 356 562 1539 317 563 1540 449 561 1541 356 562 1542 316 564 1543 317 563 1544 321 565 1545 450 566 1546 319 567 1547 321 565 1548 369 568 1549 450 566 1550 369 568 1551 451 569 1552 450 566 1553 369 568 1554 368 570 1555 451 569 1556 368 570 1557 452 571 1558 451 569 1559 368 570 1560 367 572 1561 452 571 1562 367 572 1563 453 573 1564 452 571 1565 367 572 1566 366 574 1567 453 573 1568 366 574 1569 454 575 1570 453 573 1571 366 574 1572 365 576 1573 454 575 1574 365 576 1575 455 577 1576 454 575 1577 365 576 1578 364 578 1579 455 577 1580 364 578 1581 456 579 1582 455 577 1583 364 578 1584 363 580 1585 456 579 1586 363 580 1587 457 581 1588 456 579 1589 363 580 1590 362 582 1591 457 581 1592 362 582 1593 445 553 1594 457 581 1595 362 582 1596 361 551 1597 445 553 1598 146 583 1599 310 584 1600 312 585 1601 146 583 1602 119 586 1603 310 584 1604 308 587 1605 310 584 1606 119 586 1607 308 587 1608 119 586 1609 118 588 1610 122 589 1611 308 587 1612 118 588 1613 122 589 1614 306 590 1615 308 587 1616 124 591 1617 306 590 1618 122 589 1619 124 591 1620 304 592 1621 306 590 1622 126 593 1623 304 592 1624 124 591 1625 126 593 1626 302 594 1627 304 592 1628 128 595 1629 302 594 1630 126 593 1631 128 595 1632 300 596 1633 302 594 1634 130 597 1635 300 596 1636 128 595 1637 130 597 1638 297 598 1639 300 596 1640 297 598 1641 130 597 1642 115 599 1643 297 598 1644 115 599 1645 298 600 1646 298 600 1647 115 599 1648 103 601 1649 298 600 1650 103 601 1651 315 602 1652 458 603 1653 96 604 1654 98 605 1655 458 603 1656 459 606 1657 96 604 1658 460 607 1659 459 606 1660 458 603 1661 460 607 1662 461 608 1663 459 606 1664 462 609 1665 461 608 1666 460 607 1667 462 609 1668 463 610 1669 461 608 1670 464 611 1671 463 610 1672 462 609 1673 464 611 1674 465 612 1675 463 610 1676 109 613 1677 465 612 1678 464 611 1679 109 613 1680 464 611 1681 110 614 1682 281 615 1683 279 616 1684 104 617 1685 281 615 1686 104 617 1687 112 618 1688 294 619 1689 281 615 1690 112 618 1691 294 619 1692 112 618 1693 133 620 1694 133 620 1695 292 621 1696 294 619 1697 133 620 1698 134 622 1699 292 621 1700 134 622 1701 290 623 1702 292 621 1703 134 622 1704 136 624 1705 290 623 1706 136 624 1707 288 625 1708 290 623 1709 136 624 1710 138 626 1711 288 625 1712 138 626 1713 286 627 1714 288 625 1715 138 626 1716 140 628 1717 286 627 1718 283 629 1719 286 627 1720 140 628 1721 283 629 1722 140 628 1723 142 630 1724 144 631 1725 283 629 1726 142 630 1727 144 631 1728 284 632 1729 283 629 1730 146 583 1731 284 632 1732 144 631 1733 146 583 1734 312 585 1735 284 632 1736 17 633 1737 466 634 1738 18 635 1739 17 633 1740 467 636 1741 466 634 1742 16 637 1743 467 636 1744 17 633 1745 16 637 1746 468 638 1747 467 636 1748 15 639 1749 468 638 1750 16 637 1751 15 639 1752 469 640 1753 468 638 1754 14 641 1755 469 640 1756 15 639 1757 14 641 1758 470 642 1759 469 640 1760 13 643 1761 470 642 1762 14 641 1763 13 643 1764 471 644 1765 470 642 1766 12 645 1767 471 644 1768 13 643 1769 12 645 1770 338 646 1771 471 644 1772 20 647 1773 53 648 1774 4 649 1775 20 647 1776 472 650 1777 53 648 1778 21 651 1779 472 650 1780 20 647 1781 21 651 1782 473 652 1783 472 650 1784 22 653 1785 473 652 1786 21 651 1787 22 653 1788 474 654 1789 473 652 1790 23 655 1791 474 654 1792 22 653 1793 23 655 1794 475 656 1795 474 654 1796 24 657 1797 475 656 1798 23 655 1799 24 657 1800 476 658 1801 475 656 1802 25 659 1803 476 658 1804 24 657 1805 25 659 1806 477 660 1807 476 658 1808 26 661 1809 477 660 1810 25 659 1811 26 661 1812 478 662 1813 477 660 1814 19 663 1815 478 662 1816 26 661 1817 19 663 1818 479 664 1819 478 662 1820 18 635 1821 479 664 1822 19 663 1823 18 635 1824 466 634 1825 479 664 1826 272 665 1827 274 666 1828 395 667 1829 272 665 1830 395 667 1831 393 668 1832 270 669 1833 272 665 1834 393 668 1835 270 669 1836 393 668 1837 391 670 1838 389 671 1839 270 669 1840 391 670 1841 389 671 1842 268 672 1843 270 669 1844 387 673 1845 268 672 1846 389 671 1847 387 673 1848 266 674 1849 268 672 1850 385 675 1851 266 674 1852 387 673 1853 385 675 1854 264 676 1855 266 674 1856 383 677 1857 264 676 1858 385 675 1859 383 677 1860 261 678 1861 264 676 1862 261 678 1863 383 677 1864 107 679 1865 261 678 1866 107 679 1867 262 680 1868 262 680 1869 107 679 1870 104 681 1871 262 680 1872 104 681 1873 279 682 1874 247 683 1875 244 684 1876 92 685 1877 247 683 1878 92 685 1879 116 686 1880 116 686 1881 258 687 1882 247 683 1883 116 686 1884 381 688 1885 258 687 1886 379 689 1887 258 687 1888 381 688 1889 379 689 1890 256 690 1891 258 687 1892 379 689 1893 254 691 1894 256 690 1895 379 689 1896 377 692 1897 254 691 1898 252 693 1899 254 691 1900 377 692 1901 252 693 1902 377 692 1903 375 694 1904 375 694 1905 249 695 1906 252 693 1907 375 694 1908 373 696 1909 249 695 1910 373 696 1911 250 697 1912 249 695 1913 373 696 1914 370 698 1915 250 697 1916 397 699 1917 250 697 1918 370 698 1919 397 699 1920 276 700 1921 250 697 1922 395 667 1923 276 700 1924 397 699 1925 395 667 1926 274 666 1927 276 700 1928 77 701 1929 54 702 1930 335 703 1931 77 701 1932 335 703 1933 480 704 1934 77 701 1935 480 704 1936 481 705 1937 77 701 1938 481 705 1939 78 706 1940 78 706 1941 481 705 1942 482 707 1943 78 706 1944 482 707 1945 81 708 1946 81 708 1947 482 707 1948 483 709 1949 81 708 1950 483 709 1951 83 710 1952 85 711 1953 83 710 1954 483 709 1955 85 711 1956 483 709 1957 484 712 1958 484 712 1959 86 713 1960 85 711 1961 484 712 1962 485 714 1963 86 713 1964 485 714 1965 88 715 1966 86 713 1967 485 714 1968 486 716 1969 88 715 1970 91 717 1971 88 715 1972 486 716 1973 91 717 1974 486 716 1975 487 718 1976 487 718 1977 58 719 1978 91 717 1979 487 718 1980 488 720 1981 58 719 1982 58 719 1983 488 720 1984 489 721 1985 58 719 1986 489 721 1987 61 722 1988 61 722 1989 489 721 1990 490 723 1991 61 722 1992 490 723 1993 63 724 1994 63 724 1995 490 723 1996 491 725 1997 63 724 1998 491 725 1999 64 726 2000 64 726 2001 491 725 2002 492 727 2003 64 726 2004 492 727 2005 66 728 2006 66 728 2007 492 727 2008 493 729 2009 66 728 2010 493 729 2011 69 730 2012 493 729 2013 71 731 2014 69 730 2015 493 729 2016 494 732 2017 71 731 2018 71 731 2019 494 732 2020 495 733 2021 71 731 2022 495 733 2023 73 734 2024 73 734 2025 495 733 2026 496 735 2027 73 734 2028 496 735 2029 74 736 2030 74 736 2031 496 735 2032 334 737 2033 74 736 2034 334 737 2035 56 738 2036 497 739 2037 498 740 2038 396 741 2039 497 739 2040 396 741 2041 372 742 2042 371 743 2043 497 739 2044 372 742 2045 371 743 2046 499 744 2047 497 739 2048 374 745 2049 499 744 2050 371 743 2051 374 745 2052 500 746 2053 499 744 2054 376 747 2055 500 746 2056 374 745 2057 376 747 2058 501 748 2059 500 746 2060 378 749 2061 501 748 2062 376 747 2063 378 749 2064 502 750 2065 501 748 2066 503 751 2067 502 750 2068 378 749 2069 503 751 2070 378 749 2071 380 752 2072 503 751 2073 380 752 2074 117 753 2075 503 751 2076 117 753 2077 340 754 2078 340 754 2079 117 753 2080 94 755 2081 340 754 2082 94 755 2083 339 756 2084 341 757 2085 1 758 2086 106 759 2087 341 757 2088 106 759 2089 105 760 2090 504 761 2091 341 757 2092 105 760 2093 504 761 2094 105 760 2095 382 762 2096 382 762 2097 505 763 2098 504 761 2099 382 762 2100 384 764 2101 505 763 2102 506 765 2103 505 763 2104 384 764 2105 506 765 2106 384 764 2107 386 766 2108 507 767 2109 506 765 2110 386 766 2111 507 767 2112 386 766 2113 388 768 2114 388 768 2115 508 769 2116 507 767 2117 388 768 2118 390 770 2119 508 769 2120 392 771 2121 508 769 2122 390 770 2123 392 771 2124 509 772 2125 508 769 2126 394 773 2127 509 772 2128 392 771 2129 394 773 2130 510 774 2131 509 772 2132 498 740 2133 510 774 2134 394 773 2135 498 740 2136 394 773 2137 396 741 2138 31 775 2139 509 776 2140 32 777 2141 31 775 2142 508 300 2143 509 776 2144 30 299 2145 508 300 2146 31 775 2147 30 299 2148 507 778 2149 508 300 2150 29 779 2151 507 778 2152 30 299 2153 29 779 2154 506 296 2155 507 778 2156 28 295 2157 506 296 2158 29 779 2159 28 295 2160 505 294 2161 506 296 2162 27 780 2163 505 294 2164 28 295 2165 27 780 2166 504 291 2167 505 294 2168 10 781 2169 504 291 2170 27 780 2171 10 781 2172 341 782 2173 504 291 2174 40 287 2175 340 288 2176 41 289 2177 40 287 2178 503 783 2179 340 288 2180 39 784 2181 503 783 2182 40 287 2183 39 784 2184 502 785 2185 503 783 2186 38 786 2187 502 785 2188 39 784 2189 38 786 2190 501 787 2191 502 785 2192 37 788 2193 501 787 2194 38 786 2195 37 788 2196 500 789 2197 501 787 2198 36 790 2199 500 789 2200 37 788 2201 36 790 2202 499 791 2203 500 789 2204 35 792 2205 499 791 2206 36 790 2207 35 792 2208 497 793 2209 499 791 2210 34 794 2211 497 793 2212 35 792 2213 34 794 2214 498 795 2215 497 793 2216 33 796 2217 498 795 2218 34 794 2219 33 796 2220 510 797 2221 498 795 2222 32 777 2223 510 797 2224 33 796 2225 32 777 2226 509 776 2227 510 797 2228 60 798 2229 240 799 2230 208 800 2231 60 798 2232 59 801 2233 240 799 2234 238 802 2235 240 799 2236 59 801 2237 238 802 2238 59 801 2239 62 803 2240 62 803 2241 236 804 2242 238 802 2243 62 803 2244 65 805 2245 236 804 2246 65 805 2247 234 806 2248 236 804 2249 65 805 2250 67 807 2251 234 806 2252 232 808 2253 234 806 2254 67 807 2255 232 808 2256 67 807 2257 68 809 2258 70 810 2259 232 808 2260 68 809 2261 70 810 2262 230 811 2263 232 808 2264 228 812 2265 230 811 2266 70 810 2267 228 812 2268 70 810 2269 72 813 2270 72 813 2271 226 814 2272 228 812 2273 72 813 2274 75 815 2275 226 814 2276 204 816 2277 226 814 2278 75 815 2279 204 816 2280 75 815 2281 55 817 2282 511 818 2283 512 819 2284 147 820 2285 511 818 2286 147 820 2287 145 821 2288 145 821 2289 513 822 2290 511 818 2291 145 821 2292 143 823 2293 513 822 2294 141 824 2295 513 822 2296 143 823 2297 141 824 2298 514 825 2299 513 822 2300 139 826 2301 514 825 2302 141 824 2303 139 826 2304 515 827 2305 514 825 2306 137 828 2307 515 827 2308 139 826 2309 137 828 2310 516 829 2311 515 827 2312 135 830 2313 516 829 2314 137 828 2315 135 830 2316 517 831 2317 516 829 2318 132 832 2319 517 831 2320 135 830 2321 132 832 2322 518 833 2323 517 831 2324 518 833 2325 132 832 2326 113 834 2327 518 833 2328 113 834 2329 3 835 2330 3 835 2331 113 834 2332 106 836 2333 3 835 2334 106 836 2335 1 837 2336 43 838 2337 45 839 2338 101 840 2339 43 838 2340 101 840 2341 114 841 2342 519 842 2343 43 838 2344 114 841 2345 519 842 2346 114 841 2347 131 843 2348 131 843 2349 520 844 2350 519 842 2351 131 843 2352 129 845 2353 520 844 2354 129 845 2355 521 846 2356 520 844 2357 129 845 2358 127 847 2359 521 846 2360 127 847 2361 522 848 2362 521 846 2363 127 847 2364 125 849 2365 522 848 2366 125 849 2367 523 850 2368 522 848 2369 125 849 2370 123 851 2371 523 850 2372 524 852 2373 523 850 2374 123 851 2375 524 852 2376 123 851 2377 121 853 2378 120 854 2379 524 852 2380 121 853 2381 120 854 2382 525 855 2383 524 852 2384 147 820 2385 525 855 2386 120 854 2387 147 820 2388 512 819 2389 525 855 2390 151 856 2391 153 857 2392 194 858 2393 151 856 2394 194 858 2395 196 859 2396 149 860 2397 151 856 2398 196 859 2399 149 860 2400 196 859 2401 198 861 2402 200 862 2403 149 860 2404 198 861 2405 200 862 2406 175 863 2407 149 860 2408 202 864 2409 175 863 2410 200 862 2411 202 864 2412 173 865 2413 175 863 2414 202 864 2415 171 866 2416 173 865 2417 202 864 2418 178 867 2419 171 866 2420 177 868 2421 171 866 2422 178 867 2423 177 868 2424 169 869 2425 171 866 2426 177 868 2427 167 870 2428 169 869 2429 177 868 2430 180 871 2431 167 870 2432 165 872 2433 167 870 2434 180 871 2435 165 872 2436 180 871 2437 182 873 2438 184 874 2439 165 872 2440 182 873 2441 184 874 2442 163 875 2443 165 872 2444 186 876 2445 163 875 2446 184 874 2447 186 876 2448 161 877 2449 163 875 2450 161 877 2451 186 876 2452 102 878 2453 161 877 2454 102 878 2455 47 879 2456 47 879 2457 102 878 2458 101 880 2459 47 879 2460 101 880 2461 45 881 2462 526 882 2463 527 16 2464 528 883 2465 527 16 2466 529 16 2467 528 883 2468 529 16 2469 530 16 2470 528 883 2471 531 884 2472 532 885 2473 533 886 2474 534 887 2475 531 884 2476 533 886 2477 534 887 2478 533 886 2479 535 888 2480 534 887 2481 535 888 2482 536 889 2483 534 887 2484 536 889 2485 537 890 2486 534 887 2487 537 890 2488 526 882 2489 538 16 2490 534 887 2491 526 882 2492 528 883 2493 538 16 2494 526 882 2495 528 883 2496 337 891 2497 538 16 2498 528 883 2499 336 892 2500 337 891 2501 528 883 2502 539 893 2503 336 892 2504 528 883 2505 540 16 2506 539 893 2507 528 883 2508 541 894 2509 540 16 2510 528 883 2511 542 895 2512 541 894 2513 464 896 2514 428 897 2515 429 898 2516 464 896 2517 462 899 2518 428 897 2519 428 897 2520 462 899 2521 460 900 2522 428 897 2523 460 900 2524 427 901 2525 460 900 2526 426 902 2527 427 901 2528 460 900 2529 458 903 2530 426 902 2531 51 904 2532 426 902 2533 458 903 2534 51 904 2535 458 903 2536 98 905 2537 97 906 2538 51 904 2539 98 905 2540 97 906 2541 49 907 2542 51 904 2543 159 908 2544 49 907 2545 97 906 2546 159 908 2547 97 906 2548 188 909 2549 188 909 2550 157 910 2551 159 908 2552 188 909 2553 190 911 2554 157 910 2555 192 912 2556 157 910 2557 190 911 2558 192 912 2559 155 913 2560 157 910 2561 194 858 2562 155 913 2563 192 912 2564 194 858 2565 153 857 2566 155 913 2567 215 914 2568 209 915 2569 206 916 2570 215 914 2571 211 917 2572 209 915 2573 215 914 2574 213 404 2575 211 917 2576 219 918 2577 217 919 2578 215 914 2579 221 404 2580 219 918 2581 215 914 2582 223 920 2583 221 404 2584 215 914 2585 224 921 2586 223 920 2587 215 914 2588 225 404 2589 224 921 2590 215 914 2591 227 922 2592 225 404 2593 215 914 2594 206 916 2595 227 922 2596 215 914 2597 206 916 2598 229 923 2599 227 922 2600 206 916 2601 241 924 2602 229 923 2603 241 924 2604 239 925 2605 229 923 2606 239 925 2607 237 926 2608 229 923 2609 237 926 2610 235 404 2611 229 923 2612 235 404 2613 231 404 2614 229 923 2615 235 404 2616 233 404 2617 231 404 2618 338 927 2619 339 928 2620 94 929 2621 338 927 2622 94 929 2623 93 930 2624 93 930 2625 471 931 2626 338 927 2627 93 930 2628 410 932 2629 471 931 2630 412 933 2631 471 931 2632 410 932 2633 412 933 2634 470 934 2635 471 931 2636 412 933 2637 469 935 2638 470 934 2639 412 933 2640 414 936 2641 469 935 2642 468 937 2643 469 935 2644 414 936 2645 468 937 2646 414 936 2647 416 938 2648 418 939 2649 468 937 2650 416 938 2651 418 939 2652 467 940 2653 468 937 2654 420 941 2655 467 940 2656 418 939 2657 420 941 2658 466 942 2659 467 940 2660 420 941 2661 479 943 2662 466 942 2663 420 941 2664 422 944 2665 479 943 2666 422 944 2667 478 945 2668 479 943 2669 422 944 2670 424 946 2671 478 945 2672 400 947 2673 478 945 2674 424 946 2675 400 947 2676 477 948 2677 478 945 2678 399 949 2679 477 948 2680 400 947 2681 399 949 2682 476 950 2683 477 948 2684 402 951 2685 476 950 2686 399 949 2687 402 951 2688 475 952 2689 476 950 2690 404 953 2691 475 952 2692 402 951 2693 404 953 2694 474 954 2695 475 952 2696 406 955 2697 474 954 2698 404 953 2699 406 955 2700 473 956 2701 474 954 2702 408 957 2703 473 956 2704 406 955 2705 408 957 2706 472 958 2707 473 956 2708 472 958 2709 408 957 2710 108 959 2711 472 958 2712 108 959 2713 53 960 2714 52 961 2715 53 960 2716 108 959 2717 52 961 2718 108 959 2719 110 962 2720 464 896 2721 52 961 2722 110 962 2723 464 896 2724 429 898 2725 52 961 2726 187 963 2727 185 964 2728 448 965 2729 187 963 2730 448 965 2731 449 966 2732 449 966 2733 100 967 2734 187 963 2735 449 966 2736 317 968 2737 100 967 2738 103 969 2739 100 967 2740 317 968 2741 103 969 2742 317 968 2743 315 970 2744 195 971 2745 453 972 2746 454 973 2747 195 971 2748 454 973 2749 197 974 2750 197 974 2751 454 973 2752 455 975 2753 197 974 2754 455 975 2755 199 976 2756 455 975 2757 201 977 2758 199 976 2759 455 975 2760 456 978 2761 201 977 2762 203 979 2763 201 977 2764 456 978 2765 203 979 2766 456 978 2767 457 980 2768 203 979 2769 457 980 2770 445 981 2771 203 979 2772 445 981 2773 176 982 2774 445 981 2775 179 983 2776 176 982 2777 445 981 2778 444 984 2779 179 983 2780 179 983 2781 444 984 2782 446 985 2783 179 983 2784 446 985 2785 181 986 2786 181 986 2787 446 985 2788 447 987 2789 181 986 2790 447 987 2791 183 988 2792 447 987 2793 185 964 2794 183 988 2795 447 987 2796 448 965 2797 185 964 2798 326 989 2799 465 990 2800 323 991 2801 326 989 2802 463 992 2803 465 990 2804 461 993 2805 463 992 2806 326 989 2807 461 993 2808 326 989 2809 328 994 2810 330 995 2811 461 993 2812 328 994 2813 330 995 2814 459 996 2815 461 993 2816 459 996 2817 330 995 2818 320 997 2819 459 996 2820 320 997 2821 96 998 2822 320 997 2823 99 999 2824 96 998 2825 320 997 2826 319 1000 2827 99 999 2828 450 1001 2829 99 999 2830 319 1000 2831 450 1001 2832 189 1002 2833 99 999 2834 189 1002 2835 450 1001 2836 451 1003 2837 189 1002 2838 451 1003 2839 191 1004 2840 193 1005 2841 191 1004 2842 451 1003 2843 193 1005 2844 451 1003 2845 452 1006 2846 452 1006 2847 195 971 2848 193 1005 2849 452 1006 2850 453 972 2851 195 971 2852 398 1007 2853 425 1008 2854 443 1009 2855 398 1007 2856 443 1009 2857 431 1010 2858 431 1010 2859 401 1011 2860 398 1007 2861 431 1010 2862 430 1012 2863 401 1011 2864 403 1013 2865 401 1011 2866 430 1012 2867 403 1013 2868 430 1012 2869 432 1014 2870 432 1014 2871 405 1015 2872 403 1013 2873 432 1014 2874 433 1016 2875 405 1015 2876 407 1017 2877 405 1015 2878 433 1016 2879 407 1017 2880 433 1016 2881 434 1018 2882 434 1018 2883 409 1019 2884 407 1017 2885 434 1018 2886 435 1020 2887 409 1019 2888 435 1020 2889 111 1021 2890 409 1019 2891 435 1020 2892 333 1022 2893 111 1021 2894 111 1021 2895 333 1022 2896 324 1023 2897 111 1021 2898 324 1023 2899 109 1024 2900 324 1023 2901 465 990 2902 109 1024 2903 324 1023 2904 323 991 2905 465 990 2906 243 1025 2907 92 1026 2908 244 1027 2909 243 1025 2910 95 1028 2911 92 1026 2912 436 1029 2913 95 1028 2914 243 1025 2915 436 1029 2916 411 1030 2917 95 1028 2918 436 1029 2919 413 1031 2920 411 1030 2921 436 1029 2922 437 1032 2923 413 1031 2924 413 1031 2925 437 1032 2926 438 1033 2927 413 1031 2928 438 1033 2929 415 1034 2930 415 1034 2931 438 1033 2932 439 1035 2933 415 1034 2934 439 1035 2935 417 1036 2936 439 1035 2937 419 1037 2938 417 1036 2939 439 1035 2940 440 1038 2941 419 1037 2942 421 1039 2943 419 1037 2944 440 1038 2945 421 1039 2946 440 1038 2947 441 1040 2948 421 1039 2949 441 1040 2950 442 1041 2951 421 1039 2952 442 1041 2953 423 1042 2954 423 1042 2955 442 1041 2956 443 1009 2957 423 1042 2958 443 1009 2959 425 1008 2960 543 16 2961 544 16 2962 545 1043 2963 546 1044 2964 543 16 2965 545 1043 2966 546 1044 2967 545 1043 2968 547 1045 2969 546 1044 2970 547 1045 2971 548 1046 2972 546 1044 2973 548 1046 2974 549 1047 2975 546 1044 2976 549 1047 2977 550 1048 2978 546 1044 2979 550 1048 2980 551 1049 2981 552 1050 2982 546 1044 2983 551 1049 2984 553 16 2985 552 1050 2986 551 1049 2987 554 16 2988 553 16 2989 551 1049 2990 44 1051 2991 554 16 2992 551 1049 2993 44 1051 2994 551 1049 2995 555 1052 2996 44 1051 2997 555 1052 2998 556 1053 2999 44 1051 3000 556 1053 3001 557 1054 3002 44 1051 3003 557 1054 3004 0 1055 3005 42 1056 3006 44 1051 3007 0 1055 3008 42 1056 3009 0 1055 3010 8 9 3011 0 1055 3012 2 7 3013 8 9 3014 164 1057 3015 162 1058 3016 160 1059 3017 160 1059 3018 166 1060 3019 164 1057 3020 160 1059 3021 168 1061 3022 166 1060 3023 160 1059 3024 170 1062 3025 168 1061 3026 160 1059 3027 172 1063 3028 170 1062 3029 160 1059 3030 174 1064 3031 172 1063 3032 160 1059 3033 150 1065 3034 174 1064 3035 160 1059 3036 148 1066 3037 150 1065 3038 160 1059 3039 152 16 3040 148 1066 3041 160 1059 3042 154 16 3043 152 16 3044 160 1059 3045 156 1067 3046 154 16 3047 160 1059 3048 158 1068 3049 156 1067 3050 160 1059 3051 50 1069 3052 158 1068 3053 160 1059 3054 46 1070 3055 50 1069 3056 46 1070 3057 42 1056 3058 50 1069 3059 42 1056 3060 8 9 3061 50 1069 3062 8 9 3063 48 1071 3064 50 1069 3065 539 1072 3066 335 75 3067 336 1073 3068 539 1072 3069 480 1074 3070 335 75 3071 540 1075 3072 480 1074 3073 539 1072 3074 540 1075 3075 481 1076 3076 480 1074 3077 541 1077 3078 481 1076 3079 540 1075 3080 541 1077 3081 482 1078 3082 481 1076 3083 542 1079 3084 482 1078 3085 541 1077 3086 542 1079 3087 483 1080 3088 482 1078 3089 528 1081 3090 483 1080 3091 542 1079 3092 528 1081 3093 484 1082 3094 483 1080 3095 530 1083 3096 484 1082 3097 528 1081 3098 530 1083 3099 485 232 3100 484 1082 3101 529 1084 3102 485 232 3103 530 1083 3104 529 1084 3105 486 1085 3106 485 232 3107 527 1086 3108 486 1085 3109 529 1084 3110 527 1086 3111 487 1087 3112 486 1085 3113 526 1088 3114 487 1087 3115 527 1086 3116 526 1088 3117 488 1089 3118 487 1087 3119 537 1090 3120 488 1089 3121 526 1088 3122 537 1090 3123 489 1091 3124 488 1089 3125 536 1092 3126 489 1091 3127 537 1090 3128 536 1092 3129 490 1093 3130 489 1091 3131 535 1094 3132 490 1093 3133 536 1092 3134 535 1094 3135 491 1095 3136 490 1093 3137 533 1096 3138 491 1095 3139 535 1094 3140 533 1096 3141 492 1097 3142 491 1095 3143 532 1098 3144 492 1097 3145 533 1096 3146 532 1098 3147 493 1099 3148 492 1097 3149 531 1100 3150 493 1099 3151 532 1098 3152 531 1100 3153 494 1101 3154 493 1099 3155 534 1102 3156 494 1101 3157 531 1100 3158 534 1102 3159 495 1103 3160 494 1101 3161 538 1104 3162 495 1103 3163 534 1102 3164 538 1104 3165 496 1105 3166 495 1103 3167 337 1106 3168 496 1105 3169 538 1104 3170 337 1106 3171 334 1107 3172 496 1105 3173 76 1108 3174 205 1109 3175 57 1110 3176 76 1108 3177 222 1111 3178 205 1109 3179 76 1108 3180 220 1112 3181 222 1111 3182 76 1108 3183 79 1113 3184 220 1112 3185 79 1113 3186 218 1114 3187 220 1112 3188 79 1113 3189 80 1115 3190 218 1114 3191 216 1116 3192 218 1114 3193 80 1115 3194 216 1116 3195 80 1115 3196 82 1117 3197 84 1118 3198 216 1116 3199 82 1117 3200 84 1118 3201 214 1119 3202 216 1116 3203 87 1120 3204 214 1119 3205 84 1118 3206 87 1120 3207 212 1121 3208 214 1119 3209 89 1122 3210 212 1121 3211 87 1120 3212 89 1122 3213 210 1123 3214 212 1121 3215 90 1124 3216 210 1123 3217 89 1122 3218 90 1124 3219 207 1125 3220 210 1123 3221 60 798 3222 207 1125 3223 90 1124 3224 60 798 3225 208 800 3226 207 1125 3227 557 1126 3228 3 328 3229 0 329 3230 557 1126 3231 518 326 3232 3 328 3233 556 325 3234 518 326 3235 557 1126 3236 556 325 3237 517 324 3238 518 326 3239 555 1127 3240 517 324 3241 556 325 3242 555 1127 3243 516 1128 3244 517 324 3245 551 1129 3246 516 1128 3247 555 1127 3248 551 1129 3249 515 1130 3250 516 1128 3251 550 319 3252 515 1130 3253 551 1129 3254 550 319 3255 514 318 3256 515 1130 3257 549 1131 3258 514 318 3259 550 319 3260 549 1131 3261 513 1132 3262 514 318 3263 548 1133 3264 513 1132 3265 549 1131 3266 548 1133 3267 511 1134 3268 513 1132 3269 547 1135 3270 511 1134 3271 548 1133 3272 547 1135 3273 512 1136 3274 511 1134 3275 545 1137 3276 512 1136 3277 547 1135 3278 545 1137 3279 525 343 3280 512 1136 3281 544 1138 3282 525 343 3283 545 1137 3284 544 1138 3285 524 1139 3286 525 343 3287 543 1140 3288 524 1139 3289 544 1138 3290 543 1140 3291 523 1141 3292 524 1139 3293 546 1142 3294 523 1141 3295 543 1140 3296 546 1142 3297 522 1143 3298 523 1141 3299 552 1144 3300 522 1143 3301 546 1142 3302 552 1144 3303 521 1145 3304 522 1143 3305 553 1146 3306 521 1145 3307 552 1144 3308 553 1146 3309 520 1147 3310 521 1145 3311 554 333 3312 520 1147 3313 553 1146 3314 554 333 3315 519 1148 3316 520 1147 3317 44 1149 3318 519 1148 3319 554 333 3320 44 1149 3321 43 1150 3322 519 1148 3323</p>
        </triangles>
      </mesh>
    </geometry>
  </library_geometries>
  <library_controllers>
    <controller id="pickup_powerup_king_qc_skeleton_pickup_powerup_king-skin" name="pickup_powerup_king.qc_skeleton">
      <skin source="#pickup_powerup_king-mesh">
        <bind_shape_matrix>1 0 0 0 0 1 0 0 0 0 1 0 0 0 0 1</bind_shape_matrix>
        <source id="pickup_powerup_king_qc_skeleton_pickup_powerup_king-skin-joints">
          <Name_array id="pickup_powerup_king_qc_skeleton_pickup_powerup_king-skin-joints-array" count="1">jnt_spin</Name_array>
          <technique_common>
            <accessor source="#pickup_powerup_king_qc_skeleton_pickup_powerup_king-skin-joints-array" count="1" stride="1">
              <param name="JOINT" type="name"/>
            </accessor>
          </technique_common>
        </source>
        <source id="pickup_powerup_king_qc_skeleton_pickup_powerup_king-skin-bind_poses">
          <float_array id="pickup_powerup_king_qc_skeleton_pickup_powerup_king-skin-bind_poses-array" count="16">0.9985334 0 -0.05413848 0 0 1 0 0 0.05413848 0 0.9985334 0 0 0 0 1</float_array>
          <technique_common>
            <accessor source="#pickup_powerup_king_qc_skeleton_pickup_powerup_king-skin-bind_poses-array" count="1" stride="16">
              <param name="TRANSFORM" type="float4x4"/>
            </accessor>
          </technique_common>
        </source>
        <source id="pickup_powerup_king_qc_skeleton_pickup_powerup_king-skin-weights">
          <float_array id="pickup_powerup_king_qc_skeleton_pickup_powerup_king-skin-weights-array" count="558">1 1 1 1 1 1 1 1 1 1 1 1 1 1 1 1 1 1 1 1 1 1 1 1 1 1 1 1 1 1 1 1 1 1 1 1 1 1 1 1 1 1 1 1 1 1 1 1 1 1 1 1 1 1 1 1 1 1 1 1 1 1 1 1 1 1 1 1 1 1 1 1 1 1 1 1 1 1 1 1 1 1 1 1 1 1 1 1 1 1 1 1 1 1 1 1 1 1 1 1 1 1 1 1 1 1 1 1 1 1 1 1 1 1 1 1 1 1 1 1 1 1 1 1 1 1 1 1 1 1 1 1 1 1 1 1 1 1 1 1 1 1 1 1 1 1 1 1 1 1 1 1 1 1 1 1 1 1 1 1 1 1 1 1 1 1 1 1 1 1 1 1 1 1 1 1 1 1 1 1 1 1 1 1 1 1 1 1 1 1 1 1 1 1 1 1 1 1 1 1 1 1 1 1 1 1 1 1 1 1 1 1 1 1 1 1 1 1 1 1 1 1 1 1 1 1 1 1 1 1 1 1 1 1 1 1 1 1 1 1 1 1 1 1 1 1 1 1 1 1 1 1 1 1 1 1 1 1 1 1 1 1 1 1 1 1 1 1 1 1 1 1 1 1 1 1 1 1 1 1 1 1 1 1 1 1 1 1 1 1 1 1 1 1 1 1 1 1 1 1 1 1 1 1 1 1 1 1 1 1 1 1 1 1 1 1 1 1 1 1 1 1 1 1 1 1 1 1 1 1 1 1 1 1 1 1 1 1 1 1 1 1 1 1 1 1 1 1 1 1 1 1 1 1 1 1 1 1 1 1 1 1 1 1 1 1 1 1 1 1 1 1 1 1 1 1 1 1 1 1 1 1 1 1 1 1 1 1 1 1 1 1 1 1 1 1 1 1 1 1 1 1 1 1 1 1 1 1 1 1 1 1 1 1 1 1 1 1 1 1 1 1 1 1 1 1 1 1 1 1 1 1 1 1 1 1 1 1 1 1 1 1 1 1 1 1 1 1 1 1 1 1 1 1 1 1 1 1 1 1 1 1 1 1 1 1 1 1 1 1 1 1 1 1 1 1 1 1 1 1 1 1 1 1 1 1 1 1 1 1 1 1 1 1 1 1 1 1 1 1 1 1 1 1 1 1 1 1 1 1 1 1 1 1 1 1 1 1 1 1 1 1 1 1 1 1 1 1 1 1 1 1 1 1 1 1 1 1 1 1 1 1 1 1 1 1 1 1 1 1 1 1 1 1 1 1 1 1</float_array>
          <technique_common>
            <accessor source="#pickup_powerup_king_qc_skeleton_pickup_powerup_king-skin-weights-array" count="558" stride="1">
              <param name="WEIGHT" type="float"/>
            </accessor>
          </technique_common>
        </source>
        <joints>
          <input semantic="JOINT" source="#pickup_powerup_king_qc_skeleton_pickup_powerup_king-skin-joints"/>
          <input semantic="INV_BIND_MATRIX" source="#pickup_powerup_king_qc_skeleton_pickup_powerup_king-skin-bind_poses"/>
        </joints>
        <vertex_weights count="558">
          <input semantic="JOINT" source="#pickup_powerup_king_qc_skeleton_pickup_powerup_king-skin-joints" offset="0"/>
          <input semantic="WEIGHT" source="#pickup_powerup_king_qc_skeleton_pickup_powerup_king-skin-weights" offset="1"/>
          <vcount>1 1 1 1 1 1 1 1 1 1 1 1 1 1 1 1 1 1 1 1 1 1 1 1 1 1 1 1 1 1 1 1 1 1 1 1 1 1 1 1 1 1 1 1 1 1 1 1 1 1 1 1 1 1 1 1 1 1 1 1 1 1 1 1 1 1 1 1 1 1 1 1 1 1 1 1 1 1 1 1 1 1 1 1 1 1 1 1 1 1 1 1 1 1 1 1 1 1 1 1 1 1 1 1 1 1 1 1 1 1 1 1 1 1 1 1 1 1 1 1 1 1 1 1 1 1 1 1 1 1 1 1 1 1 1 1 1 1 1 1 1 1 1 1 1 1 1 1 1 1 1 1 1 1 1 1 1 1 1 1 1 1 1 1 1 1 1 1 1 1 1 1 1 1 1 1 1 1 1 1 1 1 1 1 1 1 1 1 1 1 1 1 1 1 1 1 1 1 1 1 1 1 1 1 1 1 1 1 1 1 1 1 1 1 1 1 1 1 1 1 1 1 1 1 1 1 1 1 1 1 1 1 1 1 1 1 1 1 1 1 1 1 1 1 1 1 1 1 1 1 1 1 1 1 1 1 1 1 1 1 1 1 1 1 1 1 1 1 1 1 1 1 1 1 1 1 1 1 1 1 1 1 1 1 1 1 1 1 1 1 1 1 1 1 1 1 1 1 1 1 1 1 1 1 1 1 1 1 1 1 1 1 1 1 1 1 1 1 1 1 1 1 1 1 1 1 1 1 1 1 1 1 1 1 1 1 1 1 1 1 1 1 1 1 1 1 1 1 1 1 1 1 1 1 1 1 1 1 1 1 1 1 1 1 1 1 1 1 1 1 1 1 1 1 1 1 1 1 1 1 1 1 1 1 1 1 1 1 1 1 1 1 1 1 1 1 1 1 1 1 1 1 1 1 1 1 1 1 1 1 1 1 1 1 1 1 1 1 1 1 1 1 1 1 1 1 1 1 1 1 1 1 1 1 1 1 1 1 1 1 1 1 1 1 1 1 1 1 1 1 1 1 1 1 1 1 1 1 1 1 1 1 1 1 1 1 1 1 1 1 1 1 1 1 1 1 1 1 1 1 1 1 1 1 1 1 1 1 1 1 1 1 1 1 1 1 1 1 1 1 1 1 1 1 1 1 1 1 1 1 1 1 1 1 1 1 1 1 1 1 1 1 1 1 1 1 1 1 1 1 1 1 1 1 1 1 1 1 1 1 1 1 1 1 1 1 1 1 1 1 1 1 1 1 1 1 1 1 </vcount>
          <v>0 0 0 1 0 2 0 3 0 4 0 5 0 6 0 7 0 8 0 9 0 10 0 11 0 12 0 13 0 14 0 15 0 16 0 17 0 18 0 19 0 20 0 21 0 22 0 23 0 24 0 25 0 26 0 27 0 28 0 29 0 30 0 31 0 32 0 33 0 34 0 35 0 36 0 37 0 38 0 39 0 40 0 41 0 42 0 43 0 44 0 45 0 46 0 47 0 48 0 49 0 50 0 51 0 52 0 53 0 54 0 55 0 56 0 57 0 58 0 59 0 60 0 61 0 62 0 63 0 64 0 65 0 66 0 67 0 68 0 69 0 70 0 71 0 72 0 73 0 74 0 75 0 76 0 77 0 78 0 79 0 80 0 81 0 82 0 83 0 84 0 85 0 86 0 87 0 88 0 89 0 90 0 91 0 92 0 93 0 94 0 95 0 96 0 97 0 98 0 99 0 100 0 101 0 102 0 103 0 104 0 105 0 106 0 107 0 108 0 109 0 110 0 111 0 112 0 113 0 114 0 115 0 116 0 117 0 118 0 119 0 120 0 121 0 122 0 123 0 124 0 125 0 126 0 127 0 128 0 129 0 130 0 131 0 132 0 133 0 134 0 135 0 136 0 137 0 138 0 139 0 140 0 141 0 142 0 143 0 144 0 145 0 146 0 147 0 148 0 149 0 150 0 151 0 152 0 153 0 154 0 155 0 156 0 157 0 158 0 159 0 160 0 161 0 162 0 163 0 164 0 165 0 166 0 167 0 168 0 169 0 170 0 171 0 172 0 173 0 174 0 175 0 176 0 177 0 178 0 179 0 180 0 181 0 182 0 183 0 184 0 185 0 186 0 187 0 188 0 189 0 190 0 191 0 192 0 193 0 194 0 195 0 196 0 197 0 198 0 199 0 200 0 201 0 202 0 203 0 204 0 205 0 206 0 207 0 208 0 209 0 210 0 211 0 212 0 213 0 214 0 215 0 216 0 217 0 218 0 219 0 220 0 221 0 222 0 223 0 224 0 225 0 226 0 227 0 228 0 229 0 230 0 231 0 232 0 233 0 234 0 235 0 236 0 237 0 238 0 239 0 240 0 241 0 242 0 243 0 244 0 245 0 246 0 247 0 248 0 249 0 250 0 251 0 252 0 253 0 254 0 255 0 256 0 257 0 258 0 259 0 260 0 261 0 262 0 263 0 264 0 265 0 266 0 267 0 268 0 269 0 270 0 271 0 272 0 273 0 274 0 275 0 276 0 277 0 278 0 279 0 280 0 281 0 282 0 283 0 284 0 285 0 286 0 287 0 288 0 289 0 290 0 291 0 292 0 293 0 294 0 295 0 296 0 297 0 298 0 299 0 300 0 301 0 302 0 303 0 304 0 305 0 306 0 307 0 308 0 309 0 310 0 311 0 312 0 313 0 314 0 315 0 316 0 317 0 318 0 319 0 320 0 321 0 322 0 323 0 324 0 325 0 326 0 327 0 328 0 329 0 330 0 331 0 332 0 333 0 334 0 335 0 336 0 337 0 338 0 339 0 340 0 341 0 342 0 343 0 344 0 345 0 346 0 347 0 348 0 349 0 350 0 351 0 352 0 353 0 354 0 355 0 356 0 357 0 358 0 359 0 360 0 361 0 362 0 363 0 364 0 365 0 366 0 367 0 368 0 369 0 370 0 371 0 372 0 373 0 374 0 375 0 376 0 377 0 378 0 379 0 380 0 381 0 382 0 383 0 384 0 385 0 386 0 387 0 388 0 389 0 390 0 391 0 392 0 393 0 394 0 395 0 396 0 397 0 398 0 399 0 400 0 401 0 402 0 403 0 404 0 405 0 406 0 407 0 408 0 409 0 410 0 411 0 412 0 413 0 414 0 415 0 416 0 417 0 418 0 419 0 420 0 421 0 422 0 423 0 424 0 425 0 426 0 427 0 428 0 429 0 430 0 431 0 432 0 433 0 434 0 435 0 436 0 437 0 438 0 439 0 440 0 441 0 442 0 443 0 444 0 445 0 446 0 447 0 448 0 449 0 450 0 451 0 452 0 453 0 454 0 455 0 456 0 457 0 458 0 459 0 460 0 461 0 462 0 463 0 464 0 465 0 466 0 467 0 468 0 469 0 470 0 471 0 472 0 473 0 474 0 475 0 476 0 477 0 478 0 479 0 480 0 481 0 482 0 483 0 484 0 485 0 486 0 487 0 488 0 489 0 490 0 491 0 492 0 493 0 494 0 495 0 496 0 497 0 498 0 499 0 500 0 501 0 502 0 503 0 504 0 505 0 506 0 507 0 508 0 509 0 510 0 511 0 512 0 513 0 514 0 515 0 516 0 517 0 518 0 519 0 520 0 521 0 522 0 523 0 524 0 525 0 526 0 527 0 528 0 529 0 530 0 531 0 532 0 533 0 534 0 535 0 536 0 537 0 538 0 539 0 540 0 541 0 542 0 543 0 544 0 545 0 546 0 547 0 548 0 549 0 550 0 551 0 552 0 553 0 554 0 555 0 556 0 557</v>
        </vertex_weights>
      </skin>
    </controller>
  </library_controllers>
  <library_animations>
    <animation id="action_container-pickup_powerup_king_qc_skeleton" name="pickup_powerup_king.qc_skeleton"/>
  </library_animations>
  <library_visual_scenes>
    <visual_scene id="emitter_qc" name="emitter.qc">
      <node id="pickup_powerup_king_qc_skeleton" name="pickup_powerup_king.qc_skeleton" type="NODE">
        <matrix sid="transform">1 0 0 0 0 1 0 0 0 0 1 0 0 0 0 1</matrix>
        <node id="pickup_powerup_king_qc_skeleton_jnt_spin" name="jnt_spin" sid="jnt_spin" type="JOINT">
          <matrix sid="transform">0.9985334 0 0.05413851 0 0 1 0 0 -0.05413851 0 0.9985334 0 0 0 0 1</matrix>
          <extra>
            <technique profile="blender">
              <layer sid="layer" type="string">0</layer>
              <roll sid="roll" type="float">0.05416494</roll>
              <tip_x sid="tip_x" type="float">0</tip_x>
              <tip_y sid="tip_y" type="float">0.000999987</tip_y>
              <tip_z sid="tip_z" type="float">0</tip_z>
            </technique>
          </extra>
        </node>
        <node id="pickup_powerup_king" name="pickup_powerup_king" type="NODE">
          <matrix sid="transform">1 0 0 0 0 1 0 0 0 0 1 0 0 0 0 1</matrix>
          <instance_controller url="#pickup_powerup_king_qc_skeleton_pickup_powerup_king-skin">
            <skeleton>#pickup_powerup_king_qc_skeleton_jnt_spin</skeleton>
            <bind_material>
              <technique_common>
                <instance_material symbol="pickup_powerup_set_new-material" target="#pickup_powerup_set_new-material">
                  <bind_vertex_input semantic="UVMap" input_semantic="TEXCOORD" input_set="0"/>
                </instance_material>
              </technique_common>
            </bind_material>
          </instance_controller>
        </node>
      </node>
    </visual_scene>
  </library_visual_scenes>
  <scene>
    <instance_visual_scene url="#emitter_qc"/>
  </scene>
</COLLADA>