<?xml version="1.0" encoding="utf-8"?>
<COLLADA xmlns="http://www.collada.org/2005/11/COLLADASchema" version="1.4.1" xmlns:xsi="http://www.w3.org/2001/XMLSchema-instance">
  <asset>
    <contributor>
      <author>Blender User</author>
      <authoring_tool>Blender 2.90.1 commit date:2020-09-23, commit time:06:43, hash:3e85bb34d0d7</authoring_tool>
    </contributor>
    <created>2023-10-29T01:44:08</created>
    <modified>2023-10-29T01:44:08</modified>
    <unit name="meter" meter="1"/>
    <up_axis>Z_UP</up_axis>
  </asset>
  <library_effects>
    <effect id="pickup_powerup_set_new-effect">
      <profile_COMMON>
        <newparam sid="pickup_powerup_set_new_png-surface">
          <surface type="2D">
            <init_from>pickup_powerup_set_new_png</init_from>
          </surface>
        </newparam>
        <newparam sid="pickup_powerup_set_new_png-sampler">
          <sampler2D>
            <source>pickup_powerup_set_new_png-surface</source>
          </sampler2D>
        </newparam>
        <technique sid="common">
          <lambert>
            <emission>
              <color sid="emission">0 0 0 1</color>
            </emission>
            <diffuse>
              <texture texture="pickup_powerup_set_new_png-sampler" texcoord="UVMap"/>
            </diffuse>
            <index_of_refraction>
              <float sid="ior">1.45</float>
            </index_of_refraction>
          </lambert>
        </technique>
      </profile_COMMON>
    </effect>
  </library_effects>
  <library_images>
    <image id="pickup_powerup_set_new_png" name="pickup_powerup_set_new_png">
      <init_from>pickup_powerup_set_new.png</init_from>
    </image>
  </library_images>
  <library_materials>
    <material id="pickup_powerup_set_new-material" name="pickup_powerup_set_new">
      <instance_effect url="#pickup_powerup_set_new-effect"/>
    </material>
  </library_materials>
  <library_geometries>
    <geometry id="pickup_powerup_strength-mesh" name="pickup_powerup_strength">
      <mesh>
        <source id="pickup_powerup_strength-mesh-positions">
          <float_array id="pickup_powerup_strength-mesh-positions-array" count="3000">20.4889 42.5111 3.69 20.34 42.1515 3.69 20.9684 42.0316 4.304999 20.34 35.0325 3.69 20.9684 35.1524 4.304999 20.8485 42.66 3.69 20.4889 34.6729 3.69 20.8485 34.524 3.69 21.5689 42.66 3.69 21.877 41.9207 4.304999 22.1364 42.5471 3.69 21.5024 41.9853 4.304999 21.5689 34.524 3.69 21.5024 35.1987 4.304999 21.877 35.2633 4.304999 22.1364 34.6369 3.69 22.1382 35.4378 4.305 22.6176 34.9584 3.69 22.9391 35.4396 3.69 22.3127 35.699 4.305 23.052 36.0071 3.69 22.3773 36.0736 4.305 23.052 41.1769 3.69 22.3773 41.1104 4.305 22.3127 41.485 4.305 22.9391 41.7444 3.69 22.1382 41.7462 4.305 22.6176 42.2256 3.69 12.2133 25.3981 4.305 12.2133 51.7859 4.305 8.126711 51.7859 4.305 8.126711 25.3981 4.305 10.9505 24.5687 4.305 11.7069 24.7495 4.305 12.0947 24.9687 4.305 12.0947 52.2153 4.305 11.7069 52.4345 4.305 10.9505 52.6153 4.305 10.17 52.7152 4.305 9.38946 52.6153 4.304999 8.633111 52.4345 4.305 8.24529 52.2153 4.305 9.38946 24.5687 4.304999 10.17 24.4688 4.305 8.633111 24.7495 4.305 8.24529 24.9687 4.305 17.4104 28.6151 4.305 18.4956 28.8475 4.304999 18.9937 29.4683 4.305 18.8775 29.0513 4.305 15.8116 28.6151 4.305 16.611 28.5243 4.305 14.2283 29.4683 4.305 18.9937 47.7157 4.305 16.611 48.6597 4.305 14.2283 47.7157 4.305 15.8116 48.5689 4.305 14.7264 48.3365 4.305 14.3445 48.1327 4.304999 14.7264 28.8475 4.305 14.3445 29.0513 4.304999 17.4104 48.5689 4.305 18.4956 48.3365 4.304999 18.8775 48.1327 4.305 -12.2133 25.3981 4.305 -12.0947 24.9687 4.305 -11.7069 24.7495 4.305 -10.9505 24.5687 4.305 -8.126712 25.3981 4.305 -12.2133 51.7859 4.305 -8.126712 51.7859 4.305 -11.7069 52.4345 4.305 -12.0947 52.2153 4.305 -10.9505 52.6153 4.305 -10.17 52.7152 4.305 -9.389461 52.6153 4.305 -8.633111 52.4345 4.305 -8.24529 52.2153 4.305 -10.17 24.4688 4.305 -9.389461 24.5687 4.305 -8.633111 24.7495 4.305 -8.24529 24.9687 4.305 -17.4104 28.6151 -4.305 -18.4956 28.8475 -4.304999 -18.9937 29.4683 -4.305 -18.8775 29.0513 -4.305 -15.8116 28.6151 -4.305 -16.611 28.5243 -4.305 -14.2283 29.4683 -4.305 -18.9937 47.7157 -4.305 -16.611 48.6597 -4.305 -14.2283 47.7157 -4.305 -15.8116 48.5689 -4.305 -14.7264 48.3365 -4.305 -14.3445 48.1327 -4.304999 -14.7264 28.8475 -4.305 -14.3445 29.0513 -4.304999 -17.4104 48.5689 -4.305 -18.4956 48.3365 -4.304999 -18.8775 48.1327 -4.305 -16.611 48.6597 4.305 -17.4104 48.5689 4.305 -18.9937 47.7157 4.304999 -18.4956 48.3365 4.305 -18.8775 48.1327 4.304999 -18.9937 29.4683 4.304999 -18.8775 29.0513 4.304999 -18.4956 28.8475 4.305 -17.4104 28.6151 4.305 -14.2283 29.4683 4.305 -14.2283 47.7157 4.305 -15.8116 48.5689 4.304999 -14.7264 48.3365 4.305 -14.3445 48.1327 4.305 -16.611 28.5243 4.305 -15.8116 28.6151 4.304999 -14.7264 28.8475 4.305 -14.3445 29.0513 4.305 -9.38946 24.5687 -4.304999 -10.17 24.4688 -4.305 -10.9505 24.5687 -4.305 -11.7069 24.7495 -4.305 -12.0947 24.9687 -4.305 -12.2133 25.3981 -4.305 -8.126711 25.3981 -4.305 -8.633111 24.7495 -4.305 -8.24529 24.9687 -4.305 -12.2133 51.7859 -4.305 -8.126711 51.7859 -4.305 -12.0947 52.2153 -4.305 -11.7069 52.4345 -4.305 -10.9505 52.6153 -4.305 -10.17 52.7152 -4.305 -9.38946 52.6153 -4.304999 -8.633111 52.4345 -4.305 -8.24529 52.2153 -4.305 10.9505 24.5687 -4.305 10.17 24.4688 -4.305 9.389461 24.5687 -4.305 8.633111 24.7495 -4.305 8.24529 24.9687 -4.305 8.126712 25.3981 -4.305 12.2133 25.3981 -4.305 11.7069 24.7495 -4.305 12.0947 24.9687 -4.305 12.2133 51.7859 -4.305 8.126712 51.7859 -4.305 10.9505 52.6153 -4.305 10.17 52.7152 -4.305 9.389461 52.6153 -4.305 8.633111 52.4345 -4.305 8.24529 52.2153 -4.305 11.7069 52.4345 -4.305 12.0947 52.2153 -4.305 17.4104 28.6151 -4.305 16.611 28.5243 -4.305 15.8116 28.6151 -4.304999 14.2283 29.4683 -4.305 14.7264 28.8475 -4.305 14.3445 29.0513 -4.305 18.9937 29.4683 -4.304999 18.8775 29.0513 -4.304999 18.4956 28.8475 -4.305 18.9937 47.7157 -4.304999 16.611 48.6597 -4.305 14.2283 47.7157 -4.305 15.8116 48.5689 -4.304999 14.7264 48.3365 -4.305 14.3445 48.1327 -4.305 17.4104 48.5689 -4.305 18.4956 48.3365 -4.305 18.8775 48.1327 -4.304999 24.1952 34.9284 2.46 24.4024 35.8826 2.46 22.6476 43.8032 2.46 24.4024 41.3014 2.46 24.1952 42.2556 2.46 23.5764 43.1844 2.46 20.9892 43.9889 2.46 20.4889 42.5111 2.46 20.8485 42.66 2.46 21.5689 42.66 2.46 22.1364 42.5471 2.46 22.6176 42.2256 2.46 22.9391 41.7444 2.460001 23.052 41.1769 2.46 23.052 36.0071 2.46 22.9391 35.4396 2.460001 22.6176 34.9584 2.46 22.1364 34.6369 2.46 21.5689 34.524 2.46 23.5764 33.9996 2.46 22.6476 33.3808 2.46 21.7009 33.1744 2.46 20.9892 33.1951 2.46 20.8485 34.524 2.46 21.7009 44.0096 2.46 20.4889 34.6729 2.46 19.662 29.3542 2.46 20.34 35.0325 2.46 19.662 47.8298 2.46 20.34 42.1515 2.46 13.56 47.8298 2.46 13.8156 48.5569 2.46 12.882 51.8978 2.46 14.2286 50.2949 2.46 14.47 48.9642 2.46 15.7009 49.2378 2.46 15.4822 50.576 2.46 16.611 49.3377 2.46 16.611 50.6937 2.46 17.521 49.2378 2.46 17.7398 50.576 2.46 18.7519 48.9642 2.46 19.2449 50.228 2.46 19.4064 48.5569 2.46 20.4641 49.4054 2.46 21.0016 48.0418 2.46 14.2222 52.1059 2.46 12.6291 52.6326 2.46 11.9776 53.0561 2.46 13.6979 53.4671 2.46 12.4992 54.3083 2.46 11.0744 53.2819 2.46 11.3194 54.6156 2.46 10.17 53.3932 2.46 10.17 54.7492 2.46 9.265581 53.2819 2.46 9.020641 54.6156 2.46 8.362421 53.0561 2.46 7.840761 54.3083 2.46 7.71088 52.6326 2.46 6.64208 53.4671 2.46 6.117791 52.1059 2.46 7.458001 51.8978 2.46 6.12987 42.6703 2.46 6.78 41.91 2.46 -6.78 41.91 2.46 7.458001 25.2862 2.46 6.78 35.274 2.46 -6.12987 42.6703 2.46 -6.11779 52.1059 2.46 -6.78 35.274 2.46 -6.12987 34.5137 2.46 6.12987 34.5137 2.46 6.117791 25.0781 2.46 7.71088 24.5514 2.46 8.362421 24.1279 2.46 11.3194 22.5684 2.46 9.265581 23.9021 2.46 10.17 23.7908 2.46 11.0744 23.9021 2.46 11.9776 24.1279 2.46 12.6291 24.5514 2.46 14.2286 26.8891 2.46 12.882 25.2862 2.46 13.8156 28.6271 2.46 13.56 29.3542 2.46 10.17 22.4348 2.46 9.020641 22.5684 2.46 7.840761 22.8757 2.46 6.64208 23.7169 2.46 12.4992 22.8757 2.46 14.2222 25.0781 2.46 13.6979 23.7169 2.46 14.47 28.2198 2.46 15.7009 27.9462 2.46 15.4822 26.608 2.46 16.611 26.4903 2.46 16.611 27.8463 2.46 17.7398 26.608 2.46 17.521 27.9462 2.46 19.2449 26.956 2.46 18.7519 28.2198 2.46 19.4064 28.6271 2.46 20.4641 27.7786 2.46 21.0016 29.1422 2.46 14.8881 51.13 1.845 15.3689 51.2445 -1.845 14.8881 51.13 -1.845 15.3689 51.2445 1.845 16.611 51.3717 -1.845 16.611 51.3717 1.845 17.8531 51.2445 -1.845 17.8531 51.2445 1.845 19.5209 50.8473 -1.845 19.5209 50.8473 1.845 20.993 49.8297 -1.845 20.993 49.8297 1.845 21.667 48.1719 -1.845 21.667 48.1719 1.845 -20.34 35.0325 -3.69 -20.9684 35.1524 -4.304999 -20.9684 42.0316 -4.304999 -20.34 42.1515 -3.69 -20.4889 34.6729 -3.69 -20.4889 42.5111 -3.69 -20.8485 34.524 -3.69 -20.8485 42.66 -3.69 -21.5689 34.524 -3.69 -22.1364 34.6369 -3.69 -21.877 35.2633 -4.304999 -21.5024 35.1987 -4.304999 -21.5689 42.66 -3.69 -21.5024 41.9853 -4.304999 -21.877 41.9207 -4.304999 -22.1364 42.5471 -3.69 -22.1382 41.7462 -4.305 -22.6176 42.2256 -3.69 -22.9391 41.7444 -3.69 -22.3127 41.485 -4.305 -23.052 41.1769 -3.69 -22.3773 41.1104 -4.305 -22.3773 36.0736 -4.305 -23.052 36.0071 -3.69 -22.3127 35.699 -4.305 -22.9391 35.4396 -3.69 -22.1382 35.4378 -4.305 -22.6176 34.9584 -3.69 -21.877 41.9207 4.305 -22.1382 41.7462 4.305 -21.5024 41.9853 4.305 -20.9684 42.0316 4.305 -22.3127 41.485 4.304999 -20.9684 35.1524 4.305 -22.3773 41.1104 4.305 -21.5024 35.1987 4.305 -22.3773 36.0736 4.305 -21.877 35.2633 4.305 -22.3127 35.699 4.304999 -22.1382 35.4378 4.305 21.877 41.9207 -4.305 22.1382 41.7462 -4.305 21.5024 41.9853 -4.305 20.9684 42.0316 -4.305 22.3127 41.485 -4.304999 20.9684 35.1524 -4.305 22.3773 41.1104 -4.305 21.5024 35.1987 -4.305 22.3773 36.0736 -4.305 21.877 35.2633 -4.305 22.3127 35.699 -4.304999 22.1382 35.4378 -4.305 -24.4024 41.3014 2.46 -24.4024 35.8826 2.46 -24.1952 34.9284 2.46 -22.1364 34.6369 2.46 -22.6176 34.9584 2.46 -22.9391 35.4396 2.46 -23.052 36.0071 2.46 -23.052 41.1769 2.46 -22.9391 41.7444 2.46 -22.6176 42.2256 2.46 -22.1364 42.5471 2.46 -24.1952 42.2556 2.46 -23.5764 43.1844 2.46 -22.6476 43.8032 2.46 -21.7009 44.0096 2.46 -21.5689 42.66 2.46 -20.9892 43.9889 2.46 -20.8485 42.66 2.46 -20.4889 42.5111 2.46 -19.662 47.8298 2.46 -20.34 42.1515 2.46 -20.34 35.0325 2.46 -19.662 29.3542 2.46 -20.4889 34.6729 2.46 -19.2449 50.228 2.46 -19.4064 48.5569 2.46 -21.0016 48.0418 2.46 -20.4641 49.4054 2.46 -14.2286 50.2949 2.46 -15.4822 50.576 2.46 -17.7398 50.576 2.46 -16.611 50.6937 2.46 -18.7519 48.9642 2.46 -17.521 49.2378 2.46 -16.611 49.3377 2.46 -15.7009 49.2378 2.46 -14.47 48.9642 2.46 -13.8156 48.5569 2.46 -12.882 51.8978 2.46 -13.56 47.8298 2.46 -12.882 25.2862 2.46 -13.56 29.3542 2.46 -13.8156 28.6271 2.46 -14.2222 25.0781 2.46 -14.2286 26.8891 2.46 -14.47 28.2198 2.46 -15.7009 27.9462 2.46 -15.4822 26.608 2.46 -16.611 26.4903 2.46 -12.6291 24.5514 2.46 -11.9776 24.1279 2.46 -13.6979 23.7169 2.46 -12.4992 22.8757 2.46 -11.0744 23.9021 2.46 -11.3194 22.5684 2.46 -10.17 23.7908 2.46 -10.17 22.4348 2.46 -9.26558 23.9021 2.46 -9.020641 22.5684 2.46 -8.362421 24.1279 2.46 -7.840761 22.8757 2.46 -7.71088 24.5514 2.46 -6.64208 23.7169 2.46 -6.11779 25.0781 2.46 -7.458 25.2862 2.46 -14.2222 52.1059 2.46 -12.6291 52.6326 2.46 -11.9776 53.0561 2.46 -13.6979 53.4671 2.46 -12.4992 54.3083 2.46 -11.0744 53.2819 2.46 -11.3194 54.6156 2.46 -10.17 53.3932 2.46 -10.17 54.7492 2.46 -9.26558 53.2819 2.46 -9.020641 54.6156 2.46 -8.362421 53.0561 2.46 -7.840761 54.3083 2.46 -6.64208 53.4671 2.46 -7.71088 52.6326 2.46 -7.458 51.8978 2.46 12.882 25.2862 -2.46 12.882 25.2862 -3.69 12.882 51.8978 -3.69 12.6291 24.5514 -2.46 12.6291 24.5514 -3.69 11.9776 24.1279 -2.46 11.9776 24.1279 -3.69 11.0744 23.9021 -2.46 11.0744 23.9021 -3.69 10.17 23.7908 -2.46 10.17 23.7908 -3.69 9.26558 23.9021 -2.46 9.265581 23.9021 -3.69 8.362421 24.1279 -2.46 8.362421 24.1279 -3.69 7.71088 24.5514 -2.46 7.71088 24.5514 -3.69 7.458 25.2862 -2.46 7.458 25.2862 -3.69 7.458 51.8978 -2.46 7.458 51.8978 -3.69 7.71088 52.6326 -2.46 7.71088 52.6326 -3.69 8.362421 53.0561 -2.46 8.362421 53.0561 -3.69 9.26558 53.2819 -2.46 9.265581 53.2819 -3.69 10.17 53.3932 -2.46 10.17 53.3932 -3.69 11.0744 53.2819 -2.46 11.0744 53.2819 -3.69 11.9776 53.0561 -2.46 11.9776 53.0561 -3.69 12.6291 52.6326 -2.46 12.6291 52.6326 -3.69 12.882 51.8978 -2.46 -6.78 35.274 -3.69 6.102001 35.952 -4.305 6.78 35.274 -3.69 -6.102001 35.952 -4.305 6.78 41.91 -3.69 -6.102001 41.232 -4.305 -6.78 41.91 -3.69 6.102001 41.232 -4.305 -20.34 35.0325 3.69 -20.34 42.1515 3.69 -20.4889 34.6729 3.69 -20.4889 42.5111 3.69 -20.8485 42.66 3.69 -20.8485 34.524 3.69 -21.5689 34.524 3.69 -22.1364 34.6369 3.69 -21.5689 42.66 3.69 -22.1364 42.5471 3.69 -22.6176 42.2256 3.69 -22.9391 41.7444 3.69 -23.052 41.1769 3.69 -23.052 36.0071 3.69 -22.9391 35.4396 3.69 -22.6176 34.9584 3.69 -20.4889 34.6729 -2.46 -20.34 35.0325 -2.46 -20.34 42.1515 -2.46 -20.4889 42.5111 -2.46 20.4889 34.6729 -3.69 20.34 35.0325 -3.69 20.8485 34.524 -3.69 20.34 42.1515 -3.69 20.4889 42.5111 -3.69 20.8485 42.66 -3.69 21.5689 42.66 -3.69 22.1364 42.5471 -3.69 21.5689 34.524 -3.69 22.1364 34.6369 -3.69 22.6176 34.9584 -3.69 22.9391 35.4396 -3.69 23.052 36.0071 -3.69 23.052 41.1769 -3.69 22.9391 41.7444 -3.69 22.6176 42.2256 -3.69 -6.78 35.274 3.69 6.102001 35.952 4.305 -6.102001 35.952 4.305 6.78 35.274 3.69 6.78 41.91 3.69 -6.102001 41.232 4.305 6.102001 41.232 4.305 -6.78 41.91 3.69 -9.265581 23.9021 3.69 -8.362421 24.1279 3.69 -7.71088 24.5514 3.69 -7.458 25.2862 3.69 -7.458 51.8978 3.69 -7.71088 52.6326 3.69 -8.362421 53.0561 3.69 -9.265581 53.2819 3.69 -10.17 53.3932 3.69 -11.0744 53.2819 3.69 -11.9776 53.0561 3.69 -12.6291 52.6326 3.69 -12.882 51.8978 3.69 -12.882 25.2862 3.69 -12.6291 24.5514 3.69 -11.9776 24.1279 3.69 -11.0744 23.9021 3.69 -10.17 23.7908 3.69 -21.0016 29.1422 -2.46 -21.667 32.502 -1.845 -20.9892 33.1951 -2.46 -21.667 29.0121 -1.845 -20.4641 27.7786 -2.46 -20.993 27.3543 -1.845 -19.5209 26.3367 -1.845 -19.2449 26.956 -2.46 -17.8531 25.9395 -1.845 -17.7398 26.608 -2.46 -16.611 26.4903 -2.46 -16.611 25.8123 -1.845 -15.3689 25.9395 -1.845 -15.4822 26.608 -2.46 -14.8881 26.054 -1.845 -14.2286 26.8891 -2.46 21.667 44.682 -1.845 21.667 44.682 1.845 15.3689 25.9395 1.845 14.8881 26.054 1.845 14.8881 26.054 -1.845 15.3689 25.9395 -1.845 16.611 25.8123 1.845 16.611 25.8123 -1.845 17.8531 25.9395 1.845 17.8531 25.9395 -1.845 19.5209 26.3367 1.845 19.5209 26.3367 -1.845 20.993 27.3543 1.845 20.993 27.3543 -1.845 21.667 29.0121 1.845 21.667 29.0121 -1.845 21.667 32.502 1.845 21.667 32.502 -1.845 -5.45187 43.3483 1.845 5.45187 43.3483 -1.845 -5.45187 43.3483 -1.845 5.45187 43.3483 1.845 -5.45187 52.2333 1.845 -5.45187 52.2333 -1.845 -6.10767 53.8843 1.845 -6.10767 53.8843 -1.845 -7.550331 54.921 1.845 -7.55033 54.921 -1.845 -8.89397 55.2817 1.845 -8.89397 55.2817 -1.845 -10.17 55.4272 1.845 -10.17 55.4272 -1.845 -11.446 55.2817 1.845 -11.446 55.2817 -1.845 -12.7897 54.921 1.845 -12.7897 54.921 -1.845 -14.2323 53.8843 1.845 -14.2323 53.8843 -1.845 -14.8881 52.2333 1.845 -14.8881 52.2333 -1.845 -14.8881 51.13 1.845 -14.8881 51.13 -1.845 -5.45187 33.8357 -1.845 5.45187 33.8357 1.845 -5.45187 33.8357 1.845 5.45187 33.8357 -1.845 6.78 41.91 -2.46 -6.78 41.91 -2.46 -11.3194 54.6156 -2.46 -10.17 54.7492 -2.46 -6.117791 52.1059 -2.46 -9.020641 54.6156 -2.46 -7.840761 54.3083 -2.46 -6.64208 53.4671 -2.46 7.840761 22.8757 -2.46 6.64208 23.7169 -2.46 6.11779 25.0781 -2.46 6.78 35.274 -2.46 6.12987 42.6703 -2.46 -6.12987 42.6703 -2.46 -7.458001 51.8978 -2.46 -7.71088 52.6326 -2.46 -8.362421 53.0561 -2.46 -9.265581 53.2819 -2.46 -10.17 53.3932 -2.46 -11.0744 53.2819 -2.46 -6.78 35.274 -2.46 -7.458001 25.2862 -2.46 -6.12987 34.5137 -2.46 6.12987 34.5137 -2.46 -14.2286 50.2949 -2.46 -12.4992 54.3083 -2.46 -14.2222 52.1059 -2.46 -13.6979 53.4671 -2.46 -11.9776 53.0561 -2.46 -12.6291 52.6326 -2.46 -12.882 51.8978 -2.46 -13.8156 48.5569 -2.46 -13.56 47.8298 -2.46 -13.56 29.3542 -2.46 -12.882 25.2862 -2.46 -13.8156 28.6271 -2.46 -14.2222 25.0781 -2.46 -14.47 28.2198 -2.46 -15.7009 27.9462 -2.46 -16.611 27.8463 -2.46 -17.521 27.9462 -2.46 -6.117791 25.0781 -2.46 -6.64208 23.7169 -2.46 -7.71088 24.5514 -2.46 -7.840761 22.8757 -2.46 -8.362421 24.1279 -2.46 -9.265581 23.9021 -2.46 -9.020641 22.5684 -2.46 -10.17 23.7908 -2.46 -10.17 22.4348 -2.46 -11.0744 23.9021 -2.46 -11.3194 22.5684 -2.46 -12.4992 22.8757 -2.46 -11.9776 24.1279 -2.46 -13.6979 23.7169 -2.46 -12.6291 24.5514 -2.46 13.56 47.8298 3.690001 13.56 29.3542 3.690001 13.8156 28.6271 3.69 14.47 28.2198 3.69 15.7009 27.9462 3.69 16.611 27.8463 3.69 17.521 27.9462 3.69 18.7519 28.2198 3.69 19.4064 28.6271 3.69 19.662 29.3542 3.690001 19.662 47.8298 3.690001 19.4064 48.5569 3.69 18.7519 48.9642 3.69 17.521 49.2378 3.69 16.611 49.3377 3.69 15.7009 49.2378 3.69 14.47 48.9642 3.69 13.8156 48.5569 3.69 12.882 51.8978 3.69 12.6291 52.6326 3.690001 11.9776 53.0561 3.69 11.0744 53.2819 3.690001 10.17 53.3932 3.69 9.26558 53.2819 3.69 8.362421 53.0561 3.69 7.71088 52.6326 3.69 7.458001 51.8978 3.69 7.458001 25.2862 3.69 7.71088 24.5514 3.69 8.362421 24.1279 3.69 9.26558 23.9021 3.69 10.17 23.7908 3.69 11.0744 23.9021 3.690001 11.9776 24.1279 3.69 12.6291 24.5514 3.690001 12.882 25.2862 3.69 -13.56 47.8298 3.69 -13.8156 48.5569 3.69 -14.47 48.9642 3.69 -15.7009 49.2378 3.69 -16.611 49.3377 3.69 -17.521 49.2378 3.69 -18.7519 48.9642 3.69 -19.4064 48.5569 3.69 -19.662 47.8298 3.69 -19.662 29.3542 3.69 -19.4064 28.6271 3.69 -18.7519 28.2198 3.69 -17.521 27.9462 3.69 -16.611 27.8463 3.69 -15.7009 27.9462 3.69 -14.47 28.2198 3.69 -13.8156 28.6271 3.69 -13.56 29.3542 3.69 -9.26558 23.9021 -3.69 -10.17 23.7908 -3.69 -11.0744 23.9021 -3.690001 -11.9776 24.1279 -3.69 -12.6291 24.5514 -3.690001 -12.882 25.2862 -3.69 -12.882 51.8978 -3.69 -12.6291 52.6326 -3.690001 -11.9776 53.0561 -3.69 -11.0744 53.2819 -3.690001 -10.17 53.3932 -3.69 -9.26558 53.2819 -3.69 -8.362421 53.0561 -3.69 -7.71088 52.6326 -3.69 -7.458001 51.8978 -3.69 -7.458001 25.2862 -3.69 -7.71088 24.5514 -3.69 -8.362421 24.1279 -3.69 -13.56 47.8298 -3.690001 -13.56 29.3542 -3.690001 -13.8156 28.6271 -3.69 -14.47 28.2198 -3.69 -15.7009 27.9462 -3.69 -16.611 27.8463 -3.69 -17.521 27.9462 -3.69 -18.7519 28.2198 -3.69 -19.4064 28.6271 -3.69 -19.662 29.3542 -3.690001 -19.662 47.8298 -3.690001 -19.4064 48.5569 -3.69 -18.7519 48.9642 -3.69 -17.521 49.2378 -3.69 -16.611 49.3377 -3.69 -15.7009 49.2378 -3.69 -14.47 48.9642 -3.69 -13.8156 48.5569 -3.69 21.7009 33.1744 -2.46 20.9892 33.1951 -2.46 21.5689 34.524 -2.46 20.8485 34.524 -2.46 20.4889 34.6729 -2.46 21.0016 29.1422 -2.46 20.9892 43.9889 -2.46 21.7009 44.0096 -2.46 22.6476 43.8032 -2.46 20.8485 42.66 -2.46 19.662 47.8298 -2.46 20.4889 42.5111 -2.46 20.34 42.1515 -2.46 19.662 29.3542 -2.46 20.34 35.0325 -2.46 19.4064 28.6271 -2.46 18.7519 28.2198 -2.46 20.4641 27.7786 -2.46 19.2449 26.956 -2.46 17.521 27.9462 -2.46 17.7398 26.608 -2.46 16.611 27.8463 -2.46 16.611 26.4903 -2.46 15.7009 27.9462 -2.46 21.5689 42.66 -2.46 22.1364 42.5471 -2.46 22.6176 42.2256 -2.46 22.9391 41.7444 -2.46 23.052 41.1769 -2.46 23.5764 43.1844 -2.46 24.1952 42.2556 -2.46 24.4024 41.3014 -2.46 23.052 36.0071 -2.46 24.4024 35.8826 -2.46 24.1952 34.9284 -2.46 22.9391 35.4396 -2.46 22.6176 34.9584 -2.46 22.1364 34.6369 -2.46 23.5764 33.9996 -2.46 22.6476 33.3808 -2.46 14.2286 50.2949 -2.46 15.4822 50.576 -2.46 19.2449 50.228 -2.46 17.7398 50.576 -2.46 16.611 50.6937 -2.46 13.56 47.8298 -2.46 13.8156 48.5569 -2.46 14.47 48.9642 -2.46 15.7009 49.2378 -2.46 16.611 49.3377 -2.46 17.521 49.2378 -2.46 18.7519 48.9642 -2.46 19.4064 48.5569 -2.46 21.0016 48.0418 -2.46 20.4641 49.4054 -2.46 13.56 29.3542 -2.46 13.8156 28.6271 -2.46 15.4822 26.608 -2.46 14.2286 26.8891 -2.46 14.47 28.2198 -2.46 14.2222 25.0781 -2.46 13.6979 23.7169 -2.46 12.4992 22.8757 -2.46 11.3194 22.5684 -2.46 10.17 22.4348 -2.46 9.020641 22.5684 -2.46 6.11779 52.1059 -2.46 6.64208 53.4671 -2.46 7.840761 54.3083 -2.46 9.020641 54.6156 -2.46 10.17 54.7492 -2.46 11.3194 54.6156 -2.46 12.4992 54.3083 -2.46 13.6979 53.4671 -2.46 14.2222 52.1059 -2.46 -18.7519 28.2198 -2.46 -19.4064 28.6271 -2.46 -19.662 29.3542 -2.46 -19.662 47.8298 -2.46 -19.4064 48.5569 -2.46 -18.7519 48.9642 -2.46 -17.521 49.2378 -2.46 -16.611 49.3377 -2.46 -15.7009 49.2378 -2.46 -14.47 48.9642 -2.46 5.45187 24.9507 1.845 5.45187 24.9507 -1.845 6.10767 23.2997 1.845 6.10767 23.2997 -1.845 7.55033 22.263 1.845 7.550331 22.263 -1.845 8.89397 21.9023 1.845 8.89397 21.9023 -1.845 10.17 21.7568 1.845 10.17 21.7568 -1.845 11.446 21.9023 1.845 11.446 21.9023 -1.845 12.7897 22.263 1.845 12.7897 22.263 -1.845 14.2323 23.2997 1.845 14.2323 23.2997 -1.845 14.8881 24.9507 1.845 14.8881 24.9507 -1.845 -21.667 29.0121 1.845 -21.667 32.502 1.845 -20.993 27.3543 1.845 -19.5209 26.3367 1.845 -17.8531 25.9395 1.845 -16.611 25.8123 1.845 -15.3689 25.9395 1.845 -14.8881 26.054 1.845 -22.9148 32.7577 -1.845 -21.7682 32.4998 1.845 -22.9148 32.7577 1.845 -21.7682 32.4998 -1.845 -21.7682 44.6842 1.845 -21.667 44.682 1.845 -21.667 44.682 -1.845 -21.7682 44.6842 -1.845 -22.9148 44.4263 1.845 -22.9148 44.4263 -1.845 -24.0559 43.6639 1.845 -24.0559 43.6639 -1.845 -24.8183 42.5228 1.845 -24.8183 42.5228 -1.845 -25.0762 41.3762 1.845 -25.0762 41.3762 -1.845 -25.0762 35.8078 1.845 -25.0762 35.8078 -1.845 -24.8183 34.6612 1.845 -24.8183 34.6612 -1.845 -24.0559 33.5201 1.845 -24.0559 33.5201 -1.845 5.45187 52.2333 -1.845 5.45187 52.2333 1.845 6.10767 53.8843 -1.845 6.10767 53.8843 1.845 7.550331 54.921 -1.845 7.55033 54.921 1.845 8.89397 55.2817 -1.845 8.89397 55.2817 1.845 10.17 55.4272 -1.845 10.17 55.4272 1.845 11.446 55.2817 -1.845 11.446 55.2817 1.845 12.7897 54.921 -1.845 12.7897 54.921 1.845 14.2323 53.8843 -1.845 14.2323 53.8843 1.845 14.8881 52.2333 -1.845 14.8881 52.2333 1.845 -14.8881 24.9507 1.845 -14.8881 24.9507 -1.845 -14.2323 23.2997 1.845 -14.2323 23.2997 -1.845 -12.7897 22.263 1.845 -12.7897 22.263 -1.845 -11.446 21.9023 1.845 -11.446 21.9023 -1.845 -10.17 21.7568 1.845 -10.17 21.7568 -1.845 -8.89397 21.9023 1.845 -8.89397 21.9023 -1.845 -7.550331 22.263 1.845 -7.55033 22.263 -1.845 -6.10767 23.2997 1.845 -6.10767 23.2997 -1.845 -5.45187 24.9507 1.845 -5.45187 24.9507 -1.845 -15.3689 51.2445 1.845 -15.3689 51.2445 -1.845 -16.611 51.3717 1.845 -16.611 51.3717 -1.845 -17.8531 51.2445 1.845 -17.8531 51.2445 -1.845 -19.5209 50.8473 1.845 -19.5209 50.8473 -1.845 -20.993 49.8297 1.845 -20.993 49.8297 -1.845 -21.667 48.1719 1.845 -21.667 48.1719 -1.845 -22.1364 42.5471 -2.46 -22.6176 42.2256 -2.46 -21.5689 42.66 -2.46 -20.8485 42.66 -2.46 -20.8485 34.524 -2.46 -21.5689 34.524 -2.46 -22.1364 34.6369 -2.46 -22.6176 34.9584 -2.46 -22.9391 35.4396 -2.460001 -23.052 36.0071 -2.46 -23.052 41.1769 -2.46 -22.9391 41.7444 -2.460001 -15.4822 50.576 -2.46 -16.611 50.6937 -2.46 -17.7398 50.576 -2.46 -19.2449 50.228 -2.46 -20.4641 49.4054 -2.46 -21.0016 48.0418 -2.46 -20.9892 43.9889 -2.46 -21.7009 44.0096 -2.46 -22.6476 43.8032 -2.46 -23.5764 43.1844 -2.46 -24.1952 42.2556 -2.46 -24.4024 41.3014 -2.46 -24.4024 35.8826 -2.46 -24.1952 34.9284 -2.46 -23.5764 33.9996 -2.46 -22.6476 33.3808 -2.46 -21.7009 33.1744 -2.46 21.7682 32.4998 -1.845 22.9148 32.7577 -1.845 21.7682 44.6842 -1.845 22.9148 44.4263 -1.845 24.0559 43.6639 -1.845 24.8183 42.5228 -1.845 25.0762 41.3762 -1.845 25.0762 35.8078 -1.845 24.8183 34.6612 -1.845 24.0559 33.5201 -1.845 -22.6476 33.3808 2.46 -21.7009 33.1744 2.46 -20.9892 33.1951 2.46 -23.5764 33.9996 2.46 21.7682 44.6842 1.845 22.9148 44.4263 1.845 21.7682 32.4998 1.845 22.9148 32.7577 1.845 24.0559 33.5201 1.845 24.8183 34.6612 1.845 25.0762 35.8078 1.845 25.0762 41.3762 1.845 24.8183 42.5228 1.845 24.0559 43.6639 1.845 -21.0016 29.1422 2.46 -20.4641 27.7786 2.46 -19.2449 26.956 2.46 -17.7398 26.608 2.46 -19.4064 28.6271 2.46 -18.7519 28.2198 2.46 -17.521 27.9462 2.46 -16.611 27.8463 2.46 -20.8485 34.524 2.46 -21.5689 34.524 2.46 18.7519 48.9642 -3.69 19.4064 48.5569 -3.69 19.662 47.8298 -3.69 19.662 29.3542 -3.69 19.4064 28.6271 -3.69 18.7519 28.2198 -3.69 17.521 27.9462 -3.69 16.611 27.8463 -3.69 15.7009 27.9462 -3.69 14.47 28.2198 -3.69 13.8156 28.6271 -3.69 13.56 29.3542 -3.69 13.56 47.8298 -3.69 13.8156 48.5569 -3.69 14.47 48.9642 -3.69 15.7009 49.2378 -3.69 16.611 49.3377 -3.69 17.521 49.2378 -3.69</float_array>
          <technique_common>
            <accessor source="#pickup_powerup_strength-mesh-positions-array" count="1000" stride="3">
              <param name="X" type="float"/>
              <param name="Y" type="float"/>
              <param name="Z" type="float"/>
            </accessor>
          </technique_common>
        </source>
        <source id="pickup_powerup_strength-mesh-normals">
          <float_array id="pickup_powerup_strength-mesh-normals-array" count="5970">-0.4744595 0.4744299 0.741488 -0.6567844 0.1258237 0.743507 -0.5697427 0.322976 0.7556982 -0.6567938 0.1258231 0.7434988 -0.6565732 -0.1279011 0.743339 -0.6565671 -0.1278977 0.7433451 -0.6567895 0.1258206 0.743503 -0.4744642 0.474429 0.7414856 -0.3225039 0.5598785 0.7632349 -0.1122694 0.6624108 0.7406805 -0.4744547 -0.4744272 0.7414929 -0.5697742 -0.3229495 0.7556859 -0.6565651 -0.1278791 0.74335 -0.4744349 -0.4744578 0.741486 -0.107913 -0.6631477 0.7406686 -0.3225091 -0.5598743 0.7632357 0.06443089 0.6685456 0.7408748 0.2728813 0.610887 0.7432045 0.2729057 0.6108713 0.7432085 0.06445759 0.66857 0.7408505 -0.1122862 0.6624053 0.7406829 -0.1122926 0.6624088 0.7406788 0.06446087 -0.6685735 0.7408471 -0.1078901 -0.6631458 0.7406736 -0.1078926 -0.6631537 0.7406662 0.06446337 -0.668627 0.7407985 0.2871262 -0.6046383 0.7429475 0.2871135 -0.6046444 0.7429475 0.4746297 -0.4746302 0.7412509 0.4746337 -0.4746338 0.7412461 0.6154769 -0.2643685 0.7424942 0.6154831 -0.2643479 0.7424964 0.6677457 -0.07419568 0.7406827 0.6677504 -0.07418185 0.7406798 0.6677509 0.07417851 0.7406796 0.6677504 0.07418131 0.7406799 0.6154662 0.2643942 0.7424938 0.6154769 0.2643679 0.7424944 0.474364 0.4743626 0.7415922 0.4743164 0.4743155 0.7416527 0 0 1 -2.30127e-7 0 1 3.68348e-7 0 1 1.28151e-7 0 1 0 0 1 -1.69657e-6 0 1 2.82085e-7 0 1 -2.35673e-7 0 1 -8.97696e-7 -1.87896e-6 1 0 4.38473e-7 1 1.26395e-6 -1.0439e-6 1 1.69646e-6 0 1 -4.32882e-7 -1.41669e-6 1 -3.82198e-7 4.77287e-6 1 1.54611e-6 1.04393e-6 1 0 -2.51892e-7 1 4.85419e-7 -2.20846e-6 1 -1.28592e-7 -2.62363e-7 1 -1.75863e-6 8.17435e-7 1 -7.4347e-7 -4.93763e-7 1 0 2.62363e-7 1 0 0 1 -7.43468e-7 4.93762e-7 1 -7.45435e-7 4.95068e-7 1 -5.27586e-6 3.50387e-6 1 -7.45428e-7 -4.95064e-7 1 -5.27589e-6 -3.5039e-6 1 3.20166e-7 2.51893e-7 1 8.52368e-7 2.20847e-6 1 -1.75863e-6 -8.17435e-7 1 0 0 1 -1.73401e-7 0 1 -7.9741e-7 0 1 1.69659e-6 0 1 0 0 1 1.36832e-7 0 1 -2.3565e-7 0 1 2.82119e-7 0 1 -1.69643e-6 0 1 0 -2.51892e-7 -1 -4.85419e-7 -2.20846e-6 -1 1.28592e-7 -2.62363e-7 -1 1.75863e-6 8.17435e-7 -1 0 0 -1 7.4347e-7 -4.93763e-7 -1 0 2.62363e-7 -1 0 0 -1 7.43468e-7 4.93762e-7 -1 7.45435e-7 4.95068e-7 -1 5.27586e-6 3.50387e-6 -1 7.45428e-7 -4.95064e-7 -1 5.27589e-6 -3.5039e-6 -1 -3.20166e-7 2.51893e-7 -1 -8.52368e-7 2.20847e-6 -1 1.75863e-6 -8.17435e-7 -1 0 2.32722e-7 1 0 -1.45711e-6 1 -7.92264e-7 -2.29286e-7 1 0 -1.47736e-6 1 -5.27586e-6 8.17403e-7 1 -5.12862e-7 2.72134e-7 1 -3.51726e-6 -8.17408e-7 1 2.36938e-7 1.47735e-6 1 0 7.6125e-7 1 -2.99362e-7 0 1 -1.48079e-7 0 1 1.88911e-6 3.74915e-6 1 -1.10085e-6 -7.3111e-7 1 8.21137e-7 5.25134e-6 1 4.79499e-7 -1.66059e-6 1 -1.46779e-6 7.31107e-7 1 -1.19328e-7 -4.35989e-7 -1 3.82198e-7 4.77287e-6 -1 6.37599e-7 9.85159e-7 -1 0 0 -1 -2.03926e-7 0 -1 -1.54611e-6 1.04393e-6 -1 2.30127e-7 0 -1 -3.68348e-7 0 -1 1.69657e-6 0 -1 -2.82085e-7 0 -1 2.35673e-7 0 -1 8.97696e-7 -1.87896e-6 -1 0 4.38473e-7 -1 -1.26395e-6 -1.0439e-6 -1 -1.69646e-6 0 -1 0 0 -1 1.73401e-7 0 -1 0 0 -1 -1.36832e-7 0 -1 2.3565e-7 0 -1 -2.82119e-7 0 -1 1.69643e-6 0 -1 7.9741e-7 0 -1 -1.69659e-6 0 -1 0 7.6125e-7 -1 -8.21137e-7 5.25134e-6 -1 -4.79499e-7 -1.66059e-6 -1 2.99362e-7 0 -1 1.46779e-6 7.31107e-7 -1 5.12862e-7 2.72134e-7 -1 3.51726e-6 -8.17408e-7 -1 -2.36938e-7 1.47735e-6 -1 7.92264e-7 -2.29286e-7 -1 0 2.32722e-7 -1 1.48079e-7 0 -1 -1.88911e-6 3.74915e-6 -1 1.10085e-6 -7.3111e-7 -1 0 -1.45711e-6 -1 0 -1.47736e-6 -1 5.27586e-6 8.17403e-7 -1 1.99023e-7 0 1 0 0 1 0 0 1 -4.96963e-7 0 1 0 0 1 -2.31086e-6 0 1 3.49557e-7 0 1 0 0 1 0 0 1 -2.53328e-6 0 1 3.99195e-5 5.03189e-6 1 6.04104e-7 0 1 4.68478e-7 4.28451e-7 1 7.41646e-7 -2.76958e-7 1 0 -5.54146e-7 1 0 0 1 0 0 1 0 0 1 1.61178e-7 0 1 -1.52726e-7 0 1 2.68477e-7 0 1 -3.8806e-7 0 1 0 0 1 0 0 1 -1.27582e-7 0 1 -7.20469e-7 0 1 0 0 1 1.98177e-7 0 1 1.59873e-7 0 1 1.23167e-7 0 1 0 0 1 0 0 1 0 0 1 0 0 1 0 0 1 0 0 1 0 0 1 0 0 1 -2.339e-6 0 1 1.23195e-7 0 1 0 0 1 0 0 1 0 0 1 0 0 1 0 0 1 0 0 1 0 0 1 0 0 1 0 0 1 0 0 1 -1.41277e-7 0 1 0 0 1 0 0 1 1.26024e-7 0 1 0 0 1 0 0 1 -1.65347e-7 0 1 0 0 1 0 0 1 0 0 1 -5.53044e-7 0 1 3.21778e-7 0 1 0 0 1 0 0 1 0 0 1 0 0 1 0 0 1 -1.17059e-6 0 1 0 0 1 5.54252e-7 0 1 -1.89469e-7 0 1 0 0 1 0 0 1 2.65563e-7 0 1 -5.74154e-7 0 1 1.34482e-7 0 1 0 0 1 0 0 1 0 0 1 4.00495e-7 0 1 0 0 1 0 0 1 -4.00493e-7 0 1 1.37731e-7 0 1 0 0 1 0 0 1 0 0 1 0 0 1 0 0 1 0 0 1 0 0 1 -2.34034e-7 0 1 0 0 1 1.23195e-7 0 1 -0.2316613 0.9727965 -7.23146e-7 -0.1827167 0.9831657 1.23274e-7 -0.2316613 0.9727965 0 -0.1826985 0.983169 5.04059e-6 0 1 5.22495e-7 -2.1456e-7 1 -7.13729e-7 0.1827062 0.9831676 -6.90099e-6 0.1827223 0.9831646 0 0.3991944 0.9168664 5.07145e-7 0.3991908 0.9168679 -2.73015e-6 0.7881861 0.6154372 2.45425e-7 0.7881858 0.6154375 0 0.9863005 0.164959 1.20701e-5 0.9862985 0.1649703 0 0.6596534 -0.127466 -0.740682 0.6596517 -0.127465 -0.7406837 0.6596515 0.1274651 -0.740684 0.6596532 0.127466 -0.7406822 0.4744547 -0.4744272 -0.7414929 0.5697742 -0.3229495 -0.7556859 0.6596537 -0.1274324 -0.7406876 0.4744595 0.4744299 -0.741488 0.659659 0.1274343 -0.7406825 0.5697427 0.322976 -0.7556982 0.4744349 -0.4744578 -0.741486 0.107913 -0.6631477 -0.7406686 0.3225091 -0.5598743 -0.7632357 0.4744642 0.474429 -0.7414856 0.3225039 0.5598785 -0.7632349 0.1122694 0.6624108 -0.7406805 -0.06446087 -0.6685735 -0.7408471 -0.2644494 -0.6156966 -0.7422832 -0.2644186 -0.615715 -0.7422788 -0.06446337 -0.668627 -0.7407985 0.1078901 -0.6631458 -0.7406736 0.1078926 -0.6631537 -0.7406662 -0.06443089 0.6685456 -0.7408748 0.1122926 0.6624088 -0.7406788 0.1122862 0.6624053 -0.7406829 -0.06445759 0.66857 -0.7408505 -0.2728813 0.610887 -0.7432045 -0.2729057 0.6108713 -0.7432085 -0.474364 0.4743626 -0.7415922 -0.4743164 0.4743155 -0.7416527 -0.6154769 0.2643679 -0.7424944 -0.6154662 0.2643942 -0.7424938 -0.6677509 0.07417851 -0.7406796 -0.6677504 0.07418131 -0.7406799 -0.6677504 -0.07418185 -0.7406798 -0.6677457 -0.07419568 -0.7406827 -0.6154831 -0.2643479 -0.7424964 -0.6154769 -0.2643685 -0.7424942 -0.4746297 -0.4746302 -0.7412509 -0.4746337 -0.4746338 -0.7412461 0 7.36654e-6 1 0 2.31083e-6 1 0 -6.12257e-7 1 -7.95584e-7 -1.77524e-7 1 -6.58272e-7 4.30662e-7 1 -8.31533e-7 0 1 -3.98213e-7 -3.96088e-7 1 -7.52746e-7 0 1 0 -1.26713e-6 1 -1.33084e-6 2.83552e-7 1 1.63787e-6 -2.13647e-6 1 0 4.40544e-6 1 0 -3.80715e-6 1 -4.93821e-7 -4.31677e-7 1 1.86026e-7 -7.48639e-7 1 1.01025e-6 0 1 3.86141e-6 1.35713e-6 1 9.62836e-7 0 1 -1.20042e-6 -4.54658e-7 1 8.79207e-7 1.74345e-7 1 -6.55158e-6 -2.80213e-6 1 0 6.59429e-6 1 0 -3.80715e-6 -1 4.93821e-7 -4.31677e-7 -1 -1.86026e-7 -7.48639e-7 -1 -1.01025e-6 0 -1 -3.86141e-6 1.35713e-6 -1 -9.62836e-7 0 -1 1.20042e-6 -4.54658e-7 -1 -8.79207e-7 1.74345e-7 -1 6.55158e-6 -2.80213e-6 -1 0 6.59429e-6 -1 0 7.36654e-6 -1 0 2.31083e-6 -1 0 -6.12257e-7 -1 7.95584e-7 -1.77524e-7 -1 6.58272e-7 4.30662e-7 -1 8.31533e-7 0 -1 3.98213e-7 -3.96088e-7 -1 7.52746e-7 0 -1 0 -1.26713e-6 -1 1.33084e-6 2.83552e-7 -1 -1.63787e-6 -2.13647e-6 -1 0 4.40544e-6 -1 0 0 1 0 0 1 0 0 1 0 0 1 0 0 1 1.40567e-7 0 1 0 0 1 -1.52097e-7 0 1 0 0 1 0 0 1 0 0 1 -1.90924e-7 0 1 0 0 1 0 0 1 0 0 1 -9.60287e-7 0 1 0 0 1 0 0 1 1.22527e-6 0 1 0 0 1 3.90741e-7 0 1 -1.43784e-7 0 1 0 0 1 0 0 1 0 0 1 -3.98896e-7 0 1 1.64748e-7 0 1 0 0 1 2.14486e-7 0 1 -1.45052e-7 0 1 0 0 1 0 0 1 0 0 1 0 0 1 7.10058e-7 0 1 -2.4467e-7 0 1 0 0 1 0 0 1 0 0 1 0 0 1 0 0 1 -1.42114e-7 0 1 0 0 1 0 0 1 0 0 1 0 0 1 -1.26024e-7 0 1 -1.19558e-7 0 1 -1.20101e-7 0 1 0 0 1 0 0 1 0 0 1 0 0 1 0 0 1 0 0 1 0 0 1 0 0 1 0 0 1 0 0 1 0.986297 -0.1649798 6.82578e-7 0.986297 -0.1649797 8.21275e-7 0.9862969 0.1649801 3.93059e-7 0.7881895 -0.6154327 9.64776e-7 0.7881896 -0.6154325 0 0.3992422 -0.9168455 0 0.3992422 -0.9168455 -1.05621e-6 0.1826818 -0.9831721 0 0.1826818 -0.9831721 0 1.23775e-6 -1 0 1.29749e-6 -1 0 -0.1826857 -0.9831714 0 -0.1826857 -0.9831714 0 -0.3992341 -0.9168491 0 -0.3992341 -0.916849 0 -0.7881878 -0.6154349 0 -0.7881882 -0.6154343 0 -0.9862989 -0.1649682 0 -0.9862991 -0.1649675 0 -0.9862989 0.164968 0 -0.9862989 0.1649686 0 -0.7881883 0.6154344 0 -0.7881875 0.6154353 0 -0.3992344 0.916849 -2.48587e-6 -0.3992336 0.9168493 9.59195e-7 -0.1826867 0.9831713 1.02615e-6 -0.1826867 0.9831713 3.78123e-6 1.31661e-6 1 6.52863e-7 1.13023e-6 1 0 0.1826828 0.9831719 0 0.1826829 0.9831719 0 0.3992422 0.9168455 2.97824e-6 0.3992421 0.9168456 1.06828e-6 0.7881892 0.615433 2.65974e-6 0.7881894 0.6154328 2.39443e-7 0.9862969 0.1649801 8.03442e-7 0 -0.6707204 -0.7417104 0 -0.6707171 -0.7417132 0 -0.6707171 -0.7417134 0 -0.6707206 -0.7417101 0 0.6705379 -0.7418754 0 0.6705429 -0.7418708 0 0.6705431 -0.7418707 0 0.6705374 -0.7418758 -0.6722794 -7.7041e-4 -0.7402971 -0.6722795 -7.7049e-4 -0.7402971 -0.6723216 -8.47596e-4 -0.7402587 -0.6723216 -8.47466e-4 -0.7402588 0.6596528 -0.127466 0.7406826 0.6596527 0.127466 0.7406827 0.6596509 0.1274651 0.7406845 0.6596511 -0.127465 0.7406842 0.4744576 -0.4744225 0.741494 0.6596545 -0.1274268 0.7406877 0.569781 -0.3229591 0.7556766 0.4744286 0.4744591 0.7414892 0.5697447 0.3229709 0.755699 0.6596599 0.1274286 0.7406826 0.4744353 0.4744597 0.7414844 0.112275 0.6624104 0.7406799 0.3225086 0.5598767 0.7632342 0.4744359 -0.4744503 0.7414902 0.3225106 -0.5598668 0.7632406 0.1079155 -0.663142 0.7406734 -0.06443238 -0.6685464 0.740874 -0.2644202 -0.6157151 0.7422782 -0.2644472 -0.6156978 0.7422829 -0.06445902 -0.6685695 0.7408508 0.1078891 -0.6631484 0.7406714 0.1078923 -0.6631519 0.7406679 -0.0644322 0.6685471 0.7408734 0.1122851 0.6624084 0.7406802 0.1122924 0.6624085 0.7406791 -0.06441456 0.668633 0.7407974 -0.2728828 0.6108865 0.7432044 -0.272903 0.6108722 0.7432087 -0.4743119 0.4743112 0.7416584 -0.4743422 0.4743415 0.7416196 -0.6154775 0.2643669 0.7424943 -0.6154659 0.2643937 0.7424942 -0.6677511 0.07417893 0.7406794 -0.6677502 0.0741831 0.7406798 -0.6677503 -0.07418364 0.7406797 -0.6677451 -0.0741958 0.7406831 -0.6154843 -0.2643468 0.7424957 -0.6154776 -0.2643674 0.7424939 -0.4746304 -0.47463 0.7412505 -0.4746352 -0.4746349 0.7412444 0.9863001 -0.1649611 -1.32901e-6 0.9237073 -0.3830992 2.32282e-6 0.9237396 -0.3830213 1.05892e-5 0.986298 -0.1649734 0 0.9862968 0.1649805 0 0.9863009 0.1649568 -8.22009e-7 0.9239241 0.382576 -3.88658e-7 0.9239286 0.3825651 -1.99211e-6 -0.4744576 -0.4744225 -0.741494 -0.656566 -0.1278735 -0.7433502 -0.569781 -0.3229591 -0.7556766 -0.4744359 -0.4744503 -0.7414902 -0.3225106 -0.5598668 -0.7632406 -0.1079155 -0.663142 -0.7406734 -0.6567933 0.1258231 -0.7434993 -0.6567888 0.1258206 -0.7435036 -0.6565666 -0.1278977 -0.7433455 -0.6565727 -0.1279011 -0.7433395 -0.4744286 0.4744591 -0.7414892 -0.5697447 0.3229709 -0.755699 -0.6567853 0.125818 -0.7435072 -0.4744353 0.4744597 -0.7414844 -0.112275 0.6624104 -0.7406799 -0.3225086 0.5598767 -0.7632342 0.0644322 0.6685471 -0.7408734 0.272903 0.6108722 -0.7432087 0.2728828 0.6108865 -0.7432044 0.06441456 0.668633 -0.7407974 -0.1122851 0.6624084 -0.7406802 -0.1122924 0.6624085 -0.7406791 0.06443238 -0.6685464 -0.740874 -0.1078923 -0.6631519 -0.7406679 -0.1078891 -0.6631484 -0.7406714 0.06445902 -0.6685695 -0.7408508 0.2871279 -0.6046385 -0.7429469 0.2871116 -0.6046451 -0.7429476 0.4746304 -0.47463 -0.7412505 0.4746352 -0.4746349 -0.7412444 0.6154776 -0.2643674 -0.7424939 0.6154843 -0.2643468 -0.7424957 0.6677452 -0.0741958 -0.7406831 0.6677504 -0.07418364 -0.7406796 0.6677511 0.07417893 -0.7406795 0.6677501 0.0741831 -0.7406799 0.6154659 0.2643937 -0.7424942 0.6154775 0.2643669 -0.7424943 0.4743119 0.4743112 -0.7416584 0.4743422 0.4743415 -0.7416196 0.9239258 0.3825718 -3.88658e-7 0.9863004 0.164959 3.51334e-7 0.9239258 0.3825719 -1.99211e-6 0.9862975 0.164977 0 0.9862968 -0.1649806 0 0.9863008 -0.1649567 -1.05984e-6 0.9237405 -0.3830189 1.5831e-6 0.9238002 -0.3828749 4.27827e-6 0 -0.6707204 0.7417104 0 -0.6707171 0.7417132 0 -0.6707206 0.7417101 0 -0.6707171 0.7417134 0 0.6705379 0.7418754 0 0.670543 0.7418708 0 0.6705374 0.7418758 0 0.6705431 0.7418707 -0.6722794 -7.7041e-4 0.7402971 -0.6722795 -7.70489e-4 0.7402971 -0.6723215 -8.47466e-4 0.7402588 -0.6723216 -8.47596e-4 0.7402587 0.1078606 -0.6631451 0.7406786 0.1078303 -0.663156 0.7406732 -1.43479e-6 -0.6706434 0.74178 0.2871171 -0.6046406 0.7429493 0.2871344 -0.6046321 0.7429496 0.5226373 -0.4079549 0.7486141 0.5226138 -0.407936 0.7486409 0.659657 -0.127449 0.7406818 0.659661 -0.1274453 0.7406788 0.6596544 0.1274687 0.7406806 0.6596418 0.1274839 0.7406893 0.5170257 0.4146604 0.7488265 0.517048 0.4146431 0.7488209 0.2728859 0.6108748 0.7432128 0.2727596 0.6106667 0.7434302 0.1123197 0.6624062 0.7406769 0.1123408 0.662397 0.740682 -1.75363e-6 0.670643 0.7417803 0 0.6705372 0.741876 -0.1123174 0.6624059 0.7406776 -0.1123369 0.6623978 0.7406819 -0.2728849 0.6108843 0.7432054 -0.2728891 0.6108701 0.7432156 -0.5226436 0.4079601 0.7486069 -0.5226158 0.4079395 0.7486375 -0.6567833 0.1258307 0.7435069 -0.6567879 0.1258215 0.7435043 -0.6565757 -0.1278691 0.7433423 -0.6565716 -0.1278891 0.7433426 -0.5170264 -0.4146181 0.7488495 -0.5170083 -0.4146469 0.7488461 -0.2644239 -0.6157031 0.7422868 -0.264436 -0.6157078 0.7422787 -0.1078583 -0.6631457 0.7406784 -0.1078749 -0.663149 0.740673 0 -0.6707178 0.7417128 -0.6565833 -0.1278777 -0.7433342 -0.6723363 -8.47522e-4 -0.7402454 -0.6723277 -8.66266e-4 -0.7402532 -0.6565747 -0.1278893 -0.7433398 -0.5170391 -0.414656 -0.7488198 -0.5170185 -0.4146382 -0.7488438 -0.2644171 -0.6157127 -0.7422813 -0.2643908 -0.6157208 -0.742284 -0.1077448 -0.663116 -0.7407214 -0.1076467 -0.6631882 -0.7406712 0 -0.6706936 -0.7417345 0 -0.6707219 -0.741709 0.1078096 -0.6631547 -0.7406774 0.1076839 -0.6630548 -0.7407851 0.147157 -0.656084 -0.7402018 0.1471342 -0.6561473 -0.7401502 0.6730896 0.002042472 0.7395582 0.6730895 0.00204271 0.7395583 0.6730894 0.002042591 0.7395583 0.6730896 0.002042591 0.7395581 0.3992912 -0.9168243 9.95539e-7 0.7071056 -0.707108 0 0.7071076 -0.7071061 0 0.3992965 -0.9168219 2.78263e-7 0.09803402 -0.9951831 7.04081e-7 0.09803533 -0.995183 0 -0.1827012 -0.9831685 2.07164e-6 -0.1826722 -0.983174 0 -0.3993011 -0.91682 -3.96646e-6 -0.399301 -0.9168199 5.4828e-7 -0.3992925 0.9168236 -1.21035e-6 -0.182719 0.9831653 -2.33253e-6 -0.3992927 0.9168236 -3.3565e-7 -0.1826961 0.9831696 -4.86609e-7 0.09803193 0.9951833 2.10094e-6 0.09803098 0.9951835 -4.79101e-7 0.3992904 0.9168245 -5.01841e-6 0.3992897 0.9168248 3.47599e-7 0.7071066 0.707107 8.9093e-7 0.7071077 0.7071059 0 0.9238818 0.3826781 0 0.9238817 0.3826785 0 0.9951834 0.09803181 -7.79098e-7 0.9951832 0.09803366 -7.79098e-7 0.9951834 -0.09803169 -1.47146e-6 0.9951831 -0.09803366 -9.72907e-7 0.9238819 -0.382678 -5.05864e-7 0.9238806 -0.3826811 0 1 0 0 -0.1827187 -0.9831653 -8.04605e-7 -0.2316649 -0.9727957 0 -0.2316649 -0.9727957 0 -0.1827003 -0.9831687 4.2148e-7 -3.52832e-7 -1 -5.0276e-7 1.23968e-7 -1 7.74131e-7 0.1827067 -0.9831675 0 0.182723 -0.9831645 0 0.3991947 -0.9168663 0 0.3991909 -0.9168679 0 0.7881859 -0.6154373 0 0.7881857 -0.6154376 0 0.9863005 -0.1649588 0 0.9862986 -0.1649701 0 0 1 0 0.9862969 0.1649802 0 0.9862957 0.1649882 0 0.7882123 0.6154035 0 0.7882123 0.6154034 0 0.3992347 0.9168489 -1.34114e-6 0.3992515 0.9168416 -4.61989e-7 0.1827291 0.9831634 3.54555e-7 0.1827301 0.9831631 0 -1.38444e-6 1 0 -1.37966e-6 1 2.28934e-7 -0.182726 0.983164 0 -0.1827247 0.9831641 -9.86973e-7 -0.3992549 0.91684 0 -0.3992387 0.9168471 6.89966e-7 -0.7882183 0.6153959 0 -0.7882189 0.6153951 4.07893e-7 -0.9862955 0.1649883 2.91598e-7 -0.9862968 0.1649815 6.92389e-7 -1 0 2.58449e-7 -1 0 2.58447e-7 0 -1 0 0 0 -1 0 0 -1 0 0 -1 -4.00502e-7 0 -1 0 0 -1 0 0 -1 0 0 -1 0 0 -1 0 0 -1 0 0 -1 0 0 -1 -2.63113e-7 0 -1 0 0 -1 2.01111e-7 0 -1 0 0 -1 0 0 -1 0 0 -1 1.21625e-7 0 -1 0 0 -1 0 0 -1 0 0 -1 0 0 -1 1.20667e-7 0 -1 -1.69635e-7 0 -1 0 0 -1 -2.31563e-7 0 -1 4.00492e-7 0 -1 2.11879e-7 0 -1 0 0 -1 0 0 -1 1.64173e-7 0 -1 0 0 -1 0 0 -1 0 0 -1 1.53842e-7 0 -1 0 0 -1 7.43197e-7 0 -1 -1.37731e-7 0 -1 0 0 -1 0 0 -1 0 0 -1 0 0 -1 0 0 -1 0 0 -1 -1.44791e-7 0 -1 0 0 -1 0 0 -1 0 0 -1 0 0 -1 0 0 -1 0 0 -1 0 0 -1 0 0 -1 0 0 -1 -0.7882243 0.615388 0 -0.9862853 0.1650494 -5.67281e-7 -0.9862877 0.1650358 -4.50589e-7 -0.9863278 -0.1647955 -9.04078e-7 -0.9863215 -0.1648334 -4.44211e-7 -0.7881906 -0.6154313 -3.2752e-7 -0.7881919 -0.6154296 7.1653e-7 -0.3992633 -0.9168363 6.49755e-7 -0.3992674 -0.9168345 1.82341e-6 -0.1827203 -0.983165 0 -0.1827007 -0.9831687 -7.36555e-6 5.91688e-6 -1 0 5.79759e-6 -1 2.61885e-7 0.182706 -0.9831677 0 0.182726 -0.9831638 -1.33334e-7 0.3992822 -0.9168281 1.0907e-5 0.3992784 -0.9168298 -1.10183e-6 0.7882027 -0.6154158 -1.00383e-6 0.7882025 -0.615416 -2.0225e-6 0.9862876 -0.1650362 1.78454e-7 0.9862853 -0.1650494 -1.51033e-6 0.9862852 0.1650498 -7.8698e-7 0.9862876 0.1650362 3.38071e-7 0.7882027 0.6154157 -4.07878e-7 0.7882026 0.6154159 -1.13436e-6 0.3992781 0.9168299 -2.47812e-6 0.399282 0.9168282 -1.19123e-6 0.1826779 0.9831728 -1.21322e-6 0.1827065 0.9831675 6.63314e-7 6.06003e-6 1 3.86744e-6 5.53038e-6 1 1.89182e-6 -0.1827006 0.9831687 1.58256e-6 -0.1827204 0.9831649 -1.34318e-6 -0.3992671 0.9168347 -3.02191e-7 -0.3992636 0.9168363 -6.03649e-7 -0.7882245 0.615388 0 0.986297 -0.1649797 6.82578e-7 0.9862969 0.1649805 3.93059e-7 0.986297 0.1649799 3.93058e-7 0.7881895 0.6154327 0 0.7881888 0.6154335 7.14698e-7 0.3992424 0.9168455 3.83236e-7 0.3992421 0.9168456 4.32475e-7 0.1826829 0.9831719 -4.41173e-7 0.1826825 0.9831719 -1.06958e-6 1.33811e-6 1 0 1.29988e-6 1 6.52864e-7 -0.1826868 0.9831712 4.43578e-7 -0.1826866 0.9831713 1.09277e-6 -0.3992341 0.9168491 0 -0.3992343 0.916849 0 -0.7881876 0.615435 0 -0.7881886 0.6154339 0 -0.986299 0.1649683 0 -0.9862992 0.1649671 0 -0.9862992 -0.1649667 0 -0.986299 -0.1649678 0 -0.7881889 -0.6154333 0 -0.7881879 -0.6154347 0 -0.3992345 -0.9168488 0 -0.3992339 -0.9168492 0 -0.1826856 -0.9831714 0 -0.1826855 -0.9831714 0 1.42891e-6 -1 0 1.16607e-6 -1 0 0.1826819 -0.9831721 0 0.1826817 -0.9831721 1.46157e-7 0.3992422 -0.9168456 1.05621e-6 0.3992421 -0.9168455 4.70874e-7 0.7881893 -0.6154329 6.76735e-7 0.7881896 -0.6154327 1.93662e-7 0.986297 -0.1649802 4.96913e-7 -0.2728868 0.6108736 0.7432134 -0.5226134 0.4079372 0.7486405 -0.5226393 0.4079574 0.7486114 -0.6567877 0.1258253 0.7435038 -0.6567798 0.1258557 0.7435057 -0.6565666 -0.1279031 0.7433446 -0.6565747 -0.1278823 0.743341 -0.5170251 -0.4146584 0.7488281 -0.5170478 -0.4146431 0.7488209 -0.2644239 -0.6157045 0.7422856 -0.2644329 -0.6157092 0.7422786 -0.1078605 -0.6631455 0.7406783 -0.1078783 -0.6631483 0.7406731 1.39213e-6 -0.6706428 0.7417805 0 -0.6706812 0.7417457 0.1078584 -0.6631456 0.7406785 0.1078747 -0.6631483 0.7406736 0.2871207 -0.6046411 0.7429475 0.2871394 -0.6046286 0.7429504 0.5226421 -0.4079584 0.7486089 0.5226162 -0.4079391 0.7486375 0.6596549 -0.1274555 0.7406826 0.6596556 -0.1274622 0.7406807 0.6596519 0.127486 0.7406799 0.6596382 0.1274894 0.7406916 0.5170266 0.4146197 0.7488485 0.5170505 0.4146432 0.7488189 0.2728891 0.6108705 0.7432152 0.2727612 0.6106626 0.7434329 0.1123174 0.6624061 0.7406774 0.1123369 0.6623979 0.7406817 1.574e-6 0.6706426 0.7417807 0 0.6705743 0.7418424 -0.1123196 0.6624063 0.7406768 -0.1123405 0.6623968 0.7406822 -0.2728818 0.6108871 0.7432043 0.6596344 0.1274954 0.7406938 0.5170176 0.4146378 0.7488448 0.5170137 0.4146353 0.7488487 0.2728795 0.6108875 0.7432047 0.2729011 0.610879 0.7432039 0.112242 0.6624364 0.7406617 0.1121919 0.6624224 0.7406818 -2.90991e-7 0.6705467 0.7418674 -1.57554e-7 0.670536 0.741877 -0.1122374 0.6624397 0.7406595 -0.1121944 0.6624221 0.7406817 -0.2728608 0.6108972 0.7432036 -0.2728946 0.6108737 0.7432106 -0.5226292 0.4079475 0.7486239 -0.522626 0.407937 0.7486317 -0.656773 0.1258443 0.7435136 -0.6567828 0.1258386 0.7435059 -0.6565631 -0.1279014 0.743348 -0.6565694 -0.1278907 0.7433443 -0.5170188 -0.4146398 0.7488427 -0.5170483 -0.4146629 0.7488096 -0.264437 -0.6157006 0.7422843 -0.2644228 -0.6157133 0.7422788 -0.1077388 -0.6629639 0.7408585 -0.1070651 -0.6632789 0.7406741 2.35279e-6 -0.6705471 0.741867 0 -0.6707227 0.7417082 0.1077589 -0.6629864 0.7408354 0.1070173 -0.6633027 0.7406597 0.2535018 -0.6196336 0.7428264 0.2534741 -0.6196207 0.7428467 0.5226285 -0.407948 0.748624 0.5226254 -0.4079259 0.7486383 0.6596539 -0.1274567 0.7406832 0.6596624 -0.1274272 0.7406808 0.6596592 0.1274487 0.7406798 -1 0 0 -0.2728859 0.6108748 -0.7432128 -0.2727596 0.6106667 -0.7434302 -0.5226391 0.4079577 -0.7486113 -0.1123197 0.6624062 -0.7406769 -0.1123408 0.662397 -0.740682 1.75363e-6 0.670643 -0.7417803 0 0.6705372 -0.741876 0.1123174 0.6624059 -0.7406776 0.1123369 0.6623978 -0.7406819 0.2728849 0.6108843 -0.7432054 0.2728891 0.6108701 -0.7432156 0.517027 0.4146194 -0.7488484 0.5170509 0.4146428 -0.7488189 0.6596582 0.1274462 -0.7406812 0.6596521 0.1274849 -0.74068 0.6596546 -0.127457 -0.7406824 0.6596556 -0.1274611 -0.7406809 0.5226419 -0.4079591 -0.7486087 0.5226176 -0.40794 -0.748636 0.2871397 -0.6046288 -0.7429502 0.2871209 -0.6046404 -0.7429479 0.1078583 -0.6631457 -0.7406784 0.1078749 -0.663149 -0.740673 1.43479e-6 -0.6706434 -0.74178 0 -0.6707178 -0.7417128 -0.1078606 -0.6631451 -0.7406786 -0.1078303 -0.663156 -0.7406732 -0.264433 -0.6157092 -0.7422785 -0.2644243 -0.6157045 -0.7422855 -0.517027 -0.4146106 -0.7488532 -0.5170472 -0.4146428 -0.7488214 -0.6565752 -0.1278835 -0.7433404 -0.6565679 -0.1279025 -0.7433436 -0.6567874 0.1258262 -0.743504 -0.6567793 0.1258546 -0.7435064 -0.5226143 0.4079373 -0.7486398 0.1078605 -0.6631455 -0.7406783 0 -0.6706812 -0.7417457 -1.39213e-6 -0.6706428 -0.7417805 -0.1078584 -0.6631456 -0.7406785 -0.1078747 -0.6631483 -0.7406736 -0.2644358 -0.6157083 -0.7422783 -0.2644236 -0.6157029 -0.7422871 -0.5170271 -0.4146179 -0.7488492 -0.5170517 -0.4146428 -0.7488184 -0.6565717 -0.1278876 -0.7433427 -0.6565756 -0.1278703 -0.7433423 -0.6567844 0.1258304 -0.7435058 -0.6567878 0.1258227 -0.7435043 -0.5226116 0.4079362 -0.7486423 -0.5226151 0.4079384 -0.7486385 -0.2728891 0.6108705 -0.7432152 -0.2727612 0.6106626 -0.7434329 -0.1123174 0.6624061 -0.7406774 -0.1123369 0.6623979 -0.7406817 -1.574e-6 0.6706426 -0.7417807 0 0.6705743 -0.7418424 0.1123196 0.6624063 -0.7406768 0.1123405 0.6623968 -0.7406822 0.2728818 0.6108871 -0.7432043 0.2728868 0.6108736 -0.7432134 0.5170274 0.414613 -0.7488517 0.5170485 0.4146429 -0.7488206 0.6596419 0.1274832 -0.7406893 0.6596549 0.1274698 -0.7406801 0.6596577 -0.127449 -0.7406811 0.6596593 -0.1274462 -0.7406801 0.522638 -0.4079552 -0.7486135 0.5226132 -0.4079366 -0.7486409 0.2871349 -0.6046319 -0.7429496 0.287117 -0.6046405 -0.7429493 0.1078783 -0.6631483 -0.7406731 0.6730896 0.002042472 -0.7395582 0.6730895 0.00204271 -0.7395583 0.6730896 0.002042591 -0.7395581 0.6730895 0.002042591 -0.7395583 0.6596549 0.127453 -0.7406829 0.6596584 0.1274495 -0.7406803 0.5170135 0.4146351 -0.7488491 0.659653 -0.1274579 -0.7406839 0.6596615 -0.1274279 -0.7406813 0.5226284 -0.4079481 -0.7486241 0.5226258 -0.4079266 -0.7486377 0.2534734 -0.6196202 -0.7428473 0.2534239 -0.6194823 -0.7429791 0.107733 -0.6629586 -0.740864 0.1070646 -0.6632913 -0.7406631 2.47801e-6 -0.6705472 -0.741867 0 -0.6707227 -0.7417082 -0.1077383 -0.6629636 -0.7408588 -0.1070654 -0.6632788 -0.7406741 -0.2644218 -0.6157137 -0.7422789 -0.2644377 -0.6157004 -0.7422841 -0.5170197 -0.4146399 -0.7488421 -0.5170168 -0.414637 -0.7488457 -0.6565628 -0.1279035 -0.7433479 -0.6565705 -0.1278914 -0.7433432 -0.6567842 0.1258394 -0.7435045 -0.6567721 0.1258462 -0.7435141 -0.5226272 0.4079485 -0.7486246 -0.522625 0.4079357 -0.7486332 -0.2728951 0.6108728 -0.7432112 -0.272859 0.610896 -0.7432052 -0.1122375 0.6624395 -0.7406597 -0.1121948 0.6624221 -0.7406817 -2.40245e-6 0.6709153 -0.7415341 -1.98648e-7 0.6705383 -0.7418749 0.1122412 0.6624371 -0.7406612 0.1121919 0.6624224 -0.7406819 0.2729023 0.6108784 -0.7432039 0.2728797 0.6108872 -0.743205 0.5170475 0.4146624 -0.7488105 5.63842e-7 0 -1 0 0 -1 0 0 -1 0 0 -1 0 0 -1 0 0 -1 0 0 -1 1.03367e-6 0 -1 0 0 -1 0 0 -1 0 0 -1 0 0 -1 0 0 -1 0 0 -1 0 0 -1 0 0 -1 0 0 -1 -6.55273e-7 0 -1 0 0 -1 0 0 -1 0 0 -1 0 0 -1 0 0 -1 0 0 -1 0 0 -1 0 0 -1 0 -0.6707214 -0.7417095 0 -0.6707189 -0.7417117 0 -0.6707187 -0.7417118 0 -0.6707216 -0.7417093 0 0.6705382 -0.7418751 0 0.6705434 -0.7418704 0 0.6705437 -0.7418702 0 0.6705377 -0.7418755 -0.9863009 -0.1649568 1.49548e-7 -0.9238002 -0.382875 -5.44917e-6 -0.9237957 -0.382886 -1.31842e-6 -0.9863055 -0.1649289 0 -0.986298 0.1649734 0 -0.9863001 0.1649611 -2.79219e-7 -0.9239276 0.3825678 4.23172e-7 -0.923923 0.3825786 2.16901e-6 -0.1122412 0.6624371 0.7406612 -0.1121919 0.6624224 0.7406819 2.40245e-6 0.6709153 0.7415341 -0.2729023 0.6108784 0.7432039 -0.2728797 0.6108872 0.743205 -0.5226275 0.4079481 0.7486246 -0.522624 0.4079259 0.7486392 -0.6567725 0.1258453 0.743514 -0.656782 0.1258416 0.7435061 -0.6565626 -0.1279025 0.7433482 -0.6565708 -0.1278944 0.7433423 -0.5170137 -0.4146359 0.7488485 -0.5170173 -0.4146384 0.7488446 -0.264424 -0.6157151 0.7422769 -0.2644181 -0.6157151 0.742279 -0.107733 -0.6629586 0.740864 -0.1070646 -0.6632913 0.7406631 -2.47801e-6 -0.6705472 0.741867 0 -0.6707227 0.7417082 0.1077383 -0.6629636 0.7408588 0.1070654 -0.6632788 0.7406741 0.253505 -0.6196307 0.7428277 0.2534785 -0.6196018 0.7428609 0.5226281 -0.4079481 0.7486243 0.5226266 -0.4079355 0.7486322 0.6596531 -0.1274586 0.7406836 0.6596642 -0.1274254 0.7406795 0.6596581 0.1274464 0.7406812 0.6596547 0.1274535 0.740683 0.5170195 0.4146395 0.7488425 0.5170472 0.414662 0.7488109 0.2728951 0.6108728 0.7432112 0.272859 0.610896 0.7432052 0.1122375 0.6624395 0.7406597 0.1121948 0.6624221 0.7406817 1.98648e-7 0.6705383 0.7418749 0 0 -1 0 0 -1 0 0 -1 1.39348e-7 0 -1 0 0 -1 5.27034e-6 0 -1 1.23167e-7 0 -1 0 0 -1 -2.34035e-7 0 -1 0 0 -1 0 0 -1 -3.90741e-7 0 -1 0 0 -1 0 0 -1 -7.10058e-7 0 -1 2.4467e-7 0 -1 0 0 -1 0 0 -1 0 0 -1 0 0 -1 0 0 -1 0 0 -1 0 0 -1 0 0 -1 0 0 -1 0 0 -1 0 0 -1 0 0 -1 0 0 -1 0 0 -1 0 0 -1 0 0 -1 0 0 -1 0 0 -1 0 0 -1 0 -0.6707214 0.7417095 0 -0.6707189 0.7417117 0 -0.6707216 0.7417093 0 -0.6707187 0.7417118 0 0.6705382 0.7418751 0 0.6705434 0.7418704 0 0.6705377 0.7418755 0 0.6705437 0.7418702 0.9862853 -0.1650494 6.32095e-7 0.9862877 -0.1650358 5.22373e-7 0.986285 0.1650509 -6.56728e-7 0.7881909 -0.6154309 2.43112e-7 0.788191 -0.6154308 -1.39592e-6 0.3992635 -0.9168363 7.94971e-6 0.3992672 -0.9168347 -2.11823e-6 0.1827204 -0.983165 0 0.1827006 -0.9831687 0 -5.53038e-6 -1 2.89075e-7 -6.05765e-6 -1 0 -0.1827065 -0.9831675 1.54668e-7 -0.1827262 -0.9831639 6.8128e-6 -0.399282 -0.9168282 1.59793e-6 -0.3992781 -0.91683 5.63044e-7 -0.7882026 -0.6154159 1.87443e-6 -0.7882028 -0.6154158 -4.42655e-6 -0.9863213 -0.1648342 1.45913e-6 -0.986328 -0.1647943 0 -0.9862853 0.1650494 6.13626e-7 -0.9862876 0.1650362 1.27471e-6 -0.7882361 0.615373 1.85712e-6 -0.7882362 0.6153729 3.20918e-7 -0.3992784 0.9168298 9.895e-7 -0.3992822 0.9168282 6.58735e-7 -0.1826778 0.9831729 6.28698e-7 -0.182706 0.9831677 0 -5.79998e-6 1 1.12847e-6 -5.91688e-6 1 -1.55986e-6 0.1827007 0.9831687 9.85684e-7 0.1827203 0.983165 3.82469e-6 0.3992674 0.9168345 -1.40845e-6 0.3992633 0.9168363 5.97668e-6 0.7881919 0.6154296 -6.64676e-7 0.7881906 0.6154313 0 0.9862877 0.1650354 3.93491e-7 -0.7881893 0.615433 0 -0.788189 0.6154333 0 -0.9862969 0.1649805 -4.30144e-7 -0.3992421 0.9168455 8.91746e-7 -0.3992422 0.9168456 3.6782e-7 -0.1826828 0.9831719 -5.75075e-7 -0.1826829 0.9831719 -4.4358e-7 -1.20191e-6 1 -6.52886e-7 -1.44086e-6 1 0 0.1826865 0.9831712 1.06963e-6 0.1826866 0.9831713 4.41178e-7 0.3992339 0.9168492 6.35984e-7 0.3992345 0.9168488 0 0.7881878 0.615435 0 0.7881887 0.6154338 0 0.986299 0.1649683 0 0.9862992 0.1649671 0 0.9862992 -0.1649667 0 0.986299 -0.1649678 0 0.7881888 -0.6154335 0 0.788188 -0.6154347 0 0.3992343 -0.916849 0 0.3992341 -0.9168491 0 0.1826856 -0.9831714 0 0.1826857 -0.9831714 0 -1.319e-6 -1 0 -1.35245e-6 -1 0 -0.1826815 -0.9831722 0 -0.1826819 -0.9831721 0 -0.3992421 -0.9168456 -8.33707e-7 -0.3992424 -0.9168455 -3.16467e-7 -0.7881891 -0.6154332 -5.90181e-7 -0.7881897 -0.6154325 -3.38333e-7 -0.986297 -0.1649801 -5.74496e-7 -0.986297 -0.1649796 -8.98859e-7 -0.986297 0.1649801 -4.96444e-7 -0.9863055 -0.1649287 0 -0.9863041 -0.1649374 0 -0.7882122 -0.6154038 0 -0.7882121 -0.6154039 -1.88094e-7 -0.3992347 -0.9168488 1.14488e-6 -0.3992515 -0.9168415 -2.58235e-7 -0.1826812 -0.9831722 0 -0.1826825 -0.983172 0 1.29851e-6 -1 0 1.4274e-6 -1 0 0.1826782 -0.9831727 0 0.1826769 -0.983173 0 0.3992556 -0.9168398 0 0.3992386 -0.9168471 0 0.7882181 -0.615396 0 0.7882183 -0.6153958 0 0.9862956 -0.1649883 -1.68942e-7 0.9862967 -0.1649815 -2.7353e-7 1 0 -2.58448e-7 1 0 -2.58449e-7 -0.9862986 -0.1649701 0 -0.9863005 -0.1649588 0 -0.7881857 -0.6154376 0 -0.7881859 -0.6154373 -1.88867e-7 -0.3991909 -0.9168679 0 -0.3991947 -0.9168663 0 -0.182723 -0.9831645 0 -0.1827067 -0.9831675 0 -1.23968e-7 -1 -8.4852e-7 3.52832e-7 -1 0 0.1827003 -0.9831687 -5.98246e-7 0.1827187 -0.9831653 4.25136e-7 0.2316649 -0.9727957 0 0.2316649 -0.9727957 0 -0.3993034 -0.9168189 -1.6185e-6 -0.09785741 -0.9952005 -5.27258e-7 -0.3993094 -0.9168162 0 -0.09776836 -0.9952092 6.64845e-7 -6.54906e-6 -1 0 -8.28505e-6 -1 0 -0.09819489 0.9951673 0 -1.76635e-5 1 0 -1.76616e-5 1 0 -0.09828788 0.9951581 0 -0.3993042 0.9168186 0 -0.3993578 0.9167953 0 -0.7071078 0.7071059 0 -0.7071065 0.7071072 4.38699e-7 -0.9238676 0.3827123 -1.20722e-7 -0.9238801 0.3826822 8.35983e-7 -0.9951822 0.09804332 4.92423e-7 -0.9951832 0.09803396 5.36783e-7 -0.9951782 -0.09808409 7.03475e-7 -0.9951822 -0.09804332 4.65633e-7 -0.9238808 -0.3826803 7.74133e-7 -0.9238873 -0.3826649 -4.53366e-6 -0.7071067 -0.707107 2.9698e-7 -0.7071067 -0.707107 0 -0.9862969 0.1649802 0 -0.9862957 0.1649882 0 -0.7882123 0.6154035 0 -0.7882123 0.6154034 0 -0.3992347 0.9168489 1.29585e-6 -0.3992515 0.9168416 3.01577e-7 -0.1827291 0.9831634 -3.54555e-7 -0.1827301 0.9831631 0 1.38444e-6 1 0 1.37966e-6 1 0 0.182726 0.983164 2.67689e-7 0.1827247 0.9831641 -1.525e-6 0.3992549 0.91684 5.30952e-7 0.3992387 0.9168471 3.75638e-7 0.7882183 0.6153959 2.3369e-7 0.7882189 0.6153951 -4.33157e-7 0.9862955 0.1649883 -3.01422e-7 0.9862968 0.1649815 -7.27091e-7 1 0 -2.58449e-7 1 0 -2.58447e-7 -1 0 2.58448e-7 -0.9863052 -0.164931 2.80865e-7 -1 0 2.58449e-7 -0.9863041 -0.1649376 1.71012e-7 -0.7882183 -0.6153958 0 -0.7882181 -0.615396 0 -0.3992386 -0.9168471 0 -0.3992556 -0.9168398 0 -0.1826769 -0.983173 0 -0.1826782 -0.9831727 0 -1.4274e-6 -1 0 -1.29851e-6 -1 0 0.1826825 -0.983172 0 0.1826812 -0.9831722 0 0.3992515 -0.9168415 0 0.3992347 -0.9168488 -1.16844e-6 0.7882121 -0.6154039 0 0.7882122 -0.6154038 0 0.9862957 -0.1649882 0 0.9862969 -0.1649802 0 0.1827167 0.9831657 -4.17659e-7 0.2316613 0.9727965 -9.09866e-7 0.2316613 0.9727965 0 0.1826985 0.983169 -5.60982e-6 0 1 -7.13724e-7 2.1456e-7 1 6.47046e-7 -0.1827062 0.9831676 6.98775e-6 -0.1827223 0.9831646 5.65812e-7 -0.3991944 0.9168664 0 -0.3991908 0.9168679 -2.47436e-6 -0.7882188 0.6153951 -6.31273e-6 -0.7882185 0.6153955 0 -0.9863005 0.164959 -1.20701e-5 -0.9862985 0.1649703 0 0.65965 -0.1274761 -0.7406833 0.6731055 0.002064347 -0.7395436 0.6730949 0.002069294 -0.7395533 0.6596467 -0.127461 -0.7406889 0.5226017 -0.4079266 -0.7486544 0.5226037 -0.4079293 -0.7486515 0.2871292 -0.6046441 -0.7429417 0.287126 -0.6046394 -0.7429469 0.1078631 -0.6631473 -0.7406762 0.1078577 -0.6631516 -0.7406733 0 -0.6706324 -0.7417899 -1.2017e-7 -0.6706485 -0.7417753 -0.1078638 -0.6631475 -0.7406759 -0.1078511 -0.6631522 -0.7406737 -0.2644208 -0.6157144 -0.7422785 -0.2644144 -0.6157159 -0.7422797 -0.5170422 -0.4146398 -0.7488266 -0.5170255 -0.4146449 -0.7488353 -0.6565949 -0.1278746 -0.7433245 -0.6565649 -0.1278986 -0.7433468 -0.672329 -8.61486e-4 -0.7402521 -0.67233 -8.17151e-4 -0.7402511 -0.3992882 0.9168255 7.85084e-6 -0.7071076 0.7071061 0 -0.7071055 0.7071081 0 -0.3992935 0.9168232 1.55442e-6 -0.0980308 0.9951834 -1.73459e-6 -0.09803211 0.9951833 2.21145e-6 0.1826968 0.9831693 3.03739e-6 0.1827182 0.9831653 -3.24458e-7 0.3992927 0.9168236 1.14735e-6 0.3992925 0.9168236 -6.82557e-6 0.1826729 -0.9831738 -1.13341e-6 0.399301 -0.91682 2.99763e-7 0.399301 -0.9168199 -3.65759e-6 0.1827005 -0.9831687 -6.91619e-7 -0.09803509 -0.995183 -1.75838e-6 -0.0980342 -0.9951831 5.14518e-7 -0.3992934 -0.9168233 7.28347e-7 -0.3992927 -0.9168235 2.99728e-6 -0.7071066 -0.707107 7.14275e-7 -0.7071077 -0.7071059 0 -0.9238815 -0.3826787 0 -0.9238814 -0.382679 4.91895e-7 -0.9951832 -0.09803247 9.67555e-7 -0.9951831 -0.09803432 1.45234e-6 -0.9951834 0.09803104 9.75955e-7 -0.9951832 0.09803301 8.34204e-7 -0.9238821 0.3826774 1.43831e-7 -0.9238808 0.3826805 0 0.3992927 -0.9168235 -1.73218e-6 0.7071066 -0.707107 0 0.7071077 -0.7071059 0 0.3992934 -0.9168233 1.4855e-6 0.0980342 -0.9951831 -4.8118e-7 0.09803515 -0.995183 2.76175e-6 -0.1827005 -0.9831687 0 -0.1826729 -0.9831738 6.72295e-7 -0.399301 -0.9168199 -5.85885e-7 -0.399301 -0.9168199 2.26274e-6 -0.3992943 0.9168229 -2.64936e-7 -0.3992899 0.9168248 -8.50562e-7 -0.1827173 0.9831656 -1.43002e-7 -0.1826983 0.9831691 2.27004e-7 0.09803211 0.9951833 -1.29584e-6 0.0980308 0.9951834 2.8691e-6 0.3992935 0.9168232 7.06031e-7 0.3992882 0.9168255 -6.27285e-6 0.7071076 0.7071061 8.90936e-7 0.7071056 0.7071079 0 0.9238808 0.3826804 0 0.9238822 0.3826771 0 0.9951832 0.09803295 -7.79098e-7 0.9951834 0.0980311 -7.79097e-7 0.9951831 -0.09803432 -1.47145e-6 0.9951832 -0.09803247 -9.72906e-7 0.9238815 -0.3826789 -5.05863e-7 0.9238816 -0.3826785 0 -0.9863004 -0.1649589 1.07551e-6 -0.9239258 -0.3825718 5.08519e-7 -0.9239258 -0.3825719 2.60646e-6 -0.9862975 -0.164977 0 -0.9862968 0.1649806 0 -0.9863008 0.1649567 8.58508e-7 -0.923924 0.382576 4.05917e-7 -0.9239287 0.382565 2.08057e-6 0 0 -1 0 0 -1 0 0 -1 0 0 -1 0 0 -1 1.19542e-7 0 -1 0 0 -1 0 0 -1 0 0 -1 2.39476e-6 0 -1 1.27582e-7 0 -1 -1.23195e-7 0 -1 0 0 -1 0 0 -1 0 0 -1 0 0 -1 0 0 -1 0 0 -1 0 0 -1 3.89841e-7 0 -1 0 0 -1 6.75971e-7 0 -1 -2.84134e-7 0 -1 0 0 -1 -2.64629e-7 0 -1 0 0 -1 0 0 -1 0 0 -1 0 0 -1 -3.40923e-6 4.32102e-7 -1 -1.20213e-6 1.59939e-6 -1 0 -8.28196e-7 -1 0 0 -1 -4.41395e-7 4.2845e-7 -1 -1.56201e-7 0 -1 -7.7082e-7 -2.76957e-7 -1 0 -5.54145e-7 -1 0 0 -1 0 0 -1 0 0 -1 -3.14592e-7 0 -1 1.52726e-7 0 -1 0.11219 0.6624774 -0.7406328 0.1471586 0.656084 -0.7402016 0.1471257 0.6561129 -0.7401823 0.112657 0.6625784 -0.7404717 0 0.670548 -0.7418662 0 0.6705073 -0.741903 -0.1122217 0.6625139 -0.7405955 -0.1120226 0.6624479 -0.7406846 -0.272899 0.6108688 -0.743213 -0.2728825 0.6108452 -0.7432384 -0.5226297 0.4079196 -0.7486386 -0.5226292 0.4079661 -0.7486137 -0.656763 0.1258177 -0.7435269 -0.6567222 0.1258479 -0.7435579 -0.6723198 -8.55018e-4 -0.7402604 -0.672317 -8.42556e-4 -0.740263 -2.21335e-5 -0.6707297 -0.741702 -0.06464689 -0.6685495 -0.7408525 -1.36197e-5 -0.6707316 -0.7417003 -0.06435662 -0.6685079 -0.7409152 -0.2644456 -0.6156888 -0.7422909 -0.2644177 -0.6156548 -0.7423291 -0.4747719 -0.4747721 -0.7410689 -0.4747127 -0.4747128 -0.7411449 -0.6155461 -0.2643806 -0.7424325 -0.6155435 -0.2643148 -0.742458 -0.6676672 -0.07426214 -0.7407467 -0.6677403 -0.07426053 -0.7406811 -0.6677453 0.07422077 -0.7406805 -0.6677315 0.07419955 -0.740695 -0.6154704 0.2643738 -0.7424977 -0.6154716 0.2643697 -0.7424982 -0.4742375 0.4742357 -0.7417542 -0.4743154 0.474314 -0.7416543 -0.2728742 0.6108919 -0.7432032 -0.2728792 0.6108879 -0.7432046 -0.06431531 0.668482 -0.7409423 -0.06464558 0.668549 -0.7408531 1.22096e-6 0.6704936 -0.7419154 2.41878e-5 0.6704975 -0.7419118 0.6596385 0.1275803 -0.7406756 0.6731051 0.002077579 -0.739544 0.673093 0.002027571 -0.7395551 0.6595592 0.1275789 -0.7407464 0.5170424 0.41464 -0.7488264 0.5170252 0.4146447 -0.7488357 0.2728791 0.6108894 -0.7432034 0.2728728 0.6108901 -0.7432051 0.1122915 0.6624054 -0.740682 0.1123344 0.6623978 -0.7406823 0 0.6706303 -0.7417917 0 0.670498 -0.7419114 -0.1122906 0.6624056 -0.7406819 -0.1122927 0.6624052 -0.7406819 -0.2728601 0.6108937 -0.7432069 -0.2728738 0.6108897 -0.743205 -0.522632 0.4079522 -0.7486193 -0.5226345 0.4079535 -0.7486168 -0.656728 0.1258399 -0.7435541 -0.6567594 0.1258429 -0.7435259 -0.6723196 -8.63803e-4 -0.7402607 -0.672352 -8.51151e-4 -0.7402312 0.06428122 -0.6684612 -0.7409639 0.2871371 -0.6046326 -0.742948 0.2871291 -0.6046356 -0.7429487 0.06464731 -0.6685494 -0.7408525 2.39387e-5 -0.6707293 -0.7417023 1.50714e-5 -0.6707331 -0.7416989 4.85263e-7 0.6704931 -0.7419158 0.0646457 0.6685492 -0.7408528 -2.3542e-5 0.6704968 -0.7419126 0.06427586 0.6684575 -0.7409678 0.2728792 0.610888 -0.7432045 0.2728734 0.6108927 -0.7432028 0.4742379 0.4742364 -0.7417535 0.4743424 0.4743412 -0.7416197 0.6154732 0.2643697 -0.7424967 0.6154718 0.2643728 -0.7424969 0.667733 0.07419794 -0.7406939 0.6677512 0.07417154 -0.7406801 0.6676687 -0.07426053 -0.7407456 0.6677403 -0.07426047 -0.7406811 0.6155441 -0.2643145 -0.7424576 0.615548 -0.264381 -0.7424307 0.4747728 -0.4747728 -0.7410679 0.4746612 -0.4746614 -0.7412108 -0.1121906 0.6624769 -0.7406333 -0.1471248 0.6561107 -0.7401846 -0.1471563 0.6560833 -0.7402025 -0.1126565 0.6625766 -0.7404734 0 0.6705483 -0.7418659 0 0.6705455 -0.7418684 0.1122214 0.6625143 -0.7405952 0.112023 0.6624481 -0.7406845 0.2728993 0.6108685 -0.7432132 0.2728828 0.610843 -0.7432401 0.5170379 0.4146553 -0.748821 0.5170472 0.4146621 -0.7488108 0.6594395 0.1274744 -0.7408711 0.6596543 0.1277096 -0.7406393 0.6731042 0.002057254 -0.7395449 0.6731263 0.00206387 -0.7395247 -0.1076827 -0.6630545 -0.7407855 -0.147157 -0.6560842 -0.7402015 -0.147134 -0.6561483 -0.7401494 -0.107761 -0.6631603 -0.7406795 0 -0.6707301 -0.7417016 0 -0.6707219 -0.741709 0.1077447 -0.663116 -0.7407215 0.1076466 -0.663188 -0.7406713 0.2871225 -0.60464 -0.7429477 0.2871097 -0.6046509 -0.7429437 0.5226306 -0.4079203 -0.7486377 0.5226254 -0.4079229 -0.74864 0.6595917 -0.1274528 -0.7407392 0.6596598 -0.1274579 -0.7406777 0.6731737 0.002039194 -0.7394817 0.6731197 0.002058804 -0.7395308 0.6730802 0.002006649 -0.7395669 0.6596544 -0.1274796 -0.7406787 0.6730727 0.002017855 -0.7395736 0.6596434 -0.1274656 -0.740691 0.522601 -0.4079256 -0.7486554 0.5226007 -0.4079257 -0.7486556 0.2871277 -0.6046566 -0.742932 0.2871277 -0.6046379 -0.7429474 0.1078638 -0.6631476 -0.7406758 0.107851 -0.6631521 -0.7406737 0 -0.6707432 -0.7416898 0 -0.6707215 -0.7417093 -0.107863 -0.6631473 -0.7406761 -0.1078574 -0.6631512 -0.7406737 -0.2644113 -0.6157189 -0.7422783 -0.2644127 -0.6157166 -0.7422797 -0.517046 -0.4146393 -0.7488242 -0.5170314 -0.4146445 -0.7488315 -0.656602 -0.1278703 -0.743319 -0.6565945 -0.1278647 -0.7433265 -0.6723321 -8.61027e-4 -0.7402492 -0.6723313 -8.61391e-4 -0.7402499 0.6596543 -0.1274797 0.7406787 0.6730967 0.002049148 0.7395516 0.6730495 0.001981735 0.7395948 0.6596435 -0.1274655 0.7406909 0.5226013 -0.4079263 0.7486549 0.522601 -0.4079267 0.7486549 0.2871273 -0.6046568 0.742932 0.2871279 -0.6046376 0.7429475 0.1078638 -0.6631475 0.7406759 0.1078511 -0.6631522 0.7406737 0 -0.6706324 0.7417899 1.2017e-7 -0.6706485 0.7417753 -0.1078631 -0.6631473 0.7406762 -0.1078577 -0.6631516 0.7406733 -0.2644116 -0.6157182 0.7422787 -0.2644128 -0.6157172 0.742279 -0.5170462 -0.4146391 0.7488242 -0.5170317 -0.4146442 0.7488315 -0.656602 -0.1278706 0.743319 -0.6565941 -0.1278648 0.7433269 -0.672332 -8.6103e-4 0.7402492 -0.6723313 -8.61401e-4 0.7402499 -0.6567242 0.1258472 0.7435563 -0.672321 -8.55816e-4 0.7402593 -0.6723645 -9.14658e-4 0.7402197 -0.6567645 0.1258178 0.7435256 -0.5226256 0.4079664 0.748616 -0.5226293 0.4079653 0.748614 -0.2728828 0.610843 0.7432401 -0.2728993 0.6108685 0.7432132 -0.1122214 0.6625143 0.7405952 -0.112023 0.6624481 0.7406845 0 0.6705483 0.7418659 0 0.6705455 0.7418684 0.1126565 0.6625766 0.7404734 0.1121906 0.6624769 0.7406333 0.1471563 0.6560833 0.7402025 0.1471248 0.6561107 0.7401846 -0.6567237 0.1258662 0.7435534 -0.6723211 -8.63795e-4 0.7402592 -0.6723202 -8.64875e-4 0.74026 -0.6567279 0.1258397 0.7435541 -0.5226317 0.4079521 0.7486196 -0.5226343 0.4079537 0.7486169 -0.2728732 0.61089 0.743205 -0.2728605 0.6108936 0.7432067 -0.1123398 0.6624024 0.7406773 -0.112293 0.6624056 0.7406815 0 0.6705941 0.7418245 0 0.6704975 0.7419117 0.1122912 0.662406 0.7406814 0.1123344 0.6623978 0.7406823 0.2728714 0.6108906 0.7432051 0.2728769 0.6108894 0.7432041 0.517042 0.4146404 0.7488264 0.5170251 0.4146451 0.7488355 0.6595594 0.1275787 0.7407463 0.6596383 0.1275805 0.7406758 0.6730973 0.002030789 0.7395512 0.673093 0.002027571 0.7395551 -0.6723369 -8.14842e-4 0.7402449 -0.6565648 -0.1278988 0.7433468 -0.6723289 -8.17207e-4 0.7402521 -0.6565947 -0.127875 0.7433246 -0.5170419 -0.41464 0.7488267 -0.517025 -0.4146451 0.7488356 -0.2644142 -0.6157157 0.7422798 -0.2644206 -0.6157147 0.7422784 -0.1078638 -0.6631476 0.7406758 -0.107851 -0.6631521 0.7406737 0 -0.6707432 0.7416898 0 -0.6707215 0.7417093 0.107863 -0.6631473 0.7406761 0.1078574 -0.6631512 0.7406737 0.2871261 -0.6046394 0.7429468 0.2871291 -0.6046435 0.7429422 0.5226019 -0.4079264 0.7486544 0.522604 -0.4079289 0.7486515 0.6596468 -0.127461 0.7406888 0.6596855 -0.1274901 0.7406494 0.6730949 0.002069294 0.7395533 0.6731055 0.002064347 0.7395436 -0.06428122 -0.6684612 0.7409639 -0.2644754 -0.6156536 0.7423095 -0.2644179 -0.615656 0.742328 -0.06464731 -0.6685494 0.7408525 -2.39387e-5 -0.6707293 0.7417023 -1.50714e-5 -0.6707331 0.7416989 -4.85263e-7 0.6704931 0.7419158 -0.0646457 0.6685492 0.7408528 2.3542e-5 0.6704968 0.7419126 -0.06427586 0.6684575 0.7409678 -0.2728792 0.610888 0.7432045 -0.2728734 0.6108927 0.7432028 -0.4742379 0.4742364 0.7417535 -0.4743424 0.4743412 0.7416197 -0.6154732 0.2643697 0.7424967 -0.6154718 0.2643728 0.7424969 -0.667733 0.07419794 0.7406939 -0.6677512 0.07417154 0.7406801 -0.6676687 -0.07426053 0.7407456 -0.6677403 -0.07426047 0.7406811 -0.6155441 -0.2643145 0.7424576 -0.615548 -0.264381 0.7424307 -0.4747728 -0.4747728 0.7410679 -0.4746612 -0.4746614 0.7412108 0.6596199 0.1275725 0.7406936 0.6731019 0.002065479 0.7395469 0.6730946 0.002065539 0.7395536 0.6595621 0.1275742 0.7407447 0.5170465 0.4146391 0.7488241 0.5170317 0.4146439 0.7488315 0.2728738 0.6108897 0.743205 0.2728601 0.6108937 0.7432069 0.1122906 0.6624056 0.7406819 0.1122927 0.6624052 0.7406819 0 0.6706303 0.7417917 0 0.670498 0.7419114 -0.1122915 0.6624054 0.740682 -0.1123344 0.6623978 0.7406823 -0.2728728 0.6108901 0.7432051 -0.2728791 0.6108894 0.7432034 -0.5226311 0.4079517 0.7486203 -0.5226303 0.4079513 0.7486209 -0.6567569 0.1258325 0.7435297 -0.6567326 0.1258764 0.7435439 -0.672263 -8.70324e-4 0.740312 -0.6723285 -8.60635e-4 0.7402525 0.06431531 0.668482 0.7409423 0.2728792 0.6108879 0.7432046 0.2728742 0.6108919 0.7432032 0.06464558 0.668549 0.7408531 -1.22096e-6 0.6704936 0.7419154 -2.41878e-5 0.6704975 0.7419118 2.21335e-5 -0.6707297 0.741702 0.06464689 -0.6685495 0.7408525 1.36197e-5 -0.6707316 0.7417003 0.06435662 -0.6685079 0.7409152 0.2871369 -0.6046317 0.7429489 0.2871296 -0.6046358 0.7429482 0.4747719 -0.4747721 0.7410689 0.4747127 -0.4747128 0.7411449 0.6155461 -0.2643806 0.7424325 0.6155435 -0.2643148 0.742458 0.6676672 -0.07426214 0.7407467 0.6677403 -0.07426053 0.7406811 0.6677393 0.07426995 0.7406809 0.6677315 0.07419955 0.740695 0.6154704 0.2643738 0.7424977 0.6154716 0.2643697 0.7424982 0.4742375 0.4742357 0.7417542 0.4743154 0.474314 0.7416543 -0.6723364 -8.47412e-4 0.7402454 -0.6565844 -0.1278768 0.7433334 -0.6723395 -8.21744e-4 0.7402426 -0.6565759 -0.1278893 0.7433387 -0.5170394 -0.4146561 0.7488195 -0.5170183 -0.4146388 0.7488436 -0.2644163 -0.615713 0.7422814 -0.2643908 -0.615721 0.7422838 -0.1077447 -0.663116 0.7407215 -0.1076466 -0.663188 0.7406713 0 -0.6707301 0.7417016 0 -0.6707219 0.741709 0.107761 -0.6631603 0.7406795 0.1076827 -0.6630545 0.7407855 0.147157 -0.6560842 0.7402015 0.147134 -0.6561483 0.7401494 0.9862938 -0.1649985 7.55171e-7 0.9862874 0.1650366 -8.62298e-7 0.9862942 0.1649966 3.93494e-7 0.7881918 0.6154298 1.69135e-7 0.7881897 0.6154324 -5.70396e-6 0.399264 0.916836 0 0.3992674 0.9168346 0 0.1827203 0.983165 0 0.1827006 0.9831687 -1.34473e-6 -5.51129e-6 1 -9.28489e-7 -6.05049e-6 1 -2.27926e-6 -0.1827065 0.9831675 -7.55293e-6 -0.1826779 0.9831728 6.28328e-7 -0.3992819 0.9168282 8.58852e-7 -0.3992781 0.9168299 1.88102e-6 -0.7882361 0.615373 1.3976e-6 -0.7882364 0.6153725 1.56554e-6 -0.9862875 0.1650361 0 -0.9862939 0.1649985 1.13457e-6 -0.986328 -0.1647942 1.29759e-6 -0.9863214 -0.164834 -3.17866e-7 -0.7882025 -0.6154161 2.77136e-6 -0.788203 -0.6154156 1.24654e-6 -0.3992784 -0.9168298 1.15769e-6 -0.3992823 -0.916828 8.1873e-6 -0.182726 -0.9831638 0 -0.1827061 -0.9831677 1.52613e-7 -5.43971e-6 -1 0 -5.98846e-6 -1 2.61913e-7 0.1827006 -0.9831687 0 0.18272 -0.983165 0 0.3992673 -0.9168346 0 0.399264 -0.916836 9.04987e-7 0.7881911 -0.6154308 0 0.7881913 -0.6154304 1.52381e-6 0.9862876 -0.1650361 -8.56684e-7 0 0 1 0 0 1 0 0 1 0 0 1 0 0 1 0 0 1 0 0 1 0 0 1 0 0 1 0 0 1 0.6731044 0.002056598 0.7395448 0.6596544 0.1277094 0.7406392 0.6731028 0.002062261 0.7395461 0.659438 0.1274747 0.7408724 0.5170385 0.4146553 0.7488206 0.5170475 0.4146632 0.7488099 0.2728825 0.6108452 0.7432384 0.272899 0.6108688 0.743213 0.1122217 0.6625139 0.7405955 0.1120226 0.6624479 0.7406846 0 0.670548 0.7418662 0 0.6705073 0.741903 -0.112657 0.6625784 0.7404717 -0.11219 0.6624774 0.7406328 -0.1471586 0.656084 0.7402016 -0.1471257 0.6561129 0.7401823 0.9862989 0.1649686 0 0.7881879 0.6154347 0 0.986299 0.1649681 0 0.7881876 0.6154352 7.1466e-7 0.3992341 0.916849 3.83231e-7 0.3992341 0.9168491 1.70435e-6 0.1826868 0.9831712 4.41178e-7 0.1826868 0.9831712 1.06963e-6 -1.32377e-6 1 0 -1.24731e-6 1 0 -0.1826828 0.9831719 0 -0.1826828 0.9831719 -5.17722e-7 -0.3992421 0.9168456 -3.6782e-7 -0.3992422 0.9168455 -3.07647e-6 -0.7881894 0.6154329 -1.2746e-6 -0.7881892 0.615433 -4.29926e-6 -0.986297 0.1649801 -7.93021e-7 -0.9862969 0.1649801 -1.50805e-6 -0.986297 -0.1649796 -8.98858e-7 -0.9862971 -0.1649797 -8.65514e-7 -0.7881897 -0.6154325 -5.08131e-7 -0.7881894 -0.6154327 -5.59905e-7 -0.3992421 -0.9168456 0 -0.3992422 -0.9168455 -1.29391e-7 -0.1826818 -0.9831721 0 -0.1826818 -0.9831721 0 -1.15651e-6 -1 0 -1.35245e-6 -1 0 0.1826857 -0.9831714 0 0.1826857 -0.9831714 0 0.3992335 -0.9168493 0 0.3992344 -0.916849 0 0.7881878 -0.6154349 0 0.7881885 -0.615434 0 0.986299 -0.1649681 0 0.986299 -0.1649676 0 0.2728946 0.6108737 -0.7432106 0.5170205 0.4146407 -0.748841 0.2728608 0.6108972 -0.7432036 0.5170485 0.4146637 -0.748809 0.6596555 0.127452 -0.7406826 0.6596592 0.1274464 -0.7406802 0.6596534 -0.1274569 -0.7406836 0.659663 -0.1274247 -0.7406806 0.5226278 -0.4079485 -0.7486243 0.5226271 -0.4079362 -0.7486314 0.2534779 -0.6196027 -0.7428604 0.2534366 -0.6194986 -0.7429613 0.1077388 -0.6629639 -0.7408585 0.1070651 -0.6632789 -0.7406741 -2.35279e-6 -0.6705471 -0.741867 0 -0.6707227 -0.7417082 -0.1077589 -0.6629864 -0.7408354 -0.1070173 -0.6633027 -0.7406597 -0.2644169 -0.6157156 -0.742279 -0.2644236 -0.6157156 -0.7422766 -0.5170138 -0.4146357 -0.7488484 -0.5170173 -0.414638 -0.7488448 -0.6565635 -0.1279012 -0.7433477 -0.656569 -0.1278928 -0.7433443 -0.656783 0.1258409 -0.7435054 -0.6567735 0.125844 -0.7435132 -0.5226278 0.4079484 -0.7486243 -0.5226242 0.4079257 -0.7486392 -0.2728795 0.6108875 -0.7432047 -0.2729011 0.610879 -0.7432039 -0.112242 0.6624364 -0.7406617 -0.1121919 0.6624224 -0.7406818 2.90991e-7 0.6705467 -0.7418674 1.57554e-7 0.670536 -0.741877 0.1122374 0.6624397 -0.7406595 0.1121944 0.6624221 -0.7406817 0.3992782 -0.9168298 -5.07611e-7 0.3992819 -0.9168282 -2.18789e-6 0.7882026 -0.6154159 -1.62946e-6 0.1827262 -0.9831639 6.28941e-6 0.1827065 -0.9831675 0 6.0481e-6 -1 2.61884e-7 5.51129e-6 -1 0 -0.1827006 -0.9831687 1.54644e-7 -0.1827203 -0.9831649 0 -0.3992674 -0.9168345 0 -0.399264 -0.916836 6.1762e-6 -0.7881897 -0.6154324 -3.63965e-7 -0.7881918 -0.6154298 2.70627e-6 -0.9863213 -0.1648346 -3.30353e-7 -0.9863283 -0.1647922 8.93233e-7 -0.9862938 0.1649985 2.90683e-7 -0.9862876 0.1650361 -1.62053e-7 -0.7882248 0.6153875 -1.01102e-6 -0.7882245 0.6153879 8.58615e-7 -0.399264 0.916836 -3.62218e-7 -0.3992673 0.9168346 0 -0.18272 0.983165 7.50744e-7 -0.1827006 0.9831686 2.01229e-6 5.98846e-6 1 2.51679e-6 5.43733e-6 1 3.86747e-6 0.1827061 0.9831677 6.66475e-7 0.1826778 0.9831729 -1.21234e-6 0.3992823 0.916828 -1.19861e-6 0.3992784 0.9168298 -1.58193e-6 0.7882028 0.6154156 0 0.7882025 0.6154161 -7.27314e-7 0.9862875 0.165036 -1.22564e-6 0.9862853 0.1650496 1.63934e-7 0.9862939 -0.1649985 4.93148e-7 0.9862875 -0.1650361 -1.37336e-6 0.7882028 -0.6154156 -6.19781e-6 0.1827189 0.9831653 -2.15173e-6 0.3992925 0.9168236 -8.00929e-7 0.3992927 0.9168236 8.67818e-7 0.1826961 0.9831694 -2.46362e-7 -0.09803193 0.9951833 -1.18533e-6 -0.09803098 0.9951835 1.61362e-6 -0.3992905 0.9168246 -6.57246e-6 -0.3992897 0.9168248 1.24176e-6 -0.7071066 0.707107 0 -0.9238818 0.3826779 0 -0.9238817 0.3826782 1.43831e-7 -0.9951833 0.09803181 8.34203e-7 -0.9951832 0.09803366 9.75955e-7 -0.9951833 -0.09803175 1.45234e-6 -0.9951831 -0.0980336 9.67555e-7 -0.923882 -0.3826778 4.91895e-7 -0.9238806 -0.382681 0 -0.7071056 -0.7071079 0 -0.7071076 -0.7071061 7.1428e-7 -0.3992912 -0.9168242 2.78678e-7 -0.3992964 -0.9168219 1.91975e-6 -0.09803402 -0.9951831 -6.70738e-7 -0.09803533 -0.995183 9.3458e-7 0.1827028 -0.9831682 -6.93971e-7 0.1826712 -0.9831741 -5.64968e-7 0.3992588 -0.9168383 -1.15163e-6 0.3992981 -0.9168211 -5.22875e-7 0.09776836 -0.9952092 -8.86367e-7 8.28505e-6 -1 0 6.54906e-6 -1 0 0.09785741 -0.9952005 4.82777e-7 0.3993034 -0.9168189 1.43899e-6 0.3993094 -0.9168162 0 0.7071067 -0.707107 0 0.7071067 -0.707107 -1.96363e-7 0.9238873 -0.3826649 -2.7934e-7 0.9238808 -0.3826803 -5.88975e-7 0.9951822 -0.09804332 -5.06212e-7 0.9951782 -0.09808409 -6.18312e-7 0.9951832 0.09803396 -4.81928e-7 0.9951822 0.09804332 -4.89782e-7 0.9238801 0.3826822 -9.94115e-7 0.9238676 0.3827123 0 0.7071065 0.7071072 -5.9396e-7 0.7071078 0.7071059 0 0.3993578 0.9167953 0 0.3993042 0.9168186 -2.46232e-7 0.09828788 0.9951581 2.2615e-7 0.09819489 0.9951673 -3.09121e-7 1.76542e-5 1 -6.60117e-7 1.76635e-5 1 0 -0.672369 -8.55367e-4 -0.7402157 -0.6567658 0.125845 -0.7435199 -0.6723285 -8.6069e-4 -0.7402524 -0.6567575 0.1258322 -0.7435293 -0.5226307 0.4079512 -0.7486208 -0.5226309 0.4079509 -0.7486208 -0.2728769 0.6108894 -0.7432041 -0.2728714 0.6108906 -0.7432051 -0.1122912 0.662406 -0.7406814 -0.1123344 0.6623978 -0.7406823 0 0.6705941 -0.7418245 0 0.6704975 -0.7419117 0.1123398 0.6624024 -0.7406773 0.112293 0.6624056 -0.7406815 0.2728605 0.6108936 -0.7432067 0.2728732 0.61089 -0.743205 0.5170466 0.4146385 -0.7488243 0.5170319 0.4146444 -0.7488311 0.6595622 0.1275742 -0.7407446 0.6596422 0.1276351 -0.7406628 0.6730961 0.002065539 -0.7395522 0.6731043 0.002065539 -0.7395448 -0.1076839 -0.6630548 0.7407851 -0.1471342 -0.6561473 0.7401502 -0.147157 -0.656084 0.7402018 -0.1078096 -0.6631547 0.7406774 0 -0.6706936 0.7417345 0 -0.6707219 0.741709 0.1077448 -0.663116 0.7407214 0.1076467 -0.6631882 0.7406712 0.2871226 -0.6046407 0.7429471 0.2871102 -0.6046519 0.7429428 0.5226311 -0.4079201 0.7486374 0.5226255 -0.4079223 0.7486401 0.6596286 -0.1274475 0.7407073 0.6596599 -0.1274581 0.7406777 0.6731034 0.002064824 0.7395455 0.6731181 0.002060294 0.7395322</float_array>
          <technique_common>
            <accessor source="#pickup_powerup_strength-mesh-normals-array" count="1990" stride="3">
              <param name="X" type="float"/>
              <param name="Y" type="float"/>
              <param name="Z" type="float"/>
            </accessor>
          </technique_common>
        </source>
        <source id="pickup_powerup_strength-mesh-map-0">
          <float_array id="pickup_powerup_strength-mesh-map-0-array" count="11976">0.411184 0.535629 0.409847 0.532403 0.415485 0.531328 0.409847 0.532403 0.409847 0.468527 0.415485 0.469602 0.409847 0.532403 0.415485 0.469602 0.415485 0.531328 0.411184 0.535629 0.415485 0.531328 0.41441 0.536966 0.411184 0.465301 0.415485 0.469602 0.409847 0.468527 0.411184 0.465301 0.41441 0.463964 0.415485 0.469602 0.420874 0.536966 0.423638 0.530332 0.425966 0.535953 0.420874 0.536966 0.420277 0.530912 0.423638 0.530332 0.420874 0.536966 0.415485 0.531328 0.420277 0.530912 0.420874 0.536966 0.41441 0.536966 0.415485 0.531328 0.420874 0.463964 0.415485 0.469602 0.41441 0.463964 0.420874 0.463964 0.420277 0.470018 0.415485 0.469602 0.420874 0.463964 0.423638 0.470598 0.420277 0.470018 0.420874 0.463964 0.425966 0.464977 0.423638 0.470598 0.425966 0.464977 0.425982 0.472164 0.423638 0.470598 0.425966 0.464977 0.430284 0.467862 0.425982 0.472164 0.433168 0.472179 0.425982 0.472164 0.430284 0.467862 0.433168 0.472179 0.427548 0.474507 0.425982 0.472164 0.434181 0.477272 0.427548 0.474507 0.433168 0.472179 0.434181 0.477272 0.428127 0.477868 0.427548 0.474507 0.434181 0.523658 0.428127 0.477868 0.434181 0.477272 0.434181 0.523658 0.428127 0.523062 0.428127 0.477868 0.434181 0.523658 0.427548 0.526423 0.428127 0.523062 0.434181 0.523658 0.433168 0.528751 0.427548 0.526423 0.425982 0.528766 0.427548 0.526423 0.433168 0.528751 0.425982 0.528766 0.433168 0.528751 0.430284 0.533068 0.425966 0.535953 0.425982 0.528766 0.430284 0.533068 0.425966 0.535953 0.423638 0.530332 0.425982 0.528766 0.336929 0.382081 0.336929 0.618849 0.300262 0.618849 0.336929 0.382081 0.300262 0.618849 0.300262 0.382081 0.325599 0.374639 0.336929 0.382081 0.300262 0.382081 0.325599 0.374639 0.332386 0.376261 0.336929 0.382081 0.332386 0.376261 0.335865 0.378228 0.336929 0.382081 0.336929 0.618849 0.335865 0.622702 0.332386 0.624669 0.336929 0.618849 0.332386 0.624669 0.325599 0.626291 0.336929 0.618849 0.325599 0.626291 0.318596 0.627188 0.336929 0.618849 0.318596 0.627188 0.311592 0.626291 0.336929 0.618849 0.311592 0.626291 0.300262 0.618849 0.311592 0.626291 0.304806 0.624669 0.300262 0.618849 0.304806 0.624669 0.301326 0.622702 0.300262 0.618849 0.311592 0.374639 0.318596 0.373742 0.325599 0.374639 0.325599 0.374639 0.300262 0.382081 0.311592 0.374639 0.300262 0.382081 0.304806 0.376261 0.311592 0.374639 0.300262 0.382081 0.301326 0.378228 0.304806 0.376261 0.383561 0.410946 0.393299 0.413031 0.397767 0.418601 0.393299 0.413031 0.396725 0.41486 0.397767 0.418601 0.369216 0.410946 0.376388 0.410131 0.383561 0.410946 0.383561 0.410946 0.397767 0.418601 0.369216 0.410946 0.397767 0.418601 0.35501 0.418601 0.369216 0.410946 0.397767 0.418601 0.397767 0.582329 0.35501 0.418601 0.397767 0.582329 0.376388 0.590799 0.35501 0.418601 0.376388 0.590799 0.35501 0.582329 0.35501 0.418601 0.376388 0.590799 0.369216 0.589984 0.35501 0.582329 0.369216 0.589984 0.359478 0.587899 0.35501 0.582329 0.359478 0.587899 0.356052 0.58607 0.35501 0.582329 0.35501 0.418601 0.359478 0.413031 0.369216 0.410946 0.35501 0.418601 0.356052 0.41486 0.359478 0.413031 0.397767 0.582329 0.383561 0.589984 0.376388 0.590799 0.397767 0.582329 0.393299 0.587899 0.383561 0.589984 0.397767 0.582329 0.396725 0.58607 0.393299 0.587899 0.117758 0.382081 0.118822 0.378228 0.122302 0.376261 0.117758 0.382081 0.122302 0.376261 0.129088 0.374639 0.154426 0.382081 0.117758 0.382081 0.129088 0.374639 0.154426 0.382081 0.117758 0.618849 0.117758 0.382081 0.154426 0.382081 0.154426 0.618849 0.117758 0.618849 0.122302 0.624669 0.118822 0.622702 0.117758 0.618849 0.129088 0.626291 0.122302 0.624669 0.117758 0.618849 0.154426 0.618849 0.129088 0.626291 0.117758 0.618849 0.154426 0.618849 0.136092 0.627188 0.129088 0.626291 0.154426 0.618849 0.143095 0.626291 0.136092 0.627188 0.154426 0.618849 0.149882 0.624669 0.143095 0.626291 0.154426 0.618849 0.153362 0.622702 0.149882 0.624669 0.129088 0.374639 0.136092 0.373742 0.143095 0.374639 0.143095 0.374639 0.154426 0.382081 0.129088 0.374639 0.143095 0.374639 0.149882 0.376261 0.154426 0.382081 0.149882 0.376261 0.153362 0.378228 0.154426 0.382081 0.07112699 0.408702 0.06138896 0.410787 0.05691999 0.416357 0.06138896 0.410787 0.057962 0.412616 0.05691999 0.416357 0.08547097 0.408702 0.07829898 0.407887 0.07112699 0.408702 0.07112699 0.408702 0.05691999 0.416357 0.08547097 0.408702 0.05691999 0.416357 0.09967797 0.416357 0.08547097 0.408702 0.05691999 0.416357 0.05691999 0.580085 0.09967797 0.416357 0.05691999 0.580085 0.07829898 0.588555 0.09967797 0.416357 0.07829898 0.588555 0.09967797 0.580085 0.09967797 0.416357 0.07829898 0.588555 0.08547097 0.58774 0.09967797 0.580085 0.08547097 0.58774 0.095209 0.585655 0.09967797 0.580085 0.095209 0.585655 0.09863597 0.583826 0.09967797 0.580085 0.09967797 0.416357 0.095209 0.410787 0.08547097 0.408702 0.09967797 0.416357 0.09863597 0.412616 0.095209 0.410787 0.05691999 0.580085 0.07112699 0.58774 0.07829898 0.588555 0.05691999 0.580085 0.06138896 0.585655 0.07112699 0.58774 0.05691999 0.580085 0.057962 0.583826 0.06138896 0.585655 0.07829898 0.590799 0.07112699 0.589984 0.05691999 0.582329 0.07112699 0.589984 0.06138896 0.587899 0.05691999 0.582329 0.06138896 0.587899 0.057962 0.58607 0.05691999 0.582329 0.05691999 0.418601 0.057962 0.41486 0.06138896 0.413031 0.05691999 0.418601 0.06138896 0.413031 0.07112699 0.410946 0.09967797 0.418601 0.05691999 0.418601 0.07112699 0.410946 0.09967797 0.418601 0.05691999 0.582329 0.05691999 0.418601 0.09967797 0.418601 0.07829898 0.590799 0.05691999 0.582329 0.09967797 0.418601 0.09967797 0.582329 0.07829898 0.590799 0.09967797 0.582329 0.08547097 0.589984 0.07829898 0.590799 0.09967797 0.582329 0.095209 0.587899 0.08547097 0.589984 0.09967797 0.582329 0.09863597 0.58607 0.095209 0.587899 0.07112699 0.410946 0.07829898 0.410131 0.08547097 0.410946 0.08547097 0.410946 0.09967797 0.418601 0.07112699 0.410946 0.08547097 0.410946 0.095209 0.413031 0.09967797 0.418601 0.095209 0.413031 0.09863597 0.41486 0.09967797 0.418601 0.143095 0.372395 0.136092 0.371498 0.129088 0.372395 0.122302 0.374017 0.118822 0.375984 0.117758 0.379837 0.129088 0.372395 0.122302 0.374017 0.117758 0.379837 0.129088 0.372395 0.117758 0.379837 0.143095 0.372395 0.117758 0.379837 0.154426 0.379837 0.143095 0.372395 0.154426 0.379837 0.149882 0.374017 0.143095 0.372395 0.154426 0.379837 0.153362 0.375984 0.149882 0.374017 0.117758 0.379837 0.117758 0.616605 0.154426 0.379837 0.117758 0.616605 0.154426 0.616605 0.154426 0.379837 0.117758 0.616605 0.118822 0.620458 0.122302 0.622425 0.117758 0.616605 0.122302 0.622425 0.129088 0.624047 0.117758 0.616605 0.129088 0.624047 0.136092 0.624944 0.117758 0.616605 0.136092 0.624944 0.143095 0.624047 0.117758 0.616605 0.143095 0.624047 0.154426 0.616605 0.143095 0.624047 0.149882 0.622425 0.154426 0.616605 0.149882 0.622425 0.153362 0.620458 0.154426 0.616605 0.325599 0.372395 0.318596 0.371498 0.311592 0.372395 0.304806 0.374017 0.301326 0.375984 0.300262 0.379837 0.311592 0.372395 0.304806 0.374017 0.300262 0.379837 0.311592 0.372395 0.300262 0.379837 0.325599 0.372395 0.300262 0.379837 0.336929 0.379837 0.325599 0.372395 0.336929 0.379837 0.332386 0.374017 0.325599 0.372395 0.336929 0.379837 0.335865 0.375984 0.332386 0.374017 0.300262 0.379837 0.336929 0.616605 0.336929 0.379837 0.300262 0.379837 0.300262 0.616605 0.336929 0.616605 0.300262 0.616605 0.325599 0.624047 0.336929 0.616605 0.300262 0.616605 0.318596 0.624944 0.325599 0.624047 0.300262 0.616605 0.311592 0.624047 0.318596 0.624944 0.300262 0.616605 0.304806 0.622425 0.311592 0.624047 0.300262 0.616605 0.301326 0.620458 0.304806 0.622425 0.325599 0.624047 0.332386 0.622425 0.336929 0.616605 0.332386 0.622425 0.335865 0.620458 0.336929 0.616605 0.383561 0.408702 0.376388 0.407887 0.369216 0.408702 0.369216 0.408702 0.35501 0.416357 0.383561 0.408702 0.369216 0.408702 0.359478 0.410787 0.35501 0.416357 0.359478 0.410787 0.356052 0.412616 0.35501 0.416357 0.397767 0.416357 0.396725 0.412616 0.393299 0.410787 0.397767 0.416357 0.393299 0.410787 0.383561 0.408702 0.35501 0.416357 0.397767 0.416357 0.383561 0.408702 0.35501 0.416357 0.397767 0.580085 0.397767 0.416357 0.35501 0.416357 0.376388 0.588555 0.397767 0.580085 0.35501 0.416357 0.35501 0.580085 0.376388 0.588555 0.35501 0.580085 0.369216 0.58774 0.376388 0.588555 0.35501 0.580085 0.359478 0.585655 0.369216 0.58774 0.35501 0.580085 0.356052 0.583826 0.359478 0.585655 0.376388 0.588555 0.383561 0.58774 0.397767 0.580085 0.383561 0.58774 0.393299 0.585655 0.397767 0.580085 0.393299 0.585655 0.396725 0.583826 0.397767 0.580085 0.967095 0.267128 0.968954 0.27569 0.953209 0.346758 0.968954 0.27569 0.968954 0.32431 0.953209 0.346758 0.968954 0.32431 0.967095 0.332872 0.953209 0.346758 0.967095 0.332872 0.961543 0.341206 0.953209 0.346758 0.953209 0.346758 0.938329 0.348424 0.93384 0.335164 0.953209 0.346758 0.93384 0.335164 0.937066 0.336501 0.953209 0.346758 0.937066 0.336501 0.94353 0.336501 0.953209 0.346758 0.94353 0.336501 0.948623 0.335488 0.953209 0.346758 0.948623 0.335488 0.95294 0.332603 0.953209 0.346758 0.95294 0.332603 0.955824 0.328286 0.953209 0.346758 0.955824 0.328286 0.956838 0.323193 0.956838 0.323193 0.967095 0.267128 0.953209 0.346758 0.956838 0.323193 0.956838 0.276807 0.967095 0.267128 0.956838 0.276807 0.955824 0.271714 0.967095 0.267128 0.955824 0.271714 0.95294 0.267397 0.967095 0.267128 0.95294 0.267397 0.948623 0.264512 0.967095 0.267128 0.948623 0.264512 0.94353 0.263499 0.967095 0.267128 0.94353 0.263499 0.961543 0.258794 0.967095 0.267128 0.94353 0.263499 0.953209 0.253242 0.961543 0.258794 0.94353 0.263499 0.944714 0.25139 0.953209 0.253242 0.94353 0.263499 0.938329 0.251576 0.944714 0.25139 0.94353 0.263499 0.937066 0.263499 0.938329 0.251576 0.953209 0.346758 0.944714 0.34861 0.938329 0.348424 0.938329 0.251576 0.937066 0.263499 0.93384 0.264836 0.92642 0.217113 0.938329 0.251576 0.93384 0.264836 0.92642 0.217113 0.93384 0.264836 0.932504 0.268062 0.92642 0.382887 0.92642 0.217113 0.932504 0.268062 0.92642 0.382887 0.932504 0.268062 0.932504 0.331938 0.871669 0.382887 0.873963 0.389412 0.865586 0.419388 0.873963 0.389412 0.877668 0.405006 0.865586 0.419388 0.873963 0.389412 0.879835 0.393066 0.877668 0.405006 0.879835 0.393066 0.890879 0.395521 0.877668 0.405006 0.890879 0.395521 0.888916 0.407528 0.877668 0.405006 0.890879 0.395521 0.899045 0.396417 0.888916 0.407528 0.899045 0.396417 0.899045 0.408584 0.888916 0.407528 0.899045 0.396417 0.90721 0.395521 0.899045 0.408584 0.90721 0.395521 0.909173 0.407528 0.899045 0.408584 0.90721 0.395521 0.918255 0.393066 0.909173 0.407528 0.918255 0.393066 0.922677 0.404406 0.909173 0.407528 0.918255 0.393066 0.924127 0.389412 0.922677 0.404406 0.924127 0.389412 0.92642 0.382887 0.922677 0.404406 0.92642 0.382887 0.933617 0.397025 0.922677 0.404406 0.92642 0.382887 0.93844 0.38479 0.933617 0.397025 0.92642 0.382887 0.938329 0.348424 0.93844 0.38479 0.938329 0.348424 0.92642 0.382887 0.932504 0.331938 0.938329 0.348424 0.932504 0.331938 0.93384 0.335164 0.877668 0.405006 0.877611 0.421255 0.865586 0.419388 0.877611 0.421255 0.863317 0.425981 0.865586 0.419388 0.877611 0.421255 0.857471 0.429781 0.863317 0.425981 0.877611 0.421255 0.872907 0.433469 0.857471 0.429781 0.872907 0.433469 0.862151 0.441017 0.857471 0.429781 0.862151 0.441017 0.849367 0.431807 0.857471 0.429781 0.862151 0.441017 0.851565 0.443774 0.849367 0.431807 0.851565 0.443774 0.841252 0.432806 0.849367 0.431807 0.851565 0.443774 0.841252 0.444973 0.841252 0.432806 0.841252 0.444973 0.833137 0.431807 0.841252 0.432806 0.841252 0.444973 0.830939 0.443774 0.833137 0.431807 0.830939 0.443774 0.825033 0.429781 0.833137 0.431807 0.830939 0.443774 0.820352 0.441017 0.825033 0.429781 0.820352 0.441017 0.819187 0.425981 0.825033 0.429781 0.820352 0.441017 0.809597 0.433469 0.819187 0.425981 0.819187 0.425981 0.809597 0.433469 0.804893 0.421255 0.816918 0.419388 0.819187 0.425981 0.804893 0.421255 0.816918 0.419388 0.804893 0.421255 0.805001 0.343322 0.816918 0.419388 0.805001 0.343322 0.810835 0.336501 0.689165 0.336501 0.810835 0.336501 0.805001 0.343322 0.816918 0.180612 0.810835 0.336501 0.810835 0.263499 0.816918 0.180612 0.816918 0.419388 0.810835 0.336501 0.689165 0.336501 0.694999 0.343322 0.695107 0.421255 0.689165 0.336501 0.805001 0.343322 0.694999 0.343322 0.810835 0.263499 0.689165 0.263499 0.694999 0.256678 0.810835 0.263499 0.694999 0.256678 0.805001 0.256678 0.810835 0.263499 0.805001 0.256678 0.804893 0.178745 0.816918 0.180612 0.810835 0.263499 0.804893 0.178745 0.819187 0.174019 0.816918 0.180612 0.804893 0.178745 0.825033 0.170219 0.819187 0.174019 0.804893 0.178745 0.825033 0.170219 0.804893 0.178745 0.851565 0.156226 0.833137 0.168193 0.825033 0.170219 0.851565 0.156226 0.841252 0.167194 0.833137 0.168193 0.851565 0.156226 0.849367 0.168193 0.841252 0.167194 0.851565 0.156226 0.857471 0.170219 0.849367 0.168193 0.851565 0.156226 0.863317 0.174019 0.857471 0.170219 0.851565 0.156226 0.863317 0.174019 0.851565 0.156226 0.877668 0.194994 0.877668 0.194994 0.865586 0.180612 0.863317 0.174019 0.877668 0.194994 0.873963 0.210588 0.865586 0.180612 0.873963 0.210588 0.871669 0.217113 0.865586 0.180612 0.871669 0.217113 0.865586 0.419388 0.865586 0.180612 0.871669 0.217113 0.871669 0.382887 0.865586 0.419388 0.804893 0.178745 0.841252 0.155027 0.851565 0.156226 0.804893 0.178745 0.830939 0.156226 0.841252 0.155027 0.804893 0.178745 0.820352 0.158983 0.830939 0.156226 0.804893 0.178745 0.809597 0.166531 0.820352 0.158983 0.851565 0.156226 0.862151 0.158983 0.877668 0.194994 0.862151 0.158983 0.877611 0.178745 0.877668 0.194994 0.862151 0.158983 0.872907 0.166531 0.877611 0.178745 0.877668 0.194994 0.879835 0.206934 0.873963 0.210588 0.890879 0.204479 0.879835 0.206934 0.877668 0.194994 0.890879 0.204479 0.877668 0.194994 0.888916 0.192472 0.890879 0.204479 0.888916 0.192472 0.899045 0.191416 0.899045 0.203583 0.890879 0.204479 0.899045 0.191416 0.899045 0.203583 0.899045 0.191416 0.909173 0.192472 0.90721 0.204479 0.899045 0.203583 0.909173 0.192472 0.90721 0.204479 0.909173 0.192472 0.922677 0.195594 0.918255 0.206934 0.90721 0.204479 0.922677 0.195594 0.924127 0.210588 0.918255 0.206934 0.922677 0.195594 0.92642 0.217113 0.924127 0.210588 0.922677 0.195594 0.92642 0.217113 0.922677 0.195594 0.933617 0.202975 0.92642 0.217113 0.933617 0.202975 0.93844 0.21521 0.92642 0.217113 0.93844 0.21521 0.938329 0.251576 0.987027 0.956206 0.965675 0.959039 0.965647 0.956443 0.987027 0.956206 0.987057 0.958804 0.965675 0.959039 0.965746 0.965603 0.965675 0.959039 0.987057 0.958804 0.965746 0.965603 0.987057 0.958804 0.98713 0.965368 0.965818 0.972167 0.965746 0.965603 0.98713 0.965368 0.965818 0.972167 0.98713 0.965368 0.987204 0.971933 0.965915 0.98118 0.965818 0.972167 0.987204 0.971933 0.965915 0.98118 0.987204 0.971933 0.987303 0.980947 0.966016 0.99059 0.965915 0.98118 0.987303 0.980947 0.966016 0.99059 0.987303 0.980947 0.987407 0.990358 0.966118 1 0.966016 0.99059 0.987407 0.990358 0.966118 1 0.987407 0.990358 0.987509 0.99977 0.04483997 0.466283 0.03920197 0.467358 0.03920197 0.529084 0.04483997 0.466283 0.03920197 0.529084 0.04483997 0.530159 0.04350399 0.463057 0.03920197 0.467358 0.04483997 0.466283 0.04350399 0.533385 0.04483997 0.530159 0.03920197 0.529084 0.04350399 0.463057 0.040277 0.46172 0.03920197 0.467358 0.04350399 0.533385 0.03920197 0.529084 0.040277 0.534722 0.03381395 0.46172 0.02872097 0.462733 0.03104895 0.468354 0.03381395 0.46172 0.03104895 0.468354 0.03440999 0.467774 0.03381395 0.46172 0.03440999 0.467774 0.03920197 0.467358 0.03381395 0.46172 0.03920197 0.467358 0.040277 0.46172 0.03381395 0.534722 0.040277 0.534722 0.03920197 0.529084 0.03381395 0.534722 0.03920197 0.529084 0.03440999 0.528667 0.03381395 0.534722 0.03440999 0.528667 0.03104895 0.528088 0.03381395 0.534722 0.03104895 0.528088 0.02872097 0.533709 0.02872097 0.533709 0.03104895 0.528088 0.02870595 0.526522 0.02872097 0.533709 0.02870595 0.526522 0.02440398 0.530824 0.02870595 0.526522 0.021519 0.526507 0.02440398 0.530824 0.02870595 0.526522 0.02713996 0.524179 0.021519 0.526507 0.02050596 0.521414 0.021519 0.526507 0.02713996 0.524179 0.02050596 0.521414 0.02713996 0.524179 0.02655994 0.520818 0.02050596 0.521414 0.02655994 0.520818 0.02655994 0.475624 0.02050596 0.521414 0.02655994 0.475624 0.02050596 0.475028 0.02050596 0.475028 0.02655994 0.475624 0.02713996 0.472263 0.02050596 0.475028 0.02713996 0.472263 0.021519 0.469935 0.021519 0.469935 0.02713996 0.472263 0.02870595 0.46992 0.021519 0.469935 0.02870595 0.46992 0.02440398 0.465618 0.02872097 0.462733 0.02440398 0.465618 0.02870595 0.46992 0.02872097 0.462733 0.02870595 0.46992 0.03104895 0.468354 0.423638 0.530332 0.420277 0.530912 0.425982 0.528766 0.427548 0.526423 0.425982 0.528766 0.420277 0.530912 0.420277 0.530912 0.415485 0.531328 0.427548 0.526423 0.428127 0.523062 0.427548 0.526423 0.415485 0.531328 0.415485 0.531328 0.415485 0.469602 0.428127 0.523062 0.428127 0.477868 0.428127 0.523062 0.415485 0.469602 0.415485 0.469602 0.420277 0.470018 0.428127 0.477868 0.427548 0.474507 0.428127 0.477868 0.420277 0.470018 0.420277 0.470018 0.423638 0.470598 0.427548 0.474507 0.425982 0.472164 0.427548 0.474507 0.423638 0.470598 0.03104895 0.530332 0.02870595 0.528766 0.03440999 0.530912 0.03920197 0.531328 0.03440999 0.530912 0.02870595 0.528766 0.02870595 0.528766 0.02713996 0.526423 0.03920197 0.531328 0.03920197 0.469602 0.03920197 0.531328 0.02713996 0.526423 0.02713996 0.526423 0.02655994 0.523062 0.03920197 0.469602 0.03440999 0.470018 0.03920197 0.469602 0.02655994 0.523062 0.02655994 0.523062 0.02655994 0.477868 0.03440999 0.470018 0.03104895 0.470598 0.03440999 0.470018 0.02655994 0.477868 0.02655994 0.477868 0.02713996 0.474507 0.03104895 0.470598 0.02870595 0.472164 0.03104895 0.470598 0.02713996 0.474507 0.423638 0.528088 0.425982 0.526522 0.420277 0.528667 0.415485 0.529084 0.420277 0.528667 0.425982 0.526522 0.425982 0.526522 0.427548 0.524179 0.415485 0.529084 0.415485 0.467358 0.415485 0.529084 0.427548 0.524179 0.427548 0.524179 0.428127 0.520818 0.415485 0.467358 0.420277 0.467774 0.415485 0.467358 0.428127 0.520818 0.428127 0.520818 0.428127 0.475624 0.420277 0.467774 0.423638 0.468354 0.420277 0.467774 0.428127 0.475624 0.428127 0.475624 0.427548 0.472263 0.423638 0.468354 0.425982 0.46992 0.423638 0.468354 0.427548 0.472263 0.03104895 0.528088 0.03440999 0.528667 0.02870595 0.526522 0.02713996 0.524179 0.02870595 0.526522 0.03440999 0.528667 0.03440999 0.528667 0.03920197 0.529084 0.02713996 0.524179 0.02655994 0.520818 0.02713996 0.524179 0.03920197 0.529084 0.03920197 0.529084 0.03920197 0.467358 0.02655994 0.520818 0.02655994 0.475624 0.02655994 0.520818 0.03920197 0.467358 0.03920197 0.467358 0.03440999 0.467774 0.02655994 0.475624 0.02713996 0.472263 0.02655994 0.475624 0.03440999 0.467774 0.03440999 0.467774 0.03104895 0.468354 0.02713996 0.472263 0.02870595 0.46992 0.02713996 0.472263 0.03104895 0.468354 0.531046 0.32431 0.531046 0.27569 0.532905 0.267128 0.551377 0.264512 0.54706 0.267397 0.532905 0.267128 0.54706 0.267397 0.544175 0.271714 0.532905 0.267128 0.544175 0.271714 0.543162 0.276807 0.532905 0.267128 0.543162 0.276807 0.531046 0.32431 0.532905 0.267128 0.543162 0.276807 0.543162 0.323193 0.531046 0.32431 0.543162 0.323193 0.544175 0.328286 0.531046 0.32431 0.544175 0.328286 0.54706 0.332603 0.531046 0.32431 0.54706 0.332603 0.551377 0.335488 0.531046 0.32431 0.551377 0.335488 0.532905 0.332872 0.531046 0.32431 0.551377 0.335488 0.538457 0.341206 0.532905 0.332872 0.551377 0.335488 0.546791 0.346758 0.538457 0.341206 0.555286 0.34861 0.546791 0.346758 0.551377 0.335488 0.555286 0.34861 0.551377 0.335488 0.55647 0.336501 0.561671 0.348424 0.555286 0.34861 0.55647 0.336501 0.561671 0.348424 0.55647 0.336501 0.562934 0.336501 0.561671 0.348424 0.562934 0.336501 0.56616 0.335164 0.561671 0.348424 0.56616 0.335164 0.57358 0.382887 0.56616 0.335164 0.567496 0.331938 0.57358 0.382887 0.567496 0.331938 0.567496 0.268062 0.57358 0.382887 0.567496 0.268062 0.57358 0.217113 0.57358 0.382887 0.567496 0.268062 0.56616 0.264836 0.57358 0.217113 0.577323 0.404406 0.57358 0.382887 0.575873 0.389412 0.577323 0.404406 0.561671 0.348424 0.57358 0.382887 0.577323 0.404406 0.56156 0.38479 0.561671 0.348424 0.577323 0.404406 0.566383 0.397025 0.56156 0.38479 0.622332 0.405006 0.611084 0.407528 0.577323 0.404406 0.611084 0.407528 0.590827 0.407528 0.577323 0.404406 0.611084 0.407528 0.600955 0.408584 0.590827 0.407528 0.577323 0.404406 0.575873 0.389412 0.581745 0.393066 0.577323 0.404406 0.581745 0.393066 0.59279 0.395521 0.622332 0.405006 0.577323 0.404406 0.59279 0.395521 0.622332 0.405006 0.59279 0.395521 0.600955 0.396417 0.622332 0.405006 0.600955 0.396417 0.609121 0.395521 0.622332 0.405006 0.609121 0.395521 0.620165 0.393066 0.622332 0.405006 0.620165 0.393066 0.626037 0.389412 0.634414 0.419388 0.622332 0.405006 0.626037 0.389412 0.634414 0.419388 0.626037 0.389412 0.628331 0.382887 0.628331 0.382887 0.634414 0.180612 0.634414 0.419388 0.628331 0.382887 0.628331 0.217113 0.634414 0.180612 0.628331 0.217113 0.626037 0.210588 0.634414 0.180612 0.626037 0.210588 0.622389 0.178745 0.634414 0.180612 0.626037 0.210588 0.622332 0.194994 0.622389 0.178745 0.626037 0.210588 0.620165 0.206934 0.622332 0.194994 0.622332 0.194994 0.620165 0.206934 0.609121 0.204479 0.611084 0.192472 0.622332 0.194994 0.609121 0.204479 0.600955 0.191416 0.611084 0.192472 0.609121 0.204479 0.622389 0.178745 0.636683 0.174019 0.634414 0.180612 0.622389 0.178745 0.642529 0.170219 0.636683 0.174019 0.622389 0.178745 0.627093 0.166531 0.642529 0.170219 0.627093 0.166531 0.637849 0.158983 0.642529 0.170219 0.637849 0.158983 0.650633 0.168193 0.642529 0.170219 0.637849 0.158983 0.648435 0.156226 0.650633 0.168193 0.648435 0.156226 0.658748 0.167194 0.650633 0.168193 0.648435 0.156226 0.658748 0.155027 0.658748 0.167194 0.658748 0.155027 0.666863 0.168193 0.658748 0.167194 0.658748 0.155027 0.669061 0.156226 0.666863 0.168193 0.669061 0.156226 0.674967 0.170219 0.666863 0.168193 0.669061 0.156226 0.679648 0.158983 0.674967 0.170219 0.679648 0.158983 0.680813 0.174019 0.674967 0.170219 0.679648 0.158983 0.690403 0.166531 0.680813 0.174019 0.680813 0.174019 0.690403 0.166531 0.695107 0.178745 0.683082 0.180612 0.680813 0.174019 0.695107 0.178745 0.683082 0.180612 0.695107 0.178745 0.694999 0.256678 0.683082 0.180612 0.694999 0.256678 0.689165 0.263499 0.634414 0.419388 0.622389 0.421255 0.622332 0.405006 0.634414 0.419388 0.636683 0.425981 0.622389 0.421255 0.636683 0.425981 0.642529 0.429781 0.622389 0.421255 0.642529 0.429781 0.627093 0.433469 0.622389 0.421255 0.642529 0.429781 0.637849 0.441017 0.627093 0.433469 0.642529 0.429781 0.650633 0.431807 0.637849 0.441017 0.650633 0.431807 0.648435 0.443774 0.637849 0.441017 0.650633 0.431807 0.658748 0.432806 0.648435 0.443774 0.658748 0.432806 0.658748 0.444973 0.648435 0.443774 0.658748 0.432806 0.666863 0.431807 0.658748 0.444973 0.666863 0.431807 0.669061 0.443774 0.658748 0.444973 0.666863 0.431807 0.674967 0.429781 0.669061 0.443774 0.674967 0.429781 0.679648 0.441017 0.669061 0.443774 0.674967 0.429781 0.690403 0.433469 0.679648 0.441017 0.695107 0.421255 0.690403 0.433469 0.674967 0.429781 0.695107 0.421255 0.674967 0.429781 0.680813 0.425981 0.695107 0.421255 0.680813 0.425981 0.683082 0.419388 0.689165 0.336501 0.695107 0.421255 0.683082 0.419388 0.683082 0.419388 0.689165 0.263499 0.689165 0.336501 0.683082 0.419388 0.683082 0.180612 0.689165 0.263499 0.342929 0.378833 0.342929 0.378833 0.342929 0.617609 0.34066 0.37224 0.342929 0.378833 0.342929 0.378833 0.34066 0.37224 0.34066 0.37224 0.342929 0.378833 0.334814 0.36844 0.34066 0.37224 0.34066 0.37224 0.334814 0.36844 0.334814 0.36844 0.34066 0.37224 0.326711 0.366414 0.334814 0.36844 0.334814 0.36844 0.326711 0.366414 0.326711 0.366414 0.334814 0.36844 0.318596 0.365415 0.326711 0.366414 0.326711 0.366414 0.318596 0.365415 0.318596 0.365415 0.326711 0.366414 0.310481 0.366414 0.318596 0.365415 0.318596 0.365415 0.310481 0.366414 0.310481 0.366414 0.318596 0.365415 0.302377 0.36844 0.310481 0.366414 0.310481 0.366414 0.302377 0.36844 0.302377 0.36844 0.310481 0.366414 0.296531 0.37224 0.302377 0.36844 0.302377 0.36844 0.296531 0.37224 0.296531 0.37224 0.302377 0.36844 0.294262 0.378833 0.296531 0.37224 0.296531 0.37224 0.294262 0.378833 0.294262 0.378833 0.296531 0.37224 0.294262 0.617609 0.294262 0.378833 0.294262 0.378833 0.294262 0.617609 0.294262 0.617609 0.294262 0.378833 0.296531 0.624202 0.294262 0.617609 0.294262 0.617609 0.296531 0.624202 0.296531 0.624202 0.294262 0.617609 0.302377 0.628002 0.296531 0.624202 0.296531 0.624202 0.302377 0.628002 0.302377 0.628002 0.296531 0.624202 0.310481 0.630028 0.302377 0.628002 0.302377 0.628002 0.310481 0.630028 0.310481 0.630028 0.302377 0.628002 0.318596 0.631027 0.310481 0.630028 0.310481 0.630028 0.318596 0.631027 0.318596 0.631027 0.310481 0.630028 0.326711 0.630028 0.318596 0.631027 0.318596 0.631027 0.326711 0.630028 0.326711 0.630028 0.318596 0.631027 0.334814 0.628002 0.326711 0.630028 0.326711 0.630028 0.334814 0.628002 0.334814 0.628002 0.326711 0.630028 0.34066 0.624202 0.334814 0.628002 0.334814 0.628002 0.34066 0.624202 0.34066 0.624202 0.334814 0.628002 0.342929 0.617609 0.34066 0.624202 0.34066 0.624202 0.342929 0.617609 0.342929 0.617609 0.34066 0.624202 0.342929 0.378833 0.342929 0.617609 0.342929 0.617609 0.166509 0.46172 0.282095 0.467804 0.288178 0.46172 0.166509 0.46172 0.1725929 0.467804 0.282095 0.467804 0.288178 0.534722 0.1725929 0.528638 0.166509 0.534722 0.288178 0.534722 0.282095 0.528638 0.1725929 0.528638 0.166509 0.534722 0.1725929 0.467804 0.166509 0.46172 0.166509 0.534722 0.1725929 0.528638 0.1725929 0.467804 0.04483997 0.468527 0.04483997 0.532403 0.03920197 0.531328 0.04483997 0.468527 0.03920197 0.531328 0.03920197 0.469602 0.04350399 0.465301 0.04483997 0.468527 0.03920197 0.469602 0.04350399 0.535629 0.03920197 0.531328 0.04483997 0.532403 0.04350399 0.535629 0.040277 0.536966 0.03920197 0.531328 0.04350399 0.465301 0.03920197 0.469602 0.040277 0.463964 0.03381395 0.463964 0.03104895 0.470598 0.02872097 0.464977 0.03381395 0.463964 0.03440999 0.470018 0.03104895 0.470598 0.03381395 0.463964 0.03920197 0.469602 0.03440999 0.470018 0.03381395 0.463964 0.040277 0.463964 0.03920197 0.469602 0.03381395 0.536966 0.03920197 0.531328 0.040277 0.536966 0.03381395 0.536966 0.03440999 0.530912 0.03920197 0.531328 0.03381395 0.536966 0.03104895 0.530332 0.03440999 0.530912 0.03381395 0.536966 0.02872097 0.535953 0.03104895 0.530332 0.02872097 0.535953 0.02870595 0.528766 0.03104895 0.530332 0.02872097 0.535953 0.02440398 0.533068 0.02870595 0.528766 0.021519 0.528751 0.02870595 0.528766 0.02440398 0.533068 0.021519 0.528751 0.02713996 0.526423 0.02870595 0.528766 0.02050596 0.523658 0.02713996 0.526423 0.021519 0.528751 0.02050596 0.523658 0.02655994 0.523062 0.02713996 0.526423 0.02050596 0.523658 0.02655994 0.477868 0.02655994 0.523062 0.02050596 0.523658 0.02050596 0.477272 0.02655994 0.477868 0.02050596 0.477272 0.02713996 0.474507 0.02655994 0.477868 0.02050596 0.477272 0.021519 0.472179 0.02713996 0.474507 0.021519 0.472179 0.02870595 0.472164 0.02713996 0.474507 0.021519 0.472179 0.02440398 0.467862 0.02870595 0.472164 0.02872097 0.464977 0.02870595 0.472164 0.02440398 0.467862 0.02872097 0.464977 0.03104895 0.470598 0.02870595 0.472164 0.04483997 0.466283 0.04350399 0.463057 0.04350399 0.463057 0.04483997 0.466283 0.04483997 0.466283 0.04350399 0.463057 0.04483997 0.466283 0.04483997 0.466283 0.04483997 0.530159 0.04483997 0.466283 0.04483997 0.530159 0.04483997 0.530159 0.04350399 0.533385 0.04483997 0.530159 0.04483997 0.530159 0.04350399 0.533385 0.04350399 0.533385 0.04483997 0.530159 0.411184 0.463057 0.409847 0.466283 0.415485 0.467358 0.411184 0.463057 0.415485 0.467358 0.41441 0.46172 0.409847 0.530159 0.415485 0.529084 0.415485 0.467358 0.409847 0.530159 0.415485 0.467358 0.409847 0.466283 0.411184 0.533385 0.415485 0.529084 0.409847 0.530159 0.411184 0.533385 0.41441 0.534722 0.415485 0.529084 0.420874 0.534722 0.425966 0.533709 0.423638 0.528088 0.420874 0.534722 0.423638 0.528088 0.420277 0.528667 0.420874 0.534722 0.420277 0.528667 0.415485 0.529084 0.420874 0.534722 0.415485 0.529084 0.41441 0.534722 0.420874 0.46172 0.41441 0.46172 0.415485 0.467358 0.420874 0.46172 0.415485 0.467358 0.420277 0.467774 0.420874 0.46172 0.420277 0.467774 0.423638 0.468354 0.420874 0.46172 0.423638 0.468354 0.425966 0.462733 0.425966 0.462733 0.423638 0.468354 0.425982 0.46992 0.425966 0.462733 0.425982 0.46992 0.430284 0.465618 0.433168 0.469935 0.430284 0.465618 0.425982 0.46992 0.433168 0.469935 0.425982 0.46992 0.427548 0.472263 0.434181 0.475028 0.433168 0.469935 0.427548 0.472263 0.434181 0.475028 0.427548 0.472263 0.428127 0.475624 0.428127 0.475624 0.434181 0.521414 0.434181 0.475028 0.428127 0.475624 0.428127 0.520818 0.434181 0.521414 0.434181 0.521414 0.428127 0.520818 0.427548 0.524179 0.434181 0.521414 0.427548 0.524179 0.433168 0.526507 0.433168 0.526507 0.427548 0.524179 0.425982 0.526522 0.433168 0.526507 0.425982 0.526522 0.430284 0.530824 0.425966 0.533709 0.430284 0.530824 0.425982 0.526522 0.425966 0.533709 0.425982 0.526522 0.423638 0.528088 0.04350399 0.535629 0.04483997 0.532403 0.04350399 0.535629 0.04350399 0.535629 0.04483997 0.532403 0.04483997 0.532403 0.04483997 0.468527 0.04483997 0.532403 0.04483997 0.532403 0.04483997 0.468527 0.04483997 0.532403 0.04483997 0.468527 0.04483997 0.468527 0.04350399 0.465301 0.04483997 0.468527 0.04483997 0.468527 0.04350399 0.465301 0.04350399 0.465301 0.166509 0.463964 0.282095 0.470048 0.1725929 0.470048 0.166509 0.463964 0.288178 0.463964 0.282095 0.470048 0.288178 0.536966 0.1725929 0.530882 0.282095 0.530882 0.288178 0.536966 0.166509 0.536966 0.1725929 0.530882 0.166509 0.536966 0.1725929 0.470048 0.1725929 0.530882 0.166509 0.536966 0.166509 0.463964 0.1725929 0.470048 0.144207 0.368658 0.143095 0.374639 0.136092 0.373742 0.144207 0.368658 0.149882 0.376261 0.143095 0.374639 0.144207 0.368658 0.152311 0.370684 0.149882 0.376261 0.152311 0.370684 0.153362 0.378228 0.149882 0.376261 0.152311 0.370684 0.158157 0.374484 0.153362 0.378228 0.160426 0.381077 0.153362 0.378228 0.158157 0.374484 0.160426 0.381077 0.154426 0.382081 0.153362 0.378228 0.160426 0.381077 0.154426 0.618849 0.154426 0.382081 0.160426 0.381077 0.160426 0.619853 0.154426 0.618849 0.160426 0.619853 0.153362 0.622702 0.154426 0.618849 0.160426 0.619853 0.158157 0.626446 0.153362 0.622702 0.152311 0.630246 0.153362 0.622702 0.158157 0.626446 0.152311 0.630246 0.149882 0.624669 0.153362 0.622702 0.144207 0.632272 0.149882 0.624669 0.152311 0.630246 0.144207 0.632272 0.143095 0.626291 0.149882 0.624669 0.144207 0.632272 0.136092 0.627188 0.143095 0.626291 0.144207 0.632272 0.136092 0.633271 0.136092 0.627188 0.127977 0.632272 0.136092 0.627188 0.136092 0.633271 0.127977 0.632272 0.129088 0.626291 0.136092 0.627188 0.127977 0.632272 0.122302 0.624669 0.129088 0.626291 0.127977 0.632272 0.119873 0.630246 0.122302 0.624669 0.119873 0.630246 0.118822 0.622702 0.122302 0.624669 0.119873 0.630246 0.114027 0.626446 0.118822 0.622702 0.111758 0.619853 0.118822 0.622702 0.114027 0.626446 0.111758 0.619853 0.117758 0.618849 0.118822 0.622702 0.111758 0.619853 0.117758 0.382081 0.117758 0.618849 0.111758 0.619853 0.111758 0.381077 0.117758 0.382081 0.111758 0.381077 0.118822 0.378228 0.117758 0.382081 0.111758 0.381077 0.114027 0.374484 0.118822 0.378228 0.119873 0.370684 0.118822 0.378228 0.114027 0.374484 0.119873 0.370684 0.122302 0.376261 0.118822 0.378228 0.127977 0.368658 0.122302 0.376261 0.119873 0.370684 0.127977 0.368658 0.129088 0.374639 0.122302 0.376261 0.127977 0.368658 0.136092 0.373742 0.129088 0.374639 0.127977 0.368658 0.136092 0.367659 0.136092 0.373742 0.144207 0.368658 0.136092 0.373742 0.136092 0.367659 0.56156 0.70271 0.555589 0.732857 0.561671 0.739076 0.56156 0.70271 0.555589 0.701543 0.555589 0.732857 0.555589 0.701543 0.56156 0.70271 0.566383 0.690475 0.555589 0.701543 0.566383 0.690475 0.561637 0.686668 0.574846 0.677538 0.561637 0.686668 0.566383 0.690475 0.574846 0.677538 0.566383 0.690475 0.577323 0.683094 0.58981 0.673974 0.574846 0.677538 0.577323 0.683094 0.58981 0.673974 0.577323 0.683094 0.590827 0.679972 0.58981 0.673974 0.590827 0.679972 0.600955 0.678916 0.58981 0.673974 0.600955 0.678916 0.600955 0.672832 0.612101 0.673974 0.600955 0.672832 0.600955 0.678916 0.612101 0.673974 0.600955 0.678916 0.611084 0.679972 0.611084 0.679972 0.616414 0.675001 0.612101 0.673974 0.611084 0.679972 0.622332 0.682494 0.616414 0.675001 0.288178 0.463964 0.282095 0.530882 0.282095 0.470048 0.288178 0.463964 0.288178 0.536966 0.282095 0.530882 0.425966 0.464977 0.430284 0.467862 0.430284 0.467862 0.425966 0.464977 0.430284 0.467862 0.425966 0.464977 0.420874 0.463964 0.425966 0.464977 0.425966 0.464977 0.420874 0.463964 0.425966 0.464977 0.420874 0.463964 0.420874 0.463964 0.41441 0.463964 0.420874 0.463964 0.420874 0.463964 0.41441 0.463964 0.41441 0.463964 0.41441 0.463964 0.411184 0.465301 0.41441 0.463964 0.41441 0.463964 0.411184 0.465301 0.411184 0.465301 0.411184 0.535629 0.41441 0.536966 0.411184 0.535629 0.411184 0.535629 0.41441 0.536966 0.41441 0.536966 0.41441 0.536966 0.420874 0.536966 0.41441 0.536966 0.41441 0.536966 0.420874 0.536966 0.420874 0.536966 0.425966 0.535953 0.420874 0.536966 0.420874 0.536966 0.425966 0.535953 0.420874 0.536966 0.425966 0.535953 0.430284 0.533068 0.425966 0.535953 0.425966 0.535953 0.430284 0.533068 0.425966 0.535953 0.430284 0.533068 0.433168 0.528751 0.430284 0.533068 0.430284 0.533068 0.433168 0.528751 0.430284 0.533068 0.433168 0.528751 0.434181 0.523658 0.433168 0.528751 0.433168 0.528751 0.434181 0.523658 0.433168 0.528751 0.434181 0.523658 0.434181 0.477272 0.434181 0.523658 0.434181 0.523658 0.434181 0.477272 0.434181 0.523658 0.434181 0.477272 0.433168 0.472179 0.434181 0.477272 0.434181 0.477272 0.433168 0.472179 0.434181 0.477272 0.433168 0.472179 0.430284 0.467862 0.433168 0.472179 0.433168 0.472179 0.430284 0.467862 0.433168 0.472179 0.430284 0.467862 0.987509 1.03e-4 0.965395 0.01889598 0.965483 0 0.987509 1.03e-4 0.987421 0.01899898 0.965395 0.01889598 0.986624 0.16636 0.986607 0.169028 0.964651 0.168896 0.986624 0.16636 0.964651 0.168896 0.964666 0.166229 0.964666 0.166229 0.986666 0.159618 0.986624 0.16636 0.964666 0.166229 0.964703 0.15949 0.986666 0.159618 0.964703 0.15949 0.986707 0.152875 0.986666 0.159618 0.964703 0.15949 0.964739 0.15275 0.986707 0.152875 0.964739 0.15275 0.986763 0.143613 0.986707 0.152875 0.964739 0.15275 0.964787 0.143491 0.986763 0.143613 0.964787 0.143491 0.986819 0.133943 0.986763 0.143613 0.964787 0.143491 0.964837 0.133824 0.986819 0.133943 0.964837 0.133824 0.986874 0.12427 0.986819 0.133943 0.964837 0.133824 0.964884 0.124153 0.986874 0.12427 0.986977 0.1054 0.986874 0.12427 0.964884 0.124153 0.986977 0.1054 0.964884 0.124153 0.964978 0.105285 0.985228 0.784981 0.964435 0.842475 0.963854 0.785193 0.985228 0.784981 0.985803 0.842257 0.964435 0.842475 0.984817 0.742235 0.985228 0.784981 0.963854 0.785193 0.984817 0.742235 0.963854 0.785193 0.963433 0.742438 0.984735 0.7329 0.984817 0.742235 0.963433 0.742438 0.984735 0.7329 0.963433 0.742438 0.96334 0.733094 0.96334 0.733094 0.984659 0.723558 0.984735 0.7329 0.96334 0.733094 0.963251 0.723743 0.984659 0.723558 0.984602 0.71624 0.984659 0.723558 0.963251 0.723743 0.984602 0.71624 0.963251 0.723743 0.963184 0.716416 0.963184 0.716416 0.984553 0.709481 0.984602 0.71624 0.963184 0.716416 0.963125 0.709649 0.984553 0.709481 0.963125 0.709649 0.984506 0.702718 0.984553 0.709481 0.963125 0.709649 0.963068 0.702878 0.984506 0.702718 0.963068 0.702878 0.984459 0.69539 0.984506 0.702718 0.963068 0.702878 0.963009 0.69554 0.984459 0.69539 0.963009 0.69554 0.984402 0.686025 0.984459 0.69539 0.963009 0.69554 0.962939 0.686165 0.984402 0.686025 0.962939 0.686165 0.984351 0.676655 0.984402 0.686025 0.962939 0.686165 0.962874 0.676782 0.984351 0.676655 0.962874 0.676782 0.984322 0.670833 0.984351 0.676655 0.962874 0.676782 0.962836 0.670952 0.984322 0.670833 0.963436 0.344391 0.985753 0.285906 0.985312 0.344553 0.963436 0.344391 0.963869 0.285743 0.985753 0.285906 0.166509 0.534722 0.288178 0.534722 0.288178 0.534722 0.166509 0.534722 0.166509 0.534722 0.288178 0.534722 0.648435 0.931274 0.658748 0.932473 0.695107 0.908755 0.658748 0.932473 0.669061 0.931274 0.695107 0.908755 0.669061 0.931274 0.679648 0.928517 0.695107 0.908755 0.679648 0.928517 0.690403 0.920969 0.695107 0.908755 0.825033 0.657719 0.820352 0.646483 0.809597 0.654031 0.825033 0.657719 0.809597 0.654031 0.804893 0.666245 0.819187 0.661519 0.825033 0.657719 0.804893 0.666245 0.816918 0.668112 0.819187 0.661519 0.804893 0.666245 0.816918 0.668112 0.804893 0.666245 0.810835 0.750999 0.810835 0.750999 0.816918 0.906888 0.816918 0.668112 0.810835 0.750999 0.810835 0.824001 0.816918 0.906888 0.810835 0.824001 0.805001 0.830822 0.816918 0.906888 0.689165 0.824001 0.805001 0.830822 0.810835 0.824001 0.689165 0.824001 0.694999 0.830822 0.805001 0.830822 0.695107 0.908755 0.694999 0.830822 0.689165 0.824001 0.695107 0.908755 0.689165 0.824001 0.683082 0.906888 0.695107 0.908755 0.683082 0.906888 0.680813 0.913481 0.695107 0.908755 0.680813 0.913481 0.674967 0.917281 0.648435 0.931274 0.695107 0.908755 0.674967 0.917281 0.648435 0.931274 0.674967 0.917281 0.666863 0.919307 0.648435 0.931274 0.666863 0.919307 0.658748 0.920306 0.648435 0.931274 0.658748 0.920306 0.650633 0.919307 0.689165 0.824001 0.689165 0.750999 0.683082 0.906888 0.689165 0.750999 0.683082 0.668112 0.683082 0.906888 0.689165 0.750999 0.694999 0.744178 0.683082 0.668112 0.810835 0.750999 0.694999 0.744178 0.689165 0.750999 0.810835 0.750999 0.805001 0.744178 0.694999 0.744178 0.804893 0.666245 0.805001 0.744178 0.810835 0.750999 0.622332 0.892506 0.637849 0.928517 0.648435 0.931274 0.622332 0.892506 0.622389 0.908755 0.637849 0.928517 0.622389 0.908755 0.627093 0.920969 0.637849 0.928517 0.648435 0.931274 0.650633 0.919307 0.642529 0.917281 0.648435 0.931274 0.642529 0.917281 0.636683 0.913481 0.622332 0.892506 0.648435 0.931274 0.636683 0.913481 0.636683 0.913481 0.634414 0.906888 0.622332 0.892506 0.634414 0.906888 0.626037 0.876912 0.622332 0.892506 0.634414 0.906888 0.628331 0.870387 0.626037 0.876912 0.634414 0.906888 0.628331 0.704613 0.628331 0.870387 0.634414 0.906888 0.634414 0.668112 0.628331 0.704613 0.634414 0.668112 0.626037 0.698088 0.628331 0.704613 0.634414 0.668112 0.622389 0.666245 0.626037 0.698088 0.622389 0.666245 0.622332 0.682494 0.626037 0.698088 0.622332 0.682494 0.620165 0.694434 0.626037 0.698088 0.609121 0.691979 0.620165 0.694434 0.622332 0.682494 0.609121 0.691979 0.622332 0.682494 0.611084 0.679972 0.609121 0.691979 0.611084 0.679972 0.600955 0.678916 0.600955 0.691083 0.609121 0.691979 0.600955 0.678916 0.600955 0.691083 0.600955 0.678916 0.590827 0.679972 0.59279 0.691979 0.600955 0.691083 0.590827 0.679972 0.694999 0.744178 0.695107 0.666245 0.683082 0.668112 0.683082 0.668112 0.695107 0.666245 0.690403 0.654031 0.690403 0.654031 0.680813 0.661519 0.683082 0.668112 0.680813 0.661519 0.690403 0.654031 0.679648 0.646483 0.674967 0.657719 0.680813 0.661519 0.679648 0.646483 0.679648 0.646483 0.666863 0.655693 0.674967 0.657719 0.679648 0.646483 0.669061 0.643726 0.666863 0.655693 0.669061 0.643726 0.658748 0.654694 0.666863 0.655693 0.669061 0.643726 0.658748 0.642527 0.658748 0.654694 0.658748 0.642527 0.650633 0.655693 0.658748 0.654694 0.650633 0.655693 0.658748 0.642527 0.648435 0.643726 0.650633 0.655693 0.648435 0.643726 0.637849 0.646483 0.642529 0.657719 0.650633 0.655693 0.637849 0.646483 0.642529 0.657719 0.637849 0.646483 0.627093 0.654031 0.642529 0.657719 0.627093 0.654031 0.622389 0.666245 0.636683 0.661519 0.642529 0.657719 0.622389 0.666245 0.634414 0.668112 0.636683 0.661519 0.622389 0.666245 0.351306 0.589877 0.349013 0.583352 0.349013 0.583352 0.349013 0.583352 0.349013 0.417578 0.349013 0.583352 0.349013 0.583352 0.349013 0.417578 0.349013 0.417578 0.349013 0.417578 0.351306 0.411053 0.349013 0.417578 0.349013 0.417578 0.351306 0.411053 0.351306 0.411053 0.351306 0.411053 0.357178 0.407399 0.351306 0.411053 0.351306 0.411053 0.357178 0.407399 0.357178 0.407399 0.357178 0.407399 0.368223 0.404944 0.357178 0.407399 0.357178 0.407399 0.368223 0.404944 0.368223 0.404944 0.368223 0.404944 0.376388 0.404048 0.368223 0.404944 0.368223 0.404944 0.376388 0.404048 0.376388 0.404048 0.376388 0.404048 0.384554 0.404944 0.376388 0.404048 0.376388 0.404048 0.384554 0.404944 0.384554 0.404944 0.384554 0.404944 0.395598 0.407399 0.384554 0.404944 0.384554 0.404944 0.395598 0.407399 0.395598 0.407399 0.395598 0.407399 0.40147 0.411053 0.395598 0.407399 0.395598 0.407399 0.40147 0.411053 0.40147 0.411053 0.40147 0.411053 0.403764 0.417578 0.40147 0.411053 0.40147 0.411053 0.403764 0.417578 0.403764 0.417578 0.403764 0.417578 0.403764 0.583352 0.403764 0.417578 0.403764 0.417578 0.403764 0.583352 0.403764 0.583352 0.403764 0.583352 0.40147 0.589877 0.403764 0.583352 0.403764 0.583352 0.40147 0.589877 0.40147 0.589877 0.40147 0.589877 0.395598 0.593531 0.40147 0.589877 0.40147 0.589877 0.395598 0.593531 0.395598 0.593531 0.395598 0.593531 0.384554 0.595986 0.395598 0.593531 0.395598 0.593531 0.384554 0.595986 0.384554 0.595986 0.384554 0.595986 0.376388 0.596882 0.384554 0.595986 0.384554 0.595986 0.376388 0.596882 0.376388 0.596882 0.376388 0.596882 0.368223 0.595986 0.376388 0.596882 0.376388 0.596882 0.368223 0.595986 0.368223 0.595986 0.368223 0.595986 0.357178 0.593531 0.368223 0.595986 0.368223 0.595986 0.357178 0.593531 0.357178 0.593531 0.357178 0.593531 0.351306 0.589877 0.357178 0.593531 0.357178 0.593531 0.351306 0.589877 0.351306 0.589877 0.351306 0.589877 0.349013 0.583352 0.351306 0.589877 0.342929 0.381077 0.342929 0.619853 0.342929 0.619853 0.342929 0.619853 0.34066 0.626446 0.342929 0.619853 0.342929 0.619853 0.34066 0.626446 0.34066 0.626446 0.34066 0.626446 0.334814 0.630246 0.34066 0.626446 0.34066 0.626446 0.334814 0.630246 0.334814 0.630246 0.334814 0.630246 0.326711 0.632272 0.334814 0.630246 0.334814 0.630246 0.326711 0.632272 0.326711 0.632272 0.326711 0.632272 0.318596 0.633271 0.326711 0.632272 0.326711 0.632272 0.318596 0.633271 0.318596 0.633271 0.318596 0.633271 0.310481 0.632272 0.318596 0.633271 0.318596 0.633271 0.310481 0.632272 0.310481 0.632272 0.310481 0.632272 0.302377 0.630246 0.310481 0.632272 0.310481 0.632272 0.302377 0.630246 0.302377 0.630246 0.302377 0.630246 0.296531 0.626446 0.302377 0.630246 0.302377 0.630246 0.296531 0.626446 0.296531 0.626446 0.296531 0.626446 0.294262 0.619853 0.296531 0.626446 0.296531 0.626446 0.294262 0.619853 0.294262 0.619853 0.294262 0.619853 0.294262 0.381077 0.294262 0.619853 0.294262 0.619853 0.294262 0.381077 0.294262 0.381077 0.294262 0.381077 0.296531 0.374484 0.294262 0.381077 0.294262 0.381077 0.296531 0.374484 0.296531 0.374484 0.296531 0.374484 0.302377 0.370684 0.296531 0.374484 0.296531 0.374484 0.302377 0.370684 0.302377 0.370684 0.302377 0.370684 0.310481 0.368658 0.302377 0.370684 0.302377 0.370684 0.310481 0.368658 0.310481 0.368658 0.310481 0.368658 0.318596 0.367659 0.310481 0.368658 0.310481 0.368658 0.318596 0.367659 0.318596 0.367659 0.318596 0.367659 0.326711 0.368658 0.318596 0.367659 0.318596 0.367659 0.326711 0.368658 0.326711 0.368658 0.326711 0.368658 0.334814 0.370684 0.326711 0.368658 0.326711 0.368658 0.334814 0.370684 0.334814 0.370684 0.334814 0.370684 0.34066 0.374484 0.334814 0.370684 0.334814 0.370684 0.34066 0.374484 0.34066 0.374484 0.34066 0.374484 0.342929 0.381077 0.34066 0.374484 0.34066 0.374484 0.342929 0.381077 0.342929 0.381077 0.342929 0.381077 0.342929 0.619853 0.342929 0.381077 0.302377 0.630246 0.296531 0.626446 0.301326 0.622702 0.294262 0.619853 0.301326 0.622702 0.296531 0.626446 0.294262 0.619853 0.300262 0.618849 0.301326 0.622702 0.294262 0.619853 0.300262 0.382081 0.300262 0.618849 0.294262 0.619853 0.294262 0.381077 0.300262 0.382081 0.294262 0.381077 0.301326 0.378228 0.300262 0.382081 0.294262 0.381077 0.296531 0.374484 0.301326 0.378228 0.302377 0.370684 0.301326 0.378228 0.296531 0.374484 0.302377 0.370684 0.304806 0.376261 0.301326 0.378228 0.310481 0.368658 0.304806 0.376261 0.302377 0.370684 0.310481 0.368658 0.311592 0.374639 0.304806 0.376261 0.310481 0.368658 0.318596 0.373742 0.311592 0.374639 0.310481 0.368658 0.318596 0.367659 0.318596 0.373742 0.326711 0.368658 0.318596 0.373742 0.318596 0.367659 0.326711 0.368658 0.325599 0.374639 0.318596 0.373742 0.326711 0.368658 0.332386 0.376261 0.325599 0.374639 0.326711 0.368658 0.334814 0.370684 0.332386 0.376261 0.334814 0.370684 0.335865 0.378228 0.332386 0.376261 0.334814 0.370684 0.34066 0.374484 0.335865 0.378228 0.342929 0.381077 0.335865 0.378228 0.34066 0.374484 0.342929 0.381077 0.336929 0.382081 0.335865 0.378228 0.342929 0.381077 0.336929 0.618849 0.336929 0.382081 0.342929 0.381077 0.342929 0.619853 0.336929 0.618849 0.342929 0.619853 0.335865 0.622702 0.336929 0.618849 0.342929 0.619853 0.34066 0.626446 0.335865 0.622702 0.334814 0.630246 0.335865 0.622702 0.34066 0.626446 0.334814 0.630246 0.332386 0.624669 0.335865 0.622702 0.326711 0.632272 0.332386 0.624669 0.334814 0.630246 0.326711 0.632272 0.325599 0.626291 0.332386 0.624669 0.326711 0.632272 0.318596 0.627188 0.325599 0.626291 0.326711 0.632272 0.318596 0.633271 0.318596 0.627188 0.310481 0.632272 0.318596 0.627188 0.318596 0.633271 0.310481 0.632272 0.311592 0.626291 0.318596 0.627188 0.310481 0.632272 0.304806 0.624669 0.311592 0.626291 0.310481 0.632272 0.302377 0.630246 0.304806 0.624669 0.302377 0.630246 0.301326 0.622702 0.304806 0.624669 0.105675 0.583352 0.103381 0.589877 0.09863597 0.58607 0.09750896 0.593531 0.09863597 0.58607 0.103381 0.589877 0.09750896 0.593531 0.095209 0.587899 0.09863597 0.58607 0.086465 0.595986 0.095209 0.587899 0.09750896 0.593531 0.086465 0.595986 0.08547097 0.589984 0.095209 0.587899 0.086465 0.595986 0.07829898 0.590799 0.08547097 0.589984 0.086465 0.595986 0.07829898 0.596882 0.07829898 0.590799 0.07013297 0.595986 0.07829898 0.590799 0.07829898 0.596882 0.07013297 0.595986 0.07112699 0.589984 0.07829898 0.590799 0.07013297 0.595986 0.06138896 0.587899 0.07112699 0.589984 0.07013297 0.595986 0.059089 0.593531 0.06138896 0.587899 0.059089 0.593531 0.057962 0.58607 0.06138896 0.587899 0.059089 0.593531 0.05321699 0.589877 0.057962 0.58607 0.050924 0.583352 0.057962 0.58607 0.05321699 0.589877 0.050924 0.583352 0.05691999 0.582329 0.057962 0.58607 0.050924 0.417578 0.05691999 0.582329 0.050924 0.583352 0.050924 0.417578 0.05691999 0.418601 0.05691999 0.582329 0.050924 0.417578 0.057962 0.41486 0.05691999 0.418601 0.050924 0.417578 0.05321699 0.411053 0.057962 0.41486 0.059089 0.407399 0.057962 0.41486 0.05321699 0.411053 0.059089 0.407399 0.06138896 0.413031 0.057962 0.41486 0.07013297 0.404944 0.06138896 0.413031 0.059089 0.407399 0.07013297 0.404944 0.07112699 0.410946 0.06138896 0.413031 0.07013297 0.404944 0.07829898 0.410131 0.07112699 0.410946 0.07013297 0.404944 0.07829898 0.404048 0.07829898 0.410131 0.086465 0.404944 0.07829898 0.410131 0.07829898 0.404048 0.086465 0.404944 0.08547097 0.410946 0.07829898 0.410131 0.086465 0.404944 0.095209 0.413031 0.08547097 0.410946 0.086465 0.404944 0.09750896 0.407399 0.095209 0.413031 0.09750896 0.407399 0.09863597 0.41486 0.095209 0.413031 0.09750896 0.407399 0.103381 0.411053 0.09863597 0.41486 0.105675 0.417578 0.09863597 0.41486 0.103381 0.411053 0.105675 0.417578 0.09967797 0.418601 0.09863597 0.41486 0.105675 0.417578 0.09967797 0.582329 0.09967797 0.418601 0.105675 0.417578 0.105675 0.583352 0.09967797 0.582329 0.105675 0.583352 0.09863597 0.58607 0.09967797 0.582329 0.282095 0.528638 0.1725929 0.467804 0.1725929 0.528638 0.282095 0.528638 0.282095 0.467804 0.1725929 0.467804 0.166509 0.534722 0.166509 0.46172 0.166509 0.46172 0.166509 0.534722 0.166509 0.534722 0.166509 0.46172 0.288178 0.46172 0.288178 0.534722 0.288178 0.534722 0.288178 0.46172 0.288178 0.46172 0.288178 0.534722 0.166509 0.46172 0.288178 0.46172 0.288178 0.46172 0.166509 0.46172 0.166509 0.46172 0.288178 0.46172 0.302377 0.628002 0.304806 0.622425 0.301326 0.620458 0.310481 0.630028 0.304806 0.622425 0.302377 0.628002 0.310481 0.630028 0.311592 0.624047 0.304806 0.622425 0.310481 0.630028 0.318596 0.624944 0.311592 0.624047 0.310481 0.630028 0.318596 0.631027 0.318596 0.624944 0.326711 0.630028 0.318596 0.624944 0.318596 0.631027 0.326711 0.630028 0.325599 0.624047 0.318596 0.624944 0.326711 0.630028 0.332386 0.622425 0.325599 0.624047 0.326711 0.630028 0.334814 0.628002 0.332386 0.622425 0.334814 0.628002 0.335865 0.620458 0.332386 0.622425 0.334814 0.628002 0.34066 0.624202 0.335865 0.620458 0.342929 0.617609 0.335865 0.620458 0.34066 0.624202 0.342929 0.617609 0.336929 0.616605 0.335865 0.620458 0.342929 0.378833 0.336929 0.616605 0.342929 0.617609 0.342929 0.378833 0.336929 0.379837 0.336929 0.616605 0.342929 0.378833 0.335865 0.375984 0.336929 0.379837 0.342929 0.378833 0.34066 0.37224 0.335865 0.375984 0.334814 0.36844 0.335865 0.375984 0.34066 0.37224 0.334814 0.36844 0.332386 0.374017 0.335865 0.375984 0.326711 0.366414 0.332386 0.374017 0.334814 0.36844 0.326711 0.366414 0.325599 0.372395 0.332386 0.374017 0.326711 0.366414 0.318596 0.371498 0.325599 0.372395 0.326711 0.366414 0.318596 0.365415 0.318596 0.371498 0.310481 0.366414 0.318596 0.371498 0.318596 0.365415 0.310481 0.366414 0.311592 0.372395 0.318596 0.371498 0.310481 0.366414 0.304806 0.374017 0.311592 0.372395 0.310481 0.366414 0.302377 0.36844 0.304806 0.374017 0.302377 0.36844 0.301326 0.375984 0.304806 0.374017 0.302377 0.36844 0.296531 0.37224 0.301326 0.375984 0.294262 0.378833 0.301326 0.375984 0.296531 0.37224 0.294262 0.378833 0.300262 0.379837 0.301326 0.375984 0.294262 0.617609 0.300262 0.379837 0.294262 0.378833 0.294262 0.617609 0.300262 0.616605 0.300262 0.379837 0.294262 0.617609 0.301326 0.620458 0.300262 0.616605 0.294262 0.617609 0.296531 0.624202 0.301326 0.620458 0.302377 0.628002 0.301326 0.620458 0.296531 0.624202 0.144207 0.366414 0.136092 0.365415 0.136092 0.371498 0.127977 0.366414 0.136092 0.371498 0.136092 0.365415 0.127977 0.366414 0.129088 0.372395 0.136092 0.371498 0.127977 0.366414 0.122302 0.374017 0.129088 0.372395 0.127977 0.366414 0.119873 0.36844 0.122302 0.374017 0.119873 0.36844 0.118822 0.375984 0.122302 0.374017 0.119873 0.36844 0.114027 0.37224 0.118822 0.375984 0.111758 0.378833 0.118822 0.375984 0.114027 0.37224 0.111758 0.378833 0.117758 0.379837 0.118822 0.375984 0.111758 0.617609 0.117758 0.379837 0.111758 0.378833 0.111758 0.617609 0.117758 0.616605 0.117758 0.379837 0.111758 0.617609 0.118822 0.620458 0.117758 0.616605 0.111758 0.617609 0.114027 0.624202 0.118822 0.620458 0.119873 0.628002 0.118822 0.620458 0.114027 0.624202 0.119873 0.628002 0.122302 0.622425 0.118822 0.620458 0.127977 0.630028 0.122302 0.622425 0.119873 0.628002 0.127977 0.630028 0.129088 0.624047 0.122302 0.622425 0.127977 0.630028 0.136092 0.624944 0.129088 0.624047 0.127977 0.630028 0.136092 0.631027 0.136092 0.624944 0.144207 0.630028 0.136092 0.624944 0.136092 0.631027 0.144207 0.630028 0.143095 0.624047 0.136092 0.624944 0.144207 0.630028 0.149882 0.622425 0.143095 0.624047 0.144207 0.630028 0.152311 0.628002 0.149882 0.622425 0.152311 0.628002 0.153362 0.620458 0.149882 0.622425 0.152311 0.628002 0.158157 0.624202 0.153362 0.620458 0.160426 0.617609 0.153362 0.620458 0.158157 0.624202 0.160426 0.617609 0.154426 0.616605 0.153362 0.620458 0.160426 0.378833 0.154426 0.616605 0.160426 0.617609 0.160426 0.378833 0.154426 0.379837 0.154426 0.616605 0.160426 0.378833 0.153362 0.375984 0.154426 0.379837 0.160426 0.378833 0.158157 0.37224 0.153362 0.375984 0.152311 0.36844 0.153362 0.375984 0.158157 0.37224 0.152311 0.36844 0.149882 0.374017 0.153362 0.375984 0.144207 0.366414 0.149882 0.374017 0.152311 0.36844 0.144207 0.366414 0.143095 0.372395 0.149882 0.374017 0.144207 0.366414 0.136092 0.371498 0.143095 0.372395 0.288178 0.46172 0.282095 0.528638 0.288178 0.534722 0.288178 0.46172 0.282095 0.467804 0.282095 0.528638 0.105675 0.581108 0.09967797 0.580085 0.09863597 0.583826 0.105675 0.415334 0.09967797 0.580085 0.105675 0.581108 0.105675 0.415334 0.09967797 0.416357 0.09967797 0.580085 0.105675 0.415334 0.09863597 0.412616 0.09967797 0.416357 0.105675 0.415334 0.103381 0.408809 0.09863597 0.412616 0.09750896 0.405155 0.09863597 0.412616 0.103381 0.408809 0.09750896 0.405155 0.095209 0.410787 0.09863597 0.412616 0.086465 0.4027 0.095209 0.410787 0.09750896 0.405155 0.086465 0.4027 0.08547097 0.408702 0.095209 0.410787 0.086465 0.4027 0.07829898 0.407887 0.08547097 0.408702 0.086465 0.4027 0.07829898 0.401804 0.07829898 0.407887 0.07013297 0.4027 0.07829898 0.407887 0.07829898 0.401804 0.07013297 0.4027 0.07112699 0.408702 0.07829898 0.407887 0.07013297 0.4027 0.06138896 0.410787 0.07112699 0.408702 0.07013297 0.4027 0.059089 0.405155 0.06138896 0.410787 0.059089 0.405155 0.057962 0.412616 0.06138896 0.410787 0.059089 0.405155 0.05321699 0.408809 0.057962 0.412616 0.050924 0.415334 0.057962 0.412616 0.05321699 0.408809 0.050924 0.415334 0.05691999 0.416357 0.057962 0.412616 0.05691999 0.580085 0.05691999 0.416357 0.050924 0.415334 0.05691999 0.580085 0.050924 0.415334 0.050924 0.581108 0.050924 0.581108 0.057962 0.583826 0.05691999 0.580085 0.050924 0.581108 0.05321699 0.587633 0.057962 0.583826 0.059089 0.591287 0.057962 0.583826 0.05321699 0.587633 0.059089 0.591287 0.06138896 0.585655 0.057962 0.583826 0.07013297 0.593742 0.06138896 0.585655 0.059089 0.591287 0.07013297 0.593742 0.07112699 0.58774 0.06138896 0.585655 0.07013297 0.593742 0.07829898 0.588555 0.07112699 0.58774 0.07013297 0.593742 0.07829898 0.594638 0.07829898 0.588555 0.086465 0.593742 0.07829898 0.588555 0.07829898 0.594638 0.086465 0.593742 0.08547097 0.58774 0.07829898 0.588555 0.086465 0.593742 0.095209 0.585655 0.08547097 0.58774 0.086465 0.593742 0.09750896 0.591287 0.095209 0.585655 0.09750896 0.591287 0.09863597 0.583826 0.095209 0.585655 0.09750896 0.591287 0.103381 0.587633 0.09863597 0.583826 0.105675 0.581108 0.09863597 0.583826 0.103381 0.587633 0.944714 0.73889 0.938329 0.739076 0.94353 0.750999 0.938329 0.739076 0.937066 0.750999 0.94353 0.750999 0.93384 0.752336 0.937066 0.750999 0.938329 0.739076 0.93384 0.752336 0.938329 0.739076 0.93844 0.70271 0.938329 0.835924 0.944714 0.83611 0.953209 0.834258 0.937066 0.824001 0.938329 0.835924 0.953209 0.834258 0.937066 0.824001 0.92642 0.870387 0.938329 0.835924 0.937066 0.824001 0.93384 0.822664 0.92642 0.870387 0.93384 0.822664 0.932504 0.819438 0.92642 0.870387 0.932504 0.819438 0.92642 0.704613 0.92642 0.870387 0.932504 0.819438 0.932504 0.755562 0.92642 0.704613 0.932504 0.755562 0.93384 0.752336 0.92642 0.704613 0.93384 0.752336 0.93844 0.70271 0.92642 0.704613 0.93844 0.70271 0.924127 0.698088 0.92642 0.704613 0.93844 0.70271 0.918255 0.694434 0.924127 0.698088 0.93844 0.70271 0.933617 0.690475 0.918255 0.694434 0.933617 0.690475 0.922677 0.683094 0.918255 0.694434 0.922677 0.683094 0.90721 0.691979 0.918255 0.694434 0.922677 0.683094 0.909173 0.679972 0.90721 0.691979 0.909173 0.679972 0.899045 0.691083 0.90721 0.691979 0.909173 0.679972 0.899045 0.678916 0.899045 0.691083 0.899045 0.678916 0.890879 0.691979 0.899045 0.691083 0.94353 0.824001 0.937066 0.824001 0.953209 0.834258 0.948623 0.822988 0.94353 0.824001 0.953209 0.834258 0.95294 0.820103 0.948623 0.822988 0.953209 0.834258 0.955824 0.815786 0.95294 0.820103 0.953209 0.834258 0.956838 0.810693 0.955824 0.815786 0.953209 0.834258 0.953209 0.834258 0.961543 0.828706 0.956838 0.810693 0.961543 0.828706 0.967095 0.820372 0.956838 0.810693 0.967095 0.820372 0.968954 0.81181 0.956838 0.810693 0.968954 0.81181 0.956838 0.764307 0.956838 0.810693 0.956838 0.764307 0.968954 0.81181 0.968954 0.76319 0.956838 0.764307 0.968954 0.76319 0.967095 0.754628 0.955824 0.759214 0.956838 0.764307 0.967095 0.754628 0.95294 0.754897 0.955824 0.759214 0.967095 0.754628 0.948623 0.752012 0.95294 0.754897 0.967095 0.754628 0.967095 0.754628 0.94353 0.750999 0.948623 0.752012 0.967095 0.754628 0.961543 0.746294 0.94353 0.750999 0.961543 0.746294 0.953209 0.740742 0.94353 0.750999 0.953209 0.740742 0.944714 0.73889 0.94353 0.750999 0.805001 0.744178 0.701082 0.738094 0.694999 0.744178 0.805001 0.744178 0.798918 0.738094 0.701082 0.738094 0.694999 0.830822 0.798918 0.836906 0.805001 0.830822 0.694999 0.830822 0.701082 0.836906 0.798918 0.836906 0.409847 0.468527 0.411184 0.465301 0.411184 0.465301 0.409847 0.468527 0.411184 0.465301 0.409847 0.468527 0.409847 0.468527 0.409847 0.532403 0.409847 0.468527 0.409847 0.468527 0.409847 0.532403 0.409847 0.532403 0.409847 0.532403 0.411184 0.535629 0.409847 0.532403 0.409847 0.532403 0.411184 0.535629 0.411184 0.535629 0.166509 0.536966 0.288178 0.536966 0.166509 0.536966 0.166509 0.536966 0.288178 0.536966 0.288178 0.536966 0.282095 0.530882 0.1725929 0.470048 0.282095 0.470048 0.282095 0.530882 0.1725929 0.530882 0.1725929 0.470048 0.166509 0.536966 0.166509 0.463964 0.166509 0.536966 0.166509 0.536966 0.166509 0.463964 0.166509 0.463964 0.288178 0.463964 0.288178 0.536966 0.288178 0.463964 0.288178 0.463964 0.288178 0.536966 0.288178 0.536966 0.166509 0.463964 0.288178 0.463964 0.166509 0.463964 0.166509 0.463964 0.288178 0.463964 0.288178 0.463964 0.368223 0.595986 0.369216 0.589984 0.376388 0.590799 0.368223 0.595986 0.359478 0.587899 0.369216 0.589984 0.368223 0.595986 0.357178 0.593531 0.359478 0.587899 0.357178 0.593531 0.356052 0.58607 0.359478 0.587899 0.357178 0.593531 0.351306 0.589877 0.356052 0.58607 0.349013 0.583352 0.356052 0.58607 0.351306 0.589877 0.349013 0.583352 0.35501 0.582329 0.356052 0.58607 0.349013 0.417578 0.35501 0.582329 0.349013 0.583352 0.349013 0.417578 0.35501 0.418601 0.35501 0.582329 0.349013 0.417578 0.356052 0.41486 0.35501 0.418601 0.349013 0.417578 0.351306 0.411053 0.356052 0.41486 0.357178 0.407399 0.356052 0.41486 0.351306 0.411053 0.357178 0.407399 0.359478 0.413031 0.356052 0.41486 0.368223 0.404944 0.359478 0.413031 0.357178 0.407399 0.368223 0.404944 0.369216 0.410946 0.359478 0.413031 0.368223 0.404944 0.376388 0.410131 0.369216 0.410946 0.368223 0.404944 0.376388 0.404048 0.376388 0.410131 0.384554 0.404944 0.376388 0.410131 0.376388 0.404048 0.384554 0.404944 0.383561 0.410946 0.376388 0.410131 0.384554 0.404944 0.393299 0.413031 0.383561 0.410946 0.384554 0.404944 0.395598 0.407399 0.393299 0.413031 0.395598 0.407399 0.396725 0.41486 0.393299 0.413031 0.395598 0.407399 0.40147 0.411053 0.396725 0.41486 0.403764 0.417578 0.396725 0.41486 0.40147 0.411053 0.403764 0.417578 0.397767 0.418601 0.396725 0.41486 0.403764 0.417578 0.397767 0.582329 0.397767 0.418601 0.403764 0.417578 0.403764 0.583352 0.397767 0.582329 0.403764 0.583352 0.396725 0.58607 0.397767 0.582329 0.403764 0.583352 0.40147 0.589877 0.396725 0.58607 0.395598 0.593531 0.396725 0.58607 0.40147 0.589877 0.395598 0.593531 0.393299 0.587899 0.396725 0.58607 0.384554 0.595986 0.393299 0.587899 0.395598 0.593531 0.384554 0.595986 0.383561 0.589984 0.393299 0.587899 0.384554 0.595986 0.376388 0.590799 0.383561 0.589984 0.384554 0.595986 0.376388 0.596882 0.376388 0.590799 0.368223 0.595986 0.376388 0.590799 0.376388 0.596882 0.877668 0.892506 0.888916 0.895028 0.922677 0.891906 0.888916 0.895028 0.909173 0.895028 0.922677 0.891906 0.888916 0.895028 0.899045 0.896084 0.909173 0.895028 0.871669 0.870387 0.865586 0.906888 0.877668 0.892506 0.873963 0.876912 0.871669 0.870387 0.877668 0.892506 0.879835 0.880566 0.873963 0.876912 0.877668 0.892506 0.890879 0.883021 0.879835 0.880566 0.877668 0.892506 0.890879 0.883021 0.877668 0.892506 0.922677 0.891906 0.899045 0.883917 0.890879 0.883021 0.922677 0.891906 0.90721 0.883021 0.899045 0.883917 0.922677 0.891906 0.918255 0.880566 0.90721 0.883021 0.922677 0.891906 0.924127 0.876912 0.918255 0.880566 0.922677 0.891906 0.92642 0.870387 0.924127 0.876912 0.922677 0.891906 0.92642 0.870387 0.922677 0.891906 0.938329 0.835924 0.922677 0.891906 0.93844 0.87229 0.938329 0.835924 0.922677 0.891906 0.933617 0.884525 0.93844 0.87229 0.871669 0.870387 0.865586 0.668112 0.865586 0.906888 0.871669 0.870387 0.871669 0.704613 0.865586 0.668112 0.871669 0.704613 0.873963 0.698088 0.865586 0.668112 0.899045 0.678916 0.888916 0.679972 0.890879 0.691979 0.888916 0.679972 0.877668 0.682494 0.890879 0.691979 0.877668 0.682494 0.879835 0.694434 0.890879 0.691979 0.873963 0.698088 0.879835 0.694434 0.877668 0.682494 0.873963 0.698088 0.877668 0.682494 0.877611 0.666245 0.873963 0.698088 0.877611 0.666245 0.865586 0.668112 0.877611 0.666245 0.863317 0.661519 0.865586 0.668112 0.877611 0.666245 0.857471 0.657719 0.863317 0.661519 0.877611 0.666245 0.872907 0.654031 0.857471 0.657719 0.872907 0.654031 0.862151 0.646483 0.857471 0.657719 0.862151 0.646483 0.849367 0.655693 0.857471 0.657719 0.862151 0.646483 0.851565 0.643726 0.849367 0.655693 0.851565 0.643726 0.841252 0.654694 0.849367 0.655693 0.841252 0.654694 0.851565 0.643726 0.841252 0.642527 0.841252 0.654694 0.841252 0.642527 0.830939 0.643726 0.833137 0.655693 0.841252 0.654694 0.830939 0.643726 0.833137 0.655693 0.830939 0.643726 0.820352 0.646483 0.825033 0.657719 0.833137 0.655693 0.820352 0.646483 0.805001 0.830822 0.804893 0.908755 0.816918 0.906888 0.804893 0.908755 0.819187 0.913481 0.816918 0.906888 0.804893 0.908755 0.809597 0.920969 0.819187 0.913481 0.819187 0.913481 0.809597 0.920969 0.820352 0.928517 0.825033 0.917281 0.819187 0.913481 0.820352 0.928517 0.825033 0.917281 0.820352 0.928517 0.830939 0.931274 0.833137 0.919307 0.825033 0.917281 0.830939 0.931274 0.833137 0.919307 0.830939 0.931274 0.841252 0.932473 0.841252 0.920306 0.833137 0.919307 0.841252 0.932473 0.841252 0.920306 0.841252 0.932473 0.851565 0.931274 0.849367 0.919307 0.841252 0.920306 0.851565 0.931274 0.849367 0.919307 0.851565 0.931274 0.862151 0.928517 0.857471 0.917281 0.849367 0.919307 0.862151 0.928517 0.857471 0.917281 0.862151 0.928517 0.872907 0.920969 0.857471 0.917281 0.872907 0.920969 0.877611 0.908755 0.863317 0.913481 0.857471 0.917281 0.877611 0.908755 0.865586 0.906888 0.863317 0.913481 0.877611 0.908755 0.865586 0.906888 0.877611 0.908755 0.877668 0.892506 0.805001 0.256678 0.701082 0.250594 0.798918 0.250594 0.805001 0.256678 0.694999 0.256678 0.701082 0.250594 0.694999 0.343322 0.798918 0.349406 0.701082 0.349406 0.694999 0.343322 0.805001 0.343322 0.798918 0.349406 0.105675 0.415334 0.105675 0.415334 0.105675 0.581108 0.103381 0.408809 0.105675 0.415334 0.105675 0.415334 0.103381 0.408809 0.103381 0.408809 0.105675 0.415334 0.09750896 0.405155 0.103381 0.408809 0.103381 0.408809 0.09750896 0.405155 0.09750896 0.405155 0.103381 0.408809 0.086465 0.4027 0.09750896 0.405155 0.09750896 0.405155 0.086465 0.4027 0.086465 0.4027 0.09750896 0.405155 0.07829898 0.401804 0.086465 0.4027 0.086465 0.4027 0.07829898 0.401804 0.07829898 0.401804 0.086465 0.4027 0.07013297 0.4027 0.07829898 0.401804 0.07829898 0.401804 0.07013297 0.4027 0.07013297 0.4027 0.07829898 0.401804 0.059089 0.405155 0.07013297 0.4027 0.07013297 0.4027 0.059089 0.405155 0.059089 0.405155 0.07013297 0.4027 0.05321699 0.408809 0.059089 0.405155 0.059089 0.405155 0.05321699 0.408809 0.05321699 0.408809 0.059089 0.405155 0.050924 0.415334 0.05321699 0.408809 0.05321699 0.408809 0.050924 0.415334 0.050924 0.415334 0.05321699 0.408809 0.050924 0.581108 0.050924 0.415334 0.050924 0.415334 0.050924 0.581108 0.050924 0.581108 0.050924 0.415334 0.05321699 0.587633 0.050924 0.581108 0.050924 0.581108 0.05321699 0.587633 0.05321699 0.587633 0.050924 0.581108 0.059089 0.591287 0.05321699 0.587633 0.05321699 0.587633 0.059089 0.591287 0.059089 0.591287 0.05321699 0.587633 0.07013297 0.593742 0.059089 0.591287 0.059089 0.591287 0.07013297 0.593742 0.07013297 0.593742 0.059089 0.591287 0.07829898 0.594638 0.07013297 0.593742 0.07013297 0.593742 0.07829898 0.594638 0.07829898 0.594638 0.07013297 0.593742 0.086465 0.593742 0.07829898 0.594638 0.07829898 0.594638 0.086465 0.593742 0.086465 0.593742 0.07829898 0.594638 0.09750896 0.591287 0.086465 0.593742 0.086465 0.593742 0.09750896 0.591287 0.09750896 0.591287 0.086465 0.593742 0.103381 0.587633 0.09750896 0.591287 0.09750896 0.591287 0.103381 0.587633 0.103381 0.587633 0.09750896 0.591287 0.105675 0.581108 0.103381 0.587633 0.103381 0.587633 0.105675 0.581108 0.105675 0.581108 0.103381 0.587633 0.105675 0.415334 0.105675 0.581108 0.105675 0.581108 0.114027 0.624202 0.114027 0.624202 0.111758 0.617609 0.119873 0.628002 0.114027 0.624202 0.114027 0.624202 0.119873 0.628002 0.119873 0.628002 0.114027 0.624202 0.127977 0.630028 0.119873 0.628002 0.119873 0.628002 0.127977 0.630028 0.127977 0.630028 0.119873 0.628002 0.136092 0.631027 0.127977 0.630028 0.127977 0.630028 0.136092 0.631027 0.136092 0.631027 0.127977 0.630028 0.144207 0.630028 0.136092 0.631027 0.136092 0.631027 0.144207 0.630028 0.144207 0.630028 0.136092 0.631027 0.152311 0.628002 0.144207 0.630028 0.144207 0.630028 0.152311 0.628002 0.152311 0.628002 0.144207 0.630028 0.158157 0.624202 0.152311 0.628002 0.152311 0.628002 0.158157 0.624202 0.158157 0.624202 0.152311 0.628002 0.160426 0.617609 0.158157 0.624202 0.158157 0.624202 0.160426 0.617609 0.160426 0.617609 0.158157 0.624202 0.160426 0.378833 0.160426 0.617609 0.160426 0.617609 0.160426 0.378833 0.160426 0.378833 0.160426 0.617609 0.158157 0.37224 0.160426 0.378833 0.160426 0.378833 0.158157 0.37224 0.158157 0.37224 0.160426 0.378833 0.152311 0.36844 0.158157 0.37224 0.158157 0.37224 0.152311 0.36844 0.152311 0.36844 0.158157 0.37224 0.144207 0.366414 0.152311 0.36844 0.152311 0.36844 0.144207 0.366414 0.144207 0.366414 0.152311 0.36844 0.136092 0.365415 0.144207 0.366414 0.144207 0.366414 0.136092 0.365415 0.136092 0.365415 0.144207 0.366414 0.127977 0.366414 0.136092 0.365415 0.136092 0.365415 0.127977 0.366414 0.127977 0.366414 0.136092 0.365415 0.119873 0.36844 0.127977 0.366414 0.127977 0.366414 0.119873 0.36844 0.119873 0.36844 0.127977 0.366414 0.114027 0.37224 0.119873 0.36844 0.119873 0.36844 0.114027 0.37224 0.114027 0.37224 0.119873 0.36844 0.111758 0.378833 0.114027 0.37224 0.114027 0.37224 0.111758 0.378833 0.111758 0.378833 0.114027 0.37224 0.111758 0.617609 0.111758 0.378833 0.111758 0.378833 0.111758 0.617609 0.111758 0.617609 0.111758 0.378833 0.114027 0.624202 0.111758 0.617609 0.111758 0.617609 0.986083 0.2421309 0.985753 0.285906 0.963869 0.285743 0.986083 0.2421309 0.963869 0.285743 0.964189 0.24197 0.964189 0.24197 0.986157 0.232567 0.986083 0.2421309 0.964189 0.24197 0.964255 0.232408 0.986157 0.232567 0.964255 0.232408 0.98623 0.222998 0.986157 0.232567 0.964255 0.232408 0.96432 0.222843 0.98623 0.222998 0.96432 0.222843 0.986286 0.215503 0.98623 0.222998 0.96432 0.222843 0.964369 0.21535 0.986286 0.215503 0.964369 0.21535 0.986338 0.208581 0.986286 0.215503 0.964369 0.21535 0.964413 0.208431 0.986338 0.208581 0.964413 0.208431 0.986387 0.2016569 0.986338 0.208581 0.964413 0.208431 0.964457 0.20151 0.986387 0.2016569 0.964457 0.20151 0.98644 0.194153 0.986387 0.2016569 0.964457 0.20151 0.964503 0.19401 0.98644 0.194153 0.964503 0.19401 0.986505 0.18457 0.98644 0.194153 0.964503 0.19401 0.964561 0.184431 0.986505 0.18457 0.964561 0.184431 0.986568 0.174983 0.986505 0.18457 0.964561 0.184431 0.964618 0.174849 0.986568 0.174983 0.986607 0.169028 0.986568 0.174983 0.964618 0.174849 0.986607 0.169028 0.964618 0.174849 0.964651 0.168896 0.9625 0.52378 0.984227 0.50524 0.984165 0.523827 0.9625 0.52378 0.962538 0.505174 0.984227 0.50524 0.962538 0.505174 0.984268 0.4957 0.984227 0.50524 0.962538 0.505174 0.962561 0.495623 0.984268 0.4957 0.962561 0.495623 0.984314 0.486153 0.984268 0.4957 0.962561 0.495623 0.962591 0.486063 0.984314 0.486153 0.962591 0.486063 0.984363 0.477 0.984314 0.486153 0.962591 0.486063 0.962623 0.4769 0.984363 0.477 0.962623 0.4769 0.984401 0.470328 0.984363 0.477 0.962623 0.4769 0.962649 0.470221 0.984401 0.470328 0.962649 0.470221 0.984441 0.463653 0.984401 0.470328 0.962649 0.470221 0.962677 0.463539 0.984441 0.463653 0.984458 0.46101 0.984441 0.463653 0.962677 0.463539 0.984458 0.46101 0.962677 0.463539 0.962689 0.460893 0.962494 0.530581 0.984163 0.524366 0.984145 0.530617 0.962494 0.530581 0.962499 0.524319 0.984163 0.524366 0.984165 0.523827 0.984163 0.524366 0.962499 0.524319 0.984165 0.523827 0.962499 0.524319 0.9625 0.52378 0.984127 0.608014 0.984127 0.60855 0.962567 0.608599 0.984127 0.608014 0.962567 0.608599 0.962565 0.608062 0.962565 0.608062 0.984118 0.601788 0.984127 0.608014 0.962565 0.608062 0.962549 0.601828 0.984118 0.601788 0.962549 0.601828 0.98411 0.594515 0.984118 0.601788 0.962549 0.601828 0.962532 0.594546 0.98411 0.594515 0.962532 0.594546 0.984106 0.58724 0.98411 0.594515 0.962532 0.594546 0.962519 0.587261 0.984106 0.58724 0.962519 0.587261 0.984105 0.581007 0.984106 0.58724 0.962519 0.587261 0.96251 0.581019 0.984105 0.581007 0.96251 0.581019 0.984107 0.551444 0.984105 0.581007 0.96251 0.581019 0.962494 0.55144 0.984107 0.551444 0.962494 0.55144 0.984116 0.545203 0.984107 0.551444 0.962494 0.55144 0.962491 0.54519 0.984116 0.545203 0.962491 0.54519 0.984128 0.537912 0.984116 0.545203 0.962491 0.54519 0.962491 0.537888 0.984128 0.537912 0.962491 0.537888 0.984145 0.530617 0.984128 0.537912 0.962491 0.537888 0.962494 0.530581 0.984145 0.530617 0.985803 0.842257 0.964879 0.885204 0.964435 0.842475 0.985803 0.842257 0.986245 0.884982 0.964879 0.885204 0.964978 0.894536 0.964879 0.885204 0.986245 0.884982 0.964978 0.894536 0.986245 0.884982 0.986343 0.89431 0.965078 0.903867 0.964978 0.894536 0.986343 0.89431 0.965078 0.903867 0.986343 0.89431 0.986443 0.903638 0.965156 0.911175 0.965078 0.903867 0.986443 0.903638 0.965156 0.911175 0.986443 0.903638 0.986522 0.910944 0.965228 0.917921 0.965156 0.911175 0.986522 0.910944 0.965228 0.917921 0.986522 0.910944 0.986596 0.917688 0.965302 0.924667 0.965228 0.917921 0.986596 0.917688 0.965302 0.924667 0.986596 0.917688 0.986671 0.924433 0.965382 0.931976 0.965302 0.924667 0.986671 0.924433 0.965382 0.931976 0.986671 0.924433 0.986753 0.931741 0.965483 0.94131 0.965382 0.931976 0.986753 0.931741 0.965483 0.94131 0.986753 0.931741 0.986858 0.941074 0.965585 0.950644 0.965483 0.94131 0.986858 0.941074 0.965585 0.950644 0.986858 0.941074 0.986962 0.950408 0.986962 0.950408 0.965647 0.956443 0.965585 0.950644 0.986962 0.950408 0.987027 0.956206 0.965647 0.956443 0.962689 0.460893 0.984496 0.455107 0.984458 0.46101 0.962689 0.460893 0.962717 0.454984 0.984496 0.455107 0.962717 0.454984 0.984559 0.445596 0.984496 0.455107 0.962717 0.454984 0.962765 0.445466 0.984559 0.445596 0.962765 0.445466 0.984624 0.436079 0.984559 0.445596 0.962765 0.445466 0.962817 0.435942 0.984624 0.436079 0.962817 0.435942 0.984677 0.428621 0.984624 0.436079 0.962817 0.435942 0.96286 0.428479 0.984677 0.428621 0.96286 0.428479 0.984727 0.421733 0.984677 0.428621 0.96286 0.428479 0.9629 0.421587 0.984727 0.421733 0.9629 0.421587 0.984779 0.414842 0.984727 0.421733 0.9629 0.421587 0.962943 0.414693 0.984779 0.414842 0.962943 0.414693 0.984835 0.407374 0.984779 0.414842 0.962943 0.414693 0.962991 0.407222 0.984835 0.407374 0.962991 0.407222 0.984908 0.397834 0.984835 0.407374 0.962991 0.407222 0.963053 0.397678 0.984908 0.397834 0.963053 0.397678 0.984983 0.388289 0.984908 0.397834 0.963053 0.397678 0.963117 0.388129 0.984983 0.388289 0.985312 0.344553 0.984983 0.388289 0.963117 0.388129 0.985312 0.344553 0.963117 0.388129 0.963436 0.344391 0.98431 0.668225 0.984322 0.670833 0.962836 0.670952 0.98431 0.668225 0.962836 0.670952 0.962819 0.66834 0.962819 0.66834 0.984281 0.661631 0.98431 0.668225 0.962819 0.66834 0.96278 0.661737 0.984281 0.661631 0.96278 0.661737 0.984255 0.655034 0.984281 0.661631 0.96278 0.661737 0.962744 0.655131 0.984255 0.655034 0.962744 0.655131 0.984223 0.645971 0.984255 0.655034 0.962744 0.655131 0.962699 0.646057 0.984223 0.645971 0.962699 0.646057 0.984193 0.636505 0.984223 0.645971 0.962699 0.646057 0.962658 0.63658 0.984193 0.636505 0.962658 0.63658 0.984169 0.627034 0.984193 0.636505 0.962658 0.63658 0.962622 0.627098 0.984169 0.627034 0.962622 0.627098 0.984127 0.60855 0.984169 0.627034 0.962622 0.627098 0.962567 0.608599 0.984127 0.60855 0.877611 0.666245 0.877668 0.682494 0.883586 0.675001 0.877611 0.666245 0.883586 0.675001 0.883586 0.665101 0.883586 0.665101 0.872907 0.654031 0.877611 0.666245 0.883586 0.665101 0.877702 0.650288 0.872907 0.654031 0.864757 0.640986 0.872907 0.654031 0.877702 0.650288 0.864757 0.640986 0.862151 0.646483 0.872907 0.654031 0.852701 0.637749 0.862151 0.646483 0.864757 0.640986 0.852701 0.637749 0.851565 0.643726 0.862151 0.646483 0.852701 0.637749 0.841252 0.642527 0.851565 0.643726 0.852701 0.637749 0.841252 0.636443 0.841252 0.642527 0.829802 0.637749 0.841252 0.642527 0.841252 0.636443 0.829802 0.637749 0.830939 0.643726 0.841252 0.642527 0.829802 0.637749 0.820352 0.646483 0.830939 0.643726 0.829802 0.637749 0.817746 0.640986 0.820352 0.646483 0.817746 0.640986 0.809597 0.654031 0.820352 0.646483 0.817746 0.640986 0.804802 0.650288 0.809597 0.654031 0.798918 0.665101 0.809597 0.654031 0.804802 0.650288 0.798918 0.665101 0.804893 0.666245 0.809597 0.654031 0.804893 0.666245 0.798918 0.665101 0.798918 0.738094 0.804893 0.666245 0.798918 0.738094 0.805001 0.744178 0.02872097 0.533709 0.02440398 0.530824 0.02440398 0.530824 0.02872097 0.533709 0.02872097 0.533709 0.02440398 0.530824 0.03381395 0.534722 0.02872097 0.533709 0.02872097 0.533709 0.03381395 0.534722 0.03381395 0.534722 0.02872097 0.533709 0.040277 0.534722 0.03381395 0.534722 0.03381395 0.534722 0.040277 0.534722 0.040277 0.534722 0.03381395 0.534722 0.040277 0.534722 0.040277 0.534722 0.04350399 0.533385 0.040277 0.534722 0.04350399 0.533385 0.04350399 0.533385 0.040277 0.46172 0.04350399 0.463057 0.04350399 0.463057 0.040277 0.46172 0.040277 0.46172 0.04350399 0.463057 0.040277 0.46172 0.040277 0.46172 0.03381395 0.46172 0.040277 0.46172 0.03381395 0.46172 0.03381395 0.46172 0.02872097 0.462733 0.03381395 0.46172 0.03381395 0.46172 0.02872097 0.462733 0.02872097 0.462733 0.03381395 0.46172 0.02440398 0.465618 0.02872097 0.462733 0.02872097 0.462733 0.02440398 0.465618 0.02440398 0.465618 0.02872097 0.462733 0.021519 0.469935 0.02440398 0.465618 0.02440398 0.465618 0.021519 0.469935 0.021519 0.469935 0.02440398 0.465618 0.02050596 0.475028 0.021519 0.469935 0.021519 0.469935 0.02050596 0.475028 0.02050596 0.475028 0.021519 0.469935 0.02050596 0.521414 0.02050596 0.475028 0.02050596 0.475028 0.02050596 0.521414 0.02050596 0.521414 0.02050596 0.475028 0.021519 0.526507 0.02050596 0.521414 0.02050596 0.521414 0.021519 0.526507 0.021519 0.526507 0.02050596 0.521414 0.02440398 0.530824 0.021519 0.526507 0.021519 0.526507 0.02440398 0.530824 0.02440398 0.530824 0.021519 0.526507 0.425966 0.462733 0.430284 0.465618 0.430284 0.465618 0.425966 0.462733 0.425966 0.462733 0.430284 0.465618 0.420874 0.46172 0.425966 0.462733 0.425966 0.462733 0.420874 0.46172 0.420874 0.46172 0.425966 0.462733 0.420874 0.46172 0.420874 0.46172 0.41441 0.46172 0.420874 0.46172 0.41441 0.46172 0.41441 0.46172 0.41441 0.46172 0.41441 0.46172 0.411184 0.463057 0.41441 0.46172 0.411184 0.463057 0.411184 0.463057 0.411184 0.533385 0.411184 0.533385 0.41441 0.534722 0.411184 0.533385 0.41441 0.534722 0.41441 0.534722 0.41441 0.534722 0.41441 0.534722 0.420874 0.534722 0.41441 0.534722 0.420874 0.534722 0.420874 0.534722 0.425966 0.533709 0.420874 0.534722 0.420874 0.534722 0.425966 0.533709 0.425966 0.533709 0.420874 0.534722 0.430284 0.530824 0.425966 0.533709 0.425966 0.533709 0.430284 0.530824 0.430284 0.530824 0.425966 0.533709 0.433168 0.526507 0.430284 0.530824 0.430284 0.530824 0.433168 0.526507 0.433168 0.526507 0.430284 0.530824 0.434181 0.521414 0.433168 0.526507 0.433168 0.526507 0.434181 0.521414 0.434181 0.521414 0.433168 0.526507 0.434181 0.475028 0.434181 0.521414 0.434181 0.521414 0.434181 0.475028 0.434181 0.475028 0.434181 0.521414 0.433168 0.469935 0.434181 0.475028 0.434181 0.475028 0.433168 0.469935 0.433168 0.469935 0.434181 0.475028 0.430284 0.465618 0.433168 0.469935 0.433168 0.469935 0.430284 0.465618 0.430284 0.465618 0.433168 0.469935 0.409847 0.466283 0.411184 0.463057 0.411184 0.463057 0.409847 0.466283 0.409847 0.466283 0.411184 0.463057 0.409847 0.466283 0.409847 0.466283 0.409847 0.530159 0.409847 0.466283 0.409847 0.530159 0.409847 0.530159 0.409847 0.530159 0.409847 0.530159 0.411184 0.533385 0.409847 0.530159 0.411184 0.533385 0.411184 0.533385 0.626037 0.876912 0.620165 0.880566 0.622332 0.892506 0.620165 0.880566 0.611084 0.895028 0.622332 0.892506 0.620165 0.880566 0.600955 0.896084 0.611084 0.895028 0.600955 0.896084 0.620165 0.880566 0.609121 0.883021 0.600955 0.896084 0.609121 0.883021 0.600955 0.883917 0.590827 0.895028 0.600955 0.896084 0.600955 0.883917 0.590827 0.895028 0.600955 0.883917 0.59279 0.883021 0.577323 0.891906 0.590827 0.895028 0.59279 0.883021 0.577323 0.891906 0.59279 0.883021 0.581745 0.880566 0.577323 0.891906 0.581745 0.880566 0.575873 0.876912 0.575873 0.876912 0.57358 0.870387 0.577323 0.891906 0.57358 0.870387 0.566383 0.884525 0.577323 0.891906 0.57358 0.870387 0.56156 0.87229 0.566383 0.884525 0.57358 0.870387 0.561671 0.835924 0.56156 0.87229 0.59279 0.691979 0.590827 0.679972 0.577323 0.683094 0.581745 0.694434 0.59279 0.691979 0.577323 0.683094 0.581745 0.694434 0.577323 0.683094 0.566383 0.690475 0.581745 0.694434 0.566383 0.690475 0.56156 0.70271 0.575873 0.698088 0.581745 0.694434 0.56156 0.70271 0.57358 0.704613 0.575873 0.698088 0.56156 0.70271 0.57358 0.704613 0.56156 0.70271 0.56616 0.752336 0.57358 0.704613 0.56616 0.752336 0.567496 0.755562 0.567496 0.755562 0.57358 0.870387 0.57358 0.704613 0.57358 0.870387 0.567496 0.755562 0.567496 0.819438 0.567496 0.819438 0.56616 0.822664 0.57358 0.870387 0.56616 0.822664 0.561671 0.835924 0.57358 0.870387 0.56616 0.822664 0.562934 0.824001 0.561671 0.835924 0.562934 0.824001 0.55647 0.824001 0.561671 0.835924 0.55647 0.824001 0.555286 0.83611 0.561671 0.835924 0.55647 0.824001 0.551377 0.822988 0.555286 0.83611 0.551377 0.822988 0.546791 0.834258 0.555286 0.83611 0.551377 0.822988 0.538457 0.828706 0.546791 0.834258 0.551377 0.822988 0.532905 0.820372 0.538457 0.828706 0.531046 0.81181 0.532905 0.820372 0.551377 0.822988 0.551377 0.822988 0.54706 0.820103 0.531046 0.81181 0.54706 0.820103 0.544175 0.815786 0.531046 0.81181 0.544175 0.815786 0.543162 0.810693 0.531046 0.81181 0.543162 0.810693 0.531046 0.76319 0.531046 0.81181 0.531046 0.76319 0.543162 0.810693 0.543162 0.764307 0.532905 0.754628 0.531046 0.76319 0.543162 0.764307 0.532905 0.754628 0.543162 0.764307 0.544175 0.759214 0.532905 0.754628 0.544175 0.759214 0.54706 0.754897 0.532905 0.754628 0.54706 0.754897 0.551377 0.752012 0.551377 0.752012 0.55647 0.750999 0.532905 0.754628 0.55647 0.750999 0.538457 0.746294 0.532905 0.754628 0.55647 0.750999 0.546791 0.740742 0.538457 0.746294 0.55647 0.750999 0.555286 0.73889 0.546791 0.740742 0.55647 0.750999 0.561671 0.739076 0.555286 0.73889 0.55647 0.750999 0.562934 0.750999 0.561671 0.739076 0.561671 0.739076 0.562934 0.750999 0.56616 0.752336 0.56156 0.70271 0.561671 0.739076 0.56616 0.752336 0.611084 0.895028 0.616414 0.899999 0.622332 0.892506 0.611084 0.895028 0.612101 0.901026 0.616414 0.899999 0.612101 0.901026 0.611084 0.895028 0.600955 0.896084 0.612101 0.901026 0.600955 0.896084 0.600955 0.902167 0.58981 0.901026 0.600955 0.902167 0.600955 0.896084 0.58981 0.901026 0.600955 0.896084 0.590827 0.895028 0.58981 0.901026 0.590827 0.895028 0.577323 0.891906 0.58981 0.901026 0.577323 0.891906 0.574846 0.897462 0.574846 0.897462 0.577323 0.891906 0.566383 0.884525 0.574846 0.897462 0.566383 0.884525 0.561637 0.888332 0.555589 0.873457 0.561637 0.888332 0.566383 0.884525 0.555589 0.873457 0.566383 0.884525 0.56156 0.87229 0.555589 0.842143 0.555589 0.873457 0.56156 0.87229 0.555589 0.842143 0.56156 0.87229 0.561671 0.835924 0.555589 0.732857 0.555286 0.73889 0.561671 0.739076 0.555589 0.732857 0.554681 0.732837 0.555286 0.73889 0.554681 0.732837 0.546791 0.740742 0.555286 0.73889 0.554681 0.732837 0.544393 0.735151 0.546791 0.740742 0.544393 0.735151 0.538457 0.746294 0.546791 0.740742 0.544393 0.735151 0.534155 0.741992 0.538457 0.746294 0.527314 0.75223 0.538457 0.746294 0.534155 0.741992 0.527314 0.75223 0.532905 0.754628 0.538457 0.746294 0.525 0.762518 0.532905 0.754628 0.527314 0.75223 0.525 0.762518 0.531046 0.76319 0.532905 0.754628 0.531046 0.81181 0.531046 0.76319 0.525 0.762518 0.531046 0.81181 0.525 0.762518 0.525 0.812482 0.525 0.812482 0.532905 0.820372 0.531046 0.81181 0.525 0.812482 0.527314 0.82277 0.532905 0.820372 0.527314 0.82277 0.538457 0.828706 0.532905 0.820372 0.527314 0.82277 0.534155 0.833008 0.538457 0.828706 0.544393 0.839849 0.538457 0.828706 0.534155 0.833008 0.544393 0.839849 0.546791 0.834258 0.538457 0.828706 0.554681 0.842163 0.546791 0.834258 0.544393 0.839849 0.554681 0.842163 0.555286 0.83611 0.546791 0.834258 0.555286 0.83611 0.554681 0.842163 0.555589 0.842143 0.555286 0.83611 0.555589 0.842143 0.561671 0.835924 0.695107 0.908755 0.701082 0.836906 0.694999 0.830822 0.695107 0.908755 0.701082 0.909899 0.701082 0.836906 0.701082 0.909899 0.695107 0.908755 0.690403 0.920969 0.701082 0.909899 0.690403 0.920969 0.695198 0.924712 0.682254 0.934014 0.695198 0.924712 0.690403 0.920969 0.682254 0.934014 0.690403 0.920969 0.679648 0.928517 0.670198 0.93725 0.682254 0.934014 0.679648 0.928517 0.670198 0.93725 0.679648 0.928517 0.669061 0.931274 0.670198 0.93725 0.669061 0.931274 0.658748 0.932473 0.670198 0.93725 0.658748 0.932473 0.658748 0.938557 0.647299 0.93725 0.658748 0.938557 0.658748 0.932473 0.647299 0.93725 0.658748 0.932473 0.648435 0.931274 0.647299 0.93725 0.648435 0.931274 0.637849 0.928517 0.647299 0.93725 0.637849 0.928517 0.635243 0.934014 0.635243 0.934014 0.637849 0.928517 0.627093 0.920969 0.635243 0.934014 0.627093 0.920969 0.622298 0.924712 0.616414 0.909899 0.622298 0.924712 0.627093 0.920969 0.616414 0.909899 0.627093 0.920969 0.622389 0.908755 0.622389 0.908755 0.616414 0.899999 0.616414 0.909899 0.622389 0.908755 0.622332 0.892506 0.616414 0.899999 0.945319 0.732837 0.953209 0.740742 0.955607 0.735151 0.945319 0.732837 0.944714 0.73889 0.953209 0.740742 0.944714 0.73889 0.945319 0.732837 0.944411 0.732857 0.944714 0.73889 0.944411 0.732857 0.938329 0.739076 0.944411 0.842143 0.944714 0.83611 0.938329 0.835924 0.944411 0.842143 0.945319 0.842163 0.944714 0.83611 0.945319 0.842163 0.953209 0.834258 0.944714 0.83611 0.945319 0.842163 0.955607 0.839849 0.953209 0.834258 0.955607 0.839849 0.961543 0.828706 0.953209 0.834258 0.955607 0.839849 0.965845 0.833008 0.961543 0.828706 0.972686 0.82277 0.961543 0.828706 0.965845 0.833008 0.972686 0.82277 0.967095 0.820372 0.961543 0.828706 0.975 0.812482 0.967095 0.820372 0.972686 0.82277 0.975 0.812482 0.968954 0.81181 0.967095 0.820372 0.975 0.762518 0.968954 0.81181 0.975 0.812482 0.975 0.762518 0.968954 0.76319 0.968954 0.81181 0.975 0.762518 0.967095 0.754628 0.968954 0.76319 0.975 0.762518 0.972686 0.75223 0.967095 0.754628 0.972686 0.75223 0.961543 0.746294 0.967095 0.754628 0.972686 0.75223 0.965845 0.741992 0.961543 0.746294 0.955607 0.735151 0.961543 0.746294 0.965845 0.741992 0.955607 0.735151 0.953209 0.740742 0.961543 0.746294 0.888916 0.895028 0.877668 0.892506 0.883586 0.899999 0.888916 0.895028 0.883586 0.899999 0.887899 0.901026 0.887899 0.901026 0.899045 0.896084 0.888916 0.895028 0.887899 0.901026 0.899045 0.902167 0.899045 0.896084 0.91019 0.901026 0.899045 0.896084 0.899045 0.902167 0.91019 0.901026 0.909173 0.895028 0.899045 0.896084 0.91019 0.901026 0.922677 0.891906 0.909173 0.895028 0.91019 0.901026 0.925154 0.897462 0.922677 0.891906 0.925154 0.897462 0.933617 0.884525 0.922677 0.891906 0.925154 0.897462 0.938363 0.888332 0.933617 0.884525 0.944411 0.873457 0.933617 0.884525 0.938363 0.888332 0.944411 0.873457 0.93844 0.87229 0.933617 0.884525 0.93844 0.87229 0.944411 0.873457 0.944411 0.842143 0.93844 0.87229 0.944411 0.842143 0.938329 0.835924 0.888916 0.679972 0.883586 0.675001 0.877668 0.682494 0.888916 0.679972 0.887899 0.673974 0.883586 0.675001 0.887899 0.673974 0.888916 0.679972 0.899045 0.678916 0.887899 0.673974 0.899045 0.678916 0.899045 0.672832 0.91019 0.673974 0.899045 0.672832 0.899045 0.678916 0.91019 0.673974 0.899045 0.678916 0.909173 0.679972 0.91019 0.673974 0.909173 0.679972 0.922677 0.683094 0.91019 0.673974 0.922677 0.683094 0.925154 0.677538 0.925154 0.677538 0.922677 0.683094 0.933617 0.690475 0.925154 0.677538 0.933617 0.690475 0.938363 0.686668 0.944411 0.701543 0.938363 0.686668 0.933617 0.690475 0.944411 0.701543 0.933617 0.690475 0.93844 0.70271 0.944411 0.732857 0.944411 0.701543 0.93844 0.70271 0.944411 0.732857 0.93844 0.70271 0.938329 0.739076 0.701082 0.738094 0.695107 0.666245 0.694999 0.744178 0.701082 0.738094 0.701082 0.665101 0.695107 0.666245 0.701082 0.665101 0.690403 0.654031 0.695107 0.666245 0.701082 0.665101 0.695198 0.650288 0.690403 0.654031 0.682254 0.640986 0.690403 0.654031 0.695198 0.650288 0.682254 0.640986 0.679648 0.646483 0.690403 0.654031 0.670198 0.637749 0.679648 0.646483 0.682254 0.640986 0.670198 0.637749 0.669061 0.643726 0.679648 0.646483 0.670198 0.637749 0.658748 0.642527 0.669061 0.643726 0.670198 0.637749 0.658748 0.636443 0.658748 0.642527 0.647299 0.637749 0.658748 0.642527 0.658748 0.636443 0.647299 0.637749 0.648435 0.643726 0.658748 0.642527 0.647299 0.637749 0.637849 0.646483 0.648435 0.643726 0.647299 0.637749 0.635243 0.640986 0.637849 0.646483 0.635243 0.640986 0.627093 0.654031 0.637849 0.646483 0.635243 0.640986 0.622298 0.650288 0.627093 0.654031 0.616414 0.665101 0.627093 0.654031 0.622298 0.650288 0.616414 0.665101 0.622389 0.666245 0.627093 0.654031 0.622389 0.666245 0.616414 0.665101 0.616414 0.675001 0.622389 0.666245 0.616414 0.675001 0.622332 0.682494 0.695107 0.178745 0.701082 0.250594 0.694999 0.256678 0.695107 0.178745 0.701082 0.177601 0.701082 0.250594 0.701082 0.177601 0.695107 0.178745 0.690403 0.166531 0.701082 0.177601 0.690403 0.166531 0.695198 0.162787 0.682254 0.153486 0.695198 0.162787 0.690403 0.166531 0.682254 0.153486 0.690403 0.166531 0.679648 0.158983 0.670198 0.150249 0.682254 0.153486 0.679648 0.158983 0.670198 0.150249 0.679648 0.158983 0.669061 0.156226 0.670198 0.150249 0.669061 0.156226 0.658748 0.155027 0.670198 0.150249 0.658748 0.155027 0.658748 0.148943 0.647299 0.150249 0.658748 0.148943 0.658748 0.155027 0.647299 0.150249 0.658748 0.155027 0.648435 0.156226 0.647299 0.150249 0.648435 0.156226 0.637849 0.158983 0.647299 0.150249 0.637849 0.158983 0.635243 0.153486 0.635243 0.153486 0.637849 0.158983 0.627093 0.166531 0.635243 0.153486 0.627093 0.166531 0.622298 0.162787 0.616414 0.177601 0.622298 0.162787 0.627093 0.166531 0.616414 0.177601 0.627093 0.166531 0.622389 0.178745 0.622389 0.178745 0.616414 0.187501 0.616414 0.177601 0.622389 0.178745 0.622332 0.194994 0.616414 0.187501 0.56156 0.38479 0.555589 0.354643 0.561671 0.348424 0.56156 0.38479 0.555589 0.385957 0.555589 0.354643 0.555589 0.385957 0.56156 0.38479 0.566383 0.397025 0.555589 0.385957 0.566383 0.397025 0.561637 0.400832 0.574846 0.409962 0.561637 0.400832 0.566383 0.397025 0.574846 0.409962 0.566383 0.397025 0.577323 0.404406 0.58981 0.413526 0.574846 0.409962 0.577323 0.404406 0.58981 0.413526 0.577323 0.404406 0.590827 0.407528 0.58981 0.413526 0.590827 0.407528 0.600955 0.408584 0.58981 0.413526 0.600955 0.408584 0.600955 0.414667 0.612101 0.413526 0.600955 0.414667 0.600955 0.408584 0.612101 0.413526 0.600955 0.408584 0.611084 0.407528 0.611084 0.407528 0.616414 0.412499 0.612101 0.413526 0.611084 0.407528 0.622332 0.405006 0.616414 0.412499 0.622389 0.421255 0.616414 0.412499 0.622332 0.405006 0.622389 0.421255 0.616414 0.422399 0.616414 0.412499 0.616414 0.422399 0.622389 0.421255 0.627093 0.433469 0.616414 0.422399 0.627093 0.433469 0.622298 0.437212 0.635243 0.446514 0.622298 0.437212 0.627093 0.433469 0.635243 0.446514 0.627093 0.433469 0.637849 0.441017 0.647299 0.44975 0.635243 0.446514 0.637849 0.441017 0.647299 0.44975 0.637849 0.441017 0.648435 0.443774 0.647299 0.44975 0.648435 0.443774 0.658748 0.444973 0.647299 0.44975 0.658748 0.444973 0.658748 0.451057 0.670198 0.44975 0.658748 0.451057 0.658748 0.444973 0.670198 0.44975 0.658748 0.444973 0.669061 0.443774 0.670198 0.44975 0.669061 0.443774 0.679648 0.441017 0.670198 0.44975 0.679648 0.441017 0.682254 0.446514 0.682254 0.446514 0.679648 0.441017 0.690403 0.433469 0.682254 0.446514 0.690403 0.433469 0.695198 0.437212 0.701082 0.422399 0.695198 0.437212 0.690403 0.433469 0.701082 0.422399 0.690403 0.433469 0.695107 0.421255 0.701082 0.349406 0.701082 0.422399 0.695107 0.421255 0.701082 0.349406 0.695107 0.421255 0.694999 0.343322 0.798918 0.250594 0.804893 0.178745 0.805001 0.256678 0.798918 0.250594 0.798918 0.177601 0.804893 0.178745 0.798918 0.177601 0.809597 0.166531 0.804893 0.178745 0.798918 0.177601 0.804802 0.162787 0.809597 0.166531 0.817746 0.153486 0.809597 0.166531 0.804802 0.162787 0.817746 0.153486 0.820352 0.158983 0.809597 0.166531 0.829802 0.150249 0.820352 0.158983 0.817746 0.153486 0.829802 0.150249 0.830939 0.156226 0.820352 0.158983 0.829802 0.150249 0.841252 0.155027 0.830939 0.156226 0.829802 0.150249 0.841252 0.148943 0.841252 0.155027 0.852701 0.150249 0.841252 0.155027 0.841252 0.148943 0.852701 0.150249 0.851565 0.156226 0.841252 0.155027 0.852701 0.150249 0.862151 0.158983 0.851565 0.156226 0.852701 0.150249 0.864757 0.153486 0.862151 0.158983 0.864757 0.153486 0.872907 0.166531 0.862151 0.158983 0.864757 0.153486 0.877702 0.162787 0.872907 0.166531 0.883586 0.177601 0.872907 0.166531 0.877702 0.162787 0.883586 0.177601 0.877611 0.178745 0.872907 0.166531 0.877611 0.178745 0.883586 0.177601 0.883586 0.187501 0.877611 0.178745 0.883586 0.187501 0.877668 0.194994 0.554681 0.245337 0.546791 0.253242 0.544393 0.247651 0.554681 0.245337 0.555286 0.25139 0.546791 0.253242 0.555286 0.25139 0.554681 0.245337 0.555589 0.245357 0.555286 0.25139 0.555589 0.245357 0.561671 0.251576 0.555589 0.354643 0.555286 0.34861 0.561671 0.348424 0.555589 0.354643 0.554681 0.354663 0.555286 0.34861 0.554681 0.354663 0.546791 0.346758 0.555286 0.34861 0.554681 0.354663 0.544393 0.352349 0.546791 0.346758 0.544393 0.352349 0.538457 0.341206 0.546791 0.346758 0.544393 0.352349 0.534155 0.345508 0.538457 0.341206 0.527314 0.33527 0.538457 0.341206 0.534155 0.345508 0.527314 0.33527 0.532905 0.332872 0.538457 0.341206 0.525 0.324982 0.532905 0.332872 0.527314 0.33527 0.525 0.324982 0.531046 0.32431 0.532905 0.332872 0.525 0.275018 0.531046 0.32431 0.525 0.324982 0.525 0.275018 0.531046 0.27569 0.531046 0.32431 0.525 0.275018 0.532905 0.267128 0.531046 0.27569 0.525 0.275018 0.527314 0.26473 0.532905 0.267128 0.527314 0.26473 0.538457 0.258794 0.532905 0.267128 0.527314 0.26473 0.534155 0.254492 0.538457 0.258794 0.544393 0.247651 0.538457 0.258794 0.534155 0.254492 0.544393 0.247651 0.546791 0.253242 0.538457 0.258794 0.877611 0.421255 0.877668 0.405006 0.883586 0.412499 0.877611 0.421255 0.883586 0.412499 0.883586 0.422399 0.883586 0.422399 0.872907 0.433469 0.877611 0.421255 0.883586 0.422399 0.877702 0.437212 0.872907 0.433469 0.864757 0.446514 0.872907 0.433469 0.877702 0.437212 0.864757 0.446514 0.862151 0.441017 0.872907 0.433469 0.852701 0.44975 0.862151 0.441017 0.864757 0.446514 0.852701 0.44975 0.851565 0.443774 0.862151 0.441017 0.852701 0.44975 0.841252 0.444973 0.851565 0.443774 0.852701 0.44975 0.841252 0.451057 0.841252 0.444973 0.829802 0.44975 0.841252 0.444973 0.841252 0.451057 0.829802 0.44975 0.830939 0.443774 0.841252 0.444973 0.829802 0.44975 0.820352 0.441017 0.830939 0.443774 0.829802 0.44975 0.817746 0.446514 0.820352 0.441017 0.817746 0.446514 0.809597 0.433469 0.820352 0.441017 0.817746 0.446514 0.804802 0.437212 0.809597 0.433469 0.798918 0.422399 0.809597 0.433469 0.804802 0.437212 0.798918 0.422399 0.804893 0.421255 0.809597 0.433469 0.804893 0.421255 0.798918 0.422399 0.798918 0.349406 0.804893 0.421255 0.798918 0.349406 0.805001 0.343322 0.945319 0.354663 0.953209 0.346758 0.955607 0.352349 0.945319 0.354663 0.944714 0.34861 0.953209 0.346758 0.944714 0.34861 0.945319 0.354663 0.944411 0.354643 0.944714 0.34861 0.944411 0.354643 0.938329 0.348424 0.944411 0.245357 0.944714 0.25139 0.938329 0.251576 0.944411 0.245357 0.945319 0.245337 0.944714 0.25139 0.945319 0.245337 0.953209 0.253242 0.944714 0.25139 0.945319 0.245337 0.955607 0.247651 0.953209 0.253242 0.955607 0.247651 0.961543 0.258794 0.953209 0.253242 0.955607 0.247651 0.965845 0.254492 0.961543 0.258794 0.972686 0.26473 0.961543 0.258794 0.965845 0.254492 0.972686 0.26473 0.967095 0.267128 0.961543 0.258794 0.975 0.275018 0.967095 0.267128 0.972686 0.26473 0.975 0.275018 0.968954 0.27569 0.967095 0.267128 0.975 0.275018 0.968954 0.32431 0.968954 0.27569 0.975 0.275018 0.975 0.324982 0.968954 0.32431 0.975 0.324982 0.967095 0.332872 0.968954 0.32431 0.975 0.324982 0.972686 0.33527 0.967095 0.332872 0.972686 0.33527 0.961543 0.341206 0.967095 0.332872 0.972686 0.33527 0.965845 0.345508 0.961543 0.341206 0.955607 0.352349 0.961543 0.341206 0.965845 0.345508 0.955607 0.352349 0.953209 0.346758 0.961543 0.341206 0.555589 0.245357 0.56156 0.21521 0.561671 0.251576 0.555589 0.245357 0.555589 0.214043 0.56156 0.21521 0.555589 0.214043 0.566383 0.202975 0.56156 0.21521 0.555589 0.214043 0.561637 0.199168 0.566383 0.202975 0.574846 0.190038 0.566383 0.202975 0.561637 0.199168 0.574846 0.190038 0.577323 0.195594 0.566383 0.202975 0.58981 0.186474 0.577323 0.195594 0.574846 0.190038 0.58981 0.186474 0.590827 0.192472 0.577323 0.195594 0.58981 0.186474 0.600955 0.191416 0.590827 0.192472 0.58981 0.186474 0.600955 0.185333 0.600955 0.191416 0.612101 0.186474 0.600955 0.191416 0.600955 0.185333 0.612101 0.186474 0.611084 0.192472 0.600955 0.191416 0.611084 0.192472 0.612101 0.186474 0.616414 0.187501 0.611084 0.192472 0.616414 0.187501 0.622332 0.194994 0.105675 0.417578 0.105675 0.583352 0.105675 0.583352 0.105675 0.583352 0.103381 0.589877 0.105675 0.583352 0.105675 0.583352 0.103381 0.589877 0.103381 0.589877 0.103381 0.589877 0.09750896 0.593531 0.103381 0.589877 0.103381 0.589877 0.09750896 0.593531 0.09750896 0.593531 0.09750896 0.593531 0.086465 0.595986 0.09750896 0.593531 0.09750896 0.593531 0.086465 0.595986 0.086465 0.595986 0.086465 0.595986 0.07829898 0.596882 0.086465 0.595986 0.086465 0.595986 0.07829898 0.596882 0.07829898 0.596882 0.07829898 0.596882 0.07013297 0.595986 0.07829898 0.596882 0.07829898 0.596882 0.07013297 0.595986 0.07013297 0.595986 0.07013297 0.595986 0.059089 0.593531 0.07013297 0.595986 0.07013297 0.595986 0.059089 0.593531 0.059089 0.593531 0.059089 0.593531 0.05321699 0.589877 0.059089 0.593531 0.059089 0.593531 0.05321699 0.589877 0.05321699 0.589877 0.05321699 0.589877 0.050924 0.583352 0.05321699 0.589877 0.05321699 0.589877 0.050924 0.583352 0.050924 0.583352 0.050924 0.583352 0.050924 0.417578 0.050924 0.583352 0.050924 0.583352 0.050924 0.417578 0.050924 0.417578 0.050924 0.417578 0.05321699 0.411053 0.050924 0.417578 0.050924 0.417578 0.05321699 0.411053 0.05321699 0.411053 0.05321699 0.411053 0.059089 0.407399 0.05321699 0.411053 0.05321699 0.411053 0.059089 0.407399 0.059089 0.407399 0.059089 0.407399 0.07013297 0.404944 0.059089 0.407399 0.059089 0.407399 0.07013297 0.404944 0.07013297 0.404944 0.07013297 0.404944 0.07829898 0.404048 0.07013297 0.404944 0.07013297 0.404944 0.07829898 0.404048 0.07829898 0.404048 0.07829898 0.404048 0.086465 0.404944 0.07829898 0.404048 0.07829898 0.404048 0.086465 0.404944 0.086465 0.404944 0.086465 0.404944 0.09750896 0.407399 0.086465 0.404944 0.086465 0.404944 0.09750896 0.407399 0.09750896 0.407399 0.09750896 0.407399 0.103381 0.411053 0.09750896 0.407399 0.09750896 0.407399 0.103381 0.411053 0.103381 0.411053 0.103381 0.411053 0.105675 0.417578 0.103381 0.411053 0.103381 0.411053 0.105675 0.417578 0.105675 0.417578 0.105675 0.417578 0.105675 0.583352 0.105675 0.417578 0.600955 0.191416 0.609121 0.204479 0.600955 0.203583 0.590827 0.192472 0.600955 0.191416 0.600955 0.203583 0.590827 0.192472 0.600955 0.203583 0.59279 0.204479 0.577323 0.195594 0.590827 0.192472 0.59279 0.204479 0.577323 0.195594 0.59279 0.204479 0.581745 0.206934 0.566383 0.202975 0.577323 0.195594 0.581745 0.206934 0.56156 0.21521 0.566383 0.202975 0.581745 0.206934 0.56156 0.21521 0.581745 0.206934 0.575873 0.210588 0.575873 0.210588 0.57358 0.217113 0.56156 0.21521 0.57358 0.217113 0.561671 0.251576 0.56156 0.21521 0.56616 0.264836 0.561671 0.251576 0.57358 0.217113 0.56616 0.264836 0.562934 0.263499 0.561671 0.251576 0.561671 0.251576 0.562934 0.263499 0.55647 0.263499 0.555286 0.25139 0.561671 0.251576 0.55647 0.263499 0.546791 0.253242 0.555286 0.25139 0.55647 0.263499 0.538457 0.258794 0.546791 0.253242 0.55647 0.263499 0.532905 0.267128 0.538457 0.258794 0.55647 0.263499 0.532905 0.267128 0.55647 0.263499 0.551377 0.264512 0.944411 0.354643 0.93844 0.38479 0.938329 0.348424 0.944411 0.354643 0.944411 0.385957 0.93844 0.38479 0.944411 0.385957 0.933617 0.397025 0.93844 0.38479 0.944411 0.385957 0.938363 0.400832 0.933617 0.397025 0.925154 0.409962 0.933617 0.397025 0.938363 0.400832 0.925154 0.409962 0.922677 0.404406 0.933617 0.397025 0.91019 0.413526 0.922677 0.404406 0.925154 0.409962 0.91019 0.413526 0.909173 0.407528 0.922677 0.404406 0.91019 0.413526 0.899045 0.408584 0.909173 0.407528 0.91019 0.413526 0.899045 0.414667 0.899045 0.408584 0.887899 0.413526 0.899045 0.408584 0.899045 0.414667 0.887899 0.413526 0.888916 0.407528 0.899045 0.408584 0.888916 0.407528 0.887899 0.413526 0.883586 0.412499 0.888916 0.407528 0.883586 0.412499 0.877668 0.405006 0.160426 0.619853 0.158157 0.626446 0.160426 0.619853 0.160426 0.619853 0.158157 0.626446 0.158157 0.626446 0.158157 0.626446 0.152311 0.630246 0.158157 0.626446 0.158157 0.626446 0.152311 0.630246 0.152311 0.630246 0.152311 0.630246 0.144207 0.632272 0.152311 0.630246 0.152311 0.630246 0.144207 0.632272 0.144207 0.632272 0.144207 0.632272 0.136092 0.633271 0.144207 0.632272 0.144207 0.632272 0.136092 0.633271 0.136092 0.633271 0.136092 0.633271 0.127977 0.632272 0.136092 0.633271 0.136092 0.633271 0.127977 0.632272 0.127977 0.632272 0.127977 0.632272 0.119873 0.630246 0.127977 0.632272 0.127977 0.632272 0.119873 0.630246 0.119873 0.630246 0.119873 0.630246 0.114027 0.626446 0.119873 0.630246 0.119873 0.630246 0.114027 0.626446 0.114027 0.626446 0.114027 0.626446 0.111758 0.619853 0.114027 0.626446 0.114027 0.626446 0.111758 0.619853 0.111758 0.619853 0.111758 0.619853 0.111758 0.381077 0.111758 0.619853 0.111758 0.619853 0.111758 0.381077 0.111758 0.381077 0.111758 0.381077 0.114027 0.374484 0.111758 0.381077 0.111758 0.381077 0.114027 0.374484 0.114027 0.374484 0.114027 0.374484 0.119873 0.370684 0.114027 0.374484 0.114027 0.374484 0.119873 0.370684 0.119873 0.370684 0.119873 0.370684 0.127977 0.368658 0.119873 0.370684 0.119873 0.370684 0.127977 0.368658 0.127977 0.368658 0.127977 0.368658 0.136092 0.367659 0.127977 0.368658 0.127977 0.368658 0.136092 0.367659 0.136092 0.367659 0.136092 0.367659 0.144207 0.368658 0.136092 0.367659 0.136092 0.367659 0.144207 0.368658 0.144207 0.368658 0.144207 0.368658 0.152311 0.370684 0.144207 0.368658 0.144207 0.368658 0.152311 0.370684 0.152311 0.370684 0.152311 0.370684 0.158157 0.374484 0.152311 0.370684 0.152311 0.370684 0.158157 0.374484 0.158157 0.374484 0.158157 0.374484 0.160426 0.381077 0.158157 0.374484 0.158157 0.374484 0.160426 0.381077 0.160426 0.381077 0.160426 0.381077 0.160426 0.619853 0.160426 0.381077 0.160426 0.381077 0.160426 0.619853 0.160426 0.619853 0.395598 0.591287 0.396725 0.583826 0.393299 0.585655 0.395598 0.591287 0.40147 0.587633 0.396725 0.583826 0.403764 0.581108 0.396725 0.583826 0.40147 0.587633 0.403764 0.581108 0.397767 0.580085 0.396725 0.583826 0.403764 0.415334 0.397767 0.580085 0.403764 0.581108 0.403764 0.415334 0.397767 0.416357 0.397767 0.580085 0.403764 0.415334 0.396725 0.412616 0.397767 0.416357 0.403764 0.415334 0.40147 0.408809 0.396725 0.412616 0.395598 0.405155 0.396725 0.412616 0.40147 0.408809 0.395598 0.405155 0.393299 0.410787 0.396725 0.412616 0.384554 0.4027 0.393299 0.410787 0.395598 0.405155 0.384554 0.4027 0.383561 0.408702 0.393299 0.410787 0.384554 0.4027 0.376388 0.407887 0.383561 0.408702 0.384554 0.4027 0.376388 0.401804 0.376388 0.407887 0.368223 0.4027 0.376388 0.407887 0.376388 0.401804 0.368223 0.4027 0.369216 0.408702 0.376388 0.407887 0.368223 0.4027 0.359478 0.410787 0.369216 0.408702 0.368223 0.4027 0.357178 0.405155 0.359478 0.410787 0.357178 0.405155 0.356052 0.412616 0.359478 0.410787 0.357178 0.405155 0.351306 0.408809 0.356052 0.412616 0.349013 0.415334 0.356052 0.412616 0.351306 0.408809 0.349013 0.415334 0.35501 0.416357 0.356052 0.412616 0.35501 0.580085 0.35501 0.416357 0.349013 0.415334 0.35501 0.580085 0.349013 0.415334 0.349013 0.581108 0.349013 0.581108 0.356052 0.583826 0.35501 0.580085 0.349013 0.581108 0.351306 0.587633 0.356052 0.583826 0.357178 0.591287 0.356052 0.583826 0.351306 0.587633 0.357178 0.591287 0.359478 0.585655 0.356052 0.583826 0.368223 0.593742 0.359478 0.585655 0.357178 0.591287 0.368223 0.593742 0.369216 0.58774 0.359478 0.585655 0.368223 0.593742 0.376388 0.588555 0.369216 0.58774 0.368223 0.593742 0.376388 0.594638 0.376388 0.588555 0.384554 0.593742 0.376388 0.588555 0.376388 0.594638 0.384554 0.593742 0.383561 0.58774 0.376388 0.588555 0.384554 0.593742 0.393299 0.585655 0.383561 0.58774 0.384554 0.593742 0.395598 0.591287 0.393299 0.585655 0.395598 0.405155 0.395598 0.405155 0.40147 0.408809 0.384554 0.4027 0.395598 0.405155 0.395598 0.405155 0.384554 0.4027 0.384554 0.4027 0.395598 0.405155 0.376388 0.401804 0.384554 0.4027 0.384554 0.4027 0.376388 0.401804 0.376388 0.401804 0.384554 0.4027 0.368223 0.4027 0.376388 0.401804 0.376388 0.401804 0.368223 0.4027 0.368223 0.4027 0.376388 0.401804 0.357178 0.405155 0.368223 0.4027 0.368223 0.4027 0.357178 0.405155 0.357178 0.405155 0.368223 0.4027 0.351306 0.408809 0.357178 0.405155 0.357178 0.405155 0.351306 0.408809 0.351306 0.408809 0.357178 0.405155 0.349013 0.415334 0.351306 0.408809 0.351306 0.408809 0.349013 0.415334 0.349013 0.415334 0.351306 0.408809 0.349013 0.581108 0.349013 0.415334 0.349013 0.415334 0.349013 0.581108 0.349013 0.581108 0.349013 0.415334 0.351306 0.587633 0.349013 0.581108 0.349013 0.581108 0.351306 0.587633 0.351306 0.587633 0.349013 0.581108 0.357178 0.591287 0.351306 0.587633 0.351306 0.587633 0.357178 0.591287 0.357178 0.591287 0.351306 0.587633 0.368223 0.593742 0.357178 0.591287 0.357178 0.591287 0.368223 0.593742 0.368223 0.593742 0.357178 0.591287 0.376388 0.594638 0.368223 0.593742 0.368223 0.593742 0.376388 0.594638 0.376388 0.594638 0.368223 0.593742 0.384554 0.593742 0.376388 0.594638 0.376388 0.594638 0.384554 0.593742 0.384554 0.593742 0.376388 0.594638 0.395598 0.591287 0.384554 0.593742 0.384554 0.593742 0.395598 0.591287 0.395598 0.591287 0.384554 0.593742 0.40147 0.587633 0.395598 0.591287 0.395598 0.591287 0.40147 0.587633 0.40147 0.587633 0.395598 0.591287 0.403764 0.581108 0.40147 0.587633 0.40147 0.587633 0.403764 0.581108 0.403764 0.581108 0.40147 0.587633 0.403764 0.415334 0.403764 0.581108 0.403764 0.581108 0.403764 0.415334 0.403764 0.415334 0.403764 0.581108 0.40147 0.408809 0.403764 0.415334 0.403764 0.415334 0.40147 0.408809 0.40147 0.408809 0.403764 0.415334 0.395598 0.405155 0.40147 0.408809 0.40147 0.408809 0.040277 0.536966 0.04350399 0.535629 0.04350399 0.535629 0.040277 0.536966 0.04350399 0.535629 0.040277 0.536966 0.040277 0.536966 0.03381395 0.536966 0.040277 0.536966 0.040277 0.536966 0.03381395 0.536966 0.03381395 0.536966 0.03381395 0.536966 0.02872097 0.535953 0.03381395 0.536966 0.03381395 0.536966 0.02872097 0.535953 0.02872097 0.535953 0.02872097 0.535953 0.02440398 0.533068 0.02872097 0.535953 0.02872097 0.535953 0.02440398 0.533068 0.02440398 0.533068 0.02440398 0.533068 0.021519 0.528751 0.02440398 0.533068 0.02440398 0.533068 0.021519 0.528751 0.021519 0.528751 0.021519 0.528751 0.02050596 0.523658 0.021519 0.528751 0.021519 0.528751 0.02050596 0.523658 0.02050596 0.523658 0.02050596 0.523658 0.02050596 0.477272 0.02050596 0.523658 0.02050596 0.523658 0.02050596 0.477272 0.02050596 0.477272 0.02050596 0.477272 0.021519 0.472179 0.02050596 0.477272 0.02050596 0.477272 0.021519 0.472179 0.021519 0.472179 0.021519 0.472179 0.02440398 0.467862 0.021519 0.472179 0.021519 0.472179 0.02440398 0.467862 0.02440398 0.467862 0.02440398 0.467862 0.02872097 0.464977 0.02440398 0.467862 0.02440398 0.467862 0.02872097 0.464977 0.02872097 0.464977 0.02872097 0.464977 0.03381395 0.463964 0.02872097 0.464977 0.02872097 0.464977 0.03381395 0.463964 0.03381395 0.463964 0.040277 0.463964 0.03381395 0.463964 0.03381395 0.463964 0.040277 0.463964 0.03381395 0.463964 0.040277 0.463964 0.040277 0.463964 0.04350399 0.465301 0.040277 0.463964 0.040277 0.463964 0.04350399 0.465301 0.04350399 0.465301 0.986981 0.104852 0.986977 0.1054 0.964978 0.105285 0.986981 0.104852 0.964978 0.105285 0.964981 0.1047379 0.964981 0.1047379 0.987016 0.098495 0.986981 0.104852 0.964981 0.1047379 0.965011 0.09838199 0.987016 0.098495 0.965011 0.09838199 0.987057 0.091071 0.987016 0.098495 0.965011 0.09838199 0.965047 0.09095799 0.987057 0.091071 0.965047 0.09095799 0.987097 0.08364397 0.987057 0.091071 0.965047 0.09095799 0.965082 0.08353197 0.987097 0.08364397 0.965082 0.08353197 0.987131 0.07728195 0.987097 0.08364397 0.965082 0.08353197 0.965113 0.07717096 0.987131 0.07728195 0.965113 0.07717096 0.987284 0.04713696 0.987131 0.07728195 0.965113 0.07717096 0.965261 0.047028 0.987284 0.04713696 0.965261 0.047028 0.987316 0.04077398 0.987284 0.04713696 0.965261 0.047028 0.965292 0.04066598 0.987316 0.04077398 0.965292 0.04066598 0.987352 0.03334295 0.987316 0.04077398 0.965292 0.04066598 0.965327 0.03323596 0.987352 0.03334295 0.965327 0.03323596 0.987388 0.02591198 0.987352 0.03334295 0.965327 0.03323596 0.965363 0.02580595 0.987388 0.02591198 0.965363 0.02580595 0.987419 0.01954698 0.987388 0.02591198 0.965363 0.02580595 0.965393 0.01944398 0.987419 0.01954698 0.987421 0.01899898 0.987419 0.01954698 0.965393 0.01944398 0.987421 0.01899898 0.965393 0.01944398 0.965395 0.01889598 0.798918 0.836906 0.804893 0.908755 0.805001 0.830822 0.798918 0.836906 0.798918 0.909899 0.804893 0.908755 0.798918 0.909899 0.809597 0.920969 0.804893 0.908755 0.798918 0.909899 0.804802 0.924712 0.809597 0.920969 0.817746 0.934014 0.809597 0.920969 0.804802 0.924712 0.817746 0.934014 0.820352 0.928517 0.809597 0.920969 0.829802 0.93725 0.820352 0.928517 0.817746 0.934014 0.829802 0.93725 0.830939 0.931274 0.820352 0.928517 0.829802 0.93725 0.841252 0.932473 0.830939 0.931274 0.829802 0.93725 0.841252 0.938557 0.841252 0.932473 0.852701 0.93725 0.841252 0.932473 0.841252 0.938557 0.852701 0.93725 0.851565 0.931274 0.841252 0.932473 0.852701 0.93725 0.862151 0.928517 0.851565 0.931274 0.852701 0.93725 0.864757 0.934014 0.862151 0.928517 0.864757 0.934014 0.872907 0.920969 0.862151 0.928517 0.864757 0.934014 0.877702 0.924712 0.872907 0.920969 0.883586 0.909899 0.872907 0.920969 0.877702 0.924712 0.883586 0.909899 0.877611 0.908755 0.872907 0.920969 0.877611 0.908755 0.883586 0.909899 0.883586 0.899999 0.877611 0.908755 0.883586 0.899999 0.877668 0.892506 0.888916 0.192472 0.877668 0.194994 0.883586 0.187501 0.888916 0.192472 0.883586 0.187501 0.887899 0.186474 0.887899 0.186474 0.899045 0.191416 0.888916 0.192472 0.887899 0.186474 0.899045 0.185333 0.899045 0.191416 0.91019 0.186474 0.899045 0.191416 0.899045 0.185333 0.91019 0.186474 0.909173 0.192472 0.899045 0.191416 0.91019 0.186474 0.922677 0.195594 0.909173 0.192472 0.91019 0.186474 0.925154 0.190038 0.922677 0.195594 0.925154 0.190038 0.933617 0.202975 0.922677 0.195594 0.925154 0.190038 0.938363 0.199168 0.933617 0.202975 0.944411 0.214043 0.933617 0.202975 0.938363 0.199168 0.944411 0.214043 0.93844 0.21521 0.933617 0.202975 0.93844 0.21521 0.944411 0.214043 0.944411 0.245357 0.93844 0.21521 0.944411 0.245357 0.938329 0.251576</float_array>
          <technique_common>
            <accessor source="#pickup_powerup_strength-mesh-map-0-array" count="5988" stride="2">
              <param name="S" type="float"/>
              <param name="T" type="float"/>
            </accessor>
          </technique_common>
        </source>
        <vertices id="pickup_powerup_strength-mesh-vertices">
          <input semantic="POSITION" source="#pickup_powerup_strength-mesh-positions"/>
        </vertices>
        <triangles material="pickup_powerup_set_new-material" count="1996">
          <input semantic="VERTEX" source="#pickup_powerup_strength-mesh-vertices" offset="0"/>
          <input semantic="NORMAL" source="#pickup_powerup_strength-mesh-normals" offset="1"/>
          <input semantic="TEXCOORD" source="#pickup_powerup_strength-mesh-map-0" offset="2" set="0"/>
          <p>0 0 0 1 1 1 2 2 2 1 3 3 3 4 4 4 5 5 1 3 6 4 5 7 2 6 8 0 7 9 2 8 10 5 9 11 6 10 12 4 11 13 3 12 14 6 13 15 7 14 16 4 15 17 8 16 18 9 17 19 10 18 20 8 16 21 11 19 22 9 17 23 8 16 24 2 20 25 11 19 26 8 16 27 5 21 28 2 20 29 12 22 30 4 23 31 7 24 32 12 22 33 13 25 34 4 23 35 12 22 36 14 26 37 13 25 38 12 22 39 15 27 40 14 26 41 15 27 42 16 28 43 14 26 44 15 27 45 17 29 46 16 28 47 18 30 48 16 28 49 17 29 50 18 30 51 19 31 52 16 28 53 20 32 54 19 31 55 18 30 56 20 32 57 21 33 58 19 31 59 22 34 60 21 33 61 20 32 62 22 34 63 23 35 64 21 33 65 22 34 66 24 36 67 23 35 68 22 34 69 25 37 70 24 36 71 26 38 72 24 36 73 25 37 74 26 38 75 25 37 76 27 39 77 10 18 78 26 38 79 27 39 80 10 18 81 9 17 82 26 38 83 28 40 84 29 41 85 30 42 86 28 40 87 30 42 88 31 43 89 32 44 90 28 40 91 31 43 92 32 44 93 33 40 94 28 40 95 33 40 96 34 40 97 28 40 98 29 41 99 35 45 100 36 46 101 29 41 102 36 46 103 37 47 104 29 41 105 37 47 106 38 48 107 29 41 108 38 48 109 39 49 110 29 41 111 39 49 112 30 42 113 39 49 114 40 50 115 30 42 116 40 50 117 41 51 118 30 42 119 42 52 120 43 53 121 32 44 122 32 44 123 31 43 124 42 52 125 31 43 126 44 54 127 42 52 128 31 43 129 45 40 130 44 54 131 46 55 132 47 56 133 48 57 134 47 56 135 49 58 136 48 57 137 50 40 138 51 40 139 46 55 140 46 55 141 48 57 142 50 40 143 48 57 144 52 59 145 50 40 146 48 57 147 53 60 148 52 59 149 53 60 150 54 61 151 52 59 152 54 61 153 55 62 154 52 59 155 54 61 156 56 40 157 55 62 158 56 40 159 57 63 160 55 62 161 57 63 162 58 64 163 55 62 164 52 59 165 59 65 166 50 40 167 52 59 168 60 66 169 59 65 170 53 60 171 61 67 172 54 61 173 53 60 174 62 68 175 61 67 176 53 60 177 63 69 178 62 68 179 64 40 180 65 40 181 66 40 182 64 40 183 66 40 184 67 40 185 68 40 186 64 40 187 67 40 188 68 40 189 69 70 190 64 40 191 68 40 192 70 71 193 69 70 194 71 72 195 72 73 196 69 70 197 73 74 198 71 72 199 69 70 200 70 71 201 73 74 202 69 70 203 70 71 204 74 75 205 73 74 206 70 71 207 75 76 208 74 75 209 70 71 210 76 77 211 75 76 212 70 71 213 77 78 214 76 77 215 67 40 216 78 40 217 79 40 218 79 40 219 68 40 220 67 40 221 79 40 222 80 40 223 68 40 224 80 40 225 81 40 226 68 40 227 82 79 228 83 80 229 84 81 230 83 80 231 85 82 232 84 81 233 86 83 234 87 83 235 82 79 236 82 79 237 84 81 238 86 83 239 84 81 240 88 84 241 86 83 242 84 81 243 89 85 244 88 84 245 89 85 246 90 86 247 88 84 248 90 86 249 91 87 250 88 84 251 90 86 252 92 83 253 91 87 254 92 83 255 93 88 256 91 87 257 93 88 258 94 89 259 91 87 260 88 84 261 95 90 262 86 83 263 88 84 264 96 91 265 95 90 266 89 85 267 97 92 268 90 86 269 89 85 270 98 93 271 97 92 272 89 85 273 99 94 274 98 93 275 100 95 276 101 96 277 102 97 278 101 96 279 103 98 280 102 97 281 103 98 282 104 99 283 102 97 284 105 100 285 106 101 286 107 102 287 105 100 288 107 102 289 108 103 290 109 104 291 105 100 292 108 103 293 109 104 294 102 97 295 105 100 296 109 104 297 100 95 298 102 97 299 109 104 300 110 105 301 100 95 302 110 105 303 111 106 304 100 95 305 110 105 306 112 107 307 111 106 308 110 105 309 113 40 310 112 107 311 108 103 312 114 108 313 115 109 314 115 109 315 109 104 316 108 103 317 115 109 318 116 110 319 109 104 320 116 110 321 117 40 322 109 104 323 118 111 324 119 112 325 120 113 326 121 83 327 122 83 328 123 114 329 120 113 330 121 83 331 123 114 332 120 113 333 123 114 334 118 111 335 123 114 336 124 115 337 118 111 338 124 115 339 125 116 340 118 111 341 124 115 342 126 83 343 125 116 344 123 114 345 127 117 346 124 115 347 127 117 348 128 118 349 124 115 350 127 117 351 129 119 352 130 120 353 127 117 354 130 120 355 131 121 356 127 117 357 131 121 358 132 122 359 127 117 360 132 122 361 133 123 362 127 117 363 133 123 364 128 118 365 133 123 366 134 124 367 128 118 368 134 124 369 135 125 370 128 118 371 136 83 372 137 83 373 138 83 374 139 83 375 140 83 376 141 83 377 138 83 378 139 83 379 141 83 380 138 83 381 141 83 382 136 83 383 141 83 384 142 83 385 136 83 386 142 83 387 143 83 388 136 83 389 142 83 390 144 83 391 143 83 392 141 83 393 145 126 394 142 83 395 141 83 396 146 127 397 145 126 398 146 127 399 147 128 400 145 126 401 146 127 402 148 129 403 147 128 404 146 127 405 149 130 406 148 129 407 146 127 408 150 131 409 149 130 410 146 127 411 151 132 412 150 131 413 147 128 414 152 133 415 145 126 416 152 133 417 153 134 418 145 126 419 154 135 420 155 136 421 156 137 422 156 137 423 157 138 424 154 135 425 156 137 426 158 139 427 157 138 428 158 139 429 159 83 430 157 138 431 160 140 432 161 141 433 162 142 434 160 140 435 162 142 436 154 135 437 157 138 438 160 140 439 154 135 440 157 138 441 163 143 442 160 140 443 157 138 444 164 144 445 163 143 446 157 138 447 165 145 448 164 144 449 165 145 450 166 146 451 164 144 452 165 145 453 167 147 454 166 146 455 165 145 456 168 83 457 167 147 458 164 144 459 169 148 460 163 143 461 169 148 462 170 149 463 163 143 464 170 149 465 171 150 466 163 143 467 172 151 468 173 40 469 174 152 470 173 40 471 175 40 472 174 152 473 175 40 474 176 153 475 174 152 476 176 153 477 177 154 478 174 152 479 174 152 480 178 155 481 179 156 482 174 152 483 179 156 484 180 157 485 174 152 486 180 157 487 181 158 488 174 152 489 181 158 490 182 159 491 174 152 492 182 159 493 183 160 494 174 152 495 183 160 496 184 161 497 174 152 498 184 161 499 185 162 500 185 162 501 172 151 502 174 152 503 185 162 504 186 163 505 172 151 506 186 163 507 187 164 508 172 151 509 187 164 510 188 165 511 172 151 512 188 165 513 189 40 514 172 151 515 189 40 516 190 166 517 172 151 518 190 166 519 191 40 520 172 151 521 190 166 522 192 167 523 191 40 524 190 166 525 193 168 526 192 167 527 190 166 528 194 169 529 193 168 530 190 166 531 195 170 532 194 169 533 174 152 534 196 171 535 178 155 536 194 169 537 195 170 538 197 172 539 198 173 540 194 169 541 197 172 542 198 173 543 197 172 544 199 174 545 200 175 546 198 173 547 199 174 548 200 175 549 199 174 550 201 176 551 202 40 552 203 177 553 204 178 554 203 177 555 205 179 556 204 178 557 203 177 558 206 180 559 205 179 560 206 180 561 207 181 562 205 179 563 207 181 564 208 182 565 205 179 566 207 181 567 209 183 568 208 182 569 209 183 570 210 184 571 208 182 572 209 183 573 211 185 574 210 184 575 211 185 576 212 186 577 210 184 578 211 185 579 213 187 580 212 186 581 213 187 582 214 188 583 212 186 584 213 187 585 215 189 586 214 188 587 215 189 588 200 175 589 214 188 590 200 175 591 216 190 592 214 188 593 200 175 594 217 40 595 216 190 596 200 175 597 178 155 598 217 40 599 178 155 600 200 175 601 201 176 602 178 155 603 201 176 604 179 156 605 205 179 606 218 191 607 204 178 608 218 191 609 219 192 610 204 178 611 218 191 612 220 193 613 219 192 614 218 191 615 221 40 616 220 193 617 221 40 618 222 194 619 220 193 620 222 194 621 223 195 622 220 193 623 222 194 624 224 196 625 223 195 626 224 196 627 225 197 628 223 195 629 224 196 630 226 198 631 225 197 632 226 198 633 227 199 634 225 197 635 226 198 636 228 200 637 227 199 638 228 200 639 229 201 640 227 199 641 228 200 642 230 202 643 229 201 644 230 202 645 231 203 646 229 201 647 230 202 648 232 204 649 231 203 650 231 203 651 232 204 652 233 205 653 234 206 654 231 203 655 233 205 656 234 206 657 233 205 658 235 207 659 234 206 660 235 207 661 236 208 662 237 209 663 236 208 664 235 207 665 238 210 666 236 208 667 239 211 668 238 210 669 234 206 670 236 208 671 237 209 672 240 212 673 241 213 674 237 209 675 235 207 676 240 212 677 239 211 678 242 214 679 243 215 680 239 211 681 243 215 682 244 40 683 239 211 684 244 40 685 245 216 686 238 210 687 239 211 688 245 216 689 246 217 690 238 210 691 245 216 692 247 218 693 246 217 694 245 216 695 247 218 696 245 216 697 248 219 698 249 220 699 247 218 700 248 219 701 250 40 702 249 220 703 248 219 704 251 221 705 250 40 706 248 219 707 252 222 708 251 221 709 248 219 710 253 223 711 252 222 712 248 219 713 253 223 714 248 219 715 254 224 716 254 224 717 255 225 718 253 223 719 254 224 720 256 226 721 255 225 722 256 226 723 257 40 724 255 225 725 257 40 726 204 178 727 255 225 728 257 40 729 202 40 730 204 178 731 245 216 732 258 227 733 248 219 734 245 216 735 259 228 736 258 227 737 245 216 738 260 229 739 259 228 740 245 216 741 261 230 742 260 229 743 248 219 744 262 231 745 254 224 746 262 231 747 263 232 748 254 224 749 262 231 750 264 233 751 263 232 752 254 224 753 265 234 754 256 226 755 266 235 756 265 234 757 254 224 758 266 235 759 254 224 760 267 236 761 266 235 762 267 236 763 268 237 764 269 238 765 266 235 766 268 237 767 269 238 768 268 237 769 270 239 770 271 240 771 269 238 772 270 239 773 271 240 774 270 239 775 272 241 776 273 242 777 271 240 778 272 241 779 274 243 780 273 242 781 272 241 782 198 173 783 274 243 784 272 241 785 198 173 786 272 241 787 275 244 788 198 173 789 275 244 790 276 40 791 198 173 792 276 40 793 194 169 794 277 245 795 278 246 796 279 247 797 277 245 798 280 248 799 278 246 800 281 249 801 278 246 802 280 248 803 281 249 804 280 248 805 282 250 806 283 251 807 281 249 808 282 250 809 283 251 810 282 250 811 284 252 812 285 253 813 283 251 814 284 252 815 285 253 816 284 252 817 286 254 818 287 255 819 285 253 820 286 254 821 287 255 822 286 254 823 288 256 824 289 257 825 287 255 826 288 256 827 289 257 828 288 256 829 290 258 830 291 259 831 292 260 832 293 261 833 291 259 834 293 261 835 294 262 836 295 263 837 292 264 838 291 265 839 296 266 840 294 267 841 293 268 842 295 269 843 297 270 844 292 271 845 296 272 846 293 273 847 298 274 848 299 275 849 300 276 850 301 277 851 299 275 852 301 277 853 302 278 854 299 275 855 302 278 856 292 279 857 299 275 858 292 279 859 297 280 860 303 281 861 298 282 862 293 283 863 303 281 864 293 283 865 304 284 866 303 281 867 304 284 868 305 285 869 303 281 870 305 285 871 306 286 872 306 286 873 305 285 874 307 287 875 306 286 876 307 287 877 308 288 878 307 287 879 309 289 880 308 288 881 307 287 882 310 290 883 309 289 884 311 291 885 309 289 886 310 290 887 311 291 888 310 290 889 312 292 890 311 291 891 312 292 892 313 293 893 311 291 894 313 293 895 314 294 896 314 294 897 313 293 898 315 295 899 314 294 900 315 295 901 316 296 902 316 296 903 315 295 904 317 297 905 316 296 906 317 297 907 318 298 908 300 276 909 318 298 910 317 297 911 300 276 912 317 297 913 301 277 914 9 299 915 11 300 916 26 301 917 24 302 918 26 301 919 11 300 920 11 300 921 2 303 922 24 302 923 23 304 924 24 302 925 2 303 926 2 303 927 4 305 928 23 304 929 21 306 930 23 304 931 4 305 932 4 305 933 13 307 934 21 306 935 19 308 936 21 306 937 13 307 938 13 307 939 14 309 940 19 308 941 16 310 942 19 308 943 14 309 944 319 40 945 320 311 946 321 40 947 322 312 948 321 40 949 320 311 950 320 311 951 323 313 952 322 312 953 324 314 954 322 312 955 323 313 956 323 313 957 325 315 958 324 314 959 326 316 960 324 314 961 325 315 962 325 315 963 327 317 964 326 316 965 328 318 966 326 316 967 327 317 968 327 317 969 329 319 970 328 318 971 330 320 972 328 318 973 329 319 974 331 83 975 332 321 976 333 83 977 334 322 978 333 83 979 332 321 980 332 321 981 335 323 982 334 322 983 336 324 984 334 322 985 335 323 986 335 323 987 337 325 988 336 324 989 338 326 990 336 324 991 337 325 992 337 325 993 339 327 994 338 326 995 340 328 996 338 326 997 339 327 998 339 327 999 341 329 1000 340 328 1001 342 330 1002 340 328 1003 341 329 1004 305 331 1005 304 332 1006 307 333 1007 310 334 1008 307 333 1009 304 332 1010 304 332 1011 293 335 1012 310 334 1013 312 336 1014 310 334 1015 293 335 1016 293 335 1017 292 337 1018 312 336 1019 313 338 1020 312 336 1021 292 337 1022 292 337 1023 302 339 1024 313 338 1025 315 340 1026 313 338 1027 302 339 1028 302 339 1029 301 341 1030 315 340 1031 317 342 1032 315 340 1033 301 341 1034 343 343 1035 344 40 1036 345 344 1037 346 345 1038 347 346 1039 345 344 1040 347 346 1041 348 40 1042 345 344 1043 348 40 1044 349 347 1045 345 344 1046 349 347 1047 343 343 1048 345 344 1049 349 347 1050 350 348 1051 343 343 1052 350 348 1053 351 349 1054 343 343 1055 351 349 1056 352 40 1057 343 343 1058 352 40 1059 353 350 1060 343 343 1061 353 350 1062 354 40 1063 343 343 1064 353 350 1065 355 351 1066 354 40 1067 353 350 1068 356 352 1069 355 351 1070 357 353 1071 356 352 1072 353 350 1073 357 353 1074 353 350 1075 358 354 1076 359 355 1077 357 353 1078 358 354 1079 359 355 1080 358 354 1081 360 356 1082 359 355 1083 360 356 1084 361 357 1085 359 355 1086 361 357 1087 362 358 1088 361 357 1089 363 40 1090 362 358 1091 363 40 1092 364 40 1093 362 358 1094 364 40 1095 365 359 1096 362 358 1097 364 40 1098 366 40 1099 365 359 1100 367 360 1101 362 358 1102 368 361 1103 367 360 1104 359 355 1105 362 358 1106 367 360 1107 369 362 1108 359 355 1109 367 360 1110 370 363 1111 369 362 1112 371 364 1113 372 365 1114 367 360 1115 372 365 1116 373 40 1117 367 360 1118 372 365 1119 374 40 1120 373 40 1121 367 360 1122 368 361 1123 375 366 1124 367 360 1125 375 366 1126 376 367 1127 371 364 1128 367 360 1129 376 367 1130 371 364 1131 376 367 1132 377 368 1133 371 364 1134 377 368 1135 378 369 1136 371 364 1137 378 369 1138 379 370 1139 371 364 1140 379 370 1141 380 371 1142 381 372 1143 371 364 1144 380 371 1145 381 372 1146 380 371 1147 382 373 1148 382 373 1149 383 374 1150 381 372 1151 382 373 1152 384 40 1153 383 374 1154 384 40 1155 385 375 1156 383 374 1157 385 375 1158 386 376 1159 383 374 1160 385 375 1161 387 377 1162 386 376 1163 385 375 1164 388 378 1165 387 377 1166 387 377 1167 388 378 1168 389 379 1169 390 40 1170 387 377 1171 389 379 1172 391 380 1173 390 40 1174 389 379 1175 386 376 1176 392 40 1177 383 374 1178 386 376 1179 393 381 1180 392 40 1181 386 376 1182 394 40 1183 393 381 1184 394 40 1185 395 382 1186 393 381 1187 395 382 1188 396 383 1189 393 381 1190 395 382 1191 397 40 1192 396 383 1193 397 40 1194 398 40 1195 396 383 1196 397 40 1197 399 40 1198 398 40 1199 399 40 1200 400 384 1201 398 40 1202 399 40 1203 401 385 1204 400 384 1205 401 385 1206 402 386 1207 400 384 1208 401 385 1209 403 387 1210 402 386 1211 403 387 1212 404 388 1213 402 386 1214 403 387 1215 405 389 1216 404 388 1217 404 388 1218 405 389 1219 406 390 1220 407 391 1221 404 388 1222 406 390 1223 407 391 1224 406 390 1225 243 215 1226 407 391 1227 243 215 1228 242 214 1229 381 372 1230 408 392 1231 371 364 1232 381 372 1233 409 393 1234 408 392 1235 409 393 1236 410 40 1237 408 392 1238 410 40 1239 411 40 1240 408 392 1241 410 40 1242 412 394 1243 411 40 1244 410 40 1245 413 395 1246 412 394 1247 413 395 1248 414 396 1249 412 394 1250 413 395 1251 415 40 1252 414 396 1253 415 40 1254 416 40 1255 414 396 1256 415 40 1257 417 40 1258 416 40 1259 417 40 1260 418 397 1261 416 40 1262 417 40 1263 419 398 1264 418 397 1265 419 398 1266 420 399 1267 418 397 1268 419 398 1269 421 40 1270 420 399 1271 241 213 1272 421 40 1273 419 398 1274 241 213 1275 419 398 1276 422 400 1277 241 213 1278 422 400 1279 423 401 1280 237 209 1281 241 213 1282 423 401 1283 423 401 1284 242 214 1285 237 209 1286 423 401 1287 407 391 1288 242 214 1289 424 402 1290 425 403 1291 426 404 1292 427 405 1293 425 403 1294 424 402 1295 427 405 1296 428 406 1297 425 403 1298 429 407 1299 428 406 1300 427 405 1301 429 407 1302 430 408 1303 428 406 1304 431 409 1305 430 408 1306 429 407 1307 431 409 1308 432 410 1309 430 408 1310 433 411 1311 432 410 1312 431 409 1313 433 411 1314 434 412 1315 432 410 1316 435 413 1317 434 412 1318 433 411 1319 435 413 1320 436 414 1321 434 412 1322 437 415 1323 436 414 1324 435 413 1325 437 415 1326 438 416 1327 436 414 1328 439 417 1329 438 416 1330 437 415 1331 439 417 1332 440 418 1333 438 416 1334 441 419 1335 440 418 1336 439 417 1337 441 419 1338 442 420 1339 440 418 1340 443 421 1341 442 420 1342 441 419 1343 443 421 1344 444 422 1345 442 420 1346 445 423 1347 444 422 1348 443 421 1349 445 423 1350 446 424 1351 444 422 1352 447 425 1353 446 424 1354 445 423 1355 447 425 1356 448 426 1357 446 424 1358 449 427 1359 448 426 1360 447 425 1361 449 427 1362 450 428 1363 448 426 1364 451 429 1365 450 428 1366 449 427 1367 451 429 1368 452 430 1369 450 428 1370 453 431 1371 452 430 1372 451 429 1373 453 431 1374 454 432 1375 452 430 1376 455 433 1377 454 432 1378 453 431 1379 455 433 1380 456 434 1381 454 432 1382 457 435 1383 456 434 1384 455 433 1385 457 435 1386 458 436 1387 456 434 1388 459 437 1389 458 436 1390 457 435 1391 459 437 1392 426 404 1393 458 436 1394 424 402 1395 426 404 1396 459 437 1397 460 438 1398 461 439 1399 462 440 1400 460 438 1401 463 441 1402 461 439 1403 464 442 1404 465 443 1405 466 444 1406 464 442 1407 467 445 1408 465 443 1409 466 446 1410 463 447 1411 460 448 1412 466 446 1413 465 449 1414 463 447 1415 468 450 1416 469 451 1417 322 452 1418 468 450 1419 322 452 1420 324 453 1421 470 454 1422 468 455 1423 324 456 1424 471 457 1425 322 458 1426 469 459 1427 471 460 1428 472 461 1429 322 462 1430 470 463 1431 324 464 1432 473 465 1433 474 466 1434 328 467 1435 475 468 1436 474 466 1437 326 469 1438 328 467 1439 474 466 1440 324 470 1441 326 469 1442 474 466 1443 473 471 1444 324 470 1445 476 472 1446 322 473 1447 472 474 1448 476 472 1449 321 475 1450 322 473 1451 476 472 1452 319 476 1453 321 475 1454 476 472 1455 477 477 1456 319 476 1457 477 477 1458 320 478 1459 319 476 1460 477 477 1461 478 479 1462 320 478 1463 479 480 1464 320 478 1465 478 479 1466 479 480 1467 323 481 1468 320 478 1469 480 482 1470 323 481 1471 479 480 1472 480 482 1473 325 483 1474 323 481 1475 480 482 1476 327 484 1477 325 483 1478 480 482 1479 481 485 1480 327 484 1481 481 485 1482 329 486 1483 327 484 1484 481 485 1485 482 487 1486 329 486 1487 482 487 1488 330 488 1489 329 486 1490 482 487 1491 483 489 1492 330 488 1493 475 468 1494 330 488 1495 483 489 1496 475 468 1497 328 467 1498 330 488 1499 291 490 1500 484 491 1501 295 492 1502 291 490 1503 485 493 1504 484 491 1505 485 493 1506 291 490 1507 294 494 1508 485 493 1509 294 494 1510 486 495 1511 296 496 1512 486 495 1513 294 494 1514 296 496 1515 487 497 1516 486 495 1517 488 498 1518 489 499 1519 336 500 1520 488 501 1521 336 502 1522 490 503 1523 491 504 1524 334 505 1525 336 506 1526 491 504 1527 336 506 1528 489 507 1529 492 508 1530 334 509 1531 491 510 1532 492 511 1533 493 512 1534 334 513 1535 494 514 1536 495 515 1537 331 516 1538 494 514 1539 331 516 1540 333 517 1541 494 514 1542 333 517 1543 334 518 1544 494 514 1545 334 518 1546 493 519 1547 496 520 1548 490 521 1549 336 522 1550 496 520 1551 336 522 1552 338 523 1553 496 520 1554 338 523 1555 340 524 1556 496 520 1557 340 524 1558 497 525 1559 497 525 1560 340 524 1561 342 526 1562 497 525 1563 342 526 1564 498 527 1565 499 528 1566 498 527 1567 342 526 1568 499 528 1569 342 526 1570 341 529 1571 500 530 1572 499 528 1573 341 529 1574 500 530 1575 341 529 1576 339 531 1577 339 531 1578 501 532 1579 500 530 1580 339 531 1581 337 533 1582 501 532 1583 501 532 1584 337 533 1585 335 534 1586 501 532 1587 335 534 1588 502 535 1589 502 535 1590 335 534 1591 332 536 1592 502 535 1593 332 536 1594 503 537 1595 495 515 1596 503 537 1597 332 536 1598 495 515 1599 332 536 1600 331 516 1601 471 538 1602 363 539 1603 361 540 1604 471 538 1605 469 541 1606 363 539 1607 364 542 1608 363 539 1609 469 541 1610 364 542 1611 469 541 1612 468 543 1613 468 543 1614 366 544 1615 364 542 1616 468 543 1617 470 545 1618 366 544 1619 504 546 1620 505 547 1621 506 548 1622 504 546 1623 507 549 1624 505 547 1625 508 550 1626 509 551 1627 510 552 1628 508 550 1629 511 553 1630 509 551 1631 511 554 1632 506 555 1633 509 556 1634 511 554 1635 504 557 1636 506 555 1637 512 558 1638 79 559 1639 78 560 1640 512 558 1641 80 561 1642 79 559 1643 512 558 1644 513 562 1645 80 561 1646 513 562 1647 81 563 1648 80 561 1649 513 562 1650 514 564 1651 81 563 1652 515 565 1653 81 563 1654 514 564 1655 515 565 1656 68 566 1657 81 563 1658 515 565 1659 70 567 1660 68 566 1661 515 565 1662 516 568 1663 70 567 1664 516 568 1665 77 569 1666 70 567 1667 516 568 1668 517 570 1669 77 569 1670 518 571 1671 77 569 1672 517 570 1673 518 571 1674 76 572 1675 77 569 1676 519 573 1677 76 572 1678 518 571 1679 519 573 1680 75 574 1681 76 572 1682 519 573 1683 74 575 1684 75 574 1685 519 573 1686 520 576 1687 74 575 1688 521 577 1689 74 575 1690 520 576 1691 521 577 1692 73 578 1693 74 575 1694 521 577 1695 71 579 1696 73 578 1697 521 577 1698 522 580 1699 71 579 1700 522 580 1701 72 581 1702 71 579 1703 522 580 1704 523 582 1705 72 581 1706 524 583 1707 72 581 1708 523 582 1709 524 583 1710 69 584 1711 72 581 1712 524 583 1713 64 585 1714 69 584 1715 524 583 1716 525 586 1717 64 585 1718 525 586 1719 65 587 1720 64 585 1721 525 586 1722 526 588 1723 65 587 1724 527 589 1725 65 587 1726 526 588 1727 527 589 1728 66 590 1729 65 587 1730 528 591 1731 66 590 1732 527 589 1733 528 591 1734 67 592 1735 66 590 1736 528 591 1737 78 560 1738 67 592 1739 528 591 1740 529 593 1741 78 560 1742 512 558 1743 78 560 1744 529 593 1745 530 594 1746 531 595 1747 532 596 1748 530 594 1749 533 597 1750 531 595 1751 533 597 1752 530 594 1753 534 598 1754 533 597 1755 534 598 1756 535 599 1757 536 600 1758 535 599 1759 534 598 1760 536 600 1761 534 598 1762 537 601 1763 538 602 1764 536 600 1765 537 601 1766 538 602 1767 537 601 1768 539 603 1769 538 602 1770 539 603 1771 540 604 1772 538 602 1773 540 604 1774 541 605 1775 542 606 1776 541 605 1777 540 604 1778 542 606 1779 540 604 1780 543 607 1781 543 607 1782 544 608 1783 542 606 1784 543 607 1785 545 609 1786 544 608 1787 507 610 1788 510 611 1789 505 612 1790 507 610 1791 508 613 1792 510 611 1793 189 614 1794 188 615 1795 17 616 1796 189 614 1797 17 616 1798 15 617 1799 190 618 1800 189 614 1801 15 617 1802 190 618 1803 15 617 1804 12 619 1805 12 619 1806 195 620 1807 190 618 1808 12 619 1809 7 621 1810 195 620 1811 7 621 1812 197 622 1813 195 620 1814 7 621 1815 6 623 1816 197 622 1817 0 624 1818 180 625 1819 179 626 1820 0 624 1821 5 627 1822 180 625 1823 5 627 1824 181 628 1825 180 625 1826 5 627 1827 8 629 1828 181 628 1829 182 630 1830 181 628 1831 8 629 1832 182 630 1833 8 629 1834 10 631 1835 183 632 1836 182 630 1837 10 631 1838 183 632 1839 10 631 1840 27 633 1841 184 634 1842 183 632 1843 27 633 1844 184 634 1845 27 633 1846 25 635 1847 185 636 1848 184 634 1849 25 635 1850 185 636 1851 25 635 1852 22 637 1853 186 638 1854 185 636 1855 22 637 1856 186 638 1857 22 637 1858 20 639 1859 187 640 1860 186 638 1861 20 639 1862 187 640 1863 20 639 1864 18 641 1865 188 615 1866 187 640 1867 18 641 1868 188 615 1869 18 641 1870 17 616 1871 290 258 1872 546 642 1873 289 257 1874 290 258 1875 547 642 1876 546 642 1877 548 643 1878 549 644 1879 550 645 1880 548 643 1881 550 645 1882 551 646 1883 551 646 1884 552 647 1885 548 643 1886 551 646 1887 553 648 1888 552 647 1889 553 648 1890 554 649 1891 552 647 1892 553 648 1893 555 650 1894 554 649 1895 555 650 1896 556 651 1897 554 649 1898 555 650 1899 557 652 1900 556 651 1901 557 652 1902 558 653 1903 556 651 1904 557 652 1905 559 654 1906 558 653 1907 559 654 1908 560 655 1909 558 653 1910 559 654 1911 561 656 1912 560 655 1913 562 642 1914 560 655 1915 561 656 1916 562 642 1917 561 656 1918 563 642 1919 564 657 1920 565 657 1921 566 657 1922 564 657 1923 567 657 1924 565 657 1925 568 658 1926 564 642 1927 566 642 1928 568 658 1929 566 642 1930 569 659 1931 570 660 1932 568 658 1933 569 659 1934 570 660 1935 569 659 1936 571 661 1937 571 661 1938 572 662 1939 570 660 1940 571 661 1941 573 663 1942 572 662 1943 574 664 1944 572 662 1945 573 663 1946 574 664 1947 573 663 1948 575 665 1949 575 665 1950 576 666 1951 574 664 1952 575 665 1953 577 667 1954 576 666 1955 577 667 1956 578 668 1957 576 666 1958 577 667 1959 579 669 1960 578 668 1961 579 669 1962 580 670 1963 578 668 1964 579 669 1965 581 671 1966 580 670 1967 581 671 1968 582 672 1969 580 670 1970 581 671 1971 583 673 1972 582 672 1973 583 673 1974 584 674 1975 582 672 1976 583 673 1977 585 675 1978 584 674 1979 585 675 1980 586 676 1981 584 674 1982 585 675 1983 587 677 1984 586 676 1985 588 678 1986 589 678 1987 590 678 1988 588 678 1989 591 678 1990 589 678 1991 466 657 1992 592 657 1993 464 657 1994 466 657 1995 593 657 1996 592 657 1997 594 679 1998 595 83 1999 596 680 2000 595 83 2001 597 83 2002 596 680 2003 597 83 2004 598 681 2005 596 680 2006 598 681 2007 599 682 2008 596 680 2009 437 83 2010 600 683 2011 601 83 2012 437 83 2013 601 83 2014 602 684 2015 439 685 2016 437 83 2017 602 684 2018 441 686 2019 439 685 2020 602 684 2021 441 686 2022 602 684 2023 603 687 2024 603 687 2025 443 688 2026 441 686 2027 603 687 2028 592 689 2029 443 688 2030 592 689 2031 604 690 2032 443 688 2033 593 691 2034 604 690 2035 592 689 2036 593 691 2037 605 692 2038 604 690 2039 596 680 2040 605 692 2041 593 691 2042 596 680 2043 593 691 2044 606 693 2045 596 680 2046 606 693 2047 607 694 2048 596 680 2049 607 694 2050 608 695 2051 594 679 2052 596 680 2053 608 695 2054 594 679 2055 608 695 2056 609 696 2057 594 679 2058 609 696 2059 610 697 2060 594 679 2061 610 697 2062 611 698 2063 593 691 2064 612 83 2065 606 693 2066 612 83 2067 613 699 2068 606 693 2069 612 83 2070 614 700 2071 613 699 2072 603 687 2073 614 700 2074 612 83 2075 603 687 2076 615 701 2077 614 700 2078 602 684 2079 615 701 2080 603 687 2081 616 702 2082 617 703 2083 594 679 2084 616 702 2085 618 704 2086 617 703 2087 618 704 2088 619 705 2089 617 703 2090 594 679 2091 611 698 2092 620 706 2093 594 679 2094 620 706 2095 621 707 2096 616 702 2097 594 679 2098 621 707 2099 621 707 2100 622 708 2101 616 702 2102 622 708 2103 623 709 2104 616 702 2105 622 708 2106 624 710 2107 623 709 2108 622 708 2109 625 711 2110 624 710 2111 622 708 2112 626 712 2113 625 711 2114 626 712 2115 627 713 2116 625 711 2117 626 712 2118 628 714 2119 627 713 2120 628 714 2121 545 715 2122 627 713 2123 545 715 2124 629 716 2125 627 713 2126 630 717 2127 629 716 2128 545 715 2129 630 717 2130 545 715 2131 543 718 2132 630 717 2133 543 718 2134 540 719 2135 631 720 2136 630 717 2137 540 719 2138 631 720 2139 540 719 2140 539 721 2141 632 722 2142 631 720 2143 539 721 2144 614 700 2145 633 723 2146 613 699 2147 613 699 2148 633 723 2149 634 724 2150 634 724 2151 635 83 2152 613 699 2153 635 83 2154 634 724 2155 636 725 2156 637 726 2157 635 83 2158 636 725 2159 636 725 2160 638 727 2161 637 726 2162 636 725 2163 639 83 2164 638 727 2165 639 83 2166 640 83 2167 638 727 2168 639 83 2169 641 728 2170 640 83 2171 641 728 2172 642 729 2173 640 83 2174 642 729 2175 641 728 2176 643 730 2177 642 729 2178 643 730 2179 644 731 2180 645 83 2181 642 729 2182 644 731 2183 645 83 2184 644 731 2185 646 83 2186 645 83 2187 646 83 2188 628 714 2189 647 732 2190 645 83 2191 628 714 2192 626 712 2193 647 732 2194 628 714 2195 203 733 2196 202 734 2197 648 735 2198 202 734 2199 649 736 2200 648 735 2201 202 734 2202 257 737 2203 649 736 2204 257 737 2205 650 738 2206 649 736 2207 257 737 2208 256 739 2209 650 738 2210 256 739 2211 651 740 2212 650 738 2213 256 739 2214 265 741 2215 651 740 2216 265 741 2217 652 742 2218 651 740 2219 265 741 2220 266 743 2221 652 742 2222 266 743 2223 653 744 2224 652 742 2225 266 743 2226 269 745 2227 653 744 2228 269 745 2229 654 746 2230 653 744 2231 269 745 2232 271 747 2233 654 746 2234 271 747 2235 655 748 2236 654 746 2237 271 747 2238 273 749 2239 655 748 2240 273 749 2241 656 750 2242 655 748 2243 273 749 2244 274 751 2245 656 750 2246 274 751 2247 657 752 2248 656 750 2249 274 751 2250 198 753 2251 657 752 2252 198 753 2253 658 754 2254 657 752 2255 198 753 2256 200 755 2257 658 754 2258 200 755 2259 659 756 2260 658 754 2261 200 755 2262 215 757 2263 659 756 2264 215 757 2265 660 758 2266 659 756 2267 215 757 2268 213 759 2269 660 758 2270 213 759 2271 661 760 2272 660 758 2273 213 759 2274 211 761 2275 661 760 2276 211 761 2277 662 762 2278 661 760 2279 211 761 2280 209 763 2281 662 762 2282 209 763 2283 663 764 2284 662 762 2285 209 763 2286 207 765 2287 663 764 2288 207 765 2289 664 766 2290 663 764 2291 207 765 2292 206 767 2293 664 766 2294 206 767 2295 665 768 2296 664 766 2297 206 767 2298 203 733 2299 665 768 2300 203 733 2301 648 735 2302 665 768 2303 255 769 2304 204 770 2305 666 771 2306 204 770 2307 667 772 2308 666 771 2309 204 770 2310 219 773 2311 667 772 2312 219 773 2313 668 774 2314 667 772 2315 219 773 2316 220 775 2317 668 774 2318 220 775 2319 669 776 2320 668 774 2321 220 775 2322 223 777 2323 669 776 2324 223 777 2325 670 778 2326 669 776 2327 223 777 2328 225 779 2329 670 778 2330 225 779 2331 671 780 2332 670 778 2333 225 779 2334 227 781 2335 671 780 2336 227 781 2337 672 782 2338 671 780 2339 227 781 2340 229 783 2341 672 782 2342 229 783 2343 673 784 2344 672 782 2345 229 783 2346 231 785 2347 673 784 2348 231 785 2349 674 786 2350 673 784 2351 231 785 2352 234 787 2353 674 786 2354 234 787 2355 675 788 2356 674 786 2357 234 787 2358 238 789 2359 675 788 2360 238 789 2361 676 790 2362 675 788 2363 238 789 2364 246 791 2365 676 790 2366 246 791 2367 677 792 2368 676 790 2369 246 791 2370 247 793 2371 677 792 2372 247 793 2373 678 794 2374 677 792 2375 247 793 2376 249 795 2377 678 794 2378 249 795 2379 679 796 2380 678 794 2381 249 795 2382 250 797 2383 679 796 2384 250 797 2385 680 798 2386 679 796 2387 250 797 2388 251 799 2389 680 798 2390 251 799 2391 681 800 2392 680 798 2393 251 799 2394 252 801 2395 681 800 2396 252 801 2397 682 802 2398 681 800 2399 252 801 2400 253 803 2401 682 802 2402 253 803 2403 683 804 2404 682 802 2405 253 803 2406 255 769 2407 683 804 2408 255 769 2409 666 771 2410 683 804 2411 672 805 2412 673 806 2413 41 807 2414 674 808 2415 41 807 2416 673 806 2417 674 808 2418 30 809 2419 41 807 2420 674 808 2421 31 810 2422 30 809 2423 674 808 2424 675 811 2425 31 810 2426 675 811 2427 45 812 2428 31 810 2429 675 811 2430 676 813 2431 45 812 2432 677 814 2433 45 812 2434 676 813 2435 677 814 2436 44 815 2437 45 812 2438 678 816 2439 44 815 2440 677 814 2441 678 816 2442 42 817 2443 44 815 2444 678 816 2445 43 818 2446 42 817 2447 678 816 2448 679 819 2449 43 818 2450 680 820 2451 43 818 2452 679 819 2453 680 820 2454 32 821 2455 43 818 2456 680 820 2457 33 822 2458 32 821 2459 680 820 2460 681 823 2461 33 822 2462 681 823 2463 34 824 2464 33 822 2465 681 823 2466 682 825 2467 34 824 2468 683 826 2469 34 824 2470 682 825 2471 683 826 2472 28 827 2473 34 824 2474 683 826 2475 29 828 2476 28 827 2477 683 826 2478 666 829 2479 29 828 2480 666 829 2481 35 830 2482 29 828 2483 666 829 2484 667 831 2485 35 830 2486 668 832 2487 35 830 2488 667 831 2489 668 832 2490 36 833 2491 35 830 2492 669 834 2493 36 833 2494 668 832 2495 669 834 2496 37 835 2497 36 833 2498 669 834 2499 38 836 2500 37 835 2501 669 834 2502 670 837 2503 38 836 2504 671 838 2505 38 836 2506 670 837 2507 671 838 2508 39 839 2509 38 836 2510 671 838 2511 40 840 2512 39 839 2513 671 838 2514 672 805 2515 40 840 2516 672 805 2517 41 807 2518 40 840 2519 684 841 2520 685 842 2521 113 843 2522 686 844 2523 113 843 2524 685 842 2525 686 844 2526 112 845 2527 113 843 2528 687 846 2529 112 845 2530 686 844 2531 687 846 2532 111 847 2533 112 845 2534 687 846 2535 100 848 2536 111 847 2537 687 846 2538 688 849 2539 100 848 2540 689 850 2541 100 848 2542 688 849 2543 689 850 2544 101 851 2545 100 848 2546 689 850 2547 103 852 2548 101 851 2549 689 850 2550 690 853 2551 103 852 2552 690 853 2553 104 854 2554 103 852 2555 690 853 2556 691 855 2557 104 854 2558 692 856 2559 104 854 2560 691 855 2561 692 856 2562 102 857 2563 104 854 2564 693 858 2565 102 857 2566 692 856 2567 693 858 2568 105 859 2569 102 857 2570 693 858 2571 106 860 2572 105 859 2573 693 858 2574 694 861 2575 106 860 2576 695 862 2577 106 860 2578 694 861 2579 695 862 2580 107 863 2581 106 860 2582 696 864 2583 107 863 2584 695 862 2585 696 864 2586 108 865 2587 107 863 2588 696 864 2589 114 866 2590 108 865 2591 696 864 2592 697 867 2593 114 866 2594 698 868 2595 114 866 2596 697 867 2597 698 868 2598 115 869 2599 114 866 2600 698 868 2601 116 870 2602 115 869 2603 698 868 2604 699 871 2605 116 870 2606 699 871 2607 117 872 2608 116 870 2609 699 871 2610 700 873 2611 117 872 2612 701 874 2613 117 872 2614 700 873 2615 701 874 2616 109 875 2617 117 872 2618 701 874 2619 110 876 2620 109 875 2621 701 874 2622 684 841 2623 110 876 2624 684 841 2625 113 843 2626 110 876 2627 467 83 2628 463 83 2629 465 83 2630 467 83 2631 461 83 2632 463 83 2633 593 877 2634 460 877 2635 612 877 2636 593 877 2637 466 877 2638 460 877 2639 603 642 2640 464 642 2641 592 642 2642 603 642 2643 462 642 2644 464 642 2645 612 678 2646 462 678 2647 603 678 2648 612 678 2649 460 678 2650 462 678 2651 448 878 2652 150 879 2653 151 880 2654 450 881 2655 150 879 2656 448 878 2657 450 881 2658 149 882 2659 150 879 2660 450 881 2661 148 883 2662 149 882 2663 450 881 2664 452 884 2665 148 883 2666 454 885 2667 148 883 2668 452 884 2669 454 885 2670 147 886 2671 148 883 2672 454 885 2673 152 887 2674 147 886 2675 454 885 2676 456 888 2677 152 887 2678 456 888 2679 153 889 2680 152 887 2681 456 888 2682 458 890 2683 153 889 2684 426 891 2685 153 889 2686 458 890 2687 426 891 2688 145 892 2689 153 889 2690 425 893 2691 145 892 2692 426 891 2693 425 893 2694 142 894 2695 145 892 2696 425 893 2697 144 895 2698 142 894 2699 425 893 2700 428 896 2701 144 895 2702 430 897 2703 144 895 2704 428 896 2705 430 897 2706 143 898 2707 144 895 2708 432 899 2709 143 898 2710 430 897 2711 432 899 2712 136 900 2713 143 898 2714 432 899 2715 137 901 2716 136 900 2717 432 899 2718 434 902 2719 137 901 2720 436 903 2721 137 901 2722 434 902 2723 436 903 2724 138 904 2725 137 901 2726 436 903 2727 139 905 2728 138 904 2729 436 903 2730 438 906 2731 139 905 2732 438 906 2733 140 907 2734 139 905 2735 438 906 2736 440 908 2737 140 907 2738 442 909 2739 140 907 2740 440 908 2741 442 909 2742 141 910 2743 140 907 2744 444 911 2745 141 910 2746 442 909 2747 444 911 2748 146 912 2749 141 910 2750 444 911 2751 151 880 2752 146 912 2753 444 911 2754 446 913 2755 151 880 2756 448 878 2757 151 880 2758 446 913 2759 702 914 2760 703 915 2761 119 916 2762 704 917 2763 119 916 2764 703 915 2765 704 917 2766 120 918 2767 119 916 2768 704 917 2769 121 919 2770 120 918 2771 704 917 2772 705 920 2773 121 919 2774 705 920 2775 122 921 2776 121 919 2777 705 920 2778 706 922 2779 122 921 2780 707 923 2781 122 921 2782 706 922 2783 707 923 2784 123 924 2785 122 921 2786 708 925 2787 123 924 2788 707 923 2789 708 925 2790 127 926 2791 123 924 2792 708 925 2793 129 927 2794 127 926 2795 708 925 2796 709 928 2797 129 927 2798 710 929 2799 129 927 2800 709 928 2801 710 929 2802 130 930 2803 129 927 2804 711 931 2805 130 930 2806 710 929 2807 711 931 2808 131 932 2809 130 930 2810 711 931 2811 132 933 2812 131 932 2813 711 931 2814 712 934 2815 132 933 2816 713 935 2817 132 933 2818 712 934 2819 713 935 2820 133 936 2821 132 933 2822 713 935 2823 134 937 2824 133 936 2825 713 935 2826 714 938 2827 134 937 2828 714 938 2829 135 939 2830 134 937 2831 714 938 2832 715 940 2833 135 939 2834 716 941 2835 135 939 2836 715 940 2837 716 941 2838 128 942 2839 135 939 2840 717 943 2841 128 942 2842 716 941 2843 717 943 2844 124 944 2845 128 942 2846 717 943 2847 126 945 2848 124 944 2849 717 943 2850 718 946 2851 126 945 2852 719 947 2853 126 945 2854 718 946 2855 719 947 2856 125 948 2857 126 945 2858 702 914 2859 125 948 2860 719 947 2861 702 914 2862 118 949 2863 125 948 2864 702 914 2865 119 916 2866 118 949 2867 462 950 2868 467 951 2869 464 952 2870 462 950 2871 461 953 2872 467 951 2873 720 954 2874 91 955 2875 94 956 2876 721 957 2877 91 955 2878 720 954 2879 721 957 2880 88 958 2881 91 955 2882 721 957 2883 96 959 2884 88 958 2885 721 957 2886 722 960 2887 96 959 2888 723 961 2889 96 959 2890 722 960 2891 723 961 2892 95 962 2893 96 959 2894 724 963 2895 95 962 2896 723 961 2897 724 963 2898 86 964 2899 95 962 2900 724 963 2901 87 965 2902 86 964 2903 724 963 2904 725 966 2905 87 965 2906 726 967 2907 87 965 2908 725 966 2909 726 967 2910 82 968 2911 87 965 2912 726 967 2913 83 969 2914 82 968 2915 726 967 2916 727 970 2917 83 969 2918 727 970 2919 85 971 2920 83 969 2921 727 970 2922 728 972 2923 85 971 2924 729 973 2925 85 971 2926 728 972 2927 729 973 2928 84 974 2929 85 971 2930 89 975 2931 84 974 2932 729 973 2933 89 975 2934 729 973 2935 730 976 2936 730 976 2937 99 977 2938 89 975 2939 730 976 2940 731 978 2941 99 977 2942 732 979 2943 99 977 2944 731 978 2945 732 979 2946 98 980 2947 99 977 2948 733 981 2949 98 980 2950 732 979 2951 733 981 2952 97 982 2953 98 980 2954 733 981 2955 90 983 2956 97 982 2957 733 981 2958 734 984 2959 90 983 2960 735 985 2961 90 983 2962 734 984 2963 735 985 2964 92 986 2965 90 983 2966 735 985 2967 93 987 2968 92 986 2969 735 985 2970 736 988 2971 93 987 2972 736 988 2973 94 956 2974 93 987 2975 736 988 2976 737 989 2977 94 956 2978 720 954 2979 94 956 2980 737 989 2981 738 83 2982 739 990 2983 740 991 2984 739 990 2985 741 83 2986 740 991 2987 742 992 2988 741 83 2989 739 990 2990 742 992 2991 739 990 2992 743 993 2993 744 994 2994 745 83 2995 746 995 2996 747 996 2997 744 994 2998 746 995 2999 747 996 3000 748 997 3001 744 994 3002 747 996 3003 749 83 3004 748 997 3005 749 83 3006 750 83 3007 748 997 3008 750 83 3009 751 998 3010 748 997 3011 750 83 3012 752 83 3013 751 998 3014 752 83 3015 742 992 3016 751 998 3017 742 992 3018 743 993 3019 751 998 3020 743 993 3021 753 83 3022 751 998 3023 743 993 3024 754 999 3025 753 83 3026 743 993 3027 755 1000 3028 754 999 3029 755 1000 3030 756 1001 3031 754 999 3032 756 1001 3033 757 1002 3034 754 999 3035 756 1001 3036 758 1003 3037 757 1002 3038 758 1003 3039 759 1004 3040 757 1002 3041 758 1003 3042 760 1005 3043 759 1004 3044 760 1005 3045 761 1006 3046 759 1004 3047 762 83 3048 747 996 3049 746 995 3050 763 83 3051 762 83 3052 746 995 3053 764 1007 3054 763 83 3055 746 995 3056 765 1008 3057 764 1007 3058 746 995 3059 766 1009 3060 765 1008 3061 746 995 3062 746 995 3063 767 83 3064 766 1009 3065 767 83 3066 768 1010 3067 766 1009 3068 768 1010 3069 769 1011 3070 766 1009 3071 769 1011 3072 770 83 3073 766 1009 3074 770 83 3075 769 1011 3076 771 83 3077 770 83 3078 771 83 3079 772 1012 3080 773 83 3081 770 83 3082 772 1012 3083 774 1013 3084 773 83 3085 772 1012 3086 775 1014 3087 774 1013 3088 772 1012 3089 772 1012 3090 740 991 3091 775 1014 3092 772 1012 3093 776 1015 3094 740 991 3095 776 1015 3096 777 83 3097 740 991 3098 777 83 3099 738 83 3100 740 991 3101 615 1016 3102 588 1017 3103 614 1018 3104 615 1016 3105 591 1019 3106 588 1017 3107 605 1020 3108 565 1021 3109 604 1022 3110 605 1020 3111 566 1023 3112 565 1021 3113 199 1024 3114 197 1025 3115 6 1026 3116 199 1024 3117 6 1026 3118 3 1027 3119 3 1027 3120 201 1028 3121 199 1024 3122 3 1027 3123 1 1029 3124 201 1028 3125 1 1029 3126 179 1030 3127 201 1028 3128 1 1029 3129 0 1031 3130 179 1030 3131 511 657 3132 236 657 3133 237 657 3134 511 657 3135 508 657 3136 236 657 3137 510 40 3138 506 40 3139 505 40 3140 510 40 3141 509 40 3142 506 40 3143 237 877 3144 504 877 3145 511 877 3146 237 877 3147 242 877 3148 504 877 3149 239 642 3150 508 642 3151 507 642 3152 239 642 3153 236 642 3154 508 642 3155 242 678 3156 507 678 3157 504 678 3158 242 678 3159 239 678 3160 507 678 3161 663 1032 3162 56 1033 3163 54 1034 3164 663 1032 3165 57 1035 3166 56 1033 3167 663 1032 3168 664 1036 3169 57 1035 3170 664 1036 3171 58 1037 3172 57 1035 3173 664 1036 3174 665 1038 3175 58 1037 3176 648 1039 3177 58 1037 3178 665 1038 3179 648 1039 3180 55 1040 3181 58 1037 3182 649 1041 3183 55 1040 3184 648 1039 3185 649 1041 3186 52 1042 3187 55 1040 3188 649 1041 3189 60 1043 3190 52 1042 3191 649 1041 3192 650 1044 3193 60 1043 3194 651 1045 3195 60 1043 3196 650 1044 3197 651 1045 3198 59 1046 3199 60 1043 3200 652 1047 3201 59 1046 3202 651 1045 3203 652 1047 3204 50 1048 3205 59 1046 3206 652 1047 3207 51 1049 3208 50 1048 3209 652 1047 3210 653 1050 3211 51 1049 3212 654 1051 3213 51 1049 3214 653 1050 3215 654 1051 3216 46 1052 3217 51 1049 3218 654 1051 3219 47 1053 3220 46 1052 3221 654 1051 3222 655 1054 3223 47 1053 3224 655 1054 3225 49 1055 3226 47 1053 3227 655 1054 3228 656 1056 3229 49 1055 3230 657 1057 3231 49 1055 3232 656 1056 3233 657 1057 3234 48 1058 3235 49 1055 3236 657 1057 3237 53 1059 3238 48 1058 3239 657 1057 3240 658 1060 3241 53 1059 3242 658 1060 3243 63 1061 3244 53 1059 3245 658 1060 3246 659 1062 3247 63 1061 3248 660 1063 3249 63 1061 3250 659 1062 3251 660 1063 3252 62 1064 3253 63 1061 3254 661 1065 3255 62 1064 3256 660 1063 3257 661 1065 3258 61 1066 3259 62 1064 3260 661 1065 3261 54 1034 3262 61 1066 3263 661 1065 3264 662 1067 3265 54 1034 3266 663 1032 3267 54 1034 3268 662 1067 3269 778 1068 3270 779 1069 3271 780 1070 3272 779 1069 3273 781 83 3274 780 1070 3275 779 1069 3276 782 83 3277 781 83 3278 783 1071 3279 459 1072 3280 778 1068 3281 784 1073 3282 783 1071 3283 778 1068 3284 785 1074 3285 784 1073 3286 778 1068 3287 786 1075 3288 785 1074 3289 778 1068 3290 786 1075 3291 778 1068 3292 780 1070 3293 787 83 3294 786 1075 3295 780 1070 3296 788 83 3297 787 83 3298 780 1070 3299 789 1076 3300 788 83 3301 780 1070 3302 790 1077 3303 789 1076 3304 780 1070 3305 748 997 3306 790 1077 3307 780 1070 3308 748 997 3309 780 1070 3310 744 994 3311 780 1070 3312 791 1078 3313 744 994 3314 780 1070 3315 792 1079 3316 791 1078 3317 783 1071 3318 424 1080 3319 459 1072 3320 783 1071 3321 793 83 3322 424 1080 3323 793 83 3324 794 1081 3325 424 1080 3326 760 1005 3327 795 83 3328 761 1006 3329 795 83 3330 796 1082 3331 761 1006 3332 796 1082 3333 797 1083 3334 761 1006 3335 794 1081 3336 797 1083 3337 796 1082 3338 794 1081 3339 796 1082 3340 798 1084 3341 794 1081 3342 798 1084 3343 424 1080 3344 798 1084 3345 427 83 3346 424 1080 3347 798 1084 3348 429 1085 3349 427 83 3350 798 1084 3351 799 83 3352 429 1085 3353 799 83 3354 800 1086 3355 429 1085 3356 800 1086 3357 431 1087 3358 429 1085 3359 800 1086 3360 801 1088 3361 431 1087 3362 801 1088 3363 433 1089 3364 431 1087 3365 433 1089 3366 801 1088 3367 802 1090 3368 433 1089 3369 802 1090 3370 803 1091 3371 435 1092 3372 433 1089 3373 803 1091 3374 435 1092 3375 803 1091 3376 600 683 3377 437 83 3378 435 1092 3379 600 683 3380 604 690 3381 804 1093 3382 443 688 3383 804 1093 3384 445 1094 3385 443 688 3386 804 1093 3387 805 83 3388 445 1094 3389 445 1094 3390 805 83 3391 806 1095 3392 447 1096 3393 445 1094 3394 806 1095 3395 447 1096 3396 806 1095 3397 807 1097 3398 449 83 3399 447 1096 3400 807 1097 3401 449 83 3402 807 1097 3403 808 83 3404 451 83 3405 449 83 3406 808 83 3407 451 83 3408 808 83 3409 809 1098 3410 453 1099 3411 451 83 3412 809 1098 3413 453 1099 3414 809 1098 3415 810 1100 3416 455 83 3417 453 1099 3418 810 1100 3419 455 83 3420 810 1100 3421 811 83 3422 455 83 3423 811 83 3424 812 1101 3425 457 1102 3426 455 83 3427 812 1101 3428 459 1072 3429 457 1102 3430 812 1101 3431 459 1072 3432 812 1101 3433 778 1068 3434 244 1103 3435 590 1104 3436 589 1105 3437 244 1103 3438 243 1106 3439 590 1104 3440 240 1107 3441 567 1108 3442 564 1109 3443 240 1107 3444 235 1110 3445 567 1108 3446 625 1111 3447 721 1112 3448 720 1113 3449 627 1114 3450 721 1112 3451 625 1111 3452 627 1114 3453 722 1115 3454 721 1112 3455 629 1116 3456 722 1115 3457 627 1114 3458 629 1116 3459 723 1117 3460 722 1115 3461 630 1118 3462 723 1117 3463 629 1116 3464 630 1118 3465 724 1119 3466 723 1117 3467 631 1120 3468 724 1119 3469 630 1118 3470 631 1120 3471 725 1121 3472 724 1119 3473 632 1122 3474 725 1121 3475 631 1120 3476 632 1122 3477 726 1123 3478 725 1121 3479 813 1124 3480 726 1123 3481 632 1122 3482 813 1124 3483 727 1125 3484 726 1123 3485 814 1126 3486 727 1125 3487 813 1124 3488 814 1126 3489 728 1127 3490 727 1125 3491 815 1128 3492 728 1127 3493 814 1126 3494 815 1128 3495 729 1129 3496 728 1127 3497 816 1130 3498 729 1129 3499 815 1128 3500 816 1130 3501 730 1131 3502 729 1129 3503 817 1132 3504 730 1131 3505 816 1130 3506 817 1132 3507 731 1133 3508 730 1131 3509 818 1134 3510 731 1133 3511 817 1132 3512 818 1134 3513 732 1135 3514 731 1133 3515 819 1136 3516 732 1135 3517 818 1134 3518 819 1136 3519 733 1137 3520 732 1135 3521 820 1138 3522 733 1137 3523 819 1136 3524 820 1138 3525 734 1139 3526 733 1137 3527 821 1140 3528 734 1139 3529 820 1138 3530 821 1140 3531 735 1141 3532 734 1139 3533 822 1142 3534 735 1141 3535 821 1140 3536 822 1142 3537 736 1143 3538 735 1141 3539 623 1144 3540 736 1143 3541 822 1142 3542 623 1144 3543 737 1145 3544 736 1143 3545 624 1146 3546 737 1145 3547 623 1144 3548 624 1146 3549 720 1113 3550 737 1145 3551 625 1111 3552 720 1113 3553 624 1146 3554 621 1147 3555 709 1148 3556 708 1149 3557 620 1150 3558 709 1148 3559 621 1147 3560 620 1150 3561 710 1151 3562 709 1148 3563 611 1152 3564 710 1151 3565 620 1150 3566 611 1152 3567 711 1153 3568 710 1151 3569 610 1154 3570 711 1153 3571 611 1152 3572 610 1154 3573 712 1155 3574 711 1153 3575 609 1156 3576 712 1155 3577 610 1154 3578 609 1156 3579 713 1157 3580 712 1155 3581 608 1158 3582 713 1157 3583 609 1156 3584 608 1158 3585 714 1159 3586 713 1157 3587 607 1160 3588 714 1159 3589 608 1158 3590 607 1160 3591 715 1161 3592 714 1159 3593 606 1162 3594 715 1161 3595 607 1160 3596 606 1162 3597 716 1163 3598 715 1161 3599 613 1164 3600 716 1163 3601 606 1162 3602 613 1164 3603 717 1165 3604 716 1163 3605 635 1166 3606 717 1165 3607 613 1164 3608 635 1166 3609 718 1167 3610 717 1165 3611 637 1168 3612 718 1167 3613 635 1166 3614 637 1168 3615 719 1169 3616 718 1167 3617 638 1170 3618 719 1169 3619 637 1168 3620 638 1170 3621 702 1171 3622 719 1169 3623 640 1172 3624 702 1171 3625 638 1170 3626 640 1172 3627 703 1173 3628 702 1171 3629 642 1174 3630 703 1173 3631 640 1172 3632 642 1174 3633 704 1175 3634 703 1173 3635 645 1176 3636 704 1175 3637 642 1174 3638 645 1176 3639 705 1177 3640 704 1175 3641 647 1178 3642 705 1177 3643 645 1176 3644 647 1178 3645 706 1179 3646 705 1177 3647 626 1180 3648 706 1179 3649 647 1178 3650 626 1180 3651 707 1181 3652 706 1179 3653 622 1182 3654 707 1181 3655 626 1180 3656 622 1182 3657 708 1149 3658 707 1181 3659 621 1147 3660 708 1149 3661 622 1182 3662 823 1183 3663 589 877 3664 591 877 3665 823 1183 3666 591 877 3667 824 1184 3668 824 1184 3669 825 1185 3670 823 1183 3671 824 1184 3672 826 1186 3673 825 1185 3674 826 1186 3675 827 1187 3676 825 1185 3677 826 1186 3678 828 1188 3679 827 1187 3680 828 1188 3681 829 1189 3682 827 1187 3683 828 1188 3684 830 1190 3685 829 1189 3686 830 1190 3687 831 1191 3688 829 1189 3689 830 1190 3690 832 1192 3691 831 1191 3692 832 1192 3693 833 1193 3694 831 1191 3695 832 1192 3696 834 1194 3697 833 1193 3698 834 1194 3699 835 1195 3700 833 1193 3701 834 1194 3702 836 1196 3703 835 1195 3704 836 1196 3705 837 1197 3706 835 1195 3707 836 1196 3708 838 1198 3709 837 1197 3710 838 1198 3711 839 1199 3712 837 1197 3713 838 1198 3714 840 1200 3715 839 1199 3716 549 1201 3717 839 1199 3718 840 1200 3719 549 1201 3720 840 1200 3721 550 1202 3722 531 877 3723 841 1203 3724 842 877 3725 531 877 3726 533 1204 3727 841 1203 3728 533 1204 3729 843 1205 3730 841 1203 3731 533 1204 3732 535 1206 3733 843 1205 3734 535 1206 3735 844 1207 3736 843 1205 3737 535 1206 3738 536 1208 3739 844 1207 3740 536 1208 3741 845 1209 3742 844 1207 3743 536 1208 3744 538 1210 3745 845 1209 3746 538 1210 3747 846 1211 3748 845 1209 3749 538 1210 3750 541 1212 3751 846 1211 3752 541 1212 3753 847 1213 3754 846 1211 3755 541 1212 3756 542 1214 3757 847 1213 3758 848 1215 3759 847 1213 3760 542 1214 3761 848 1215 3762 542 1214 3763 544 1216 3764 849 1217 3765 850 1218 3766 851 1219 3767 849 1217 3768 852 1220 3769 850 1218 3770 842 1221 3771 850 1218 3772 852 1220 3773 842 1221 3774 852 1220 3775 531 1222 3776 853 1223 3777 854 1224 3778 855 1225 3779 853 1223 3780 855 1225 3781 856 1226 3782 856 1226 3783 857 1227 3784 853 1223 3785 856 1226 3786 858 1228 3787 857 1227 3788 858 1228 3789 859 1229 3790 857 1227 3791 858 1228 3792 860 1230 3793 859 1229 3794 860 1230 3795 861 1231 3796 859 1229 3797 860 1230 3798 862 1232 3799 861 1231 3800 862 1232 3801 863 1233 3802 861 1231 3803 862 1232 3804 864 1234 3805 863 1233 3806 864 1234 3807 865 1235 3808 863 1233 3809 864 1234 3810 866 1236 3811 865 1235 3812 866 1236 3813 867 1237 3814 865 1235 3815 866 1236 3816 868 1238 3817 867 1237 3818 868 1238 3819 869 1239 3820 867 1237 3821 868 1238 3822 870 1240 3823 869 1239 3824 870 1240 3825 851 1219 3826 869 1239 3827 870 1240 3828 849 1217 3829 851 1219 3830 567 877 3831 871 1241 3832 565 877 3833 567 877 3834 872 1242 3835 871 1241 3836 873 1243 3837 871 1241 3838 872 1242 3839 873 1243 3840 872 1242 3841 874 1244 3842 875 1245 3843 873 1243 3844 874 1244 3845 875 1245 3846 874 1244 3847 876 1246 3848 877 1247 3849 875 1245 3850 876 1246 3851 877 1247 3852 876 1246 3853 878 1248 3854 879 1249 3855 877 1247 3856 878 1248 3857 879 1249 3858 878 1248 3859 880 1250 3860 881 1251 3861 879 1249 3862 880 1250 3863 881 1251 3864 880 1250 3865 882 1252 3866 883 1253 3867 881 1251 3868 882 1252 3869 883 1253 3870 882 1252 3871 884 1254 3872 885 1255 3873 883 1253 3874 884 1254 3875 885 1255 3876 884 1254 3877 886 1256 3878 887 1257 3879 885 1255 3880 886 1256 3881 887 1257 3882 886 1256 3883 888 1258 3884 888 1258 3885 279 1259 3886 887 1257 3887 888 1258 3888 277 1260 3889 279 1259 3890 544 1261 3891 889 1262 3892 848 1263 3893 544 1261 3894 890 1264 3895 889 1262 3896 890 1264 3897 891 1265 3898 889 1262 3899 890 1264 3900 892 1266 3901 891 1265 3902 892 1266 3903 893 1267 3904 891 1265 3905 892 1266 3906 894 1268 3907 893 1267 3908 894 1268 3909 895 1269 3910 893 1267 3911 894 1268 3912 896 1270 3913 895 1269 3914 896 1270 3915 897 1271 3916 895 1269 3917 896 1270 3918 898 1272 3919 897 1271 3920 898 1272 3921 899 1273 3922 897 1271 3923 898 1272 3924 900 1274 3925 899 1273 3926 900 1274 3927 901 1275 3928 899 1273 3929 900 1274 3930 902 1276 3931 901 1275 3932 902 1276 3933 903 1277 3934 901 1275 3935 902 1276 3936 904 1278 3937 903 1277 3938 904 1278 3939 905 1279 3940 903 1277 3941 904 1278 3942 906 1280 3943 905 1279 3944 590 642 3945 905 1279 3946 906 1280 3947 590 642 3948 906 1280 3949 588 642 3950 907 1281 3951 586 1282 3952 587 1283 3953 907 1281 3954 587 1283 3955 908 1284 3956 908 1284 3957 909 1285 3958 907 1281 3959 908 1284 3960 910 1286 3961 909 1285 3962 910 1286 3963 911 1287 3964 909 1285 3965 910 1286 3966 912 1288 3967 911 1287 3968 912 1288 3969 913 1289 3970 911 1287 3971 912 1288 3972 914 1290 3973 913 1289 3974 914 1290 3975 915 1291 3976 913 1289 3977 914 1290 3978 916 1292 3979 915 1291 3980 916 1292 3981 917 1293 3982 915 1291 3983 916 1292 3984 918 1294 3985 917 1293 3986 918 1294 3987 854 877 3988 917 1293 3989 918 1294 3990 855 877 3991 854 877 3992 798 1295 3993 796 1296 3994 550 1297 3995 798 1295 3996 550 1297 3997 840 1298 3998 840 1298 3999 799 1299 4000 798 1295 4001 840 1298 4002 838 1300 4003 799 1299 4004 836 1301 4005 799 1299 4006 838 1300 4007 836 1301 4008 800 1302 4009 799 1299 4010 834 1303 4011 800 1302 4012 836 1301 4013 834 1303 4014 801 1304 4015 800 1302 4016 834 1303 4017 802 1305 4018 801 1304 4019 834 1303 4020 832 1306 4021 802 1305 4022 830 1307 4023 802 1305 4024 832 1306 4025 830 1307 4026 803 1308 4027 802 1305 4028 830 1307 4029 600 1309 4030 803 1308 4031 830 1307 4032 828 1310 4033 600 1309 4034 828 1310 4035 601 1311 4036 600 1309 4037 828 1310 4038 826 1312 4039 601 1311 4040 824 1313 4041 601 1311 4042 826 1312 4043 824 1313 4044 602 1314 4045 601 1311 4046 602 1314 4047 824 1313 4048 591 1315 4049 602 1314 4050 591 1315 4051 615 1316 4052 919 1317 4053 308 1318 4054 920 1319 4055 919 1317 4056 306 1320 4057 308 1318 4058 921 1321 4059 306 1320 4060 919 1317 4061 921 1321 4062 303 1322 4063 306 1320 4064 922 1323 4065 303 1322 4066 921 1321 4067 922 1323 4068 298 1324 4069 303 1322 4070 298 1324 4071 922 1323 4072 487 1325 4073 298 1324 4074 487 1325 4075 296 1326 4076 923 1327 4077 295 1328 4078 484 1329 4079 923 1327 4080 297 1330 4081 295 1328 4082 297 1330 4083 923 1327 4084 924 1331 4085 297 1330 4086 924 1331 4087 299 1332 4088 925 1333 4089 299 1332 4090 924 1331 4091 925 1333 4092 300 1334 4093 299 1332 4094 926 1335 4095 300 1334 4096 925 1333 4097 926 1335 4098 318 1336 4099 300 1334 4100 927 1337 4101 318 1336 4102 926 1335 4103 927 1337 4104 316 1338 4105 318 1336 4106 928 1339 4107 316 1338 4108 927 1337 4109 928 1339 4110 314 1340 4111 316 1338 4112 929 1341 4113 314 1340 4114 928 1339 4115 929 1341 4116 311 1342 4117 314 1340 4118 930 1343 4119 311 1342 4120 929 1341 4121 930 1343 4122 309 1344 4123 311 1342 4124 920 1319 4125 309 1344 4126 930 1343 4127 920 1319 4128 308 1318 4129 309 1344 4130 775 1345 4131 498 1346 4132 774 1347 4133 775 1345 4134 497 1348 4135 498 1346 4136 740 1349 4137 497 1348 4138 775 1345 4139 740 1349 4140 496 1350 4141 497 1348 4142 496 1350 4143 740 1349 4144 741 1351 4145 496 1350 4146 741 1351 4147 490 1352 4148 490 1352 4149 741 1351 4150 742 1353 4151 490 1352 4152 742 1353 4153 488 1354 4154 492 1355 4155 749 1356 4156 747 1357 4157 492 1355 4158 747 1357 4159 493 1358 4160 493 1358 4161 747 1357 4162 762 1359 4163 493 1358 4164 762 1359 4165 494 1360 4166 763 1361 4167 494 1360 4168 762 1359 4169 763 1361 4170 495 1362 4171 494 1360 4172 764 1363 4173 495 1362 4174 763 1361 4175 764 1363 4176 503 1364 4177 495 1362 4178 765 1365 4179 503 1364 4180 764 1363 4181 765 1365 4182 502 1366 4183 503 1364 4184 766 1367 4185 502 1366 4186 765 1365 4187 766 1367 4188 501 1368 4189 502 1366 4190 770 1369 4191 501 1368 4192 766 1367 4193 770 1369 4194 500 1370 4195 501 1368 4196 773 1371 4197 500 1370 4198 770 1369 4199 773 1371 4200 499 1372 4201 500 1370 4202 774 1347 4203 499 1372 4204 773 1371 4205 774 1347 4206 498 1346 4207 499 1372 4208 752 1373 4209 488 1374 4210 742 1375 4211 752 1373 4212 489 1376 4213 488 1374 4214 489 1376 4215 752 1373 4216 750 1377 4217 489 1376 4218 750 1377 4219 491 1378 4220 491 1378 4221 750 1377 4222 749 1379 4223 491 1378 4224 749 1379 4225 492 1380 4226 623 709 4227 822 1381 4228 616 702 4229 822 1381 4230 931 1382 4231 616 702 4232 822 1381 4233 932 1383 4234 931 1382 4235 932 1383 4236 822 1381 4237 821 1384 4238 932 1383 4239 821 1384 4240 820 1385 4241 933 1386 4242 932 1383 4243 820 1385 4244 933 1386 4245 820 1385 4246 819 1387 4247 934 1388 4248 933 1386 4249 819 1387 4250 934 1388 4251 819 1387 4252 818 1389 4253 934 1388 4254 818 1389 4255 817 1390 4256 817 1390 4257 816 1391 4258 934 1388 4259 816 1391 4260 935 1392 4261 934 1388 4262 816 1391 4263 936 83 4264 935 1392 4265 816 1391 4266 937 1393 4267 936 83 4268 632 722 4269 539 721 4270 537 1394 4271 813 1395 4272 632 722 4273 537 1394 4274 813 1395 4275 537 1394 4276 534 1396 4277 813 1395 4278 534 1396 4279 530 1397 4280 814 1398 4281 813 1395 4282 530 1397 4283 815 1399 4284 814 1398 4285 530 1397 4286 815 1399 4287 530 1397 4288 484 1400 4289 815 1399 4290 484 1400 4291 485 1401 4292 485 1401 4293 816 1391 4294 815 1399 4295 816 1391 4296 485 1401 4297 486 1402 4298 486 1402 4299 487 83 4300 816 1391 4301 487 83 4302 937 1393 4303 816 1391 4304 487 83 4305 922 83 4306 937 1393 4307 922 83 4308 921 1403 4309 937 1393 4310 921 1403 4311 938 1404 4312 937 1393 4313 921 1403 4314 919 1405 4315 938 1404 4316 919 1405 4317 939 1406 4318 938 1404 4319 919 1405 4320 940 1407 4321 939 1406 4322 919 1405 4323 941 1408 4324 940 1407 4325 942 1409 4326 941 1408 4327 919 1405 4328 919 1405 4329 920 1410 4330 942 1409 4331 920 1410 4332 930 1411 4333 942 1409 4334 930 1411 4335 929 1412 4336 942 1409 4337 929 1412 4338 943 1413 4339 942 1409 4340 943 1413 4341 929 1412 4342 928 1414 4343 944 1415 4344 943 1413 4345 928 1414 4346 944 1415 4347 928 1414 4348 927 1416 4349 944 1415 4350 927 1416 4351 926 1417 4352 944 1415 4353 926 1417 4354 925 83 4355 925 83 4356 924 1418 4357 944 1415 4358 924 1418 4359 945 83 4360 944 1415 4361 924 1418 4362 946 1419 4363 945 83 4364 924 1418 4365 947 1420 4366 946 1419 4367 924 1418 4368 532 1421 4369 947 1420 4370 924 1418 4371 923 1422 4372 532 1421 4373 532 1421 4374 923 1422 4375 484 1400 4376 530 1397 4377 532 1421 4378 484 1400 4379 931 1423 4380 587 1424 4381 616 1425 4382 931 1423 4383 908 1426 4384 587 1424 4385 908 1426 4386 931 1423 4387 932 1427 4388 908 1426 4389 932 1427 4390 910 1428 4391 912 1429 4392 910 1428 4393 932 1427 4394 912 1429 4395 932 1427 4396 933 1430 4397 912 1429 4398 933 1430 4399 934 1431 4400 912 1429 4401 934 1431 4402 914 1432 4403 914 1432 4404 934 1431 4405 935 1433 4406 914 1432 4407 935 1433 4408 916 1434 4409 918 1435 4410 916 1434 4411 935 1433 4412 918 1435 4413 935 1433 4414 936 1436 4415 855 1437 4416 918 1435 4417 936 1436 4418 855 1437 4419 936 1436 4420 937 1438 4421 531 1439 4422 947 1440 4423 532 1441 4424 531 1439 4425 852 1442 4426 947 1440 4427 852 1442 4428 946 1443 4429 947 1440 4430 852 1442 4431 849 1444 4432 946 1443 4433 849 1444 4434 945 1445 4435 946 1443 4436 849 1444 4437 870 1446 4438 945 1445 4439 868 1447 4440 945 1445 4441 870 1446 4442 868 1447 4443 944 1448 4444 945 1445 4445 866 1449 4446 944 1448 4447 868 1447 4448 866 1449 4449 943 1450 4450 944 1448 4451 942 1451 4452 943 1450 4453 866 1449 4454 942 1451 4455 866 1449 4456 864 1452 4457 864 1452 4458 941 1453 4459 942 1451 4460 864 1452 4461 862 1454 4462 941 1453 4463 862 1454 4464 940 1455 4465 941 1453 4466 862 1454 4467 860 1456 4468 940 1455 4469 858 1457 4470 940 1455 4471 860 1456 4472 858 1457 4473 939 1458 4474 940 1455 4475 856 1459 4476 939 1458 4477 858 1457 4478 856 1459 4479 938 1460 4480 939 1458 4481 938 1460 4482 856 1459 4483 855 1461 4484 938 1460 4485 855 1461 4486 937 1462 4487 596 1463 4488 566 1464 4489 605 1465 4490 596 1463 4491 569 1466 4492 566 1464 4493 569 1466 4494 596 1463 4495 599 1467 4496 569 1466 4497 599 1467 4498 571 1468 4499 573 1469 4500 571 1468 4501 599 1467 4502 573 1469 4503 599 1467 4504 598 1470 4505 575 1471 4506 573 1469 4507 598 1470 4508 575 1471 4509 598 1470 4510 597 1472 4511 575 1471 4512 597 1472 4513 595 1473 4514 575 1471 4515 595 1473 4516 577 1474 4517 579 1475 4518 577 1474 4519 595 1473 4520 579 1475 4521 595 1473 4522 594 1476 4523 579 1475 4524 594 1476 4525 617 1477 4526 579 1475 4527 617 1477 4528 581 1478 4529 581 1478 4530 617 1477 4531 619 1479 4532 581 1478 4533 619 1479 4534 583 1480 4535 585 1481 4536 583 1480 4537 619 1479 4538 585 1481 4539 619 1479 4540 618 1482 4541 618 1482 4542 587 1483 4543 585 1481 4544 618 1482 4545 616 1484 4546 587 1483 4547 948 1485 4548 777 1486 4549 949 1487 4550 948 1485 4551 738 1488 4552 777 1486 4553 738 1488 4554 948 1485 4555 563 1489 4556 738 1488 4557 563 1489 4558 739 1490 4559 546 1491 4560 745 1492 4561 744 1493 4562 546 1491 4563 950 1494 4564 745 1492 4565 950 1494 4566 746 1495 4567 745 1492 4568 950 1494 4569 951 1496 4570 746 1495 4571 951 1496 4572 767 1497 4573 746 1495 4574 951 1496 4575 952 1498 4576 767 1497 4577 953 1499 4578 767 1497 4579 952 1498 4580 953 1499 4581 768 1500 4582 767 1497 4583 954 1501 4584 768 1500 4585 953 1499 4586 954 1501 4587 769 1502 4588 768 1500 4589 955 1503 4590 769 1502 4591 954 1501 4592 955 1503 4593 771 1504 4594 769 1502 4595 955 1503 4596 772 1505 4597 771 1504 4598 955 1503 4599 956 1506 4600 772 1505 4601 956 1506 4602 776 1507 4603 772 1505 4604 956 1506 4605 957 1508 4606 776 1507 4607 949 1487 4608 776 1507 4609 957 1508 4610 949 1487 4611 777 1486 4612 776 1507 4613 779 1509 4614 778 1510 4615 279 1511 4616 779 1509 4617 279 1511 4618 278 1512 4619 278 1512 4620 782 1513 4621 779 1509 4622 278 1512 4623 281 1514 4624 782 1513 4625 283 1515 4626 782 1513 4627 281 1514 4628 283 1515 4629 781 1516 4630 782 1513 4631 283 1515 4632 780 1517 4633 781 1516 4634 283 1515 4635 285 1518 4636 780 1517 4637 285 1518 4638 792 1519 4639 780 1517 4640 285 1518 4641 287 1520 4642 792 1519 4643 289 1521 4644 792 1519 4645 287 1520 4646 289 1521 4647 791 1522 4648 792 1519 4649 791 1522 4650 289 1521 4651 546 1523 4652 791 1522 4653 546 1523 4654 744 1524 4655 795 1525 4656 550 1526 4657 796 1527 4658 795 1525 4659 551 1528 4660 550 1526 4661 551 1528 4662 795 1525 4663 760 1529 4664 551 1528 4665 760 1529 4666 553 1530 4667 555 1531 4668 553 1530 4669 760 1529 4670 555 1531 4671 760 1529 4672 758 1532 4673 555 1531 4674 758 1532 4675 756 1533 4676 555 1531 4677 756 1533 4678 557 1534 4679 557 1534 4680 756 1533 4681 755 1535 4682 557 1534 4683 755 1535 4684 559 1536 4685 561 1537 4686 559 1536 4687 755 1535 4688 561 1537 4689 755 1535 4690 743 1538 4691 563 1539 4692 561 1537 4693 743 1538 4694 563 1539 4695 743 1538 4696 739 1540 4697 588 1541 4698 633 1542 4699 614 1543 4700 588 1541 4701 906 1544 4702 633 1542 4703 906 1544 4704 634 1545 4705 633 1542 4706 906 1544 4707 904 1546 4708 634 1545 4709 902 1547 4710 634 1545 4711 904 1546 4712 902 1547 4713 636 1548 4714 634 1545 4715 900 1549 4716 636 1548 4717 902 1547 4718 900 1549 4719 639 1550 4720 636 1548 4721 900 1549 4722 641 1551 4723 639 1550 4724 900 1549 4725 898 1552 4726 641 1551 4727 896 1553 4728 641 1551 4729 898 1552 4730 896 1553 4731 643 1554 4732 641 1551 4733 896 1553 4734 644 1555 4735 643 1554 4736 896 1553 4737 894 1556 4738 644 1555 4739 894 1556 4740 646 1557 4741 644 1555 4742 894 1556 4743 892 1558 4744 646 1557 4745 890 1559 4746 646 1557 4747 892 1558 4748 890 1559 4749 628 1560 4750 646 1557 4751 628 1560 4752 890 1559 4753 544 1561 4754 628 1560 4755 544 1561 4756 545 1562 4757 406 1563 4758 590 1564 4759 243 1565 4760 406 1563 4761 905 1566 4762 590 1564 4763 905 1566 4764 406 1563 4765 405 1567 4766 905 1566 4767 405 1567 4768 903 1568 4769 901 1569 4770 903 1568 4771 405 1567 4772 901 1569 4773 405 1567 4774 403 1570 4775 899 1571 4776 901 1569 4777 403 1570 4778 899 1571 4779 403 1570 4780 401 1572 4781 899 1571 4782 401 1572 4783 399 1573 4784 899 1571 4785 399 1573 4786 897 1574 4787 895 1575 4788 897 1574 4789 399 1573 4790 895 1575 4791 399 1573 4792 397 1576 4793 895 1575 4794 397 1576 4795 395 1577 4796 895 1575 4797 395 1577 4798 893 1578 4799 893 1578 4800 395 1577 4801 394 1579 4802 893 1578 4803 394 1579 4804 891 1580 4805 889 1581 4806 891 1580 4807 394 1579 4808 889 1581 4809 394 1579 4810 386 1582 4811 386 1582 4812 848 1583 4813 889 1581 4814 386 1582 4815 387 1584 4816 848 1583 4817 369 1585 4818 854 1586 4819 359 1587 4820 369 1585 4821 917 1588 4822 854 1586 4823 917 1588 4824 369 1585 4825 370 1589 4826 917 1588 4827 370 1589 4828 915 1590 4829 913 1591 4830 915 1590 4831 370 1589 4832 913 1591 4833 370 1589 4834 367 1592 4835 911 1593 4836 913 1591 4837 367 1592 4838 911 1593 4839 367 1592 4840 373 1594 4841 911 1593 4842 373 1594 4843 374 1595 4844 911 1593 4845 374 1595 4846 909 1596 4847 907 1597 4848 909 1596 4849 374 1595 4850 907 1597 4851 374 1595 4852 372 1598 4853 372 1598 4854 586 1599 4855 907 1597 4856 372 1598 4857 371 1600 4858 586 1599 4859 408 1601 4860 586 1602 4861 371 1603 4862 408 1601 4863 584 1604 4864 586 1602 4865 584 1604 4866 408 1601 4867 411 1605 4868 584 1604 4869 411 1605 4870 582 1606 4871 580 1607 4872 582 1606 4873 411 1605 4874 580 1607 4875 411 1605 4876 412 1608 4877 578 1609 4878 580 1607 4879 412 1608 4880 578 1609 4881 412 1608 4882 414 1610 4883 578 1609 4884 414 1610 4885 416 1611 4886 578 1609 4887 416 1611 4888 576 1612 4889 574 1613 4890 576 1612 4891 416 1611 4892 574 1613 4893 416 1611 4894 418 1614 4895 574 1613 4896 418 1614 4897 420 1615 4898 574 1613 4899 420 1615 4900 572 1616 4901 572 1616 4902 420 1615 4903 421 1617 4904 572 1616 4905 421 1617 4906 570 1618 4907 568 1619 4908 570 1618 4909 421 1617 4910 568 1619 4911 421 1617 4912 241 1620 4913 564 1621 4914 568 1619 4915 241 1620 4916 564 1621 4917 241 1620 4918 240 1622 4919 589 1623 4920 245 1624 4921 244 1625 4922 589 1623 4923 823 1626 4924 245 1624 4925 823 1626 4926 261 1627 4927 245 1624 4928 823 1626 4929 825 1628 4930 261 1627 4931 827 1629 4932 261 1627 4933 825 1628 4934 827 1629 4935 260 1630 4936 261 1627 4937 829 1631 4938 260 1630 4939 827 1629 4940 829 1631 4941 259 1632 4942 260 1630 4943 829 1631 4944 258 1633 4945 259 1632 4946 829 1631 4947 831 1634 4948 258 1633 4949 833 1635 4950 258 1633 4951 831 1634 4952 833 1635 4953 248 1636 4954 258 1633 4955 833 1635 4956 262 1637 4957 248 1636 4958 833 1635 4959 835 1638 4960 262 1637 4961 835 1638 4962 264 1639 4963 262 1637 4964 835 1638 4965 837 1640 4966 264 1639 4967 839 1641 4968 264 1639 4969 837 1640 4970 839 1641 4971 263 1642 4972 264 1639 4973 263 1642 4974 839 1641 4975 549 1643 4976 263 1642 4977 549 1643 4978 254 1644 4979 850 1645 4980 958 1646 4981 851 1647 4982 850 1645 4983 959 1648 4984 958 1646 4985 959 1648 4986 850 1645 4987 842 1649 4988 959 1648 4989 842 1649 4990 960 1650 4991 854 1651 4992 357 1652 4993 359 1653 4994 854 1651 4995 853 1654 4996 357 1652 4997 853 1654 4998 356 1655 4999 357 1652 5000 853 1654 5001 857 1656 5002 356 1655 5003 857 1656 5004 355 1657 5005 356 1655 5006 857 1656 5007 859 1658 5008 355 1657 5009 861 1659 5010 355 1657 5011 859 1658 5012 861 1659 5013 354 1660 5014 355 1657 5015 863 1661 5016 354 1660 5017 861 1659 5018 863 1661 5019 343 1662 5020 354 1660 5021 865 1663 5022 343 1662 5023 863 1661 5024 865 1663 5025 344 1664 5026 343 1662 5027 865 1663 5028 345 1665 5029 344 1664 5030 865 1663 5031 867 1666 5032 345 1665 5033 867 1666 5034 961 1667 5035 345 1665 5036 867 1666 5037 869 1668 5038 961 1667 5039 851 1647 5040 961 1667 5041 869 1668 5042 851 1647 5043 958 1646 5044 961 1667 5045 218 1669 5046 205 1670 5047 277 1671 5048 218 1669 5049 277 1671 5050 888 1672 5051 888 1672 5052 221 1673 5053 218 1669 5054 888 1672 5055 886 1674 5056 221 1673 5057 884 1675 5058 221 1673 5059 886 1674 5060 884 1675 5061 222 1676 5062 221 1673 5063 882 1677 5064 222 1676 5065 884 1675 5066 882 1677 5067 224 1678 5068 222 1676 5069 882 1677 5070 226 1679 5071 224 1678 5072 882 1677 5073 880 1680 5074 226 1679 5075 878 1681 5076 226 1679 5077 880 1680 5078 878 1681 5079 228 1682 5080 226 1679 5081 878 1681 5082 230 1683 5083 228 1682 5084 878 1681 5085 876 1684 5086 230 1683 5087 876 1684 5088 232 1685 5089 230 1683 5090 876 1684 5091 874 1686 5092 232 1685 5093 872 1687 5094 232 1685 5095 874 1686 5096 872 1687 5097 233 1688 5098 232 1685 5099 233 1688 5100 872 1687 5101 567 1689 5102 233 1688 5103 567 1689 5104 235 1690 5105 962 1691 5106 174 1692 5107 963 1693 5108 962 1691 5109 196 1694 5110 174 1692 5111 196 1694 5112 962 1691 5113 547 1695 5114 196 1694 5115 547 1695 5116 178 1696 5117 562 1697 5118 193 1698 5119 194 1699 5120 562 1697 5121 964 1700 5122 193 1698 5123 964 1700 5124 192 1701 5125 193 1698 5126 964 1700 5127 965 1702 5128 192 1701 5129 965 1702 5130 191 1703 5131 192 1701 5132 965 1702 5133 966 1704 5134 191 1703 5135 967 1705 5136 191 1703 5137 966 1704 5138 967 1705 5139 172 1706 5140 191 1703 5141 968 1707 5142 172 1706 5143 967 1705 5144 968 1707 5145 173 1708 5146 172 1706 5147 968 1707 5148 175 1709 5149 173 1708 5150 968 1707 5151 969 1710 5152 175 1709 5153 969 1710 5154 176 1711 5155 175 1709 5156 969 1710 5157 970 1712 5158 176 1711 5159 970 1712 5160 177 1713 5161 176 1711 5162 970 1712 5163 971 1714 5164 177 1713 5165 963 1693 5166 177 1713 5167 971 1714 5168 963 1693 5169 174 1692 5170 177 1713 5171 842 1715 5172 972 1716 5173 960 1717 5174 842 1715 5175 841 1718 5176 972 1716 5177 841 1718 5178 973 1719 5179 972 1716 5180 841 1718 5181 843 1720 5182 973 1719 5183 844 1721 5184 973 1719 5185 843 1720 5186 844 1721 5187 974 1722 5188 973 1719 5189 845 1723 5190 974 1722 5191 844 1721 5192 845 1723 5193 975 1724 5194 974 1722 5195 845 1723 5196 391 1725 5197 975 1724 5198 845 1723 5199 846 1726 5200 391 1725 5201 847 1727 5202 391 1725 5203 846 1726 5204 847 1727 5205 390 1728 5206 391 1725 5207 390 1728 5208 847 1727 5209 848 1729 5210 390 1728 5211 848 1729 5212 387 1730 5213 384 1731 5214 382 1732 5215 684 1733 5216 382 1732 5217 685 1734 5218 684 1733 5219 382 1732 5220 380 1735 5221 685 1734 5222 380 1735 5223 686 1736 5224 685 1734 5225 380 1735 5226 379 1737 5227 686 1736 5228 379 1737 5229 687 1738 5230 686 1736 5231 379 1737 5232 378 1739 5233 687 1738 5234 378 1739 5235 688 1740 5236 687 1738 5237 378 1739 5238 377 1741 5239 688 1740 5240 377 1741 5241 689 1742 5242 688 1740 5243 377 1741 5244 376 1743 5245 689 1742 5246 376 1743 5247 690 1744 5248 689 1742 5249 376 1743 5250 375 1745 5251 690 1744 5252 375 1745 5253 691 1746 5254 690 1744 5255 375 1745 5256 368 1747 5257 691 1746 5258 368 1747 5259 692 1748 5260 691 1746 5261 368 1747 5262 362 1749 5263 692 1748 5264 362 1749 5265 693 1750 5266 692 1748 5267 362 1749 5268 365 1751 5269 693 1750 5270 365 1751 5271 694 1752 5272 693 1750 5273 365 1751 5274 976 1753 5275 694 1752 5276 976 1753 5277 695 1754 5278 694 1752 5279 976 1753 5280 977 1755 5281 695 1754 5282 977 1755 5283 696 1756 5284 695 1754 5285 977 1755 5286 978 1757 5287 696 1756 5288 978 1757 5289 697 1758 5290 696 1756 5291 978 1757 5292 979 1759 5293 697 1758 5294 979 1759 5295 698 1760 5296 697 1758 5297 979 1759 5298 389 1761 5299 698 1760 5300 389 1761 5301 699 1762 5302 698 1760 5303 389 1761 5304 388 1763 5305 699 1762 5306 388 1763 5307 700 1764 5308 699 1762 5309 388 1763 5310 385 1765 5311 700 1764 5312 385 1765 5313 701 1766 5314 700 1764 5315 385 1765 5316 384 1731 5317 701 1766 5318 384 1731 5319 684 1733 5320 701 1766 5321 391 380 5322 389 379 5323 979 1767 5324 975 1768 5325 391 380 5326 979 1767 5327 975 1768 5328 979 1767 5329 978 1769 5330 974 1770 5331 975 1768 5332 978 1769 5333 974 1770 5334 978 1769 5335 977 1771 5336 973 1772 5337 974 1770 5338 977 1771 5339 972 1773 5340 973 1772 5341 977 1771 5342 972 1773 5343 977 1771 5344 976 1774 5345 976 1774 5346 365 359 5347 972 1773 5348 365 359 5349 960 40 5350 972 1773 5351 366 40 5352 960 40 5353 365 359 5354 366 40 5355 980 40 5356 960 40 5357 960 40 5358 980 40 5359 981 1775 5360 959 40 5361 960 40 5362 981 1775 5363 958 40 5364 959 40 5365 981 1775 5366 961 1776 5367 958 40 5368 981 1775 5369 345 344 5370 961 1776 5371 981 1775 5372 345 344 5373 981 1775 5374 346 345 5375 547 1777 5376 217 1778 5377 178 1779 5378 547 1777 5379 290 1780 5380 217 1778 5381 290 1780 5382 216 1781 5383 217 1778 5384 290 1780 5385 288 1782 5386 216 1781 5387 286 1783 5388 216 1781 5389 288 1782 5390 286 1783 5391 214 1784 5392 216 1781 5393 284 1785 5394 214 1784 5395 286 1783 5396 284 1785 5397 212 1786 5398 214 1784 5399 284 1785 5400 210 1787 5401 212 1786 5402 284 1785 5403 282 1788 5404 210 1787 5405 280 1789 5406 210 1787 5407 282 1788 5408 280 1789 5409 208 1790 5410 210 1787 5411 208 1790 5412 280 1789 5413 277 1791 5414 208 1790 5415 277 1791 5416 205 1792 5417 423 1793 5418 517 1794 5419 516 1795 5420 423 1793 5421 422 1796 5422 517 1794 5423 422 1796 5424 518 1797 5425 517 1794 5426 422 1796 5427 419 1798 5428 518 1797 5429 419 1798 5430 519 1799 5431 518 1797 5432 419 1798 5433 417 1800 5434 519 1799 5435 417 1800 5436 520 1801 5437 519 1799 5438 417 1800 5439 415 1802 5440 520 1801 5441 415 1802 5442 521 1803 5443 520 1801 5444 415 1802 5445 413 1804 5446 521 1803 5447 413 1804 5448 522 1805 5449 521 1803 5450 413 1804 5451 410 1806 5452 522 1805 5453 410 1806 5454 523 1807 5455 522 1805 5456 410 1806 5457 409 1808 5458 523 1807 5459 409 1808 5460 524 1809 5461 523 1807 5462 409 1808 5463 381 1810 5464 524 1809 5465 381 1810 5466 525 1811 5467 524 1809 5468 381 1810 5469 383 1812 5470 525 1811 5471 383 1812 5472 526 1813 5473 525 1811 5474 383 1812 5475 392 1814 5476 526 1813 5477 392 1814 5478 527 1815 5479 526 1813 5480 392 1814 5481 393 1816 5482 527 1815 5483 393 1816 5484 528 1817 5485 527 1815 5486 393 1816 5487 396 1818 5488 528 1817 5489 396 1818 5490 529 1819 5491 528 1817 5492 396 1818 5493 398 1820 5494 529 1819 5495 398 1820 5496 512 1821 5497 529 1819 5498 398 1820 5499 400 1822 5500 512 1821 5501 400 1822 5502 513 1823 5503 512 1821 5504 400 1822 5505 402 1824 5506 513 1823 5507 402 1824 5508 514 1825 5509 513 1823 5510 402 1824 5511 404 1826 5512 514 1825 5513 404 1826 5514 515 1827 5515 514 1825 5516 404 1826 5517 407 1828 5518 515 1827 5519 407 1828 5520 516 1795 5521 515 1827 5522 407 1828 5523 423 1793 5524 516 1795 5525 982 1829 5526 171 1830 5527 170 1831 5528 982 1829 5529 983 1832 5530 171 1830 5531 984 1833 5532 171 1830 5533 983 1832 5534 984 1833 5535 163 1834 5536 171 1830 5537 985 1835 5538 163 1834 5539 984 1833 5540 985 1835 5541 160 1836 5542 163 1834 5543 985 1835 5544 161 1837 5545 160 1836 5546 985 1835 5547 986 1838 5548 161 1837 5549 987 1839 5550 161 1837 5551 986 1838 5552 987 1839 5553 162 1840 5554 161 1837 5555 988 1841 5556 162 1840 5557 987 1839 5558 988 1841 5559 154 1842 5560 162 1840 5561 988 1841 5562 155 1843 5563 154 1842 5564 988 1841 5565 989 1844 5566 155 1843 5567 990 1845 5568 155 1843 5569 989 1844 5570 990 1845 5571 156 1846 5572 155 1843 5573 990 1845 5574 158 1847 5575 156 1846 5576 990 1845 5577 991 1848 5578 158 1847 5579 991 1848 5580 159 1849 5581 158 1847 5582 991 1848 5583 992 1850 5584 159 1849 5585 993 1851 5586 159 1849 5587 992 1850 5588 993 1851 5589 157 1852 5590 159 1849 5591 165 1853 5592 157 1852 5593 993 1851 5594 165 1853 5595 993 1851 5596 994 1854 5597 994 1854 5598 168 1855 5599 165 1853 5600 994 1854 5601 995 1856 5602 168 1855 5603 996 1857 5604 168 1855 5605 995 1856 5606 996 1857 5607 167 1858 5608 168 1855 5609 997 1859 5610 167 1858 5611 996 1857 5612 997 1859 5613 166 1860 5614 167 1858 5615 997 1859 5616 164 1861 5617 166 1860 5618 997 1859 5619 998 1862 5620 164 1861 5621 999 1863 5622 164 1861 5623 998 1862 5624 999 1863 5625 169 1864 5626 164 1861 5627 999 1863 5628 170 1831 5629 169 1864 5630 999 1863 5631 982 1829 5632 170 1831 5633 754 1865 5634 987 1866 5635 986 1867 5636 757 1868 5637 987 1866 5638 754 1865 5639 757 1868 5640 988 1869 5641 987 1866 5642 759 1870 5643 988 1869 5644 757 1868 5645 759 1870 5646 989 1871 5647 988 1869 5648 761 1872 5649 989 1871 5650 759 1870 5651 761 1872 5652 990 1873 5653 989 1871 5654 797 1874 5655 990 1873 5656 761 1872 5657 797 1874 5658 991 1875 5659 990 1873 5660 794 1876 5661 991 1875 5662 797 1874 5663 794 1876 5664 992 1877 5665 991 1875 5666 793 1878 5667 992 1877 5668 794 1876 5669 793 1878 5670 993 1879 5671 992 1877 5672 783 1880 5673 993 1879 5674 793 1878 5675 783 1880 5676 994 1881 5677 993 1879 5678 784 1882 5679 994 1881 5680 783 1880 5681 784 1882 5682 995 1883 5683 994 1881 5684 785 1884 5685 995 1883 5686 784 1882 5687 785 1884 5688 996 1885 5689 995 1883 5690 786 1886 5691 996 1885 5692 785 1884 5693 786 1886 5694 997 1887 5695 996 1885 5696 787 1888 5697 997 1887 5698 786 1886 5699 787 1888 5700 998 1889 5701 997 1887 5702 788 1890 5703 998 1889 5704 787 1888 5705 788 1890 5706 999 1891 5707 998 1889 5708 789 1892 5709 999 1891 5710 788 1890 5711 789 1892 5712 982 1893 5713 999 1891 5714 790 1894 5715 982 1893 5716 789 1892 5717 790 1894 5718 983 1895 5719 982 1893 5720 748 1896 5721 983 1895 5722 790 1894 5723 748 1896 5724 984 1897 5725 983 1895 5726 751 1898 5727 984 1897 5728 748 1896 5729 751 1898 5730 985 1899 5731 984 1897 5732 753 1900 5733 985 1899 5734 751 1898 5735 753 1900 5736 986 1867 5737 985 1899 5738 754 1865 5739 986 1867 5740 753 1900 5741 472 1901 5742 471 1902 5743 361 1903 5744 472 1901 5745 361 1903 5746 360 1904 5747 360 1904 5748 476 1905 5749 472 1901 5750 360 1904 5751 358 1906 5752 476 1905 5753 358 1906 5754 477 1907 5755 476 1905 5756 358 1906 5757 353 1908 5758 477 1907 5759 353 1908 5760 478 1909 5761 477 1907 5762 353 1908 5763 352 1229 5764 478 1909 5765 352 1229 5766 479 1910 5767 478 1909 5768 352 1229 5769 351 1911 5770 479 1910 5771 351 1911 5772 480 1912 5773 479 1910 5774 351 1911 5775 350 1913 5776 480 1912 5777 350 1913 5778 481 1914 5779 480 1912 5780 350 1913 5781 349 1915 5782 481 1914 5783 349 1915 5784 482 1916 5785 481 1914 5786 349 1915 5787 348 1917 5788 482 1916 5789 348 1917 5790 483 1918 5791 482 1916 5792 348 1917 5793 347 1919 5794 483 1918 5795 347 1919 5796 475 1920 5797 483 1918 5798 347 1919 5799 346 1921 5800 475 1920 5801 346 1921 5802 474 1922 5803 475 1920 5804 346 1921 5805 981 1923 5806 474 1922 5807 473 1924 5808 474 1922 5809 981 1923 5810 473 1924 5811 981 1923 5812 980 1925 5813 980 1925 5814 470 1926 5815 473 1924 5816 980 1925 5817 366 1927 5818 470 1926 5819 964 1928 5820 562 1929 5821 563 1930 5822 964 1928 5823 563 1930 5824 948 1931 5825 948 1931 5826 965 1932 5827 964 1928 5828 948 1931 5829 949 1933 5830 965 1932 5831 949 1933 5832 966 1934 5833 965 1932 5834 949 1933 5835 957 1935 5836 966 1934 5837 957 1935 5838 967 1936 5839 966 1934 5840 957 1935 5841 956 1937 5842 967 1936 5843 956 1937 5844 968 1938 5845 967 1936 5846 956 1937 5847 955 1939 5848 968 1938 5849 955 1939 5850 969 1940 5851 968 1938 5852 955 1939 5853 954 1941 5854 969 1940 5855 954 1941 5856 970 1942 5857 969 1940 5858 954 1941 5859 953 1943 5860 970 1942 5861 953 1943 5862 971 1944 5863 970 1942 5864 953 1943 5865 952 1945 5866 971 1944 5867 952 1945 5868 963 1946 5869 971 1944 5870 952 1945 5871 951 1947 5872 963 1946 5873 951 1947 5874 962 1948 5875 963 1946 5876 951 1947 5877 950 1949 5878 962 1948 5879 547 1950 5880 962 1948 5881 950 1949 5882 547 1950 5883 950 1949 5884 546 1951 5885 565 1952 5886 804 1953 5887 604 1954 5888 565 1952 5889 871 1955 5890 804 1953 5891 871 1955 5892 805 1956 5893 804 1953 5894 871 1955 5895 873 1957 5896 805 1956 5897 875 1958 5898 805 1956 5899 873 1957 5900 875 1958 5901 806 1959 5902 805 1956 5903 877 1960 5904 806 1959 5905 875 1958 5906 877 1960 5907 807 1961 5908 806 1959 5909 877 1960 5910 808 1962 5911 807 1961 5912 877 1960 5913 879 1963 5914 808 1962 5915 881 1964 5916 808 1962 5917 879 1963 5918 881 1964 5919 809 1965 5920 808 1962 5921 881 1964 5922 810 1966 5923 809 1965 5924 881 1964 5925 883 1967 5926 810 1966 5927 883 1967 5928 811 1968 5929 810 1966 5930 883 1967 5931 885 1969 5932 811 1968 5933 887 1970 5934 811 1968 5935 885 1969 5936 887 1970 5937 812 1971 5938 811 1968 5939 812 1971 5940 887 1970 5941 279 1972 5942 812 1971 5943 279 1972 5944 778 1973 5945 267 1974 5946 254 1975 5947 549 1976 5948 267 1974 5949 549 1976 5950 548 1977 5951 548 1977 5952 268 1978 5953 267 1974 5954 548 1977 5955 552 1979 5956 268 1978 5957 554 1980 5958 268 1978 5959 552 1979 5960 554 1980 5961 270 1981 5962 268 1978 5963 554 1980 5964 272 1982 5965 270 1981 5966 554 1980 5967 556 1983 5968 272 1982 5969 556 1983 5970 275 1984 5971 272 1982 5972 556 1983 5973 558 1985 5974 275 1984 5975 560 1986 5976 275 1984 5977 558 1985 5978 560 1986 5979 276 1987 5980 275 1984 5981 276 1987 5982 560 1986 5983 562 1988 5984 276 1987 5985 562 1988 5986 194 1989 5987</p>
        </triangles>
      </mesh>
    </geometry>
  </library_geometries>
  <library_controllers>
    <controller id="pickup_powerup_strength_qc_skeleton_pickup_powerup_strength-skin" name="pickup_powerup_strength.qc_skeleton">
      <skin source="#pickup_powerup_strength-mesh">
        <bind_shape_matrix>1 0 0 0 0 1 0 0 0 0 1 0 0 0 0 1</bind_shape_matrix>
        <source id="pickup_powerup_strength_qc_skeleton_pickup_powerup_strength-skin-joints">
          <Name_array id="pickup_powerup_strength_qc_skeleton_pickup_powerup_strength-skin-joints-array" count="1">jnt_spin</Name_array>
          <technique_common>
            <accessor source="#pickup_powerup_strength_qc_skeleton_pickup_powerup_strength-skin-joints-array" count="1" stride="1">
              <param name="JOINT" type="name"/>
            </accessor>
          </technique_common>
        </source>
        <source id="pickup_powerup_strength_qc_skeleton_pickup_powerup_strength-skin-bind_poses">
          <float_array id="pickup_powerup_strength_qc_skeleton_pickup_powerup_strength-skin-bind_poses-array" count="16">0.9985334 0 -0.05413848 0 0 1 0 0 0.05413848 0 0.9985334 0 0 0 0 1</float_array>
          <technique_common>
            <accessor source="#pickup_powerup_strength_qc_skeleton_pickup_powerup_strength-skin-bind_poses-array" count="1" stride="16">
              <param name="TRANSFORM" type="float4x4"/>
            </accessor>
          </technique_common>
        </source>
        <source id="pickup_powerup_strength_qc_skeleton_pickup_powerup_strength-skin-weights">
          <float_array id="pickup_powerup_strength_qc_skeleton_pickup_powerup_strength-skin-weights-array" count="1000">1 1 1 1 1 1 1 1 1 1 1 1 1 1 1 1 1 1 1 1 1 1 1 1 1 1 1 1 1 1 1 1 1 1 1 1 1 1 1 1 1 1 1 1 1 1 1 1 1 1 1 1 1 1 1 1 1 1 1 1 1 1 1 1 1 1 1 1 1 1 1 1 1 1 1 1 1 1 1 1 1 1 1 1 1 1 1 1 1 1 1 1 1 1 1 1 1 1 1 1 1 1 1 1 1 1 1 1 1 1 1 1 1 1 1 1 1 1 1 1 1 1 1 1 1 1 1 1 1 1 1 1 1 1 1 1 1 1 1 1 1 1 1 1 1 1 1 1 1 1 1 1 1 1 1 1 1 1 1 1 1 1 1 1 1 1 1 1 1 1 1 1 1 1 1 1 1 1 1 1 1 1 1 1 1 1 1 1 1 1 1 1 1 1 1 1 1 1 1 1 1 1 1 1 1 1 1 1 1 1 1 1 1 1 1 1 1 1 1 1 1 1 1 1 1 1 1 1 1 1 1 1 1 1 1 1 1 1 1 1 1 1 1 1 1 1 1 1 1 1 1 1 1 1 1 1 1 1 1 1 1 1 1 1 1 1 1 1 1 1 1 1 1 1 1 1 1 1 1 1 1 1 1 1 1 1 1 1 1 1 1 1 1 1 1 1 1 1 1 1 1 1 1 1 1 1 1 1 1 1 1 1 1 1 1 1 1 1 1 1 1 1 1 1 1 1 1 1 1 1 1 1 1 1 1 1 1 1 1 1 1 1 1 1 1 1 1 1 1 1 1 1 1 1 1 1 1 1 1 1 1 1 1 1 1 1 1 1 1 1 1 1 1 1 1 1 1 1 1 1 1 1 1 1 1 1 1 1 1 1 1 1 1 1 1 1 1 1 1 1 1 1 1 1 1 1 1 1 1 1 1 1 1 1 1 1 1 1 1 1 1 1 1 1 1 1 1 1 1 1 1 1 1 1 1 1 1 1 1 1 1 1 1 1 1 1 1 1 1 1 1 1 1 1 1 1 1 1 1 1 1 1 1 1 1 1 1 1 1 1 1 1 1 1 1 1 1 1 1 1 1 1 1 1 1 1 1 1 1 1 1 1 1 1 1 1 1 1 1 1 1 1 1 1 1 1 1 1 1 1 1 1 1 1 1 1 1 1 1 1 1 1 1 1 1 1 1 1 1 1 1 1 1 1 1 1 1 1 1 1 1 1 1 1 1 1 1 1 1 1 1 1 1 1 1 1 1 1 1 1 1 1 1 1 1 1 1 1 1 1 1 1 1 1 1 1 1 1 1 1 1 1 1 1 1 1 1 1 1 1 1 1 1 1 1 1 1 1 1 1 1 1 1 1 1 1 1 1 1 1 1 1 1 1 1 1 1 1 1 1 1 1 1 1 1 1 1 1 1 1 1 1 1 1 1 1 1 1 1 1 1 1 1 1 1 1 1 1 1 1 1 1 1 1 1 1 1 1 1 1 1 1 1 1 1 1 1 1 1 1 1 1 1 1 1 1 1 1 1 1 1 1 1 1 1 1 1 1 1 1 1 1 1 1 1 1 1 1 1 1 1 1 1 1 1 1 1 1 1 1 1 1 1 1 1 1 1 1 1 1 1 1 1 1 1 1 1 1 1 1 1 1 1 1 1 1 1 1 1 1 1 1 1 1 1 1 1 1 1 1 1 1 1 1 1 1 1 1 1 1 1 1 1 1 1 1 1 1 1 1 1 1 1 1 1 1 1 1 1 1 1 1 1 1 1 1 1 1 1 1 1 1 1 1 1 1 1 1 1 1 1 1 1 1 1 1 1 1 1 1 1 1 1 1 1 1 1 1 1 1 1 1 1 1 1 1 1 1 1 1 1 1 1 1 1 1 1 1 1 1 1 1 1 1 1 1 1 1 1 1 1 1 1 1 1 1 1 1 1 1 1 1 1 1 1 1 1 1 1 1 1 1 1 1 1 1 1 1 1 1 1 1 1 1 1 1 1 1 1 1 1 1 1 1 1 1 1 1 1 1 1 1 1 1 1 1 1 1 1 1 1 1 1 1 1 1 1 1 1 1 1 1 1 1 1 1 1 1 1 1 1 1 1 1 1 1 1 1 1 1 1 1 1 1 1 1 1 1 1 1 1 1 1 1 1 1 1 1 1 1 1 1 1 1 1 1 1 1 1 1 1 1 1 1 1 1 1 1 1 1 1 1 1 1 1 1 1 1 1 1 1 1 1 1 1 1 1 1 1 1</float_array>
          <technique_common>
            <accessor source="#pickup_powerup_strength_qc_skeleton_pickup_powerup_strength-skin-weights-array" count="1000" stride="1">
              <param name="WEIGHT" type="float"/>
            </accessor>
          </technique_common>
        </source>
        <joints>
          <input semantic="JOINT" source="#pickup_powerup_strength_qc_skeleton_pickup_powerup_strength-skin-joints"/>
          <input semantic="INV_BIND_MATRIX" source="#pickup_powerup_strength_qc_skeleton_pickup_powerup_strength-skin-bind_poses"/>
        </joints>
        <vertex_weights count="1000">
          <input semantic="JOINT" source="#pickup_powerup_strength_qc_skeleton_pickup_powerup_strength-skin-joints" offset="0"/>
          <input semantic="WEIGHT" source="#pickup_powerup_strength_qc_skeleton_pickup_powerup_strength-skin-weights" offset="1"/>
          <vcount>1 1 1 1 1 1 1 1 1 1 1 1 1 1 1 1 1 1 1 1 1 1 1 1 1 1 1 1 1 1 1 1 1 1 1 1 1 1 1 1 1 1 1 1 1 1 1 1 1 1 1 1 1 1 1 1 1 1 1 1 1 1 1 1 1 1 1 1 1 1 1 1 1 1 1 1 1 1 1 1 1 1 1 1 1 1 1 1 1 1 1 1 1 1 1 1 1 1 1 1 1 1 1 1 1 1 1 1 1 1 1 1 1 1 1 1 1 1 1 1 1 1 1 1 1 1 1 1 1 1 1 1 1 1 1 1 1 1 1 1 1 1 1 1 1 1 1 1 1 1 1 1 1 1 1 1 1 1 1 1 1 1 1 1 1 1 1 1 1 1 1 1 1 1 1 1 1 1 1 1 1 1 1 1 1 1 1 1 1 1 1 1 1 1 1 1 1 1 1 1 1 1 1 1 1 1 1 1 1 1 1 1 1 1 1 1 1 1 1 1 1 1 1 1 1 1 1 1 1 1 1 1 1 1 1 1 1 1 1 1 1 1 1 1 1 1 1 1 1 1 1 1 1 1 1 1 1 1 1 1 1 1 1 1 1 1 1 1 1 1 1 1 1 1 1 1 1 1 1 1 1 1 1 1 1 1 1 1 1 1 1 1 1 1 1 1 1 1 1 1 1 1 1 1 1 1 1 1 1 1 1 1 1 1 1 1 1 1 1 1 1 1 1 1 1 1 1 1 1 1 1 1 1 1 1 1 1 1 1 1 1 1 1 1 1 1 1 1 1 1 1 1 1 1 1 1 1 1 1 1 1 1 1 1 1 1 1 1 1 1 1 1 1 1 1 1 1 1 1 1 1 1 1 1 1 1 1 1 1 1 1 1 1 1 1 1 1 1 1 1 1 1 1 1 1 1 1 1 1 1 1 1 1 1 1 1 1 1 1 1 1 1 1 1 1 1 1 1 1 1 1 1 1 1 1 1 1 1 1 1 1 1 1 1 1 1 1 1 1 1 1 1 1 1 1 1 1 1 1 1 1 1 1 1 1 1 1 1 1 1 1 1 1 1 1 1 1 1 1 1 1 1 1 1 1 1 1 1 1 1 1 1 1 1 1 1 1 1 1 1 1 1 1 1 1 1 1 1 1 1 1 1 1 1 1 1 1 1 1 1 1 1 1 1 1 1 1 1 1 1 1 1 1 1 1 1 1 1 1 1 1 1 1 1 1 1 1 1 1 1 1 1 1 1 1 1 1 1 1 1 1 1 1 1 1 1 1 1 1 1 1 1 1 1 1 1 1 1 1 1 1 1 1 1 1 1 1 1 1 1 1 1 1 1 1 1 1 1 1 1 1 1 1 1 1 1 1 1 1 1 1 1 1 1 1 1 1 1 1 1 1 1 1 1 1 1 1 1 1 1 1 1 1 1 1 1 1 1 1 1 1 1 1 1 1 1 1 1 1 1 1 1 1 1 1 1 1 1 1 1 1 1 1 1 1 1 1 1 1 1 1 1 1 1 1 1 1 1 1 1 1 1 1 1 1 1 1 1 1 1 1 1 1 1 1 1 1 1 1 1 1 1 1 1 1 1 1 1 1 1 1 1 1 1 1 1 1 1 1 1 1 1 1 1 1 1 1 1 1 1 1 1 1 1 1 1 1 1 1 1 1 1 1 1 1 1 1 1 1 1 1 1 1 1 1 1 1 1 1 1 1 1 1 1 1 1 1 1 1 1 1 1 1 1 1 1 1 1 1 1 1 1 1 1 1 1 1 1 1 1 1 1 1 1 1 1 1 1 1 1 1 1 1 1 1 1 1 1 1 1 1 1 1 1 1 1 1 1 1 1 1 1 1 1 1 1 1 1 1 1 1 1 1 1 1 1 1 1 1 1 1 1 1 1 1 1 1 1 1 1 1 1 1 1 1 1 1 1 1 1 1 1 1 1 1 1 1 1 1 1 1 1 1 1 1 1 1 1 1 1 1 1 1 1 1 1 1 1 1 1 1 1 1 1 1 1 1 1 1 1 1 1 1 1 1 1 1 1 1 1 1 1 1 1 1 1 1 1 1 1 1 1 1 1 1 1 1 1 1 1 1 1 1 1 1 1 1 1 1 1 1 1 1 1 1 1 1 1 1 1 1 1 1 1 1 1 1 1 1 1 1 1 1 1 1 1 1 1 1 1 1 1 1 1 1 1 1 1 1 1 1 1 1 1 1 1 1 1 1 1 1 1 1 1 1 1 1 1 1 1 </vcount>
          <v>0 0 0 1 0 2 0 3 0 4 0 5 0 6 0 7 0 8 0 9 0 10 0 11 0 12 0 13 0 14 0 15 0 16 0 17 0 18 0 19 0 20 0 21 0 22 0 23 0 24 0 25 0 26 0 27 0 28 0 29 0 30 0 31 0 32 0 33 0 34 0 35 0 36 0 37 0 38 0 39 0 40 0 41 0 42 0 43 0 44 0 45 0 46 0 47 0 48 0 49 0 50 0 51 0 52 0 53 0 54 0 55 0 56 0 57 0 58 0 59 0 60 0 61 0 62 0 63 0 64 0 65 0 66 0 67 0 68 0 69 0 70 0 71 0 72 0 73 0 74 0 75 0 76 0 77 0 78 0 79 0 80 0 81 0 82 0 83 0 84 0 85 0 86 0 87 0 88 0 89 0 90 0 91 0 92 0 93 0 94 0 95 0 96 0 97 0 98 0 99 0 100 0 101 0 102 0 103 0 104 0 105 0 106 0 107 0 108 0 109 0 110 0 111 0 112 0 113 0 114 0 115 0 116 0 117 0 118 0 119 0 120 0 121 0 122 0 123 0 124 0 125 0 126 0 127 0 128 0 129 0 130 0 131 0 132 0 133 0 134 0 135 0 136 0 137 0 138 0 139 0 140 0 141 0 142 0 143 0 144 0 145 0 146 0 147 0 148 0 149 0 150 0 151 0 152 0 153 0 154 0 155 0 156 0 157 0 158 0 159 0 160 0 161 0 162 0 163 0 164 0 165 0 166 0 167 0 168 0 169 0 170 0 171 0 172 0 173 0 174 0 175 0 176 0 177 0 178 0 179 0 180 0 181 0 182 0 183 0 184 0 185 0 186 0 187 0 188 0 189 0 190 0 191 0 192 0 193 0 194 0 195 0 196 0 197 0 198 0 199 0 200 0 201 0 202 0 203 0 204 0 205 0 206 0 207 0 208 0 209 0 210 0 211 0 212 0 213 0 214 0 215 0 216 0 217 0 218 0 219 0 220 0 221 0 222 0 223 0 224 0 225 0 226 0 227 0 228 0 229 0 230 0 231 0 232 0 233 0 234 0 235 0 236 0 237 0 238 0 239 0 240 0 241 0 242 0 243 0 244 0 245 0 246 0 247 0 248 0 249 0 250 0 251 0 252 0 253 0 254 0 255 0 256 0 257 0 258 0 259 0 260 0 261 0 262 0 263 0 264 0 265 0 266 0 267 0 268 0 269 0 270 0 271 0 272 0 273 0 274 0 275 0 276 0 277 0 278 0 279 0 280 0 281 0 282 0 283 0 284 0 285 0 286 0 287 0 288 0 289 0 290 0 291 0 292 0 293 0 294 0 295 0 296 0 297 0 298 0 299 0 300 0 301 0 302 0 303 0 304 0 305 0 306 0 307 0 308 0 309 0 310 0 311 0 312 0 313 0 314 0 315 0 316 0 317 0 318 0 319 0 320 0 321 0 322 0 323 0 324 0 325 0 326 0 327 0 328 0 329 0 330 0 331 0 332 0 333 0 334 0 335 0 336 0 337 0 338 0 339 0 340 0 341 0 342 0 343 0 344 0 345 0 346 0 347 0 348 0 349 0 350 0 351 0 352 0 353 0 354 0 355 0 356 0 357 0 358 0 359 0 360 0 361 0 362 0 363 0 364 0 365 0 366 0 367 0 368 0 369 0 370 0 371 0 372 0 373 0 374 0 375 0 376 0 377 0 378 0 379 0 380 0 381 0 382 0 383 0 384 0 385 0 386 0 387 0 388 0 389 0 390 0 391 0 392 0 393 0 394 0 395 0 396 0 397 0 398 0 399 0 400 0 401 0 402 0 403 0 404 0 405 0 406 0 407 0 408 0 409 0 410 0 411 0 412 0 413 0 414 0 415 0 416 0 417 0 418 0 419 0 420 0 421 0 422 0 423 0 424 0 425 0 426 0 427 0 428 0 429 0 430 0 431 0 432 0 433 0 434 0 435 0 436 0 437 0 438 0 439 0 440 0 441 0 442 0 443 0 444 0 445 0 446 0 447 0 448 0 449 0 450 0 451 0 452 0 453 0 454 0 455 0 456 0 457 0 458 0 459 0 460 0 461 0 462 0 463 0 464 0 465 0 466 0 467 0 468 0 469 0 470 0 471 0 472 0 473 0 474 0 475 0 476 0 477 0 478 0 479 0 480 0 481 0 482 0 483 0 484 0 485 0 486 0 487 0 488 0 489 0 490 0 491 0 492 0 493 0 494 0 495 0 496 0 497 0 498 0 499 0 500 0 501 0 502 0 503 0 504 0 505 0 506 0 507 0 508 0 509 0 510 0 511 0 512 0 513 0 514 0 515 0 516 0 517 0 518 0 519 0 520 0 521 0 522 0 523 0 524 0 525 0 526 0 527 0 528 0 529 0 530 0 531 0 532 0 533 0 534 0 535 0 536 0 537 0 538 0 539 0 540 0 541 0 542 0 543 0 544 0 545 0 546 0 547 0 548 0 549 0 550 0 551 0 552 0 553 0 554 0 555 0 556 0 557 0 558 0 559 0 560 0 561 0 562 0 563 0 564 0 565 0 566 0 567 0 568 0 569 0 570 0 571 0 572 0 573 0 574 0 575 0 576 0 577 0 578 0 579 0 580 0 581 0 582 0 583 0 584 0 585 0 586 0 587 0 588 0 589 0 590 0 591 0 592 0 593 0 594 0 595 0 596 0 597 0 598 0 599 0 600 0 601 0 602 0 603 0 604 0 605 0 606 0 607 0 608 0 609 0 610 0 611 0 612 0 613 0 614 0 615 0 616 0 617 0 618 0 619 0 620 0 621 0 622 0 623 0 624 0 625 0 626 0 627 0 628 0 629 0 630 0 631 0 632 0 633 0 634 0 635 0 636 0 637 0 638 0 639 0 640 0 641 0 642 0 643 0 644 0 645 0 646 0 647 0 648 0 649 0 650 0 651 0 652 0 653 0 654 0 655 0 656 0 657 0 658 0 659 0 660 0 661 0 662 0 663 0 664 0 665 0 666 0 667 0 668 0 669 0 670 0 671 0 672 0 673 0 674 0 675 0 676 0 677 0 678 0 679 0 680 0 681 0 682 0 683 0 684 0 685 0 686 0 687 0 688 0 689 0 690 0 691 0 692 0 693 0 694 0 695 0 696 0 697 0 698 0 699 0 700 0 701 0 702 0 703 0 704 0 705 0 706 0 707 0 708 0 709 0 710 0 711 0 712 0 713 0 714 0 715 0 716 0 717 0 718 0 719 0 720 0 721 0 722 0 723 0 724 0 725 0 726 0 727 0 728 0 729 0 730 0 731 0 732 0 733 0 734 0 735 0 736 0 737 0 738 0 739 0 740 0 741 0 742 0 743 0 744 0 745 0 746 0 747 0 748 0 749 0 750 0 751 0 752 0 753 0 754 0 755 0 756 0 757 0 758 0 759 0 760 0 761 0 762 0 763 0 764 0 765 0 766 0 767 0 768 0 769 0 770 0 771 0 772 0 773 0 774 0 775 0 776 0 777 0 778 0 779 0 780 0 781 0 782 0 783 0 784 0 785 0 786 0 787 0 788 0 789 0 790 0 791 0 792 0 793 0 794 0 795 0 796 0 797 0 798 0 799 0 800 0 801 0 802 0 803 0 804 0 805 0 806 0 807 0 808 0 809 0 810 0 811 0 812 0 813 0 814 0 815 0 816 0 817 0 818 0 819 0 820 0 821 0 822 0 823 0 824 0 825 0 826 0 827 0 828 0 829 0 830 0 831 0 832 0 833 0 834 0 835 0 836 0 837 0 838 0 839 0 840 0 841 0 842 0 843 0 844 0 845 0 846 0 847 0 848 0 849 0 850 0 851 0 852 0 853 0 854 0 855 0 856 0 857 0 858 0 859 0 860 0 861 0 862 0 863 0 864 0 865 0 866 0 867 0 868 0 869 0 870 0 871 0 872 0 873 0 874 0 875 0 876 0 877 0 878 0 879 0 880 0 881 0 882 0 883 0 884 0 885 0 886 0 887 0 888 0 889 0 890 0 891 0 892 0 893 0 894 0 895 0 896 0 897 0 898 0 899 0 900 0 901 0 902 0 903 0 904 0 905 0 906 0 907 0 908 0 909 0 910 0 911 0 912 0 913 0 914 0 915 0 916 0 917 0 918 0 919 0 920 0 921 0 922 0 923 0 924 0 925 0 926 0 927 0 928 0 929 0 930 0 931 0 932 0 933 0 934 0 935 0 936 0 937 0 938 0 939 0 940 0 941 0 942 0 943 0 944 0 945 0 946 0 947 0 948 0 949 0 950 0 951 0 952 0 953 0 954 0 955 0 956 0 957 0 958 0 959 0 960 0 961 0 962 0 963 0 964 0 965 0 966 0 967 0 968 0 969 0 970 0 971 0 972 0 973 0 974 0 975 0 976 0 977 0 978 0 979 0 980 0 981 0 982 0 983 0 984 0 985 0 986 0 987 0 988 0 989 0 990 0 991 0 992 0 993 0 994 0 995 0 996 0 997 0 998 0 999</v>
        </vertex_weights>
      </skin>
    </controller>
  </library_controllers>
  <library_animations>
    <animation id="action_container-pickup_powerup_strength_qc_skeleton" name="pickup_powerup_strength.qc_skeleton"/>
  </library_animations>
  <library_visual_scenes>
    <visual_scene id="emitter_qc" name="emitter.qc">
      <node id="pickup_powerup_strength_qc_skeleton" name="pickup_powerup_strength.qc_skeleton" type="NODE">
        <matrix sid="transform">1 0 0 0 0 1 0 0 0 0 1 0 0 0 0 1</matrix>
        <node id="pickup_powerup_strength_qc_skeleton_jnt_spin" name="jnt_spin" sid="jnt_spin" type="JOINT">
          <matrix sid="transform">0.9985334 0 0.05413851 0 0 1 0 0 -0.05413851 0 0.9985334 0 0 0 0 1</matrix>
          <extra>
            <technique profile="blender">
              <layer sid="layer" type="string">0</layer>
              <roll sid="roll" type="float">0.05416494</roll>
              <tip_x sid="tip_x" type="float">0</tip_x>
              <tip_y sid="tip_y" type="float">0.000999987</tip_y>
              <tip_z sid="tip_z" type="float">0</tip_z>
            </technique>
          </extra>
        </node>
        <node id="pickup_powerup_strength" name="pickup_powerup_strength" type="NODE">
          <matrix sid="transform">1 0 0 0 0 1 0 0 0 0 1 0 0 0 0 1</matrix>
          <instance_controller url="#pickup_powerup_strength_qc_skeleton_pickup_powerup_strength-skin">
            <skeleton>#pickup_powerup_strength_qc_skeleton_jnt_spin</skeleton>
            <bind_material>
              <technique_common>
                <instance_material symbol="pickup_powerup_set_new-material" target="#pickup_powerup_set_new-material">
                  <bind_vertex_input semantic="UVMap" input_semantic="TEXCOORD" input_set="0"/>
                </instance_material>
              </technique_common>
            </bind_material>
          </instance_controller>
        </node>
      </node>
    </visual_scene>
  </library_visual_scenes>
  <scene>
    <instance_visual_scene url="#emitter_qc"/>
  </scene>
</COLLADA>