<?xml version="1.0" encoding="utf-8"?>
<COLLADA xmlns="http://www.collada.org/2005/11/COLLADASchema" version="1.4.1" xmlns:xsi="http://www.w3.org/2001/XMLSchema-instance">
  <asset>
    <contributor>
      <author>Blender User</author>
      <authoring_tool>Blender 2.90.1 commit date:2020-09-23, commit time:06:43, hash:3e85bb34d0d7</authoring_tool>
    </contributor>
    <created>2023-10-29T01:42:19</created>
    <modified>2023-10-29T01:42:19</modified>
    <unit name="meter" meter="1"/>
    <up_axis>Z_UP</up_axis>
  </asset>
  <library_effects>
    <effect id="pickup_powerup_set_new-effect">
      <profile_COMMON>
        <newparam sid="pickup_powerup_set_new_png-surface">
          <surface type="2D">
            <init_from>pickup_powerup_set_new_png</init_from>
          </surface>
        </newparam>
        <newparam sid="pickup_powerup_set_new_png-sampler">
          <sampler2D>
            <source>pickup_powerup_set_new_png-surface</source>
          </sampler2D>
        </newparam>
        <technique sid="common">
          <lambert>
            <emission>
              <color sid="emission">0 0 0 1</color>
            </emission>
            <diffuse>
              <texture texture="pickup_powerup_set_new_png-sampler" texcoord="UVMap"/>
            </diffuse>
            <index_of_refraction>
              <float sid="ior">1.45</float>
            </index_of_refraction>
          </lambert>
        </technique>
      </profile_COMMON>
    </effect>
  </library_effects>
  <library_images>
    <image id="pickup_powerup_set_new_png" name="pickup_powerup_set_new_png">
      <init_from>pickup_powerup_set_new.png</init_from>
    </image>
  </library_images>
  <library_materials>
    <material id="pickup_powerup_set_new-material" name="pickup_powerup_set_new">
      <instance_effect url="#pickup_powerup_set_new-effect"/>
    </material>
  </library_materials>
  <library_geometries>
    <geometry id="pickup_powerup_plague-mesh" name="pickup_powerup_plague">
      <mesh>
        <source id="pickup_powerup_plague-mesh-positions">
          <float_array id="pickup_powerup_plague-mesh-positions-array" count="3114">-14.7345 43.1655 2.31134 -13.6745 43.626 -2.31134 -14.7345 43.1655 -2.31134 -13.6745 43.626 2.31134 -12.7249 43.8013 -2.31134 -12.7249 43.8013 2.31134 0.482968 22.5006 -4.284 0 22.9743 -2.31134 0 22.9743 -4.284 0.482968 22.5006 -2.31134 1.26246 21.812 -4.284 1.26246 21.812 -2.31134 2.11058 21.1841 -4.284 2.11058 21.1841 -2.31134 5.48584 19.5932 -4.284 5.48584 19.5932 -2.31134 9.55719 19.1188 -4.284 9.557191 19.1188 -2.31134 11.6395 19.4145 -4.284 11.6395 19.4145 -2.31134 13.6863 20.08 -4.284 13.6863 20.08 -2.31134 15.5358 21.0728 -4.284 15.5358 21.0728 -2.31134 16.6551 21.9336 -2.31134 16.6551 21.9336 -4.284 -4.167 25.3691 -4.284 -4.17677 25.3421 -4.284 -5.276 25.7806 -4.284 -4.74501 24.1819 -4.284 -0.482968 22.5006 -4.284 -1.26246 21.812 -4.284 -2.11058 21.1841 -4.284 -5.66314 23.0913 -4.284 -5.48584 19.5932 -4.284 -7.44241 21.7193 -4.284 -9.557191 19.1188 -4.284 -9.973711 20.7239 -4.284 -11.6395 19.4145 -4.284 -11.3742 20.5359 -4.284 -13.6863 20.08 -4.284 -14.09 20.8152 -4.284 -15.5358 21.0728 -4.283999 -15.4522 21.2924 -4.284 -16.6551 21.9336 -4.284 5.276 25.7806 -4.284 4.01391 28.3707 -4.284 5.52253 29.2708 -4.284 4.167 25.3691 -4.284 3.19953 28.0355 -4.284 3.10295 29.2103 -4.284 0 36.4546 -4.284 3.23633 30.9198 -4.284 3.70263 32.6083 -4.284 4.349801 33.9432 -4.284 5.18226 35.1711 -4.284 4.74501 24.1819 -4.283999 4.17677 25.3421 -4.284 -11.674 43.1951 -4.284 -4.72225 42.7639 -4.284 -3.96933 42.3591 -4.284 -3.17506 42.0247 -4.284 -1.47963 41.5843 -4.284 0 41.4773 -4.284 1.47963 41.5843 -4.284 3.17506 42.0247 -4.284 3.96933 42.3591 -4.284 4.72225 42.7639 -4.284 11.674 43.1951 -4.284 5.69135 43.435 -4.284 7.53527 45.628 -4.284 4.24633 44.4396 -4.284 5.57468 47.0187 -4.284 2.62586 45.1429 -4.284 3.34725 47.9927 -4.284 0.850159 45.5146 -4.284 0.908665 48.4935 -4.284 -0.908665 48.4935 -4.284 -0.850159 45.5146 -4.284 -3.34725 47.9927 -4.284 -2.62586 45.1429 -4.284 -5.57468 47.0187 -4.284 -4.24633 44.4396 -4.284 -7.53527 45.628 -4.284 -5.69135 43.435 -4.284 -5.4047 57.4176 -4.284 -5.55313 57.5999 -4.284 -4.24795 58.1388 -4.284 -6.49911 56.4765 -4.284 -7.3376 56.4946 -4.284 -8.098851 54.2642 -4.284 -8.937372 55.0547 -4.284 -8.636311 52.9574 -4.284 -10.2346 53.3992 -4.284 -9.0399 50.2675 -4.284 -11.8595 49.6361 -4.284 -8.74136 48.0406 -4.284 -12.1693 45.9176 -4.284 -8.25591 46.7002 -4.284 -12.0496 44.8692 -4.284 -11.843 43.8498 -4.284 -11.3389 32.3917 -4.284 -7.88807 31.9004 -4.284 -10.4738 30.4075 -4.284 -8.600722 33.5146 -4.284 -11.8642 34.7904 -4.284 -8.982641 35.2638 -4.284 -11.882 37.2224 -4.284 -9.007791 37.0204 -4.284 -11.712 38.3936 -4.284 -8.89088 37.8932 -4.284 -7.8252 37.3895 -4.284 -6.41139 36.4192 -4.284 -5.18226 35.1711 -4.284 -4.349801 33.9432 -4.284 -3.70263 32.6083 -4.284 -3.23633 30.9198 -4.284 -3.10295 29.2103 -4.284 -3.19953 28.0355 -4.284 -4.01391 28.3707 -4.284 -5.52253 29.2708 -4.284 -7.37332 27.012 -4.284 -6.84643 30.4761 -4.284 -9.188012 28.6663 -4.284 6.41139 36.4192 -4.284 7.825201 37.3895 -4.284 8.89088 37.8932 -4.284 11.712 38.3936 -4.284 9.00779 37.0204 -4.284 11.882 37.2224 -4.284 8.982641 35.2638 -4.284 11.8642 34.7904 -4.284 8.600721 33.5146 -4.284 11.3389 32.3917 -4.284 7.888071 31.9004 -4.284 10.4738 30.4075 -4.284 9.188012 28.6663 -4.284 6.84643 30.4761 -4.284 7.37332 27.012 -4.284 12.3259 43.0133 -4.284 13.3121 42.6825 -4.284 13.0009 38.4816 -4.284 14.2799 42.262 -4.284 14.4045 38.2318 -4.284 17.3453 40.1344 -4.284 16.4823 37.3769 -4.284 19.7918 36.8457 -4.284 18.61 35.6824 -4.284 20.5769 34.8945 -4.284 19.473 34.5636 -4.284 21.0239 32.7891 -4.284 20.5891 32.072 -4.284 21.0889 30.6911 -4.284 20.8569 30.6537 -4.284 20.9031 29.2913 -4.284 -11.843 43.8498 2.31134 -11.6745 43.1944 2.31134 -11.674 43.1951 4.284 -11.843 43.8498 4.284 -12.0496 44.8692 4.284 -12.0496 44.8692 2.31134 -12.1693 45.9176 4.284 -12.1693 45.9176 2.31134 -11.8595 49.6361 4.284 -11.8595 49.6361 2.31134 -10.2346 53.3992 4.284 -10.2346 53.3992 2.31134 -8.93737 55.0547 4.284 -8.937372 55.0547 2.31134 -7.3376 56.4946 4.284 -7.337601 56.4946 2.31134 -5.553131 57.5999 4.284 -5.553131 57.5999 2.31134 -4.24795 58.1388 2.31134 -4.247951 58.1388 4.284 -3.19953 28.0355 2.31134 -4.01391 28.3707 4.284 -3.19953 28.0355 4.284 -4.01391 28.3707 2.31134 -5.522531 29.2708 2.31134 -5.52253 29.2708 4.284 -6.84643 30.4761 2.31134 -6.84643 30.4761 4.284 -7.88807 31.9004 2.31134 -7.888071 31.9004 4.284 -8.600722 33.5146 2.31134 -8.600721 33.5146 4.284 -8.982641 35.2638 2.31134 -8.982641 35.2638 4.284 -9.00779 37.0204 4.284 -9.007791 37.0204 2.31134 -8.89088 37.8932 2.31134 -8.89088 37.8932 4.284 4.1174 29.5784 -2.31134 4.23219 30.7459 2.31134 4.1174 29.5784 2.31134 4.23219 30.7459 -2.31134 4.646591 32.2464 2.31134 4.646591 32.2464 -2.31134 5.22441 33.4383 2.31134 5.22441 33.4383 -2.31134 5.96772 34.5346 2.31134 5.967721 34.5346 -2.31134 7.05998 35.6437 2.31134 7.05998 35.6437 -2.31134 8.01369 36.3269 2.31134 8.01369 36.3269 -2.31134 7.97812 35.3786 2.31134 7.97812 35.3786 -2.31134 7.63993 33.8297 2.31134 7.63993 33.8297 -2.31134 7.01216 32.4061 2.31134 7.01216 32.4061 -2.31134 6.093221 31.1507 2.31134 6.093221 31.1507 -2.31134 4.92089 30.0833 2.31134 4.92089 30.0833 -2.31134 3.89629 43.4585 -2.31134 2.82779 42.9741 2.31134 3.89629 43.4585 2.31134 2.82779 42.9741 -2.31134 1.32113 42.5828 2.31134 1.32113 42.5828 -2.31134 0 42.4872 2.31134 0 42.4872 -2.31134 -1.32113 42.5828 2.31134 -1.32113 42.5828 -2.31134 -2.82779 42.9741 -2.31134 -2.82779 42.9741 2.31134 -3.89629 43.4585 -2.31134 -3.89629 43.4585 2.31134 -4.24795 58.1388 -2.31134 -5.553131 57.5999 -2.31134 -7.3376 56.4946 -2.31134 -8.937372 55.0547 -2.31134 -10.2346 53.3992 -2.31134 -11.8595 49.6361 -2.31134 -12.1693 45.9176 -2.31134 -12.0496 44.8692 -2.31134 -11.843 43.8498 -2.31134 -11.6745 43.1944 -2.31134 -16.6551 21.9336 -2.31134 -15.5358 21.0728 -2.31134 -13.6863 20.08 -2.31134 -11.6395 19.4145 -2.31134 -9.557191 19.1188 -2.31134 -5.48584 19.5932 -2.31134 -2.11058 21.1841 -2.31134 -1.26246 21.812 -2.31134 -0.482968 22.5006 -2.31134 5.56285 24.8078 -2.31134 7.97289 26.1978 2.31134 5.56285 24.8078 2.31134 7.97289 26.1978 -2.31134 9.943861 27.9945 2.31134 9.943861 27.9945 -2.31134 11.3499 29.9017 2.31134 11.3499 29.9017 -2.31134 12.2985 32.073 2.31134 12.2985 32.073 -2.31134 12.869 34.6782 2.31134 12.869 34.6782 -2.31134 12.8678 37.4604 2.31134 12.8678 37.4604 -2.31134 -5.56285 24.8078 2.31134 -7.97289 26.1978 -2.31134 -5.56285 24.8078 -2.31134 -7.97289 26.1978 2.31134 -9.943861 27.9945 2.31134 -9.943861 27.9945 -2.31134 -11.3499 29.9017 -2.31134 -11.3499 29.9017 2.31134 -12.2985 32.073 2.31134 -12.2985 32.073 -2.31134 -12.869 34.6782 -2.31134 -12.869 34.6782 2.31134 -12.8678 37.4604 2.31134 -12.8678 37.4604 -2.31134 16.6551 21.9336 2.31134 16.6551 21.9336 4.284 15.5358 21.0728 4.283999 15.5358 21.0728 2.31134 13.6863 20.08 2.31134 13.6863 20.08 4.284 11.6395 19.4145 2.31134 11.6395 19.4145 4.284 9.557191 19.1188 2.31134 9.557191 19.1188 4.284 5.48584 19.5932 2.31134 5.48584 19.5932 4.284 2.11058 21.1841 2.31134 2.11058 21.1841 4.284 1.26246 21.812 2.31134 1.26246 21.812 4.284 0.482968 22.5006 2.31134 0.482968 22.5006 4.284 0 22.9743 2.31134 0 22.9743 4.284 -7.304941 47.0955 2.31134 -6.07294 47.8985 -2.31134 -7.304941 47.0955 -2.31134 -6.07294 47.8985 2.31134 -3.65411 48.9562 2.31134 -3.65411 48.9562 -2.31134 -1.01494 49.4986 2.31134 -1.01494 49.4986 -2.31134 1.01494 49.4986 -2.31134 1.01494 49.4986 2.31134 3.65411 48.9562 -2.31134 3.65411 48.9562 2.31134 6.07294 47.8985 -2.31134 6.07294 47.8985 2.31134 7.304941 47.0955 -2.31134 7.304941 47.0955 2.31134 5.69135 43.435 -2.31134 4.24633 44.4396 -2.31134 2.62586 45.1429 -2.31134 0.850159 45.5146 -2.31134 -0.850159 45.5146 -2.31134 -2.62586 45.1429 -2.31134 -4.24633 44.4396 -2.31134 -5.69135 43.435 -2.31134 4.74501 24.1819 4.284 4.17677 25.3421 4.284 4.167 25.3691 4.284 5.276 25.7806 4.284 7.88807 31.9004 4.284 9.188012 28.6663 4.284 10.4738 30.4075 4.284 6.84643 30.4761 4.284 7.37332 27.012 4.284 5.52253 29.2708 4.284 4.01391 28.3707 4.284 3.19953 28.0355 4.284 15.4522 21.2924 4.284 14.09 20.8152 4.284 11.3742 20.5359 4.284 9.973711 20.7239 4.284 7.44241 21.7193 4.284 5.66314 23.0913 4.284 3.10295 29.2103 4.284 -15.4522 21.2924 4.284 -16.6551 21.9336 4.284 -15.5358 21.0728 4.284 -14.09 20.8152 4.284 -13.6863 20.08 4.284 -11.3742 20.5359 4.284 -11.6395 19.4145 4.284 -9.97371 20.7239 4.284 -9.55719 19.1188 4.284 -7.44241 21.7193 4.284 -5.48584 19.5932 4.284 -5.66314 23.0913 4.284 -2.11058 21.1841 4.284 -4.74501 24.1819 4.283999 -1.26246 21.812 4.284 -0.482968 22.5006 4.284 -4.167 25.3691 4.284 -3.10295 29.2103 4.284 -4.17677 25.3421 4.284 -5.276 25.7806 4.284 -9.188012 28.6663 4.284 -10.4738 30.4075 4.284 -7.37332 27.012 4.284 0 36.4546 4.284 -3.23633 30.9198 4.284 -3.70263 32.6083 4.284 -4.349801 33.9432 4.284 -5.18226 35.1711 4.284 -6.41139 36.4192 4.284 -7.825201 37.3895 4.284 -11.712 38.3936 4.284 -11.882 37.2224 4.284 -11.8642 34.7904 4.284 -11.3389 32.3917 4.284 -4.72225 42.7639 4.284 -3.96933 42.3591 4.284 -3.17506 42.0247 4.284 -1.47963 41.5843 4.284 0 41.4773 4.284 1.47963 41.5843 4.284 3.17506 42.0247 4.284 3.96933 42.3591 4.284 4.72225 42.7639 4.284 11.674 43.1951 4.284 5.69135 43.435 4.284 7.53527 45.628 4.284 4.24633 44.4396 4.284 5.57468 47.0187 4.284 2.62586 45.1429 4.284 3.34725 47.9927 4.284 0.850159 45.5146 4.284 0.908665 48.4935 4.284 3.23633 30.9198 4.284 3.70263 32.6083 4.284 4.349801 33.9432 4.284 5.18226 35.1711 4.284 6.41139 36.4192 4.284 7.8252 37.3895 4.284 8.89088 37.8932 4.284 11.712 38.3936 4.284 9.007791 37.0204 4.284 11.882 37.2224 4.284 8.982641 35.2638 4.284 11.8642 34.7904 4.284 8.600722 33.5146 4.284 11.3389 32.3917 4.284 12.3259 43.0133 4.284 13.3121 42.6825 4.284 13.0009 38.4816 4.284 14.2799 42.262 4.284 14.4045 38.2318 4.284 17.3453 40.1344 4.284 16.4823 37.3769 4.284 19.7918 36.8457 4.284 18.61 35.6824 4.284 20.5769 34.8945 4.284 19.473 34.5636 4.284 21.0239 32.7891 4.284 20.5891 32.072 4.284 21.0889 30.6911 4.284 20.8569 30.6537 4.284 20.9031 29.2913 4.284 -5.69135 43.435 2.31134 -4.24633 44.4396 4.284 -5.69135 43.435 4.284 -4.24633 44.4396 2.31134 -2.62586 45.1429 2.31134 -2.62586 45.1429 4.284 -0.850159 45.5146 2.31134 -0.850159 45.5146 4.284 0.850159 45.5146 2.31134 2.62586 45.1429 2.31134 4.24633 44.4396 2.31134 5.69135 43.435 2.31134 -0.482968 22.5006 2.31134 -1.26246 21.812 2.31134 -2.11058 21.1841 2.31134 -5.48584 19.5932 2.31134 -9.557191 19.1188 2.31134 -11.6395 19.4145 2.31134 -13.6863 20.08 2.31134 -15.5358 21.0728 2.31134 -16.6551 21.9336 2.31134 11.712 38.3936 -2.31134 11.882 37.2224 -2.31134 11.8642 34.7904 -2.31134 11.3389 32.3917 -2.31134 10.4738 30.4075 -2.31134 9.188012 28.6663 -2.31134 7.37332 27.012 -2.31134 5.276 25.7806 -2.31134 4.176771 25.3421 -2.31134 11.843 43.8498 -2.31134 11.6745 43.1944 -2.31134 11.843 43.8498 -4.284 12.0496 44.8692 -4.284 12.0496 44.8692 -2.31134 12.1693 45.9176 -4.284 12.1693 45.9176 -2.31134 11.8595 49.6361 -4.284 11.8595 49.6361 -2.31134 10.2346 53.3992 -4.284 10.2346 53.3992 -2.31134 8.93737 55.0547 -4.284 8.937372 55.0547 -2.31134 7.3376 56.4946 -4.284 7.337601 56.4946 -2.31134 5.553131 57.5999 -4.284 5.553131 57.5999 -2.31134 4.24795 58.1388 -2.31134 4.247951 58.1388 -4.284 5.66314 23.0913 -4.284 7.44241 21.7193 -4.284 9.97371 20.7239 -4.284 11.3742 20.5359 -4.284 14.09 20.8152 -4.284 15.4522 21.2924 -4.284 -3.10295 29.2103 2.31134 -3.23633 30.9198 2.31134 -3.70263 32.6083 2.31134 -4.3498 33.9432 2.31134 -5.18226 35.1711 2.31134 -6.41139 36.4192 2.31134 -7.825201 37.3895 2.31134 3.23633 30.9198 -2.31134 3.70263 32.6083 -2.31134 4.3498 33.9432 -2.31134 5.18226 35.1711 -2.31134 6.41139 36.4192 -2.31134 7.825201 37.3895 -2.31134 8.89088 37.8932 -2.31134 9.007791 37.0204 -2.31134 8.982641 35.2638 -2.31134 8.600722 33.5146 -2.31134 7.88807 31.9004 -2.31134 6.84643 30.4761 -2.31134 5.522531 29.2708 -2.31134 4.01391 28.3707 -2.31134 3.19953 28.0355 -2.31134 3.10295 29.2103 -2.31134 13.0009 38.4816 -2.31134 14.4045 38.2318 -2.31134 16.4823 37.3769 -2.31134 18.61 35.6824 -2.31134 19.473 34.5636 -2.31134 20.5891 32.072 -2.31134 20.8569 30.6537 -2.31134 20.9031 29.2913 -2.31134 -4.72225 42.7639 -2.31134 -3.96933 42.3591 -2.31134 -3.17506 42.0247 -2.31134 -1.47963 41.5843 -2.31134 0 41.4773 -2.31134 1.47963 41.5843 -2.31134 3.17506 42.0247 -2.31134 3.96933 42.3591 -2.31134 4.72225 42.7639 -2.31134 2.31846 44.1797 -2.31134 0.743121 44.5093 -2.31134 -0.743121 44.5093 -2.31134 -2.31846 44.1797 -2.31134 -4.23219 30.7459 2.31134 -4.1174 29.5784 -2.31134 -4.1174 29.5784 2.31134 -4.23219 30.7459 -2.31134 -4.646591 32.2464 2.31134 -4.646591 32.2464 -2.31134 -5.22441 33.4383 -2.31134 -5.22441 33.4383 2.31134 -5.967721 34.5346 2.31134 -5.96772 34.5346 -2.31134 -7.05998 35.6437 -2.31134 -7.05998 35.6437 2.31134 -8.01369 36.3269 -2.31134 -8.01369 36.3269 2.31134 -15.4522 21.2924 -2.31134 -14.09 20.8152 -2.31134 -11.3742 20.5359 -2.31134 -9.973711 20.7239 -2.31134 -7.44241 21.7193 -2.31134 -5.66314 23.0913 -2.31134 -4.74501 24.1819 -2.31134 -4.176771 25.3421 -2.31134 -5.276 25.7806 -2.31134 -7.37332 27.012 -2.31134 -9.188012 28.6663 -2.31134 -10.4738 30.4075 -2.31134 -11.3389 32.3917 -2.31134 -11.8642 34.7904 -2.31134 -11.882 37.2224 -2.31134 -11.712 38.3936 -2.31134 -7.97812 35.3786 2.31134 -7.97812 35.3786 -2.31134 -7.63993 33.8297 2.31134 -7.63993 33.8297 -2.31134 -7.01216 32.4061 -2.31134 -7.01216 32.4061 2.31134 -6.093221 31.1507 2.31134 -6.093221 31.1507 -2.31134 -4.92089 30.0833 -2.31134 -4.92089 30.0833 2.31134 -8.25591 46.7002 -2.31134 -7.53527 45.628 -2.31134 -8.74136 48.0406 -2.31134 -9.0399 50.2675 -2.31134 -8.63631 52.9574 -2.31134 -8.09885 54.2642 -2.31134 -6.49911 56.4765 -2.31134 -5.4047 57.4176 -2.31134 -8.89088 37.8932 -2.31134 -9.00779 37.0204 -2.31134 -8.982641 35.2638 -2.31134 -8.600722 33.5146 -2.31134 -7.88807 31.9004 -2.31134 -6.84643 30.4761 -2.31134 -5.522531 29.2708 -2.31134 -4.01391 28.3707 -2.31134 -3.19953 28.0355 -2.31134 -2.31846 44.1797 2.31134 -0.743121 44.5093 2.31134 0.743121 44.5093 2.31134 2.31846 44.1797 2.31134 15.4522 21.2924 2.31134 14.09 20.8152 2.31134 11.3742 20.5359 2.31134 9.973711 20.7239 2.31134 7.44241 21.7193 2.31134 5.66314 23.0913 2.31134 4.74501 24.1819 2.31134 4.176771 25.3421 2.31134 5.276 25.7806 2.31134 7.37332 27.012 2.31134 9.188012 28.6663 2.31134 10.4738 30.4075 2.31134 11.3389 32.3917 2.31134 11.8642 34.7904 2.31134 11.882 37.2224 2.31134 11.712 38.3936 2.31134 0.626578 21.0264 -2.31134 0 21.7612 2.31134 0 21.7612 -2.31134 0.626578 21.0264 2.31134 1.55543 20.3387 2.31134 1.55543 20.3387 -2.31134 5.1972 18.6217 2.31134 5.1972 18.6217 -2.31134 9.613931 18.107 2.31134 9.613931 18.107 -2.31134 11.8683 18.4271 2.31134 11.8683 18.4271 -2.31134 14.0844 19.1477 2.31134 14.0844 19.1477 -2.31134 16.0133 20.183 2.31134 16.0133 20.183 -2.31134 16.898 21.2459 2.31134 16.898 21.2459 -2.31134 17.1338 21.8111 2.31134 17.1338 21.8111 -2.31134 17.0427 22.3018 2.31134 17.0427 22.3018 -2.31134 5.4047 57.4176 4.284 5.55313 57.5999 4.284 4.24795 58.1388 4.284 6.49911 56.4765 4.284 7.3376 56.4946 4.284 8.098851 54.2642 4.284 8.937372 55.0547 4.284 8.636311 52.9574 4.284 10.2346 53.3992 4.284 9.0399 50.2675 4.284 11.8595 49.6361 4.284 8.74136 48.0406 4.284 12.1693 45.9176 4.284 8.25591 46.7002 4.284 12.0496 44.8692 4.284 11.843 43.8498 4.284 8.25591 46.7002 2.31134 7.53527 45.628 2.31134 8.74136 48.0406 2.31134 9.0399 50.2675 2.31134 8.63631 52.9574 2.31134 8.09885 54.2642 2.31134 6.49911 56.4765 2.31134 5.4047 57.4176 2.31134 4.24795 58.1388 2.31134 8.89088 37.8932 2.31134 9.00779 37.0204 2.31134 8.982641 35.2638 2.31134 8.600722 33.5146 2.31134 7.88807 31.9004 2.31134 6.84643 30.4761 2.31134 5.522531 29.2708 2.31134 4.01391 28.3707 2.31134 3.19953 28.0355 2.31134 7.53527 45.628 -2.31134 5.57468 47.0187 -2.31134 3.34725 47.9927 -2.31134 0.908665 48.4935 -2.31134 -0.908665 48.4935 -2.31134 -3.34725 47.9927 -2.31134 -5.574679 47.0187 -2.31134 -12.3259 43.0133 4.284 -13.3121 42.6825 4.284 -13.0009 38.4816 4.284 -14.2799 42.262 4.284 -14.4045 38.2318 4.284 -17.3453 40.1344 4.284 -16.4823 37.3769 4.284 -19.7918 36.8457 4.284 -18.61 35.6824 4.284 -20.5769 34.8945 4.284 -19.473 34.5636 4.284 -21.0239 32.7891 4.284 -20.5891 32.072 4.284 -21.0889 30.6911 4.284 -20.8569 30.6537 4.284 -20.9031 29.2913 4.284 -5.4047 57.4176 4.284 -6.49911 56.4765 4.284 -8.09885 54.2642 4.284 -8.63631 52.9574 4.284 -9.0399 50.2675 4.284 -8.741359 48.0406 4.284 -8.25591 46.7002 4.284 -7.53527 45.628 4.284 -0.908665 48.4935 4.284 -3.34725 47.9927 4.284 -5.57468 47.0187 4.284 -12.3259 43.0133 -4.284 -13.3121 42.6825 -4.284 -13.0009 38.4816 -4.284 -14.2799 42.262 -4.284 -14.4045 38.2318 -4.284 -17.3453 40.1344 -4.284 -16.4823 37.3769 -4.284 -19.7918 36.8457 -4.284 -18.61 35.6824 -4.284 -20.5769 34.8945 -4.284 -19.473 34.5636 -4.284 -21.0239 32.7891 -4.284 -20.5891 32.072 -4.284 -21.0889 30.6911 -4.284 -20.8569 30.6537 -4.284 -20.9031 29.2913 -4.284 -7.53527 45.628 2.31134 -5.57468 47.0187 2.31134 -3.34725 47.9927 2.31134 -0.908665 48.4935 2.31134 0.908665 48.4935 2.31134 3.34725 47.9927 2.31134 5.574679 47.0187 2.31134 -20.9031 29.2913 2.31134 -20.8569 30.6537 2.31134 -20.5891 32.072 2.31134 -19.473 34.5636 2.31134 -18.61 35.6824 2.31134 -16.4823 37.3769 2.31134 -14.4045 38.2318 2.31134 -13.0009 38.4816 2.31134 -11.712 38.3936 2.31134 -4.72225 42.7639 2.31134 4.72225 42.7639 2.31134 3.96933 42.3591 2.31134 3.17506 42.0247 2.31134 1.47963 41.5843 2.31134 0 41.4773 2.31134 -1.47963 41.5843 2.31134 -3.17506 42.0247 2.31134 -3.96933 42.3591 2.31134 -21.2485 28.938 2.31134 -20.778 28.7716 -2.31134 -20.778 28.7716 2.31134 -21.2485 28.938 -2.31134 -21.6201 29.4248 2.31134 -21.6201 29.4248 -2.31134 -22.0982 30.7224 2.31134 -22.0982 30.7224 -2.31134 -22.0304 32.9106 -2.31134 -22.0304 32.9106 2.31134 -21.5464 35.19 -2.31134 -21.5464 35.19 2.31134 -20.6965 37.3025 2.31134 -20.6965 37.3025 -2.31134 -18.0423 40.8701 2.31134 -18.0423 40.8701 -2.31134 -11.882 37.2224 2.31134 -11.8642 34.7904 2.31134 -11.3389 32.3917 2.31134 -10.4738 30.4075 2.31134 -9.188012 28.6663 2.31134 -7.37332 27.012 2.31134 -5.276 25.7806 2.31134 -4.176771 25.3421 2.31134 3.73534 58.2904 -2.31134 3.78159 57.8505 2.31134 3.73534 58.2904 2.31134 3.78159 57.8505 -2.31134 4.13579 57.3496 2.31134 4.13579 57.3496 -2.31134 4.80491 56.6016 2.31134 4.804911 56.6016 -2.31134 5.77911 55.7639 2.31134 5.77911 55.7639 -2.31134 7.19537 53.8062 2.31134 7.195371 53.8062 -2.31134 7.67074 52.6504 2.31134 7.670741 52.6504 -2.31134 8.02819 50.2579 2.31134 8.02819 50.2579 -2.31134 7.76356 48.3062 2.31134 7.76356 48.3062 -2.31134 20.778 28.7716 -2.31134 21.2485 28.938 2.31134 20.778 28.7716 2.31134 21.2485 28.938 -2.31134 21.6201 29.4248 2.31134 21.6201 29.4248 -2.31134 22.0982 30.7224 2.31134 22.0982 30.7224 -2.31134 22.0304 32.9106 2.31134 22.0304 32.9106 -2.31134 21.5464 35.19 2.31134 21.5464 35.19 -2.31134 20.6965 37.3025 2.31134 20.6965 37.3025 -2.31134 18.0423 40.8701 2.31134 18.0423 40.8701 -2.31134 14.7345 43.1655 2.31134 14.7345 43.1655 -2.31134 13.6745 43.626 2.31134 13.6745 43.626 -2.31134 12.7249 43.8013 2.31134 12.7249 43.8013 -2.31134 14.1455 37.2522 2.31134 14.1455 37.2522 -2.31134 15.9681 36.5056 2.31134 15.9681 36.5056 -2.31134 17.8613 34.9997 2.31134 17.8613 34.9997 -2.31134 18.6246 34.0101 2.31134 18.6246 34.0101 -2.31134 19.6119 31.8048 2.31134 19.6119 31.8048 -2.31134 19.8503 30.5422 2.31134 19.8503 30.5422 -2.31134 20.1635 29.5888 2.31134 20.1635 29.5888 -2.31134 20.4202 29.0316 2.31134 20.4202 29.0316 -2.31134 13.0479 44.7113 2.31134 13.0479 44.7113 -2.31134 13.179 45.8596 2.31134 13.179 45.8596 -2.31134 12.8451 49.8719 2.31134 12.8451 49.8719 -2.31134 11.0825 53.9543 2.31134 11.0825 53.9543 -2.31134 9.678091 55.7466 2.31134 9.678091 55.7466 -2.31134 7.946041 57.3055 2.31134 7.94604 57.3055 -2.31134 6.0849 58.4583 2.31134 6.0849 58.4583 -2.31134 4.72209 58.693 2.31134 4.72209 58.693 -2.31134 4.11469 58.6146 2.31134 4.11469 58.6146 -2.31134 16.6386 22.4817 2.31134 16.6386 22.4817 -2.31134 16.0277 22.4254 2.31134 16.0277 22.4254 -2.31134 15.0454 22.2199 2.31134 15.0454 22.2199 -2.31134 13.8328 21.7951 2.31134 13.8328 21.7951 -2.31134 11.4293 21.5474 2.31134 11.4293 21.5474 -2.31134 10.1906 21.7136 2.31134 10.1906 21.7136 -2.31134 7.93991 22.6003 2.31134 7.93991 22.6003 -2.31134 6.38199 23.8054 2.31134 6.38199 23.8054 -2.31134 -7.76356 48.3062 -2.31134 -8.02819 50.2579 -2.31134 -7.67074 52.6504 -2.31134 -7.19537 53.8062 -2.31134 -5.77911 55.7639 -2.31134 -4.80491 56.6016 -2.31134 -4.13579 57.3496 -2.31134 -3.78159 57.8505 -2.31134 -3.73534 58.2904 -2.31134 -4.11469 58.6146 -2.31134 -4.72209 58.693 -2.31134 -6.0849 58.4583 -2.31134 -7.946041 57.3055 -2.31134 -9.678091 55.7466 -2.31134 -11.0825 53.9543 -2.31134 -12.8451 49.8719 -2.31134 -13.179 45.8596 -2.31134 -13.0479 44.7113 -2.31134 -12.3259 43.0133 -2.31134 -13.3121 42.6825 -2.31134 -14.2799 42.262 -2.31134 -17.3453 40.1344 -2.31134 -19.7918 36.8457 -2.31134 -20.5769 34.8945 -2.31134 -21.0239 32.7891 -2.31134 -21.0889 30.6911 -2.31134 -20.9031 29.2913 -2.31134 -20.4202 29.0316 -2.31134 -20.1635 29.5888 -2.31134 -20.8569 30.6537 -2.31134 -19.8503 30.5422 -2.31134 -19.6119 31.8048 -2.31134 -20.5891 32.072 -2.31134 -18.6246 34.0101 -2.31134 -19.473 34.5636 -2.31134 -17.8613 34.9997 -2.31134 -18.61 35.6824 -2.31134 -16.4823 37.3769 -2.31134 -15.9681 36.5056 -2.31134 -14.4045 38.2318 -2.31134 -14.1455 37.2522 -2.31134 -13.0009 38.4816 -2.31134 -6.38199 23.8054 -2.31134 -7.93991 22.6003 -2.31134 -10.1906 21.7136 -2.31134 -11.4293 21.5474 -2.31134 -13.8328 21.7951 -2.31134 -15.0454 22.2199 -2.31134 -16.0277 22.4254 -2.31134 -16.6386 22.4817 -2.31134 -17.0427 22.3018 -2.31134 -17.1338 21.8111 -2.31134 -16.898 21.2459 -2.31134 -16.0133 20.183 -2.31134 -14.0844 19.1477 -2.31134 -11.8683 18.4271 -2.31134 -9.613931 18.107 -2.31134 -5.1972 18.6217 -2.31134 -1.55543 20.3387 -2.31134 -0.626578 21.0264 -2.31134 15.4522 21.2924 -2.31134 14.09 20.8152 -2.31134 11.3742 20.5359 -2.31134 9.973711 20.7239 -2.31134 7.44241 21.7193 -2.31134 5.66314 23.0913 -2.31134 4.74501 24.1819 -2.31134 21.0889 30.6911 -2.31134 21.0239 32.7891 -2.31134 20.5769 34.8945 -2.31134 19.7918 36.8457 -2.31134 17.3453 40.1344 -2.31134 14.2799 42.262 -2.31134 13.3121 42.6825 -2.31134 12.3259 43.0133 -2.31134 5.4047 57.4176 -2.31134 6.499111 56.4765 -2.31134 8.098851 54.2642 -2.31134 8.63631 52.9574 -2.31134 9.0399 50.2675 -2.31134 8.74136 48.0406 -2.31134 8.25591 46.7002 -2.31134 5.4047 57.4176 -4.284 6.49911 56.4765 -4.284 8.09885 54.2642 -4.284 8.63631 52.9574 -4.284 9.0399 50.2675 -4.284 8.741359 48.0406 -4.284 8.25591 46.7002 -4.284 20.5769 34.8945 2.31134 21.0239 32.7891 2.31134 21.0889 30.6911 2.31134 20.9031 29.2913 2.31134 20.8569 30.6537 2.31134 20.5891 32.072 2.31134 19.473 34.5636 2.31134 18.61 35.6824 2.31134 16.4823 37.3769 2.31134 14.4045 38.2318 2.31134 13.0009 38.4816 2.31134 -0.626578 21.0264 2.31134 -1.55543 20.3387 2.31134 -5.1972 18.6217 2.31134 -9.613931 18.107 2.31134 -11.8683 18.4271 2.31134 -14.0844 19.1477 2.31134 -16.0133 20.183 2.31134 -16.898 21.2459 2.31134 -17.1338 21.8111 2.31134 -17.0427 22.3018 2.31134 -16.6386 22.4817 2.31134 -16.0277 22.4254 2.31134 -15.4522 21.2924 2.31134 -15.0454 22.2199 2.31134 -13.8328 21.7951 2.31134 -14.09 20.8152 2.31134 -11.4293 21.5474 2.31134 -11.3742 20.5359 2.31134 -10.1906 21.7136 2.31134 -9.973711 20.7239 2.31134 -7.44241 21.7193 2.31134 -7.93991 22.6003 2.31134 -5.66314 23.0913 2.31134 -6.38199 23.8054 2.31134 -4.74501 24.1819 2.31134 -14.1455 37.2522 2.31134 -15.9681 36.5056 2.31134 -17.8613 34.9997 2.31134 -18.6246 34.0101 2.31134 -19.6119 31.8048 2.31134 -19.8503 30.5422 2.31134 -20.1635 29.5888 2.31134 -20.4202 29.0316 2.31134 -21.0889 30.6911 2.31134 -21.0239 32.7891 2.31134 -20.5769 34.8945 2.31134 -19.7918 36.8457 2.31134 -17.3453 40.1344 2.31134 -14.2799 42.262 2.31134 -13.3121 42.6825 2.31134 -12.3259 43.0133 2.31134 -13.0479 44.7113 2.31134 -13.179 45.8596 2.31134 -12.8451 49.8719 2.31134 -11.0825 53.9543 2.31134 -9.678091 55.7466 2.31134 -7.94604 57.3055 2.31134 -6.0849 58.4583 2.31134 -4.72209 58.693 2.31134 -4.11469 58.6146 2.31134 -3.73534 58.2904 2.31134 -3.78159 57.8505 2.31134 -4.13579 57.3496 2.31134 -5.4047 57.4176 2.31134 -4.804911 56.6016 2.31134 -5.77911 55.7639 2.31134 -6.499111 56.4765 2.31134 -7.195371 53.8062 2.31134 -8.098851 54.2642 2.31134 -7.670741 52.6504 2.31134 -8.63631 52.9574 2.31134 -9.0399 50.2675 2.31134 -8.02819 50.2579 2.31134 -8.74136 48.0406 2.31134 -7.76356 48.3062 2.31134 -8.25591 46.7002 2.31134 5.553131 57.5999 2.31134 7.3376 56.4946 2.31134 8.937372 55.0547 2.31134 10.2346 53.3992 2.31134 11.8595 49.6361 2.31134 12.1693 45.9176 2.31134 12.0496 44.8692 2.31134 11.843 43.8498 2.31134 11.6745 43.1944 2.31134 12.3259 43.0133 2.31134 13.3121 42.6825 2.31134 14.2799 42.262 2.31134 17.3453 40.1344 2.31134 19.7918 36.8457 2.31134 -3.23633 30.9198 -2.31134 -3.70263 32.6083 -2.31134 -4.3498 33.9432 -2.31134 -5.18226 35.1711 -2.31134 -6.41139 36.4192 -2.31134 -7.825201 37.3895 -2.31134 -3.10295 29.2103 -2.31134 3.23633 30.9198 2.31134 3.70263 32.6083 2.31134 4.3498 33.9432 2.31134 5.18226 35.1711 2.31134 6.41139 36.4192 2.31134 7.825201 37.3895 2.31134 3.10295 29.2103 2.31134</float_array>
          <technique_common>
            <accessor source="#pickup_powerup_plague-mesh-positions-array" count="1038" stride="3">
              <param name="X" type="float"/>
              <param name="Y" type="float"/>
              <param name="Z" type="float"/>
            </accessor>
          </technique_common>
        </source>
        <source id="pickup_powerup_plague-mesh-normals">
          <float_array id="pickup_powerup_plague-mesh-normals-array" count="5898">-0.4866399 0.8736028 3.05548e-7 -0.2931674 0.9560612 0 -0.4866397 0.8736028 0 -0.2931666 0.9560614 0 -0.1624116 0.9867231 9.2742e-7 -0.1624113 0.9867232 -9.31817e-7 -0.6813739 -0.7319356 0 -0.7125737 -0.7015973 -8.37495e-7 -0.7125737 -0.7015973 8.33543e-7 -0.6096473 -0.7926728 0 -0.6096466 -0.7926733 -2.21049e-7 -0.4981794 -0.8670741 0 -0.4982159 -0.867053 0 -0.2794041 -0.9601737 0 -0.279406 -0.9601731 1.66718e-7 -0.01255446 -0.9999213 1.13136e-6 -0.01252162 -0.9999217 9.59462e-7 0.2257487 -0.9741857 3.45129e-7 0.2257485 -0.9741857 0 0.3926435 -0.9196908 0 0.3926432 -0.919691 0 0.5430917 -0.8396733 0 0.5430921 -0.8396732 0 0.6291527 -0.7772818 -1.18249e-6 0.6291516 -0.7772827 1.20423e-6 9.03231e-7 0 -1 -8.19472e-5 0 -1 0 0 -1 0 0 -1 0 0 -1 -1.19897e-7 0 -1 0 0 -1 2.5535e-7 0 -1 0 0 -1 0 0 -1 0 0 -1 0 0 -1 0 0 -1 -1.3384e-7 -4.49794e-7 -1 -2.59506e-6 -3.37235e-6 -1 -2.90993e-6 -3.71766e-6 -1 -3.00127e-6 -3.61024e-6 -1 0 0 -1 0 0 -1 0 0 -1 -8.34669e-7 -1.65476e-7 -1 0 0 -1 0 0 -1 0 0 -1 1.46098e-7 0 -1 -1.31273e-7 0 -1 1.28323e-7 0 -1 -1.59767e-7 0 -1 8.19707e-5 3.66256e-6 -1 0 0 -1 0 0 -1 -8.99281e-7 0 -1 8.08382e-7 0 -1 0 0 -1 0 0 -1 -8.08382e-7 0 -1 8.99281e-7 0 -1 0 0 -1 0 0 -1 0 0 -1 0 0 -1 -1.45681e-7 0 -1 0 0 -1 0 0 -1 0 0 -1 0 0 -1 0 0 -1 0 0 -1 0 0 -1 0 0 -1 0 0 -1 0 0 -1 1.24551e-7 0 -1 0 0 -1 -4.76433e-7 0 -1 -2.39151e-7 0 -1 0 0 -1 0 0 -1 0 0 -1 0 0 -1 0 0 -1 0 0 -1 0 0 -1 -1.69138e-7 0 -1 0 0 -1 0 0 -1 0 0 -1 0 0 -1 0 0 -1 0 0 -1 0 0 -1 0 0 -1 0 0 -1 -1.28323e-7 0 -1 1.31273e-7 0 -1 -1.46098e-7 0 -1 0 0 -1 0 0 -1 0 0 -1 0 0 -1 0 0 -1 0 0 -1 0 0 -1 0 0 -1 0 0 -1 0 0 -1 0 0 -1 0 0 -1 0 0 -1 0 0 -1 0 0 -1 0 0 -1 0 0 -1 0 0 -1 0 0 -1 0 0 -1 0 0 -1 0 0 -1 0 0 -1 0 0 -1 0 0 -1 0 0 -1 1.20758e-7 0 -1 0 0 -1 0 0 -1 0 0 -1 0 0 -1 2.58881e-7 0 -1 0 0 -1 -0.97466 -0.2236915 -3.6161e-4 -0.9746134 -0.2238949 0 -0.9746127 -0.2238977 7.03263e-5 -0.9746145 -0.22389 0 -0.9912999 -0.1316231 4.33312e-7 -0.9912998 -0.1316235 -7.36635e-6 -0.9999979 0.002097785 5.43537e-7 -0.999998 0.002055764 -5.14706e-6 -0.9700481 0.2429131 2.65922e-7 -0.970048 0.2429134 4.46834e-7 -0.8722079 0.4891356 1.05996e-6 -0.8722166 0.4891198 1.85048e-6 -0.7308027 0.6825887 1.67459e-6 -0.730803 0.6825885 2.07076e-6 -0.6001648 0.7998765 2.01359e-7 -0.6001649 0.7998764 0 -0.4556192 0.8901748 0 -0.455619 0.8901749 0 -0.358575 0.933501 1.19797e-6 -0.3585754 0.9335008 -1.18066e-6 0.4016662 0.9157862 1.09227e-6 0.4703773 0.8824654 -1.87831e-7 0.401666 0.9157863 -1.09745e-6 0.4703615 0.8824739 -9.70205e-7 0.5692995 0.8221302 1.81385e-7 0.5692648 0.8221543 -1.87342e-7 0.7439383 0.6682484 1.83069e-7 0.7439381 0.6682486 0 0.8660242 0.5000022 5.65863e-7 0.8660243 0.500002 0 0.9506851 0.310158 0 0.9506851 0.310158 -5.50738e-7 0.993436 0.1143897 -1.32941e-7 0.993436 0.1143894 0 0.9994252 -0.03390109 -1.8307e-7 0.9994247 -0.03391772 -5.09964e-7 0.9939298 -0.1100173 7.14004e-7 0.9939295 -0.1100189 -1.09456e-6 0.9939308 -0.1100077 5.83953e-7 0.9877279 -0.1561843 0 0.9939308 -0.1100071 -5.86722e-7 0.9877235 -0.1562121 0 0.935745 -0.3526774 0 0.935745 -0.3526776 0 0.8581894 -0.5133333 0 0.8581893 -0.5133335 0 0.773289 -0.6340538 0 0.7732889 -0.6340538 0 0.6291122 -0.7773147 0 0.6291268 -0.7773028 0 0.5922871 -0.8057271 -5.86243e-7 0.5922871 -0.8057271 5.89023e-7 -0.9992973 0.03748434 0 -0.9928025 0.1197639 0 -0.9992974 0.03748285 0 -0.992801 0.1197761 0 -0.9565415 0.2915964 0 -0.9565418 0.2915955 0 -0.8722172 0.4891189 0 -0.8722169 0.4891195 0 -0.7308056 0.6825857 0 -0.7308068 0.6825844 9.22719e-6 -0.6001476 0.7998893 0 -0.6001761 0.799868 0 -0.5222404 0.8527984 0 -0.5222404 0.8527984 0 -0.4016465 0.9157948 5.88533e-7 -0.3586033 0.9334901 0 -0.4016464 0.9157949 -5.91324e-7 -0.3585775 0.9335 0 -0.1624439 0.9867179 0 -0.01549857 0.9998799 0 -0.01549857 0.9998799 0 0.1624439 0.9867179 0 0.3205508 0.9472313 0 0.3205375 0.9472359 0 0.4016465 0.9157948 5.91324e-7 0.4016464 0.9157949 -5.88533e-7 -0.3585751 0.933501 -5.29733e-7 -0.3585752 0.9335009 8.33135e-6 -0.4556192 0.8901748 0 -0.4556193 0.8901748 1.79871e-7 -0.6001647 0.7998765 -1.77667e-7 -0.6001645 0.7998766 0 -0.730803 0.6825884 0 -0.7308027 0.6825889 2.87805e-7 -0.8722167 0.4891198 -8.1521e-6 -0.8722079 0.4891356 6.554e-7 -0.970048 0.2429134 9.88192e-7 -0.970048 0.2429133 1.22803e-6 -0.999998 0.002055883 1.21111e-7 -0.9999978 0.002097427 0 -0.9912998 -0.1316238 0 -0.9912998 -0.1316239 -9.44305e-7 -0.9746316 -0.2238153 1.57107e-4 -0.9746145 -0.22389 0 -0.9746128 -0.2238972 0 -0.9746144 -0.2238901 -3.33445e-4 -0.6096212 -0.7926929 -1.5784e-7 -0.6096214 -0.7926928 -1.36951e-6 -0.543092 -0.8396733 -3.34759e-7 -0.5430918 -0.8396734 -6.05792e-7 -0.3926432 -0.9196909 0 -0.3926433 -0.9196909 1.03113e-6 -0.2257487 -0.9741856 1.06224e-6 -0.2257487 -0.9741856 7.44289e-7 -0.01253157 -0.9999216 4.44651e-7 -0.01253151 -0.9999216 0 0.279406 -0.9601731 0 0.2794041 -0.9601736 0 0.5131714 -0.8582862 0 0.5131715 -0.8582862 0 0.6291269 -0.7773028 0 0.6291269 -0.7773027 0 0.6813739 -0.7319356 0 0.6813739 -0.7319355 0 0.7125737 -0.7015973 -5.85477e-6 0.7125737 -0.7015973 8.37495e-7 0.5131708 -0.8582866 0 0.5923841 -0.8056557 -1.36651e-6 0.5131708 -0.8582866 0 0.5923833 -0.8056563 0 0.7425372 -0.6698049 0 0.742404 -0.6699525 2.73545e-7 0.8581749 -0.5133576 0 0.8581746 -0.5133579 0 0.9541975 -0.2991778 2.45472e-7 0.9541993 -0.2991716 0 0.9939314 -0.1100024 0 0.9939313 -0.1100027 0 0.9994257 -0.03388589 0 0.9994258 -0.03388547 0 -0.4981582 -0.8670862 0 -0.6096568 -0.7926656 2.17921e-7 -0.4981583 -0.8670862 0 -0.6096194 -0.7926943 0 -0.7424046 -0.6699517 0 -0.7424694 -0.66988 0 -0.8660332 -0.4999867 0 -0.866033 -0.4999868 0 -0.9515088 -0.3076217 0 -0.9514949 -0.3076648 2.27349e-7 -0.9912956 -0.1316555 0 -0.9912952 -0.1316583 0 -0.9999981 0.001965463 0 -0.9999979 0.002061724 0 0.6291528 -0.7772818 1.36202e-6 0.6291529 -0.7772815 1.97467e-7 0.543092 -0.8396733 3.34759e-7 0.5430918 -0.8396734 6.05792e-7 0.3926432 -0.9196909 0 0.3926433 -0.9196909 -1.03113e-6 0.2257487 -0.9741856 -1.06224e-6 0.2257487 -0.9741856 -7.44289e-7 -0.01252162 -0.9999217 -4.45262e-7 -0.01255446 -0.9999213 0 -0.279406 -0.9601731 0 -0.2794041 -0.9601736 0 -0.4982159 -0.867053 0 -0.4981794 -0.8670741 -8.48344e-6 -0.6096466 -0.7926733 0 -0.6096473 -0.7926728 -1.18938e-5 -0.6813739 -0.7319355 0 -0.7125737 -0.7015973 5.85477e-6 -0.7125737 -0.7015973 -8.37495e-7 -0.5222505 0.8527922 0 -0.4866929 0.8735731 0 -0.5222508 0.852792 0 -0.4866701 0.8735859 0 -0.2934402 0.9559774 0 -0.2934389 0.9559778 0 -0.1011751 0.9948687 0 -0.101175 0.9948687 0 0.101175 0.9948687 0 0.1011751 0.9948687 0 0.3205758 0.9472229 9.04853e-6 0.3205737 0.9472237 0 0.470385 0.8824614 0 0.4703528 0.8824785 0 0.5222505 0.8527922 0 0.5222508 0.852792 0 -0.5430749 -0.8396843 -1.59588e-6 -0.498211 -0.8670559 0 -0.5430747 -0.8396844 1.60345e-6 -0.4982108 -0.867056 0 -0.2794602 -0.9601573 9.39184e-7 -0.2794641 -0.9601562 0 -0.1029903 -0.9946824 0 -0.1029903 -0.9946824 0 0.1029903 -0.9946824 0 0.1029903 -0.9946824 0 0.2794641 -0.9601562 -9.39028e-7 0.2794602 -0.9601573 0 0.5131869 -0.8582769 0 0.5131864 -0.8582773 -1.16508e-5 0.5922705 -0.8057392 0 0.5922704 -0.8057394 0 0 0 1 8.19472e-5 0 1 -9.03231e-7 0 1 0 0 1 0 0 1 0 0 1 0 0 1 0 0 1 0 0 1 0 0 1 0 0 1 0 0 1 2.90993e-6 -3.71766e-6 1 2.59506e-6 -3.37235e-6 1 3.00127e-6 -3.61024e-6 1 1.3384e-7 -4.49794e-7 1 0 0 1 0 0 1 0 0 1 0 0 1 0 0 1 0 0 1 -2.5535e-7 0 1 0 0 1 1.19897e-7 0 1 0 0 1 -5.11541e-7 0 1 -3.84283e-7 0 1 6.12377e-7 0 1 1.93304e-7 0 1 0 0 1 0 0 1 0 0 1 0 0 1 0 0 1 3.36193e-7 2.4475e-7 1 0 1.81324e-7 1 1.59767e-7 0 1 -2.00774e-7 1.82227e-7 1 -1.49154e-7 0 1 8.34669e-7 -1.65476e-7 1 0 0 1 0 0 1 -8.19707e-5 3.66256e-6 1 0 0 1 0 0 1 0 0 1 0 0 1 0 0 1 0 0 1 0 0 1 0 0 1 0 0 1 -1.46098e-7 0 1 1.31273e-7 0 1 -1.28323e-7 0 1 0 0 1 0 0 1 0 0 1 0 0 1 0 0 1 0 0 1 0 0 1 0 0 1 0 0 1 -8.99281e-7 0 1 8.08382e-7 0 1 0 0 1 0 0 1 -8.08382e-7 0 1 8.99281e-7 0 1 0 0 1 0 0 1 -1.24551e-7 0 1 0 0 1 0 0 1 0 0 1 0 0 1 0 0 1 0 0 1 1.46098e-7 0 1 -1.31273e-7 0 1 1.28323e-7 0 1 0 0 1 0 0 1 0 0 1 0 0 1 0 0 1 0 0 1 0 0 1 0 0 1 0 0 1 0 0 1 0 0 1 0 0 1 0 0 1 1.2781e-7 0 1 0 0 1 0 0 1 0 0 1 -1.60446e-7 0 1 0 0 1 4.08206e-7 0 1 4.26252e-7 0 1 0.5922705 -0.8057392 0 0.5131869 -0.8582769 0 0.5922704 -0.8057394 0 0.5131864 -0.8582773 0 0.2794602 -0.9601573 -9.39184e-7 0.2794641 -0.9601562 0 -0.2794641 -0.9601562 9.39028e-7 -0.2794602 -0.9601573 0 -0.498211 -0.8670559 0 -0.4982108 -0.867056 0 -0.5430749 -0.8396843 1.60345e-6 -0.5430747 -0.8396844 -1.59588e-6 0.7125737 -0.7015973 8.37495e-7 0.7125737 -0.7015973 -8.33543e-7 0.2794041 -0.9601737 0 0.279406 -0.9601731 -1.66718e-7 -0.01253151 -0.9999216 -1.13759e-6 -0.01253157 -0.9999216 -9.56665e-7 -0.2257487 -0.9741857 -3.45129e-7 -0.2257485 -0.9741857 0 -0.3926435 -0.9196908 0 -0.3926432 -0.919691 0 -0.5430917 -0.8396733 0 -0.5430921 -0.8396732 0 -0.6096212 -0.792693 0 -0.60962 -0.7926938 0 0.9934335 0.1144106 -4.16564e-7 0.9976609 0.06835871 -2.5067e-7 0.9934337 0.1144095 0 0.9976608 0.06835925 -5.6775e-7 0.9939232 -0.1100766 0 0.9939228 -0.11008 0 0.9542034 -0.2991588 -1.68293e-7 0.9541972 -0.2991787 -3.29357e-6 0.8581734 -0.51336 -7.31862e-7 0.8581733 -0.5133601 -6.44617e-7 0.7426121 -0.6697219 -2.54214e-7 0.7426121 -0.6697219 0 0.5920053 -0.8059341 0 0.5920054 -0.8059341 7.34403e-7 0.4273536 -0.9040846 0 0.4273465 -0.904088 5.36994e-6 0.3926326 -0.9196955 0 0.3926323 -0.9196956 0 0.97466 -0.2236915 3.6161e-4 0.9746134 -0.2238949 0 0.9746127 -0.2238977 -7.03263e-5 0.9746145 -0.22389 0 0.987729 -0.1561779 -4.32982e-7 0.9877288 -0.1561792 -7.13274e-7 0.999427 -0.03384661 6.57683e-6 0.9994266 -0.03386181 -4.98808e-7 0.9712619 0.2380136 -2.6614e-7 0.9712623 0.2380118 -4.47198e-7 0.866004 0.5000372 -1.06084e-6 0.8660086 0.5000293 -1.84792e-6 0.7439728 0.66821 7.50327e-6 0.7439743 0.6682082 -2.07387e-6 0.6001648 0.7998765 -2.01359e-7 0.6001649 0.7998764 0 0.4703422 0.8824841 6.51989e-6 0.4703455 0.8824824 0 0.4016675 0.9157857 0 0.4016679 0.9157854 0 1.49154e-7 0 -1 2.00774e-7 1.82227e-7 -1 0 1.81324e-7 -1 -3.36193e-7 2.4475e-7 -1 0 0 -1 0 0 -1 0 0 -1 0 0 -1 0 0 -1 -1.93304e-7 0 -1 -6.12377e-7 0 -1 3.84283e-7 0 -1 5.11541e-7 0 -1 -0.9999979 0.002079963 0 -0.9966378 0.0819329 0 -0.9966379 0.0819332 0 -0.9999979 0.002079844 0 -0.9849598 -0.1727842 0 -0.9849598 -0.1727843 0 -0.935744 -0.3526801 0 -0.9357441 -0.35268 0 -0.8660258 -0.4999994 -6.64412e-7 -0.8660258 -0.4999994 -2.57302e-7 -0.7733057 -0.6340335 -3.96779e-7 -0.7733055 -0.6340336 0 -0.6421227 -0.7666019 0 -0.4981843 -0.8670712 0 -0.4981845 -0.8670712 0 -0.4273276 -0.9040969 0 -0.4273275 -0.904097 0 0 0 -1 0 0 -1 0 0 -1 0 0 -1 0 0 -1 0 0 -1 0 0 -1 0 0 -1 0 0 -1 0 0 -1 0 0 -1 0 0 -1 0 0 -1 -1.57193e-7 0 -1 0 0 -1 0 0 -1 1.50625e-7 0 -1 0 0 -1 0 0 -1 -0.3585736 0.9335015 0 -0.4556461 0.890161 1.88116e-7 -0.3585734 0.9335016 0 -0.4556675 0.89015 -3.93397e-6 -0.6001257 0.7999058 -1.81702e-7 -0.6001251 0.7999062 1.89566e-7 -0.7307953 0.6825967 -1.82675e-7 -0.730794 0.6825981 0 -0.8722007 0.4891483 -5.65493e-7 -0.8722008 0.4891481 0 -0.9565404 0.2916001 0 -0.9565399 0.2916018 5.49555e-7 -0.9927909 0.1198593 1.32865e-7 -0.992791 0.1198592 0 -0.9987261 -0.05045998 1.84345e-7 -0.9987274 -0.05043482 5.10734e-7 -0.9913568 -0.1311938 -1.45141e-7 -0.991344 -0.1312904 0 0.05395448 -0.9985434 6.77838e-7 -0.06809651 -0.9976788 0 0.05395448 -0.9985434 -6.81052e-7 -0.06808561 -0.9976795 -8.24732e-7 -0.2794591 -0.9601577 -5.43509e-7 -0.2794592 -0.9601576 -1.36423e-6 -0.4981994 -0.8670626 0 -0.4982011 -0.8670615 -3.89176e-6 -0.7125692 -0.7016019 -7.57602e-7 -0.7125689 -0.7016021 -5.68265e-7 -0.8660378 -0.4999786 -6.55055e-7 -0.8660447 -0.4999666 -5.03934e-7 -0.9512934 -0.3082873 0 -0.9512906 -0.3082959 0 -0.9912962 -0.1316505 -1.93979e-7 -0.9912955 -0.1316564 0 -0.9987236 -0.05051118 -7.94618e-7 -0.9987236 -0.05050945 7.98385e-7 0 0 -1 0 0 -1 0 0 -1 2.48943e-7 0 -1 0 0 -1 0 0 -1 0 0 -1 0 0 -1 0 0 -1 0 0 -1 0 0 -1 0 0 -1 0 0 -1 0 0 -1 -1.43475e-7 0 -1 0 0 -1 0 0 -1 0 0 -1 0 0 -1 0 0 -1 0 0 -1 0 0 -1 0 0 -1 0 0 -1 -0.9849691 -0.1727312 0 -0.9912951 -0.1316594 1.63334e-6 -0.9912952 -0.1316588 -1.62564e-6 -0.9849672 -0.1727419 0 -0.935745 -0.3526774 0 -0.935745 -0.3526776 0 -0.866019 -0.5000111 0 -0.8660188 -0.5000116 0 -0.7732889 -0.634054 0 -0.7732892 -0.6340535 0 -0.6420853 -0.7666333 0 -0.6420774 -0.7666399 0 -0.6096433 -0.7926759 1.62335e-6 -0.6096433 -0.7926759 -1.63104e-6 0.4016738 0.9157828 4.08495e-7 0.4703885 0.8824596 1.32444e-6 0.4703892 0.8824592 5.09832e-7 0.4016739 0.9157828 -4.01671e-7 0.2179557 0.9759587 -2.71248e-7 0.2179552 0.9759588 -6.74516e-7 -0.01547843 0.9998803 0 -0.01547843 0.9998803 0 -0.2513275 0.9679022 0 -0.2513275 0.9679022 0 -0.4867413 0.8735463 0 -0.4867715 0.8735294 0 -0.6917861 0.7221026 0 -0.6917862 0.7221024 0 -0.8377799 0.5460082 0 -0.8377801 0.5460078 0 -0.8980694 0.4398539 0 -0.8980697 0.4398532 -2.5604e-7 -0.3926326 -0.9196955 0 -0.4273464 -0.904088 0 -0.3926323 -0.9196956 0 -0.4273535 -0.9040846 -4.72237e-6 -0.6096416 -0.7926773 0 -0.6096423 -0.7926768 0 -0.7426118 -0.6697221 0 -0.7426118 -0.6697221 2.54213e-7 -0.8660214 -0.500007 6.44468e-7 -0.8660215 -0.5000069 7.30672e-7 -0.9513008 -0.3082643 4.05977e-7 -0.9513008 -0.3082643 0 -0.9912959 -0.1316526 4.51982e-7 -0.991297 -0.1316446 7.95657e-7 -0.9966348 0.08197122 -5.12754e-6 -0.9966343 0.08197635 0 -0.9927992 0.1197909 0 -0.9927992 0.1197909 0 0.9934386 0.1143668 0 0.997664 0.06831222 1.48156e-6 0.9976641 0.06831073 -1.47457e-6 0.9934362 0.1143887 6.93261e-6 0.9507514 0.3099547 0 0.866026 0.4999992 0 0.8660258 0.4999994 0 0.7445529 0.6675636 0 0.7445459 0.6675713 4.22235e-7 0.6001476 0.7998893 0 0.6001761 0.799868 0 0.5222404 0.8527984 0 0.5222404 0.8527984 0 0.8299582 0.5578258 0 0.8917412 0.4525459 0 0.8299586 0.5578252 0 0.8917411 0.4525461 0 0.9712501 0.2380618 0 0.9712501 0.2380616 0 0.9994264 -0.03386652 0 0.9994261 -0.03387516 9.77101e-6 0.9541789 -0.2992369 -1.00249e-6 0.954186 -0.299214 1.22872e-5 0.8581925 -0.513328 -7.58786e-7 0.8581942 -0.5133253 -2.80842e-7 0.7125551 -0.7016162 -1.22714e-7 0.7125786 -0.7015923 1.67454e-5 0.59226 -0.805747 0 0.59226 -0.8057469 0 0.5131518 -0.858298 0 0.5131518 -0.8582978 0 0.9939297 -0.1100173 -1.4803e-6 0.9994252 -0.03390109 -1.84603e-7 0.9939295 -0.1100189 1.09975e-6 0.9994246 -0.03391826 8.29695e-6 0.993436 0.1143897 -1.32941e-7 0.993436 0.1143895 0 0.9506851 0.310158 0 0.9506849 0.3101587 0 0.8660244 0.5000019 0 0.8660241 0.5000023 0 0.7439382 0.6682485 0 0.7439383 0.6682484 -1.83069e-7 0.5692647 0.8221543 1.88948e-7 0.5692995 0.8221302 -1.79731e-7 0.4703773 0.8824655 -9.58909e-6 0.4703615 0.8824739 0 0.4016662 0.9157862 -1.09745e-6 0.401666 0.9157863 1.09227e-6 0.4273647 -0.9040794 0 0.4273648 -0.9040794 0 0.2794514 -0.96016 1.67255e-5 0.2794613 -0.960157 0 0.1029425 -0.9946873 0 0.1029425 -0.9946873 0 -0.1029425 -0.9946873 0 -0.1029425 -0.9946873 0 -0.279475 -0.9601531 -1.51055e-5 -0.2794888 -0.960149 0 -0.4273647 -0.9040794 0 -0.4273648 -0.9040794 0 -0.4016738 0.9157828 -4.08495e-7 -0.4866781 0.8735815 -1.32257e-6 -0.4866788 0.8735811 -5.09745e-7 -0.4016739 0.9157828 4.01671e-7 -0.2513037 0.9679083 -2.02434e-5 -0.2513359 0.9679 6.7139e-7 -0.01548951 0.9998801 -1.18683e-5 -0.01549291 0.99988 0 0.2179784 0.9759536 -1.34644e-5 0.2179551 0.9759588 0 0.4703751 0.8824666 0 0.4703826 0.8824626 0 0.6917861 0.7221026 0 0.6917862 0.7221024 0 0.8299396 0.5578535 0 0.829959 0.5578244 0 0.8917378 0.4525526 -5.90105e-7 0.8917164 0.4525946 9.36339e-7 0.3926326 -0.9196955 0 0.4273464 -0.904088 0 0.3926323 -0.9196956 0 0.4273535 -0.9040846 4.72237e-6 0.591965 -0.8059637 0 0.5920053 -0.8059341 7.34437e-7 0.7426118 -0.6697221 0 0.7426118 -0.6697221 -2.54213e-7 0.8581734 -0.51336 -6.45518e-7 0.8581734 -0.5133599 -1.39836e-7 0.9542034 -0.2991586 -4.04742e-7 0.9541972 -0.2991787 0 0.9939232 -0.1100767 -4.51303e-7 0.9939228 -0.1100795 -1.31768e-7 0.9976608 0.06835919 0 0.9976609 0.06835883 0 0.9934336 0.1144112 0 0.9934336 0.1144111 0 -0.681259 -0.7320424 0 -0.7733101 -0.6340281 -9.27216e-7 -0.77331 -0.6340281 9.22841e-7 -0.681245 -0.7320555 0 -0.4982017 -0.8670612 0 -0.4981936 -0.8670658 0 -0.2793869 -0.9601786 0 -0.2793911 -0.9601774 0 -0.01256817 -0.9999211 0 -0.01254665 -0.9999213 2.23281e-7 0.2257519 -0.9741848 0 0.2257518 -0.9741849 0 0.392631 -0.9196961 0 0.3926312 -0.919696 0 0.6290619 -0.7773553 0 0.6290754 -0.7773444 0 0.8581768 -0.5133544 0 0.8581926 -0.513328 1.94351e-7 0.9939329 -0.1099887 2.3429e-7 0.9939337 -0.1099812 4.74962e-7 0.9830251 0.1834713 -2.24664e-6 0.9830064 0.1835715 -3.24238e-6 0 0 1 4.76433e-7 0 1 2.39151e-7 0 1 0 0 1 0 0 1 0 0 1 0 0 1 0 0 1 0 0 1 0 0 1 1.69138e-7 0 1 -0.8377898 0.5459931 -6.77838e-7 -0.8980844 0.4398234 0 -0.8378164 0.5459523 6.83353e-7 -0.8980794 0.4398335 0 -0.970071 0.2428213 1.69353e-6 -0.9700636 0.2428514 0 -0.9999979 0.002063989 0 -0.9999979 0.002095103 2.11769e-7 -0.9638881 -0.2663078 1.00727e-6 -0.9638882 -0.2663077 8.57269e-7 -0.8660047 -0.5000359 7.60451e-7 -0.8660169 -0.5000146 2.79084e-7 -0.7426159 -0.6697176 -4.6465e-6 -0.742613 -0.6697208 0 -0.6096269 -0.7926886 1.93566e-7 -0.6096316 -0.7926849 0 -0.5431091 -0.8396621 7.94618e-7 -0.5431092 -0.8396621 -7.98385e-7 -0.9913442 -0.1312888 -3.97761e-7 -0.9987261 -0.05045998 1.84882e-7 -0.991344 -0.1312904 0 -0.9987274 -0.05043536 8.52517e-7 -0.9927909 0.1198593 -1.97793e-6 -0.9927909 0.1198592 0 -0.9565399 0.2916018 0 -0.9565402 0.2916008 0 -0.8722009 0.489148 -6.09656e-6 -0.8722006 0.4891484 0 -0.7307941 0.6825981 0 -0.7307953 0.6825967 0 -0.6001617 0.7998787 1.90351e-6 -0.6001257 0.7999058 1.81977e-7 -0.4556462 0.8901611 -1.87586e-7 -0.4556675 0.89015 0 -0.3585736 0.9335015 0 -0.3585734 0.9335016 0 0.4703512 0.8824794 0 0.5692929 0.8221349 0 0.5692928 0.822135 0 0.4703499 0.88248 0 0.3205834 0.9472203 6.54803e-6 0.3205855 0.9472197 0 0.1011016 0.9948762 0 0.1011016 0.9948762 0 -0.1011016 0.9948762 0 -0.1011016 0.9948762 0 -0.2934216 0.9559832 0 -0.2934226 0.9559829 0 -0.4867601 0.8735358 0 -0.4867603 0.8735356 1.95497e-7 -0.6001657 0.7998757 -8.97456e-6 -0.6001657 0.7998756 1.28376e-6 0 0 1 0 0 1 0 0 1 0 0 1 0 0 1 0 0 1 0 0 1 -1.20758e-7 0 1 0 0 1 0 0 1 0 0 1 0 0 1 -2.58881e-7 0 1 0 0 1 5.11333e-7 0 1 3.84007e-7 0 1 -6.64309e-7 0 1 -3.0863e-7 0 1 0 0 1 0 0 1 0 0 1 0 0 1 0 0 1 0 0 1 0 0 1 -1.69137e-7 0 1 0 0 1 0 0 1 0 0 1 0 0 1 0 0 1 1.45681e-7 0 1 0 0 -1 0 0 -1 0 0 -1 0 0 -1 0 0 -1 0 0 -1 -1.2781e-7 0 -1 0 0 -1 0 0 -1 0 0 -1 1.60446e-7 0 -1 0 0 -1 -4.08206e-7 0 -1 -4.26252e-7 0 -1 -0.4867604 0.8735355 0 -0.6001659 0.7998756 1.28376e-6 -0.6001657 0.7998756 -1.27771e-6 -0.4867602 0.8735358 0 -0.2934226 0.9559829 0 -0.2934215 0.9559832 -3.64659e-7 0.3205856 0.9472196 6.54879e-6 0.3205835 0.9472203 0 0.4703498 0.8824801 0 0.470351 0.8824794 -1.9343e-7 0.5692927 0.822135 0 0.5692928 0.822135 0 0.9939277 -0.1100351 0 0.9994257 -0.03388983 0 0.9994256 -0.03389161 0 0.9939277 -0.1100352 0 0.9541823 -0.2992261 0 0.9541826 -0.2992253 0 0.858177 -0.513354 6.56341e-7 0.8581768 -0.5133544 5.01714e-7 0.7125689 -0.7016021 5.68265e-7 0.7125692 -0.7016019 7.57602e-7 0.5131808 -0.8582806 -3.52519e-6 0.5131698 -0.8582872 0 0.2794591 -0.9601577 5.43509e-7 0.2794592 -0.9601576 1.36423e-6 0.05395245 -0.9985435 8.22147e-7 0.05395239 -0.9985435 0 -0.06811767 -0.9976773 0 -0.06811761 -0.9976773 0 0 0 1 0 0 1 0 0 1 0 0 1 0 0 1 0 0 1 0 0 1 0 0 1 0 0 1 0 0 1 0 0 1 0 0 1 -2.48943e-7 0 1 0 0 1 0 0 1 0 0 1 0 0 1 0 0 1 0 0 1 0 0 1 0 0 1 0 0 1 0 0 1 1.43475e-7 0 1 -0.6096454 -0.7926743 -5.82931e-7 -0.3334278 -0.9427757 0 -0.3334239 -0.9427771 -3.77665e-7 -0.6096228 -0.7926917 0 -0.8660221 -0.5000059 -3.47761e-7 -0.8660079 -0.5000304 0 -0.9913024 -0.1316035 1.60924e-7 -0.9913022 -0.1316054 1.11265e-5 -0.9927964 0.1198135 2.3961e-7 -0.9927965 0.1198131 1.23783e-7 -0.9565499 0.2915688 0 -0.95655 0.2915683 -3.5883e-7 -0.8722221 0.4891102 0 -0.8722223 0.4891099 0 -0.6918033 0.722086 1.3662e-7 -0.6918042 0.7220852 2.17038e-6 -0.9927992 0.1197904 4.16625e-7 -0.9966347 0.08197075 2.50906e-7 -0.9927994 0.1197893 0 -0.9966343 0.08197677 5.65915e-7 -0.9912959 -0.1316525 0 -0.991297 -0.131645 0 -0.9513007 -0.3082645 1.68143e-7 -0.9513008 -0.3082644 0 -0.8660214 -0.500007 7.30672e-7 -0.8660214 -0.5000071 6.44468e-7 -0.7426121 -0.6697219 2.54214e-7 -0.7426121 -0.6697219 0 -0.6096423 -0.7926768 1.83155e-7 -0.6096416 -0.7926774 0 -0.4273536 -0.9040846 0 -0.4273465 -0.904088 -5.36994e-6 -0.3926326 -0.9196955 0 -0.3926323 -0.9196956 0 -0.9912969 -0.1316454 0 -0.9356514 -0.3529257 -2.24605e-7 -0.9912969 -0.1316454 0 -0.9356144 -0.353024 0 -0.7732996 -0.6340408 -5.41293e-6 -0.7733241 -0.6340109 0 -0.7125747 -0.7015964 0 -0.7125818 -0.7015891 1.22234e-7 -0.7426087 -0.6697255 0 -0.742615 -0.6697187 3.55046e-6 -0.8660236 -0.5000032 0 -0.8660162 -0.5000162 -3.7453e-7 -0.9638718 -0.2663667 0 -0.963836 -0.2664966 -2.24414e-7 -0.999998 0.002059459 0 -0.9999979 0.002074778 0 -0.970016 0.243041 0 -0.9700177 0.2430345 0 -0.935154 0.3542416 0 -0.935154 0.3542416 0 0.3334278 -0.9427757 6.18066e-7 0.5923256 -0.8056988 0 0.3334239 -0.9427771 -8.26765e-7 0.5923342 -0.8056924 4.07868e-7 0.876379 -0.4816221 3.12097e-7 0.8763806 -0.4816195 0 0.9877218 -0.1562237 0 0.9877243 -0.1562076 -1.60217e-7 0.9934352 0.1143962 -2.39723e-7 0.9934355 0.1143941 0 0.9506903 0.310142 1.21325e-7 0.9506911 0.3101395 2.64898e-7 0.8660491 0.499959 -4.5479e-6 0.8660435 0.4999687 0 0.6918392 0.7220516 0 0.6918053 0.7220842 -1.3662e-7 0.4703736 0.8824674 5.91689e-7 0.4703443 0.8824831 -3.06055e-7 0.3205596 0.9472284 0 0.3205881 0.9472187 0 0.1624116 0.9867231 -9.2742e-7 0.1624113 0.9867232 9.31817e-7 -0.1608268 -0.9869827 0 -0.2794308 -0.9601659 0 -0.1608266 -0.9869828 0 -0.2794134 -0.9601709 -3.05479e-7 -0.4981997 -0.8670623 -3.38991e-6 -0.4982127 -0.8670549 0 -0.7123675 -0.7018067 0 -0.7126259 -0.7015443 0 -0.8660271 -0.499997 0 -0.8660433 -0.4999691 5.90546e-6 -0.9512963 -0.3082782 -4.68895e-6 -0.9512853 -0.3083121 1.89132e-7 -0.9746134 -0.2238943 2.45668e-7 -0.9746104 -0.2239077 0 -0.9357475 -0.3526707 0 -0.9357432 -0.3526824 4.28016e-6 -0.7731166 -0.6342639 -1.7193e-7 -0.7731177 -0.6342627 -3.58648e-7 -0.6096539 -0.7926678 0 -0.6096224 -0.7926921 -4.26527e-7 0.935741 -0.3526878 9.25131e-7 0.9746087 -0.2239151 0 0.9357416 -0.3526866 -9.29517e-7 0.9746201 -0.2238656 0 0.9994261 -0.033876 0 0.9994273 -0.03384196 0 0.9712585 0.2380274 0 0.9712596 0.2380231 -1.8928e-7 0.8660145 0.500019 0 0.8660094 0.500028 4.78423e-6 0.7439516 0.6682336 0 0.7439533 0.6682317 0 0.6001586 0.7998811 0 0.6001588 0.7998811 0 0.3585612 0.9335063 0 0.3585456 0.9335122 1.43476e-6 0.0210883 0.9997777 0 0.0210883 0.9997777 0 -0.401627 0.9158034 0 -0.4016311 0.9158017 2.14278e-6 -0.6496848 0.7602037 0 -0.6496849 0.7602037 0 0.4016224 0.9158055 0 0.1618186 0.9868205 0 0.4016585 0.9157896 0 0.1619241 0.9868032 0 -0.1624641 0.9867145 -5.41296e-6 -0.1624745 0.9867128 0 -0.2513148 0.9679055 0 -0.2513049 0.9679081 0 -0.2513099 0.9679067 -1.1472e-5 -0.2513167 0.967905 0 -0.01547449 0.9998803 1.41188e-6 -0.01545923 0.9998805 0 0.217954 0.9759591 0 0.217958 0.9759582 0 0.4703803 0.8824639 0 0.4703795 0.8824643 0 0.6918179 0.722072 0 0.6918046 0.7220848 0 0.7743378 0.6327726 0 0 0 1 0 0 1 0 0 1 0 0 1 0 0 1 0 0 1 0 0 1 0 0 1 0 0 1 0 0 1 0 0 1 0 0 1 0 0 1 1.57193e-7 0 1 0 0 1 0 0 1 -1.50625e-7 0 1 0 0 1 0 0 1 0 0 -1 0 0 -1 0 0 -1 1.3441e-7 0 -1 0 0 -1 0 0 -1 0 0 -1 0 0 -1 0 0 -1 1.34362e-7 0 -1 1.46828e-7 0 -1 -1.54995e-7 0 -1 -2.1371e-7 0 -1 1.32541e-7 0 -1 1.40239e-7 0 -1 0 0 -1 0 0 -1 0 0 -1 0 0 -1 0 0 -1 -2.43914e-7 0 -1 1.51308e-7 0 -1 2.04365e-7 0 -1 0 0 -1 0 0 -1 0 0 -1 -1.32932e-7 0 -1 -1.84292e-7 0 -1 0 0 -1 0 0 -1 2.82327e-7 0 -1 1.31371e-7 0 -1 0 0 -1 -2.31524e-7 0 -1 0 0 -1 0 0 -1 0 0 -1 0 0 -1 0 0 -1 0 0 -1 -1.33083e-7 0 -1 -2.10128e-7 0 -1 0 0 -1 -2.57735e-7 0 -1 -1.8335e-7 0 -1 0 0 -1 2.09989e-7 0 -1 0 0 -1 -2.05802e-7 0 -1 0 0 -1 -2.06737e-7 0 -1 2.43889e-7 0 -1 2.03668e-7 0 -1 1.43267e-7 0 -1 0 0 -1 0 0 -1 0 0 -1 -2.54656e-7 0 -1 -1.94465e-7 0 -1 0 0 -1 0 0 -1 0 0 -1 0 0 -1 0 0 -1 0 0 -1 0 0 -1 0 0 -1 0 0 -1 0 0 -1 0 0 -1 0 0 -1 0 0 -1 0 0 -1 0 0 -1 0 0 -1 1.7908e-7 0 -1 0 0 -1 1.99503e-7 0 -1 0 0 -1 -1.7124e-7 0 -1 -1.66069e-7 0 -1 0 0 -1 0 0 -1 0 0 -1 1.50634e-7 0 -1 1.32284e-7 0 -1 0 0 -1 0 0 -1 0 0 -1 0 0 -1 -1.26023e-7 0 -1 -4.87704e-7 0 -1 -4.72645e-7 0 -1 0 0 -1 0 0 -1 -1.58488e-7 0 -1 0 0 -1 0 0 -1 0 0 -1 0 0 -1 0 0 -1 0 0 -1 0 0 -1 0 0 -1 0 0 -1 0 0 -1 0 0 -1 0 0 -1 2.2526e-7 0 -1 -2.2526e-7 0 -1 0 0 -1 0 0 -1 0 0 -1 0 0 -1 0 0 -1 0 0 -1 0 0 -1 0 0 -1 0 0 -1 0 0 -1 0 0 -1 1.58488e-7 0 -1 0 0 -1 0 0 -1 1.26022e-7 0 -1 4.72647e-7 0 -1 4.87707e-7 0 -1 0 0 -1 0 0 -1 0 0 -1 0 0 -1 -1.32284e-7 0 -1 -1.50634e-7 0 -1 0 0 -1 0 0 -1 0 0 -1 1.66069e-7 0 -1 1.7124e-7 0 -1 0 0 -1 0 0 -1 -1.99503e-7 0 -1 -1.7908e-7 0 -1 0 0 -1 0 0 -1 0 0 -1 0 0 -1 0 0 -1 0 0 -1 0 0 -1 0 0 -1 0 0 -1 0 0 -1 0 0 -1 0 0 -1 0 0 -1 0 0 -1 0 0 -1 0 0 -1 1.94465e-7 0 -1 2.54656e-7 0 -1 0 0 -1 0 0 -1 0 0 -1 -1.43267e-7 0 -1 0 0 -1 -2.03667e-7 0 -1 -2.4389e-7 0 -1 2.06735e-7 0 -1 2.05801e-7 0 -1 0 0 -1 0 0 -1 -2.09989e-7 0 -1 1.8335e-7 0 -1 2.57735e-7 0 -1 0 0 -1 0 0 -1 1.56076e-7 0 -1 1.19502e-7 0 -1 0 0 -1 0 0 -1 0 0 -1 0 0 -1 0 0 -1 0 0 -1 2.31524e-7 0 -1 0 0 -1 -2.49937e-7 0 -1 -3.5701e-7 0 -1 0 0 -1 0 0 -1 0 0 -1 1.296e-7 0 -1 0 0 -1 0 0 -1 0 0 -1 -2.04365e-7 0 -1 0 0 -1 -1.51308e-7 0 -1 2.43914e-7 0 -1 0 0 -1 0 0 -1 0 0 -1 0 0 -1 -1.40239e-7 0 -1 0 0 -1 2.04563e-7 0 -1 2.99466e-7 0 -1 -1.46828e-7 0 -1 -1.34362e-7 0 -1 0 0 -1 0 0 -1 0 0 -1 0 0 -1 0 0 -1 -1.3441e-7 0 -1 0 0 -1 0 0 -1 0 0 -1 0 0 -1 0 0 -1 0 0 -1 0 0 -1 0.829959 0.5578244 5.34976e-6 0.8917378 0.4525525 5.84495e-7 0.8917164 0.4525946 -9.36142e-7 0.8299649 0.5578157 0 0.6917862 0.7221024 0 0.6917861 0.7221025 0 0.4703826 0.8824626 0 0.4703752 0.8824666 0 0.2179552 0.9759588 -1.33957e-5 0.2179785 0.9759536 1.28992e-7 -0.01549291 0.99988 0 -0.01548957 0.9998801 0 -0.2513362 0.9678999 6.79848e-7 -0.2513037 0.9679083 2.69993e-7 -0.401674 0.9157828 4.01671e-7 -0.4016736 0.9157829 -4.08495e-7 -0.4866788 0.873581 -5.08103e-7 -0.4866781 0.8735815 -1.32421e-6 -0.6096317 -0.7926849 -2.74945e-7 -0.5431092 -0.8396621 1.00623e-6 -0.5431095 -0.8396619 -7.22229e-7 -0.6096268 -0.7926887 0 -0.742613 -0.6697208 4.63255e-6 -0.7426158 -0.6697177 1.23142e-7 -0.8660171 -0.5000146 2.76713e-7 -0.866005 -0.5000355 3.47494e-7 -0.9638881 -0.2663078 0 -0.9638882 -0.2663074 0 -0.9999979 0.002050459 0 -0.9999979 0.002064049 0 -0.9700635 0.2428513 0 -0.9700711 0.2428209 2.16292e-7 -0.8980793 0.4398335 0 -0.8980844 0.4398234 -5.44875e-6 -0.8377898 0.5459931 6.81052e-7 -0.8378164 0.5459523 -6.80128e-7 1.69137e-7 0 -1 0 0 -1 0 0 -1 0 0 -1 0 0 -1 0 0 -1 0 0 -1 3.0863e-7 0 -1 6.64309e-7 0 -1 -3.84007e-7 0 -1 -5.11333e-7 0 -1 0.9999979 0.002079963 0 0.9934381 0.1143721 0 0.993438 0.1143724 0 0.9999979 0.002079844 0 0.9877288 -0.1561786 0 0.9877213 -0.1562262 -6.43398e-6 0.935744 -0.3526801 0 0.9357441 -0.35268 0 0.858179 -0.5133506 6.63723e-7 0.858179 -0.5133506 2.56984e-7 0.7733057 -0.6340335 3.96779e-7 0.7733055 -0.6340336 0 0.6291282 -0.7773017 0 0.6291265 -0.777303 0 0.5131925 -0.8582735 0 0.5131668 -0.858289 6.60938e-7 0.4273276 -0.9040969 0 0.4273275 -0.904097 0 0 0 1 2.57735e-7 0 1 1.8335e-7 0 1 0 0 1 -2.09989e-7 0 1 0 0 1 2.05802e-7 0 1 0 0 1 2.06737e-7 0 1 -2.43889e-7 0 1 -2.03668e-7 0 1 -1.43267e-7 0 1 0 0 1 0 0 1 0 0 1 2.54656e-7 0 1 1.94465e-7 0 1 0 0 1 0 0 1 0 0 1 0 0 1 0 0 1 0 0 1 0 0 1 0 0 1 0 0 1 0 0 1 0 0 1 0 0 1 0 0 1 0 0 1 0 0 1 0 0 1 -1.7908e-7 0 1 0 0 1 -1.99503e-7 0 1 0 0 1 1.7124e-7 0 1 1.66069e-7 0 1 0 0 1 0 0 1 0 0 1 -1.50634e-7 0 1 -1.32284e-7 0 1 0 0 1 0 0 1 0 0 1 0 0 1 1.26023e-7 0 1 4.87704e-7 0 1 4.72645e-7 0 1 0 0 1 0 0 1 1.58488e-7 0 1 0 0 1 0 0 1 0 0 1 0 0 1 0 0 1 0 0 1 0 0 1 0 0 1 0 0 1 0 0 1 0 0 1 0 0 1 -2.2526e-7 0 1 2.2526e-7 0 1 0 0 1 0 0 1 0 0 1 0 0 1 0 0 1 0 0 1 0 0 1 0 0 1 0 0 1 0 0 1 0 0 1 -1.58488e-7 0 1 0 0 1 0 0 1 -1.26022e-7 0 1 -4.72647e-7 0 1 -4.87707e-7 0 1 0 0 1 0 0 1 0 0 1 0 0 1 1.32284e-7 0 1 1.50634e-7 0 1 0 0 1 0 0 1 0 0 1 -1.66069e-7 0 1 -1.7124e-7 0 1 0 0 1 0 0 1 1.99503e-7 0 1 1.7908e-7 0 1 0 0 1 0 0 1 0 0 1 0 0 1 0 0 1 0 0 1 0 0 1 0 0 1 0 0 1 0 0 1 0 0 1 0 0 1 0 0 1 0 0 1 0 0 1 0 0 1 -1.94465e-7 0 1 -2.54656e-7 0 1 0 0 1 0 0 1 0 0 1 1.43267e-7 0 1 0 0 1 2.03667e-7 0 1 2.4389e-7 0 1 -2.06735e-7 0 1 -2.05801e-7 0 1 0 0 1 0 0 1 2.09989e-7 0 1 -1.8335e-7 0 1 -2.57735e-7 0 1 0 0 1 0 0 1 -1.56076e-7 0 1 -1.19502e-7 0 1 0 0 1 0 0 1 0 0 1 0 0 1 0 0 1 0 0 1 -2.31524e-7 0 1 0 0 1 2.49937e-7 0 1 3.5701e-7 0 1 0 0 1 0 0 1 0 0 1 -1.296e-7 0 1 0 0 1 0 0 1 0 0 1 2.04365e-7 0 1 0 0 1 1.51308e-7 0 1 -2.43914e-7 0 1 0 0 1 0 0 1 0 0 1 0 0 1 1.40239e-7 0 1 0 0 1 -2.04563e-7 0 1 -2.99466e-7 0 1 1.46828e-7 0 1 1.34362e-7 0 1 0 0 1 0 0 1 0 0 1 0 0 1 0 0 1 1.3441e-7 0 1 0 0 1 0 0 1 0 0 1 0 0 1 0 0 1 0 0 1 0 0 1 0 0 1 0 0 1 0 0 1 -1.3441e-7 0 1 0 0 1 0 0 1 0 0 1 0 0 1 0 0 1 -1.34362e-7 0 1 -1.46828e-7 0 1 1.54995e-7 0 1 2.1371e-7 0 1 -1.32541e-7 0 1 -1.40239e-7 0 1 0 0 1 0 0 1 0 0 1 0 0 1 0 0 1 2.43914e-7 0 1 -1.51308e-7 0 1 -2.04365e-7 0 1 0 0 1 0 0 1 0 0 1 1.32932e-7 0 1 1.84292e-7 0 1 0 0 1 0 0 1 -2.82327e-7 0 1 -1.31371e-7 0 1 0 0 1 2.31524e-7 0 1 0 0 1 0 0 1 0 0 1 0 0 1 0 0 1 0 0 1 1.33083e-7 0 1 2.10128e-7 0 1 0.522252 0.8527914 0 0.5693162 0.8221188 0 0.5693162 0.8221186 0 0.5222519 0.8527914 0 0.4016564 0.9157905 0 0.4016569 0.9157903 0 0.3205552 0.9472299 0 0.3205551 0.9472299 0 0.1624426 0.986718 0 0.1624426 0.9867181 0 -0.01549309 0.9998801 0 -0.01547372 0.9998803 0 -0.1624426 0.9867181 0 -0.1624426 0.986718 0 -0.2934005 0.9559897 1.09351e-5 -0.2934045 0.9559884 0 -0.4556521 0.8901581 0 -0.4556527 0.8901577 0 -0.5222519 0.8527914 0 -0.522252 0.8527914 0 -0.5693162 0.8221188 0 -0.5693162 0.8221186 0 0.9939288 -0.1100255 0 0.993929 -0.1100239 0 0.9994243 -0.03392791 0 0.9994244 -0.03392398 0 0.9934336 0.1144107 0 0.9934338 0.1144087 2.08053e-6 0.950695 0.3101274 0 0.9506959 0.3101247 4.091e-7 0.8660436 0.4999687 3.02091e-7 0.8660471 0.4999626 6.55413e-7 0.6918206 0.7220695 0 0.6918146 0.7220753 1.89163e-7 0.4703776 0.8824654 0 0.4703477 0.8824812 0 0.3585919 0.9334946 0 0.3585923 0.9334943 0 0.3205562 0.9472296 0 0.3205585 0.9472287 1.05088e-6 0.2691668 0.9630936 -5.58522e-5 0.2685394 0.9632684 -7.77402e-4 -0.4556527 0.8901577 0 -0.4556521 0.8901581 0 -0.2934045 0.9559884 0 -0.2934005 0.9559897 0 -0.1624426 0.986718 0 -0.01549309 0.9998801 0 -0.01547372 0.9998803 0 0.1624426 0.986718 0 0.3205552 0.9472299 0 0.4016569 0.9157903 0 0.4016564 0.9157905 0 -0.06811767 -0.9976773 -7.16936e-7 0.05395233 -0.9985435 3.07449e-7 0.05395251 -0.9985436 -3.65796e-7 0.2794592 -0.9601577 -2.09229e-7 0.2794592 -0.9601576 0 0.5131807 -0.8582806 -5.71002e-7 0.5132079 -0.8582644 -1.14069e-6 0.7125692 -0.7016018 7.57603e-7 0.7125692 -0.7016019 3.86484e-7 0.8581773 -0.5133536 4.16413e-7 0.8581771 -0.5133539 0 0.9541822 -0.2992263 3.41289e-7 0.9541822 -0.2992266 0 0.9939276 -0.110036 7.1771e-7 0.9939277 -0.1100351 1.03958e-6 0.9994256 -0.03389161 9.5272e-7 0.9994257 -0.03388983 9.16686e-7 0 0 -1 0 0 -1 0 0 -1 0 0 -1 0 0 -1 0 0 -1 0 0 -1 0 0 -1 0 0 -1 0 0 -1 0 0 -1 0 0 -1 1.57193e-7 0 -1 0 0 -1 0 0 -1 -1.50625e-7 0 -1 0 0 -1 0 0 -1 -0.9913054 -0.1315822 0 -0.9913056 -0.1315805 0 -0.9987255 -0.0504741 0 -0.9987255 -0.05047404 0 -0.992798 0.1198008 0 -0.9927982 0.1197995 0 -0.9565473 0.2915775 0 -0.9565476 0.2915767 -4.08487e-7 -0.872222 0.4891102 -3.01509e-7 -0.8722222 0.4891099 -6.54408e-7 -0.6918206 0.7220695 0 -0.6918146 0.7220753 -1.89163e-7 -0.4866991 0.8735697 0 -0.4866997 0.8735694 0 -0.3585919 0.9334946 0 -0.3585923 0.9334943 0 -0.2930378 0.9561009 0 -0.2933382 0.9560087 -1.08112e-4 -0.2513072 0.9679075 1.55596e-6 -0.2513127 0.967906 0 0.9746316 -0.2238153 -1.57107e-4 0.9746128 -0.2238972 0 0.9746144 -0.2238901 3.33445e-4 0.9746145 -0.22389 0 0.9877288 -0.1561788 0 0.9877288 -0.1561795 0 0.9994271 -0.03384697 0 0.9994266 -0.03386175 5.9312e-6 0.9712619 0.2380136 -1.22903e-6 0.9712623 0.2380117 6.56809e-7 0.866004 0.5000372 -6.54495e-7 0.8660086 0.5000292 6.46527e-6 0.7439727 0.6682101 -2.88238e-7 0.7439745 0.6682081 1.73722e-7 0.6001645 0.7998766 0 0.6001647 0.7998765 1.77667e-7 0.4703423 0.8824842 0 0.4703458 0.8824822 7.63815e-6 0.4016676 0.9157856 3.79872e-7 0.4016677 0.9157856 0 -0.2933385 0.9560086 1.09159e-4 -0.2513072 0.9679075 -6.0873e-7 -0.2513127 0.9679059 9.25065e-7 -0.2930379 0.9561008 -1.43059e-6 -0.3585922 0.9334943 0 -0.3585919 0.9334944 0 -0.4866995 0.8735694 2.94493e-7 -0.4866995 0.8735696 2.03319e-7 -0.6918207 0.7220695 0 -0.6918146 0.7220753 0 -0.872222 0.4891104 0 -0.872222 0.4891104 0 -0.9565474 0.2915771 0 -0.9565473 0.2915775 0 -0.9987255 -0.0504741 -3.11467e-7 -0.9913054 -0.1315822 -4.06228e-7 -0.9913056 -0.1315805 -1.0271e-6 -0.4981844 -0.8670712 3.36351e-7 -0.4273274 -0.904097 0 -0.4981842 -0.8670714 7.38351e-7 -0.6421228 -0.7666019 4.02561e-7 -0.6421229 -0.7666018 0 -0.7733057 -0.6340334 3.96779e-7 -0.8660258 -0.4999994 2.57302e-7 -0.8660258 -0.4999994 6.64412e-7 -0.935744 -0.35268 0 -0.9849597 -0.1727842 0 -0.9999979 0.002079963 0 0.2794516 -0.9601598 0 0.1608268 -0.9869827 0 0.1608266 -0.9869828 0 0.2794168 -0.9601699 0 0.5131857 -0.8582776 0 0.5131732 -0.8582851 0 0.7123675 -0.7018067 0 0.7126259 -0.7015443 0 0.8582365 -0.5132547 0 0.8582373 -0.5132532 0 0.9542137 -0.2991259 0 0.9542135 -0.2991269 -2.00646e-7 0.9746137 -0.2238935 8.26608e-6 0.9746101 -0.223909 0 0.9357476 -0.3526708 1.89202e-7 0.9357432 -0.3526824 3.79623e-7 0.7731166 -0.6342641 2.60783e-7 0.7731178 -0.6342625 1.75624e-7 0.5923365 -0.8056908 0 0.5923432 -0.8056859 0 -0.1619216 0.9868037 -1.9223e-7 -0.4016663 0.9157862 0 -0.4016585 0.9157896 -3.69747e-7 -0.1617698 0.9868286 4.6463e-7 0.1624803 0.9867119 0 0.1624826 0.9867115 6.90342e-6 0.2692579 0.9630681 0 0.2692651 0.9630661 0 0.2172547 0.976115 1.24359e-6 0.2172174 0.9761233 -3.43851e-7 -0.01612168 0.9998701 -2.38447e-7 -0.01611405 0.9998702 0 -0.251248 0.9679228 0 -0.251603 0.9678306 0 -0.4867203 0.8735579 0 -0.4867472 0.873543 0 -0.6918179 0.722072 0 -0.6918046 0.7220848 0 -0.7743378 0.6327726 0 0.9356514 -0.3529257 0 0.993927 -0.1100413 0 0.993927 -0.1100413 0 0.9356144 -0.353024 0 0.7733201 -0.6340159 0 0.7733191 -0.6340171 5.40114e-6 0.7125805 -0.7015904 0 0.7125625 -0.7016087 0 0.7125652 -0.7016059 2.10275e-7 0.712567 -0.7016041 3.04729e-7 0.8581762 -0.5133555 0 0.858187 -0.5133372 4.86852e-7 0.9541848 -0.2992181 3.04275e-7 0.9541862 -0.299214 -1.19417e-5 0.9994258 -0.03388553 0 0.9994257 -0.03388673 0 0.9712613 0.2380161 0 0.9712526 0.2380516 0 0.935154 0.3542416 0 0.935154 0.3542416 0 0 0 1 0 0 1 0 0 1 0 0 1 0 0 1 0 0 1 0 0 1 0 0 1 0 0 1 0 0 1 0 0 1 0 0 1 -1.57193e-7 0 1 0 0 1 0 0 1 1.50625e-7 0 1 0 0 1 0 0 1 0.6813271 -0.7319791 0 0.7733101 -0.6340281 9.27216e-7 0.77331 -0.6340281 -9.22841e-7 0.6813264 -0.7319797 0 0.513227 -0.858253 0 0.5132269 -0.858253 0 0.2794386 -0.9601636 0 0.2793883 -0.9601783 0 -0.01251792 -0.9999217 0 -0.01251804 -0.9999217 0 -0.2257519 -0.9741848 0 -0.2257518 -0.9741849 0 -0.392631 -0.9196961 0 -0.3926312 -0.919696 0 -0.6096239 -0.7926909 0 -0.6096243 -0.7926905 0 -0.8660312 -0.49999 -1.57365e-7 -0.8660266 -0.499998 0 -0.9912998 -0.1316239 -2.80898e-7 -0.9912973 -0.1316428 -2.96921e-7 -0.9830251 0.1834713 2.76567e-6 -0.9830064 0.1835715 1.2088e-6 -0.9746087 -0.2239151 0 -0.935741 -0.3526878 9.29517e-7 -0.9357416 -0.3526866 -9.2513e-7 -0.9746201 -0.2238656 0 -0.9999979 0.002092599 0 -0.999998 0.002052307 0 -0.9700638 0.2428506 0 -0.9700638 0.2428504 0 -0.8722234 0.4891076 0 -0.8722121 0.4891279 0 -0.7307981 0.6825938 0 -0.7307983 0.6825935 0 -0.6001586 0.7998811 -1.23514e-7 -0.6001588 0.799881 0 -0.3585805 0.9334989 1.27474e-6 -0.3585879 0.9334961 0 -0.01542311 0.9998812 -2.15649e-7 -0.01543056 0.999881 0 0.401627 0.9158034 -2.14492e-6 0.4016311 0.9158017 0 0.6496848 0.7602037 0 0.6496849 0.7602037 0 0.5131927 -0.8582735 -1.81789e-7 0.4273274 -0.904097 0 0.5131665 -0.8582892 -7.37212e-7 0.6291266 -0.777303 -2.53179e-7 0.6291283 -0.7773014 0 0.7733057 -0.6340334 -3.96779e-7 0.858179 -0.5133506 -2.58914e-7 0.858179 -0.5133506 -6.63589e-7 0.935744 -0.35268 0 0.9877213 -0.1562262 0 0.9877216 -0.156224 0 0.9999979 0.002079963 0 0.9934381 0.1143721 0 0.993438 0.1143724 0 0.5922601 -0.8057469 4.67897e-7 0.5131519 -0.8582979 5.85353e-7 0.5131521 -0.8582977 1.51679e-6 0.5922599 -0.805747 0 0.7125787 -0.7015923 0 0.712555 -0.7016164 -1.26713e-7 0.8581942 -0.5133253 -2.76107e-7 0.8581927 -0.5133276 -3.49349e-7 0.954186 -0.2992142 0 0.9541791 -0.2992365 1.31567e-5 0.9994261 -0.03387486 0 0.9994264 -0.03386646 0 0.9712502 0.2380616 0 0.9712501 0.2380614 -2.16409e-7 0.891741 0.4525461 0 0.320559 0.9472286 -1.09196e-4 0.2691671 0.9630936 5.43607e-5 0.2685405 0.9632682 7.74076e-4 0.3205562 0.9472295 -1.35325e-5 0.3585922 0.9334943 0 0.3585919 0.9334944 0 0.4703477 0.8824813 -2.92273e-7 0.4703779 0.8824651 -2.03657e-7 0.6918207 0.7220695 0 0.6918146 0.7220753 0 0.8660435 0.4999688 0 0.8660467 0.4999631 -4.78588e-6 0.9506958 0.3101251 0 0.950695 0.3101274 0 0.9934338 0.1144087 0 0.9934336 0.1144107 0 0.9994243 -0.03392791 -6.03642e-6 0.9994244 -0.03392398 0 0.9939288 -0.1100255 4.06132e-7 0.993929 -0.1100239 0 -0.8377802 0.5460078 0 -0.8980694 0.4398538 0 -0.8980697 0.4398532 2.5604e-7 -0.8377799 0.5460082 0 -0.6917862 0.7221024 0 -0.6917861 0.7221025 0 -0.4867715 0.8735294 0 -0.4867413 0.8735463 0 -0.2513275 0.9679022 0 -0.2513276 0.9679021 -1.29607e-7 -0.01547843 0.9998803 0 -0.01547837 0.9998803 0 0.2179555 0.9759587 -6.74517e-7 0.2179555 0.9759587 -2.71248e-7 0.401674 0.9157828 -4.01671e-7 0.4016736 0.9157829 4.08495e-7 0.4703891 0.8824591 5.09833e-7 -0.9912955 -0.1316564 5.7217e-6 -0.9987236 -0.05051118 -1.53657e-7 -0.9987236 -0.05050945 -1.71118e-6 -0.9912961 -0.1316513 -7.16345e-7 -0.9512933 -0.3082875 -3.40825e-7 -0.9512902 -0.3082972 0 -0.8660381 -0.4999782 -4.18485e-7 -0.866045 -0.4999661 0 -0.7125692 -0.7016019 -3.86484e-7 -0.7125692 -0.7016018 -7.57603e-7 -0.4981992 -0.8670626 5.73267e-7 -0.4982006 -0.8670619 1.1385e-6 -0.2794592 -0.9601577 2.09229e-7 -0.2794592 -0.9601576 0 -0.06808567 -0.9976796 3.65124e-7 -0.06809645 -0.9976788 -3.09192e-7 0.05395448 -0.9985434 0 0.05395448 -0.9985434 6.77838e-7</float_array>
          <technique_common>
            <accessor source="#pickup_powerup_plague-mesh-normals-array" count="1966" stride="3">
              <param name="X" type="float"/>
              <param name="Y" type="float"/>
              <param name="Z" type="float"/>
            </accessor>
          </technique_common>
        </source>
        <source id="pickup_powerup_plague-mesh-map-0">
          <float_array id="pickup_powerup_plague-mesh-map-0-array" count="12504">0.98352 0.00999999 0.967069 0.01468396 0.967068 0.00999999 0.98352 0.00999999 0.98352 0.01468396 0.967069 0.01468396 0.98352 0.01468396 0.967069 0.01859694 0.967069 0.01468396 0.98352 0.01468396 0.98352 0.01859694 0.967069 0.01859694 0.255805 0.367468 0.25 0.365447 0.250002 0.37025 0.255805 0.367468 0.254176 0.361352 0.25 0.365447 0.263864 0.362926 0.254176 0.361352 0.255805 0.367468 0.263864 0.362926 0.260916 0.355398 0.254176 0.361352 0.271551 0.358502 0.260916 0.355398 0.263864 0.362926 0.271551 0.358502 0.268249 0.349968 0.260916 0.355398 0.29899 0.345065 0.268249 0.349968 0.271551 0.358502 0.29899 0.345065 0.297432 0.336213 0.268249 0.349968 0.297432 0.336213 0.29899 0.345065 0.331623 0.339159 0.297432 0.336213 0.331623 0.339159 0.332634 0.332111 0.348256 0.33992 0.332634 0.332111 0.331623 0.339159 0.348256 0.33992 0.350638 0.334668 0.332634 0.332111 0.365189 0.343477 0.350638 0.334668 0.348256 0.33992 0.365189 0.343477 0.368335 0.340422 0.350638 0.334668 0.379729 0.348944 0.368335 0.340422 0.365189 0.343477 0.379729 0.348944 0.384326 0.349006 0.368335 0.340422 0.394004 0.356449 0.384326 0.349006 0.379729 0.348944 0.394004 0.356449 0.379729 0.348944 0.385093 0.351821 0.2160969 0.388293 0.216027 0.388075 0.208165 0.395282 0.212418 0.376036 0.216027 0.388075 0.2160969 0.388293 0.250002 0.37025 0.244197 0.367468 0.2160969 0.388293 0.212418 0.376036 0.2160969 0.388293 0.244197 0.367468 0.212418 0.376036 0.244197 0.367468 0.236138 0.362926 0.212418 0.376036 0.236138 0.362926 0.228451 0.358502 0.212418 0.376036 0.228451 0.358502 0.204829 0.365088 0.20101 0.345065 0.204829 0.365088 0.228451 0.358502 0.20101 0.345065 0.188811 0.352293 0.204829 0.365088 0.168377 0.339159 0.188811 0.352293 0.20101 0.345065 0.168377 0.339159 0.166074 0.343913 0.188811 0.352293 0.151744 0.33992 0.166074 0.343913 0.168377 0.339159 0.151744 0.33992 0.153385 0.34257 0.166074 0.343913 0.153385 0.34257 0.151744 0.33992 0.134811 0.343477 0.153385 0.34257 0.134811 0.343477 0.130539 0.347619 0.120271 0.348944 0.130539 0.347619 0.134811 0.343477 0.120271 0.348944 0.120346 0.351268 0.130539 0.347619 0.120346 0.351268 0.120271 0.348944 0.114906 0.351821 0.29184 0.395282 0.284642 0.411352 0.299589 0.417524 0.283912 0.388293 0.284642 0.411352 0.29184 0.395282 0.283912 0.388293 0.275493 0.411255 0.284642 0.411352 0.275493 0.411255 0.283912 0.388293 0.250002 0.37025 0.250002 0.37025 0.272673 0.421418 0.275493 0.411255 0.250002 0.37025 0.25 0.482027 0.272673 0.421418 0.25 0.482027 0.272354 0.43637 0.272673 0.421418 0.25 0.482027 0.275338 0.451789 0.272354 0.43637 0.25 0.482027 0.280878 0.464181 0.275338 0.451789 0.25 0.482027 0.288839 0.475174 0.280878 0.464181 0.287587 0.376036 0.283912 0.388293 0.283982 0.388075 0.283912 0.388293 0.29184 0.395282 0.283982 0.388075 0.153237 0.53788 0.2088119 0.532057 0.25 0.482027 0.2088119 0.532057 0.214981 0.527893 0.25 0.482027 0.214981 0.527893 0.221661 0.524239 0.25 0.482027 0.25 0.482027 0.221661 0.524239 0.236502 0.519092 0.25 0.482027 0.236502 0.519092 0.25 0.517688 0.25 0.482027 0.25 0.517688 0.263498 0.519092 0.25 0.482027 0.263498 0.519092 0.278339 0.524239 0.285019 0.527893 0.25 0.482027 0.278339 0.524239 0.291188 0.532057 0.25 0.482027 0.285019 0.527893 0.346763 0.53788 0.25 0.482027 0.291188 0.532057 0.346763 0.53788 0.291188 0.532057 0.298606 0.539638 0.298606 0.539638 0.314185 0.558113 0.346763 0.53788 0.314185 0.558113 0.298606 0.539638 0.287787 0.552759 0.314185 0.558113 0.287787 0.552759 0.294807 0.566037 0.294807 0.566037 0.287787 0.552759 0.273635 0.560407 0.294807 0.566037 0.273635 0.560407 0.276435 0.573161 0.276435 0.573161 0.273635 0.560407 0.25772 0.564099 0.276435 0.573161 0.25772 0.564099 0.257031 0.576982 0.242969 0.576982 0.257031 0.576982 0.25772 0.564099 0.242969 0.576982 0.25772 0.564099 0.24228 0.564099 0.223565 0.573161 0.242969 0.576982 0.24228 0.564099 0.223565 0.573161 0.24228 0.564099 0.226365 0.560407 0.226365 0.560407 0.205193 0.566037 0.223565 0.573161 0.226365 0.560407 0.212213 0.552759 0.205193 0.566037 0.212213 0.552759 0.185815 0.558113 0.205193 0.566037 0.212213 0.552759 0.201394 0.539638 0.185815 0.558113 0.200976 0.659131 0.199635 0.660878 0.2048079 0.664085 0.199635 0.660878 0.200976 0.659131 0.192719 0.652127 0.199635 0.660878 0.192719 0.652127 0.1876299 0.651019 0.177559 0.635385 0.1876299 0.651019 0.192719 0.652127 0.177559 0.635385 0.176084 0.638132 0.1876299 0.651019 0.176084 0.638132 0.177559 0.635385 0.172379 0.623722 0.176084 0.638132 0.172379 0.623722 0.16711 0.624105 0.16711 0.624105 0.172379 0.623722 0.168278 0.599828 0.16711 0.624105 0.168278 0.599828 0.155914 0.592882 0.155914 0.592882 0.168278 0.599828 0.171387 0.579513 0.155914 0.592882 0.171387 0.579513 0.153829 0.562389 0.177136 0.567393 0.153829 0.562389 0.171387 0.579513 0.177136 0.567393 0.153806 0.553522 0.153829 0.562389 0.185815 0.558113 0.153806 0.553522 0.177136 0.567393 0.185815 0.558113 0.153739 0.544283 0.153806 0.553522 0.153237 0.53788 0.153739 0.544283 0.185815 0.558113 0.201394 0.539638 0.153237 0.53788 0.185815 0.558113 0.153237 0.53788 0.201394 0.539638 0.2088119 0.532057 0.160537 0.449784 0.1784909 0.440715 0.167429 0.434329 0.160537 0.449784 0.172141 0.455389 0.1784909 0.440715 0.1560389 0.468962 0.172141 0.455389 0.160537 0.449784 0.1560389 0.468962 0.169368 0.471297 0.172141 0.455389 0.15398 0.489135 0.169368 0.471297 0.1560389 0.468962 0.15398 0.489135 0.171501 0.487331 0.169368 0.471297 0.1516669 0.499551 0.171501 0.487331 0.15398 0.489135 0.1516669 0.499551 0.175984 0.495303 0.171501 0.487331 0.175984 0.495303 0.1516669 0.499551 0.153237 0.53788 0.175984 0.495303 0.153237 0.53788 0.186194 0.492666 0.186194 0.492666 0.153237 0.53788 0.25 0.482027 0.25 0.482027 0.199301 0.485467 0.186194 0.492666 0.25 0.482027 0.211161 0.475174 0.199301 0.485467 0.25 0.482027 0.2191219 0.464181 0.211161 0.475174 0.25 0.482027 0.224662 0.451789 0.2191219 0.464181 0.25 0.482027 0.227647 0.43637 0.224662 0.451789 0.25 0.482027 0.227329 0.421418 0.227647 0.43637 0.250002 0.37025 0.227329 0.421418 0.25 0.482027 0.250002 0.37025 0.224509 0.411255 0.227329 0.421418 0.224509 0.411255 0.250002 0.37025 0.2160969 0.388293 0.2160969 0.388293 0.21536 0.411352 0.224509 0.411255 0.2160969 0.388293 0.208165 0.395282 0.21536 0.411352 0.200412 0.417524 0.21536 0.411352 0.208165 0.395282 0.200412 0.417524 0.208165 0.395282 0.191726 0.407148 0.191726 0.407148 0.188023 0.427879 0.200412 0.417524 0.191726 0.407148 0.177368 0.420633 0.188023 0.427879 0.1784909 0.440715 0.188023 0.427879 0.177368 0.420633 0.1784909 0.440715 0.177368 0.420633 0.167429 0.434329 0.25 0.482027 0.300699 0.485467 0.288839 0.475174 0.25 0.482027 0.313806 0.492666 0.300699 0.485467 0.313806 0.492666 0.25 0.482027 0.346763 0.53788 0.324016 0.495303 0.313806 0.492666 0.346763 0.53788 0.324016 0.495303 0.346763 0.53788 0.348333 0.499551 0.328499 0.487331 0.324016 0.495303 0.348333 0.499551 0.328499 0.487331 0.348333 0.499551 0.34602 0.489135 0.330632 0.471297 0.328499 0.487331 0.34602 0.489135 0.330632 0.471297 0.34602 0.489135 0.343962 0.468962 0.343962 0.468962 0.327859 0.455389 0.330632 0.471297 0.343962 0.468962 0.339463 0.449784 0.327859 0.455389 0.32151 0.440715 0.327859 0.455389 0.339463 0.449784 0.32151 0.440715 0.339463 0.449784 0.332571 0.434329 0.322633 0.420633 0.32151 0.440715 0.332571 0.434329 0.322633 0.420633 0.311977 0.427879 0.32151 0.440715 0.308275 0.407148 0.311977 0.427879 0.322633 0.420633 0.308275 0.407148 0.299589 0.417524 0.311977 0.427879 0.29184 0.395282 0.299589 0.417524 0.308275 0.407148 0.352078 0.534234 0.348333 0.499551 0.346763 0.53788 0.348333 0.499551 0.352078 0.534234 0.360056 0.529555 0.348333 0.499551 0.360056 0.529555 0.360552 0.502419 0.360552 0.502419 0.360056 0.529555 0.367729 0.525098 0.360552 0.502419 0.367729 0.525098 0.373832 0.501331 0.393084 0.508042 0.373832 0.501331 0.367729 0.525098 0.393084 0.508042 0.392924 0.493862 0.373832 0.501331 0.414515 0.482733 0.392924 0.493862 0.393084 0.508042 0.414515 0.482733 0.41155 0.478362 0.392924 0.493862 0.422174 0.467949 0.41155 0.478362 0.414515 0.482733 0.422174 0.467949 0.419058 0.468045 0.41155 0.478362 0.419058 0.468045 0.422174 0.467949 0.427559 0.451506 0.419058 0.468045 0.427559 0.451506 0.427009 0.446029 0.430094 0.43618 0.427009 0.446029 0.427559 0.451506 0.430094 0.43618 0.428946 0.435376 0.427009 0.446029 0.428946 0.435376 0.430094 0.43618 0.430286 0.430096 0.147603 0.546302 0.14906 0.540635 0.153237 0.53824 0.147603 0.546302 0.153237 0.53824 0.153739 0.544643 0.153806 0.553882 0.147603 0.546302 0.153739 0.544643 0.153806 0.553882 0.145816 0.555116 0.147603 0.546302 0.153829 0.562749 0.145816 0.555116 0.153806 0.553882 0.153829 0.562749 0.1447809 0.564181 0.145816 0.555116 0.155914 0.593242 0.1447809 0.564181 0.153829 0.562749 0.155914 0.593242 0.14746 0.596332 0.1447809 0.564181 0.14746 0.596332 0.155914 0.593242 0.16711 0.624465 0.14746 0.596332 0.16711 0.624465 0.161509 0.628868 0.176084 0.638492 0.161509 0.628868 0.16711 0.624465 0.176084 0.638492 0.172725 0.643182 0.161509 0.628868 0.1876299 0.651379 0.172725 0.643182 0.176084 0.638492 0.1876299 0.651379 0.1865569 0.655631 0.172725 0.643182 0.1865569 0.655631 0.1876299 0.651379 0.199635 0.661238 0.1865569 0.655631 0.199635 0.661238 0.201986 0.665188 0.213271 0.669848 0.201986 0.665188 0.199635 0.661238 0.213271 0.669848 0.199635 0.661238 0.2048079 0.664445 0.2212679 0.414554 0.21536 0.411712 0.224509 0.411615 0.2212679 0.414554 0.2154729 0.414246 0.21536 0.411712 0.21536 0.411712 0.2154729 0.414246 0.202251 0.420248 0.21536 0.411712 0.202251 0.420248 0.200412 0.417884 0.190804 0.43067 0.200412 0.417884 0.202251 0.420248 0.190804 0.43067 0.188023 0.428239 0.200412 0.417884 0.188023 0.428239 0.190804 0.43067 0.181798 0.442984 0.188023 0.428239 0.181798 0.442984 0.1784909 0.441075 0.1756359 0.456941 0.1784909 0.441075 0.181798 0.442984 0.1756359 0.456941 0.172141 0.455749 0.1784909 0.441075 0.172141 0.455749 0.1756359 0.456941 0.172334 0.472065 0.172141 0.455749 0.172334 0.472065 0.169368 0.471657 0.172334 0.472065 0.171501 0.487691 0.169368 0.471657 0.172334 0.472065 0.173363 0.486541 0.171501 0.487691 0.176867 0.491239 0.171501 0.487691 0.173363 0.486541 0.176867 0.491239 0.175984 0.495663 0.171501 0.487691 0.981118 0.220459 0.964706 0.225201 0.964707 0.220458 0.981118 0.220459 0.981118 0.225201 0.964706 0.225201 0.981118 0.225201 0.964706 0.231494 0.964706 0.225201 0.981118 0.225201 0.981118 0.231495 0.964706 0.231494 0.981118 0.231495 0.964706 0.236849 0.964706 0.231494 0.981118 0.231495 0.981118 0.23685 0.964706 0.236849 0.981118 0.23685 0.964706 0.242204 0.964706 0.236849 0.981118 0.23685 0.981117 0.242205 0.964706 0.242204 0.981117 0.242205 0.964706 0.248498 0.964706 0.242204 0.981117 0.242205 0.981117 0.248498 0.964706 0.248498 0.981117 0.248498 0.964705 0.253241 0.964706 0.248498 0.981117 0.248498 0.981117 0.253241 0.964705 0.253241 0.981117 0.253241 0.964705 0.257077 0.964705 0.253241 0.981117 0.253241 0.981117 0.257077 0.964705 0.257077 0.981117 0.257077 0.964705 0.263487 0.964705 0.257077 0.981117 0.257077 0.981117 0.263487 0.964705 0.263487 0.981117 0.263487 0.964705 0.269778 0.964705 0.263487 0.981117 0.263487 0.981117 0.269777 0.964705 0.269778 0.981117 0.269777 0.964705 0.276068 0.964705 0.269778 0.981117 0.269777 0.981118 0.276068 0.964705 0.276068 0.981118 0.276068 0.964705 0.282478 0.964705 0.276068 0.981118 0.276068 0.981118 0.282478 0.964705 0.282478 0.981118 0.282478 0.964705 0.286315 0.964705 0.282478 0.981118 0.282478 0.981118 0.286315 0.964705 0.286315 0.980306 0.372289 0.963894 0.377032 0.963894 0.372289 0.980306 0.372289 0.980306 0.377032 0.963894 0.377032 0.980306 0.377032 0.963894 0.383325 0.963894 0.377032 0.980306 0.377032 0.980306 0.383325 0.963894 0.383325 0.980306 0.383325 0.963894 0.38868 0.963894 0.383325 0.980306 0.383325 0.980306 0.38868 0.963894 0.38868 0.963894 0.394035 0.963894 0.38868 0.980306 0.38868 0.963894 0.394035 0.980306 0.38868 0.980306 0.394035 0.963894 0.394035 0.980306 0.394035 0.980306 0.400329 0.963894 0.394035 0.980306 0.400329 0.963894 0.400329 0.963894 0.400329 0.980306 0.400329 0.980306 0.405072 0.963894 0.400329 0.980306 0.405072 0.963894 0.405072 0.213271 0.669488 0.2048079 0.664085 0.199635 0.660878 0.213271 0.669488 0.199635 0.660878 0.201986 0.664828 0.1865569 0.655272 0.201986 0.664828 0.199635 0.660878 0.1865569 0.655272 0.199635 0.660878 0.1876299 0.651019 0.1876299 0.651019 0.172725 0.642822 0.1865569 0.655272 0.1876299 0.651019 0.176084 0.638132 0.172725 0.642822 0.176084 0.638132 0.161509 0.628508 0.172725 0.642822 0.176084 0.638132 0.16711 0.624105 0.161509 0.628508 0.14746 0.595972 0.161509 0.628508 0.16711 0.624105 0.14746 0.595972 0.16711 0.624105 0.155914 0.592882 0.155914 0.592882 0.1447809 0.563821 0.14746 0.595972 0.155914 0.592882 0.153829 0.562389 0.1447809 0.563821 0.153829 0.562389 0.145816 0.554756 0.1447809 0.563821 0.153829 0.562389 0.153806 0.553522 0.145816 0.554756 0.153806 0.553522 0.147603 0.545942 0.145816 0.554756 0.153806 0.553522 0.153739 0.544283 0.147603 0.545942 0.147603 0.545942 0.153739 0.544283 0.153237 0.53788 0.147603 0.545942 0.153237 0.53788 0.14906 0.540275 0.105996 0.356449 0.114906 0.351821 0.120271 0.348944 0.105996 0.356449 0.120271 0.348944 0.115674 0.349006 0.120271 0.348944 0.131665 0.340422 0.115674 0.349006 0.120271 0.348944 0.134811 0.343477 0.131665 0.340422 0.134811 0.343477 0.149362 0.334668 0.131665 0.340422 0.134811 0.343477 0.151744 0.33992 0.149362 0.334668 0.151744 0.33992 0.167366 0.332111 0.149362 0.334668 0.151744 0.33992 0.168377 0.339159 0.167366 0.332111 0.2025679 0.336213 0.167366 0.332111 0.168377 0.339159 0.2025679 0.336213 0.168377 0.339159 0.20101 0.345065 0.20101 0.345065 0.231751 0.349968 0.2025679 0.336213 0.20101 0.345065 0.228451 0.358502 0.231751 0.349968 0.228451 0.358502 0.239084 0.355398 0.231751 0.349968 0.228451 0.358502 0.236138 0.362926 0.239084 0.355398 0.236138 0.362926 0.245824 0.361352 0.239084 0.355398 0.236138 0.362926 0.244197 0.367468 0.245824 0.361352 0.244197 0.367468 0.25 0.365447 0.245824 0.361352 0.244197 0.367468 0.250002 0.37025 0.25 0.365447 0.966095 0.541266 0.982589 0.530174 0.982488 0.541411 0.966095 0.541266 0.966192 0.530031 0.982589 0.530174 0.966192 0.530031 0.982684 0.519397 0.982589 0.530174 0.966192 0.530031 0.966283 0.519258 0.982684 0.519397 0.966283 0.519258 0.982767 0.509822 0.982684 0.519397 0.966283 0.519258 0.966362 0.509686 0.982767 0.509822 0.966362 0.509686 0.982847 0.500243 0.982767 0.509822 0.966362 0.509686 0.966439 0.500111 0.982847 0.500243 0.966439 0.500111 0.982935 0.489459 0.982847 0.500243 0.966439 0.500111 0.966522 0.489332 0.982935 0.489459 0.966522 0.489332 0.983021 0.478205 0.982935 0.489459 0.966522 0.489332 0.966605 0.478086 0.983021 0.478205 0.980773 0.80388 0.964394 0.815118 0.964391 0.803882 0.980773 0.80388 0.980781 0.815104 0.964394 0.815118 0.980795 0.825866 0.964394 0.815118 0.980781 0.815104 0.980795 0.825866 0.964404 0.825891 0.964394 0.815118 0.980795 0.825866 0.964421 0.835464 0.964404 0.825891 0.980795 0.825866 0.980815 0.83543 0.964421 0.835464 0.980838 0.844995 0.964421 0.835464 0.980815 0.83543 0.980838 0.844995 0.964443 0.845039 0.964421 0.835464 0.980838 0.844995 0.964475 0.855816 0.964443 0.845039 0.980838 0.844995 0.980871 0.855763 0.964475 0.855816 0.980912 0.866996 0.964475 0.855816 0.980871 0.855763 0.980912 0.866996 0.964514 0.86706 0.964475 0.855816 0.394004 0.356809 0.385093 0.352181 0.379729 0.349305 0.394004 0.356809 0.379729 0.349305 0.384326 0.349366 0.379729 0.349305 0.368335 0.340783 0.384326 0.349366 0.379729 0.349305 0.365189 0.343838 0.368335 0.340783 0.365189 0.343838 0.350638 0.335028 0.368335 0.340783 0.365189 0.343838 0.348256 0.34028 0.350638 0.335028 0.348256 0.34028 0.332634 0.332472 0.350638 0.335028 0.348256 0.34028 0.331623 0.33952 0.332634 0.332472 0.297432 0.336573 0.332634 0.332472 0.331623 0.33952 0.297432 0.336573 0.331623 0.33952 0.29899 0.345426 0.29899 0.345426 0.268249 0.350329 0.297432 0.336573 0.29899 0.345426 0.271551 0.358862 0.268249 0.350329 0.271551 0.358862 0.260916 0.355758 0.268249 0.350329 0.271551 0.358862 0.263864 0.363286 0.260916 0.355758 0.263864 0.363286 0.254176 0.361712 0.260916 0.355758 0.263864 0.363286 0.255805 0.367828 0.254176 0.361712 0.255805 0.367828 0.25 0.365807 0.254176 0.361712 0.255805 0.367828 0.250002 0.37061 0.25 0.365807 0.98351 0.1506479 0.967044 0.156617 0.967043 0.150651 0.98351 0.1506479 0.983512 0.156613 0.967044 0.156617 0.983517 0.1673229 0.967044 0.156617 0.983512 0.156613 0.983517 0.1673229 0.967046 0.167328 0.967044 0.156617 0.983522 0.178254 0.967046 0.167328 0.983517 0.1673229 0.983522 0.178254 0.967049 0.178261 0.967046 0.167328 0.967052 0.1864989 0.967049 0.178261 0.983522 0.178254 0.967052 0.1864989 0.983522 0.178254 0.983526 0.186491 0.967057 0.197434 0.967052 0.1864989 0.983526 0.186491 0.967057 0.197434 0.983526 0.186491 0.983533 0.197425 0.967063 0.20815 0.967057 0.197434 0.983533 0.197425 0.967063 0.20815 0.983533 0.197425 0.983539 0.20814 0.967066 0.214119 0.967063 0.20815 0.983539 0.20814 0.967066 0.214119 0.983539 0.20814 0.983543 0.214109 0.29173 0.542355 0.287787 0.552759 0.298606 0.539638 0.29173 0.542355 0.286715 0.551042 0.287787 0.552759 0.272704 0.557122 0.287787 0.552759 0.286715 0.551042 0.272704 0.557122 0.273635 0.560407 0.287787 0.552759 0.257351 0.560336 0.273635 0.560407 0.272704 0.557122 0.257351 0.560336 0.25772 0.564099 0.273635 0.560407 0.24228 0.564099 0.25772 0.564099 0.257351 0.560336 0.24228 0.564099 0.257351 0.560336 0.242649 0.560336 0.242649 0.560336 0.226365 0.560407 0.24228 0.564099 0.242649 0.560336 0.2272959 0.557122 0.226365 0.560407 0.2272959 0.557122 0.212213 0.552759 0.226365 0.560407 0.2272959 0.557122 0.213285 0.551042 0.212213 0.552759 0.2073799 0.541287 0.212213 0.552759 0.213285 0.551042 0.2073799 0.541287 0.201394 0.539638 0.212213 0.552759 0.287587 0.376396 0.283982 0.388435 0.283912 0.388653 0.283912 0.388653 0.283982 0.388435 0.29184 0.395642 0.32151 0.441075 0.322633 0.420993 0.332571 0.434689 0.32151 0.441075 0.311977 0.428239 0.322633 0.420993 0.308275 0.407508 0.322633 0.420993 0.311977 0.428239 0.308275 0.407508 0.311977 0.428239 0.299589 0.417884 0.299589 0.417884 0.29184 0.395642 0.308275 0.407508 0.299589 0.417884 0.284642 0.411712 0.29184 0.395642 0.283912 0.388653 0.29184 0.395642 0.284642 0.411712 0.283912 0.388653 0.284642 0.411712 0.275493 0.411615 0.379209 0.35145 0.379729 0.349305 0.385093 0.352181 0.379729 0.349305 0.379209 0.35145 0.369015 0.347801 0.379729 0.349305 0.369015 0.347801 0.365189 0.343838 0.346615 0.342931 0.365189 0.343838 0.369015 0.347801 0.346615 0.342931 0.348256 0.34028 0.365189 0.343838 0.348256 0.34028 0.346615 0.342931 0.333926 0.344274 0.348256 0.34028 0.333926 0.344274 0.331623 0.33952 0.331623 0.33952 0.333926 0.344274 0.311189 0.352653 0.331623 0.33952 0.311189 0.352653 0.29899 0.345426 0.29899 0.345426 0.311189 0.352653 0.295173 0.365448 0.29899 0.345426 0.295173 0.365448 0.271551 0.358862 0.287587 0.376396 0.271551 0.358862 0.295173 0.365448 0.287587 0.376396 0.263864 0.363286 0.271551 0.358862 0.287587 0.376396 0.255805 0.367828 0.263864 0.363286 0.287587 0.376396 0.283912 0.388653 0.255805 0.367828 0.250002 0.37061 0.255805 0.367828 0.283912 0.388653 0.275493 0.411615 0.250002 0.37061 0.283912 0.388653 0.250002 0.37061 0.275493 0.411615 0.272673 0.421778 0.120346 0.351628 0.114906 0.352181 0.120271 0.349305 0.130539 0.347979 0.120346 0.351628 0.120271 0.349305 0.130539 0.347979 0.120271 0.349305 0.134811 0.343838 0.153385 0.342931 0.130539 0.347979 0.134811 0.343838 0.153385 0.342931 0.134811 0.343838 0.151744 0.34028 0.166074 0.344274 0.153385 0.342931 0.151744 0.34028 0.166074 0.344274 0.151744 0.34028 0.168377 0.33952 0.188811 0.352653 0.166074 0.344274 0.168377 0.33952 0.188811 0.352653 0.168377 0.33952 0.20101 0.345426 0.204829 0.365448 0.188811 0.352653 0.20101 0.345426 0.204829 0.365448 0.20101 0.345426 0.228451 0.358862 0.212418 0.376396 0.204829 0.365448 0.228451 0.358862 0.212418 0.376396 0.228451 0.358862 0.236138 0.363286 0.212418 0.376396 0.236138 0.363286 0.244197 0.367828 0.212418 0.376396 0.244197 0.367828 0.2160969 0.388653 0.250002 0.37061 0.2160969 0.388653 0.244197 0.367828 0.224509 0.411615 0.2160969 0.388653 0.250002 0.37061 0.250002 0.37061 0.227329 0.421778 0.224509 0.411615 0.212418 0.376396 0.2160969 0.388653 0.216027 0.388435 0.2160969 0.388653 0.208165 0.395642 0.216027 0.388435 0.177368 0.420993 0.1784909 0.441075 0.167429 0.434689 0.177368 0.420993 0.188023 0.428239 0.1784909 0.441075 0.191726 0.407508 0.188023 0.428239 0.177368 0.420993 0.191726 0.407508 0.200412 0.417884 0.188023 0.428239 0.208165 0.395642 0.200412 0.417884 0.191726 0.407508 0.208165 0.395642 0.21536 0.411712 0.200412 0.417884 0.2160969 0.388653 0.21536 0.411712 0.208165 0.395642 0.2160969 0.388653 0.224509 0.411615 0.21536 0.411712 0.250002 0.37061 0.25 0.482387 0.227329 0.421778 0.25 0.482387 0.227647 0.43673 0.227329 0.421778 0.25 0.482387 0.224662 0.452149 0.227647 0.43673 0.25 0.482387 0.2191219 0.464541 0.224662 0.452149 0.25 0.482387 0.211161 0.475534 0.2191219 0.464541 0.25 0.482387 0.199301 0.485827 0.211161 0.475534 0.25 0.482387 0.186194 0.493026 0.199301 0.485827 0.186194 0.493026 0.25 0.482387 0.153237 0.53824 0.175984 0.495663 0.186194 0.493026 0.153237 0.53824 0.175984 0.495663 0.153237 0.53824 0.1516669 0.499911 0.171501 0.487691 0.175984 0.495663 0.1516669 0.499911 0.171501 0.487691 0.1516669 0.499911 0.15398 0.489495 0.169368 0.471657 0.171501 0.487691 0.15398 0.489495 0.169368 0.471657 0.15398 0.489495 0.1560389 0.469322 0.1560389 0.469322 0.172141 0.455749 0.169368 0.471657 0.1560389 0.469322 0.160537 0.450144 0.172141 0.455749 0.1784909 0.441075 0.172141 0.455749 0.160537 0.450144 0.1784909 0.441075 0.160537 0.450144 0.167429 0.434689 0.153237 0.53824 0.25 0.482387 0.2088119 0.532417 0.2088119 0.532417 0.25 0.482387 0.214981 0.528253 0.214981 0.528253 0.25 0.482387 0.221661 0.524599 0.25 0.482387 0.236502 0.519452 0.221661 0.524599 0.25 0.482387 0.25 0.518048 0.236502 0.519452 0.25 0.482387 0.263498 0.519452 0.25 0.518048 0.25 0.482387 0.278339 0.524599 0.263498 0.519452 0.285019 0.528253 0.278339 0.524599 0.25 0.482387 0.291188 0.532417 0.285019 0.528253 0.25 0.482387 0.346763 0.53824 0.291188 0.532417 0.25 0.482387 0.346763 0.53824 0.298606 0.539998 0.291188 0.532417 0.298606 0.539998 0.346763 0.53824 0.314185 0.558473 0.287787 0.553119 0.298606 0.539998 0.314185 0.558473 0.287787 0.553119 0.314185 0.558473 0.294807 0.566397 0.273635 0.560767 0.287787 0.553119 0.294807 0.566397 0.273635 0.560767 0.294807 0.566397 0.276435 0.573521 0.276435 0.573521 0.25772 0.564459 0.273635 0.560767 0.276435 0.573521 0.257031 0.577342 0.25772 0.564459 0.250002 0.37061 0.272673 0.421778 0.25 0.482387 0.25 0.482387 0.272673 0.421778 0.272354 0.43673 0.25 0.482387 0.272354 0.43673 0.275338 0.452149 0.25 0.482387 0.275338 0.452149 0.280878 0.464541 0.25 0.482387 0.280878 0.464541 0.288839 0.475534 0.25 0.482387 0.288839 0.475534 0.300699 0.485827 0.25 0.482387 0.300699 0.485827 0.313806 0.493026 0.313806 0.493026 0.346763 0.53824 0.25 0.482387 0.324016 0.495663 0.346763 0.53824 0.313806 0.493026 0.324016 0.495663 0.348333 0.499911 0.346763 0.53824 0.348333 0.499911 0.324016 0.495663 0.328499 0.487691 0.348333 0.499911 0.328499 0.487691 0.34602 0.489495 0.34602 0.489495 0.328499 0.487691 0.330632 0.471657 0.34602 0.489495 0.330632 0.471657 0.343962 0.469322 0.343962 0.469322 0.330632 0.471657 0.327859 0.455749 0.343962 0.469322 0.327859 0.455749 0.339463 0.450144 0.339463 0.450144 0.327859 0.455749 0.32151 0.441075 0.339463 0.450144 0.32151 0.441075 0.332571 0.434689 0.352078 0.534594 0.346763 0.53824 0.348333 0.499911 0.348333 0.499911 0.360056 0.529915 0.352078 0.534594 0.348333 0.499911 0.360552 0.502779 0.360056 0.529915 0.360552 0.502779 0.367729 0.525458 0.360056 0.529915 0.360552 0.502779 0.373832 0.501691 0.367729 0.525458 0.373832 0.501691 0.393084 0.508402 0.367729 0.525458 0.373832 0.501691 0.392924 0.494222 0.393084 0.508402 0.392924 0.494222 0.414515 0.483094 0.393084 0.508402 0.392924 0.494222 0.41155 0.478722 0.414515 0.483094 0.41155 0.478722 0.422174 0.468309 0.414515 0.483094 0.41155 0.478722 0.419058 0.468405 0.422174 0.468309 0.419058 0.468405 0.427559 0.451866 0.422174 0.468309 0.419058 0.468405 0.427009 0.446389 0.427559 0.451866 0.427009 0.446389 0.430094 0.43654 0.427559 0.451866 0.427009 0.446389 0.428946 0.435736 0.430094 0.43654 0.428946 0.435736 0.430286 0.430456 0.430094 0.43654 0.2073799 0.541647 0.212213 0.553119 0.201394 0.539998 0.2073799 0.541647 0.213285 0.551401 0.212213 0.553119 0.2272959 0.557482 0.212213 0.553119 0.213285 0.551401 0.2272959 0.557482 0.226365 0.560767 0.212213 0.553119 0.242649 0.560696 0.226365 0.560767 0.2272959 0.557482 0.242649 0.560696 0.24228 0.564458 0.226365 0.560767 0.24228 0.564458 0.242649 0.560696 0.257351 0.560696 0.24228 0.564458 0.257351 0.560696 0.25772 0.564459 0.257351 0.560696 0.273635 0.560767 0.25772 0.564459 0.257351 0.560696 0.272704 0.557482 0.273635 0.560767 0.272704 0.557482 0.287787 0.553119 0.273635 0.560767 0.272704 0.557482 0.286715 0.551401 0.287787 0.553119 0.29173 0.542715 0.287787 0.553119 0.286715 0.551401 0.29173 0.542715 0.298606 0.539998 0.287787 0.553119 0.244197 0.367828 0.25 0.365807 0.250002 0.37061 0.244197 0.367828 0.245824 0.361712 0.25 0.365807 0.236138 0.363286 0.245824 0.361712 0.244197 0.367828 0.236138 0.363286 0.239084 0.355758 0.245824 0.361712 0.228451 0.358862 0.239084 0.355758 0.236138 0.363286 0.228451 0.358862 0.231751 0.350329 0.239084 0.355758 0.20101 0.345426 0.231751 0.350329 0.228451 0.358862 0.20101 0.345426 0.2025679 0.336573 0.231751 0.350329 0.2025679 0.336573 0.20101 0.345426 0.168377 0.33952 0.2025679 0.336573 0.168377 0.33952 0.167366 0.332472 0.151744 0.34028 0.167366 0.332472 0.168377 0.33952 0.151744 0.34028 0.149362 0.335028 0.167366 0.332472 0.134811 0.343838 0.149362 0.335028 0.151744 0.34028 0.134811 0.343838 0.131665 0.340783 0.149362 0.335028 0.120271 0.349305 0.131665 0.340783 0.134811 0.343838 0.120271 0.349305 0.115674 0.349366 0.131665 0.340783 0.105996 0.356809 0.115674 0.349366 0.120271 0.349305 0.105996 0.356809 0.120271 0.349305 0.114906 0.352181 0.351265 0.498766 0.34602 0.489135 0.348333 0.499551 0.351265 0.498766 0.352734 0.48864 0.34602 0.489135 0.34602 0.489135 0.352734 0.48864 0.35258 0.467612 0.34602 0.489135 0.35258 0.467612 0.343962 0.468962 0.339463 0.449784 0.343962 0.468962 0.35258 0.467612 0.339463 0.449784 0.35258 0.467612 0.348039 0.446872 0.339463 0.449784 0.348039 0.446872 0.340559 0.429717 0.339463 0.449784 0.340559 0.429717 0.332571 0.434329 0.329442 0.414661 0.332571 0.434329 0.340559 0.429717 0.329442 0.414661 0.322633 0.420633 0.332571 0.434329 0.322633 0.420633 0.329442 0.414661 0.313751 0.400358 0.322633 0.420633 0.313751 0.400358 0.308275 0.407148 0.295618 0.389711 0.308275 0.407148 0.313751 0.400358 0.295618 0.389711 0.29184 0.395282 0.308275 0.407148 0.286113 0.38592 0.29184 0.395282 0.295618 0.389711 0.286113 0.38592 0.283982 0.388075 0.29184 0.395282 0.352397 0.545942 0.35094 0.540275 0.346763 0.53788 0.352397 0.545942 0.346763 0.53788 0.346261 0.544283 0.346194 0.553522 0.352397 0.545942 0.346261 0.544283 0.346194 0.553522 0.354184 0.554756 0.352397 0.545942 0.346171 0.562389 0.354184 0.554756 0.346194 0.553522 0.346171 0.562389 0.355219 0.563821 0.354184 0.554756 0.344086 0.592882 0.355219 0.563821 0.346171 0.562389 0.344086 0.592882 0.35254 0.595972 0.355219 0.563821 0.35254 0.595972 0.344086 0.592882 0.33289 0.624105 0.35254 0.595972 0.33289 0.624105 0.338491 0.628508 0.323916 0.638132 0.338491 0.628508 0.33289 0.624105 0.323916 0.638132 0.327275 0.642822 0.338491 0.628508 0.31237 0.651019 0.327275 0.642822 0.323916 0.638132 0.31237 0.651019 0.313443 0.655272 0.327275 0.642822 0.313443 0.655272 0.31237 0.651019 0.300365 0.660878 0.313443 0.655272 0.300365 0.660878 0.298014 0.664828 0.286729 0.669488 0.298014 0.664828 0.300365 0.660878 0.286729 0.669488 0.300365 0.660878 0.295192 0.664085 0.250002 0.37025 0.283912 0.388293 0.255805 0.367468 0.287587 0.376036 0.255805 0.367468 0.283912 0.388293 0.287587 0.376036 0.263864 0.362926 0.255805 0.367468 0.287587 0.376036 0.271551 0.358502 0.263864 0.362926 0.287587 0.376036 0.295173 0.365088 0.271551 0.358502 0.295173 0.365088 0.29899 0.345065 0.271551 0.358502 0.295173 0.365088 0.311189 0.352293 0.29899 0.345065 0.311189 0.352293 0.331623 0.339159 0.29899 0.345065 0.311189 0.352293 0.333926 0.343913 0.331623 0.339159 0.333926 0.343913 0.348256 0.33992 0.331623 0.339159 0.333926 0.343913 0.346615 0.34257 0.348256 0.33992 0.346615 0.34257 0.365189 0.343477 0.348256 0.33992 0.346615 0.34257 0.369015 0.34744 0.365189 0.343477 0.369015 0.34744 0.379729 0.348944 0.365189 0.343477 0.369015 0.34744 0.379209 0.35109 0.379729 0.348944 0.379209 0.35109 0.385093 0.351821 0.379729 0.348944 0.227329 0.421778 0.2212679 0.414554 0.224509 0.411615 0.227329 0.421778 0.2231709 0.419725 0.2212679 0.414554 0.227647 0.43673 0.2231709 0.419725 0.227329 0.421778 0.227647 0.43673 0.222018 0.434506 0.2231709 0.419725 0.224662 0.452149 0.222018 0.434506 0.227647 0.43673 0.224662 0.452149 0.217986 0.449105 0.222018 0.434506 0.217986 0.449105 0.224662 0.452149 0.2191219 0.464541 0.217986 0.449105 0.2191219 0.464541 0.212391 0.460647 0.211161 0.475534 0.212391 0.460647 0.2191219 0.464541 0.211161 0.475534 0.205193 0.471264 0.212391 0.460647 0.205193 0.471264 0.211161 0.475534 0.199301 0.485827 0.205193 0.471264 0.199301 0.485827 0.194566 0.482055 0.194566 0.482055 0.199301 0.485827 0.186194 0.493026 0.194566 0.482055 0.186194 0.493026 0.182341 0.490444 0.186194 0.493026 0.176867 0.491239 0.182341 0.490444 0.186194 0.493026 0.175984 0.495663 0.176867 0.491239 0.736973 0.2433609 0.733141 0.229486 0.723933 0.231095 0.736973 0.2433609 0.723933 0.231095 0.728245 0.246708 0.734229 0.259051 0.736973 0.2433609 0.728245 0.246708 0.734229 0.259051 0.742316 0.254382 0.736973 0.2433609 0.749189 0.26452 0.742316 0.254382 0.734229 0.259051 0.749189 0.26452 0.734229 0.259051 0.741927 0.270405 0.753292 0.281946 0.749189 0.26452 0.741927 0.270405 0.753292 0.281946 0.759289 0.274776 0.749189 0.26452 0.753292 0.281946 0.768108 0.281093 0.759289 0.274776 0.753292 0.281946 0.766365 0.290918 0.768108 0.281093 0.766365 0.290918 0.776219 0.295576 0.768108 0.281093 0.768108 0.281093 0.776219 0.295576 0.7773 0.287505 0.777068 0.271263 0.768108 0.281093 0.7773 0.287505 0.777068 0.271263 0.767779 0.272324 0.768108 0.281093 0.777068 0.271263 0.764652 0.258001 0.767779 0.272324 0.777068 0.271263 0.773536 0.255088 0.764652 0.258001 0.773536 0.255088 0.758847 0.2448379 0.764652 0.258001 0.773536 0.255088 0.766947 0.240162 0.758847 0.2448379 0.757315 0.226992 0.758847 0.2448379 0.766947 0.240162 0.757315 0.226992 0.75035 0.233229 0.758847 0.2448379 0.745073 0.215846 0.75035 0.233229 0.757315 0.226992 0.745073 0.215846 0.73951 0.22336 0.75035 0.233229 0.745073 0.215846 0.73208 0.21869 0.73951 0.22336 0.745073 0.215846 0.731123 0.207523 0.73208 0.21869 0.723593 0.204424 0.73208 0.21869 0.731123 0.207523 0.7227 0.215287 0.73208 0.21869 0.723593 0.204424 0.723933 0.231095 0.73208 0.21869 0.7227 0.215287 0.723933 0.231095 0.733141 0.229486 0.73208 0.21869 0.278732 0.414906 0.284642 0.411352 0.275493 0.411255 0.278732 0.414906 0.284883 0.414599 0.284642 0.411352 0.284642 0.411352 0.284883 0.414599 0.297749 0.419888 0.284642 0.411352 0.297749 0.419888 0.299589 0.417524 0.309196 0.43031 0.299589 0.417524 0.297749 0.419888 0.309196 0.43031 0.311977 0.427879 0.299589 0.417524 0.311977 0.427879 0.309196 0.43031 0.318202 0.442624 0.311977 0.427879 0.318202 0.442624 0.32151 0.440715 0.324364 0.456581 0.32151 0.440715 0.318202 0.442624 0.324364 0.456581 0.327859 0.455389 0.32151 0.440715 0.327859 0.455389 0.324364 0.456581 0.327666 0.471705 0.327859 0.455389 0.327666 0.471705 0.330632 0.471297 0.327666 0.471705 0.328499 0.487331 0.330632 0.471297 0.327666 0.471705 0.326815 0.485468 0.328499 0.487331 0.323311 0.490522 0.328499 0.487331 0.326815 0.485468 0.323311 0.490522 0.324016 0.495303 0.328499 0.487331 0.348333 0.499551 0.362409 0.499527 0.351265 0.498766 0.348333 0.499551 0.360552 0.502419 0.362409 0.499527 0.374545 0.497367 0.362409 0.499527 0.360552 0.502419 0.374545 0.497367 0.360552 0.502419 0.373832 0.501331 0.374545 0.497367 0.373832 0.501331 0.392924 0.493862 0.374545 0.497367 0.392924 0.493862 0.39251 0.489975 0.392924 0.493862 0.410907 0.475325 0.39251 0.489975 0.392924 0.493862 0.41155 0.478362 0.410907 0.475325 0.41155 0.478362 0.418369 0.465651 0.410907 0.475325 0.41155 0.478362 0.419058 0.468045 0.418369 0.465651 0.427009 0.446029 0.418369 0.465651 0.419058 0.468045 0.427009 0.446029 0.426019 0.443362 0.418369 0.465651 0.427009 0.446029 0.428334 0.431099 0.426019 0.443362 0.427009 0.446029 0.428946 0.435376 0.428334 0.431099 0.428946 0.435376 0.430733 0.420065 0.428334 0.431099 0.428946 0.435376 0.430286 0.430096 0.430733 0.420065 0.713972 0.249653 0.706334 0.2432309 0.697373 0.249436 0.706334 0.2432309 0.713972 0.249653 0.713297 0.239488 0.723852 0.245174 0.713297 0.239488 0.713972 0.249653 0.723852 0.245174 0.720641 0.236396 0.713297 0.239488 0.720641 0.236396 0.723852 0.245174 0.737784 0.241556 0.720641 0.236396 0.737784 0.241556 0.736318 0.232323 0.737784 0.241556 0.75 0.231334 0.736318 0.232323 0.737784 0.241556 0.75 0.240672 0.75 0.231334 0.75 0.231334 0.75 0.240672 0.762216 0.241556 0.75 0.231334 0.762216 0.241556 0.763682 0.232323 0.762216 0.241556 0.779359 0.236396 0.763682 0.232323 0.762216 0.241556 0.776148 0.245174 0.779359 0.236396 0.786704 0.239488 0.779359 0.236396 0.776148 0.245174 0.786704 0.239488 0.776148 0.245174 0.786028 0.249653 0.793666 0.2432309 0.786704 0.239488 0.786028 0.249653 0.786028 0.249653 0.802627 0.249436 0.793666 0.2432309 0.786028 0.249653 0.789265 0.258726 0.802627 0.249436 0.789265 0.258726 0.786028 0.249653 0.771438 0.256322 0.789265 0.258726 0.771438 0.256322 0.774281 0.265229 0.757861 0.268666 0.774281 0.265229 0.771438 0.256322 0.757861 0.268666 0.771438 0.256322 0.756871 0.25937 0.742139 0.268666 0.757861 0.268666 0.756871 0.25937 0.742139 0.268666 0.756871 0.25937 0.743129 0.25937 0.742139 0.268666 0.743129 0.25937 0.728562 0.256322 0.742139 0.268666 0.728562 0.256322 0.725719 0.265229 0.710735 0.258726 0.725719 0.265229 0.728562 0.256322 0.710735 0.258726 0.728562 0.256322 0.713972 0.249653 0.713972 0.249653 0.697373 0.249436 0.710735 0.258726 0.960763 0.366509 0.944351 0.361766 0.960763 0.361766 0.960763 0.366509 0.944351 0.366509 0.944351 0.361766 0.960763 0.372802 0.944351 0.366509 0.960763 0.366509 0.960763 0.372802 0.944351 0.372802 0.944351 0.366509 0.960763 0.372802 0.944351 0.378158 0.944351 0.372802 0.960763 0.372802 0.960763 0.378158 0.944351 0.378158 0.960763 0.383513 0.944351 0.378158 0.960763 0.378158 0.960763 0.383513 0.944351 0.383513 0.944351 0.378158 0.960763 0.383513 0.944351 0.389806 0.944351 0.383513 0.960763 0.383513 0.960763 0.389806 0.944351 0.389806 0.960763 0.389806 0.944351 0.394549 0.944351 0.389806 0.960763 0.389806 0.960763 0.394549 0.944351 0.394549 0.120346 0.351268 0.114906 0.351821 0.105996 0.356449 0.120346 0.351268 0.105996 0.356449 0.11804 0.35391 0.130539 0.347619 0.120346 0.351268 0.11804 0.35391 0.130539 0.347619 0.11804 0.35391 0.129818 0.349784 0.129818 0.349784 0.153385 0.34257 0.130539 0.347619 0.129818 0.349784 0.151656 0.344364 0.153385 0.34257 0.166074 0.343913 0.153385 0.34257 0.151656 0.344364 0.166074 0.343913 0.151656 0.344364 0.163765 0.345989 0.188811 0.352293 0.166074 0.343913 0.163765 0.345989 0.188811 0.352293 0.163765 0.345989 0.185651 0.354596 0.204829 0.365088 0.188811 0.352293 0.185651 0.354596 0.204829 0.365088 0.185651 0.354596 0.201035 0.366459 0.201035 0.366459 0.212418 0.376036 0.204829 0.365088 0.201035 0.366459 0.208973 0.375889 0.212418 0.376036 0.208973 0.375889 0.216027 0.388075 0.212418 0.376036 0.208973 0.375889 0.213887 0.38592 0.216027 0.388075 0.213887 0.38592 0.208165 0.395282 0.216027 0.388075 0.213887 0.38592 0.204382 0.389711 0.208165 0.395282 0.204382 0.389711 0.191726 0.407148 0.208165 0.395282 0.204382 0.389711 0.186249 0.400358 0.191726 0.407148 0.177368 0.420633 0.191726 0.407148 0.186249 0.400358 0.177368 0.420633 0.186249 0.400358 0.170558 0.414661 0.170558 0.414661 0.167429 0.434329 0.177368 0.420633 0.170558 0.414661 0.1594409 0.429717 0.167429 0.434329 0.160537 0.449784 0.167429 0.434329 0.1594409 0.429717 0.160537 0.449784 0.1594409 0.429717 0.151961 0.446872 0.160537 0.449784 0.151961 0.446872 0.14742 0.467612 0.160537 0.449784 0.14742 0.467612 0.1560389 0.468962 0.15398 0.489135 0.1560389 0.468962 0.14742 0.467612 0.15398 0.489135 0.14742 0.467612 0.147266 0.48864 0.148735 0.498766 0.15398 0.489135 0.147266 0.48864 0.148735 0.498766 0.1516669 0.499551 0.15398 0.489135 0.960763 0.398386 0.944351 0.394549 0.960763 0.394549 0.960763 0.398386 0.944351 0.398386 0.944351 0.394549 0.960763 0.404796 0.944351 0.398386 0.960763 0.398386 0.960763 0.404796 0.944351 0.404796 0.944351 0.398386 0.960763 0.404796 0.944351 0.411086 0.944351 0.404796 0.960763 0.404796 0.960763 0.411086 0.944351 0.411086 0.960763 0.417376 0.944351 0.411086 0.960763 0.411086 0.960763 0.417376 0.944351 0.417376 0.944351 0.411086 0.960763 0.417376 0.944351 0.423785 0.944351 0.417376 0.960763 0.417376 0.960763 0.423786 0.944351 0.423785 0.960763 0.423786 0.944351 0.427622 0.944351 0.423785 0.960763 0.423786 0.960763 0.427622 0.944351 0.427622 0.185815 0.558113 0.178617 0.570587 0.184848 0.561316 0.185815 0.558113 0.177136 0.567393 0.178617 0.570587 0.1744199 0.582177 0.178617 0.570587 0.177136 0.567393 0.1744199 0.582177 0.177136 0.567393 0.171387 0.579513 0.171387 0.579513 0.1718389 0.601431 0.1744199 0.582177 0.171387 0.579513 0.168278 0.599828 0.1718389 0.601431 0.168278 0.599828 0.175328 0.624688 0.1718389 0.601431 0.168278 0.599828 0.172379 0.623722 0.175328 0.624688 0.172379 0.623722 0.179975 0.635987 0.175328 0.624688 0.172379 0.623722 0.177559 0.635385 0.179975 0.635987 0.196122 0.652006 0.179975 0.635987 0.177559 0.635385 0.196122 0.652006 0.177559 0.635385 0.192719 0.652127 0.192719 0.652127 0.205585 0.660142 0.196122 0.652006 0.192719 0.652127 0.200976 0.659131 0.205585 0.660142 0.200976 0.659131 0.213271 0.669488 0.205585 0.660142 0.200976 0.659131 0.2048079 0.664085 0.213271 0.669488 0.176867 0.490878 0.171501 0.487331 0.175984 0.495303 0.176867 0.490878 0.173363 0.486181 0.171501 0.487331 0.172334 0.471705 0.171501 0.487331 0.173363 0.486181 0.172334 0.471705 0.169368 0.471297 0.171501 0.487331 0.172141 0.455389 0.169368 0.471297 0.172334 0.471705 0.172141 0.455389 0.172334 0.471705 0.1756359 0.456581 0.1756359 0.456581 0.1784909 0.440715 0.172141 0.455389 0.1756359 0.456581 0.181798 0.442624 0.1784909 0.440715 0.188023 0.427879 0.1784909 0.440715 0.181798 0.442624 0.188023 0.427879 0.181798 0.442624 0.190804 0.43031 0.190804 0.43031 0.200412 0.417524 0.188023 0.427879 0.190804 0.43031 0.202251 0.419888 0.200412 0.417524 0.21536 0.411352 0.200412 0.417524 0.202251 0.419888 0.21536 0.411352 0.202251 0.419888 0.2154729 0.413886 0.2212679 0.414194 0.21536 0.411352 0.2154729 0.413886 0.2212679 0.414194 0.224509 0.411255 0.21536 0.411352 0.963894 0.405072 0.980306 0.405072 0.980306 0.412086 0.963894 0.405072 0.980306 0.412086 0.963894 0.412085 0.963894 0.418593 0.963894 0.412085 0.980306 0.412086 0.963894 0.418593 0.980306 0.412086 0.980306 0.418592 0.980306 0.424601 0.963894 0.418593 0.980306 0.418592 0.980306 0.424601 0.963894 0.424601 0.963894 0.418593 0.980306 0.424601 0.963894 0.431108 0.963894 0.424601 0.980306 0.424601 0.980306 0.431108 0.963894 0.431108 0.980306 0.431108 0.963894 0.438122 0.963894 0.431108 0.980306 0.431108 0.980306 0.438122 0.963894 0.438122 0.379209 0.35145 0.385093 0.352181 0.394004 0.356809 0.379209 0.35145 0.394004 0.356809 0.381782 0.354003 0.369015 0.347801 0.379209 0.35145 0.381782 0.354003 0.369015 0.347801 0.381782 0.354003 0.370004 0.349877 0.370004 0.349877 0.346615 0.342931 0.369015 0.347801 0.370004 0.349877 0.348344 0.344725 0.346615 0.342931 0.333926 0.344274 0.346615 0.342931 0.348344 0.344725 0.333926 0.344274 0.348344 0.344725 0.336235 0.34635 0.311189 0.352653 0.333926 0.344274 0.336235 0.34635 0.311189 0.352653 0.336235 0.34635 0.314349 0.354956 0.295173 0.365448 0.311189 0.352653 0.314349 0.354956 0.295173 0.365448 0.314349 0.354956 0.298965 0.366819 0.298965 0.366819 0.287587 0.376396 0.295173 0.365448 0.298965 0.366819 0.291026 0.376249 0.287587 0.376396 0.291026 0.376249 0.283982 0.388435 0.287587 0.376396 0.291026 0.376249 0.286113 0.38628 0.283982 0.388435 0.286113 0.38628 0.29184 0.395642 0.283982 0.388435 0.286113 0.38628 0.295618 0.390071 0.29184 0.395642 0.295618 0.390071 0.308275 0.407508 0.29184 0.395642 0.295618 0.390071 0.313751 0.400718 0.308275 0.407508 0.322633 0.420993 0.308275 0.407508 0.313751 0.400718 0.322633 0.420993 0.313751 0.400718 0.329442 0.415021 0.329442 0.415021 0.332571 0.434689 0.322633 0.420993 0.329442 0.415021 0.340559 0.430077 0.332571 0.434689 0.339463 0.450144 0.332571 0.434689 0.340559 0.430077 0.339463 0.450144 0.340559 0.430077 0.348039 0.447232 0.339463 0.450144 0.348039 0.447232 0.35258 0.467972 0.339463 0.450144 0.35258 0.467972 0.343962 0.469322 0.34602 0.489495 0.343962 0.469322 0.35258 0.467972 0.34602 0.489495 0.35258 0.467972 0.352734 0.489 0.351265 0.499126 0.34602 0.489495 0.352734 0.489 0.351265 0.499126 0.348333 0.499911 0.34602 0.489495 0.965019 0.668734 0.981331 0.672745 0.964991 0.672622 0.965019 0.668734 0.981362 0.668859 0.981331 0.672745 0.965019 0.668734 0.981398 0.664206 0.981362 0.668859 0.965019 0.668734 0.965054 0.664079 0.981398 0.664206 0.965054 0.664079 0.98153 0.647996 0.981398 0.664206 0.965054 0.664079 0.965181 0.647864 0.98153 0.647996 0.965181 0.647864 0.98168 0.630087 0.98153 0.647996 0.965181 0.647864 0.965327 0.629951 0.98168 0.630087 0.965327 0.629951 0.98176 0.620915 0.98168 0.630087 0.965327 0.629951 0.965403 0.620774 0.98176 0.620915 0.965403 0.620774 0.981843 0.611525 0.98176 0.620915 0.965403 0.620774 0.965482 0.611382 0.981843 0.611525 0.965482 0.611382 0.981923 0.602701 0.981843 0.611525 0.965482 0.611382 0.965557 0.602557 0.981923 0.602701 0.965557 0.602557 0.981974 0.597125 0.981923 0.602701 0.965557 0.602557 0.965605 0.59698 0.981974 0.597125 0.965605 0.59698 0.981997 0.594656 0.981974 0.597125 0.965605 0.59698 0.965626 0.594509 0.981997 0.594656 0.965626 0.594509 0.982016 0.592643 0.981997 0.594656 0.965626 0.594509 0.965643 0.592498 0.982016 0.592643 0.298846 0.660025 0.300365 0.661238 0.295192 0.664445 0.300365 0.661238 0.298846 0.660025 0.307103 0.653021 0.300365 0.661238 0.307103 0.653021 0.31237 0.651379 0.322441 0.635745 0.31237 0.651379 0.307103 0.653021 0.322441 0.635745 0.323916 0.638492 0.31237 0.651379 0.323916 0.638492 0.322441 0.635745 0.327621 0.624082 0.323916 0.638492 0.327621 0.624082 0.33289 0.624465 0.33289 0.624465 0.327621 0.624082 0.331722 0.600188 0.33289 0.624465 0.331722 0.600188 0.344086 0.593242 0.344086 0.593242 0.331722 0.600188 0.328613 0.579873 0.344086 0.593242 0.328613 0.579873 0.346171 0.562749 0.322864 0.567752 0.346171 0.562749 0.328613 0.579873 0.322864 0.567752 0.346194 0.553882 0.346171 0.562749 0.314185 0.558473 0.346194 0.553882 0.322864 0.567752 0.314185 0.558473 0.346261 0.544643 0.346194 0.553882 0.346763 0.53824 0.346261 0.544643 0.314185 0.558473 0.314185 0.558473 0.321383 0.570947 0.315152 0.561676 0.314185 0.558473 0.322864 0.567752 0.321383 0.570947 0.32558 0.582537 0.321383 0.570947 0.322864 0.567752 0.32558 0.582537 0.322864 0.567752 0.328613 0.579873 0.328613 0.579873 0.328161 0.601791 0.32558 0.582537 0.328613 0.579873 0.331722 0.600188 0.328161 0.601791 0.331722 0.600188 0.324672 0.625048 0.328161 0.601791 0.331722 0.600188 0.327621 0.624082 0.324672 0.625048 0.327621 0.624082 0.320025 0.636347 0.324672 0.625048 0.327621 0.624082 0.322441 0.635745 0.320025 0.636347 0.304501 0.653256 0.320025 0.636347 0.322441 0.635745 0.304501 0.653256 0.322441 0.635745 0.307103 0.653021 0.307103 0.653021 0.295038 0.661393 0.304501 0.653256 0.307103 0.653021 0.298846 0.660025 0.295038 0.661393 0.298846 0.660025 0.286729 0.669848 0.295038 0.661393 0.298846 0.660025 0.295192 0.664445 0.286729 0.669848 0.323311 0.490882 0.328499 0.487691 0.324016 0.495663 0.323311 0.490882 0.326815 0.485828 0.328499 0.487691 0.327666 0.472065 0.328499 0.487691 0.326815 0.485828 0.327666 0.472065 0.330632 0.471657 0.328499 0.487691 0.327859 0.455749 0.330632 0.471657 0.327666 0.472065 0.327859 0.455749 0.327666 0.472065 0.324364 0.456941 0.324364 0.456941 0.32151 0.441075 0.327859 0.455749 0.324364 0.456941 0.318202 0.442984 0.32151 0.441075 0.311977 0.428239 0.32151 0.441075 0.318202 0.442984 0.311977 0.428239 0.318202 0.442984 0.309196 0.43067 0.309196 0.43067 0.299589 0.417884 0.311977 0.428239 0.309196 0.43067 0.297749 0.420248 0.299589 0.417884 0.284642 0.411712 0.299589 0.417884 0.297749 0.420248 0.284642 0.411712 0.297749 0.420248 0.284883 0.414959 0.278732 0.415266 0.284642 0.411712 0.284883 0.414959 0.278732 0.415266 0.275493 0.411615 0.284642 0.411712 0.294807 0.566037 0.315152 0.561316 0.314185 0.558113 0.294807 0.566037 0.2982 0.573341 0.315152 0.561316 0.276435 0.573161 0.2982 0.573341 0.294807 0.566037 0.276435 0.573161 0.278941 0.581763 0.2982 0.573341 0.257031 0.576982 0.278941 0.581763 0.276435 0.573161 0.257031 0.576982 0.257857 0.586092 0.278941 0.581763 0.242143 0.586092 0.257857 0.586092 0.257031 0.576982 0.242143 0.586092 0.257031 0.576982 0.242969 0.576982 0.242969 0.576982 0.221059 0.581763 0.242143 0.586092 0.242969 0.576982 0.223565 0.573161 0.221059 0.581763 0.223565 0.573161 0.2018 0.573341 0.221059 0.581763 0.223565 0.573161 0.205193 0.566037 0.2018 0.573341 0.205193 0.566037 0.184848 0.561316 0.2018 0.573341 0.205193 0.566037 0.185815 0.558113 0.184848 0.561316 0.147922 0.534594 0.1516669 0.499911 0.153237 0.53824 0.1516669 0.499911 0.147922 0.534594 0.139944 0.529915 0.1516669 0.499911 0.139944 0.529915 0.139448 0.502779 0.139448 0.502779 0.139944 0.529915 0.132271 0.525458 0.139448 0.502779 0.132271 0.525458 0.126168 0.501691 0.106916 0.508402 0.126168 0.501691 0.132271 0.525458 0.106916 0.508402 0.107076 0.494222 0.126168 0.501691 0.08548498 0.483093 0.107076 0.494222 0.106916 0.508402 0.08548498 0.483093 0.08844995 0.478722 0.107076 0.494222 0.07782596 0.468309 0.08844995 0.478722 0.08548498 0.483093 0.07782596 0.468309 0.08094197 0.468405 0.08844995 0.478722 0.08094197 0.468405 0.07782596 0.468309 0.07244098 0.451866 0.08094197 0.468405 0.07244098 0.451866 0.07325798 0.446122 0.06990498 0.43654 0.07325798 0.446122 0.07244098 0.451866 0.06990498 0.43654 0.07132101 0.435469 0.07325798 0.446122 0.07132101 0.435469 0.06990498 0.43654 0.069714 0.430456 0.200976 0.659491 0.2048079 0.664445 0.199635 0.661238 0.192719 0.652487 0.200976 0.659491 0.199635 0.661238 0.192719 0.652487 0.199635 0.661238 0.1876299 0.651379 0.177559 0.635745 0.192719 0.652487 0.1876299 0.651379 0.177559 0.635745 0.1876299 0.651379 0.176084 0.638492 0.172379 0.624082 0.177559 0.635745 0.176084 0.638492 0.172379 0.624082 0.176084 0.638492 0.16711 0.624465 0.168278 0.600188 0.172379 0.624082 0.16711 0.624465 0.168278 0.600188 0.16711 0.624465 0.155914 0.593242 0.171387 0.579873 0.168278 0.600188 0.155914 0.593242 0.171387 0.579873 0.155914 0.593242 0.153829 0.562749 0.177136 0.567752 0.171387 0.579873 0.153829 0.562749 0.177136 0.567752 0.153829 0.562749 0.153806 0.553882 0.185815 0.558473 0.177136 0.567752 0.153806 0.553882 0.185815 0.558473 0.153806 0.553882 0.153739 0.544643 0.153237 0.53824 0.185815 0.558473 0.153739 0.544643 0.201394 0.539998 0.185815 0.558473 0.153237 0.53824 0.153237 0.53824 0.2088119 0.532417 0.201394 0.539998 0.242969 0.577342 0.25772 0.564459 0.257031 0.577342 0.242969 0.577342 0.24228 0.564458 0.25772 0.564459 0.223565 0.573521 0.24228 0.564458 0.242969 0.577342 0.223565 0.573521 0.226365 0.560767 0.24228 0.564458 0.205193 0.566397 0.226365 0.560767 0.223565 0.573521 0.205193 0.566397 0.212213 0.553119 0.226365 0.560767 0.185815 0.558473 0.212213 0.553119 0.205193 0.566397 0.185815 0.558473 0.201394 0.539998 0.212213 0.553119 0.147922 0.534234 0.153237 0.53788 0.1516669 0.499551 0.1516669 0.499551 0.139944 0.529555 0.147922 0.534234 0.1516669 0.499551 0.139448 0.502419 0.139944 0.529555 0.139448 0.502419 0.132271 0.525098 0.139944 0.529555 0.139448 0.502419 0.126168 0.501331 0.132271 0.525098 0.126168 0.501331 0.106916 0.508042 0.132271 0.525098 0.126168 0.501331 0.107076 0.493862 0.106916 0.508042 0.107076 0.493862 0.08548498 0.482733 0.106916 0.508042 0.107076 0.493862 0.08844995 0.478362 0.08548498 0.482733 0.08844995 0.478362 0.07782596 0.467949 0.08548498 0.482733 0.08844995 0.478362 0.08094197 0.468045 0.07782596 0.467949 0.08094197 0.468045 0.07244098 0.451506 0.07782596 0.467949 0.08094197 0.468045 0.07325798 0.445762 0.07244098 0.451506 0.07325798 0.445762 0.06990498 0.43618 0.07244098 0.451506 0.07325798 0.445762 0.07132101 0.435109 0.06990498 0.43618 0.07132101 0.435109 0.069714 0.430096 0.06990498 0.43618 0.205193 0.566397 0.184848 0.561676 0.185815 0.558473 0.205193 0.566397 0.2018 0.573701 0.184848 0.561676 0.223565 0.573521 0.2018 0.573701 0.205193 0.566397 0.223565 0.573521 0.221059 0.582123 0.2018 0.573701 0.242969 0.577342 0.221059 0.582123 0.223565 0.573521 0.242969 0.577342 0.242143 0.586452 0.221059 0.582123 0.242143 0.586452 0.242969 0.577342 0.257031 0.577342 0.242143 0.586452 0.257031 0.577342 0.257857 0.586452 0.257031 0.577342 0.278941 0.582123 0.257857 0.586452 0.257031 0.577342 0.276435 0.573521 0.278941 0.582123 0.276435 0.573521 0.2982 0.573701 0.278941 0.582123 0.276435 0.573521 0.294807 0.566397 0.2982 0.573701 0.294807 0.566397 0.315152 0.561676 0.2982 0.573701 0.294807 0.566397 0.314185 0.558473 0.315152 0.561676 0.07132101 0.435469 0.069714 0.430456 0.06926697 0.420425 0.07132101 0.435469 0.06926697 0.420425 0.0722 0.431281 0.07325798 0.446122 0.07132101 0.435469 0.0722 0.431281 0.07325798 0.446122 0.0722 0.431281 0.07451599 0.443544 0.07325798 0.446122 0.07451599 0.443544 0.081631 0.466011 0.07325798 0.446122 0.081631 0.466011 0.08094197 0.468405 0.08844995 0.478722 0.08094197 0.468405 0.081631 0.466011 0.08844995 0.478722 0.081631 0.466011 0.08909296 0.475685 0.107076 0.494222 0.08844995 0.478722 0.08909296 0.475685 0.107076 0.494222 0.08909296 0.475685 0.10749 0.490335 0.125455 0.497727 0.107076 0.494222 0.10749 0.490335 0.125455 0.497727 0.126168 0.501691 0.107076 0.494222 0.125455 0.497727 0.139448 0.502779 0.126168 0.501691 0.125455 0.497727 0.137591 0.499887 0.139448 0.502779 0.1516669 0.499911 0.139448 0.502779 0.137591 0.499887 0.1516669 0.499911 0.137591 0.499887 0.148735 0.499126 0.713972 0.749653 0.697373 0.749436 0.706334 0.743231 0.713972 0.749653 0.710735 0.758726 0.697373 0.749436 0.710735 0.758726 0.713972 0.749653 0.728562 0.756322 0.710735 0.758726 0.728562 0.756322 0.725719 0.765229 0.742139 0.768666 0.725719 0.765229 0.728562 0.756322 0.742139 0.768666 0.728562 0.756322 0.743129 0.75937 0.742139 0.768666 0.743129 0.75937 0.756871 0.75937 0.742139 0.768666 0.756871 0.75937 0.757861 0.768666 0.757861 0.768666 0.756871 0.75937 0.771438 0.756322 0.757861 0.768666 0.771438 0.756322 0.774281 0.765229 0.789265 0.758726 0.774281 0.765229 0.771438 0.756322 0.789265 0.758726 0.771438 0.756322 0.786028 0.749653 0.786028 0.749653 0.802627 0.749436 0.789265 0.758726 0.786028 0.749653 0.793666 0.743231 0.802627 0.749436 0.793666 0.743231 0.786028 0.749653 0.786704 0.739488 0.776148 0.745175 0.786704 0.739488 0.786028 0.749653 0.776148 0.745175 0.779359 0.736396 0.786704 0.739488 0.779359 0.736396 0.776148 0.745175 0.762216 0.741556 0.779359 0.736396 0.762216 0.741556 0.763682 0.732323 0.762216 0.741556 0.75 0.731334 0.763682 0.732323 0.762216 0.741556 0.75 0.740672 0.75 0.731334 0.75 0.731334 0.75 0.740672 0.737784 0.741556 0.75 0.731334 0.737784 0.741556 0.736318 0.732323 0.737784 0.741556 0.720641 0.736396 0.736318 0.732323 0.737784 0.741556 0.723852 0.745175 0.720641 0.736396 0.713296 0.739488 0.720641 0.736396 0.723852 0.745175 0.713296 0.739488 0.723852 0.745175 0.713972 0.749653 0.706334 0.743231 0.713296 0.739488 0.713972 0.749653 0.981191 0.920247 0.964794 0.918343 0.981177 0.918234 0.981191 0.920247 0.964808 0.920357 0.964794 0.918343 0.981207 0.922717 0.964808 0.920357 0.981191 0.920247 0.981207 0.922717 0.964826 0.92283 0.964808 0.920357 0.981245 0.928294 0.964826 0.92283 0.981207 0.922717 0.981245 0.928294 0.964866 0.928412 0.964826 0.92283 0.981245 0.928294 0.964933 0.937248 0.964866 0.928412 0.981245 0.928294 0.981308 0.937124 0.964933 0.937248 0.981308 0.937124 0.965007 0.946649 0.964933 0.937248 0.981308 0.937124 0.98138 0.94652 0.965007 0.946649 0.981452 0.955701 0.965007 0.946649 0.98138 0.94652 0.981452 0.955701 0.965082 0.955834 0.965007 0.946649 0.981599 0.973629 0.965082 0.955834 0.981452 0.955701 0.981599 0.973629 0.965231 0.973765 0.965082 0.955834 0.981599 0.973629 0.965368 0.99 0.965231 0.973765 0.981599 0.973629 0.981736 0.989861 0.965368 0.99 0.148735 0.499126 0.15398 0.489495 0.1516669 0.499911 0.148735 0.499126 0.147266 0.489 0.15398 0.489495 0.15398 0.489495 0.147266 0.489 0.14742 0.467972 0.15398 0.489495 0.14742 0.467972 0.1560389 0.469322 0.160537 0.450144 0.1560389 0.469322 0.14742 0.467972 0.160537 0.450144 0.14742 0.467972 0.151961 0.447232 0.160537 0.450144 0.151961 0.447232 0.1594409 0.430077 0.160537 0.450144 0.1594409 0.430077 0.167429 0.434689 0.170558 0.415021 0.167429 0.434689 0.1594409 0.430077 0.170558 0.415021 0.177368 0.420993 0.167429 0.434689 0.177368 0.420993 0.170558 0.415021 0.186249 0.400718 0.177368 0.420993 0.186249 0.400718 0.191726 0.407508 0.204382 0.390071 0.191726 0.407508 0.186249 0.400718 0.204382 0.390071 0.208165 0.395642 0.191726 0.407508 0.213887 0.38628 0.208165 0.395642 0.204382 0.390071 0.213887 0.38628 0.216027 0.388435 0.208165 0.395642 0.967099 0.26564 0.983571 0.263838 0.983572 0.265632 0.967099 0.26564 0.967098 0.263846 0.983571 0.263838 0.967098 0.263846 0.98357 0.261348 0.983571 0.263838 0.967098 0.263846 0.967096 0.261356 0.98357 0.261348 0.967096 0.261356 0.983569 0.257274 0.98357 0.261348 0.967096 0.261356 0.967094 0.257283 0.983569 0.257274 0.967094 0.257283 0.983567 0.252059 0.983569 0.257274 0.967094 0.257283 0.96709 0.252069 0.983567 0.252059 0.96709 0.252069 0.983561 0.242251 0.983567 0.252059 0.96709 0.252069 0.967084 0.242261 0.983561 0.242251 0.967084 0.242261 0.983558 0.237178 0.983561 0.242251 0.967084 0.242261 0.967081 0.237188 0.983558 0.237178 0.967081 0.237188 0.983552 0.2273589 0.983558 0.237178 0.967081 0.237188 0.967075 0.227369 0.983552 0.2273589 0.967075 0.227369 0.983547 0.219364 0.983552 0.2273589 0.967075 0.227369 0.96707 0.219374 0.983547 0.219364 0.96707 0.219374 0.983543 0.214109 0.983547 0.219364 0.96707 0.219374 0.967066 0.214119 0.983543 0.214109 0.966909 0.426755 0.983348 0.424808 0.983339 0.426829 0.966909 0.426755 0.966918 0.424737 0.983348 0.424808 0.966918 0.424737 0.983359 0.422328 0.983348 0.424808 0.966918 0.424737 0.966929 0.422259 0.983359 0.422328 0.966929 0.422259 0.983383 0.416727 0.983359 0.422328 0.966929 0.422259 0.96695 0.416665 0.983383 0.416727 0.96695 0.416665 0.983414 0.407862 0.983383 0.416727 0.96695 0.416665 0.966981 0.407807 0.983414 0.407862 0.966981 0.407807 0.983444 0.398424 0.983414 0.407862 0.966981 0.407807 0.967009 0.398377 0.983444 0.398424 0.967009 0.398377 0.98347 0.389201 0.983444 0.398424 0.967009 0.398377 0.967033 0.389162 0.98347 0.389201 0.967033 0.389162 0.98351 0.37119 0.98347 0.389201 0.967033 0.389162 0.96707 0.371159 0.98351 0.37119 0.96707 0.371159 0.98354 0.354879 0.98351 0.37119 0.96707 0.371159 0.967094 0.354854 0.98354 0.354879 0.967094 0.354854 0.983547 0.350195 0.98354 0.354879 0.967094 0.354854 0.9671 0.350175 0.983547 0.350195 0.9671 0.350175 0.983552 0.34628 0.983547 0.350195 0.9671 0.350175 0.967103 0.346263 0.983552 0.34628 0.966605 0.478086 0.983059 0.472968 0.983021 0.478205 0.966605 0.478086 0.966642 0.472852 0.983059 0.472968 0.966642 0.472852 0.983116 0.464999 0.983059 0.472968 0.966642 0.472852 0.966696 0.464889 0.983116 0.464999 0.966696 0.464889 0.98318 0.45521 0.983116 0.464999 0.966696 0.464889 0.966758 0.455107 0.98318 0.45521 0.966758 0.455107 0.983212 0.450151 0.98318 0.45521 0.966758 0.455107 0.966788 0.450054 0.983212 0.450151 0.966788 0.450054 0.983269 0.440371 0.983212 0.450151 0.966788 0.450054 0.966843 0.440281 0.983269 0.440371 0.966843 0.440281 0.983297 0.435169 0.983269 0.440371 0.966843 0.440281 0.96687 0.435084 0.983297 0.435169 0.96687 0.435084 0.983319 0.431105 0.983297 0.435169 0.96687 0.435084 0.96689 0.431025 0.983319 0.431105 0.96689 0.431025 0.983331 0.428621 0.983319 0.431105 0.96689 0.431025 0.966901 0.428544 0.983331 0.428621 0.966901 0.428544 0.983339 0.426829 0.983331 0.428621 0.966901 0.428544 0.966909 0.426755 0.983339 0.426829 0.967103 0.346263 0.983557 0.342365 0.983552 0.34628 0.967103 0.346263 0.967106 0.342351 0.983557 0.342365 0.967106 0.342351 0.983561 0.33768 0.983557 0.342365 0.967106 0.342351 0.967108 0.337669 0.983561 0.33768 0.967108 0.337669 0.983571 0.321356 0.983561 0.33768 0.967108 0.337669 0.967114 0.32135 0.983571 0.321356 0.967114 0.32135 0.983576 0.303325 0.983571 0.321356 0.967114 0.32135 0.967115 0.303323 0.983576 0.303325 0.967115 0.303323 0.983577 0.294089 0.983576 0.303325 0.967115 0.303323 0.967114 0.294091 0.983577 0.294089 0.967114 0.294091 0.983576 0.284636 0.983577 0.294089 0.967114 0.294091 0.96711 0.28464 0.983576 0.284636 0.96711 0.28464 0.983575 0.275754 0.983576 0.284636 0.96711 0.28464 0.967105 0.27576 0.983575 0.275754 0.967105 0.27576 0.983573 0.270143 0.983575 0.275754 0.967105 0.27576 0.967102 0.27015 0.983573 0.270143 0.967102 0.27015 0.983572 0.267657 0.983573 0.270143 0.967102 0.27015 0.9671 0.267665 0.983572 0.267657 0.9671 0.267665 0.983572 0.265632 0.983572 0.267657 0.9671 0.267665 0.967099 0.26564 0.983572 0.265632 0.965643 0.592498 0.982032 0.590859 0.982016 0.592643 0.965643 0.592498 0.965659 0.590714 0.982032 0.590859 0.965659 0.590714 0.982055 0.588385 0.982032 0.590859 0.965659 0.590714 0.96568 0.588239 0.982055 0.588385 0.96568 0.588239 0.982093 0.584336 0.982055 0.588385 0.96568 0.588239 0.965715 0.584189 0.982093 0.584336 0.965715 0.584189 0.982141 0.579152 0.982093 0.584336 0.965715 0.584189 0.965761 0.579004 0.982141 0.579152 0.965761 0.579004 0.98223 0.569402 0.982141 0.579152 0.965761 0.579004 0.965848 0.569253 0.98223 0.569402 0.965848 0.569253 0.982277 0.564359 0.98223 0.569402 0.965848 0.569253 0.965892 0.56421 0.982277 0.564359 0.965892 0.56421 0.982367 0.554592 0.982277 0.564359 0.965892 0.56421 0.96598 0.554445 0.982367 0.554592 0.96598 0.554445 0.982441 0.546639 0.982367 0.554592 0.96598 0.554445 0.96605 0.546494 0.982441 0.546639 0.96605 0.546494 0.982488 0.541411 0.982441 0.546639 0.96605 0.546494 0.966095 0.541266 0.982488 0.541411 0.763027 0.743361 0.766859 0.729486 0.776067 0.731095 0.763027 0.743361 0.776067 0.731095 0.771755 0.746708 0.765771 0.759051 0.763027 0.743361 0.771755 0.746708 0.765771 0.759051 0.757684 0.754382 0.763027 0.743361 0.750811 0.76452 0.757684 0.754382 0.765771 0.759051 0.750811 0.76452 0.765771 0.759051 0.758073 0.770405 0.746708 0.781946 0.750811 0.76452 0.758073 0.770405 0.746708 0.781946 0.740711 0.774776 0.750811 0.76452 0.746708 0.781946 0.731892 0.781093 0.740711 0.774776 0.746708 0.781946 0.733635 0.790918 0.731892 0.781093 0.733635 0.790918 0.723781 0.795576 0.731892 0.781093 0.731892 0.781093 0.723781 0.795576 0.7227 0.787505 0.722932 0.771263 0.731892 0.781093 0.7227 0.787505 0.722932 0.771263 0.732221 0.772324 0.731892 0.781093 0.722932 0.771263 0.735348 0.758001 0.732221 0.772324 0.722932 0.771263 0.726464 0.755088 0.735348 0.758001 0.726464 0.755088 0.741153 0.744838 0.735348 0.758001 0.726464 0.755088 0.733053 0.740162 0.741153 0.744838 0.742685 0.726992 0.741153 0.744838 0.733053 0.740162 0.742685 0.726992 0.74965 0.733229 0.741153 0.744838 0.754927 0.715846 0.74965 0.733229 0.742685 0.726992 0.754927 0.715846 0.76049 0.723359 0.74965 0.733229 0.754927 0.715846 0.76792 0.71869 0.76049 0.723359 0.754927 0.715846 0.768877 0.707523 0.76792 0.71869 0.776407 0.704424 0.76792 0.71869 0.768877 0.707523 0.7773 0.715287 0.76792 0.71869 0.776407 0.704424 0.776067 0.731095 0.76792 0.71869 0.7773 0.715287 0.776067 0.731095 0.766859 0.729486 0.76792 0.71869 0.693845 0.337831 0.716211 0.347611 0.719049 0.338702 0.693845 0.337831 0.719049 0.338702 0.698452 0.329695 0.682453 0.330405 0.693845 0.337831 0.698452 0.329695 0.682453 0.330405 0.698452 0.329695 0.680323 0.316836 0.680323 0.316836 0.673659 0.32675 0.682453 0.330405 0.673659 0.32675 0.678212 0.3416 0.682453 0.330405 0.673659 0.32675 0.66917 0.339145 0.678212 0.3416 0.66917 0.339145 0.675765 0.359647 0.678212 0.3416 0.66917 0.339145 0.66641 0.359736 0.675765 0.359647 0.66641 0.359736 0.67907 0.38177 0.675765 0.359647 0.66641 0.359736 0.670142 0.384609 0.67907 0.38177 0.675112 0.396693 0.67907 0.38177 0.670142 0.384609 0.675112 0.396693 0.683466 0.392458 0.67907 0.38177 0.689904 0.41715 0.683466 0.392458 0.675112 0.396693 0.689904 0.41715 0.696562 0.41056 0.683466 0.392458 0.700024 0.425852 0.696562 0.41056 0.689904 0.41715 0.700024 0.425852 0.70557 0.418306 0.696562 0.41056 0.700024 0.425852 0.711757 0.425222 0.70557 0.418306 0.700024 0.425852 0.71072 0.43252 0.711757 0.425222 0.715032 0.429854 0.711757 0.425222 0.71072 0.43252 0.71072 0.43252 0.71546 0.433922 0.715032 0.429854 0.71072 0.43252 0.711952 0.43692 0.71546 0.433922 0.71072 0.43252 0.706336 0.437645 0.711952 0.43692 0.698651 0.427537 0.706336 0.437645 0.71072 0.43252 0.698651 0.427537 0.693734 0.435475 0.706336 0.437645 0.693734 0.435475 0.698651 0.427537 0.682151 0.417316 0.693734 0.435475 0.682151 0.417316 0.676525 0.424815 0.682151 0.417316 0.660509 0.4104 0.676525 0.424815 0.682151 0.417316 0.667358 0.404003 0.660509 0.4104 0.667358 0.404003 0.647522 0.393827 0.660509 0.4104 0.667358 0.404003 0.655363 0.388694 0.647522 0.393827 0.647522 0.393827 0.655363 0.388694 0.640338 0.353898 0.647522 0.393827 0.640338 0.353898 0.631224 0.356078 0.640338 0.353898 0.628136 0.318977 0.631224 0.356078 0.640338 0.353898 0.637473 0.319514 0.628136 0.318977 0.629349 0.308359 0.628136 0.318977 0.637473 0.319514 0.629349 0.308359 0.637473 0.319514 0.63858 0.309819 0.63858 0.309819 0.632336 0.299944 0.629349 0.308359 0.63858 0.309819 0.640491 0.300393 0.632336 0.299944 0.642049 0.294332 0.632336 0.299944 0.640491 0.300393 0.642049 0.294332 0.636025 0.292658 0.632336 0.299944 0.626906 0.2896 0.632336 0.299944 0.636025 0.292658 0.626906 0.2896 0.623555 0.298324 0.632336 0.299944 0.623555 0.298324 0.626906 0.2896 0.617957 0.285711 0.623555 0.298324 0.617957 0.285711 0.613754 0.294065 0.613754 0.294065 0.617957 0.285711 0.589612 0.266037 0.613754 0.294065 0.589612 0.266037 0.583167 0.27284 0.558624 0.2398509 0.583167 0.27284 0.589612 0.266037 0.558624 0.2398509 0.589612 0.266037 0.56699 0.2356269 0.558624 0.2398509 0.56699 0.2356269 0.55973 0.217585 0.558624 0.2398509 0.55973 0.217585 0.550765 0.220318 0.550765 0.220318 0.55973 0.217585 0.555596 0.198118 0.550765 0.220318 0.555596 0.198118 0.546289 0.199241 0.545663 0.1790069 0.546289 0.199241 0.555596 0.198118 0.545663 0.1790069 0.555596 0.198118 0.554995 0.178717 0.554995 0.178717 0.550084 0.167008 0.545663 0.1790069 0.554995 0.178717 0.556714 0.165774 0.550084 0.167008 0.556714 0.165774 0.55352 0.1625069 0.550084 0.167008 0.556714 0.165774 0.55787 0.160968 0.55352 0.1625069 0.556714 0.165774 0.561179 0.163372 0.55787 0.160968 0.561179 0.163372 0.556714 0.165774 0.563553 0.168525 0.557141 0.178371 0.563553 0.168525 0.556714 0.165774 0.557141 0.178371 0.566449 0.177341 0.563553 0.168525 0.557141 0.178371 0.568653 0.189015 0.566449 0.177341 0.557141 0.178371 0.559617 0.191486 0.568653 0.189015 0.559617 0.191486 0.577782 0.209408 0.568653 0.189015 0.559617 0.191486 0.569937 0.214525 0.577782 0.209408 0.569937 0.214525 0.58484 0.218558 0.577782 0.209408 0.569937 0.214525 0.577917 0.224871 0.58484 0.218558 0.597592 0.24054 0.58484 0.218558 0.577917 0.224871 0.597592 0.24054 0.602347 0.232482 0.58484 0.218558 0.616805 0.248445 0.602347 0.232482 0.597592 0.24054 0.616805 0.248445 0.619199 0.239387 0.602347 0.232482 0.629783 0.250755 0.619199 0.239387 0.616805 0.248445 0.629783 0.250755 0.631014 0.241312 0.619199 0.239387 0.641701 0.249941 0.631014 0.241312 0.629783 0.250755 0.641701 0.249941 0.64013 0.239111 0.631014 0.241312 0.631003 0.215586 0.631014 0.241312 0.64013 0.239111 0.631003 0.215586 0.64013 0.239111 0.640295 0.216623 0.631003 0.215586 0.640295 0.216623 0.645152 0.194442 0.631003 0.215586 0.645152 0.194442 0.636278 0.191495 0.636278 0.191495 0.645152 0.194442 0.653151 0.176095 0.636278 0.191495 0.653151 0.176095 0.64505 0.171418 0.658051 0.153783 0.64505 0.171418 0.653151 0.176095 0.658051 0.153783 0.653151 0.176095 0.66504 0.159994 0.676276 0.137169 0.658051 0.153783 0.66504 0.159994 0.676276 0.137169 0.66504 0.159994 0.681821 0.144698 0.676276 0.137169 0.681821 0.144698 0.701214 0.133311 0.676276 0.137169 0.701214 0.133311 0.698562 0.124316 0.711378 0.129257 0.698562 0.124316 0.701214 0.133311 0.711378 0.129257 0.706124 0.118529 0.698562 0.124316 0.706124 0.118529 0.690987 0.115046 0.698562 0.124316 0.706124 0.118529 0.697634 0.108444 0.690987 0.115046 0.697634 0.108444 0.676581 0.103904 0.690987 0.115046 0.697634 0.108444 0.681182 0.09575796 0.676581 0.103904 0.681182 0.09575796 0.65577 0.09570497 0.676581 0.103904 0.681182 0.09575796 0.657775 0.08655297 0.65577 0.09570497 0.644826 0.08481496 0.65577 0.09570497 0.657775 0.08655297 0.644826 0.08481496 0.644316 0.09416699 0.65577 0.09570497 0.619713 0.08739697 0.644316 0.09416699 0.644826 0.08481496 0.619713 0.08739697 0.622091 0.09645795 0.644316 0.09416699 0.607117 0.09180998 0.622091 0.09645795 0.619713 0.08739697 0.607117 0.09180998 0.610879 0.100386 0.622091 0.09645795 0.607117 0.09180998 0.601796 0.102286 0.610879 0.100386 0.607117 0.09180998 0.595994 0.09773898 0.601796 0.102286 0.596147 0.102807 0.601796 0.102286 0.595994 0.09773898 0.595994 0.09773898 0.59241 0.101143 0.596147 0.102807 0.595994 0.09773898 0.591567 0.09660595 0.59241 0.101143 0.595994 0.09773898 0.593748 0.09138 0.591567 0.09660595 0.606344 0.08977895 0.593748 0.09138 0.595994 0.09773898 0.606344 0.08977895 0.601928 0.08155196 0.593748 0.09138 0.601928 0.08155196 0.606344 0.08977895 0.623446 0.080599 0.601928 0.08155196 0.623446 0.080599 0.619765 0.07197797 0.640256 0.065315 0.619765 0.07197797 0.623446 0.080599 0.640256 0.065315 0.623446 0.080599 0.642372 0.074445 0.661102 0.06235498 0.640256 0.065315 0.642372 0.074445 0.661102 0.06235498 0.642372 0.074445 0.661627 0.071711 0.661102 0.06235498 0.661627 0.071711 0.699274 0.07609796 0.661102 0.06235498 0.699274 0.07609796 0.701943 0.067115 0.699274 0.07609796 0.735617 0.082991 0.701943 0.067115 0.699274 0.07609796 0.730484 0.09080797 0.735617 0.082991 0.730484 0.09080797 0.744206 0.08934998 0.735617 0.082991 0.730484 0.09080797 0.738326 0.096614 0.744206 0.08934998 0.738326 0.096614 0.75 0.09614396 0.744206 0.08934998 0.738326 0.096614 0.745534 0.102982 0.75 0.09614396 0.75 0.107362 0.75 0.09614396 0.745534 0.102982 0.75 0.107362 0.754466 0.102982 0.75 0.09614396 0.761674 0.096614 0.75 0.09614396 0.754466 0.102982 0.761674 0.096614 0.755794 0.08934998 0.75 0.09614396 0.755794 0.08934998 0.761674 0.096614 0.769516 0.09080797 0.755794 0.08934998 0.769516 0.09080797 0.764383 0.082991 0.764383 0.082991 0.769516 0.09080797 0.800726 0.07609796 0.764383 0.082991 0.800726 0.07609796 0.798057 0.067115 0.838898 0.06235498 0.798057 0.067115 0.800726 0.07609796 0.838898 0.06235498 0.800726 0.07609796 0.838373 0.071711 0.838898 0.06235498 0.838373 0.071711 0.857628 0.074445 0.838898 0.06235498 0.857628 0.074445 0.859744 0.065315 0.859744 0.065315 0.857628 0.074445 0.876555 0.080599 0.859744 0.065315 0.876555 0.080599 0.880235 0.07197797 0.898072 0.08155196 0.880235 0.07197797 0.876555 0.080599 0.898072 0.08155196 0.876555 0.080599 0.893656 0.08977895 0.893656 0.08977895 0.906252 0.09138 0.898072 0.08155196 0.893656 0.08977895 0.904006 0.09773898 0.906252 0.09138 0.904006 0.09773898 0.908433 0.09660595 0.906252 0.09138 0.904006 0.09773898 0.90759 0.101143 0.908433 0.09660595 0.904006 0.09773898 0.903853 0.102807 0.90759 0.101143 0.903853 0.102807 0.904006 0.09773898 0.898205 0.102286 0.892883 0.09180998 0.898205 0.102286 0.904006 0.09773898 0.892883 0.09180998 0.889121 0.100386 0.898205 0.102286 0.892883 0.09180998 0.877909 0.09645795 0.889121 0.100386 0.892883 0.09180998 0.880287 0.08739697 0.877909 0.09645795 0.880287 0.08739697 0.855684 0.09416699 0.877909 0.09645795 0.880287 0.08739697 0.855174 0.08481496 0.855684 0.09416699 0.855174 0.08481496 0.84423 0.09570497 0.855684 0.09416699 0.855174 0.08481496 0.842225 0.08655297 0.84423 0.09570497 0.818818 0.09575796 0.84423 0.09570497 0.842225 0.08655297 0.818818 0.09575796 0.823419 0.103904 0.84423 0.09570497 0.802366 0.108444 0.823419 0.103904 0.818818 0.09575796 0.802366 0.108444 0.809013 0.115046 0.823419 0.103904 0.793876 0.118529 0.809013 0.115046 0.802366 0.108444 0.793876 0.118529 0.801438 0.124316 0.809013 0.115046 0.788622 0.129257 0.801438 0.124316 0.793876 0.118529 0.788622 0.129257 0.798786 0.133311 0.801438 0.124316 0.823724 0.137169 0.801438 0.124316 0.798786 0.133311 0.823724 0.137169 0.798786 0.133311 0.81818 0.144698 0.823724 0.137169 0.81818 0.144698 0.83496 0.159994 0.823724 0.137169 0.83496 0.159994 0.841949 0.153783 0.841949 0.153783 0.83496 0.159994 0.846849 0.176095 0.841949 0.153783 0.846849 0.176095 0.85495 0.171418 0.863722 0.191495 0.85495 0.171418 0.846849 0.176095 0.863722 0.191495 0.846849 0.176095 0.854848 0.194442 0.868997 0.215586 0.863722 0.191495 0.854848 0.194442 0.868997 0.215586 0.854848 0.194442 0.859705 0.216623 0.868997 0.215586 0.859705 0.216623 0.85987 0.239111 0.868997 0.215586 0.85987 0.239111 0.868986 0.241312 0.858299 0.249941 0.868986 0.241312 0.85987 0.239111 0.858299 0.249941 0.870217 0.250755 0.868986 0.241312 0.870217 0.250755 0.880801 0.239387 0.868986 0.241312 0.870217 0.250755 0.883195 0.248445 0.880801 0.239387 0.883195 0.248445 0.897653 0.232482 0.880801 0.239387 0.883195 0.248445 0.902408 0.24054 0.897653 0.232482 0.902408 0.24054 0.91516 0.218558 0.897653 0.232482 0.902408 0.24054 0.922083 0.224871 0.91516 0.218558 0.930063 0.214525 0.91516 0.218558 0.922083 0.224871 0.930063 0.214525 0.922218 0.209408 0.91516 0.218558 0.940383 0.191486 0.922218 0.209408 0.930063 0.214525 0.940383 0.191486 0.931347 0.189015 0.922218 0.209408 0.942859 0.178371 0.931347 0.189015 0.940383 0.191486 0.942859 0.178371 0.933551 0.177341 0.931347 0.189015 0.942859 0.178371 0.936447 0.168525 0.933551 0.177341 0.942859 0.178371 0.943286 0.165774 0.936447 0.168525 0.938821 0.163372 0.936447 0.168525 0.943286 0.165774 0.943286 0.165774 0.94213 0.160968 0.938821 0.163372 0.943286 0.165774 0.94648 0.1625069 0.94213 0.160968 0.943286 0.165774 0.949916 0.167008 0.94648 0.1625069 0.945005 0.178717 0.949916 0.167008 0.943286 0.165774 0.945005 0.178717 0.954337 0.1790069 0.949916 0.167008 0.954337 0.1790069 0.945005 0.178717 0.944404 0.198118 0.954337 0.1790069 0.944404 0.198118 0.95371 0.199241 0.949235 0.220318 0.95371 0.199241 0.944404 0.198118 0.949235 0.220318 0.944404 0.198118 0.94027 0.217585 0.941376 0.2398509 0.949235 0.220318 0.94027 0.217585 0.941376 0.2398509 0.94027 0.217585 0.93301 0.2356269 0.941376 0.2398509 0.93301 0.2356269 0.910388 0.266037 0.941376 0.2398509 0.910388 0.266037 0.916833 0.27284 0.910388 0.266037 0.886246 0.294065 0.916833 0.27284 0.910388 0.266037 0.882043 0.285711 0.886246 0.294065 0.882043 0.285711 0.876445 0.298324 0.886246 0.294065 0.882043 0.285711 0.873094 0.2896 0.876445 0.298324 0.873094 0.2896 0.867664 0.299944 0.876445 0.298324 0.873094 0.2896 0.863975 0.292658 0.867664 0.299944 0.857951 0.294332 0.867664 0.299944 0.863975 0.292658 0.857951 0.294332 0.859509 0.300393 0.867664 0.299944 0.86142 0.309819 0.867664 0.299944 0.859509 0.300393 0.86142 0.309819 0.870651 0.308359 0.867664 0.299944 0.870651 0.308359 0.86142 0.309819 0.862527 0.319514 0.870651 0.308359 0.862527 0.319514 0.871864 0.318977 0.871864 0.318977 0.862527 0.319514 0.859662 0.353898 0.871864 0.318977 0.859662 0.353898 0.868776 0.356078 0.852478 0.393827 0.868776 0.356078 0.859662 0.353898 0.852478 0.393827 0.859662 0.353898 0.844637 0.388694 0.852478 0.393827 0.844637 0.388694 0.832642 0.404003 0.852478 0.393827 0.832642 0.404003 0.839491 0.4104 0.839491 0.4104 0.832642 0.404003 0.817849 0.417316 0.839491 0.4104 0.817849 0.417316 0.823475 0.424815 0.817849 0.417316 0.806266 0.435475 0.823475 0.424815 0.817849 0.417316 0.801349 0.427537 0.806266 0.435475 0.801349 0.427537 0.793664 0.437645 0.806266 0.435475 0.801349 0.427537 0.78928 0.43252 0.793664 0.437645 0.78928 0.43252 0.788048 0.43692 0.793664 0.437645 0.78928 0.43252 0.78454 0.433922 0.788048 0.43692 0.78928 0.43252 0.784968 0.429854 0.78454 0.433922 0.784968 0.429854 0.78928 0.43252 0.788243 0.425222 0.799976 0.425852 0.788243 0.425222 0.78928 0.43252 0.799976 0.425852 0.79443 0.418306 0.788243 0.425222 0.799976 0.425852 0.803438 0.41056 0.79443 0.418306 0.799976 0.425852 0.810096 0.41715 0.803438 0.41056 0.810096 0.41715 0.816534 0.392458 0.803438 0.41056 0.810096 0.41715 0.824888 0.396693 0.816534 0.392458 0.82093 0.38177 0.816534 0.392458 0.824888 0.396693 0.82093 0.38177 0.824888 0.396693 0.829858 0.384609 0.83359 0.359736 0.82093 0.38177 0.829858 0.384609 0.83359 0.359736 0.824235 0.359647 0.82093 0.38177 0.83083 0.339145 0.824235 0.359647 0.83359 0.359736 0.83083 0.339145 0.821788 0.3416 0.824235 0.359647 0.826341 0.32675 0.821788 0.3416 0.83083 0.339145 0.826341 0.32675 0.817547 0.330405 0.821788 0.3416 0.819677 0.316836 0.817547 0.330405 0.826341 0.32675 0.801548 0.329695 0.817547 0.330405 0.819677 0.316836 0.801548 0.329695 0.806155 0.337831 0.817547 0.330405 0.806155 0.337831 0.801548 0.329695 0.780951 0.338702 0.806155 0.337831 0.780951 0.338702 0.783789 0.347611 0.759385 0.352627 0.783789 0.347611 0.780951 0.338702 0.759385 0.352627 0.780951 0.338702 0.758402 0.343332 0.740615 0.352627 0.759385 0.352627 0.758402 0.343332 0.740615 0.352627 0.758402 0.343332 0.741598 0.343332 0.740615 0.352627 0.741598 0.343332 0.719049 0.338702 0.740615 0.352627 0.719049 0.338702 0.716211 0.347611 0.291026 0.375889 0.283982 0.388075 0.286113 0.38592 0.291026 0.375889 0.287587 0.376036 0.283982 0.388075 0.298965 0.366459 0.287587 0.376036 0.291026 0.375889 0.298965 0.366459 0.295173 0.365088 0.287587 0.376036 0.295173 0.365088 0.298965 0.366459 0.314349 0.354596 0.295173 0.365088 0.314349 0.354596 0.311189 0.352293 0.311189 0.352293 0.314349 0.354596 0.336235 0.345989 0.311189 0.352293 0.336235 0.345989 0.333926 0.343913 0.333926 0.343913 0.336235 0.345989 0.348344 0.344364 0.333926 0.343913 0.348344 0.344364 0.346615 0.34257 0.370004 0.349517 0.346615 0.34257 0.348344 0.344364 0.370004 0.349517 0.369015 0.34744 0.346615 0.34257 0.369015 0.34744 0.370004 0.349517 0.381782 0.353643 0.369015 0.34744 0.381782 0.353643 0.379209 0.35109 0.379209 0.35109 0.381782 0.353643 0.394004 0.356449 0.379209 0.35109 0.394004 0.356449 0.385093 0.351821 0.298846 0.659665 0.286729 0.669488 0.295192 0.664085 0.298846 0.659665 0.295038 0.661033 0.286729 0.669488 0.307103 0.652661 0.295038 0.661033 0.298846 0.659665 0.307103 0.652661 0.304501 0.652896 0.295038 0.661033 0.304501 0.652896 0.307103 0.652661 0.322441 0.635385 0.304501 0.652896 0.322441 0.635385 0.320025 0.635987 0.327621 0.623722 0.320025 0.635987 0.322441 0.635385 0.327621 0.623722 0.324672 0.624688 0.320025 0.635987 0.331722 0.599828 0.324672 0.624688 0.327621 0.623722 0.331722 0.599828 0.328161 0.601431 0.324672 0.624688 0.328613 0.579513 0.328161 0.601431 0.331722 0.599828 0.328613 0.579513 0.32558 0.582177 0.328161 0.601431 0.32558 0.582177 0.328613 0.579513 0.322864 0.567392 0.32558 0.582177 0.322864 0.567392 0.321383 0.570587 0.314185 0.558113 0.321383 0.570587 0.322864 0.567392 0.314185 0.558113 0.315152 0.561316 0.321383 0.570587 0.346763 0.53788 0.314185 0.558113 0.346261 0.544283 0.314185 0.558113 0.346194 0.553522 0.346261 0.544283 0.314185 0.558113 0.322864 0.567392 0.346194 0.553522 0.322864 0.567392 0.346171 0.562389 0.346194 0.553522 0.322864 0.567392 0.328613 0.579513 0.346171 0.562389 0.328613 0.579513 0.344086 0.592882 0.346171 0.562389 0.328613 0.579513 0.331722 0.599828 0.344086 0.592882 0.331722 0.599828 0.33289 0.624105 0.344086 0.592882 0.331722 0.599828 0.327621 0.623722 0.33289 0.624105 0.327621 0.623722 0.323916 0.638132 0.33289 0.624105 0.327621 0.623722 0.322441 0.635385 0.323916 0.638132 0.322441 0.635385 0.31237 0.651019 0.323916 0.638132 0.322441 0.635385 0.307103 0.652661 0.31237 0.651019 0.307103 0.652661 0.300365 0.660878 0.31237 0.651019 0.307103 0.652661 0.298846 0.659665 0.300365 0.660878 0.298846 0.659665 0.295192 0.664085 0.300365 0.660878 0.272673 0.421418 0.278732 0.414906 0.275493 0.411255 0.272673 0.421418 0.276829 0.419365 0.278732 0.414906 0.272354 0.43637 0.276829 0.419365 0.272673 0.421418 0.272354 0.43637 0.277982 0.434146 0.276829 0.419365 0.275338 0.451789 0.277982 0.434146 0.272354 0.43637 0.275338 0.451789 0.282014 0.448745 0.277982 0.434146 0.282014 0.448745 0.275338 0.451789 0.280878 0.464181 0.282014 0.448745 0.280878 0.464181 0.287609 0.460287 0.288839 0.475174 0.287609 0.460287 0.280878 0.464181 0.288839 0.475174 0.294807 0.470904 0.287609 0.460287 0.294807 0.470904 0.288839 0.475174 0.300699 0.485467 0.294807 0.470904 0.300699 0.485467 0.305434 0.481695 0.305434 0.481695 0.300699 0.485467 0.313806 0.492666 0.305434 0.481695 0.313806 0.492666 0.317659 0.490084 0.313806 0.492666 0.323311 0.490522 0.317659 0.490084 0.313806 0.492666 0.324016 0.495303 0.323311 0.490522 0.941376 0.739851 0.94027 0.717585 0.949235 0.720318 0.949235 0.720318 0.94027 0.717585 0.944404 0.698118 0.949235 0.720318 0.944404 0.698118 0.95371 0.699241 0.954338 0.679007 0.95371 0.699241 0.944404 0.698118 0.954338 0.679007 0.944404 0.698118 0.945005 0.678717 0.945005 0.678717 0.949916 0.667009 0.954338 0.679007 0.945005 0.678717 0.943286 0.665774 0.949916 0.667009 0.943286 0.665774 0.94648 0.662507 0.949916 0.667009 0.943286 0.665774 0.94213 0.660968 0.94648 0.662507 0.943286 0.665774 0.938821 0.663372 0.94213 0.660968 0.938821 0.663372 0.943286 0.665774 0.936447 0.668525 0.942859 0.678371 0.936447 0.668525 0.943286 0.665774 0.942859 0.678371 0.933551 0.677341 0.936447 0.668525 0.942859 0.678371 0.931347 0.689015 0.933551 0.677341 0.942859 0.678371 0.940383 0.691486 0.931347 0.689015 0.940383 0.691486 0.922218 0.709408 0.931347 0.689015 0.940383 0.691486 0.930063 0.714526 0.922218 0.709408 0.930063 0.714526 0.91516 0.718558 0.922218 0.709408 0.930063 0.714526 0.922083 0.724871 0.91516 0.718558 0.902408 0.740539 0.91516 0.718558 0.922083 0.724871 0.902408 0.740539 0.897653 0.732482 0.91516 0.718558 0.883195 0.748445 0.897653 0.732482 0.902408 0.740539 0.883195 0.748445 0.880801 0.739387 0.897653 0.732482 0.870217 0.750755 0.880801 0.739387 0.883195 0.748445 0.870217 0.750755 0.868986 0.741311 0.880801 0.739387 0.858299 0.749941 0.868986 0.741311 0.870217 0.750755 0.858299 0.749941 0.85987 0.739111 0.868986 0.741311 0.868997 0.715586 0.868986 0.741311 0.85987 0.739111 0.868997 0.715586 0.85987 0.739111 0.859705 0.716623 0.868997 0.715586 0.859705 0.716623 0.854848 0.694442 0.868997 0.715586 0.854848 0.694442 0.863722 0.691495 0.863722 0.691495 0.854848 0.694442 0.846849 0.676095 0.863722 0.691495 0.846849 0.676095 0.85495 0.671418 0.841949 0.653783 0.85495 0.671418 0.846849 0.676095 0.841949 0.653783 0.846849 0.676095 0.83496 0.659994 0.823724 0.637169 0.841949 0.653783 0.83496 0.659994 0.823724 0.637169 0.83496 0.659994 0.818179 0.644698 0.823724 0.637169 0.818179 0.644698 0.798786 0.633311 0.823724 0.637169 0.798786 0.633311 0.801438 0.624316 0.788622 0.629257 0.801438 0.624316 0.798786 0.633311 0.788622 0.629257 0.793876 0.618529 0.801438 0.624316 0.793876 0.618529 0.809013 0.615047 0.801438 0.624316 0.793876 0.618529 0.802366 0.608444 0.809013 0.615047 0.802366 0.608444 0.823419 0.603904 0.809013 0.615047 0.802366 0.608444 0.818818 0.595758 0.823419 0.603904 0.818818 0.595758 0.84423 0.595705 0.823419 0.603904 0.818818 0.595758 0.842225 0.586553 0.84423 0.595705 0.855174 0.584815 0.84423 0.595705 0.842225 0.586553 0.855174 0.584815 0.855684 0.594168 0.84423 0.595705 0.880287 0.587397 0.855684 0.594168 0.855174 0.584815 0.880287 0.587397 0.877909 0.596458 0.855684 0.594168 0.892883 0.59181 0.877909 0.596458 0.880287 0.587397 0.892883 0.59181 0.889121 0.600386 0.877909 0.596458 0.892883 0.59181 0.898204 0.602286 0.889121 0.600386 0.892883 0.59181 0.904006 0.597739 0.898204 0.602286 0.903854 0.602807 0.898204 0.602286 0.904006 0.597739 0.904006 0.597739 0.90759 0.601143 0.903854 0.602807 0.904006 0.597739 0.908433 0.596606 0.90759 0.601143 0.904006 0.597739 0.906252 0.59138 0.908433 0.596606 0.893656 0.589779 0.906252 0.59138 0.904006 0.597739 0.893656 0.589779 0.898072 0.581552 0.906252 0.59138 0.898072 0.581552 0.893656 0.589779 0.876554 0.5806 0.898072 0.581552 0.876554 0.5806 0.880235 0.571978 0.859744 0.565315 0.880235 0.571978 0.876554 0.5806 0.859744 0.565315 0.876554 0.5806 0.857628 0.574445 0.838898 0.562355 0.859744 0.565315 0.857628 0.574445 0.838898 0.562355 0.857628 0.574445 0.838373 0.571711 0.838898 0.562355 0.838373 0.571711 0.800726 0.576098 0.838898 0.562355 0.800726 0.576098 0.798057 0.567115 0.800726 0.576098 0.764383 0.582991 0.798057 0.567115 0.800726 0.576098 0.769516 0.590808 0.764383 0.582991 0.769516 0.590808 0.755794 0.58935 0.764383 0.582991 0.769516 0.590808 0.761674 0.596614 0.755794 0.58935 0.761674 0.596614 0.75 0.596144 0.755794 0.58935 0.761674 0.596614 0.754466 0.602982 0.75 0.596144 0.75 0.607362 0.75 0.596144 0.754466 0.602982 0.75 0.607362 0.745534 0.602982 0.75 0.596144 0.738326 0.596614 0.75 0.596144 0.745534 0.602982 0.738326 0.596614 0.744206 0.58935 0.75 0.596144 0.744206 0.58935 0.738326 0.596614 0.730484 0.590808 0.744206 0.58935 0.730484 0.590808 0.735617 0.582991 0.735617 0.582991 0.730484 0.590808 0.699274 0.576098 0.735617 0.582991 0.699274 0.576098 0.701943 0.567115 0.661102 0.562355 0.701943 0.567115 0.699274 0.576098 0.661102 0.562355 0.699274 0.576098 0.661627 0.571711 0.661102 0.562355 0.661627 0.571711 0.642372 0.574445 0.661102 0.562355 0.642372 0.574445 0.640256 0.565315 0.640256 0.565315 0.642372 0.574445 0.623446 0.5806 0.640256 0.565315 0.623446 0.5806 0.619765 0.571978 0.601928 0.581552 0.619765 0.571978 0.623446 0.5806 0.601928 0.581552 0.623446 0.5806 0.606344 0.589779 0.606344 0.589779 0.593748 0.59138 0.601928 0.581552 0.606344 0.589779 0.595994 0.597739 0.593748 0.59138 0.595994 0.597739 0.591567 0.596606 0.593748 0.59138 0.595994 0.597739 0.59241 0.601143 0.591567 0.596606 0.595994 0.597739 0.596147 0.602807 0.59241 0.601143 0.596147 0.602807 0.595994 0.597739 0.601796 0.602286 0.607117 0.59181 0.601796 0.602286 0.595994 0.597739 0.607117 0.59181 0.610879 0.600386 0.601796 0.602286 0.607117 0.59181 0.622091 0.596458 0.610879 0.600386 0.607117 0.59181 0.619713 0.587397 0.622091 0.596458 0.619713 0.587397 0.644316 0.594168 0.622091 0.596458 0.619713 0.587397 0.644826 0.584815 0.644316 0.594168 0.644826 0.584815 0.65577 0.595705 0.644316 0.594168 0.644826 0.584815 0.657775 0.586553 0.65577 0.595705 0.681182 0.595758 0.65577 0.595705 0.657775 0.586553 0.681182 0.595758 0.676581 0.603904 0.65577 0.595705 0.697634 0.608444 0.676581 0.603904 0.681182 0.595758 0.697634 0.608444 0.690987 0.615047 0.676581 0.603904 0.706124 0.618529 0.690987 0.615047 0.697634 0.608444 0.706124 0.618529 0.698562 0.624316 0.690987 0.615047 0.711378 0.629257 0.698562 0.624316 0.706124 0.618529 0.711378 0.629257 0.701214 0.633311 0.698562 0.624316 0.676276 0.637169 0.698562 0.624316 0.701214 0.633311 0.676276 0.637169 0.701214 0.633311 0.681821 0.644698 0.676276 0.637169 0.681821 0.644698 0.66504 0.659994 0.676276 0.637169 0.66504 0.659994 0.658051 0.653783 0.658051 0.653783 0.66504 0.659994 0.653151 0.676095 0.658051 0.653783 0.653151 0.676095 0.64505 0.671418 0.636278 0.691495 0.64505 0.671418 0.653151 0.676095 0.636278 0.691495 0.653151 0.676095 0.645152 0.694442 0.631003 0.715586 0.636278 0.691495 0.645152 0.694442 0.631003 0.715586 0.645152 0.694442 0.640295 0.716623 0.631003 0.715586 0.640295 0.716623 0.64013 0.739111 0.631003 0.715586 0.64013 0.739111 0.631014 0.741311 0.641701 0.749941 0.631014 0.741311 0.64013 0.739111 0.641701 0.749941 0.629783 0.750755 0.631014 0.741311 0.629783 0.750755 0.619199 0.739387 0.631014 0.741311 0.629783 0.750755 0.616805 0.748445 0.619199 0.739387 0.616805 0.748445 0.602347 0.732482 0.619199 0.739387 0.616805 0.748445 0.597592 0.740539 0.602347 0.732482 0.597592 0.740539 0.58484 0.718558 0.602347 0.732482 0.597592 0.740539 0.577917 0.724871 0.58484 0.718558 0.569937 0.714526 0.58484 0.718558 0.577917 0.724871 0.569937 0.714526 0.577782 0.709408 0.58484 0.718558 0.559617 0.691486 0.577782 0.709408 0.569937 0.714526 0.559617 0.691486 0.568653 0.689015 0.577782 0.709408 0.557141 0.678371 0.568653 0.689015 0.559617 0.691486 0.557141 0.678371 0.566449 0.677341 0.568653 0.689015 0.557141 0.678371 0.563553 0.668525 0.566449 0.677341 0.557141 0.678371 0.556714 0.665774 0.563553 0.668525 0.561179 0.663372 0.563553 0.668525 0.556714 0.665774 0.556714 0.665774 0.55787 0.660968 0.561179 0.663372 0.556714 0.665774 0.55352 0.662507 0.55787 0.660968 0.556714 0.665774 0.550084 0.667009 0.55352 0.662507 0.554995 0.678717 0.550084 0.667009 0.556714 0.665774 0.554995 0.678717 0.545662 0.679007 0.550084 0.667009 0.545662 0.679007 0.554995 0.678717 0.555596 0.698118 0.545662 0.679007 0.555596 0.698118 0.546289 0.699241 0.550765 0.720318 0.546289 0.699241 0.555596 0.698118 0.550765 0.720318 0.555596 0.698118 0.55973 0.717585 0.558624 0.739851 0.550765 0.720318 0.55973 0.717585 0.558624 0.739851 0.55973 0.717585 0.56699 0.735628 0.558624 0.739851 0.56699 0.735628 0.589612 0.766038 0.558624 0.739851 0.589612 0.766038 0.583167 0.772841 0.589612 0.766038 0.613754 0.794065 0.583167 0.772841 0.589612 0.766038 0.617957 0.785711 0.613754 0.794065 0.617957 0.785711 0.623555 0.798324 0.613754 0.794065 0.617957 0.785711 0.626906 0.7896 0.623555 0.798324 0.626906 0.7896 0.632336 0.799945 0.623555 0.798324 0.626906 0.7896 0.636025 0.792658 0.632336 0.799945 0.642049 0.794332 0.632336 0.799945 0.636025 0.792658 0.642049 0.794332 0.640491 0.800393 0.632336 0.799945 0.63858 0.809819 0.632336 0.799945 0.640491 0.800393 0.63858 0.809819 0.629349 0.808359 0.632336 0.799945 0.629349 0.808359 0.63858 0.809819 0.637473 0.819514 0.629349 0.808359 0.637473 0.819514 0.628136 0.818977 0.628136 0.818977 0.637473 0.819514 0.640338 0.853898 0.628136 0.818977 0.640338 0.853898 0.631224 0.856078 0.647522 0.893827 0.631224 0.856078 0.640338 0.853898 0.647522 0.893827 0.640338 0.853898 0.655363 0.888695 0.647522 0.893827 0.655363 0.888695 0.667358 0.904003 0.647522 0.893827 0.667358 0.904003 0.660509 0.9104 0.660509 0.9104 0.667358 0.904003 0.682151 0.917317 0.660509 0.9104 0.682151 0.917317 0.676525 0.924815 0.682151 0.917317 0.693734 0.935475 0.676525 0.924815 0.682151 0.917317 0.698651 0.927537 0.693734 0.935475 0.698651 0.927537 0.706336 0.937645 0.693734 0.935475 0.698651 0.927537 0.71072 0.93252 0.706336 0.937645 0.71072 0.93252 0.711952 0.93692 0.706336 0.937645 0.71072 0.93252 0.71546 0.933922 0.711952 0.93692 0.71072 0.93252 0.715032 0.929854 0.71546 0.933922 0.715032 0.929854 0.71072 0.93252 0.711757 0.925222 0.700024 0.925852 0.711757 0.925222 0.71072 0.93252 0.700024 0.925852 0.70557 0.918306 0.711757 0.925222 0.700024 0.925852 0.696562 0.91056 0.70557 0.918306 0.700024 0.925852 0.689904 0.91715 0.696562 0.91056 0.689904 0.91715 0.683466 0.892458 0.696562 0.91056 0.689904 0.91715 0.675112 0.896693 0.683466 0.892458 0.67907 0.88177 0.683466 0.892458 0.675112 0.896693 0.67907 0.88177 0.675112 0.896693 0.670142 0.884609 0.66641 0.859736 0.67907 0.88177 0.670142 0.884609 0.66641 0.859736 0.675765 0.859647 0.67907 0.88177 0.66917 0.839145 0.675765 0.859647 0.66641 0.859736 0.66917 0.839145 0.678212 0.8416 0.675765 0.859647 0.673659 0.82675 0.678212 0.8416 0.66917 0.839145 0.673659 0.82675 0.682453 0.830405 0.678212 0.8416 0.680323 0.816836 0.682453 0.830405 0.673659 0.82675 0.698452 0.829695 0.682453 0.830405 0.680323 0.816836 0.698452 0.829695 0.693845 0.837831 0.682453 0.830405 0.693845 0.837831 0.698452 0.829695 0.719049 0.838702 0.693845 0.837831 0.719049 0.838702 0.716211 0.847611 0.740615 0.852627 0.716211 0.847611 0.719049 0.838702 0.740615 0.852627 0.719049 0.838702 0.741598 0.843332 0.740615 0.852627 0.741598 0.843332 0.758402 0.843332 0.740615 0.852627 0.758402 0.843332 0.759385 0.852627 0.759385 0.852627 0.758402 0.843332 0.780951 0.838702 0.759385 0.852627 0.780951 0.838702 0.783789 0.847611 0.806155 0.837831 0.783789 0.847611 0.780951 0.838702 0.806155 0.837831 0.780951 0.838702 0.801548 0.829695 0.817547 0.830405 0.806155 0.837831 0.801548 0.829695 0.817547 0.830405 0.801548 0.829695 0.819677 0.816836 0.819677 0.816836 0.826341 0.82675 0.817547 0.830405 0.826341 0.82675 0.821788 0.8416 0.817547 0.830405 0.826341 0.82675 0.83083 0.839145 0.821788 0.8416 0.83083 0.839145 0.824235 0.859647 0.821788 0.8416 0.83083 0.839145 0.83359 0.859736 0.824235 0.859647 0.83359 0.859736 0.82093 0.88177 0.824235 0.859647 0.83359 0.859736 0.829858 0.884609 0.82093 0.88177 0.824888 0.896693 0.82093 0.88177 0.829858 0.884609 0.824888 0.896693 0.816534 0.892458 0.82093 0.88177 0.810096 0.91715 0.816534 0.892458 0.824888 0.896693 0.810096 0.91715 0.803438 0.91056 0.816534 0.892458 0.799976 0.925852 0.803438 0.91056 0.810096 0.91715 0.799976 0.925852 0.79443 0.918306 0.803438 0.91056 0.799976 0.925852 0.788243 0.925222 0.79443 0.918306 0.799976 0.925852 0.78928 0.93252 0.788243 0.925222 0.784968 0.929854 0.788243 0.925222 0.78928 0.93252 0.78928 0.93252 0.78454 0.933922 0.784968 0.929854 0.78928 0.93252 0.788048 0.93692 0.78454 0.933922 0.78928 0.93252 0.793664 0.937645 0.788048 0.93692 0.801349 0.927537 0.793664 0.937645 0.78928 0.93252 0.801349 0.927537 0.806266 0.935475 0.793664 0.937645 0.806266 0.935475 0.801349 0.927537 0.817849 0.917317 0.806266 0.935475 0.817849 0.917317 0.823475 0.924815 0.817849 0.917317 0.839491 0.9104 0.823475 0.924815 0.817849 0.917317 0.832642 0.904003 0.839491 0.9104 0.832642 0.904003 0.852478 0.893827 0.839491 0.9104 0.832642 0.904003 0.844637 0.888695 0.852478 0.893827 0.852478 0.893827 0.844637 0.888695 0.859662 0.853898 0.852478 0.893827 0.859662 0.853898 0.868776 0.856078 0.859662 0.853898 0.871864 0.818977 0.868776 0.856078 0.859662 0.853898 0.862527 0.819514 0.871864 0.818977 0.870651 0.808359 0.871864 0.818977 0.862527 0.819514 0.870651 0.808359 0.862527 0.819514 0.86142 0.809819 0.86142 0.809819 0.867664 0.799945 0.870651 0.808359 0.86142 0.809819 0.859509 0.800393 0.867664 0.799945 0.857951 0.794332 0.867664 0.799945 0.859509 0.800393 0.857951 0.794332 0.863975 0.792658 0.867664 0.799945 0.873094 0.7896 0.867664 0.799945 0.863975 0.792658 0.873094 0.7896 0.876445 0.798324 0.867664 0.799945 0.876445 0.798324 0.873094 0.7896 0.882043 0.785711 0.876445 0.798324 0.882043 0.785711 0.886246 0.794065 0.886246 0.794065 0.882043 0.785711 0.910388 0.766038 0.886246 0.794065 0.910388 0.766038 0.916833 0.772841 0.941376 0.739851 0.916833 0.772841 0.910388 0.766038 0.941376 0.739851 0.910388 0.766038 0.93301 0.735628 0.941376 0.739851 0.93301 0.735628 0.94027 0.717585 0.2088119 0.532417 0.2073799 0.541647 0.201394 0.539998 0.2088119 0.532417 0.20917 0.536913 0.2073799 0.541647 0.20917 0.536913 0.2088119 0.532417 0.214981 0.528253 0.20917 0.536913 0.214981 0.528253 0.21568 0.533413 0.21568 0.533413 0.214981 0.528253 0.221661 0.524599 0.21568 0.533413 0.221661 0.524599 0.222548 0.530521 0.236502 0.519452 0.222548 0.530521 0.221661 0.524599 0.236502 0.519452 0.2372069 0.526714 0.222548 0.530521 0.2372069 0.526714 0.236502 0.519452 0.25 0.518048 0.2372069 0.526714 0.25 0.518048 0.25 0.525789 0.262793 0.526714 0.25 0.525789 0.25 0.518048 0.262793 0.526714 0.25 0.518048 0.263498 0.519452 0.263498 0.519452 0.277452 0.530521 0.262793 0.526714 0.263498 0.519452 0.278339 0.524599 0.277452 0.530521 0.28432 0.533413 0.277452 0.530521 0.278339 0.524599 0.28432 0.533413 0.278339 0.524599 0.285019 0.528253 0.29083 0.536913 0.28432 0.533413 0.285019 0.528253 0.29083 0.536913 0.285019 0.528253 0.291188 0.532417 0.291188 0.532417 0.29173 0.542715 0.29083 0.536913 0.291188 0.532417 0.298606 0.539998 0.29173 0.542715 0.430733 0.420065 0.430286 0.430096 0.430094 0.43618 0.430733 0.420065 0.430094 0.43618 0.43234 0.432168 0.430094 0.43618 0.431778 0.450309 0.43234 0.432168 0.430094 0.43618 0.427559 0.451506 0.431778 0.450309 0.427913 0.468512 0.431778 0.450309 0.427559 0.451506 0.427913 0.468512 0.427559 0.451506 0.422174 0.467949 0.422174 0.467949 0.421125 0.485382 0.427913 0.468512 0.422174 0.467949 0.414515 0.482733 0.421125 0.485382 0.393084 0.508042 0.421125 0.485382 0.414515 0.482733 0.393084 0.508042 0.399972 0.513817 0.421125 0.485382 0.393084 0.508042 0.373468 0.532213 0.399972 0.513817 0.393084 0.508042 0.367729 0.525098 0.373468 0.532213 0.367729 0.525098 0.365099 0.535849 0.373468 0.532213 0.367729 0.525098 0.360056 0.529555 0.365099 0.535849 0.356573 0.538709 0.365099 0.535849 0.360056 0.529555 0.356573 0.538709 0.360056 0.529555 0.352078 0.534234 0.352078 0.534234 0.35094 0.540275 0.356573 0.538709 0.352078 0.534234 0.346763 0.53788 0.35094 0.540275 0.291188 0.532057 0.29173 0.542355 0.298606 0.539638 0.291188 0.532057 0.29083 0.536553 0.29173 0.542355 0.29083 0.536553 0.291188 0.532057 0.285019 0.527893 0.29083 0.536553 0.285019 0.527893 0.28432 0.533053 0.28432 0.533053 0.285019 0.527893 0.278339 0.524239 0.28432 0.533053 0.278339 0.524239 0.277452 0.530162 0.263498 0.519092 0.277452 0.530162 0.278339 0.524239 0.263498 0.519092 0.262793 0.526353 0.277452 0.530162 0.262793 0.526353 0.263498 0.519092 0.25 0.517688 0.262793 0.526353 0.25 0.517688 0.25 0.525429 0.2372069 0.526353 0.25 0.525429 0.25 0.517688 0.2372069 0.526353 0.25 0.517688 0.236502 0.519092 0.236502 0.519092 0.222548 0.530162 0.2372069 0.526353 0.236502 0.519092 0.221661 0.524239 0.222548 0.530162 0.21568 0.533053 0.222548 0.530162 0.221661 0.524239 0.21568 0.533053 0.221661 0.524239 0.214981 0.527893 0.20917 0.536553 0.21568 0.533053 0.214981 0.527893 0.20917 0.536553 0.214981 0.527893 0.2088119 0.532057 0.2088119 0.532057 0.2073799 0.541287 0.20917 0.536553 0.2088119 0.532057 0.201394 0.539638 0.2073799 0.541287 0.1516669 0.499551 0.148735 0.498766 0.137591 0.499527 0.1516669 0.499551 0.137591 0.499527 0.139448 0.502419 0.125455 0.497367 0.139448 0.502419 0.137591 0.499527 0.125455 0.497367 0.126168 0.501331 0.139448 0.502419 0.125455 0.497367 0.107076 0.493862 0.126168 0.501331 0.125455 0.497367 0.10749 0.489975 0.107076 0.493862 0.107076 0.493862 0.10749 0.489975 0.08909296 0.475325 0.107076 0.493862 0.08909296 0.475325 0.08844995 0.478362 0.08844995 0.478362 0.08909296 0.475325 0.081631 0.465651 0.08844995 0.478362 0.081631 0.465651 0.08094197 0.468045 0.07325798 0.445762 0.08094197 0.468045 0.081631 0.465651 0.07325798 0.445762 0.081631 0.465651 0.07451599 0.443184 0.07325798 0.445762 0.07451599 0.443184 0.0722 0.430921 0.07325798 0.445762 0.0722 0.430921 0.07132101 0.435109 0.07132101 0.435109 0.0722 0.430921 0.06926697 0.420065 0.07132101 0.435109 0.06926697 0.420065 0.069714 0.430096 0.776067 0.231095 0.766859 0.229486 0.763027 0.2433609 0.776067 0.231095 0.763027 0.2433609 0.771755 0.246708 0.763027 0.2433609 0.765771 0.259051 0.771755 0.246708 0.763027 0.2433609 0.757684 0.254382 0.765771 0.259051 0.765771 0.259051 0.757684 0.254382 0.750811 0.26452 0.765771 0.259051 0.750811 0.26452 0.758073 0.270405 0.750811 0.26452 0.746708 0.281946 0.758073 0.270405 0.750811 0.26452 0.740711 0.274776 0.746708 0.281946 0.746708 0.281946 0.740711 0.274776 0.731892 0.281093 0.746708 0.281946 0.731892 0.281093 0.733635 0.290918 0.733635 0.290918 0.731892 0.281093 0.723781 0.295576 0.731892 0.281093 0.7227 0.287505 0.723781 0.295576 0.722932 0.271263 0.7227 0.287505 0.731892 0.281093 0.722932 0.271263 0.731892 0.281093 0.732221 0.272324 0.722932 0.271263 0.732221 0.272324 0.735348 0.258001 0.722932 0.271263 0.735348 0.258001 0.726464 0.255088 0.726464 0.255088 0.735348 0.258001 0.741153 0.2448379 0.726464 0.255088 0.741153 0.2448379 0.733053 0.240162 0.742685 0.2269909 0.733053 0.240162 0.741153 0.2448379 0.742685 0.2269909 0.741153 0.2448379 0.74965 0.233229 0.754927 0.215846 0.742685 0.2269909 0.74965 0.233229 0.754927 0.215846 0.74965 0.233229 0.76049 0.223359 0.754927 0.215846 0.76049 0.223359 0.76792 0.21869 0.754927 0.215846 0.76792 0.21869 0.768877 0.207523 0.776407 0.204424 0.768877 0.207523 0.76792 0.21869 0.7773 0.215287 0.776407 0.204424 0.76792 0.21869 0.776067 0.231095 0.7773 0.215287 0.76792 0.21869 0.776067 0.231095 0.76792 0.21869 0.766859 0.229486 0.06926697 0.420425 0.069714 0.430456 0.06990498 0.43654 0.06926697 0.420425 0.06990498 0.43654 0.06765997 0.432528 0.06990498 0.43654 0.06822198 0.450669 0.06765997 0.432528 0.06990498 0.43654 0.07244098 0.451866 0.06822198 0.450669 0.07208698 0.468872 0.06822198 0.450669 0.07244098 0.451866 0.07208698 0.468872 0.07244098 0.451866 0.07782596 0.468309 0.07782596 0.468309 0.078875 0.485742 0.07208698 0.468872 0.07782596 0.468309 0.08548498 0.483093 0.078875 0.485742 0.106916 0.508402 0.078875 0.485742 0.08548498 0.483093 0.106916 0.508402 0.100028 0.514177 0.078875 0.485742 0.106916 0.508402 0.126532 0.532573 0.100028 0.514177 0.106916 0.508402 0.132271 0.525458 0.126532 0.532573 0.132271 0.525458 0.134901 0.536209 0.126532 0.532573 0.132271 0.525458 0.139944 0.529915 0.134901 0.536209 0.143427 0.539069 0.134901 0.536209 0.139944 0.529915 0.143427 0.539069 0.139944 0.529915 0.147922 0.534594 0.147922 0.534594 0.14906 0.540635 0.143427 0.539069 0.147922 0.534594 0.153237 0.53824 0.14906 0.540635 0.352397 0.546302 0.346763 0.53824 0.35094 0.540635 0.352397 0.546302 0.346261 0.544643 0.346763 0.53824 0.346194 0.553882 0.346261 0.544643 0.352397 0.546302 0.346194 0.553882 0.352397 0.546302 0.354184 0.555116 0.346171 0.562749 0.346194 0.553882 0.354184 0.555116 0.346171 0.562749 0.354184 0.555116 0.355219 0.564181 0.344086 0.593242 0.346171 0.562749 0.355219 0.564181 0.344086 0.593242 0.355219 0.564181 0.35254 0.596332 0.35254 0.596332 0.33289 0.624465 0.344086 0.593242 0.35254 0.596332 0.338491 0.628868 0.33289 0.624465 0.323916 0.638492 0.33289 0.624465 0.338491 0.628868 0.323916 0.638492 0.338491 0.628868 0.327275 0.643182 0.31237 0.651379 0.323916 0.638492 0.327275 0.643182 0.31237 0.651379 0.327275 0.643182 0.313443 0.655631 0.313443 0.655631 0.300365 0.661238 0.31237 0.651379 0.313443 0.655631 0.298014 0.665188 0.300365 0.661238 0.286729 0.669848 0.300365 0.661238 0.298014 0.665188 0.286729 0.669848 0.295192 0.664445 0.300365 0.661238 0.147922 0.534234 0.14906 0.540275 0.153237 0.53788 0.147922 0.534234 0.143427 0.538709 0.14906 0.540275 0.143427 0.538709 0.147922 0.534234 0.139944 0.529555 0.143427 0.538709 0.139944 0.529555 0.134901 0.535849 0.132271 0.525098 0.134901 0.535849 0.139944 0.529555 0.132271 0.525098 0.126532 0.532213 0.134901 0.535849 0.106916 0.508042 0.126532 0.532213 0.132271 0.525098 0.106916 0.508042 0.100028 0.513817 0.126532 0.532213 0.106916 0.508042 0.078875 0.485382 0.100028 0.513817 0.106916 0.508042 0.08548498 0.482733 0.078875 0.485382 0.07782596 0.467949 0.078875 0.485382 0.08548498 0.482733 0.07782596 0.467949 0.07208698 0.468512 0.078875 0.485382 0.07208698 0.468512 0.07782596 0.467949 0.07244098 0.451506 0.07208698 0.468512 0.07244098 0.451506 0.06822198 0.450309 0.06990498 0.43618 0.06822198 0.450309 0.07244098 0.451506 0.06990498 0.43618 0.06765997 0.432168 0.06822198 0.450309 0.06926697 0.420065 0.06765997 0.432168 0.06990498 0.43618 0.06926697 0.420065 0.06990498 0.43618 0.069714 0.430096 0.186194 0.492666 0.176867 0.490878 0.175984 0.495303 0.186194 0.492666 0.182341 0.490084 0.176867 0.490878 0.194566 0.481695 0.182341 0.490084 0.186194 0.492666 0.194566 0.481695 0.186194 0.492666 0.199301 0.485467 0.205193 0.470904 0.194566 0.481695 0.199301 0.485467 0.205193 0.470904 0.199301 0.485467 0.211161 0.475174 0.211161 0.475174 0.212391 0.460287 0.205193 0.470904 0.211161 0.475174 0.2191219 0.464181 0.212391 0.460287 0.217986 0.448745 0.212391 0.460287 0.2191219 0.464181 0.217986 0.448745 0.2191219 0.464181 0.224662 0.451789 0.224662 0.451789 0.222018 0.434146 0.217986 0.448745 0.224662 0.451789 0.227647 0.43637 0.222018 0.434146 0.227647 0.43637 0.2231709 0.419365 0.222018 0.434146 0.227647 0.43637 0.227329 0.421418 0.2231709 0.419365 0.227329 0.421418 0.2212679 0.414194 0.2231709 0.419365 0.227329 0.421418 0.224509 0.411255 0.2212679 0.414194 0.980933 0.872223 0.964514 0.86706 0.980912 0.866996 0.980933 0.872223 0.964536 0.872292 0.964514 0.86706 0.980933 0.872223 0.964571 0.880251 0.964536 0.872292 0.980933 0.872223 0.980968 0.880175 0.964571 0.880251 0.980968 0.880175 0.96462 0.890026 0.964571 0.880251 0.980968 0.880175 0.981014 0.889942 0.96462 0.890026 0.981014 0.889942 0.964648 0.895076 0.96462 0.890026 0.981014 0.889942 0.981041 0.894987 0.964648 0.895076 0.981096 0.90474 0.964648 0.895076 0.981041 0.894987 0.981096 0.90474 0.964705 0.904836 0.964648 0.895076 0.981126 0.909925 0.964705 0.904836 0.981096 0.90474 0.981126 0.909925 0.964738 0.910027 0.964705 0.904836 0.98115 0.913975 0.964738 0.910027 0.981126 0.909925 0.98115 0.913975 0.964765 0.91408 0.964738 0.910027 0.981166 0.916449 0.964765 0.91408 0.98115 0.913975 0.981166 0.916449 0.964782 0.916557 0.964765 0.91408 0.981177 0.918234 0.964782 0.916557 0.981166 0.916449 0.981177 0.918234 0.964794 0.918343 0.964782 0.916557 0.980841 0.754517 0.964499 0.752675 0.980847 0.752736 0.980841 0.754517 0.964492 0.754457 0.964499 0.752675 0.980833 0.756986 0.964492 0.754457 0.980841 0.754517 0.980833 0.756986 0.964482 0.75693 0.964492 0.754457 0.980833 0.756986 0.964467 0.760976 0.964482 0.75693 0.980833 0.756986 0.980822 0.761026 0.964467 0.760976 0.980809 0.766199 0.964467 0.760976 0.980822 0.761026 0.980809 0.766199 0.964451 0.766156 0.964467 0.760976 0.980809 0.766199 0.964425 0.775901 0.964451 0.766156 0.980809 0.766199 0.98079 0.775933 0.964425 0.775901 0.980782 0.780968 0.964425 0.775901 0.98079 0.775933 0.980782 0.780968 0.964414 0.780943 0.964425 0.775901 0.980773 0.790717 0.964414 0.780943 0.980782 0.780968 0.980773 0.790717 0.9644 0.790704 0.964414 0.780943 0.980772 0.798659 0.9644 0.790704 0.980773 0.790717 0.980772 0.798659 0.964393 0.798654 0.9644 0.790704 0.980773 0.80388 0.964393 0.798654 0.980772 0.798659 0.980773 0.80388 0.964391 0.803882 0.964393 0.798654 0.983508 0.100975 0.967054 0.09917795 0.983508 0.099182 0.983508 0.100975 0.967053 0.100971 0.967054 0.09917795 0.983507 0.103462 0.967053 0.100971 0.983508 0.100975 0.983507 0.103462 0.967052 0.103458 0.967053 0.100971 0.983507 0.103462 0.967051 0.107526 0.967052 0.103458 0.983507 0.103462 0.983507 0.1075299 0.967051 0.107526 0.983506 0.112738 0.967051 0.107526 0.983507 0.1075299 0.983506 0.112738 0.967049 0.112735 0.967051 0.107526 0.983506 0.112738 0.967047 0.122532 0.967049 0.112735 0.983506 0.112738 0.983505 0.122534 0.967047 0.122532 0.983506 0.127601 0.967047 0.122532 0.983505 0.122534 0.983506 0.127601 0.967046 0.1276 0.967047 0.122532 0.983507 0.13741 0.967046 0.1276 0.983506 0.127601 0.983507 0.13741 0.967044 0.13741 0.967046 0.1276 0.983508 0.145397 0.967044 0.13741 0.983507 0.13741 0.983508 0.145397 0.967044 0.145399 0.967044 0.13741 0.983508 0.145397 0.967043 0.150651 0.967044 0.145399 0.983508 0.145397 0.98351 0.1506479 0.967043 0.150651 0.723933 0.731095 0.733141 0.729486 0.736973 0.743361 0.723933 0.731095 0.736973 0.743361 0.728245 0.746708 0.736973 0.743361 0.734229 0.759051 0.728245 0.746708 0.736973 0.743361 0.742316 0.754382 0.734229 0.759051 0.734229 0.759051 0.742316 0.754382 0.749189 0.76452 0.734229 0.759051 0.749189 0.76452 0.741927 0.770405 0.749189 0.76452 0.753292 0.781946 0.741927 0.770405 0.749189 0.76452 0.759289 0.774776 0.753292 0.781946 0.753292 0.781946 0.759289 0.774776 0.768108 0.781093 0.753292 0.781946 0.768108 0.781093 0.766365 0.790918 0.766365 0.790918 0.768108 0.781093 0.776219 0.795576 0.768108 0.781093 0.7773 0.787505 0.776219 0.795576 0.777068 0.771263 0.7773 0.787505 0.768108 0.781093 0.777068 0.771263 0.768108 0.781093 0.767779 0.772324 0.777068 0.771263 0.767779 0.772324 0.764652 0.758001 0.777068 0.771263 0.764652 0.758001 0.773536 0.755088 0.773536 0.755088 0.764652 0.758001 0.758847 0.744838 0.773536 0.755088 0.758847 0.744838 0.766947 0.740162 0.757315 0.726992 0.766947 0.740162 0.758847 0.744838 0.757315 0.726992 0.758847 0.744838 0.75035 0.733229 0.745073 0.715846 0.757315 0.726992 0.75035 0.733229 0.745073 0.715846 0.75035 0.733229 0.73951 0.723359 0.745073 0.715846 0.73951 0.723359 0.73208 0.71869 0.745073 0.715846 0.73208 0.71869 0.731123 0.707523 0.723593 0.704424 0.731123 0.707523 0.73208 0.71869 0.7227 0.715287 0.723593 0.704424 0.73208 0.71869 0.723933 0.731095 0.7227 0.715287 0.73208 0.71869 0.723933 0.731095 0.73208 0.71869 0.733141 0.729486 0.981301 0.676629 0.964991 0.672622 0.981331 0.672745 0.981301 0.676629 0.964963 0.67651 0.964991 0.672622 0.981266 0.681279 0.964963 0.67651 0.981301 0.676629 0.981266 0.681279 0.96493 0.681162 0.964963 0.67651 0.981152 0.697476 0.96493 0.681162 0.981266 0.681279 0.981152 0.697476 0.964818 0.697366 0.96493 0.681162 0.981152 0.697476 0.9647 0.715262 0.964818 0.697366 0.981152 0.697476 0.981035 0.715364 0.9647 0.715262 0.98098 0.724521 0.9647 0.715262 0.981035 0.715364 0.98098 0.724521 0.964644 0.724428 0.9647 0.715262 0.980929 0.733895 0.964644 0.724428 0.98098 0.724521 0.980929 0.733895 0.964591 0.733809 0.964644 0.724428 0.980886 0.742702 0.964591 0.733809 0.980929 0.733895 0.980886 0.742702 0.964545 0.742626 0.964591 0.733809 0.980886 0.742702 0.964518 0.748197 0.964545 0.742626 0.980886 0.742702 0.980863 0.748266 0.964518 0.748197 0.980854 0.750729 0.964518 0.748197 0.980863 0.748266 0.980854 0.750729 0.964508 0.750664 0.964518 0.748197 0.980847 0.752736 0.964508 0.750664 0.980854 0.750729 0.980847 0.752736 0.964499 0.752675 0.964508 0.750664 0.98352 0.022511 0.967069 0.01859694 0.98352 0.01859694 0.98352 0.022511 0.967069 0.02250999 0.967069 0.01859694 0.983519 0.02719396 0.967069 0.02250999 0.98352 0.022511 0.983519 0.02719396 0.967068 0.02719295 0.967069 0.02250999 0.983517 0.04350996 0.967068 0.02719295 0.983519 0.02719396 0.983517 0.04350996 0.967068 0.04350799 0.967068 0.02719295 0.983517 0.04350996 0.967065 0.06152695 0.967068 0.04350799 0.983517 0.04350996 0.983515 0.06152999 0.967065 0.06152695 0.983514 0.07075697 0.967065 0.06152695 0.983515 0.06152999 0.983514 0.07075697 0.967064 0.07075399 0.967065 0.06152695 0.983512 0.08019995 0.967064 0.07075399 0.983514 0.07075697 0.983512 0.08019995 0.967061 0.08019697 0.967064 0.07075399 0.98351 0.089073 0.967061 0.08019697 0.983512 0.08019995 0.98351 0.089073 0.967058 0.089069 0.967061 0.08019697 0.98351 0.089073 0.967056 0.09467297 0.967058 0.089069 0.98351 0.089073 0.983509 0.09467697 0.967056 0.09467297 0.983508 0.09715998 0.967056 0.09467297 0.983509 0.09467697 0.983508 0.09715998 0.967055 0.09715598 0.967056 0.09467297 0.983508 0.099182 0.967055 0.09715598 0.983508 0.09715998 0.983508 0.099182 0.967054 0.09917795 0.967055 0.09715598 0.313806 0.493026 0.323311 0.490882 0.324016 0.495663 0.313806 0.493026 0.317659 0.490444 0.323311 0.490882 0.305434 0.482055 0.317659 0.490444 0.313806 0.493026 0.305434 0.482055 0.313806 0.493026 0.300699 0.485827 0.294807 0.471264 0.305434 0.482055 0.300699 0.485827 0.294807 0.471264 0.300699 0.485827 0.288839 0.475534 0.288839 0.475534 0.287609 0.460647 0.294807 0.471264 0.288839 0.475534 0.280878 0.464541 0.287609 0.460647 0.282014 0.449105 0.287609 0.460647 0.280878 0.464541 0.282014 0.449105 0.280878 0.464541 0.275338 0.452149 0.275338 0.452149 0.277982 0.434506 0.282014 0.449105 0.275338 0.452149 0.272354 0.43673 0.277982 0.434506 0.272354 0.43673 0.276829 0.419725 0.277982 0.434506 0.272354 0.43673 0.272673 0.421778 0.276829 0.419725 0.272673 0.421778 0.278732 0.415266 0.276829 0.419725 0.272673 0.421778 0.275493 0.411615 0.278732 0.415266 0.200976 0.659491 0.213271 0.669848 0.2048079 0.664445 0.200976 0.659491 0.205585 0.660502 0.213271 0.669848 0.192719 0.652487 0.205585 0.660502 0.200976 0.659491 0.192719 0.652487 0.196122 0.652366 0.205585 0.660502 0.196122 0.652366 0.192719 0.652487 0.177559 0.635745 0.196122 0.652366 0.177559 0.635745 0.179975 0.636347 0.172379 0.624082 0.179975 0.636347 0.177559 0.635745 0.172379 0.624082 0.175328 0.625048 0.179975 0.636347 0.168278 0.600188 0.175328 0.625048 0.172379 0.624082 0.168278 0.600188 0.1718389 0.601791 0.175328 0.625048 0.171387 0.579873 0.1718389 0.601791 0.168278 0.600188 0.171387 0.579873 0.1744199 0.582537 0.1718389 0.601791 0.1744199 0.582537 0.171387 0.579873 0.177136 0.567752 0.1744199 0.582537 0.177136 0.567752 0.178617 0.570947 0.185815 0.558473 0.178617 0.570947 0.177136 0.567752 0.185815 0.558473 0.184848 0.561676 0.178617 0.570947 0.352078 0.534594 0.35094 0.540635 0.346763 0.53824 0.352078 0.534594 0.356573 0.539069 0.35094 0.540635 0.356573 0.539069 0.352078 0.534594 0.360056 0.529915 0.356573 0.539069 0.360056 0.529915 0.365099 0.536209 0.367729 0.525458 0.365099 0.536209 0.360056 0.529915 0.367729 0.525458 0.373468 0.532573 0.365099 0.536209 0.393084 0.508402 0.373468 0.532573 0.367729 0.525458 0.393084 0.508402 0.399972 0.514177 0.373468 0.532573 0.393084 0.508402 0.421125 0.485742 0.399972 0.514177 0.393084 0.508402 0.414515 0.483094 0.421125 0.485742 0.422174 0.468309 0.421125 0.485742 0.414515 0.483094 0.422174 0.468309 0.427913 0.468872 0.421125 0.485742 0.427913 0.468872 0.422174 0.468309 0.427559 0.451866 0.427913 0.468872 0.427559 0.451866 0.431778 0.450669 0.430094 0.43654 0.431778 0.450669 0.427559 0.451866 0.430094 0.43654 0.43234 0.432528 0.431778 0.450669 0.430733 0.420425 0.43234 0.432528 0.430094 0.43654 0.430733 0.420425 0.430094 0.43654 0.430286 0.430456 0.208974 0.376249 0.216027 0.388435 0.213887 0.38628 0.208974 0.376249 0.212418 0.376396 0.216027 0.388435 0.201035 0.366819 0.212418 0.376396 0.208974 0.376249 0.201035 0.366819 0.204829 0.365448 0.212418 0.376396 0.204829 0.365448 0.201035 0.366819 0.185651 0.354956 0.204829 0.365448 0.185651 0.354956 0.188811 0.352653 0.188811 0.352653 0.185651 0.354956 0.163765 0.34635 0.188811 0.352653 0.163765 0.34635 0.166074 0.344274 0.166074 0.344274 0.163765 0.34635 0.151656 0.344725 0.166074 0.344274 0.151656 0.344725 0.153385 0.342931 0.129818 0.350144 0.153385 0.342931 0.151656 0.344725 0.129818 0.350144 0.130539 0.347979 0.153385 0.342931 0.130539 0.347979 0.129818 0.350144 0.11804 0.35427 0.130539 0.347979 0.11804 0.35427 0.120346 0.351628 0.120346 0.351628 0.11804 0.35427 0.105996 0.356809 0.120346 0.351628 0.105996 0.356809 0.114906 0.352181 0.428946 0.435736 0.430733 0.420425 0.430286 0.430456 0.428946 0.435736 0.428334 0.431459 0.430733 0.420425 0.427009 0.446389 0.428334 0.431459 0.428946 0.435736 0.427009 0.446389 0.426019 0.443722 0.428334 0.431459 0.427009 0.446389 0.418369 0.466011 0.426019 0.443722 0.427009 0.446389 0.419058 0.468405 0.418369 0.466011 0.41155 0.478722 0.418369 0.466011 0.419058 0.468405 0.41155 0.478722 0.410907 0.475685 0.418369 0.466011 0.392924 0.494222 0.410907 0.475685 0.41155 0.478722 0.392924 0.494222 0.39251 0.490335 0.410907 0.475685 0.374545 0.497727 0.39251 0.490335 0.392924 0.494222 0.374545 0.497727 0.392924 0.494222 0.373832 0.501691 0.374545 0.497727 0.373832 0.501691 0.360552 0.502779 0.374545 0.497727 0.360552 0.502779 0.362409 0.499887 0.348333 0.499911 0.362409 0.499887 0.360552 0.502779 0.348333 0.499911 0.351265 0.499126 0.362409 0.499887</float_array>
          <technique_common>
            <accessor source="#pickup_powerup_plague-mesh-map-0-array" count="6252" stride="2">
              <param name="S" type="float"/>
              <param name="T" type="float"/>
            </accessor>
          </technique_common>
        </source>
        <vertices id="pickup_powerup_plague-mesh-vertices">
          <input semantic="POSITION" source="#pickup_powerup_plague-mesh-positions"/>
        </vertices>
        <triangles material="pickup_powerup_set_new-material" count="2084">
          <input semantic="VERTEX" source="#pickup_powerup_plague-mesh-vertices" offset="0"/>
          <input semantic="NORMAL" source="#pickup_powerup_plague-mesh-normals" offset="1"/>
          <input semantic="TEXCOORD" source="#pickup_powerup_plague-mesh-map-0" offset="2" set="0"/>
          <p>0 0 0 1 1 1 2 2 2 0 0 3 3 3 4 1 1 5 3 3 6 4 4 7 1 1 8 3 3 9 5 5 10 4 4 11 6 6 12 7 7 13 8 8 14 6 6 15 9 6 16 7 7 17 10 9 18 9 6 19 6 6 20 10 9 21 11 10 22 9 6 23 12 11 24 11 10 25 10 9 26 12 11 27 13 12 28 11 10 29 14 13 30 13 12 31 12 11 32 14 13 33 15 14 34 13 12 35 15 14 36 14 13 37 16 15 38 15 14 39 16 15 40 17 16 41 18 17 42 17 16 43 16 15 44 18 17 45 19 18 46 17 16 47 20 19 48 19 18 49 18 17 50 20 19 51 21 20 52 19 18 53 22 21 54 21 20 55 20 19 56 22 21 57 23 22 58 21 20 59 24 23 60 23 22 61 22 21 62 24 23 63 22 21 64 25 24 65 26 25 66 27 26 67 28 27 68 29 28 69 27 26 70 26 25 71 8 29 72 30 30 73 26 25 74 29 28 75 26 25 76 30 30 77 29 28 78 30 30 79 31 31 80 29 28 81 31 31 82 32 32 83 29 28 84 32 32 85 33 33 86 34 34 87 33 33 88 32 32 89 34 34 90 35 35 91 33 33 92 36 36 93 35 35 94 34 34 95 36 36 96 37 29 97 35 35 98 38 29 99 37 29 100 36 36 101 38 29 102 39 29 103 37 29 104 39 29 105 38 29 106 40 37 107 39 29 108 40 37 109 41 38 110 42 39 111 41 38 112 40 37 113 42 39 114 43 40 115 41 38 116 43 40 117 42 39 118 44 41 119 45 42 120 46 43 121 47 44 122 48 45 123 46 43 124 45 42 125 48 45 126 49 46 127 46 43 128 49 46 129 48 45 130 8 29 131 8 29 132 50 47 133 49 46 134 8 29 135 51 48 136 50 47 137 51 48 138 52 49 139 50 47 140 51 48 141 53 50 142 52 49 143 51 48 144 54 51 145 53 50 146 51 48 147 55 29 148 54 51 149 56 52 150 48 45 151 57 53 152 48 45 153 45 42 154 57 53 155 58 54 156 59 55 157 51 48 158 59 55 159 60 56 160 51 48 161 60 56 162 61 57 163 51 48 164 51 48 165 61 57 166 62 58 167 51 48 168 62 58 169 63 29 170 51 48 171 63 29 172 64 59 173 51 48 174 64 59 175 65 60 176 66 61 177 51 48 178 65 60 179 67 62 180 51 48 181 66 61 182 68 63 183 51 48 184 67 62 185 68 63 186 67 62 187 69 64 188 69 64 189 70 65 190 68 63 191 70 65 192 69 64 193 71 66 194 70 65 195 71 66 196 72 67 197 72 67 198 71 66 199 73 68 200 72 67 201 73 68 202 74 69 203 74 69 204 73 68 205 75 70 206 74 69 207 75 70 208 76 29 209 77 29 210 76 29 211 75 70 212 77 29 213 75 70 214 78 71 215 79 72 216 77 29 217 78 71 218 79 72 219 78 71 220 80 73 221 80 73 222 81 74 223 79 72 224 80 73 225 82 75 226 81 74 227 82 75 228 83 76 229 81 74 230 82 75 231 84 77 232 83 76 233 85 29 234 86 78 235 87 29 236 86 78 237 85 29 238 88 79 239 86 78 240 88 79 241 89 80 242 90 81 243 89 80 244 88 79 245 90 81 246 91 82 247 89 80 248 91 82 249 90 81 250 92 83 251 91 82 252 92 83 253 93 84 254 93 84 255 92 83 256 94 85 257 93 84 258 94 85 259 95 86 260 95 86 261 94 85 262 96 87 263 95 86 264 96 87 265 97 29 266 98 29 267 97 29 268 96 87 269 98 29 270 99 29 271 97 29 272 83 76 273 99 29 274 98 29 275 83 76 276 100 88 277 99 29 278 58 54 279 100 88 280 83 76 281 84 77 282 58 54 283 83 76 284 58 54 285 84 77 286 59 55 287 101 89 288 102 90 289 103 91 290 101 89 291 104 92 292 102 90 293 105 93 294 104 92 295 101 89 296 105 93 297 106 94 298 104 92 299 107 95 300 106 94 301 105 93 302 107 95 303 108 96 304 106 94 305 109 97 306 108 96 307 107 95 308 109 97 309 110 29 310 108 96 311 110 29 312 109 97 313 58 54 314 110 29 315 58 54 316 111 29 317 111 29 318 58 54 319 51 48 320 51 48 321 112 29 322 111 29 323 51 48 324 113 29 325 112 29 326 51 48 327 114 98 328 113 29 329 51 48 330 115 99 331 114 98 332 51 48 333 116 100 334 115 99 335 51 48 336 117 101 337 116 100 338 8 29 339 117 101 340 51 48 341 8 29 342 118 102 343 117 101 344 118 102 345 8 29 346 26 25 347 26 25 348 119 103 349 118 102 350 26 25 351 28 27 352 119 103 353 120 104 354 119 103 355 28 27 356 120 104 357 28 27 358 121 105 359 121 105 360 122 106 361 120 104 362 121 105 363 123 107 364 122 106 365 102 90 366 122 106 367 123 107 368 102 90 369 123 107 370 103 91 371 51 48 372 124 29 373 55 29 374 51 48 375 125 29 376 124 29 377 125 29 378 51 48 379 68 63 380 126 29 381 125 29 382 68 63 383 126 29 384 68 63 385 127 108 386 128 109 387 126 29 388 127 108 389 128 109 390 127 108 391 129 110 392 130 111 393 128 109 394 129 110 395 130 111 396 129 110 397 131 112 398 131 112 399 132 113 400 130 111 401 131 112 402 133 114 403 132 113 404 134 115 405 132 113 406 133 114 407 134 115 408 133 114 409 135 116 410 136 117 411 134 115 412 135 116 413 136 117 414 137 118 415 134 115 416 138 119 417 137 118 418 136 117 419 138 119 420 47 44 421 137 118 422 45 42 423 47 44 424 138 119 425 139 120 426 127 108 427 68 63 428 127 108 429 139 120 430 140 121 431 127 108 432 140 121 433 141 122 434 141 122 435 140 121 436 142 123 437 141 122 438 142 123 439 143 124 440 144 125 441 143 124 442 142 123 443 144 125 444 145 126 445 143 124 446 146 127 447 145 126 448 144 125 449 146 127 450 147 128 451 145 126 452 148 129 453 147 128 454 146 127 455 148 129 456 149 130 457 147 128 458 149 130 459 148 129 460 150 131 461 149 130 462 150 131 463 151 132 464 152 133 465 151 132 466 150 131 467 152 133 468 153 29 469 151 132 470 153 29 471 152 133 472 154 29 473 155 134 474 156 135 475 157 136 476 155 134 477 157 136 478 158 137 479 159 138 480 155 134 481 158 137 482 159 138 483 160 139 484 155 134 485 161 140 486 160 139 487 159 138 488 161 140 489 162 141 490 160 139 491 163 142 492 162 141 493 161 140 494 163 142 495 164 143 496 162 141 497 164 143 498 163 142 499 165 144 500 164 143 501 165 144 502 166 145 503 167 146 504 166 145 505 165 144 506 167 146 507 168 147 508 166 145 509 169 148 510 168 147 511 167 146 512 169 148 513 170 149 514 168 147 515 170 149 516 169 148 517 171 150 518 170 149 519 171 150 520 172 151 521 173 152 522 172 151 523 171 150 524 173 152 525 171 150 526 174 153 527 175 154 528 176 155 529 177 156 530 175 154 531 178 157 532 176 155 533 176 155 534 178 157 535 179 158 536 176 155 537 179 158 538 180 159 539 181 160 540 180 159 541 179 158 542 181 160 543 182 161 544 180 159 545 182 161 546 181 160 547 183 162 548 182 161 549 183 162 550 184 163 551 185 164 552 184 163 553 183 162 554 185 164 555 186 165 556 184 163 557 186 165 558 185 164 559 187 166 560 186 165 561 187 166 562 188 167 563 187 166 564 189 168 565 188 167 566 187 166 567 190 169 568 189 168 569 191 170 570 189 168 571 190 169 572 191 170 573 192 171 574 189 168 575 193 172 576 194 173 577 195 174 578 193 172 579 196 175 580 194 173 581 196 175 582 197 176 583 194 173 584 196 175 585 198 177 586 197 176 587 198 177 588 199 178 589 197 176 590 198 177 591 200 179 592 199 178 593 200 179 594 201 180 595 199 178 596 200 179 597 202 181 598 201 180 599 202 181 600 203 182 601 201 180 602 202 181 603 204 183 604 203 182 605 204 183 606 205 184 607 203 182 608 204 183 609 206 185 610 205 184 611 206 186 612 207 187 613 205 188 614 206 186 615 208 189 616 207 187 617 208 189 618 209 190 619 207 187 620 208 189 621 210 191 622 209 190 623 210 191 624 211 192 625 209 190 626 210 191 627 212 193 628 211 192 629 212 193 630 213 194 631 211 192 632 212 193 633 214 195 634 213 194 635 214 195 636 215 196 637 213 194 638 214 195 639 216 197 640 215 196 641 216 197 642 195 198 643 215 196 644 216 197 645 193 199 646 195 198 647 217 200 648 218 201 649 219 202 650 217 200 651 220 203 652 218 201 653 220 203 654 221 204 655 218 201 656 220 203 657 222 204 658 221 204 659 222 204 660 223 205 661 221 204 662 222 204 663 224 206 664 223 205 665 225 207 666 223 205 667 224 206 668 225 207 669 224 206 670 226 207 671 225 207 672 226 207 673 227 208 674 225 207 675 227 208 676 228 209 677 228 209 678 227 208 679 229 210 680 228 209 681 229 210 682 230 211 683 231 212 684 87 213 685 86 214 686 231 212 687 86 214 688 232 215 689 233 216 690 232 215 691 86 214 692 233 216 693 86 214 694 89 217 695 89 217 696 234 218 697 233 216 698 89 217 699 91 219 700 234 218 701 91 219 702 235 220 703 234 218 704 91 219 705 93 221 706 235 220 707 236 222 708 235 220 709 93 221 710 236 222 711 93 221 712 95 223 713 95 223 714 237 224 715 236 222 716 95 223 717 97 225 718 237 224 719 97 225 720 238 226 721 237 224 722 97 225 723 99 227 724 238 226 725 99 227 726 239 228 727 238 226 728 99 227 729 100 229 730 239 228 731 239 228 732 100 229 733 58 230 734 239 228 735 58 230 736 240 231 737 241 232 738 44 233 739 42 234 740 241 232 741 42 234 742 242 235 743 42 234 744 243 236 745 242 235 746 42 234 747 40 237 748 243 236 749 40 237 750 244 238 751 243 236 752 40 237 753 38 239 754 244 238 755 38 239 756 245 240 757 244 238 758 38 239 759 36 241 760 245 240 761 246 242 762 245 240 763 36 241 764 246 242 765 36 241 766 34 243 767 34 243 768 247 244 769 246 242 770 34 243 771 32 245 772 247 244 773 32 245 774 248 246 775 247 244 776 32 245 777 31 247 778 248 246 779 31 247 780 249 248 781 248 246 782 31 247 783 30 249 784 249 248 785 30 249 786 7 250 787 249 248 788 30 249 789 8 251 790 7 250 791 250 252 792 251 253 793 252 254 794 250 252 795 253 255 796 251 253 797 253 255 798 254 256 799 251 253 800 253 255 801 255 257 802 254 256 803 255 257 804 256 258 805 254 256 806 255 257 807 257 259 808 256 258 809 257 259 810 258 260 811 256 258 812 257 259 813 259 261 814 258 260 815 259 261 816 260 262 817 258 260 818 259 261 819 261 263 820 260 262 821 261 263 822 262 264 823 260 262 824 261 263 825 263 265 826 262 264 827 264 266 828 265 267 829 266 268 830 264 266 831 267 269 832 265 267 833 268 270 834 265 267 835 267 269 836 268 270 837 269 271 838 265 267 839 268 270 840 270 272 841 269 271 842 268 270 843 271 273 844 270 272 845 272 274 846 270 272 847 271 273 848 272 274 849 273 275 850 270 272 851 272 274 852 274 276 853 273 275 854 272 274 855 275 277 856 274 276 857 276 278 858 274 276 859 275 277 860 276 278 861 277 279 862 274 276 863 278 280 864 279 281 865 280 282 866 278 280 867 280 282 868 281 283 869 280 282 870 282 284 871 281 283 872 280 282 873 283 285 874 282 284 875 283 285 876 284 286 877 282 284 878 283 285 879 285 287 880 284 286 881 285 287 882 286 288 883 284 286 884 285 287 885 287 289 886 286 288 887 288 290 888 286 288 889 287 289 890 288 290 891 287 289 892 289 291 893 289 291 894 290 292 895 288 290 896 289 291 897 291 293 898 290 292 899 291 293 900 292 294 901 290 292 902 291 293 903 293 295 904 292 294 905 293 295 906 294 6 907 292 294 908 293 295 909 295 296 910 294 6 911 295 296 912 296 297 913 294 6 914 295 296 915 297 298 916 296 297 917 298 299 918 299 300 919 300 301 920 298 299 921 301 302 922 299 300 923 302 303 924 299 300 925 301 302 926 302 303 927 303 304 928 299 300 929 304 305 930 303 304 931 302 303 932 304 305 933 305 306 934 303 304 935 306 307 936 305 306 937 304 305 938 306 307 939 304 305 940 307 308 941 308 309 942 306 307 943 307 308 944 308 309 945 307 308 946 309 310 947 310 311 948 308 309 949 309 310 950 310 311 951 309 310 952 311 312 953 312 313 954 310 311 955 311 312 956 312 313 957 311 312 958 313 314 959 314 315 960 71 316 961 69 317 962 314 315 963 315 318 964 71 316 965 316 319 966 71 316 967 315 318 968 316 319 969 73 320 970 71 316 971 317 321 972 73 320 973 316 319 974 317 321 975 75 322 976 73 320 977 78 323 978 75 322 979 317 321 980 78 323 981 317 321 982 318 324 983 318 324 984 80 325 985 78 323 986 318 324 987 319 326 988 80 325 989 319 326 990 82 327 991 80 325 992 319 326 993 320 328 994 82 327 995 321 329 996 82 327 997 320 328 998 321 329 999 84 330 1000 82 327 1001 322 331 1002 323 332 1003 324 333 1004 324 333 1005 323 332 1006 325 334 1007 326 335 1008 327 336 1009 328 337 1010 326 335 1011 329 338 1012 327 336 1013 330 339 1014 327 336 1015 329 338 1016 330 339 1017 329 338 1018 331 340 1019 331 340 1020 325 334 1021 330 339 1022 331 340 1023 332 341 1024 325 334 1025 324 333 1026 325 334 1027 332 341 1028 324 333 1029 332 341 1030 333 342 1031 334 343 1032 280 344 1033 279 345 1034 280 344 1035 334 343 1036 335 346 1037 280 344 1038 335 346 1039 283 347 1040 336 348 1041 283 347 1042 335 346 1043 336 348 1044 285 348 1045 283 347 1046 285 348 1047 336 348 1048 337 348 1049 285 348 1050 337 348 1051 287 349 1052 287 349 1053 337 348 1054 338 350 1055 287 349 1056 338 350 1057 289 351 1058 289 351 1059 338 350 1060 339 352 1061 289 351 1062 339 352 1063 291 353 1064 322 331 1065 291 353 1066 339 352 1067 322 331 1068 293 354 1069 291 353 1070 322 331 1071 295 355 1072 293 354 1073 322 331 1074 324 333 1075 295 355 1076 297 348 1077 295 355 1078 324 333 1079 333 342 1080 297 348 1081 324 333 1082 297 348 1083 333 342 1084 340 356 1085 341 357 1086 342 348 1087 343 358 1088 344 359 1089 341 357 1090 343 358 1091 344 359 1092 343 358 1093 345 360 1094 346 348 1095 344 359 1096 345 360 1097 346 348 1098 345 360 1099 347 361 1100 348 362 1101 346 348 1102 347 361 1103 348 362 1104 347 361 1105 349 363 1106 350 364 1107 348 362 1108 349 363 1109 350 364 1110 349 363 1111 351 365 1112 352 366 1113 350 364 1114 351 365 1115 352 366 1116 351 365 1117 353 367 1118 354 368 1119 352 366 1120 353 367 1121 354 368 1122 353 367 1123 355 369 1124 354 368 1125 355 369 1126 356 370 1127 354 368 1128 356 370 1129 357 371 1130 297 348 1131 357 371 1132 356 370 1133 177 372 1134 357 371 1135 297 348 1136 297 348 1137 358 373 1138 177 372 1139 354 368 1140 357 371 1141 359 374 1142 357 371 1143 360 375 1144 359 374 1145 361 376 1146 184 377 1147 362 378 1148 361 376 1149 182 379 1150 184 377 1151 363 380 1152 182 379 1153 361 376 1154 363 380 1155 180 381 1156 182 379 1157 360 375 1158 180 381 1159 363 380 1160 360 375 1161 176 382 1162 180 381 1163 357 371 1164 176 382 1165 360 375 1166 357 371 1167 177 372 1168 176 382 1169 297 348 1170 364 383 1171 358 373 1172 364 383 1173 365 384 1174 358 373 1175 364 383 1176 366 385 1177 365 384 1178 364 383 1179 367 386 1180 366 385 1181 364 383 1182 368 348 1183 367 386 1184 364 383 1185 369 348 1186 368 348 1187 364 383 1188 370 348 1189 369 348 1190 370 348 1191 364 383 1192 157 387 1193 192 348 1194 370 348 1195 157 387 1196 192 348 1197 157 387 1198 371 388 1199 189 389 1200 192 348 1201 371 388 1202 189 389 1203 371 388 1204 372 390 1205 188 391 1206 189 389 1207 372 390 1208 188 391 1209 372 390 1210 373 392 1211 373 392 1212 186 393 1213 188 391 1214 373 392 1215 374 394 1216 186 393 1217 184 377 1218 186 393 1219 374 394 1220 184 377 1221 374 394 1222 362 378 1223 157 387 1224 364 383 1225 375 395 1226 375 395 1227 364 383 1228 376 396 1229 376 396 1230 364 383 1231 377 397 1232 364 383 1233 378 398 1234 377 397 1235 364 383 1236 379 348 1237 378 398 1238 364 383 1239 380 399 1240 379 348 1241 364 383 1242 381 400 1243 380 399 1244 382 401 1245 381 400 1246 364 383 1247 383 402 1248 382 401 1249 364 383 1250 384 403 1251 383 402 1252 364 383 1253 384 403 1254 385 404 1255 383 402 1256 385 404 1257 384 403 1258 386 405 1259 387 406 1260 385 404 1261 386 405 1262 387 406 1263 386 405 1264 388 407 1265 389 408 1266 387 406 1267 388 407 1268 389 408 1269 388 407 1270 390 409 1271 390 409 1272 391 410 1273 389 408 1274 390 409 1275 392 348 1276 391 410 1277 297 348 1278 340 356 1279 364 383 1280 364 383 1281 340 356 1282 393 411 1283 364 383 1284 393 411 1285 394 412 1286 364 383 1287 394 412 1288 395 413 1289 364 383 1290 395 413 1291 396 348 1292 364 383 1293 396 348 1294 397 348 1295 364 383 1296 397 348 1297 398 348 1298 398 348 1299 384 403 1300 364 383 1301 399 348 1302 384 403 1303 398 348 1304 399 348 1305 400 414 1306 384 403 1307 400 414 1308 399 348 1309 401 415 1310 400 414 1311 401 415 1312 402 416 1313 402 416 1314 401 415 1315 403 417 1316 402 416 1317 403 417 1318 404 418 1319 404 418 1320 403 417 1321 405 419 1322 404 418 1323 405 419 1324 406 420 1325 406 420 1326 405 419 1327 326 335 1328 406 420 1329 326 335 1330 328 337 1331 407 421 1332 384 403 1333 400 414 1334 400 414 1335 408 422 1336 407 421 1337 400 414 1338 409 423 1339 408 422 1340 409 423 1341 410 424 1342 408 422 1343 409 423 1344 411 425 1345 410 424 1346 411 425 1347 412 426 1348 410 424 1349 411 425 1350 413 427 1351 412 426 1352 413 427 1353 414 348 1354 412 426 1355 413 427 1356 415 428 1357 414 348 1358 415 428 1359 416 429 1360 414 348 1361 415 428 1362 417 430 1363 416 429 1364 417 430 1365 418 431 1366 416 429 1367 417 430 1368 419 432 1369 418 431 1370 419 432 1371 420 433 1372 418 431 1373 419 432 1374 421 434 1375 420 433 1376 421 434 1377 422 348 1378 420 433 1379 423 435 1380 424 436 1381 425 437 1382 423 435 1383 426 438 1384 424 436 1385 427 439 1386 424 436 1387 426 438 1388 427 439 1389 428 440 1390 424 436 1391 429 323 1392 428 440 1393 427 439 1394 429 323 1395 430 324 1396 428 440 1397 430 324 1398 429 323 1399 431 321 1400 430 324 1401 431 321 1402 391 322 1403 431 321 1404 389 441 1405 391 322 1406 431 321 1407 432 442 1408 389 441 1409 432 442 1410 387 443 1411 389 441 1412 432 442 1413 433 444 1414 387 443 1415 434 445 1416 387 443 1417 433 444 1418 434 445 1419 385 446 1420 387 443 1421 356 248 1422 296 447 1423 297 448 1424 356 248 1425 435 248 1426 296 447 1427 355 247 1428 435 248 1429 356 248 1430 355 247 1431 436 246 1432 435 248 1433 353 245 1434 436 246 1435 355 247 1436 353 245 1437 437 244 1438 436 246 1439 351 449 1440 437 244 1441 353 245 1442 351 449 1443 438 450 1444 437 244 1445 438 450 1446 351 449 1447 349 451 1448 438 450 1449 349 451 1450 439 452 1451 347 453 1452 439 452 1453 349 451 1454 347 453 1455 440 454 1456 439 452 1457 345 455 1458 440 454 1459 347 453 1460 345 455 1461 441 456 1462 440 454 1463 343 457 1464 441 456 1465 345 455 1466 343 457 1467 442 458 1468 441 456 1469 443 459 1470 442 458 1471 343 457 1472 443 459 1473 343 457 1474 342 460 1475 444 461 1476 129 462 1477 127 463 1478 444 461 1479 445 464 1480 129 462 1481 129 462 1482 445 464 1483 446 465 1484 129 462 1485 446 465 1486 131 466 1487 133 467 1488 131 466 1489 446 465 1490 133 467 1491 446 465 1492 447 468 1493 133 467 1494 447 468 1495 448 469 1496 133 467 1497 448 469 1498 135 470 1499 449 471 1500 135 470 1501 448 469 1502 449 471 1503 136 472 1504 135 470 1505 136 472 1506 449 471 1507 450 473 1508 136 472 1509 450 473 1510 138 474 1511 451 475 1512 138 474 1513 450 473 1514 451 475 1515 45 476 1516 138 474 1517 452 477 1518 45 476 1519 451 475 1520 452 477 1521 57 478 1522 45 476 1523 453 479 1524 454 480 1525 68 481 1526 453 479 1527 68 481 1528 455 482 1529 456 483 1530 453 479 1531 455 482 1532 456 483 1533 457 484 1534 453 479 1535 458 485 1536 457 484 1537 456 483 1538 458 485 1539 459 486 1540 457 484 1541 460 487 1542 459 486 1543 458 485 1544 460 487 1545 461 488 1546 459 486 1547 461 488 1548 460 487 1549 462 489 1550 461 488 1551 462 489 1552 463 490 1553 464 491 1554 463 490 1555 462 489 1556 464 491 1557 465 492 1558 463 490 1559 466 493 1560 465 492 1561 464 491 1562 466 493 1563 467 494 1564 465 492 1565 467 494 1566 466 493 1567 468 495 1568 467 494 1569 468 495 1570 469 496 1571 470 497 1572 469 496 1573 468 495 1574 470 497 1575 468 495 1576 471 498 1577 8 29 1578 48 45 1579 6 499 1580 56 52 1581 6 499 1582 48 45 1583 56 52 1584 10 500 1585 6 499 1586 56 52 1587 12 501 1588 10 500 1589 56 52 1590 472 502 1591 12 501 1592 472 502 1593 14 503 1594 12 501 1595 472 502 1596 473 504 1597 14 503 1598 473 504 1599 16 505 1600 14 503 1601 473 504 1602 474 506 1603 16 505 1604 474 506 1605 18 507 1606 16 505 1607 474 506 1608 475 29 1609 18 507 1610 475 29 1611 20 508 1612 18 507 1613 475 29 1614 476 509 1615 20 508 1616 476 509 1617 22 510 1618 20 508 1619 476 509 1620 477 511 1621 22 510 1622 477 511 1623 25 29 1624 22 510 1625 358 512 1626 175 513 1627 177 514 1628 358 512 1629 478 515 1630 175 513 1631 365 516 1632 478 515 1633 358 512 1634 365 516 1635 479 517 1636 478 515 1637 366 518 1638 479 517 1639 365 516 1640 366 518 1641 480 519 1642 479 517 1643 480 519 1644 366 518 1645 367 520 1646 480 519 1647 367 520 1648 481 521 1649 368 522 1650 481 521 1651 367 520 1652 368 522 1653 482 523 1654 481 521 1655 482 523 1656 368 522 1657 369 524 1658 482 523 1659 369 524 1660 483 524 1661 483 524 1662 369 524 1663 370 525 1664 483 524 1665 370 525 1666 484 526 1667 370 525 1668 191 527 1669 484 526 1670 370 525 1671 192 528 1672 191 527 1673 198 529 1674 196 29 1675 485 530 1676 198 529 1677 485 530 1678 486 531 1679 487 532 1680 198 529 1681 486 531 1682 487 532 1683 200 533 1684 198 529 1685 202 534 1686 200 533 1687 487 532 1688 202 534 1689 487 532 1690 488 535 1691 489 536 1692 202 534 1693 488 535 1694 489 536 1695 204 29 1696 202 534 1697 489 536 1698 206 29 1699 204 29 1700 489 536 1701 490 29 1702 206 29 1703 490 29 1704 491 29 1705 206 29 1706 206 29 1707 491 29 1708 492 29 1709 493 537 1710 206 29 1711 492 29 1712 493 537 1713 208 29 1714 206 29 1715 493 537 1716 210 538 1717 208 29 1718 493 537 1719 494 539 1720 210 538 1721 494 539 1722 212 540 1723 210 538 1724 494 539 1725 495 541 1726 212 540 1727 496 542 1728 212 540 1729 495 541 1730 496 542 1731 214 543 1732 212 540 1733 497 544 1734 214 543 1735 496 542 1736 497 544 1737 216 545 1738 214 543 1739 497 544 1740 193 546 1741 216 545 1742 497 544 1743 498 29 1744 193 546 1745 499 29 1746 193 546 1747 498 29 1748 500 547 1749 193 546 1750 499 29 1751 485 530 1752 193 546 1753 500 547 1754 485 530 1755 196 29 1756 193 546 1757 499 548 1758 46 549 1759 49 550 1760 499 548 1761 498 551 1762 46 549 1763 46 549 1764 498 551 1765 497 552 1766 46 549 1767 497 552 1768 47 553 1769 496 554 1770 47 553 1771 497 552 1772 496 554 1773 137 555 1774 47 553 1775 137 555 1776 496 554 1777 495 556 1778 137 555 1779 495 556 1780 134 557 1781 494 558 1782 134 557 1783 495 556 1784 494 558 1785 132 559 1786 134 557 1787 132 559 1788 494 558 1789 493 560 1790 132 559 1791 493 560 1792 130 561 1793 493 560 1794 128 562 1795 130 561 1796 493 560 1797 492 563 1798 128 562 1799 491 564 1800 128 562 1801 492 563 1802 491 564 1803 126 565 1804 128 562 1805 127 566 1806 501 567 1807 444 568 1808 127 566 1809 141 569 1810 501 567 1811 502 570 1812 501 567 1813 141 569 1814 502 570 1815 141 569 1816 143 571 1817 502 570 1818 143 571 1819 145 572 1820 502 570 1821 145 572 1822 503 573 1823 145 572 1824 504 574 1825 503 573 1826 145 572 1827 147 575 1828 504 574 1829 147 575 1830 505 576 1831 504 574 1832 147 575 1833 149 577 1834 505 576 1835 151 578 1836 505 576 1837 149 577 1838 151 578 1839 506 579 1840 505 576 1841 151 578 1842 507 580 1843 506 579 1844 151 578 1845 153 581 1846 507 580 1847 153 581 1848 508 582 1849 507 580 1850 153 581 1851 154 583 1852 508 582 1853 229 584 1854 509 585 1855 321 586 1856 509 585 1857 229 584 1858 510 587 1859 227 588 1860 510 587 1861 229 584 1862 227 588 1863 511 589 1864 510 587 1865 511 589 1866 227 588 1867 226 590 1868 511 589 1869 226 590 1870 512 591 1871 226 590 1872 513 592 1873 512 591 1874 226 590 1875 224 593 1876 513 592 1877 513 592 1878 224 593 1879 222 594 1880 513 592 1881 222 594 1882 514 595 1883 222 594 1884 515 596 1885 514 595 1886 222 594 1887 220 597 1888 515 596 1889 516 598 1890 515 596 1891 220 597 1892 516 598 1893 220 597 1894 217 599 1895 517 600 1896 516 598 1897 217 599 1898 217 599 1899 314 601 1900 517 600 1901 217 599 1902 315 29 1903 314 601 1904 315 29 1905 217 599 1906 518 602 1907 315 29 1908 518 602 1909 316 29 1910 317 603 1911 316 29 1912 518 602 1913 317 603 1914 518 602 1915 519 604 1916 318 605 1917 317 603 1918 519 604 1919 318 605 1920 519 604 1921 520 606 1922 318 605 1923 520 606 1924 521 607 1925 318 605 1926 521 607 1927 319 29 1928 320 29 1929 319 29 1930 521 607 1931 320 29 1932 521 607 1933 229 584 1934 229 584 1935 321 586 1936 320 29 1937 522 608 1938 523 609 1939 524 610 1940 522 608 1941 525 611 1942 523 609 1943 526 612 1944 525 611 1945 522 608 1946 526 612 1947 527 613 1948 525 611 1949 526 612 1950 528 614 1951 527 613 1952 526 612 1953 529 615 1954 528 614 1955 530 616 1956 528 614 1957 529 615 1958 530 616 1959 531 617 1960 528 614 1961 530 616 1962 532 618 1963 531 617 1964 530 616 1965 533 619 1966 532 618 1967 533 619 1968 534 620 1969 532 618 1970 533 619 1971 535 621 1972 534 620 1973 43 622 1974 44 623 1975 241 624 1976 43 622 1977 241 624 1978 536 625 1979 41 626 1980 43 622 1981 536 625 1982 41 626 1983 536 625 1984 537 627 1985 537 627 1986 39 628 1987 41 626 1988 537 627 1989 538 629 1990 39 628 1991 37 630 1992 39 628 1993 538 629 1994 37 630 1995 538 629 1996 539 631 1997 35 632 1998 37 630 1999 539 631 2000 35 632 2001 539 631 2002 540 633 2003 33 634 2004 35 632 2005 540 633 2006 33 634 2007 540 633 2008 541 635 2009 541 635 2010 29 636 2011 33 634 2012 541 635 2013 542 637 2014 29 636 2015 542 637 2016 27 638 2017 29 636 2018 542 637 2019 543 639 2020 27 638 2021 543 640 2022 28 641 2023 27 642 2024 543 640 2025 544 643 2026 28 641 2027 544 643 2028 121 644 2029 28 641 2030 544 643 2031 545 645 2032 121 644 2033 123 646 2034 121 644 2035 545 645 2036 123 646 2037 545 645 2038 546 647 2039 546 647 2040 103 648 2041 123 646 2042 546 647 2043 547 649 2044 103 648 2045 101 650 2046 103 648 2047 547 649 2048 101 650 2049 547 649 2050 548 651 2051 101 650 2052 548 651 2053 549 652 2054 101 650 2055 549 652 2056 105 653 2057 107 654 2058 105 653 2059 549 652 2060 107 654 2061 549 652 2062 550 655 2063 551 656 2064 107 654 2065 550 655 2066 551 656 2067 109 657 2068 107 654 2069 552 658 2070 534 659 2071 535 660 2072 552 658 2073 553 661 2074 534 659 2075 554 662 2076 553 661 2077 552 658 2078 554 662 2079 555 662 2080 553 661 2081 554 662 2082 556 663 2083 555 662 2084 554 662 2085 557 664 2086 556 663 2087 558 665 2088 556 663 2089 557 664 2090 558 665 2091 559 666 2092 556 663 2093 558 665 2094 560 667 2095 559 666 2096 558 665 2097 561 668 2098 560 667 2099 561 668 2100 523 669 2101 560 667 2102 561 668 2103 524 670 2104 523 669 2105 83 671 2106 562 672 2107 563 673 2108 83 671 2109 98 674 2110 562 672 2111 564 675 2112 562 672 2113 98 674 2114 564 675 2115 98 674 2116 96 676 2117 96 676 2118 565 677 2119 564 675 2120 96 676 2121 94 678 2122 565 677 2123 94 678 2124 566 679 2125 565 677 2126 94 678 2127 92 680 2128 566 679 2129 92 680 2130 567 681 2131 566 679 2132 92 680 2133 90 682 2134 567 681 2135 568 683 2136 567 681 2137 90 682 2138 568 683 2139 90 682 2140 88 684 2141 88 684 2142 569 685 2143 568 683 2144 88 684 2145 85 686 2146 569 685 2147 85 686 2148 231 687 2149 569 685 2150 85 686 2151 87 688 2152 231 687 2153 570 689 2154 108 690 2155 110 691 2156 570 689 2157 571 692 2158 108 690 2159 572 693 2160 108 690 2161 571 692 2162 572 693 2163 106 694 2164 108 690 2165 104 695 2166 106 694 2167 572 693 2168 104 695 2169 572 693 2170 573 696 2171 573 696 2172 102 697 2173 104 695 2174 573 696 2175 574 698 2176 102 697 2177 122 699 2178 102 697 2179 574 698 2180 122 699 2181 574 698 2182 575 700 2183 575 700 2184 120 701 2185 122 699 2186 575 700 2187 576 702 2188 120 701 2189 119 703 2190 120 701 2191 576 702 2192 119 703 2193 576 702 2194 577 704 2195 578 705 2196 119 703 2197 577 704 2198 578 705 2199 118 706 2200 119 703 2201 230 707 2202 229 708 2203 521 709 2204 230 707 2205 521 709 2206 579 710 2207 580 711 2208 579 710 2209 521 709 2210 580 711 2211 521 709 2212 520 712 2213 519 713 2214 580 711 2215 520 712 2216 519 713 2217 581 714 2218 580 711 2219 519 713 2220 582 715 2221 581 714 2222 519 713 2223 518 716 2224 582 715 2225 518 716 2226 219 717 2227 582 715 2228 518 716 2229 217 718 2230 219 717 2231 334 719 2232 279 720 2233 278 721 2234 334 719 2235 278 721 2236 583 722 2237 335 723 2238 334 719 2239 583 722 2240 335 723 2241 583 722 2242 584 724 2243 584 724 2244 336 725 2245 335 723 2246 584 724 2247 585 726 2248 336 725 2249 337 727 2250 336 725 2251 585 726 2252 337 727 2253 585 726 2254 586 728 2255 338 729 2256 337 727 2257 586 728 2258 338 729 2259 586 728 2260 587 730 2261 339 731 2262 338 729 2263 587 730 2264 339 731 2265 587 730 2266 588 732 2267 588 732 2268 322 733 2269 339 731 2270 588 732 2271 589 734 2272 322 733 2273 589 734 2274 323 735 2275 322 733 2276 589 734 2277 590 736 2278 323 735 2279 590 737 2280 325 738 2281 323 739 2282 590 737 2283 591 740 2284 325 738 2285 591 740 2286 330 741 2287 325 738 2288 591 740 2289 592 742 2290 330 741 2291 327 743 2292 330 741 2293 592 742 2294 327 743 2295 592 742 2296 593 744 2297 593 744 2298 328 745 2299 327 743 2300 593 744 2301 594 746 2302 328 745 2303 406 747 2304 328 745 2305 594 746 2306 406 747 2307 594 746 2308 595 748 2309 406 747 2310 595 748 2311 596 749 2312 406 747 2313 596 749 2314 404 750 2315 402 751 2316 404 750 2317 596 749 2318 402 751 2319 596 749 2320 597 752 2321 598 753 2322 402 751 2323 597 752 2324 598 753 2325 400 754 2326 402 751 2327 599 755 2328 600 756 2329 601 757 2330 599 755 2331 602 758 2332 600 756 2333 599 755 2334 603 759 2335 602 758 2336 599 755 2337 604 760 2338 603 759 2339 604 760 2340 605 761 2341 603 759 2342 604 760 2343 606 762 2344 605 761 2345 606 762 2346 607 763 2347 605 761 2348 606 762 2349 608 764 2350 607 763 2351 608 764 2352 609 765 2353 607 763 2354 608 764 2355 610 766 2356 609 765 2357 610 766 2358 611 767 2359 609 765 2360 610 766 2361 612 768 2362 611 767 2363 612 768 2364 613 769 2365 611 767 2366 612 768 2367 614 770 2368 613 769 2369 614 770 2370 615 771 2371 613 769 2372 614 770 2373 616 772 2374 615 771 2375 616 772 2376 617 773 2377 615 771 2378 616 772 2379 618 774 2380 617 773 2381 618 774 2382 619 775 2383 617 773 2384 618 774 2385 620 776 2386 619 775 2387 621 348 2388 622 777 2389 623 348 2390 622 777 2391 621 348 2392 624 778 2393 622 777 2394 624 778 2395 625 779 2396 626 780 2397 625 779 2398 624 778 2399 626 780 2400 627 781 2401 625 779 2402 627 781 2403 626 780 2404 628 782 2405 627 781 2406 628 782 2407 629 783 2408 629 783 2409 628 782 2410 630 784 2411 629 783 2412 630 784 2413 631 785 2414 631 785 2415 630 784 2416 632 786 2417 631 785 2418 632 786 2419 633 348 2420 634 348 2421 633 348 2422 632 786 2423 634 348 2424 635 348 2425 633 348 2426 386 405 2427 635 348 2428 634 348 2429 386 405 2430 636 787 2431 635 348 2432 384 403 2433 636 787 2434 386 405 2435 386 788 2436 637 789 2437 638 790 2438 386 788 2439 634 791 2440 637 789 2441 639 792 2442 637 789 2443 634 791 2444 639 792 2445 634 791 2446 632 793 2447 632 793 2448 640 794 2449 639 792 2450 632 793 2451 630 795 2452 640 794 2453 630 795 2454 641 796 2455 640 794 2456 630 795 2457 628 797 2458 641 796 2459 628 797 2460 642 798 2461 641 796 2462 628 797 2463 626 799 2464 642 798 2465 643 800 2466 642 798 2467 626 799 2468 643 800 2469 626 799 2470 624 801 2471 624 801 2472 644 802 2473 643 800 2474 624 801 2475 621 803 2476 644 802 2477 621 803 2478 645 804 2479 644 802 2480 621 803 2481 623 805 2482 645 804 2483 646 806 2484 401 807 2485 399 808 2486 646 806 2487 647 809 2488 401 807 2489 648 810 2490 401 807 2491 647 809 2492 648 810 2493 403 811 2494 401 807 2495 405 812 2496 403 811 2497 648 810 2498 405 812 2499 648 810 2500 649 813 2501 649 813 2502 326 814 2503 405 812 2504 649 813 2505 650 815 2506 326 814 2507 329 816 2508 326 814 2509 650 815 2510 329 816 2511 650 815 2512 651 817 2513 651 817 2514 331 818 2515 329 816 2516 651 817 2517 652 819 2518 331 818 2519 332 820 2520 331 818 2521 652 819 2522 332 820 2523 652 819 2524 653 821 2525 654 822 2526 332 820 2527 653 821 2528 654 822 2529 333 823 2530 332 820 2531 72 824 2532 655 825 2533 70 826 2534 72 824 2535 656 827 2536 655 825 2537 74 828 2538 656 827 2539 72 824 2540 74 828 2541 657 829 2542 656 827 2543 76 830 2544 657 829 2545 74 828 2546 76 830 2547 658 831 2548 657 829 2549 659 832 2550 658 831 2551 76 830 2552 659 832 2553 76 830 2554 77 833 2555 77 833 2556 660 834 2557 659 832 2558 77 833 2559 79 835 2560 660 834 2561 79 835 2562 661 836 2563 660 834 2564 79 835 2565 81 837 2566 661 836 2567 81 837 2568 563 838 2569 661 836 2570 81 837 2571 83 839 2572 563 838 2573 662 840 2574 371 388 2575 157 387 2576 371 388 2577 662 840 2578 663 841 2579 371 388 2580 663 841 2581 664 842 2582 664 842 2583 663 841 2584 665 843 2585 664 842 2586 665 843 2587 666 844 2588 667 845 2589 666 844 2590 665 843 2591 667 845 2592 668 846 2593 666 844 2594 669 847 2595 668 846 2596 667 845 2597 669 847 2598 670 848 2599 668 846 2600 671 849 2601 670 848 2602 669 847 2603 671 849 2604 672 850 2605 670 848 2606 672 850 2607 671 849 2608 673 851 2609 672 850 2610 673 851 2611 674 852 2612 675 853 2613 674 852 2614 673 851 2615 675 853 2616 676 348 2617 674 852 2618 676 348 2619 675 853 2620 677 348 2621 678 854 2622 174 348 2623 171 855 2624 679 856 2625 678 854 2626 171 855 2627 679 856 2628 171 855 2629 169 857 2630 680 858 2631 679 856 2632 169 857 2633 680 858 2634 169 857 2635 167 348 2636 681 859 2637 680 858 2638 167 348 2639 681 859 2640 167 348 2641 165 860 2642 682 861 2643 681 859 2644 165 860 2645 682 861 2646 165 860 2647 163 862 2648 683 863 2649 682 861 2650 163 862 2651 683 863 2652 163 862 2653 161 348 2654 684 348 2655 683 863 2656 161 348 2657 684 348 2658 161 348 2659 159 348 2660 685 864 2661 684 348 2662 159 348 2663 685 864 2664 159 348 2665 158 865 2666 157 387 2667 685 864 2668 158 865 2669 425 866 2670 685 864 2671 157 387 2672 157 387 2673 375 395 2674 425 866 2675 686 348 2676 391 410 2677 392 348 2678 686 348 2679 430 867 2680 391 410 2681 687 868 2682 430 867 2683 686 348 2684 687 868 2685 428 869 2686 430 867 2687 688 870 2688 428 869 2689 687 868 2690 688 870 2691 424 871 2692 428 869 2693 685 864 2694 424 871 2695 688 870 2696 685 864 2697 425 866 2698 424 871 2699 689 872 2700 58 54 2701 109 97 2702 109 97 2703 690 873 2704 689 872 2705 109 97 2706 691 874 2707 690 873 2708 691 874 2709 692 875 2710 690 873 2711 691 874 2712 693 876 2713 692 875 2714 693 876 2715 694 877 2716 692 875 2717 693 876 2718 695 878 2719 694 877 2720 695 878 2721 696 29 2722 694 877 2723 695 878 2724 697 879 2725 696 29 2726 697 879 2727 698 880 2728 696 29 2729 697 879 2730 699 881 2731 698 880 2732 699 881 2733 700 882 2734 698 880 2735 699 881 2736 701 883 2737 700 882 2738 701 883 2739 702 884 2740 700 882 2741 701 883 2742 703 885 2743 702 884 2744 703 885 2745 704 29 2746 702 884 2747 688 886 2748 705 887 2749 685 888 2750 688 886 2751 706 889 2752 705 887 2753 687 890 2754 706 889 2755 688 886 2756 687 890 2757 707 891 2758 706 889 2759 686 833 2760 707 891 2761 687 890 2762 686 833 2763 708 832 2764 707 891 2765 708 832 2766 686 833 2767 392 830 2768 708 832 2769 392 830 2770 709 831 2771 392 830 2772 710 892 2773 709 831 2774 392 830 2775 390 893 2776 710 892 2777 390 893 2778 711 894 2779 710 892 2780 390 893 2781 388 895 2782 711 894 2783 388 895 2784 638 896 2785 711 894 2786 388 895 2787 386 897 2788 638 896 2789 676 898 2790 677 899 2791 712 900 2792 676 898 2793 712 900 2794 713 901 2795 674 902 2796 676 898 2797 713 901 2798 674 902 2799 713 901 2800 714 903 2801 674 902 2802 714 903 2803 715 904 2804 674 902 2805 715 904 2806 672 905 2807 670 906 2808 672 905 2809 715 904 2810 670 906 2811 715 904 2812 716 907 2813 668 908 2814 670 906 2815 716 907 2816 668 908 2817 716 907 2818 717 909 2819 718 910 2820 668 908 2821 717 909 2822 718 910 2823 666 911 2824 668 908 2825 718 910 2826 664 912 2827 666 911 2828 718 910 2829 719 913 2830 664 912 2831 371 914 2832 664 912 2833 719 913 2834 371 914 2835 719 913 2836 720 915 2837 230 916 2838 423 917 2839 721 918 2840 230 916 2841 426 348 2842 423 917 2843 426 348 2844 230 916 2845 579 919 2846 426 348 2847 579 919 2848 427 348 2849 429 920 2850 427 348 2851 579 919 2852 429 920 2853 579 919 2854 580 921 2855 429 920 2856 580 921 2857 581 922 2858 429 920 2859 581 922 2860 431 923 2861 431 923 2862 581 922 2863 582 924 2864 431 923 2865 582 924 2866 432 348 2867 433 348 2868 432 348 2869 582 924 2870 433 348 2871 582 924 2872 219 925 2873 219 925 2874 434 926 2875 433 348 2876 219 925 2877 722 927 2878 434 926 2879 722 927 2880 219 925 2881 723 928 2882 218 929 2883 723 928 2884 219 925 2885 218 929 2886 724 930 2887 723 928 2888 724 930 2889 218 929 2890 221 931 2891 724 930 2892 221 931 2893 725 932 2894 221 931 2895 726 933 2896 725 932 2897 221 931 2898 223 934 2899 726 933 2900 726 933 2901 223 934 2902 225 935 2903 726 933 2904 225 935 2905 727 936 2906 225 935 2907 728 937 2908 727 936 2909 225 935 2910 228 938 2911 728 937 2912 729 939 2913 728 937 2914 228 938 2915 729 939 2916 228 938 2917 230 916 2918 721 918 2919 729 939 2920 230 916 2921 730 940 2922 731 941 2923 732 942 2924 730 940 2925 733 943 2926 731 941 2927 734 944 2928 733 943 2929 730 940 2930 734 944 2931 735 945 2932 733 943 2933 736 946 2934 735 945 2935 734 944 2936 736 946 2937 737 947 2938 735 945 2939 736 946 2940 738 948 2941 737 947 2942 736 946 2943 739 949 2944 738 948 2945 739 949 2946 740 950 2947 738 948 2948 739 949 2949 741 951 2950 740 950 2951 742 952 2952 740 950 2953 741 951 2954 742 952 2955 743 953 2956 740 950 2957 744 954 2958 743 953 2959 742 952 2960 744 954 2961 745 955 2962 743 953 2963 744 954 2964 2 2 2965 745 955 2966 744 954 2967 0 0 2968 2 2 2969 720 956 2970 372 957 2971 371 958 2972 720 956 2973 746 959 2974 372 957 2975 372 957 2976 746 959 2977 747 960 2978 372 957 2979 747 960 2980 373 961 2981 374 962 2982 373 961 2983 747 960 2984 374 962 2985 747 960 2986 748 963 2987 374 962 2988 748 963 2989 749 964 2990 374 962 2991 749 964 2992 362 965 2993 750 966 2994 362 965 2995 749 964 2996 750 966 2997 361 967 2998 362 965 2999 361 967 3000 750 966 3001 751 968 3002 361 967 3003 751 968 3004 363 969 3005 752 970 3006 363 969 3007 751 968 3008 752 970 3009 360 971 3010 363 969 3011 753 972 3012 360 971 3013 752 970 3014 753 972 3015 359 973 3016 360 971 3017 754 974 3018 755 975 3019 756 976 3020 754 974 3021 757 977 3022 755 975 3023 757 977 3024 758 978 3025 755 975 3026 757 977 3027 759 979 3028 758 978 3029 759 979 3030 760 980 3031 758 978 3032 759 979 3033 761 981 3034 760 980 3035 761 981 3036 762 982 3037 760 980 3038 761 981 3039 763 983 3040 762 982 3041 763 983 3042 764 984 3043 762 982 3044 763 983 3045 765 985 3046 764 984 3047 765 985 3048 766 986 3049 764 984 3050 765 985 3051 767 987 3052 766 986 3053 767 987 3054 768 988 3055 766 986 3056 767 987 3057 769 989 3058 768 988 3059 769 989 3060 770 990 3061 768 988 3062 769 989 3063 771 991 3064 770 990 3065 771 991 3066 313 992 3067 770 990 3068 771 991 3069 312 993 3070 313 992 3071 772 994 3072 773 995 3073 774 996 3074 772 994 3075 775 997 3076 773 995 3077 775 997 3078 776 998 3079 773 995 3080 775 997 3081 777 999 3082 776 998 3083 777 999 3084 778 1000 3085 776 998 3086 777 999 3087 779 1001 3088 778 1000 3089 779 1001 3090 780 1002 3091 778 1000 3092 779 1001 3093 781 1003 3094 780 1002 3095 781 1003 3096 782 1004 3097 780 1002 3098 781 1003 3099 783 1005 3100 782 1004 3101 783 1005 3102 784 1006 3103 782 1004 3104 783 1005 3105 785 1007 3106 784 1006 3107 785 1007 3108 786 1008 3109 784 1006 3110 785 1007 3111 787 1009 3112 786 1008 3113 787 1009 3114 788 1010 3115 786 1008 3116 787 1009 3117 789 1011 3118 788 1010 3119 789 1011 3120 790 1012 3121 788 1010 3122 789 1011 3123 791 1013 3124 790 1012 3125 791 1013 3126 792 1014 3127 790 1012 3128 791 1013 3129 793 1015 3130 792 1014 3131 263 1016 3132 794 1017 3133 262 1018 3134 263 1016 3135 795 1019 3136 794 1017 3137 795 1019 3138 796 1020 3139 794 1017 3140 795 1019 3141 797 1021 3142 796 1020 3143 797 1021 3144 798 1022 3145 796 1020 3146 797 1021 3147 799 1023 3148 798 1022 3149 799 1023 3150 800 1024 3151 798 1022 3152 799 1023 3153 801 1025 3154 800 1024 3155 801 1025 3156 802 1026 3157 800 1024 3158 801 1025 3159 803 1027 3160 802 1026 3161 803 1027 3162 804 1028 3163 802 1026 3164 803 1027 3165 805 1029 3166 804 1028 3167 805 1029 3168 806 1030 3169 804 1028 3170 805 1029 3171 807 1031 3172 806 1030 3173 807 1031 3174 808 1032 3175 806 1030 3176 807 1031 3177 809 1033 3178 808 1032 3179 809 1033 3180 774 1034 3181 808 1032 3182 809 1033 3183 772 1035 3184 774 1034 3185 793 1036 3186 810 1037 3187 792 1038 3188 793 1036 3189 811 1039 3190 810 1037 3191 811 1039 3192 812 1040 3193 810 1037 3194 811 1039 3195 813 1041 3196 812 1040 3197 813 1041 3198 814 1042 3199 812 1040 3200 813 1041 3201 815 1043 3202 814 1042 3203 815 1043 3204 816 1044 3205 814 1042 3206 815 1043 3207 817 1045 3208 816 1044 3209 817 1045 3210 818 1046 3211 816 1044 3212 817 1045 3213 819 1047 3214 818 1046 3215 819 1047 3216 820 1048 3217 818 1046 3218 819 1047 3219 821 1049 3220 820 1048 3221 821 1049 3222 822 1050 3223 820 1048 3224 821 1049 3225 823 1051 3226 822 1050 3227 823 1051 3228 824 1052 3229 822 1050 3230 823 1051 3231 825 1053 3232 824 1052 3233 825 1053 3234 826 1054 3235 824 1052 3236 825 1053 3237 827 1055 3238 826 1054 3239 827 1055 3240 756 1056 3241 826 1054 3242 827 1055 3243 754 1057 3244 756 1056 3245 620 1058 3246 828 1059 3247 619 1060 3248 620 1058 3249 829 1061 3250 828 1059 3251 829 1061 3252 830 1062 3253 828 1059 3254 829 1061 3255 831 1063 3256 830 1062 3257 831 1063 3258 832 1064 3259 830 1062 3260 831 1063 3261 833 1065 3262 832 1064 3263 833 1065 3264 834 1066 3265 832 1064 3266 833 1065 3267 835 1067 3268 834 1066 3269 835 1067 3270 836 1068 3271 834 1066 3272 835 1067 3273 837 1069 3274 836 1068 3275 837 1069 3276 838 1070 3277 836 1068 3278 837 1069 3279 839 1071 3280 838 1070 3281 839 1071 3282 840 1072 3283 838 1070 3284 839 1071 3285 841 1073 3286 840 1072 3287 841 1073 3288 842 1074 3289 840 1072 3290 841 1073 3291 843 1075 3292 842 1074 3293 843 1075 3294 252 1076 3295 842 1074 3296 843 1075 3297 250 1076 3298 252 1076 3299 526 1077 3300 522 348 3301 479 1078 3302 526 1077 3303 479 1078 3304 480 1079 3305 481 1080 3306 526 1077 3307 480 1079 3308 481 1080 3309 529 1081 3310 526 1077 3311 530 1082 3312 529 1081 3313 481 1080 3314 530 1082 3315 481 1080 3316 482 1083 3317 483 1084 3318 530 1082 3319 482 1083 3320 483 1084 3321 533 348 3322 530 1082 3323 483 1084 3324 535 348 3325 533 348 3326 483 1084 3327 484 348 3328 535 348 3329 484 348 3330 191 348 3331 535 348 3332 535 348 3333 191 348 3334 190 348 3335 187 1085 3336 535 348 3337 190 348 3338 187 1085 3339 552 348 3340 535 348 3341 187 1085 3342 554 1086 3343 552 348 3344 187 1085 3345 185 1087 3346 554 1086 3347 185 1087 3348 557 1088 3349 554 1086 3350 185 1087 3351 183 1089 3352 557 1088 3353 181 1090 3354 557 1088 3355 183 1089 3356 181 1090 3357 558 1091 3358 557 1088 3359 179 1092 3360 558 1091 3361 181 1090 3362 179 1092 3363 561 1093 3364 558 1091 3365 179 1092 3366 524 1094 3367 561 1093 3368 179 1092 3369 178 348 3370 524 1094 3371 175 348 3372 524 1094 3373 178 348 3374 478 1095 3375 524 1094 3376 175 348 3377 479 1078 3378 524 1094 3379 478 1095 3380 479 1078 3381 522 348 3382 524 1094 3383 299 1096 3384 303 1097 3385 660 1098 3386 299 1096 3387 660 1098 3388 661 1099 3389 300 1100 3390 299 1096 3391 661 1099 3392 300 1100 3393 661 1099 3394 563 1101 3395 563 1101 3396 562 1102 3397 300 1100 3398 562 1102 3399 844 1103 3400 300 1100 3401 562 1102 3402 564 1104 3403 844 1103 3404 564 1104 3405 845 1105 3406 844 1103 3407 564 1104 3408 565 1106 3409 845 1105 3410 565 1106 3411 846 1107 3412 845 1105 3413 565 1106 3414 566 1108 3415 846 1107 3416 567 1109 3417 846 1107 3418 566 1108 3419 567 1109 3420 847 1110 3421 846 1107 3422 568 1111 3423 847 1110 3424 567 1109 3425 568 1111 3426 848 1112 3427 847 1110 3428 569 1113 3429 848 1112 3430 568 1111 3431 569 1113 3432 849 1114 3433 848 1112 3434 569 1113 3435 850 29 3436 849 1114 3437 569 1113 3438 231 1115 3439 850 29 3440 851 29 3441 850 29 3442 231 1115 3443 231 1115 3444 852 1116 3445 851 29 3446 231 1115 3447 853 1117 3448 852 1116 3449 231 1115 3450 854 1118 3451 853 1117 3452 232 1119 3453 854 1118 3454 231 1115 3455 232 1119 3456 855 1120 3457 854 1118 3458 855 1120 3459 232 1119 3460 233 29 3461 855 1120 3462 233 29 3463 856 29 3464 233 29 3465 857 29 3466 856 29 3467 233 29 3468 234 1121 3469 857 29 3470 234 1121 3471 858 1122 3472 857 29 3473 234 1121 3474 235 1123 3475 858 1122 3476 858 1122 3477 235 1123 3478 236 1124 3479 858 1122 3480 236 1124 3481 859 1125 3482 236 1124 3483 860 1126 3484 859 1125 3485 236 1124 3486 237 1127 3487 860 1126 3488 861 1128 3489 860 1126 3490 237 1127 3491 861 1128 3492 237 1127 3493 238 1129 3494 238 1129 3495 4 1130 3496 861 1128 3497 238 1129 3498 239 1131 3499 4 1130 3500 240 1132 3501 4 1130 3502 239 1131 3503 240 1132 3504 862 1133 3505 4 1130 3506 863 1134 3507 4 1130 3508 862 1133 3509 863 1134 3510 1 1135 3511 4 1130 3512 1 1135 3513 863 1134 3514 864 1136 3515 1 1135 3516 864 1136 3517 2 1137 3518 2 1137 3519 864 1136 3520 865 29 3521 2 1137 3522 865 29 3523 745 29 3524 743 1138 3525 745 29 3526 865 29 3527 743 1138 3528 865 29 3529 866 29 3530 743 1138 3531 866 29 3532 867 1139 3533 743 1138 3534 867 1139 3535 740 1140 3536 740 1140 3537 867 1139 3538 868 1141 3539 740 1140 3540 868 1141 3541 738 1142 3542 737 1143 3543 738 1142 3544 868 1141 3545 737 1143 3546 868 1141 3547 869 29 3548 869 29 3549 735 1144 3550 737 1143 3551 869 29 3552 870 1145 3553 735 1144 3554 870 1145 3555 733 1146 3556 735 1144 3557 870 1145 3558 731 1147 3559 733 1146 3560 870 1145 3561 871 1148 3562 731 1147 3563 871 1148 3564 870 1145 3565 872 1149 3566 873 1150 3567 872 1149 3568 870 1145 3569 873 1150 3570 874 29 3571 872 1149 3572 873 1150 3573 875 1151 3574 874 29 3575 873 1150 3576 876 1152 3577 875 1151 3578 876 1152 3579 877 1153 3580 875 1151 3581 876 1152 3582 878 1154 3583 877 1153 3584 878 1154 3585 879 1155 3586 877 1153 3587 878 1154 3588 880 1156 3589 879 1155 3590 881 1157 3591 879 1155 3592 880 1156 3593 881 1157 3594 882 29 3595 879 1155 3596 883 29 3597 882 29 3598 881 1157 3599 883 29 3600 884 1158 3601 882 29 3602 885 1159 3603 884 1158 3604 883 29 3605 885 1159 3606 277 1160 3607 884 1158 3608 551 1161 3609 277 1160 3610 885 1159 3611 551 1161 3612 550 1162 3613 277 1160 3614 274 1163 3615 277 1160 3616 550 1162 3617 274 1163 3618 550 1162 3619 549 29 3620 274 1163 3621 549 29 3622 548 1164 3623 274 1163 3624 548 1164 3625 273 1165 3626 273 1165 3627 548 1164 3628 547 1166 3629 273 1165 3630 547 1166 3631 270 1167 3632 269 29 3633 270 1167 3634 547 1166 3635 269 29 3636 547 1166 3637 546 1168 3638 265 1169 3639 269 29 3640 546 1168 3641 265 1169 3642 546 1168 3643 545 1170 3644 265 1169 3645 545 1170 3646 544 1171 3647 265 1169 3648 544 1171 3649 266 1172 3650 543 1173 3651 266 1172 3652 544 1171 3653 543 1173 3654 542 1174 3655 266 1172 3656 542 1174 3657 886 1175 3658 266 1172 3659 542 1174 3660 541 1176 3661 886 1175 3662 541 1176 3663 887 1177 3664 886 1175 3665 541 1176 3666 540 29 3667 887 1177 3668 540 29 3669 888 1178 3670 887 1177 3671 540 29 3672 539 29 3673 888 1178 3674 538 1179 3675 888 1178 3676 539 29 3677 538 1179 3678 889 1180 3679 888 1178 3680 537 1181 3681 889 1180 3682 538 1179 3683 537 1181 3684 890 1182 3685 889 1180 3686 536 1183 3687 890 1182 3688 537 1181 3689 536 1183 3690 891 1184 3691 890 1182 3692 536 1183 3693 892 1185 3694 891 1184 3695 536 1183 3696 241 1186 3697 892 1185 3698 893 29 3699 892 1185 3700 241 1186 3701 241 1186 3702 894 1187 3703 893 29 3704 241 1186 3705 895 1188 3706 894 1187 3707 241 1186 3708 896 1189 3709 895 1188 3710 242 1190 3711 896 1189 3712 241 1186 3713 242 1190 3714 897 1191 3715 896 1189 3716 897 1191 3717 242 1190 3718 243 1192 3719 897 1191 3720 243 1192 3721 898 1193 3722 899 1194 3723 898 1193 3724 243 1192 3725 899 1194 3726 243 1192 3727 244 1195 3728 900 1196 3729 899 1194 3730 244 1195 3731 900 1196 3732 244 1195 3733 245 1197 3734 900 1196 3735 245 1197 3736 246 1198 3737 900 1196 3738 246 1198 3739 901 1199 3740 246 1198 3741 902 1200 3742 901 1199 3743 246 1198 3744 247 1201 3745 902 1200 3746 247 1201 3747 903 1202 3748 902 1200 3749 247 1201 3750 248 1203 3751 903 1202 3752 248 1203 3753 601 29 3754 903 1202 3755 248 1203 3756 249 1204 3757 601 29 3758 7 29 3759 601 29 3760 249 1204 3761 7 29 3762 9 1205 3763 601 29 3764 11 29 3765 601 29 3766 9 1205 3767 11 29 3768 599 1206 3769 601 29 3770 599 1206 3771 11 29 3772 13 1207 3773 599 1206 3774 13 1207 3775 604 1208 3776 604 1208 3777 13 1207 3778 15 1209 3779 604 1208 3780 15 1209 3781 606 1210 3782 608 1211 3783 606 1210 3784 15 1209 3785 608 1211 3786 15 1209 3787 17 1212 3788 608 1211 3789 17 1212 3790 19 1213 3791 608 1211 3792 19 1213 3793 610 1214 3794 610 1214 3795 19 1213 3796 21 1215 3797 610 1214 3798 21 1215 3799 612 1216 3800 614 1217 3801 612 1216 3802 21 1215 3803 614 1217 3804 21 1215 3805 23 1218 3806 23 1218 3807 616 1219 3808 614 1217 3809 23 1218 3810 24 1220 3811 616 1219 3812 24 1220 3813 618 1221 3814 616 1219 3815 24 1220 3816 620 1222 3817 618 1221 3818 24 1220 3819 829 29 3820 620 1222 3821 829 29 3822 24 1220 3823 831 1223 3824 904 1224 3825 831 1223 3826 24 1220 3827 904 1224 3828 833 1225 3829 831 1223 3830 904 1224 3831 835 1226 3832 833 1225 3833 904 1224 3834 905 1227 3835 835 1226 3836 905 1227 3837 837 1228 3838 835 1226 3839 905 1227 3840 906 1229 3841 837 1228 3842 906 1229 3843 839 1230 3844 837 1228 3845 906 1229 3846 907 29 3847 839 1230 3848 908 29 3849 839 1230 3850 907 29 3851 908 29 3852 841 1231 3853 839 1230 3854 909 1232 3855 841 1231 3856 908 29 3857 909 1232 3858 843 1233 3859 841 1231 3860 910 1234 3861 843 1233 3862 909 1232 3863 910 1234 3864 250 1235 3865 843 1233 3866 452 1236 3867 250 1235 3868 910 1234 3869 452 1236 3870 451 1237 3871 250 1235 3872 253 1238 3873 250 1235 3874 451 1237 3875 253 1238 3876 451 1237 3877 450 1239 3878 253 1238 3879 450 1239 3880 449 1240 3881 253 1238 3882 449 1240 3883 255 29 3884 255 29 3885 449 1240 3886 448 1241 3887 255 29 3888 448 1241 3889 257 1242 3890 259 1243 3891 257 1242 3892 448 1241 3893 259 1243 3894 448 1241 3895 447 1244 3896 261 1245 3897 259 1243 3898 447 1244 3899 261 1245 3900 447 1244 3901 446 29 3902 261 1245 3903 446 29 3904 445 1246 3905 261 1245 3906 445 1246 3907 263 1247 3908 444 1248 3909 263 1247 3910 445 1246 3911 444 1248 3912 501 1249 3913 263 1247 3914 501 1249 3915 795 1250 3916 263 1247 3917 501 1249 3918 502 29 3919 795 1250 3920 502 29 3921 797 29 3922 795 1250 3923 502 29 3924 503 1251 3925 797 29 3926 503 1251 3927 799 1252 3928 797 29 3929 503 1251 3930 504 1253 3931 799 1252 3932 505 1254 3933 799 1252 3934 504 1253 3935 505 1254 3936 801 1255 3937 799 1252 3938 506 1256 3939 801 1255 3940 505 1254 3941 506 1256 3942 803 1257 3943 801 1255 3944 507 1258 3945 803 1257 3946 506 1256 3947 507 1258 3948 805 29 3949 803 1257 3950 507 1258 3951 807 1259 3952 805 29 3953 507 1258 3954 508 1260 3955 807 1259 3956 809 1261 3957 807 1259 3958 508 1260 3959 508 1260 3960 772 1262 3961 809 1261 3962 508 1260 3963 775 1263 3964 772 1262 3965 508 1260 3966 777 1264 3967 775 1263 3968 911 29 3969 777 1264 3970 508 1260 3971 911 29 3972 779 1265 3973 777 1264 3974 779 1265 3975 911 29 3976 912 1266 3977 779 1265 3978 912 1266 3979 781 1267 3980 783 1268 3981 781 1267 3982 912 1266 3983 783 1268 3984 912 1266 3985 913 1269 3986 785 1270 3987 783 1268 3988 913 1269 3989 785 1270 3990 913 1269 3991 914 29 3992 785 1270 3993 914 29 3994 915 1271 3995 785 1270 3996 915 1271 3997 787 29 3998 915 1271 3999 789 1272 4000 787 29 4001 915 1271 4002 916 1273 4003 789 1272 4004 916 1273 4005 791 1274 4006 789 1272 4007 916 1273 4008 917 1275 4009 791 1274 4010 917 1275 4011 793 1276 4012 791 1274 4013 917 1275 4014 918 1277 4015 793 1276 4016 454 1278 4017 793 1276 4018 918 1277 4019 454 1278 4020 453 1279 4021 793 1276 4022 457 1280 4023 793 1276 4024 453 1279 4025 457 1280 4026 811 1281 4027 793 1276 4028 811 1281 4029 457 1280 4030 459 1282 4031 811 1281 4032 459 1282 4033 813 1283 4034 813 1283 4035 459 1282 4036 461 1284 4037 813 1283 4038 461 1284 4039 815 1285 4040 817 1286 4041 815 1285 4042 461 1284 4043 817 1286 4044 461 1284 4045 463 1287 4046 817 1286 4047 463 1287 4048 465 1288 4049 817 1286 4050 465 1288 4051 819 29 4052 819 29 4053 465 1288 4054 467 29 4055 819 29 4056 467 29 4057 821 29 4058 467 29 4059 823 1289 4060 821 29 4061 467 29 4062 469 1290 4063 823 1289 4064 469 1290 4065 825 1291 4066 823 1289 4067 469 1290 4068 470 1292 4069 825 1291 4070 470 1292 4071 827 1293 4072 825 1291 4073 470 1292 4074 754 1294 4075 827 1293 4076 470 1292 4077 757 29 4078 754 1294 4079 757 29 4080 470 1292 4081 759 29 4082 919 1295 4083 759 29 4084 470 1292 4085 919 1295 4086 761 1296 4087 759 29 4088 919 1295 4089 763 1297 4090 761 1296 4091 919 1295 4092 920 1298 4093 763 1297 4094 920 1298 4095 765 1299 4096 763 1297 4097 920 1298 4098 921 1300 4099 765 1299 4100 767 1301 4101 765 1299 4102 921 1300 4103 767 1301 4104 921 1300 4105 922 1302 4106 923 1303 4107 767 1301 4108 922 1302 4109 923 1303 4110 769 1304 4111 767 1301 4112 924 1305 4113 769 1304 4114 923 1303 4115 924 1305 4116 771 1306 4117 769 1304 4118 925 1307 4119 771 1306 4120 924 1305 4121 925 1307 4122 312 1308 4123 771 1306 4124 655 1309 4125 312 1308 4126 925 1307 4127 656 1310 4128 312 1308 4129 655 1309 4130 656 1310 4131 310 1311 4132 312 1308 4133 310 1311 4134 656 1310 4135 657 1312 4136 310 1311 4137 657 1312 4138 308 1313 4139 306 1314 4140 308 1313 4141 657 1312 4142 306 1314 4143 657 1312 4144 658 1315 4145 305 1316 4146 306 1314 4147 658 1315 4148 305 1316 4149 658 1315 4150 659 1317 4151 305 1316 4152 659 1317 4153 660 1098 4154 305 1316 4155 660 1098 4156 303 1097 4157 910 1318 4158 57 1319 4159 452 1320 4160 910 1318 4161 56 1321 4162 57 1319 4163 909 1322 4164 56 1321 4165 910 1318 4166 909 1322 4167 472 1323 4168 56 1321 4169 472 1323 4170 909 1322 4171 908 1324 4172 472 1323 4173 908 1324 4174 473 1325 4175 473 1325 4176 908 1324 4177 907 1326 4178 473 1325 4179 907 1326 4180 474 1327 4181 474 1327 4182 907 1326 4183 906 1328 4184 474 1327 4185 906 1328 4186 475 1329 4187 905 1330 4188 475 1329 4189 906 1328 4190 905 1330 4191 476 1331 4192 475 1329 4193 476 1331 4194 905 1330 4195 904 1332 4196 476 1331 4197 904 1332 4198 477 1333 4199 477 1333 4200 904 1332 4201 24 1334 4202 477 1333 4203 24 1334 4204 25 1335 4205 926 1336 4206 470 1337 4207 471 1338 4208 926 1336 4209 919 1339 4210 470 1337 4211 927 1340 4212 919 1339 4213 926 1336 4214 927 1340 4215 920 1341 4216 919 1339 4217 920 1341 4218 927 1340 4219 928 1342 4220 920 1341 4221 928 1342 4222 921 1343 4223 929 1344 4224 921 1343 4225 928 1342 4226 929 1344 4227 922 1345 4228 921 1343 4229 930 1346 4230 922 1345 4231 929 1344 4232 930 1346 4233 923 1347 4234 922 1345 4235 931 1348 4236 923 1347 4237 930 1346 4238 931 1348 4239 924 1349 4240 923 1347 4241 924 1349 4242 931 1348 4243 932 1350 4244 924 1349 4245 932 1350 4246 925 1351 4247 70 1352 4248 925 1351 4249 932 1350 4250 70 1352 4251 655 1353 4252 925 1351 4253 68 63 4254 70 65 4255 455 1354 4256 70 65 4257 456 29 4258 455 1354 4259 70 65 4260 932 29 4261 456 29 4262 932 29 4263 458 29 4264 456 29 4265 932 29 4266 931 1355 4267 458 29 4268 931 1355 4269 460 1356 4270 458 29 4271 931 1355 4272 930 1357 4273 460 1356 4274 930 1357 4275 462 1358 4276 460 1356 4277 930 1357 4278 929 1359 4279 462 1358 4280 929 1359 4281 464 29 4282 462 1358 4283 929 1359 4284 928 1360 4285 464 29 4286 928 1360 4287 466 1361 4288 464 29 4289 928 1360 4290 927 1362 4291 466 1361 4292 927 1362 4293 468 1363 4294 466 1361 4295 927 1362 4296 926 1364 4297 468 1363 4298 926 1364 4299 471 29 4300 468 1363 4301 50 1365 4302 499 1366 4303 49 1367 4304 50 1365 4305 500 1368 4306 499 1366 4307 52 1369 4308 500 1368 4309 50 1365 4310 52 1369 4311 485 1370 4312 500 1368 4313 53 1371 4314 485 1370 4315 52 1369 4316 53 1371 4317 486 1372 4318 485 1370 4319 486 1372 4320 53 1371 4321 54 1373 4322 486 1372 4323 54 1373 4324 487 1374 4325 55 1375 4326 487 1374 4327 54 1373 4328 55 1375 4329 488 1376 4330 487 1374 4331 488 1376 4332 55 1375 4333 124 1377 4334 488 1376 4335 124 1377 4336 489 1378 4337 489 1378 4338 124 1377 4339 125 1379 4340 489 1378 4341 125 1379 4342 490 1380 4343 125 1379 4344 491 1381 4345 490 1380 4346 125 1379 4347 126 1382 4348 491 1381 4349 784 1383 4350 933 1384 4351 782 1385 4352 782 1385 4353 933 1384 4354 934 1386 4355 782 1385 4356 934 1386 4357 780 1387 4358 778 1388 4359 780 1387 4360 934 1386 4361 778 1388 4362 934 1386 4363 935 348 4364 935 348 4365 776 1389 4366 778 1388 4367 935 348 4368 936 1390 4369 776 1389 4370 936 1390 4371 773 1391 4372 776 1389 4373 936 1390 4374 774 1392 4375 773 1391 4376 936 1390 4377 808 1393 4378 774 1392 4379 808 1393 4380 936 1390 4381 806 1394 4382 937 1395 4383 806 1394 4384 936 1390 4385 937 1395 4386 804 348 4387 806 1394 4388 937 1395 4389 802 1396 4390 804 348 4391 937 1395 4392 938 1397 4393 802 1396 4394 938 1397 4395 800 1398 4396 802 1396 4397 938 1397 4398 939 1399 4399 800 1398 4400 939 1399 4401 798 1400 4402 800 1398 4403 939 1399 4404 940 1401 4405 798 1400 4406 941 1402 4407 798 1400 4408 940 1401 4409 941 1402 4410 796 348 4411 798 1400 4412 942 348 4413 796 348 4414 941 1402 4415 942 348 4416 794 1403 4417 796 348 4418 943 1404 4419 794 1403 4420 942 348 4421 943 1404 4422 262 1405 4423 794 1403 4424 598 1406 4425 262 1405 4426 943 1404 4427 598 1406 4428 597 1407 4429 262 1405 4430 260 1408 4431 262 1405 4432 597 1407 4433 260 1408 4434 597 1407 4435 596 348 4436 260 1408 4437 596 348 4438 595 1409 4439 260 1408 4440 595 1409 4441 258 1410 4442 258 1410 4443 595 1409 4444 594 1411 4445 258 1410 4446 594 1411 4447 256 1412 4448 254 348 4449 256 1412 4450 594 1411 4451 254 348 4452 594 1411 4453 593 1413 4454 251 1414 4455 254 348 4456 593 1413 4457 251 1414 4458 593 1413 4459 592 1415 4460 251 1414 4461 592 1415 4462 591 1416 4463 251 1414 4464 591 1416 4465 252 1417 4466 590 1418 4467 252 1417 4468 591 1416 4469 590 1418 4470 589 1419 4471 252 1417 4472 589 1419 4473 842 1420 4474 252 1417 4475 589 1419 4476 588 1421 4477 842 1420 4478 588 1421 4479 840 1422 4480 842 1420 4481 588 1421 4482 587 348 4483 840 1422 4484 587 348 4485 838 1423 4486 840 1422 4487 587 348 4488 586 348 4489 838 1423 4490 585 1424 4491 838 1423 4492 586 348 4493 585 1424 4494 836 1425 4495 838 1423 4496 584 1426 4497 836 1425 4498 585 1424 4499 584 1426 4500 834 1427 4501 836 1425 4502 583 1428 4503 834 1427 4504 584 1426 4505 583 1428 4506 832 1429 4507 834 1427 4508 583 1428 4509 830 1430 4510 832 1429 4511 583 1428 4512 278 1431 4513 830 1430 4514 828 348 4515 830 1430 4516 278 1431 4517 278 1431 4518 619 1432 4519 828 348 4520 278 1431 4521 617 1433 4522 619 1432 4523 278 1431 4524 615 1434 4525 617 1433 4526 281 1435 4527 615 1434 4528 278 1431 4529 281 1435 4530 613 1436 4531 615 1434 4532 613 1436 4533 281 1435 4534 282 1437 4535 613 1436 4536 282 1437 4537 611 1438 4538 609 1439 4539 611 1438 4540 282 1437 4541 609 1439 4542 282 1437 4543 284 1440 4544 607 1441 4545 609 1439 4546 284 1440 4547 607 1441 4548 284 1440 4549 286 1442 4550 607 1441 4551 286 1442 4552 288 1443 4553 607 1441 4554 288 1443 4555 605 1444 4556 288 1443 4557 603 1445 4558 605 1444 4559 288 1443 4560 290 1446 4561 603 1445 4562 290 1446 4563 602 1447 4564 603 1445 4565 290 1446 4566 292 1448 4567 602 1447 4568 292 1448 4569 600 348 4570 602 1447 4571 292 1448 4572 294 1449 4573 600 348 4574 296 348 4575 600 348 4576 294 1449 4577 296 348 4578 435 1450 4579 600 348 4580 436 348 4581 600 348 4582 435 1450 4583 436 348 4584 944 1451 4585 600 348 4586 944 1451 4587 436 348 4588 437 1452 4589 944 1451 4590 437 1452 4591 945 1453 4592 945 1453 4593 437 1452 4594 438 1454 4595 945 1453 4596 438 1454 4597 946 1455 4598 947 1456 4599 946 1455 4600 438 1454 4601 947 1456 4602 438 1454 4603 439 1457 4604 947 1456 4605 439 1457 4606 440 1458 4607 947 1456 4608 440 1458 4609 948 1459 4610 948 1459 4611 440 1458 4612 441 1460 4613 948 1459 4614 441 1460 4615 949 1461 4616 950 1462 4617 949 1461 4618 441 1460 4619 950 1462 4620 441 1460 4621 442 1463 4622 442 1463 4623 951 1464 4624 950 1462 4625 442 1463 4626 443 1465 4627 951 1464 4628 443 1465 4629 952 1466 4630 951 1464 4631 443 1465 4632 953 1467 4633 952 1466 4634 443 1465 4635 954 348 4636 953 1467 4637 954 348 4638 443 1465 4639 955 1468 4640 956 1469 4641 955 1468 4642 443 1465 4643 956 1469 4644 957 1470 4645 955 1468 4646 956 1469 4647 958 1471 4648 957 1470 4649 956 1469 4650 959 1472 4651 958 1471 4652 959 1472 4653 960 1473 4654 958 1471 4655 959 1472 4656 961 1474 4657 960 1473 4658 961 1474 4659 962 1475 4660 960 1473 4661 961 1474 4662 963 348 4663 962 1475 4664 964 348 4665 962 1475 4666 963 348 4667 964 348 4668 965 1476 4669 962 1475 4670 966 1477 4671 965 1476 4672 964 348 4673 966 1477 4674 967 1478 4675 965 1476 4676 968 1479 4677 967 1478 4678 966 1477 4679 968 1479 4680 264 1480 4681 967 1478 4682 753 1481 4683 264 1480 4684 968 1479 4685 753 1481 4686 752 1482 4687 264 1480 4688 267 1483 4689 264 1480 4690 752 1482 4691 267 1483 4692 752 1482 4693 751 1484 4694 267 1483 4695 751 1484 4696 750 1485 4697 267 1483 4698 750 1485 4699 268 348 4700 268 348 4701 750 1485 4702 749 1486 4703 268 348 4704 749 1486 4705 271 1487 4706 272 1488 4707 271 1487 4708 749 1486 4709 272 1488 4710 749 1486 4711 748 1489 4712 275 1490 4713 272 1488 4714 748 1489 4715 275 1490 4716 748 1489 4717 747 348 4718 275 1490 4719 747 348 4720 746 1491 4721 275 1490 4722 746 1491 4723 276 1492 4724 720 1493 4725 276 1492 4726 746 1491 4727 720 1493 4728 719 1494 4729 276 1492 4730 719 1494 4731 969 1495 4732 276 1492 4733 719 1494 4734 718 348 4735 969 1495 4736 718 348 4737 970 348 4738 969 1495 4739 718 348 4740 717 1496 4741 970 348 4742 717 1496 4743 971 1497 4744 970 348 4745 717 1496 4746 716 1498 4747 971 1497 4748 715 1499 4749 971 1497 4750 716 1498 4751 715 1499 4752 972 1500 4753 971 1497 4754 714 1501 4755 972 1500 4756 715 1499 4757 714 1501 4758 973 1502 4759 972 1500 4760 713 1503 4761 973 1502 4762 714 1501 4763 713 1503 4764 974 348 4765 973 1502 4766 713 1503 4767 975 1504 4768 974 348 4769 713 1503 4770 712 1505 4771 975 1504 4772 976 1506 4773 975 1504 4774 712 1505 4775 712 1505 4776 732 1507 4777 976 1506 4778 712 1505 4779 730 1508 4780 732 1507 4781 712 1505 4782 734 1509 4783 730 1508 4784 977 348 4785 734 1509 4786 712 1505 4787 977 348 4788 736 1510 4789 734 1509 4790 736 1510 4791 977 348 4792 978 1511 4793 736 1510 4794 978 1511 4795 739 1512 4796 741 1513 4797 739 1512 4798 978 1511 4799 741 1513 4800 978 1511 4801 979 1514 4802 742 1515 4803 741 1513 4804 979 1514 4805 742 1515 4806 979 1514 4807 980 348 4808 742 1515 4809 980 348 4810 981 1516 4811 742 1515 4812 981 1516 4813 744 348 4814 981 1516 4815 0 1517 4816 744 348 4817 981 1516 4818 982 1518 4819 0 1517 4820 982 1518 4821 3 1519 4822 0 1517 4823 982 1518 4824 983 1520 4825 3 1519 4826 983 1520 4827 5 1521 4828 3 1519 4829 983 1520 4830 984 1522 4831 5 1521 4832 156 1523 4833 5 1521 4834 984 1522 4835 156 1523 4836 155 1524 4837 5 1521 4838 160 1525 4839 5 1521 4840 155 1524 4841 160 1525 4842 985 1526 4843 5 1521 4844 985 1526 4845 160 1525 4846 162 1527 4847 985 1526 4848 162 1527 4849 986 1528 4850 986 1528 4851 162 1527 4852 164 1529 4853 986 1528 4854 164 1529 4855 987 1530 4856 988 1531 4857 987 1530 4858 164 1529 4859 988 1531 4860 164 1529 4861 166 1532 4862 988 1531 4863 166 1532 4864 168 1533 4865 988 1531 4866 168 1533 4867 989 348 4868 989 348 4869 168 1533 4870 170 348 4871 989 348 4872 170 348 4873 990 348 4874 170 348 4875 991 1534 4876 990 348 4877 170 348 4878 172 1535 4879 991 1534 4880 172 1535 4881 992 1536 4882 991 1534 4883 172 1535 4884 173 1537 4885 992 1536 4886 173 1537 4887 993 1538 4888 992 1536 4889 173 1537 4890 994 1539 4891 993 1538 4892 173 1537 4893 995 348 4894 994 1539 4895 995 348 4896 173 1537 4897 996 348 4898 997 1540 4899 996 348 4900 173 1537 4901 997 1540 4902 998 1541 4903 996 348 4904 997 1540 4905 999 1542 4906 998 1541 4907 997 1540 4908 1000 1543 4909 999 1542 4910 1000 1543 4911 1001 1544 4912 999 1542 4913 1000 1543 4914 1002 1545 4915 1001 1544 4916 1003 1546 4917 1001 1544 4918 1002 1545 4919 1003 1546 4920 1002 1545 4921 1004 1547 4922 1005 1548 4923 1003 1546 4924 1004 1547 4925 1005 1548 4926 1006 1549 4927 1003 1546 4928 1007 1550 4929 1006 1549 4930 1005 1548 4931 1007 1550 4932 1008 1551 4933 1006 1549 4934 1009 1552 4935 1008 1551 4936 1007 1550 4937 1009 1552 4938 298 1553 4939 1008 1551 4940 705 1554 4941 298 1553 4942 1009 1552 4943 706 1555 4944 298 1553 4945 705 1554 4946 706 1555 4947 301 1556 4948 298 1553 4949 301 1556 4950 706 1555 4951 707 1557 4952 301 1556 4953 707 1557 4954 302 1558 4955 304 1559 4956 302 1558 4957 707 1557 4958 304 1559 4959 707 1557 4960 708 1560 4961 304 1559 4962 708 1560 4963 709 1561 4964 304 1559 4965 709 1561 4966 307 1562 4967 307 1562 4968 709 1561 4969 710 1563 4970 307 1562 4971 710 1563 4972 309 1564 4973 311 1565 4974 309 1564 4975 710 1563 4976 311 1565 4977 710 1563 4978 711 1566 4979 313 1567 4980 311 1565 4981 711 1566 4982 313 1567 4983 711 1566 4984 638 1568 4985 638 1568 4986 637 1569 4987 313 1567 4988 637 1569 4989 770 1570 4990 313 1567 4991 637 1569 4992 639 1571 4993 770 1570 4994 639 1571 4995 768 1572 4996 770 1570 4997 639 1571 4998 640 1573 4999 768 1572 5000 640 1573 5001 766 1574 5002 768 1572 5003 640 1573 5004 641 1575 5005 766 1574 5006 642 1576 5007 766 1574 5008 641 1575 5009 642 1576 5010 764 1577 5011 766 1574 5012 643 1578 5013 764 1577 5014 642 1576 5015 643 1578 5016 762 1579 5017 764 1577 5018 644 1580 5019 762 1579 5020 643 1578 5021 644 1580 5022 760 1581 5023 762 1579 5024 644 1580 5025 758 348 5026 760 1581 5027 644 1580 5028 645 1582 5029 758 348 5030 755 348 5031 758 348 5032 645 1582 5033 645 1582 5034 756 1583 5035 755 348 5036 645 1582 5037 826 1584 5038 756 1583 5039 645 1582 5040 824 1585 5041 826 1584 5042 1010 1586 5043 824 1585 5044 645 1582 5045 1010 1586 5046 822 1587 5047 824 1585 5048 822 1587 5049 1010 1586 5050 1011 348 5051 822 1587 5052 1011 348 5053 820 348 5054 1011 348 5055 818 348 5056 820 348 5057 1011 348 5058 1012 1588 5059 818 348 5060 1012 1588 5061 816 1589 5062 818 348 5063 1012 1588 5064 1013 1590 5065 816 1589 5066 816 1589 5067 1013 1590 5068 1014 1591 5069 816 1589 5070 1014 1591 5071 814 1592 5072 1014 1591 5073 812 1593 5074 814 1592 5075 1014 1591 5076 1015 1594 5077 812 1593 5078 810 1595 5079 812 1593 5080 1015 1594 5081 810 1595 5082 1015 1594 5083 1016 1596 5084 1016 1596 5085 792 1597 5086 810 1595 5087 1016 1596 5088 1017 1598 5089 792 1597 5090 1018 1599 5091 792 1597 5092 1017 1598 5093 1018 1599 5094 1019 1600 5095 792 1597 5096 1020 1601 5097 792 1597 5098 1019 1600 5099 1020 1601 5100 790 1602 5101 792 1597 5102 790 1602 5103 1020 1601 5104 1021 1603 5105 790 1602 5106 1021 1603 5107 788 1604 5108 788 1604 5109 1021 1603 5110 1022 348 5111 788 1604 5112 1022 348 5113 786 348 5114 784 1383 5115 786 348 5116 1022 348 5117 784 1383 5118 1022 348 5119 1023 348 5120 784 1383 5121 1023 348 5122 933 1384 5123 375 1605 5124 423 1606 5125 425 1607 5126 375 1605 5127 721 1608 5128 423 1606 5129 721 1608 5130 375 1605 5131 376 1609 5132 721 1608 5133 376 1609 5134 729 1610 5135 729 1610 5136 376 1609 5137 377 1611 5138 729 1610 5139 377 1611 5140 728 1612 5141 378 1613 5142 728 1612 5143 377 1611 5144 378 1613 5145 727 1614 5146 728 1612 5147 727 1614 5148 378 1613 5149 379 1615 5150 727 1614 5151 379 1615 5152 726 1616 5153 725 1617 5154 726 1616 5155 379 1615 5156 725 1617 5157 379 1615 5158 380 1618 5159 380 1618 5160 724 1619 5161 725 1617 5162 380 1618 5163 381 1620 5164 724 1619 5165 723 1621 5166 724 1619 5167 381 1620 5168 723 1621 5169 381 1620 5170 382 1622 5171 722 1623 5172 723 1621 5173 382 1622 5174 722 1623 5175 382 1622 5176 383 1624 5177 383 1624 5178 434 1625 5179 722 1623 5180 383 1624 5181 385 1626 5182 434 1625 5183 508 1627 5184 154 1628 5185 152 1629 5186 508 1627 5187 152 1629 5188 911 1630 5189 152 1629 5190 912 1631 5191 911 1630 5192 152 1629 5193 150 1632 5194 912 1631 5195 913 1633 5196 912 1631 5197 150 1632 5198 913 1633 5199 150 1632 5200 148 1634 5201 148 1634 5202 914 1635 5203 913 1633 5204 148 1634 5205 146 1636 5206 914 1635 5207 144 1637 5208 914 1635 5209 146 1636 5210 144 1637 5211 915 1638 5212 914 1635 5213 144 1637 5214 916 1639 5215 915 1638 5216 144 1637 5217 142 1640 5218 916 1639 5219 142 1640 5220 917 1641 5221 916 1639 5222 142 1640 5223 140 1642 5224 917 1641 5225 918 1643 5226 917 1641 5227 140 1642 5228 918 1643 5229 140 1642 5230 139 1644 5231 139 1644 5232 454 1645 5233 918 1643 5234 139 1644 5235 68 1646 5236 454 1645 5237 67 1624 5238 314 1625 5239 69 1626 5240 67 1624 5241 517 1623 5242 314 1625 5243 517 1623 5244 67 1624 5245 66 1647 5246 517 1623 5247 66 1647 5248 516 1648 5249 516 1648 5250 66 1647 5251 65 1649 5252 516 1648 5253 65 1649 5254 515 1650 5255 64 1651 5256 515 1650 5257 65 1649 5258 64 1651 5259 514 1617 5260 515 1650 5261 514 1617 5262 64 1651 5263 63 1652 5264 514 1617 5265 63 1652 5266 513 1653 5267 512 1614 5268 513 1653 5269 63 1652 5270 512 1614 5271 63 1652 5272 62 1654 5273 62 1654 5274 511 1612 5275 512 1614 5276 62 1654 5277 61 1655 5278 511 1612 5279 510 1656 5280 511 1612 5281 61 1655 5282 510 1656 5283 61 1655 5284 60 1657 5285 509 1608 5286 510 1656 5287 60 1657 5288 509 1608 5289 60 1657 5290 59 1605 5291 59 1605 5292 321 1606 5293 509 1608 5294 59 1605 5295 84 1607 5296 321 1606 5297 109 1658 5298 551 915 5299 885 1659 5300 109 1658 5301 885 1659 5302 691 1660 5303 883 1661 5304 691 1660 5305 885 1659 5306 883 1661 5307 693 1662 5308 691 1660 5309 883 1661 5310 695 1663 5311 693 1662 5312 883 1661 5313 881 1664 5314 695 1663 5315 695 1663 5316 881 1664 5317 880 1665 5318 695 1663 5319 880 1665 5320 697 1666 5321 697 1666 5322 880 1665 5323 878 1667 5324 697 1666 5325 878 1667 5326 699 1668 5327 701 1669 5328 699 1668 5329 878 1667 5330 701 1669 5331 878 1667 5332 876 1670 5333 701 1669 5334 876 1670 5335 873 1671 5336 701 1669 5337 873 1671 5338 703 1672 5339 703 1672 5340 873 1671 5341 870 1673 5342 703 1672 5343 870 1673 5344 704 1674 5345 1024 1675 5346 525 29 5347 527 1676 5348 1024 1675 5349 527 1676 5350 1025 1677 5351 527 1676 5352 1026 1678 5353 1025 1677 5354 527 1676 5355 528 1679 5356 1026 1678 5357 1026 1678 5358 528 1679 5359 531 1680 5360 1026 1678 5361 531 1680 5362 1027 1681 5363 531 1680 5364 1028 29 5365 1027 1681 5366 531 1680 5367 532 29 5368 1028 29 5369 1028 29 5370 532 29 5371 534 29 5372 1028 29 5373 534 29 5374 1029 29 5375 1029 29 5376 534 29 5377 570 29 5378 534 29 5379 571 29 5380 570 29 5381 572 1682 5382 571 29 5383 534 29 5384 572 1682 5385 534 29 5386 553 29 5387 572 1682 5388 553 29 5389 555 1683 5390 572 1682 5391 555 1683 5392 573 1684 5393 573 1684 5394 555 1683 5395 556 1685 5396 573 1684 5397 556 1685 5398 574 1686 5399 575 1687 5400 574 1686 5401 556 1685 5402 575 1687 5403 556 1685 5404 559 1688 5405 576 1689 5406 575 1687 5407 559 1688 5408 576 1689 5409 559 1688 5410 560 1690 5411 576 1689 5412 560 1690 5413 523 1691 5414 576 1689 5415 523 1691 5416 577 29 5417 578 29 5418 577 29 5419 523 1691 5420 1030 1692 5421 578 29 5422 523 1691 5423 1024 1675 5424 1030 1692 5425 523 1691 5426 1024 1675 5427 523 1691 5428 525 29 5429 712 1693 5430 677 1694 5431 675 1695 5432 712 1693 5433 675 1695 5434 977 1696 5435 675 1695 5436 978 1697 5437 977 1696 5438 675 1695 5439 673 1698 5440 978 1697 5441 979 1699 5442 978 1697 5443 673 1698 5444 979 1699 5445 673 1698 5446 671 1700 5447 671 1700 5448 980 1701 5449 979 1699 5450 671 1700 5451 669 1702 5452 980 1701 5453 667 1703 5454 980 1701 5455 669 1702 5456 667 1703 5457 981 1704 5458 980 1701 5459 667 1703 5460 982 1705 5461 981 1704 5462 667 1703 5463 665 1706 5464 982 1705 5465 665 1706 5466 983 1707 5467 982 1705 5468 665 1706 5469 663 1708 5470 983 1707 5471 984 1709 5472 983 1707 5473 663 1708 5474 984 1709 5475 663 1708 5476 662 1710 5477 662 1710 5478 156 1711 5479 984 1709 5480 662 1710 5481 157 1712 5482 156 1711 5483 1017 1713 5484 384 1714 5485 1018 1715 5486 1017 1713 5487 636 1716 5488 384 1714 5489 635 1717 5490 636 1716 5491 1017 1713 5492 635 1717 5493 1017 1713 5494 1016 1718 5495 633 1719 5496 635 1717 5497 1016 1718 5498 633 1719 5499 1016 1718 5500 1015 1720 5501 631 1721 5502 633 1719 5503 1015 1720 5504 631 1721 5505 1015 1720 5506 1014 1722 5507 1014 1722 5508 629 1723 5509 631 1721 5510 1014 1722 5511 1013 1724 5512 629 1723 5513 627 1725 5514 629 1723 5515 1013 1724 5516 627 1725 5517 1013 1724 5518 1012 1726 5519 625 1727 5520 627 1725 5521 1012 1726 5522 625 1727 5523 1012 1726 5524 1011 1728 5525 1011 1728 5526 622 1729 5527 625 1727 5528 1011 1728 5529 1010 1730 5530 622 1729 5531 645 1731 5532 622 1729 5533 1010 1730 5534 645 1731 5535 623 1732 5536 622 1729 5537 689 1733 5538 240 1734 5539 58 1735 5540 689 1733 5541 862 1736 5542 240 1734 5543 862 1736 5544 689 1733 5545 690 1737 5546 862 1736 5547 690 1737 5548 863 1738 5549 692 1739 5550 863 1738 5551 690 1737 5552 692 1739 5553 864 1740 5554 863 1738 5555 694 1741 5556 864 1740 5557 692 1739 5558 694 1741 5559 865 1742 5560 864 1740 5561 694 1741 5562 866 1743 5563 865 1742 5564 694 1741 5565 696 1744 5566 866 1743 5567 698 1745 5568 866 1743 5569 696 1744 5570 698 1745 5571 867 1746 5572 866 1743 5573 867 1746 5574 698 1745 5575 700 1698 5576 867 1746 5577 700 1698 5578 868 1697 5579 702 1747 5580 868 1697 5581 700 1698 5582 702 1747 5583 869 1696 5584 868 1697 5585 870 1748 5586 869 1696 5587 702 1747 5588 870 1748 5589 702 1747 5590 704 1749 5591 111 1750 5592 570 1751 5593 110 528 5594 111 1750 5595 1029 1752 5596 570 1751 5597 1028 1753 5598 1029 1752 5599 111 1750 5600 1028 1753 5601 111 1750 5602 112 1754 5603 1027 523 5604 1028 1753 5605 112 1754 5606 1027 523 5607 112 1754 5608 113 1755 5609 113 1755 5610 1026 1756 5611 1027 523 5612 113 1755 5613 114 1757 5614 1026 1756 5615 1025 1758 5616 1026 1756 5617 114 1757 5618 1025 1758 5619 114 1757 5620 115 518 5621 115 518 5622 1024 517 5623 1025 1758 5624 115 518 5625 116 1759 5626 1024 517 5627 116 1759 5628 1030 515 5629 1024 517 5630 116 1759 5631 117 1760 5632 1030 515 5633 117 1760 5634 578 513 5635 1030 515 5636 117 1760 5637 118 514 5638 578 513 5639 969 1761 5640 277 1762 5641 276 1763 5642 969 1761 5643 884 1764 5644 277 1762 5645 969 1761 5646 882 1765 5647 884 1764 5648 969 1761 5649 970 1766 5650 882 1765 5651 970 1766 5652 879 1767 5653 882 1765 5654 970 1766 5655 971 1768 5656 879 1767 5657 971 1768 5658 877 1769 5659 879 1767 5660 971 1768 5661 972 1770 5662 877 1769 5663 973 1771 5664 877 1769 5665 972 1770 5666 973 1771 5667 875 1772 5668 877 1769 5669 974 1773 5670 875 1772 5671 973 1771 5672 974 1773 5673 874 1774 5674 875 1772 5675 975 1775 5676 874 1774 5677 974 1773 5678 975 1775 5679 872 1776 5680 874 1774 5681 976 1777 5682 872 1776 5683 975 1775 5684 976 1777 5685 871 1778 5686 872 1776 5687 732 1779 5688 871 1778 5689 976 1777 5690 732 1779 5691 731 1780 5692 871 1778 5693 954 1781 5694 894 1782 5695 953 1783 5696 954 1781 5697 893 1784 5698 894 1782 5699 955 1785 5700 893 1784 5701 954 1781 5702 955 1785 5703 892 1786 5704 893 1784 5705 955 1785 5706 891 1787 5707 892 1786 5708 955 1785 5709 957 1788 5710 891 1787 5711 958 1789 5712 891 1787 5713 957 1788 5714 958 1789 5715 890 1790 5716 891 1787 5717 958 1789 5718 889 1791 5719 890 1790 5720 958 1789 5721 960 1792 5722 889 1791 5723 962 1793 5724 889 1791 5725 960 1792 5726 962 1793 5727 888 1794 5728 889 1791 5729 965 1795 5730 888 1794 5731 962 1793 5732 965 1795 5733 887 1796 5734 888 1794 5735 967 1797 5736 887 1796 5737 965 1795 5738 967 1797 5739 886 1798 5740 887 1796 5741 264 1799 5742 886 1798 5743 967 1797 5744 264 1799 5745 266 1799 5746 886 1798 5747 995 1800 5748 852 1801 5749 994 1802 5750 995 1800 5751 851 1803 5752 852 1801 5753 996 1804 5754 851 1803 5755 995 1800 5756 996 1804 5757 850 1805 5758 851 1803 5759 996 1804 5760 849 1806 5761 850 1805 5762 996 1804 5763 998 1807 5764 849 1806 5765 999 1808 5766 849 1806 5767 998 1807 5768 999 1808 5769 848 1809 5770 849 1806 5771 999 1808 5772 847 1810 5773 848 1809 5774 999 1808 5775 1001 1811 5776 847 1810 5777 1003 1812 5778 847 1810 5779 1001 1811 5780 1003 1812 5781 846 1813 5782 847 1810 5783 1006 1814 5784 846 1813 5785 1003 1812 5786 1006 1814 5787 845 1815 5788 846 1813 5789 1008 1816 5790 845 1815 5791 1006 1814 5792 1008 1816 5793 844 1817 5794 845 1815 5795 1008 1816 5796 300 1818 5797 844 1817 5798 1008 1816 5799 298 1819 5800 300 1818 5801 1031 1820 5802 194 348 5803 197 1821 5804 1031 1820 5805 197 1821 5806 1032 1822 5807 197 1821 5808 1033 1823 5809 1032 1822 5810 197 1821 5811 199 1824 5812 1033 1823 5813 1033 1823 5814 199 1824 5815 201 1825 5816 1033 1823 5817 201 1825 5818 1034 1826 5819 201 1825 5820 1035 348 5821 1034 1826 5822 201 1825 5823 203 348 5824 1035 348 5825 1035 348 5826 203 348 5827 205 348 5828 1035 348 5829 205 348 5830 1036 348 5831 1036 348 5832 205 348 5833 646 348 5834 205 348 5835 647 348 5836 646 348 5837 648 1827 5838 647 348 5839 205 348 5840 648 1827 5841 205 348 5842 207 348 5843 648 1827 5844 207 348 5845 209 1828 5846 648 1827 5847 209 1828 5848 649 1829 5849 649 1829 5850 209 1828 5851 211 1830 5852 649 1829 5853 211 1830 5854 650 1831 5855 651 1832 5856 650 1831 5857 211 1830 5858 651 1832 5859 211 1830 5860 213 1833 5861 652 1834 5862 651 1832 5863 213 1833 5864 652 1834 5865 213 1833 5866 215 1835 5867 652 1834 5868 215 1835 5869 195 1836 5870 652 1834 5871 195 1836 5872 653 348 5873 654 348 5874 653 348 5875 195 1836 5876 1037 1837 5877 654 348 5878 195 1836 5879 1031 1820 5880 1037 1837 5881 195 1836 5882 1031 1820 5883 195 1836 5884 194 348 5885 944 1838 5886 601 1839 5887 600 1840 5888 944 1838 5889 903 1841 5890 601 1839 5891 945 1842 5892 903 1841 5893 944 1838 5894 945 1842 5895 902 1843 5896 903 1841 5897 946 1844 5898 902 1843 5899 945 1842 5900 946 1844 5901 901 1845 5902 902 1843 5903 946 1844 5904 900 1846 5905 901 1845 5906 946 1844 5907 947 1847 5908 900 1846 5909 948 1848 5910 900 1846 5911 947 1847 5912 948 1848 5913 899 1849 5914 900 1846 5915 949 1850 5916 899 1849 5917 948 1848 5918 949 1850 5919 898 1851 5920 899 1849 5921 950 1852 5922 898 1851 5923 949 1850 5924 950 1852 5925 897 1853 5926 898 1851 5927 950 1852 5928 896 1854 5929 897 1853 5930 950 1852 5931 951 1855 5932 896 1854 5933 952 1856 5934 896 1854 5935 951 1855 5936 952 1856 5937 895 1857 5938 896 1854 5939 953 1858 5940 895 1857 5941 952 1856 5942 953 1858 5943 894 1859 5944 895 1857 5945 985 1860 5946 4 1861 5947 5 1862 5948 985 1860 5949 861 1863 5950 4 1861 5951 986 1864 5952 861 1863 5953 985 1860 5954 986 1864 5955 860 1865 5956 861 1863 5957 987 1866 5958 860 1865 5959 986 1864 5960 987 1866 5961 859 1867 5962 860 1865 5963 987 1866 5964 858 1868 5965 859 1867 5966 987 1866 5967 988 1869 5968 858 1868 5969 989 1870 5970 858 1868 5971 988 1869 5972 989 1870 5973 857 1871 5974 858 1868 5975 990 1872 5976 857 1871 5977 989 1870 5978 990 1872 5979 856 1873 5980 857 1871 5981 991 1874 5982 856 1873 5983 990 1872 5984 991 1874 5985 855 1875 5986 856 1873 5987 991 1874 5988 854 1876 5989 855 1875 5990 991 1874 5991 992 1877 5992 854 1876 5993 993 1878 5994 854 1876 5995 992 1877 5996 993 1878 5997 853 1879 5998 854 1876 5999 994 1880 6000 853 1879 6001 993 1878 6002 994 1880 6003 852 1881 6004 853 1879 6005 398 1882 6006 646 1883 6007 399 1382 6008 398 1882 6009 1036 1884 6010 646 1883 6011 1035 1885 6012 1036 1884 6013 398 1882 6014 1035 1885 6015 398 1882 6016 397 1886 6017 1034 1376 6018 1035 1885 6019 397 1886 6020 1034 1376 6021 397 1886 6022 396 1887 6023 396 1887 6024 1033 1888 6025 1034 1376 6026 396 1887 6027 395 1889 6028 1033 1888 6029 1032 1890 6030 1033 1888 6031 395 1889 6032 1032 1890 6033 395 1889 6034 394 1371 6035 394 1371 6036 1031 1891 6037 1032 1890 6038 394 1371 6039 393 1892 6040 1031 1891 6041 393 1892 6042 1037 1368 6043 1031 1891 6044 393 1892 6045 340 1893 6046 1037 1368 6047 340 1893 6048 654 1894 6049 1037 1368 6050 340 1893 6051 333 1895 6052 654 1894 6053 678 1896 6054 173 1897 6055 174 1898 6056 678 1896 6057 997 1899 6058 173 1897 6059 679 1900 6060 997 1899 6061 678 1896 6062 679 1900 6063 1000 1901 6064 997 1899 6065 1000 1901 6066 679 1900 6067 680 1902 6068 1000 1901 6069 680 1902 6070 1002 1903 6071 681 1904 6072 1002 1903 6073 680 1902 6074 681 1904 6075 1004 1905 6076 1002 1903 6077 682 1906 6078 1004 1905 6079 681 1904 6080 682 1906 6081 1005 1907 6082 1004 1905 6083 683 1908 6084 1005 1907 6085 682 1906 6086 683 1908 6087 1007 1909 6088 1005 1907 6089 1007 1909 6090 683 1908 6091 684 1910 6092 1007 1909 6093 684 1910 6094 1009 672 6095 685 671 6096 1009 672 6097 684 1910 6098 685 671 6099 705 673 6100 1009 672 6101 407 1911 6102 1018 1912 6103 384 1913 6104 407 1911 6105 1019 1914 6106 1018 1912 6107 1019 1914 6108 407 1911 6109 408 1915 6110 1019 1914 6111 408 1915 6112 1020 1916 6113 410 1917 6114 1020 1916 6115 408 1915 6116 410 1917 6117 1021 1918 6118 1020 1916 6119 412 1919 6120 1021 1918 6121 410 1917 6122 412 1919 6123 1022 1920 6124 1021 1918 6125 412 1919 6126 1023 1921 6127 1022 1920 6128 412 1919 6129 414 1922 6130 1023 1921 6131 416 1923 6132 1023 1921 6133 414 1922 6134 416 1923 6135 933 1924 6136 1023 1921 6137 933 1924 6138 416 1923 6139 418 1925 6140 933 1924 6141 418 1925 6142 934 1926 6143 420 1927 6144 934 1926 6145 418 1925 6146 420 1927 6147 935 1928 6148 934 1926 6149 936 1929 6150 935 1928 6151 420 1927 6152 936 1929 6153 420 1927 6154 422 1930 6155 968 1931 6156 359 1932 6157 753 1933 6158 968 1931 6159 354 1934 6160 359 1932 6161 966 1935 6162 354 1934 6163 968 1931 6164 966 1935 6165 352 1936 6166 354 1934 6167 352 1936 6168 966 1935 6169 964 1937 6170 352 1936 6171 964 1937 6172 350 1938 6173 350 1938 6174 964 1937 6175 963 1939 6176 350 1938 6177 963 1939 6178 348 1940 6179 348 1940 6180 963 1939 6181 961 1941 6182 348 1940 6183 961 1941 6184 346 1942 6185 959 1943 6186 346 1942 6187 961 1941 6188 959 1943 6189 344 1944 6190 346 1942 6191 344 1944 6192 959 1943 6193 956 1945 6194 344 1944 6195 956 1945 6196 341 1946 6197 341 1946 6198 956 1945 6199 443 1947 6200 341 1946 6201 443 1947 6202 342 623 6203 421 1948 6204 936 1949 6205 422 1950 6206 421 1948 6207 937 1951 6208 936 1949 6209 419 1952 6210 937 1951 6211 421 1948 6212 419 1952 6213 938 1953 6214 937 1951 6215 419 1952 6216 939 1954 6217 938 1953 6218 419 1952 6219 417 1955 6220 939 1954 6221 415 1956 6222 939 1954 6223 417 1955 6224 415 1956 6225 940 1957 6226 939 1954 6227 413 1958 6228 940 1957 6229 415 1956 6230 413 1958 6231 941 1959 6232 940 1957 6233 942 1960 6234 941 1959 6235 413 1958 6236 942 1960 6237 413 1958 6238 411 1961 6239 942 1960 6240 411 1961 6241 409 1962 6242 942 1960 6243 409 1962 6244 943 1963 6245 400 1964 6246 943 1963 6247 409 1962 6248 400 1964 6249 598 1965 6250 943 1963 6251</p>
        </triangles>
      </mesh>
    </geometry>
  </library_geometries>
  <library_controllers>
    <controller id="pickup_powerup_plague_qc_skeleton_pickup_powerup_plague-skin" name="pickup_powerup_plague.qc_skeleton">
      <skin source="#pickup_powerup_plague-mesh">
        <bind_shape_matrix>1 0 0 0 0 1 0 0 0 0 1 0 0 0 0 1</bind_shape_matrix>
        <source id="pickup_powerup_plague_qc_skeleton_pickup_powerup_plague-skin-joints">
          <Name_array id="pickup_powerup_plague_qc_skeleton_pickup_powerup_plague-skin-joints-array" count="1">jnt_spin</Name_array>
          <technique_common>
            <accessor source="#pickup_powerup_plague_qc_skeleton_pickup_powerup_plague-skin-joints-array" count="1" stride="1">
              <param name="JOINT" type="name"/>
            </accessor>
          </technique_common>
        </source>
        <source id="pickup_powerup_plague_qc_skeleton_pickup_powerup_plague-skin-bind_poses">
          <float_array id="pickup_powerup_plague_qc_skeleton_pickup_powerup_plague-skin-bind_poses-array" count="16">0.9985334 0 -0.05413848 0 0 1 0 0 0.05413848 0 0.9985334 0 0 0 0 1</float_array>
          <technique_common>
            <accessor source="#pickup_powerup_plague_qc_skeleton_pickup_powerup_plague-skin-bind_poses-array" count="1" stride="16">
              <param name="TRANSFORM" type="float4x4"/>
            </accessor>
          </technique_common>
        </source>
        <source id="pickup_powerup_plague_qc_skeleton_pickup_powerup_plague-skin-weights">
          <float_array id="pickup_powerup_plague_qc_skeleton_pickup_powerup_plague-skin-weights-array" count="1038">1 1 1 1 1 1 1 1 1 1 1 1 1 1 1 1 1 1 1 1 1 1 1 1 1 1 1 1 1 1 1 1 1 1 1 1 1 1 1 1 1 1 1 1 1 1 1 1 1 1 1 1 1 1 1 1 1 1 1 1 1 1 1 1 1 1 1 1 1 1 1 1 1 1 1 1 1 1 1 1 1 1 1 1 1 1 1 1 1 1 1 1 1 1 1 1 1 1 1 1 1 1 1 1 1 1 1 1 1 1 1 1 1 1 1 1 1 1 1 1 1 1 1 1 1 1 1 1 1 1 1 1 1 1 1 1 1 1 1 1 1 1 1 1 1 1 1 1 1 1 1 1 1 1 1 1 1 1 1 1 1 1 1 1 1 1 1 1 1 1 1 1 1 1 1 1 1 1 1 1 1 1 1 1 1 1 1 1 1 1 1 1 1 1 1 1 1 1 1 1 1 1 1 1 1 1 1 1 1 1 1 1 1 1 1 1 1 1 1 1 1 1 1 1 1 1 1 1 1 1 1 1 1 1 1 1 1 1 1 1 1 1 1 1 1 1 1 1 1 1 1 1 1 1 1 1 1 1 1 1 1 1 1 1 1 1 1 1 1 1 1 1 1 1 1 1 1 1 1 1 1 1 1 1 1 1 1 1 1 1 1 1 1 1 1 1 1 1 1 1 1 1 1 1 1 1 1 1 1 1 1 1 1 1 1 1 1 1 1 1 1 1 1 1 1 1 1 1 1 1 1 1 1 1 1 1 1 1 1 1 1 1 1 1 1 1 1 1 1 1 1 1 1 1 1 1 1 1 1 1 1 1 1 1 1 1 1 1 1 1 1 1 1 1 1 1 1 1 1 1 1 1 1 1 1 1 1 1 1 1 1 1 1 1 1 1 1 1 1 1 1 1 1 1 1 1 1 1 1 1 1 1 1 1 1 1 1 1 1 1 1 1 1 1 1 1 1 1 1 1 1 1 1 1 1 1 1 1 1 1 1 1 1 1 1 1 1 1 1 1 1 1 1 1 1 1 1 1 1 1 1 1 1 1 1 1 1 1 1 1 1 1 1 1 1 1 1 1 1 1 1 1 1 1 1 1 1 1 1 1 1 1 1 1 1 1 1 1 1 1 1 1 1 1 1 1 1 1 1 1 1 1 1 1 1 1 1 1 1 1 1 1 1 1 1 1 1 1 1 1 1 1 1 1 1 1 1 1 1 1 1 1 1 1 1 1 1 1 1 1 1 1 1 1 1 1 1 1 1 1 1 1 1 1 1 1 1 1 1 1 1 1 1 1 1 1 1 1 1 1 1 1 1 1 1 1 1 1 1 1 1 1 1 1 1 1 1 1 1 1 1 1 1 1 1 1 1 1 1 1 1 1 1 1 1 1 1 1 1 1 1 1 1 1 1 1 1 1 1 1 1 1 1 1 1 1 1 1 1 1 1 1 1 1 1 1 1 1 1 1 1 1 1 1 1 1 1 1 1 1 1 1 1 1 1 1 1 1 1 1 1 1 1 1 1 1 1 1 1 1 1 1 1 1 1 1 1 1 1 1 1 1 1 1 1 1 1 1 1 1 1 1 1 1 1 1 1 1 1 1 1 1 1 1 1 1 1 1 1 1 1 1 1 1 1 1 1 1 1 1 1 1 1 1 1 1 1 1 1 1 1 1 1 1 1 1 1 1 1 1 1 1 1 1 1 1 1 1 1 1 1 1 1 1 1 1 1 1 1 1 1 1 1 1 1 1 1 1 1 1 1 1 1 1 1 1 1 1 1 1 1 1 1 1 1 1 1 1 1 1 1 1 1 1 1 1 1 1 1 1 1 1 1 1 1 1 1 1 1 1 1 1 1 1 1 1 1 1 1 1 1 1 1 1 1 1 1 1 1 1 1 1 1 1 1 1 1 1 1 1 1 1 1 1 1 1 1 1 1 1 1 1 1 1 1 1 1 1 1 1 1 1 1 1 1 1 1 1 1 1 1 1 1 1 1 1 1 1 1 1 1 1 1 1 1 1 1 1 1 1 1 1 1 1 1 1 1 1 1 1 1 1 1 1 1 1 1 1 1 1 1 1 1 1 1 1 1 1 1 1 1 1 1 1 1 1 1 1 1 1 1 1 1 1 1 1 1 1 1 1 1 1 1 1 1 1 1 1 1 1 1 1 1 1 1 1 1 1 1 1 1 1 1 1 1 1 1 1 1 1 1 1 1 1 1 1 1 1 1 1 1 1 1 1 1 1 1 1 1 1 1 1 1 1 1 1 1 1 1 1 1 1 1 1 1 1 1 1 1 1 1 1 1 1 1 1 1 1 1 1 1 1 1 1 1 1 1 1</float_array>
          <technique_common>
            <accessor source="#pickup_powerup_plague_qc_skeleton_pickup_powerup_plague-skin-weights-array" count="1038" stride="1">
              <param name="WEIGHT" type="float"/>
            </accessor>
          </technique_common>
        </source>
        <joints>
          <input semantic="JOINT" source="#pickup_powerup_plague_qc_skeleton_pickup_powerup_plague-skin-joints"/>
          <input semantic="INV_BIND_MATRIX" source="#pickup_powerup_plague_qc_skeleton_pickup_powerup_plague-skin-bind_poses"/>
        </joints>
        <vertex_weights count="1038">
          <input semantic="JOINT" source="#pickup_powerup_plague_qc_skeleton_pickup_powerup_plague-skin-joints" offset="0"/>
          <input semantic="WEIGHT" source="#pickup_powerup_plague_qc_skeleton_pickup_powerup_plague-skin-weights" offset="1"/>
          <vcount>1 1 1 1 1 1 1 1 1 1 1 1 1 1 1 1 1 1 1 1 1 1 1 1 1 1 1 1 1 1 1 1 1 1 1 1 1 1 1 1 1 1 1 1 1 1 1 1 1 1 1 1 1 1 1 1 1 1 1 1 1 1 1 1 1 1 1 1 1 1 1 1 1 1 1 1 1 1 1 1 1 1 1 1 1 1 1 1 1 1 1 1 1 1 1 1 1 1 1 1 1 1 1 1 1 1 1 1 1 1 1 1 1 1 1 1 1 1 1 1 1 1 1 1 1 1 1 1 1 1 1 1 1 1 1 1 1 1 1 1 1 1 1 1 1 1 1 1 1 1 1 1 1 1 1 1 1 1 1 1 1 1 1 1 1 1 1 1 1 1 1 1 1 1 1 1 1 1 1 1 1 1 1 1 1 1 1 1 1 1 1 1 1 1 1 1 1 1 1 1 1 1 1 1 1 1 1 1 1 1 1 1 1 1 1 1 1 1 1 1 1 1 1 1 1 1 1 1 1 1 1 1 1 1 1 1 1 1 1 1 1 1 1 1 1 1 1 1 1 1 1 1 1 1 1 1 1 1 1 1 1 1 1 1 1 1 1 1 1 1 1 1 1 1 1 1 1 1 1 1 1 1 1 1 1 1 1 1 1 1 1 1 1 1 1 1 1 1 1 1 1 1 1 1 1 1 1 1 1 1 1 1 1 1 1 1 1 1 1 1 1 1 1 1 1 1 1 1 1 1 1 1 1 1 1 1 1 1 1 1 1 1 1 1 1 1 1 1 1 1 1 1 1 1 1 1 1 1 1 1 1 1 1 1 1 1 1 1 1 1 1 1 1 1 1 1 1 1 1 1 1 1 1 1 1 1 1 1 1 1 1 1 1 1 1 1 1 1 1 1 1 1 1 1 1 1 1 1 1 1 1 1 1 1 1 1 1 1 1 1 1 1 1 1 1 1 1 1 1 1 1 1 1 1 1 1 1 1 1 1 1 1 1 1 1 1 1 1 1 1 1 1 1 1 1 1 1 1 1 1 1 1 1 1 1 1 1 1 1 1 1 1 1 1 1 1 1 1 1 1 1 1 1 1 1 1 1 1 1 1 1 1 1 1 1 1 1 1 1 1 1 1 1 1 1 1 1 1 1 1 1 1 1 1 1 1 1 1 1 1 1 1 1 1 1 1 1 1 1 1 1 1 1 1 1 1 1 1 1 1 1 1 1 1 1 1 1 1 1 1 1 1 1 1 1 1 1 1 1 1 1 1 1 1 1 1 1 1 1 1 1 1 1 1 1 1 1 1 1 1 1 1 1 1 1 1 1 1 1 1 1 1 1 1 1 1 1 1 1 1 1 1 1 1 1 1 1 1 1 1 1 1 1 1 1 1 1 1 1 1 1 1 1 1 1 1 1 1 1 1 1 1 1 1 1 1 1 1 1 1 1 1 1 1 1 1 1 1 1 1 1 1 1 1 1 1 1 1 1 1 1 1 1 1 1 1 1 1 1 1 1 1 1 1 1 1 1 1 1 1 1 1 1 1 1 1 1 1 1 1 1 1 1 1 1 1 1 1 1 1 1 1 1 1 1 1 1 1 1 1 1 1 1 1 1 1 1 1 1 1 1 1 1 1 1 1 1 1 1 1 1 1 1 1 1 1 1 1 1 1 1 1 1 1 1 1 1 1 1 1 1 1 1 1 1 1 1 1 1 1 1 1 1 1 1 1 1 1 1 1 1 1 1 1 1 1 1 1 1 1 1 1 1 1 1 1 1 1 1 1 1 1 1 1 1 1 1 1 1 1 1 1 1 1 1 1 1 1 1 1 1 1 1 1 1 1 1 1 1 1 1 1 1 1 1 1 1 1 1 1 1 1 1 1 1 1 1 1 1 1 1 1 1 1 1 1 1 1 1 1 1 1 1 1 1 1 1 1 1 1 1 1 1 1 1 1 1 1 1 1 1 1 1 1 1 1 1 1 1 1 1 1 1 1 1 1 1 1 1 1 1 1 1 1 1 1 1 1 1 1 1 1 1 1 1 1 1 1 1 1 1 1 1 1 1 1 1 1 1 1 1 1 1 1 1 1 1 1 1 1 1 1 1 1 1 1 1 1 1 1 1 1 1 1 1 1 1 1 1 1 1 1 1 1 1 1 1 1 1 1 1 1 1 1 1 1 1 1 1 1 1 1 1 1 1 1 1 1 1 1 1 1 1 1 1 1 1 1 1 1 1 1 1 1 1 1 1 1 1 1 1 1 1 1 1 1 1 1 1 1 1 1 1 1 1 1 1 1 1 1 1 1 1 1 1 1 1 1 1 1 1 1 1 1 1 1 1 1 </vcount>
          <v>0 0 0 1 0 2 0 3 0 4 0 5 0 6 0 7 0 8 0 9 0 10 0 11 0 12 0 13 0 14 0 15 0 16 0 17 0 18 0 19 0 20 0 21 0 22 0 23 0 24 0 25 0 26 0 27 0 28 0 29 0 30 0 31 0 32 0 33 0 34 0 35 0 36 0 37 0 38 0 39 0 40 0 41 0 42 0 43 0 44 0 45 0 46 0 47 0 48 0 49 0 50 0 51 0 52 0 53 0 54 0 55 0 56 0 57 0 58 0 59 0 60 0 61 0 62 0 63 0 64 0 65 0 66 0 67 0 68 0 69 0 70 0 71 0 72 0 73 0 74 0 75 0 76 0 77 0 78 0 79 0 80 0 81 0 82 0 83 0 84 0 85 0 86 0 87 0 88 0 89 0 90 0 91 0 92 0 93 0 94 0 95 0 96 0 97 0 98 0 99 0 100 0 101 0 102 0 103 0 104 0 105 0 106 0 107 0 108 0 109 0 110 0 111 0 112 0 113 0 114 0 115 0 116 0 117 0 118 0 119 0 120 0 121 0 122 0 123 0 124 0 125 0 126 0 127 0 128 0 129 0 130 0 131 0 132 0 133 0 134 0 135 0 136 0 137 0 138 0 139 0 140 0 141 0 142 0 143 0 144 0 145 0 146 0 147 0 148 0 149 0 150 0 151 0 152 0 153 0 154 0 155 0 156 0 157 0 158 0 159 0 160 0 161 0 162 0 163 0 164 0 165 0 166 0 167 0 168 0 169 0 170 0 171 0 172 0 173 0 174 0 175 0 176 0 177 0 178 0 179 0 180 0 181 0 182 0 183 0 184 0 185 0 186 0 187 0 188 0 189 0 190 0 191 0 192 0 193 0 194 0 195 0 196 0 197 0 198 0 199 0 200 0 201 0 202 0 203 0 204 0 205 0 206 0 207 0 208 0 209 0 210 0 211 0 212 0 213 0 214 0 215 0 216 0 217 0 218 0 219 0 220 0 221 0 222 0 223 0 224 0 225 0 226 0 227 0 228 0 229 0 230 0 231 0 232 0 233 0 234 0 235 0 236 0 237 0 238 0 239 0 240 0 241 0 242 0 243 0 244 0 245 0 246 0 247 0 248 0 249 0 250 0 251 0 252 0 253 0 254 0 255 0 256 0 257 0 258 0 259 0 260 0 261 0 262 0 263 0 264 0 265 0 266 0 267 0 268 0 269 0 270 0 271 0 272 0 273 0 274 0 275 0 276 0 277 0 278 0 279 0 280 0 281 0 282 0 283 0 284 0 285 0 286 0 287 0 288 0 289 0 290 0 291 0 292 0 293 0 294 0 295 0 296 0 297 0 298 0 299 0 300 0 301 0 302 0 303 0 304 0 305 0 306 0 307 0 308 0 309 0 310 0 311 0 312 0 313 0 314 0 315 0 316 0 317 0 318 0 319 0 320 0 321 0 322 0 323 0 324 0 325 0 326 0 327 0 328 0 329 0 330 0 331 0 332 0 333 0 334 0 335 0 336 0 337 0 338 0 339 0 340 0 341 0 342 0 343 0 344 0 345 0 346 0 347 0 348 0 349 0 350 0 351 0 352 0 353 0 354 0 355 0 356 0 357 0 358 0 359 0 360 0 361 0 362 0 363 0 364 0 365 0 366 0 367 0 368 0 369 0 370 0 371 0 372 0 373 0 374 0 375 0 376 0 377 0 378 0 379 0 380 0 381 0 382 0 383 0 384 0 385 0 386 0 387 0 388 0 389 0 390 0 391 0 392 0 393 0 394 0 395 0 396 0 397 0 398 0 399 0 400 0 401 0 402 0 403 0 404 0 405 0 406 0 407 0 408 0 409 0 410 0 411 0 412 0 413 0 414 0 415 0 416 0 417 0 418 0 419 0 420 0 421 0 422 0 423 0 424 0 425 0 426 0 427 0 428 0 429 0 430 0 431 0 432 0 433 0 434 0 435 0 436 0 437 0 438 0 439 0 440 0 441 0 442 0 443 0 444 0 445 0 446 0 447 0 448 0 449 0 450 0 451 0 452 0 453 0 454 0 455 0 456 0 457 0 458 0 459 0 460 0 461 0 462 0 463 0 464 0 465 0 466 0 467 0 468 0 469 0 470 0 471 0 472 0 473 0 474 0 475 0 476 0 477 0 478 0 479 0 480 0 481 0 482 0 483 0 484 0 485 0 486 0 487 0 488 0 489 0 490 0 491 0 492 0 493 0 494 0 495 0 496 0 497 0 498 0 499 0 500 0 501 0 502 0 503 0 504 0 505 0 506 0 507 0 508 0 509 0 510 0 511 0 512 0 513 0 514 0 515 0 516 0 517 0 518 0 519 0 520 0 521 0 522 0 523 0 524 0 525 0 526 0 527 0 528 0 529 0 530 0 531 0 532 0 533 0 534 0 535 0 536 0 537 0 538 0 539 0 540 0 541 0 542 0 543 0 544 0 545 0 546 0 547 0 548 0 549 0 550 0 551 0 552 0 553 0 554 0 555 0 556 0 557 0 558 0 559 0 560 0 561 0 562 0 563 0 564 0 565 0 566 0 567 0 568 0 569 0 570 0 571 0 572 0 573 0 574 0 575 0 576 0 577 0 578 0 579 0 580 0 581 0 582 0 583 0 584 0 585 0 586 0 587 0 588 0 589 0 590 0 591 0 592 0 593 0 594 0 595 0 596 0 597 0 598 0 599 0 600 0 601 0 602 0 603 0 604 0 605 0 606 0 607 0 608 0 609 0 610 0 611 0 612 0 613 0 614 0 615 0 616 0 617 0 618 0 619 0 620 0 621 0 622 0 623 0 624 0 625 0 626 0 627 0 628 0 629 0 630 0 631 0 632 0 633 0 634 0 635 0 636 0 637 0 638 0 639 0 640 0 641 0 642 0 643 0 644 0 645 0 646 0 647 0 648 0 649 0 650 0 651 0 652 0 653 0 654 0 655 0 656 0 657 0 658 0 659 0 660 0 661 0 662 0 663 0 664 0 665 0 666 0 667 0 668 0 669 0 670 0 671 0 672 0 673 0 674 0 675 0 676 0 677 0 678 0 679 0 680 0 681 0 682 0 683 0 684 0 685 0 686 0 687 0 688 0 689 0 690 0 691 0 692 0 693 0 694 0 695 0 696 0 697 0 698 0 699 0 700 0 701 0 702 0 703 0 704 0 705 0 706 0 707 0 708 0 709 0 710 0 711 0 712 0 713 0 714 0 715 0 716 0 717 0 718 0 719 0 720 0 721 0 722 0 723 0 724 0 725 0 726 0 727 0 728 0 729 0 730 0 731 0 732 0 733 0 734 0 735 0 736 0 737 0 738 0 739 0 740 0 741 0 742 0 743 0 744 0 745 0 746 0 747 0 748 0 749 0 750 0 751 0 752 0 753 0 754 0 755 0 756 0 757 0 758 0 759 0 760 0 761 0 762 0 763 0 764 0 765 0 766 0 767 0 768 0 769 0 770 0 771 0 772 0 773 0 774 0 775 0 776 0 777 0 778 0 779 0 780 0 781 0 782 0 783 0 784 0 785 0 786 0 787 0 788 0 789 0 790 0 791 0 792 0 793 0 794 0 795 0 796 0 797 0 798 0 799 0 800 0 801 0 802 0 803 0 804 0 805 0 806 0 807 0 808 0 809 0 810 0 811 0 812 0 813 0 814 0 815 0 816 0 817 0 818 0 819 0 820 0 821 0 822 0 823 0 824 0 825 0 826 0 827 0 828 0 829 0 830 0 831 0 832 0 833 0 834 0 835 0 836 0 837 0 838 0 839 0 840 0 841 0 842 0 843 0 844 0 845 0 846 0 847 0 848 0 849 0 850 0 851 0 852 0 853 0 854 0 855 0 856 0 857 0 858 0 859 0 860 0 861 0 862 0 863 0 864 0 865 0 866 0 867 0 868 0 869 0 870 0 871 0 872 0 873 0 874 0 875 0 876 0 877 0 878 0 879 0 880 0 881 0 882 0 883 0 884 0 885 0 886 0 887 0 888 0 889 0 890 0 891 0 892 0 893 0 894 0 895 0 896 0 897 0 898 0 899 0 900 0 901 0 902 0 903 0 904 0 905 0 906 0 907 0 908 0 909 0 910 0 911 0 912 0 913 0 914 0 915 0 916 0 917 0 918 0 919 0 920 0 921 0 922 0 923 0 924 0 925 0 926 0 927 0 928 0 929 0 930 0 931 0 932 0 933 0 934 0 935 0 936 0 937 0 938 0 939 0 940 0 941 0 942 0 943 0 944 0 945 0 946 0 947 0 948 0 949 0 950 0 951 0 952 0 953 0 954 0 955 0 956 0 957 0 958 0 959 0 960 0 961 0 962 0 963 0 964 0 965 0 966 0 967 0 968 0 969 0 970 0 971 0 972 0 973 0 974 0 975 0 976 0 977 0 978 0 979 0 980 0 981 0 982 0 983 0 984 0 985 0 986 0 987 0 988 0 989 0 990 0 991 0 992 0 993 0 994 0 995 0 996 0 997 0 998 0 999 0 1000 0 1001 0 1002 0 1003 0 1004 0 1005 0 1006 0 1007 0 1008 0 1009 0 1010 0 1011 0 1012 0 1013 0 1014 0 1015 0 1016 0 1017 0 1018 0 1019 0 1020 0 1021 0 1022 0 1023 0 1024 0 1025 0 1026 0 1027 0 1028 0 1029 0 1030 0 1031 0 1032 0 1033 0 1034 0 1035 0 1036 0 1037</v>
        </vertex_weights>
      </skin>
    </controller>
  </library_controllers>
  <library_animations>
    <animation id="action_container-pickup_powerup_plague_qc_skeleton" name="pickup_powerup_plague.qc_skeleton"/>
  </library_animations>
  <library_visual_scenes>
    <visual_scene id="emitter_qc" name="emitter.qc">
      <node id="pickup_powerup_plague_qc_skeleton" name="pickup_powerup_plague.qc_skeleton" type="NODE">
        <matrix sid="transform">1 0 0 0 0 1 0 0 0 0 1 0 0 0 0 1</matrix>
        <node id="pickup_powerup_plague_qc_skeleton_jnt_spin" name="jnt_spin" sid="jnt_spin" type="JOINT">
          <matrix sid="transform">0.9985334 0 0.05413851 0 0 1 0 0 -0.05413851 0 0.9985334 0 0 0 0 1</matrix>
          <extra>
            <technique profile="blender">
              <layer sid="layer" type="string">0</layer>
              <roll sid="roll" type="float">0.05416494</roll>
              <tip_x sid="tip_x" type="float">0</tip_x>
              <tip_y sid="tip_y" type="float">0.000999987</tip_y>
              <tip_z sid="tip_z" type="float">0</tip_z>
            </technique>
          </extra>
        </node>
        <node id="pickup_powerup_plague" name="pickup_powerup_plague" type="NODE">
          <matrix sid="transform">1 0 0 0 0 1 0 0 0 0 1 0 0 0 0 1</matrix>
          <instance_controller url="#pickup_powerup_plague_qc_skeleton_pickup_powerup_plague-skin">
            <skeleton>#pickup_powerup_plague_qc_skeleton_jnt_spin</skeleton>
            <bind_material>
              <technique_common>
                <instance_material symbol="pickup_powerup_set_new-material" target="#pickup_powerup_set_new-material">
                  <bind_vertex_input semantic="UVMap" input_semantic="TEXCOORD" input_set="0"/>
                </instance_material>
              </technique_common>
            </bind_material>
          </instance_controller>
        </node>
      </node>
    </visual_scene>
  </library_visual_scenes>
  <scene>
    <instance_visual_scene url="#emitter_qc"/>
  </scene>
</COLLADA>