<?xml version="1.0" encoding="utf-8"?>
<COLLADA xmlns="http://www.collada.org/2005/11/COLLADASchema" version="1.4.1" xmlns:xsi="http://www.w3.org/2001/XMLSchema-instance">
  <asset>
    <contributor>
      <author>Blender User</author>
      <authoring_tool>Blender 2.90.1 commit date:2020-09-23, commit time:06:43, hash:3e85bb34d0d7</authoring_tool>
    </contributor>
    <created>2023-10-29T01:41:52</created>
    <modified>2023-10-29T01:41:52</modified>
    <unit name="meter" meter="1"/>
    <up_axis>Z_UP</up_axis>
  </asset>
  <library_effects>
    <effect id="pickup_powerup_set_new-effect">
      <profile_COMMON>
        <newparam sid="pickup_powerup_set_new_png-surface">
          <surface type="2D">
            <init_from>pickup_powerup_set_new_png</init_from>
          </surface>
        </newparam>
        <newparam sid="pickup_powerup_set_new_png-sampler">
          <sampler2D>
            <source>pickup_powerup_set_new_png-surface</source>
          </sampler2D>
        </newparam>
        <technique sid="common">
          <lambert>
            <emission>
              <color sid="emission">0 0 0 1</color>
            </emission>
            <diffuse>
              <texture texture="pickup_powerup_set_new_png-sampler" texcoord="UVMap"/>
            </diffuse>
            <index_of_refraction>
              <float sid="ior">1.45</float>
            </index_of_refraction>
          </lambert>
        </technique>
      </profile_COMMON>
    </effect>
  </library_effects>
  <library_images>
    <image id="pickup_powerup_set_new_png" name="pickup_powerup_set_new_png">
      <init_from>pickup_powerup_set_new.png</init_from>
    </image>
  </library_images>
  <library_materials>
    <material id="pickup_powerup_set_new-material" name="pickup_powerup_set_new">
      <instance_effect url="#pickup_powerup_set_new-effect"/>
    </material>
  </library_materials>
  <library_geometries>
    <geometry id="pickup_powerup_knockout-mesh" name="pickup_powerup_knockout">
      <mesh>
        <source id="pickup_powerup_knockout-mesh-positions">
          <float_array id="pickup_powerup_knockout-mesh-positions-array" count="2934">7.943901 39.963 2.448 7.80453 40.5159 3.672 7.80453 40.5159 2.448 7.943901 39.963 3.672 4.55779 21.3147 2.448 4.14677 22.5215 3.672 4.14677 22.5215 2.448 4.55779 21.3147 3.672 5.633481 19.8057 2.448 5.63348 19.8057 3.672 6.864601 18.5014 2.448 6.8646 18.5014 3.672 7.88578 17.6497 2.448 7.88578 17.6497 3.672 8.79002 17.2875 2.448 8.79002 17.2875 3.672 7.15745 41.2645 4.284 2.78938 47.0527 4.284 1.54695 45.3003 4.284 3.92406 48.5988 4.284 2.45876 37.3538 4.284 3.01775 37.3981 4.284 3.6961 37.7148 4.284 1.32661 37.6756 4.284 4.50958 38.4257 4.284 5.32231 39.3941 4.284 6.00457 40.3091 4.284 0.369777 43.5722 4.284 -0.559754 42.1166 4.284 -0.115087 38.6702 4.284 -0.927254 39.7539 4.284 -1.11897 41.0555 4.284 5.82665 50.2011 4.284 5.41187 50.2041 4.284 4.72565 49.6503 4.284 6.777989 49.9625 4.284 7.83395 49.5043 4.284 9.15839 48.6202 4.284 8.312702 41.056 4.284 10.8969 47.29 4.284 11.7409 46.2686 4.284 12.2907 45.3013 4.284 12.6524 44.2875 4.284 12.8471 43.1171 4.284 12.8279 41.7126 4.284 8.62848 39.8921 4.284 12.5285 40.0529 4.284 11.9609 38.2951 4.284 8.01643 38.5446 4.284 11.3044 36.7932 4.284 10.4188 35.2584 4.284 6.91552 36.9494 4.284 5.8849 35.7638 4.284 9.111071 33.1698 4.284 7.56619 30.8031 4.283999 4.27873 35.0717 4.284 5.961841 28.4179 4.284 2.94897 34.8367 4.284 4.47199 26.2677 4.284 2.05796 33.8317 4.284 1.026 32.2972 4.284 -0.670504 30.0575 4.284 -2.4471 27.9028 4.284 3.55144 24.9551 4.284 2.44849 23.6041 4.284 0.688839 22.3511 4.284 -4.426781 26.1675 4.283999 -1.41215 21.7977 4.284 -6.39116 25.3107 4.284 -3.31682 21.9736 4.284 -7.78831 25.1222 4.284 -6.6748 24.0311 4.284 -7.76721 24.9681 4.284 -7.85815 25.1082 4.284 -4.60774 22.5787 4.284 9.63806 17.8248 2.448 9.63806 17.8248 3.672 11.0075 19.5331 2.448 11.0075 19.5331 3.672 13.0607 22.2541 2.448 13.0607 22.2541 3.672 15.3519 25.4436 2.448 15.3519 25.4436 3.672 17.5515 28.6263 2.448 17.5515 28.6263 3.672 19.33 31.3273 2.448 19.33 31.3273 3.672 20.3741 33.3075 2.448 20.3741 33.3075 3.672 4.72565 49.6503 -4.284 5.41187 50.2041 -4.284 5.82665 50.2011 -4.284 6.77799 49.9625 -4.284 3.92406 48.5988 -4.284 7.83395 49.5043 -4.284 9.15839 48.6202 -4.284 2.78938 47.0527 -4.284 10.8969 47.29 -4.284 1.54695 45.3003 -4.284 2.45876 37.3538 -4.284 0.369777 43.5722 -4.284 1.32661 37.6756 -4.284 -0.559754 42.1166 -4.284 -0.115087 38.6702 -4.284 -0.927249 39.7539 -4.284 -1.11897 41.0555 -4.284 11.741 46.2686 -4.284 3.6961 37.7148 -4.284 3.01775 37.3981 -4.284 4.50958 38.4257 -4.284 5.32231 39.3941 -4.284 6.00457 40.3091 -4.284 7.15745 41.2645 -4.284 8.312702 41.056 -4.284 12.2907 45.3013 -4.284 12.6524 44.2875 -4.284 12.8471 43.1171 -4.284 12.8279 41.7126 -4.284 8.62848 39.8921 -4.284 12.5285 40.0529 -4.284 11.9609 38.2951 -4.284 8.01643 38.5446 -4.284 11.3044 36.7932 -4.284 10.4188 35.2584 -4.284 6.91552 36.9494 -4.284 5.8849 35.7638 -4.284 9.11107 33.1698 -4.284 7.56619 30.8031 -4.284 5.961841 28.4179 -4.284 4.471991 26.2677 -4.284 3.55144 24.9551 -4.284 2.44849 23.6041 -4.284 4.27873 35.0717 -4.284 2.94897 34.8367 -4.284 0.688839 22.3511 -4.284 -1.41214 21.7977 -4.284 -3.31682 21.9736 -4.284 1.026 32.2972 -4.284 -0.670499 30.0575 -4.284 -2.44709 27.9028 -4.284 -4.42678 26.1675 -4.284 -4.607729 22.5787 -4.284 -6.39116 25.3107 -4.284 2.05796 33.8317 -4.284 -6.6748 24.0311 -4.284 -7.76721 24.9681 -4.284 -7.788301 25.1222 -4.284 -7.85815 25.1082 -4.284 -10.8838 52.2065 4.284 -12.6528 50.0274 4.284 -14.6285 47.3515 4.284 -16.5712 44.4039 4.284 -18.2424 41.4132 4.284 -7.42213 54.8832 4.284 -8.485361 54.4947 4.284 -9.588481 53.6401 4.284 -6.33569 54.974 4.284 -19.2035 33.9746 4.284 -19.4107 38.6061 4.284 -19.7787 37.0879 4.284 -19.7697 35.4602 4.284 -0.163515 48.2545 4.284 0.533252 49.6094 4.284 0.367504 50.5894 4.284 0.149514 51.7947 4.283999 -0.691397 52.63 4.283999 -0.882814 47.1293 4.283999 -1.71475 53.3758 4.284 -3.20311 54.1725 4.284 -1.67312 45.9877 4.284 -2.90455 44.2279 4.284 -4.666 54.7155 4.284 -4.12657 42.1808 4.283999 -4.27134 39.3298 4.284 -18.0462 32.4323 4.284 -16.2645 30.8103 4.284 -12.9841 28.7859 4.284 -10.022 28.0056 4.284 -7.8525 28.209 4.284 -6.02589 29.0881 4.284 -4.33104 30.6354 4.284 -2.85954 36.9501 4.284 -2.91979 32.1328 4.284 -1.74265 33.6582 4.284 -0.95775 34.7023 4.284 -1.03325 35.6932 4.283999 -0.845268 35.217 4.284 -14.6285 47.3515 -4.284 -12.6528 50.0274 -4.284 -10.8838 52.2065 -4.284 -16.5712 44.4039 -4.284 -18.2424 41.4132 -4.284 -9.588481 53.6401 -4.284 -8.485362 54.4947 -4.284 -7.42213 54.8832 -4.283999 -6.33569 54.974 -4.284 -19.2035 33.9746 -4.284 -19.4107 38.6061 -4.284 -19.7787 37.0879 -4.284 -19.7697 35.4602 -4.284 0.367504 50.5894 -4.284 0.533252 49.6094 -4.284 -0.16351 48.2545 -4.284 0.149514 51.7947 -4.284 -0.691397 52.63 -4.284 -0.882809 47.1293 -4.284 -1.71475 53.3758 -4.284 -3.20311 54.1725 -4.284 -1.67312 45.9877 -4.284 -2.90455 44.2279 -4.284 -4.66599 54.7155 -4.284 -4.12657 42.1808 -4.284 -4.27134 39.3298 -4.284 -18.0461 32.4323 -4.284 -16.2645 30.8103 -4.284 -12.9841 28.7859 -4.284 -10.022 28.0056 -4.284 -7.85249 28.209 -4.284 -6.02588 29.0881 -4.284 -4.331039 30.6354 -4.284 -2.85954 36.9501 -4.284 -2.91978 32.1328 -4.284 -1.74265 33.6582 -4.284 -0.95775 34.7023 -4.284 -1.03325 35.6932 -4.284 -0.845268 35.217 -4.284 1.03357 37.0529 -2.448 2.61322 35.4375 -2.448 1.51884 34.2595 -2.448 2.39119 36.6689 -2.448 3.19157 36.7322 -2.448 4.076961 35.7297 -2.448 4.06909 37.1364 -2.448 5.47811 36.3189 -2.448 4.999681 37.9425 -2.448 6.369461 37.3683 -2.448 5.86224 38.9673 -2.448 7.42224 38.8919 -2.448 6.514911 39.8473 -2.448 7.943901 39.963 -2.448 7.34505 40.6023 -2.448 7.804531 40.5159 -2.448 -3.59804 39.4725 -2.448 -3.48406 41.9341 -2.448 -1.79834 41.1656 -2.448 -2.37481 37.4387 -2.448 -1.56466 39.4943 -2.448 -0.594246 38.1761 -2.448 -0.571257 36.2033 -2.448 -0.130576 35.2279 -2.448 -0.324875 34.4318 -2.448 -1.17959 33.2624 -2.448 0.466121 32.6975 -2.448 -2.3846 31.7001 -2.448 -1.21058 30.4841 -2.448 -3.84308 30.15 -2.448 -2.94178 28.3813 -2.448 -5.650311 28.5114 -2.448 -4.79588 26.7484 -2.448 -6.58215 25.9719 -2.448 -7.669 27.5457 -2.448 -8.09118 25.7403 -2.448 -9.87568 25.8765 -2.448 -8.565072 25.2907 -2.448 -9.475641 23.8052 -2.448 -7.94706 22.4048 -2.448 -8.34446 24.5934 -2.448 -7.10147 23.4911 -2.448 -5.64173 20.7915 -2.448 -4.95122 21.9823 -2.448 -3.49543 21.309 -2.448 1.56432 20.4812 -2.448 -1.3551 21.1118 -2.448 0.980211 21.7276 -2.448 3.07519 21.5067 -2.448 4.14677 22.5215 -2.448 4.55779 21.3147 -2.448 5.633481 19.8057 -2.448 -3.85622 19.9806 -2.448 -1.24137 19.74 -2.448 7.1498 16.485 -2.448 5.91869 17.5014 -2.448 4.571791 18.9297 -2.448 3.34212 20.6681 -2.448 12.0963 18.6909 -2.448 10.5815 16.8208 -2.448 8.91527 15.9167 -2.448 6.8646 18.5014 -2.448 7.885779 17.6497 -2.448 8.790021 17.2875 -2.448 9.638071 17.8248 -2.448 11.0076 19.5331 -2.448 13.0607 22.2541 -2.448 14.1692 21.438 -2.448 15.3519 25.4436 -2.448 16.4771 24.6507 -2.448 18.6925 27.8563 -2.448 20.5059 30.611 -2.448 17.5515 28.6263 -2.448 19.33 31.3273 -2.448 20.3741 33.3075 -2.448 21.1186 35.1345 -2.448 20.0403 34.2777 -2.448 21.7459 33.1924 -2.448 19.0427 34.956 -2.448 19.7193 36.1551 -2.448 17.7867 35.5733 -2.448 18.375 36.8177 -2.448 16.6063 36.1116 -2.448 17.1519 37.3754 -2.448 15.473 36.5645 -2.448 15.8134 37.8989 -2.448 14.0492 37.9677 -2.448 13.8942 36.6984 -2.448 12.9162 35.8039 -2.448 11.9187 36.483 -2.448 11.0087 34.9039 -2.448 11.5426 33.9819 -2.448 9.690931 32.7991 -2.448 9.78543 31.5106 -2.448 8.13991 30.423 -2.448 7.90854 28.7772 -2.448 6.53025 28.0298 -2.448 6.176021 26.1687 -2.448 5.03652 25.874 -2.448 4.85189 24.0722 -2.448 4.09938 24.5387 -2.448 2.91748 23.1004 -2.448 12.6046 38.0513 -2.448 13.1962 39.8859 -2.448 14.5314 39.5514 -2.448 13.513 41.6469 -2.448 14.8832 41.5148 -2.448 14.9059 43.2731 -2.448 14.651 44.8059 -2.448 13.5333 43.1692 -2.448 13.3186 44.4603 -2.448 14.1676 46.1615 -2.448 12.9163 45.588 -2.448 13.4405 47.441 -2.448 12.3073 46.6597 -2.448 12.3292 48.7772 -2.448 11.3745 47.7856 -2.448 10.3595 50.2996 -2.448 9.55886 49.1799 -2.448 8.821842 51.3173 -2.448 8.16293 50.1088 -2.448 6.997921 50.6146 -2.448 5.89229 50.8863 -2.448 5.17565 50.8505 -2.448 7.44056 51.918 -2.448 6.041531 52.255 -2.448 4.705541 52.1442 -2.448 4.24021 50.1381 -2.448 3.16749 51.0325 -2.448 3.37388 49.0123 -2.448 -0.617046 55.1246 -2.448 -0.244309 53.1533 -2.448 -1.34879 53.9587 -2.448 0.965325 53.9704 -2.448 0.689171 52.2218 -2.448 2.08163 52.8503 -2.448 1.01371 50.8263 -2.448 1.2135 49.5049 -2.448 2.23122 47.4553 -2.448 0.436602 47.9175 -2.448 -0.309682 46.7483 -2.448 0.98179 45.6931 -2.448 -1.10825 45.5945 -2.448 -0.204825 43.9511 -2.448 -2.31684 43.8444 -2.448 -1.15906 42.455 -2.448 -16.3216 48.5332 -2.448 -13.197 50.4488 -2.448 -15.1929 47.7454 -2.448 -14.2853 51.2916 -2.448 -11.4062 52.6546 -2.448 -12.4517 53.5499 -2.448 -10.0551 54.146 -2.448 -10.9912 55.1552 -2.448 -8.817541 55.0974 -2.448 -9.48333 56.3022 -2.448 -7.57114 55.5551 -2.448 -7.8675 56.8993 -2.448 -6.31221 55.6618 -2.448 -6.26389 57.0375 -2.448 -4.49339 55.3817 -2.448 -4.14664 56.7138 -2.448 -2.92068 54.8001 -2.448 -2.35496 56.055 -2.448 7.34505 40.6023 -3.672 7.80453 40.5159 -3.672 7.943901 39.963 -3.672 7.34505 40.6023 3.672 7.34505 40.6023 2.448 19.7193 36.1551 2.448 18.375 36.8177 2.448 17.1519 37.3754 2.448 15.8133 37.8988 2.448 21.1186 35.1345 2.448 14.0492 37.9677 2.448 12.9162 35.8039 2.448 13.8942 36.6984 2.448 15.473 36.5645 2.448 16.6063 36.1116 2.448 17.7867 35.5733 2.448 19.0427 34.956 2.448 20.0403 34.2777 2.448 21.7459 33.1923 2.448 20.5059 30.611 2.448 18.6925 27.8563 2.448 16.4771 24.6507 2.448 14.1692 21.438 2.448 4.85189 24.0722 2.448 4.09938 24.5387 2.448 5.03652 25.874 2.448 6.17602 26.1687 2.448 6.53025 28.0298 2.448 7.90854 28.7772 2.448 8.13991 30.423 2.448 9.785422 31.5106 2.448 9.69092 32.7991 2.448 11.5426 33.9819 2.448 11.0087 34.9039 2.448 11.9187 36.483 2.448 12.6046 38.0513 2.448 13.1962 39.8859 2.448 14.5314 39.5514 2.448 13.513 41.6469 2.448 14.8832 41.5148 2.448 13.5333 43.1692 2.448 14.9059 43.2731 2.448 13.3186 44.4603 2.448 14.651 44.8059 2.448 12.9163 45.588 2.448 14.1676 46.1615 2.448 12.3073 46.6597 2.448 13.4405 47.441 2.448 11.3745 47.7856 2.448 12.3292 48.7772 2.448 9.558851 49.1799 2.448 10.3595 50.2996 2.448 8.16293 50.1088 2.448 8.821841 51.3173 2.448 6.99792 50.6146 2.448 7.44056 51.918 2.448 5.892291 50.8863 2.448 6.04152 52.255 2.448 4.70554 52.1442 2.448 3.16749 51.0325 2.448 5.175651 50.8505 2.448 4.24021 50.1381 2.448 3.37388 49.0123 2.448 1.2135 49.5049 2.448 2.23122 47.4553 2.448 0.436602 47.9175 2.448 -0.309687 46.7483 2.448 0.98179 45.6931 2.448 -1.10825 45.5945 2.448 -0.204825 43.9511 2.448 -2.31684 43.8444 2.448 -1.15906 42.455 2.448 -3.48406 41.9341 2.448 -1.79834 41.1656 2.448 -3.59805 39.4725 2.448 -1.56466 39.4943 2.448 1.0137 50.8263 2.448 0.689171 52.2218 2.448 2.08163 52.8503 2.448 -0.244309 53.1533 2.448 0.965325 53.9704 2.448 -1.34879 53.9587 2.448 -0.617046 55.1246 2.448 -2.92068 54.8001 2.448 -2.35496 56.055 2.448 -4.493391 55.3817 2.448 -4.14664 56.7138 2.448 -6.312211 55.6618 2.448 -6.26389 57.0374 2.448 -7.57114 55.5551 2.448 -7.8675 56.8993 2.448 -8.817541 55.0974 2.448 -9.48333 56.3022 2.448 -10.0551 54.146 2.448 -10.9912 55.1552 2.448 -12.4517 53.5499 2.448 -11.4062 52.6546 2.448 -14.2853 51.2916 2.448 -13.197 50.4488 2.448 -16.3216 48.5332 2.448 -15.1929 47.7454 2.448 -18.3355 45.4764 2.448 -17.1593 44.7613 2.448 -18.8616 41.7137 2.448 -20.0998 42.315 2.448 -21.3733 39.2474 2.448 -20.0651 38.8193 2.448 -21.8298 37.3255 2.448 -20.4625 37.1659 2.448 -21.7992 35.0804 2.448 -20.4462 35.3334 2.448 -21.0122 32.9788 2.448 -19.8069 33.6436 2.448 -19.574 31.0435 2.448 -18.5558 31.9697 2.448 -17.5069 29.1612 2.448 -16.6784 30.2604 2.448 -13.2547 28.1531 2.448 -13.7977 26.8882 2.448 -9.875681 25.8765 2.448 -10.0781 27.3196 2.448 -7.669001 27.5457 2.448 -8.09118 25.7403 2.448 -6.58216 25.9719 2.448 -5.650311 28.5114 2.448 -4.79589 26.7484 2.448 -2.94178 28.3813 2.448 -3.84308 30.15 2.448 -1.21058 30.4841 2.448 -2.3846 31.7001 2.448 0.466116 32.6974 2.448 -1.17959 33.2624 2.448 -0.324875 34.4318 2.448 -0.130581 35.2279 2.448 1.51884 34.2595 2.448 2.61322 35.4375 2.448 -2.37481 37.4387 2.448 -0.594246 38.1761 2.448 -0.571257 36.2033 2.448 1.03356 37.0529 2.448 2.39119 36.6689 2.448 3.19157 36.7322 2.448 4.076961 35.7297 2.448 4.06909 37.1364 2.448 5.47811 36.3189 2.448 4.99968 37.9425 2.448 6.36946 37.3683 2.448 5.86224 38.9673 2.448 7.42224 38.8919 2.448 6.514911 39.8473 2.448 -8.565072 25.2907 2.448 -9.475641 23.8052 2.448 -7.94706 22.4048 2.448 -8.34446 24.5934 2.448 -7.10147 23.4911 2.448 -4.951221 21.9823 2.448 -5.64173 20.7915 2.448 -3.49543 21.309 2.448 -3.85622 19.9806 2.448 -1.3551 21.1118 2.448 -1.24137 19.74 2.448 0.980211 21.7276 2.448 1.56432 20.4812 2.448 3.07519 21.5067 2.448 2.91748 23.1004 2.448 12.0963 18.6909 2.448 10.5815 16.8208 2.448 8.91527 15.9167 2.448 7.1498 16.4849 2.448 5.91869 17.5014 2.448 4.57179 18.9297 2.448 3.34211 20.6681 2.448 14.9478 38.6029 -1.836 15.1993 39.3852 1.836 14.9478 38.6029 1.836 15.1993 39.3852 -1.836 15.5683 41.4496 1.836 15.5683 41.4496 -1.836 15.5921 43.3254 -1.836 15.5921 43.3254 1.836 15.3173 44.9785 -1.836 15.3173 44.9785 1.836 14.7933 46.4482 -1.836 14.7933 46.4482 1.836 14.0063 47.8329 -1.836 14.0063 47.8329 1.836 12.8072 49.2723 -1.836 12.8072 49.2723 1.836 10.7602 50.8591 -1.836 10.7602 50.8591 1.836 9.149881 51.9224 -1.836 9.149882 51.9224 1.836 7.657731 52.5711 -1.836 7.657731 52.5711 1.836 6.0892 52.9416 -1.836 6.0892 52.9416 1.836 4.46698 52.7898 1.836 4.46698 52.7898 -1.836 3.37597 52.0197 1.836 3.37597 52.0197 -1.836 4.85189 24.0722 -3.672 4.14677 22.5215 -3.672 6.17602 26.1687 -3.672 7.90854 28.7772 -3.672 9.78543 31.5106 -3.672 11.5426 33.9819 -3.672 12.9162 35.8039 -3.672 13.8942 36.6984 -3.672 7.885779 17.6497 -3.672 8.790021 17.2875 -3.672 6.864601 18.5014 -3.672 5.633481 19.8057 -3.672 4.55779 21.3147 -3.672 19.33 31.3273 -3.672 20.3741 33.3075 -3.672 17.5515 28.6263 -3.672 15.3519 25.4436 -3.672 13.0607 22.2541 -3.672 11.0076 19.5331 -3.672 9.63807 17.8248 -3.672 15.473 36.5645 -3.672 16.6063 36.1116 -3.672 17.7867 35.5733 -3.672 19.0427 34.956 -3.672 20.0403 34.2777 -3.672 -18.5558 31.9697 3.672 -19.8069 33.6436 3.672 -16.6784 30.2604 3.672 -13.2547 28.1531 3.672 -11.4062 52.6546 3.672 -10.0551 54.146 3.672 -13.197 50.4488 3.672 -15.1929 47.7454 3.672 -17.1593 44.7613 3.672 -18.8616 41.7137 3.672 -20.0651 38.8193 3.672 -20.4625 37.1659 3.672 -20.4462 35.3334 3.672 0.689171 52.2218 3.672 1.0137 50.8263 3.672 -0.244309 53.1533 3.672 -1.34879 53.9587 3.672 -2.92068 54.8001 3.672 -4.493391 55.3817 3.672 -6.31221 55.6618 3.672 -7.57114 55.5551 3.672 -8.817541 55.0974 3.672 -2.37481 37.4387 3.672 -0.571257 36.2033 3.672 -3.59805 39.4725 3.672 -3.48406 41.9341 3.672 -2.31684 43.8444 3.672 -1.10825 45.5945 3.672 -0.309687 46.7483 3.672 0.436602 47.9175 3.672 1.2135 49.5049 3.672 -10.0781 27.3196 3.672 -7.669 27.5457 3.672 -5.650311 28.5114 3.672 -3.84308 30.15 3.672 -2.3846 31.7001 3.672 -1.17959 33.2624 3.672 -0.324875 34.4318 3.672 -0.130581 35.2279 3.672 7.3361 19.0027 4.284 6.1652 20.2427 4.284 8.23848 18.2407 4.284 8.726881 17.9728 4.284 9.179151 18.3377 4.284 10.4643 19.9557 4.284 12.5065 22.6622 4.284 14.7893 25.84 4.284 16.981 29.0113 4.284 18.7375 31.6774 4.283999 19.6879 33.3604 4.284 20.0403 34.2777 3.672 19.4935 33.8598 4.284 19.0427 34.956 3.672 18.6966 34.3611 4.284 17.7867 35.5733 3.672 17.4921 34.9513 4.284 16.3357 35.4788 4.284 16.6063 36.1116 3.672 15.3145 35.8947 4.283999 15.473 36.5645 3.672 14.116 36.0469 4.284 13.8942 36.6984 3.672 12.9162 35.8039 3.672 13.4254 35.3408 4.284 11.5426 33.9819 3.672 12.0979 33.5753 4.284 9.785422 31.5106 3.672 10.3496 31.1164 4.284 7.90854 28.7772 3.672 8.478892 28.392 4.284 6.75365 25.7946 4.284 6.17602 26.1687 3.672 5.45751 23.7453 4.284 4.85189 24.0722 3.672 4.83417 22.4876 4.284 5.17021 21.6287 4.284 7.42224 38.8919 3.672 6.36946 37.3683 3.672 5.47811 36.3189 3.672 4.07696 35.7297 3.672 2.61322 35.4375 3.672 1.51884 34.2595 3.672 0.466116 32.6974 3.672 -1.21058 30.4841 3.672 -2.94178 28.3813 3.672 -4.79589 26.7484 3.672 -6.58216 25.9719 3.672 -8.09118 25.7403 3.672 -8.565072 25.2907 3.672 10.3496 31.1164 -4.284 12.0979 33.5753 -4.284 17.4921 34.9513 -4.284 16.3357 35.4788 -4.284 13.4254 35.3408 -4.284 15.3145 35.8947 -4.284 14.116 36.0469 -4.284 8.726881 17.9728 -4.284 8.23848 18.2407 -4.284 9.179149 18.3377 -4.284 10.4643 19.9557 -4.284 7.336101 19.0027 -4.284 12.5065 22.6622 -4.284 6.165201 20.2427 -4.284 14.7893 25.84 -4.284 5.17022 21.6287 -4.284 16.981 29.0113 -4.284 4.83417 22.4876 -4.284 18.7375 31.6774 -4.284 5.45751 23.7453 -4.284 19.6879 33.3604 -4.284 6.75365 25.7946 -4.284 19.4935 33.8598 -4.284 8.478891 28.392 -4.284 18.6966 34.3611 -4.284 5.03652 25.874 3.672 6.53025 28.0298 3.672 8.13991 30.423 3.672 9.69092 32.7991 3.672 11.0087 34.9039 3.672 11.9187 36.483 3.672 12.6046 38.0513 3.672 13.1962 39.8859 3.672 13.513 41.6469 3.672 13.5333 43.1692 3.672 13.3186 44.4603 3.672 12.9163 45.588 3.672 12.3073 46.6597 3.672 11.3745 47.7856 3.672 9.558851 49.1799 3.672 8.16293 50.1088 3.672 6.99792 50.6146 3.672 5.892291 50.8863 3.672 5.17565 50.8505 3.672 4.24021 50.1381 3.672 3.37388 49.0123 3.672 2.23122 47.4553 3.672 0.98179 45.6931 3.672 -0.204825 43.9511 3.672 -1.15906 42.455 3.672 -1.79834 41.1656 3.672 -1.56466 39.4943 3.672 -0.594246 38.1761 3.672 1.03356 37.0529 3.672 2.39119 36.6689 3.672 3.19157 36.7322 3.672 4.06909 37.1364 3.672 4.99968 37.9425 3.672 5.86224 38.9673 3.672 6.51491 39.8473 3.672 -10.0781 27.3196 -2.448 -13.2547 28.1531 -2.448 -13.7977 26.8882 -2.448 -16.6784 30.2604 -2.448 -17.5069 29.1612 -2.448 -18.5558 31.9697 -2.448 -19.574 31.0435 -2.448 -19.8069 33.6436 -2.448 -21.0122 32.9788 -2.448 -20.4462 35.3334 -2.448 -21.7992 35.0804 -2.448 -20.4625 37.1659 -2.448 -21.8298 37.3255 -2.448 -21.3733 39.2474 -2.448 -20.0651 38.8193 -2.448 -20.0998 42.315 -2.448 -18.8616 41.7137 -2.448 -18.3355 45.4764 -2.448 -17.1593 44.7613 -2.448 1.85433 19.857 -1.836 -1.18397 19.0542 1.836 -1.18397 19.0542 -1.836 1.85433 19.857 1.836 2.69886 20.4493 -1.836 2.69886 20.4493 1.836 2.72051 20.3727 -1.836 2.72051 20.3727 1.836 4.038331 18.4948 -1.836 4.03833 18.4948 1.836 5.45012 16.9973 1.836 5.45013 16.9973 -1.836 6.82765 15.8768 1.836 6.827651 15.8768 -1.836 8.979431 15.2315 -1.836 8.979431 15.2315 1.836 -4.03128 19.315 -1.836 -5.98167 20.1931 -1.836 -8.381482 21.871 -1.836 -10.0762 23.469 -1.836 -10.4621 25.3179 -1.836 11.0148 16.2861 -1.836 11.0148 16.2861 1.836 12.6373 18.2654 -1.836 12.6373 18.2654 1.836 14.7234 21.0299 -1.836 14.7234 21.0299 1.836 17.0397 24.2543 1.836 17.0397 24.2543 -1.836 19.2631 27.4716 -1.836 19.2631 27.4716 1.836 21.1076 30.2768 -1.836 21.1076 30.2768 1.836 22.4327 33.1488 -1.836 22.4327 33.1488 1.836 -10.4621 25.3179 1.836 -10.0762 23.469 1.836 -8.381481 21.871 1.836 -5.98167 20.1931 1.836 -4.03128 19.315 1.836 -2.07339 56.683 -1.836 -2.07339 56.683 1.836 -0.250901 55.7073 1.836 -0.250901 55.7073 -1.836 1.41377 54.4925 1.836 1.41378 54.4925 -1.836 2.62496 53.2727 1.836 2.62496 53.2727 -1.836 -18.9238 45.8335 -1.836 -18.9238 45.8335 1.836 -16.8861 48.927 1.836 -16.8861 48.927 -1.836 -14.8294 51.713 1.836 -14.8294 51.713 -1.836 -12.9733 53.9989 1.836 -12.9733 53.9989 -1.836 -11.455 55.6636 1.836 -11.455 55.6636 -1.836 -9.814081 56.9057 1.836 -9.814082 56.9057 -1.836 -8.01818 57.5709 1.836 -8.018181 57.5709 -1.836 -6.24177 57.7253 -1.836 -6.24177 57.7253 1.836 -3.97554 57.3805 1.836 -3.97554 57.3805 -1.836 -14.0667 26.2547 1.836 -14.0667 26.2547 -1.836 -17.9199 28.6106 1.836 -17.9199 28.6107 -1.836 -20.0846 30.582 1.836 -20.0846 30.582 -1.836 -21.6171 32.6505 1.836 -21.6171 32.6505 -1.836 -22.4755 34.9529 1.836 -22.4755 34.9529 -1.836 -22.514 37.3997 -1.836 -22.514 37.3997 1.836 -22.0282 39.4589 1.836 -22.0282 39.4589 -1.836 -20.7192 42.6149 -1.836 -20.7192 42.6149 1.836 5.47811 36.3189 -3.672 4.076961 35.7297 -3.672 6.36946 37.3683 -3.672 7.42224 38.8919 -3.672 -8.09118 25.7403 -3.672 -8.565072 25.2907 -3.672 -6.58215 25.9719 -3.672 -4.79588 26.7484 -3.672 -2.94178 28.3813 -3.672 -1.21058 30.4841 -3.672 0.466121 32.6975 -3.672 1.51884 34.2595 -3.672 2.61322 35.4375 -3.672 21.6809 35.5313 -1.836 21.6809 35.5313 1.836 20.0811 36.7406 -1.836 20.0811 36.7406 1.836 18.6705 37.4393 -1.836 18.6705 37.4393 1.836 17.4179 38.0101 -1.836 17.4179 38.0101 1.836 15.9485 38.5737 -1.836 15.9485 38.5737 1.836 -8.34446 24.5934 3.672 -7.10147 23.4911 3.672 -4.951221 21.9823 3.672 -3.49543 21.309 3.672 -1.3551 21.1118 3.672 0.980211 21.7276 3.672 2.91748 23.1004 3.672 4.09938 24.5387 3.672 -3.84308 30.15 -3.672 -5.650311 28.5114 -3.672 -7.669 27.5457 -3.672 -10.0781 27.3196 -3.672 -13.2547 28.1531 -3.672 -16.6784 30.2604 -3.672 -18.5558 31.9697 -3.672 -19.8069 33.6436 -3.672 -20.4462 35.3334 -3.672 -20.4625 37.1659 -3.672 -20.0651 38.8193 -3.672 -18.8616 41.7137 -3.672 -17.1593 44.7613 -3.672 -15.1929 47.7454 -3.672 -13.197 50.4488 -3.672 -11.4062 52.6546 -3.672 -10.0551 54.146 -3.672 -8.817541 55.0974 -3.672 -7.57114 55.5551 -3.672 -6.31221 55.6618 -3.672 -4.49339 55.3817 -3.672 -2.92068 54.8001 -3.672 -1.34879 53.9587 -3.672 -0.244309 53.1533 -3.672 0.689171 52.2218 -3.672 1.01371 50.8263 -3.672 1.2135 49.5049 -3.672 0.436602 47.9175 -3.672 -0.309682 46.7483 -3.672 -1.10825 45.5945 -3.672 -2.31684 43.8444 -3.672 -3.48406 41.9341 -3.672 -3.59804 39.4725 -3.672 -2.37481 37.4387 -3.672 -0.571257 36.2033 -3.672 -0.130576 35.2279 -3.672 -0.324875 34.4318 -3.672 -1.17959 33.2624 -3.672 -2.3846 31.7001 -3.672 13.513 41.6469 -3.672 13.5333 43.1692 -3.672 13.1962 39.8859 -3.672 12.6046 38.0513 -3.672 11.9187 36.483 -3.672 11.0087 34.9039 -3.672 9.690931 32.7991 -3.672 8.13991 30.423 -3.672 6.53025 28.0298 -3.672 5.03652 25.874 -3.672 4.09938 24.5387 -3.672 2.91748 23.1004 -3.672 0.980211 21.7276 -3.672 -1.3551 21.1118 -3.672 -3.49543 21.309 -3.672 -4.951221 21.9823 -3.672 -7.10147 23.4911 -3.672 -8.34446 24.5934 -3.672 5.892291 50.8863 -3.672 5.175651 50.8505 -3.672 6.99792 50.6146 -3.672 8.16293 50.1088 -3.672 9.55886 49.1799 -3.672 11.3745 47.7856 -3.672 12.3073 46.6597 -3.672 12.9163 45.588 -3.672 13.3186 44.4603 -3.672 -0.594246 38.1761 -3.672 -1.56466 39.4943 -3.672 -1.79834 41.1656 -3.672 -1.15906 42.455 -3.672 -0.204825 43.9511 -3.672 0.98179 45.6931 -3.672 2.23122 47.4553 -3.672 3.37388 49.0123 -3.672 4.24021 50.1381 -3.672 6.514911 39.8473 -3.672 5.86224 38.9673 -3.672 4.999681 37.9425 -3.672 4.06909 37.1364 -3.672 3.19157 36.7322 -3.672 2.39119 36.6689 -3.672 1.03357 37.0529 -3.672</float_array>
          <technique_common>
            <accessor source="#pickup_powerup_knockout-mesh-positions-array" count="978" stride="3">
              <param name="X" type="float"/>
              <param name="Y" type="float"/>
              <param name="Z" type="float"/>
            </accessor>
          </technique_common>
        </source>
        <source id="pickup_powerup_knockout-mesh-normals">
          <float_array id="pickup_powerup_knockout-mesh-normals-array" count="5640">-0.9696678 -0.2444265 0 -0.9696678 -0.2444266 0 -0.9696678 -0.2444265 0 -0.9696678 -0.2444266 0 -0.8898495 -0.4562544 0 -0.9466035 -0.3224002 0 -0.9466035 -0.3224001 0 -0.8898495 -0.4562543 0 -0.7725678 -0.6349323 -7.8627e-7 -0.7725679 -0.6349322 -4.86515e-7 -0.6850725 -0.728475 -5.93892e-7 -0.6850723 -0.7284751 -1.54909e-7 -0.5124793 -0.8586996 -1.4089e-7 -0.5124791 -0.8586997 0 -0.3718363 -0.9282984 0 -0.3718362 -0.9282984 0 0 0 1 0 0 1 0 0 1 0 0 1 -2.73762e-7 0 1 0 0 1 -2.73763e-7 0 1 0 0 1 0 0 1 -1.62961e-7 0 1 5.59524e-7 0 1 0 0 1 0 0 1 0 0 1 3.64799e-7 0 1 -1.73897e-7 0 1 2.05741e-6 0 1 0 0 1 0 0 1 0 0 1 0 0 1 0 0 1 -1.70781e-7 0 1 0 0 1 1.60542e-7 0 1 1.69712e-7 0 1 0 0 1 0 0 1 0 0 1 0 0 1 0 0 1 0 0 1 0 0 1 0 -1.41298e-7 1 2.77967e-7 0 1 0 0 1 0 0 1 0 0 1 0 0 1 1.95402e-7 0 1 0 0 1 0 0 1 -1.78231e-7 0 1 0 0 1 -1.29767e-7 0 1 -1.90234e-7 0 1 0 1.6301e-7 1 0 1.80494e-7 1 1.62225e-7 1.27579e-7 1 0 0 1 0 0 1 0 0 1 -7.6397e-7 0 1 0.6667954 -0.7452408 0 0.5352004 -0.8447253 0 0.5352004 -0.8447251 0 0.6667955 -0.7452408 0 0.8052595 -0.5929227 0 0.805262 -0.5929192 0 0.8052605 -0.5929211 0 0.8052607 -0.5929211 0 0.8289765 -0.5592836 0 0.8289765 -0.5592836 -1.55308e-7 0.8289787 -0.5592803 -1.31043e-6 0.8289785 -0.5592804 -1.53709e-6 0.8608992 -0.5087758 -1.36407e-6 0.8608991 -0.5087758 -1.28432e-6 0.8845707 -0.4664061 -2.98323e-7 0.8845709 -0.4664059 0 0 0 -1 1.7922e-6 0 -1 0 0 -1 0 0 -1 0 0 -1 0 0 -1 0 0 -1 0 0 -1 0 0 -1 0 0 -1 0 0 -1 0 0 -1 0 0 -1 0 0 -1 0 0 -1 0 0 -1 0 0 -1 2.02764e-7 0 -1 -1.20012e-7 0 -1 -2.85227e-7 0 -1 0 0 -1 0 0 -1 0 0 -1 0 0 -1 0 0 -1 0 0 -1 0 0 -1 0 0 -1 0 0 -1 1.35542e-7 0 -1 1.82387e-7 0 -1 0 0 -1 0 0 -1 0 0 -1 0 0 -1 0 0 -1 2.21525e-7 0 -1 0 0 -1 0 0 -1 0 0 -1 -6.60617e-7 0 -1 -1.34745e-6 0 -1 0 0 1 -4.45204e-6 0 1 0 0 1 0 0 1 0 0 1 -9.93278e-7 0 1 2.4901e-7 0 1 0 0 1 0 0 1 -4.86907e-7 0 1 8.86968e-7 0 1 -1.62819e-6 0 1 1.051e-6 0 1 -1.3212e-6 3.85662e-7 1 -1.75137e-7 2.68008e-7 1 9.71739e-7 0 1 3.72887e-7 1.2372e-7 1 1.5823e-7 -1.28647e-7 1 0 0 1 2.34006e-7 0 1 -2.6256e-7 0 1 0 0 1 0 0 1 0 1.79676e-7 1 0 0 1 -1.28188e-7 0 1 0 0 1 0 0 1 -3.75741e-7 0 1 2.35719e-7 0 1 -2.12195e-7 3.20817e-7 1 0 1.01722e-6 1 -3.17217e-6 7.13623e-7 1 0 0 -1 -4.45188e-6 0 -1 0 0 -1 4.73109e-7 0 -1 0 0 -1 2.84011e-7 0 -1 4.96639e-7 -2.19141e-6 -1 -6.9938e-7 2.39881e-6 -1 0 2.83028e-7 -1 0 0 -1 -4.86906e-7 0 -1 8.86967e-7 0 -1 -1.3212e-6 0 -1 1.051e-6 0 -1 0 0 -1 -1.75137e-7 0 -1 0 0 -1 0 0 -1 0 0 -1 0 0 -1 0 0 -1 0 0 -1 0 0 -1 0 0 -1 0 0 -1 0 0 -1 0 0 -1 0 0 -1 0 0 -1 0 0 -1 -1.87869e-7 0 -1 0 0 -1 -1.28402e-7 0 -1 -4.9073e-7 0 -1 0 0 -1 0 0 -1 0 0 -1 0 0 -1 0 0 -1 0 0 -1 0 0 -1 0 0 -1 0 0 -1 0 0 -1 0 0 -1 0 0 -1 0 0 -1 -3.32295e-7 0 -1 0 0 -1 0 0 -1 -2.43946e-7 0 -1 0 0 -1 0 0 -1 0 0 -1 0 0 -1 0 0 -1 0 0 -1 0 0 -1 0 0 -1 1.35212e-7 0 -1 0 0 -1 0 0 -1 0 0 -1 0 0 -1 0 0 -1 0 0 -1 9.49314e-7 0 -1 0 0 -1 0 0 -1 0 0 -1 0 0 -1 0 0 -1 -1.33265e-7 0 -1 0 0 -1 0 0 -1 0 0 -1 1.58626e-7 0 -1 0 0 -1 0 0 -1 0 0 -1 0 0 -1 0 0 -1 0 0 -1 2.34195e-7 0 -1 0 0 -1 4.94135e-7 0 -1 0 0 -1 0 0 -1 0 0 -1 0 0 -1 0 0 -1 0 0 -1 1.58844e-7 0 -1 0 0 -1 0 0 -1 0 0 -1 2.3679e-7 0 -1 0 0 -1 0 0 -1 0 0 -1 0 0 -1 0 0 -1 0 0 -1 0 0 -1 0 0 -1 0 0 -1 -5.30435e-7 0 -1 0 0 -1 0 0 -1 -1.39115e-7 0 -1 -2.07695e-7 0 -1 0 0 -1 0 0 -1 2.54175e-7 0 -1 -2.26878e-7 0 -1 0 0 -1 0 0 -1 0 0 -1 0 0 -1 0 0 -1 1.43148e-7 0 -1 0 0 -1 0 0 -1 -1.48412e-7 0 -1 0 0 -1 0 0 -1 0 0 -1 -1.19384e-7 0 -1 0 0 -1 1.19251e-7 0 -1 0 0 -1 0 0 -1 0 0 -1 1.72151e-7 0 -1 0 0 -1 6.27024e-7 0 -1 0 0 -1 0 0 -1 0 0 -1 0 0 -1 1.67224e-7 0 -1 0 0 -1 1.60357e-7 0 -1 0 0 -1 -1.34596e-7 0 -1 0 0 -1 0 0 -1 0 0 -1 1.69631e-7 0 -1 0 0 -1 0 0 -1 0 0 -1 0 0 -1 0 0 -1 0 0 -1 0 0 -1 0 0 -1 0 0 -1 0 0 -1 0 0 -1 0 0 -1 0 0 -1 0 0 -1 0 0 -1 0 0 -1 0 0 -1 0 0 -1 0 0 -1 0 0 -1 -1.2217e-7 0 -1 0 0 -1 0 0 -1 0 0 -1 0 0 -1 -0.1847978 -0.9827766 0 -0.1847981 -0.9827766 0 -0.1847983 -0.9827765 0 -0.1847976 -0.9827766 0 -0.9696678 -0.2444265 0 -0.9696679 -0.2444265 0 -0.9696678 -0.2444265 0 -0.1847981 -0.9827765 0 -0.1847978 -0.9827767 0 0 0 1 0 0 1 0 0 1 0 0 1 -2.65218e-7 0 1 0 0 1 -2.8735e-7 0 1 1.82369e-7 0 1 1.24782e-7 0 1 0 0 1 0 0 1 0 0 1 0 0 1 0 0 1 0 0 1 0 0 1 0 0 1 0 0 1 0 0 1 0 0 1 -2.11696e-7 0 1 0 0 1 0 0 1 1.59105e-7 0 1 0 0 1 1.4139e-7 0 1 0 0 1 0 0 1 0 0 1 0 0 1 -1.43467e-7 0 1 0 0 1 0 0 1 0 0 1 0 0 1 0 0 1 0 0 1 0 0 1 0 0 1 0 0 1 0 0 1 1.86377e-7 0 1 0 0 1 0 0 1 0 0 1 0 0 1 0 0 1 0 0 1 0 0 1 0 0 1 0 0 1 0 0 1 0 0 1 0 0 1 0 0 1 0 0 1 0 0 1 0 0 1 0 0 1 0 0 1 0 0 1 0 0 1 0 0 1 0 0 1 0 0 1 0 0 1 0 0 1 -1.49478e-7 0 1 0 0 1 0 0 1 0 0 1 0 0 1 0 0 1 0 0 1 0 0 1 0 0 1 0 0 1 0 0 1 0 0 1 0 0 1 0 0 1 0 0 1 0 0 1 1.56597e-7 0 1 0 0 1 0 0 1 0 0 1 -1.27058e-7 0 1 -1.80265e-7 0 1 0 0 1 0 0 1 0 0 1 0 0 1 0 0 1 0 0 1 0 0 1 0 0 1 0 0 1 0 0 1 1.30857e-7 0 1 0 0 1 0 0 1 0 0 1 -2.02394e-7 0 1 0 0 1 0 0 1 0 0 1 0 0 1 0 0 1 0 0 1 -1.38504e-7 0 1 -1.24314e-7 0 1 0 0 1 -1.2023e-7 0 1 0 0 1 0 0 1 0 0 1 0 0 1 0 0 1 0 0 1 0 0 1 0 0 1 0 0 1 0 0 1 0 0 1 0 0 1 0 0 1 0 0 1 0 0 1 0 0 1 0 0 1 0 0 1 0 0 1 0 0 1 0 0 1 0 0 1 0 0 1 0 0 1 0 0 1 0 0 1 0 0 1 0 0 1 0.9561041 -0.2930274 0 0.9700791 -0.2427889 0 0.9561053 -0.2930234 0 0.9700659 -0.2428419 4.14808e-7 0.9953939 -0.09587007 0 0.9953888 -0.0959239 6.01388e-7 0.9957262 0.09235483 0 0.995727 0.09234595 -5.68407e-6 0.9695014 0.2450858 2.9285e-6 0.9695013 0.2450864 0 0.9091091 0.4165583 0 0.9091098 0.4165565 0 0.8230339 0.5679922 7.6794e-7 0.823035 0.5679907 0 0.6940674 0.71991 0 0.6940664 0.719911 0 0.5814276 0.8135982 -2.29591e-7 0.5813886 0.8136261 4.18427e-7 0.5029225 0.8643315 1.35813e-5 0.5029442 0.864319 -1.73859e-7 0.3194878 0.9475905 1.08054e-6 0.3194874 0.9475905 0 0.08454364 0.9964199 0 0.08449745 0.9964237 0 -0.3432161 0.9392565 0 -0.3432245 0.9392535 1.60104e-6 -0.5910701 0.8066202 -8.47282e-7 -0.5910702 0.8066201 8.51299e-7 -0.9103098 0.4139276 0 -0.8799475 0.475071 0 -0.91031 0.4139274 0 -0.8799474 0.4750711 1.99384e-7 -0.8392995 0.5436694 -5.12767e-7 -0.8392995 0.5436694 0 -0.8393016 0.5436663 -2.36087e-7 -0.8393016 0.5436661 0 -0.8197051 0.5727859 0 -0.819705 0.572786 0 -0.8197089 0.5727804 0 -0.8197075 0.5727824 0 -0.7398312 0.6727926 0 -0.7398316 0.6727921 0 -0.6749033 0.7379063 0 -0.6749044 0.7379053 0 -0.3718357 -0.9282986 0 -0.5124792 -0.8586997 0 -0.3718357 -0.9282986 0 -0.5124793 -0.8586997 -1.4089e-7 -0.6850725 -0.728475 -1.02528e-6 -0.6850726 -0.7284749 -8.32865e-7 -0.7725678 -0.6349323 -3.3201e-7 -0.7725679 -0.6349323 0 -0.8898494 -0.4562544 0 -0.8898494 -0.4562544 0 0.8845705 -0.4664065 -1.89746e-6 0.860899 -0.5087758 -4.43994e-7 0.8845709 -0.4664059 -2.7844e-6 0.8608989 -0.5087761 0 0.8289785 -0.5592805 0 0.8289785 -0.5592804 0 0.8289765 -0.5592836 4.14416e-7 0.8289765 -0.5592835 5.16431e-7 0.8052675 -0.5929117 0 0.8052594 -0.5929227 0 0.8052569 -0.592926 0 0.666782 -0.7452528 -8.29495e-7 0.666782 -0.7452529 -4.07289e-7 0.5351966 -0.8447276 -8.73387e-7 0.5351963 -0.8447278 0 0.08450764 0.9964228 0 0.2303111 0.9731171 0 0.08450758 0.9964229 0 0.2303114 0.9731171 0 0.3931208 0.9194869 0 0.3931204 0.919487 0 0.4280493 0.9037555 -2.49294e-6 0.4280485 0.9037559 -1.23384e-6 0.5029168 0.864335 -4.42358e-7 0.5029163 0.8643352 1.24856e-6 0.7945599 0.6071859 -6.13034e-7 0.7945594 0.6071866 -5.93545e-7 0.9455995 0.3253331 -1.77848e-6 0.945599 0.3253347 -2.10351e-6 -0.7404623 -0.6720981 9.74112e-7 -0.740462 -0.6720983 1.83742e-6 -0.8898323 -0.4562877 5.09821e-7 -0.6013212 -0.7990074 1.97723e-7 -0.6013212 -0.7990074 6.8306e-7 -0.3718962 -0.9282744 -1.28666e-7 -0.3718581 -0.9282897 0 -0.08142185 -0.9966797 0 -0.7398316 0.6727921 0 -0.7398588 0.6727622 0 -0.6749308 0.7378811 0 -0.7906365 0.6122859 0 -0.7906365 0.612286 0 -0.8393023 0.5436651 0 -0.8393028 0.5436643 3.68986e-7 -0.8393046 0.5436615 1.71372e-6 -0.839305 0.5436611 2.39754e-6 -0.9103296 0.4138839 2.33363e-6 -0.9103285 0.4138864 2.67318e-6 -0.950807 0.3097838 1.71667e-6 -0.950807 0.3097839 1.81648e-6 -0.9935668 0.1132482 1.64171e-6 -0.9935668 0.1132482 1.70487e-6 -0.9828829 -0.1842321 1.95408e-6 -0.9828829 -0.1842315 1.50812e-6 -0.8898461 -0.4562609 -1.29712e-5 0.8739737 0.4859732 0 0.8739737 0.4859732 0 0.9821401 0.1881514 0 0.649707 0.7601848 0 0.6497069 0.7601848 0 0.5029287 0.864328 0 0.5029038 0.8643425 -1.65033e-5 0.3931114 0.9194909 0 0.3931145 0.9194896 -7.38868e-6 0.2302803 0.9731244 0 0.2302724 0.9731262 -7.30368e-6 0.03411746 0.9994179 -2.1004e-7 0.03411757 0.9994179 0 -0.2165129 0.9762797 0 -0.2165129 0.9762797 0 -0.4826416 0.875818 0 -0.4826414 0.8758181 0 -0.6749339 0.7378783 0 0.7276853 0.6859112 0 0.7276853 0.6859112 0 0.7665908 0.642136 0 0.9695016 0.2450852 0 0.9695016 0.2450852 0 0.9561084 -0.2930132 0 0.9561085 -0.2930132 0 0.8289549 -0.5593156 -6.51988e-7 0.8289544 -0.5593163 0 0.8289939 -0.5592576 0 0.8289941 -0.5592575 0 0.8289481 -0.5593258 -2.59358e-7 0.828948 -0.5593256 0 0.884585 -0.4663792 0 0.8845699 -0.4664078 0 0.9883885 -0.1519476 0 0.9883886 -0.1519476 0 0.98214 0.1881514 0 -0.08142185 -0.9966798 0 0.2666258 -0.9638001 -1.60668e-7 0.2666259 -0.9638002 0 0.5352184 -0.8447138 1.01376e-5 0.5352104 -0.8447189 0 0.700552 -0.7136014 0 0.7005519 -0.7136015 0 0.7609788 -0.6487767 0 0.7609788 -0.6487768 0 0.8052911 -0.5928797 0 0.8052902 -0.5928811 0 0.9067557 -0.4216565 0 0.9067557 -0.4216566 0 0.9957267 0.09235042 0 0.9957267 0.09235042 0 0.7665908 0.642136 0 -0.4626144 -0.4769402 0.7473393 -0.462635 -0.4769234 0.7473374 -0.513324 -0.4218015 0.7473834 -0.3280269 -0.5775297 0.747568 -0.3280473 -0.5775231 0.7475642 0.05541819 -0.662208 0.747268 0.05546069 -0.6621866 0.7472838 0.4516268 -0.4853573 0.7486398 0.4516953 -0.485487 0.7485144 0.5207907 -0.4127287 0.7472832 0.5207568 -0.4127324 0.7473047 0.5207872 -0.4127286 0.7472857 0.5208489 -0.4127745 0.7472173 0.5454519 -0.3795263 0.7472897 0.5454561 -0.3795315 0.7472841 0.5453777 -0.3795949 0.7473092 0.5454093 -0.3795983 0.7472844 0.5695613 -0.3422498 0.7473052 0.5695402 -0.3422308 0.74733 0.6614091 -0.06283998 0.7473883 0.6614245 -0.0628122 0.747377 0.5153322 0.4256416 0.7438159 0.5153331 0.4256646 0.7438021 0.3164166 0.5836918 0.7477864 0.3164335 0.5836833 0.7477859 0.2726566 0.6059854 0.7472885 0.2726606 0.605984 0.7472883 0.2726779 0.6058916 0.7473568 0.2726929 0.6059688 0.7472888 0.15354 0.6590796 0.7362335 0.1535667 0.6590511 0.7362533 -0.1976137 0.6344489 0.7472774 -0.197635 0.6344392 0.74728 -0.4764929 0.4623841 0.747767 -0.4762806 0.4621633 0.7480387 -0.5250305 0.4073277 0.7472799 -0.5250087 0.4073542 0.7472807 -0.5250093 0.4073563 0.7472792 -0.5252519 0.4075312 0.7470133 -0.5547801 0.3657522 0.7472913 -0.5547726 0.3657526 0.7472968 -0.5547863 0.3657589 0.7472835 -0.5547785 0.3657439 0.7472967 -0.5781642 0.3270817 0.7474916 -0.5780621 0.3272281 0.7475066 -0.6569792 0.04800862 0.7523787 -0.6569783 0.04802745 0.7523782 -0.5682454 -0.3120313 0.7614025 -0.5682678 -0.312034 0.7613847 -0.5133002 -0.4217533 0.747427 0 0 1 0 0 1 0 0 1 0 2.71085e-7 1 0 3.45545e-7 1 1.04255e-6 6.17103e-6 1 -3.98191e-7 0 1 0 0 1 0 0 1 0 0 1 -2.94089e-7 4.23616e-7 1 0 0 1 3.80766e-7 -6.26737e-7 1 0 0 1 1.40788e-7 -1.97806e-7 1 3.05832e-7 0 1 -0.671427 -0.1821097 0.7183467 -0.6569829 0.0480228 0.7523745 -0.6714528 -0.1821724 0.7183066 -0.6569802 0.04801136 0.7523776 -0.5780586 0.327262 0.7474944 -0.5780295 0.3272771 0.7475103 -0.5249372 0.4073591 0.7473283 -0.5249805 0.4073915 0.7472802 -0.387212 0.5302095 0.7542844 -0.3872041 0.5302011 0.7542943 -0.1975699 0.6344673 0.7472733 -0.1975972 0.6344618 0.747271 -0.3196914 0.5804194 0.7489398 -0.3197309 0.5804002 0.7489377 -0.5250205 0.4073187 0.7472919 -0.5248419 0.4076582 0.7472321 -0.5250319 0.4073285 0.7472785 -0.5250065 0.4073569 0.7472808 -0.5250343 0.407322 0.7472804 -0.5250394 0.4073153 0.7472803 -0.4765022 0.4623827 0.7477619 -0.4764701 0.4623842 0.7477815 -0.3547465 0.5592555 0.7492585 -0.3547231 0.5592243 0.7492929 -0.197578 0.6344569 0.7472801 -0.1975935 0.6344558 0.7472769 -0.3196758 0.5804154 0.7489495 -0.3197106 0.5803866 0.748957 -0.4691426 0.4945865 0.7316349 -0.4691486 0.4945873 0.7316305 0 0 -1 0 0 -1 0 0 -1 1.43608e-7 0 -1 0 0 -1 0 0 -1 -3.98191e-7 0 -1 0 0 -1 2.63881e-7 0 -1 0 0 -1 -1.4858e-7 0 -1 0 0 -1 0 0 -1 -1.57678e-7 0 -1 0 0 -1 -3.13754e-7 0 -1 0.5455781 -0.3793174 0.7473039 0.5453773 -0.3796054 0.7473041 0.545652 -0.3792602 0.7472788 0.5453965 -0.3796173 0.7472841 0.5454421 -0.3796403 0.7472391 0.5454286 -0.3795708 0.7472842 0.54555 -0.3796728 0.7471438 0.5454202 -0.379583 0.7472843 0.569743 -0.3418086 0.7473686 0.5694915 -0.3419336 0.7475032 0.5951231 -0.2769326 0.7544116 0.5951236 -0.2769296 0.7544124 0.6214348 -0.2354586 0.7472469 0.6213448 -0.2354478 0.7473253 0.6286715 -0.1881632 0.7545641 0.628654 -0.1881915 0.7545715 0.661379 -0.06363058 0.7473481 0.6615055 -0.06354141 0.7472437 0.6625816 0.05023747 0.7473031 0.6626349 0.0502758 0.7472532 0.6413987 0.1584591 0.7506654 0.6413978 0.1584547 0.750667 0.6041103 0.2768707 0.7472572 0.6041101 0.2768943 0.7472487 0.5462833 0.3782871 0.7473109 0.5462753 0.378302 0.7473091 0.4603109 0.4775828 0.7483506 0.4601675 0.4774155 0.7485457 0.3868793 0.540497 0.7471195 0.3865703 0.5405062 0.7472727 0.3164691 0.5836798 0.7477735 0.316507 0.5836914 0.7477484 0.2097709 0.630505 0.7473015 0.2097555 0.63049 0.7473186 0.04561859 0.6611996 0.7488217 0.04561692 0.6611962 0.7488248 -0.1976142 0.6344474 0.7472785 -0.1976308 0.6344414 0.7472791 -0.4764875 0.4623961 0.747763 -0.4765078 0.4623695 0.7477666 -0.5250167 0.4073441 0.7472805 -0.5250055 0.4073502 0.7472852 -0.5250134 0.4073497 0.7472798 -0.5251252 0.4074223 0.7471618 -0.5252841 0.4075169 0.7469984 -0.525027 0.4073321 0.74728 -0.5546625 0.3658995 0.7473065 -0.5547816 0.3654583 0.7474341 -0.578031 0.3272758 0.7475097 -0.5780586 0.327247 0.747501 -0.6454073 0.1029312 0.7568717 -0.6454023 0.1029351 0.7568753 -0.6127504 -0.248694 0.7501257 -0.6127651 -0.2486824 0.7501174 -0.4626178 -0.4768321 0.7474061 -0.4626832 -0.4768753 0.7473382 -0.260652 -0.6099234 0.7483676 -0.2606877 -0.6099106 0.7483656 -0.06536614 -0.6610881 0.7474556 -0.06525546 -0.661301 0.7472769 0.157545 -0.6305435 0.7599964 0.1575528 -0.6305535 0.7599866 0.3691427 -0.5500271 0.7491354 0.3691459 -0.5500265 0.7491343 0.4811207 -0.4574184 0.7478578 0.4811289 -0.4574061 0.7478601 0.5208841 -0.4126469 0.7472633 0.5208099 -0.4127224 0.7472732 0.4811555 -0.4573779 0.7478602 0.4811639 -0.4573884 0.7478483 0.1575385 -0.6305408 0.7599999 0.1575481 -0.6305492 0.7599911 -0.1250789 -0.6921853 0.7107987 -0.1248825 -0.6921867 0.7108318 0 0 -1 0 0 -1 0 0 -1 0 0 -1 0 0 -1 0 0 -1 0 0 -1 0 0 -1 0 0 -1 0 0 -1 0 0 -1 0 0 -1 -1.77345e-7 0 -1 0 0 -1 1.25625e-7 0 -1 0 0 -1 0 0 -1 -0.5682662 -0.3120351 0.7613855 -0.56825 -0.3120265 0.761401 -0.6515718 -0.1217222 0.7487576 -0.5133086 -0.4218261 0.7473801 -0.5133008 -0.4218324 0.7473819 -0.4194209 -0.5154137 0.747285 -0.4194464 -0.5153933 0.7472848 -0.2606532 -0.6098974 0.7483884 -0.4691556 0.4945917 0.7316229 -0.4691492 0.4945891 0.7316288 -0.3197117 0.5804196 0.7489309 -0.5251442 0.4074146 0.7471525 -0.5250301 0.4073269 0.7472805 -0.5248042 0.4076372 0.74727 -0.5247827 0.4076783 0.7472627 -0.5249848 0.4073101 0.7473216 -0.5250265 0.4073318 0.7472804 -0.5780572 0.3272259 0.7475113 -0.5781009 0.3272913 0.7474489 -0.5977625 0.2901616 0.7473194 -0.5978472 0.290166 0.7472499 -0.6315474 0.2064877 0.7473357 -0.631789 0.2060879 0.7472419 -0.6569793 0.04800516 0.7523788 -0.6569783 0.04800713 0.7523796 -0.6518287 -0.1219558 0.7484959 0.6740947 0.1297292 0.7271636 0.6740827 0.1297125 0.7271776 0.64384 -0.09791928 0.7588688 0.5871838 0.3208408 0.743153 0.5871896 0.3208159 0.7431592 0.4316812 0.5049283 0.7474616 0.4317883 0.5049637 0.7473758 0.353375 0.5627886 0.7472584 0.3533245 0.5627767 0.7472913 0.2724053 0.6059043 0.7474459 0.272432 0.6060729 0.7472995 0.1535624 0.6590537 0.7362518 0.1535452 0.6590749 0.7362366 0.04559797 0.6612032 0.7488199 0.04560977 0.6612015 0.7488207 -0.144084 0.6482648 0.7476581 -0.1439019 0.6481899 0.747758 -0.3196998 0.5804104 0.7489432 0.5153279 0.4256462 0.7438162 0.6625965 0.05047518 0.7472738 0.5153335 0.4256429 0.7438142 0.4852465 0.4522664 0.7483254 0.4853135 0.4523439 0.7482351 0.6414042 0.1584838 0.7506555 0.6413961 0.1584802 0.7506632 0.6286512 -0.1881721 0.7545788 0.6286558 -0.1881526 0.7545798 0.5454148 -0.379603 0.747278 0.5454242 -0.3795731 0.7472863 0.5454185 -0.3796533 0.7472497 0.5453805 -0.3796393 0.7472845 0.5453605 -0.3795573 0.7473408 0.5454193 -0.3795835 0.7472845 0.569566 -0.3422423 0.7473052 0.5695427 -0.3422724 0.747309 0.6438558 -0.09792256 0.758855 -0.2607183 -0.6099655 0.7483102 -0.06512916 -0.6608519 0.7476851 -0.06508767 -0.6608579 0.7476834 0.1575295 -0.6305386 0.7600038 0.1575443 -0.630547 0.7599936 0.3690991 -0.5500023 0.7491751 0.3691363 -0.5500428 0.7491272 0.4811443 -0.4573885 0.7478609 0.4811537 -0.4573783 0.7478612 0.5207627 -0.4127597 0.7472856 0.5205863 -0.4125968 0.7474985 0.5207813 -0.4127376 0.7472848 0.520776 -0.4127439 0.747285 0.5951046 -0.2769521 0.7544191 0.5950651 -0.2769591 0.7544477 0.6625882 0.05047118 0.7472815 0.4231136 -0.9060766 0 0.08257365 -0.996585 0 0.08257436 -0.9965849 3.94413e-7 0.4230965 -0.9060847 0 0.5741969 -0.8187172 0 0.5741969 -0.8187173 0 -0.9696674 -0.2444283 -1.36887e-6 -0.9696689 -0.2444223 1.36241e-6 -0.8898447 -0.4562637 0 -0.8898533 -0.4562469 1.14228e-5 -0.772603 -0.6348896 -7.03657e-7 -0.7725966 -0.6348972 -1.70447e-7 -0.6850069 -0.7285367 -1.25871e-6 -0.6850047 -0.7285386 6.49247e-7 -0.4680755 -0.8836886 -8.47981e-7 -0.4680768 -0.8836879 -4.56928e-7 -0.2595403 -0.9657323 7.99824e-7 -0.2595403 -0.9657323 -1.37614e-6 0.2804627 -0.6008265 -0.7485641 0.3691099 -0.5500246 -0.7491534 0.3691321 -0.5500435 -0.7491286 0.2804592 -0.6008791 -0.7485232 0.055408 -0.6622219 -0.7472565 0.05536901 -0.6621562 -0.7473176 -0.1682371 -0.6411743 -0.7487268 -0.168201 -0.6412256 -0.748691 -0.3279682 -0.5775035 -0.747614 -0.3280017 -0.577534 -0.7475757 -0.4194241 -0.5154577 -0.7472528 -0.4193996 -0.5154314 -0.7472847 -0.5682592 -0.3120347 -0.7613908 -0.5682688 -0.3120441 -0.7613798 -0.6505823 -0.1219929 -0.7495736 -0.6505528 -0.1220209 -0.7495945 0.6296436 -0.7768842 -1.77571e-7 0.4600504 -0.8878929 0 0.4600504 -0.8878929 0 0.6296439 -0.776884 0 0.8052793 -0.5928958 0 0.8052576 -0.5929253 1.21249e-6 0.8052536 -0.5929307 0 0.8052534 -0.5929309 0 0.8289785 -0.5592805 1.22312e-7 0.8289768 -0.5592831 2.31867e-7 0.8286008 -0.5598401 -3.73714e-7 0.8285741 -0.5598795 1.63544e-7 0.8845807 -0.4663874 7.14866e-7 0.8845781 -0.4663922 -2.61866e-7 0.9067224 -0.4217278 1.7777e-7 0.9067224 -0.4217278 0 -0.6520846 -0.1220332 0.7482604 -0.5682595 -0.3120349 0.7613905 -0.65207 -0.1220144 0.7482762 -0.5682412 -0.3120145 0.7614125 -0.4194239 -0.5154583 0.7472526 -0.4193996 -0.5154313 0.7472848 -0.3280017 -0.577534 0.7475757 -0.3280077 -0.5775158 0.7475872 -0.1681354 -0.6411753 0.7487488 -0.1682567 -0.6412073 0.7486941 0.05536895 -0.6621564 0.7473174 0.05540794 -0.6622221 0.7472563 0.280479 -0.6007864 0.7485902 0.2804701 -0.6008389 0.7485513 0.3691321 -0.5500436 0.7491286 0.3691363 -0.5500496 0.7491221 -0.982882 -0.1842368 -8.98184e-7 -0.9828817 -0.1842383 1.25275e-6 -0.8726152 -0.4884085 0 -0.8726158 -0.4884075 2.9926e-7 -0.6312036 -0.7756172 3.27319e-7 -0.631204 -0.7756169 5.18492e-7 -0.5124827 -0.8586975 0 -0.5124938 -0.858691 0 -0.2595475 -0.9657304 2.36756e-6 -0.2595123 -0.9657398 0 0.3931304 0.9194828 0 0.3931255 0.9194849 0 0.502934 0.8643249 0 0.5029336 0.8643251 1.00961e-6 0.6496366 0.760245 0 0.6496388 0.7602432 2.17179e-6 0.7945526 0.6071956 1.75815e-6 0.7945483 0.607201 0 0.8739619 0.4859944 -1.55745e-6 0.8739619 0.4859946 1.55011e-6 -0.8392903 0.5436837 9.15019e-6 -0.8392907 0.5436831 -6.59146e-7 -0.8392923 0.5436804 -9.40135e-7 -0.8392906 0.5436833 -4.19079e-7 -0.790628 0.6122969 -3.11268e-7 -0.790628 0.6122968 0 -0.7398591 0.6727619 0 -0.7398352 0.6727883 8.3553e-7 -0.6747989 0.7380018 0 -0.6746885 0.7381026 0 -0.4825513 0.8758677 -6.89067e-7 -0.4825946 0.8758439 2.65062e-7 -0.2165701 0.976267 0 -0.2166032 0.9762598 2.14683e-7 0.03399157 0.9994221 6.4009e-7 0.03400141 0.9994218 0 0.2302754 0.9731255 -1.10184e-5 0.2302514 0.9731312 0 -0.3718692 -0.9282853 2.88821e-7 -0.2595523 -0.9657291 0 -0.2595523 -0.9657291 -1.838e-7 -0.3718937 -0.9282754 -5.08043e-6 -0.6014274 -0.7989275 -1.73446e-5 -0.6014634 -0.7989004 2.11388e-6 -0.7404769 -0.672082 -1.26759e-7 -0.7404388 -0.6721239 0 -0.8898507 -0.4562518 0 -0.8898464 -0.4562605 -8.74556e-7 -0.9828948 -0.1841676 -2.58075e-7 -0.9828957 -0.1841633 1.30402e-7 -0.9935601 0.1133061 0 -0.9935631 0.1132799 0 -0.9507659 0.3099105 -2.08603e-7 -0.9507491 0.3099618 0 -0.9103255 0.4138932 -2.88294e-7 -0.9103217 0.4139016 1.19625e-5 0.6460112 -0.1553758 -0.7473473 0.6286625 -0.1881667 -0.7545706 0.6286747 -0.1881723 -0.754559 0.6460937 -0.1553812 -0.7472748 0.661473 -0.06299549 -0.7473186 0.6615728 -0.06294476 -0.7472345 0.6625804 0.05046528 -0.7472888 0.6626021 0.05048245 -0.7472684 0.6414044 0.1584962 -0.7506526 0.6413973 0.1584619 -0.750666 0.6041147 0.2768052 -0.747278 0.604099 0.276796 -0.7472941 0.5458082 0.3789573 -0.7473184 0.5455694 0.3785437 -0.7477023 0.4853127 0.4523735 -0.7482178 0.4853214 0.452362 -0.7482192 0.3870579 0.540637 -0.7469257 0.3868346 0.5403342 -0.7472605 0.3165451 0.583777 -0.7476655 0.3164832 0.5837832 -0.7476869 0.2100127 0.630406 -0.7473172 0.210133 0.6306743 -0.7470569 0.0456463 0.6612056 -0.7488148 0.04562067 0.6611915 -0.7488288 -0.2310691 0.6143914 -0.7544073 -0.2310674 0.614391 -0.7544081 -0.3871936 0.5301731 -0.7543194 -0.3871966 0.5301862 -0.7543086 -0.2775491 0.9607115 0 -0.5910505 0.8066346 0 -0.2775476 0.9607119 7.19565e-6 -0.5910505 0.8066347 3.68275e-7 -0.7905824 0.6123557 4.1629e-7 -0.7905844 0.6123533 7.75073e-7 -0.8799493 0.4750677 0 -0.8799545 0.4750579 0 -0.9103129 0.413921 0 -0.9103325 0.413878 0 -0.6749038 0.7379057 0 -0.4400852 0.897956 0 -0.674903 0.7379065 0 -0.4400858 0.8979558 0 -0.2774848 0.96073 0 -0.2774848 0.96073 0 -0.5363062 0.8440237 0 -0.536306 0.8440237 0 -0.7398378 0.6727853 0 -0.7398334 0.6727901 0 -0.7906675 0.6122459 0 -0.7906673 0.612246 0 -0.8196923 0.5728043 0 -0.8196943 0.5728012 0 -0.7906575 0.6122589 0 -0.7906538 0.6122636 0 -0.4826792 0.8757972 2.60152e-6 -0.4826843 0.8757944 0 0.3165258 0.5838399 0.7476245 0.2101055 0.6303758 0.7473165 0.3164464 0.5837125 0.7477576 0.2101312 0.6306731 0.7470585 0.04569512 0.6612099 0.7488081 0.04564779 0.6612213 0.7488008 -0.2310679 0.6143913 0.7544077 -0.2310666 0.6143915 0.7544079 -0.3872038 0.5302078 0.7542896 -0.3872087 0.5302172 0.7542806 0.6460932 -0.155576 0.7472347 0.6286745 -0.1881735 0.7545589 0.6286637 -0.1881656 0.75457 0.6460596 -0.1555227 0.7472749 0.6614723 -0.06299549 0.7473192 0.6615723 -0.06294476 0.7472349 0.6625802 0.05046594 0.747289 0.6626018 0.0504828 0.7472686 0.6413961 0.15845 0.7506695 0.6413986 0.1584602 0.7506653 0.604115 0.276805 0.7472779 0.6040997 0.2767962 0.7472934 0.5461491 0.3784745 0.747314 0.5460636 0.3783788 0.747425 0.4853113 0.4523724 0.7482194 0.4853223 0.4523633 0.7482177 0.387057 0.5406358 0.746927 0.3868334 0.5403328 0.747262 0.822908 0.5681748 2.91562e-7 0.9455863 0.3253713 5.16303e-7 0.9455863 0.3253713 0 0.8229175 0.568161 4.7859e-7 0.5029333 0.8643252 0 0.5029194 0.8643333 -1.35199e-7 0.4279229 0.9038153 1.63902e-7 0.4279239 0.9038148 -1.36586e-7 0.3930492 0.9195176 2.22609e-7 0.3930508 0.9195168 0 0.2303159 0.973116 1.19477e-5 0.2303038 0.9731189 1.27661e-7 0.03405588 0.9994199 0 0.03405588 0.99942 7.2487e-7 -0.5363049 0.8440244 0 -0.7398369 0.6727863 0 -0.7398325 0.6727911 0 -0.536305 0.8440244 0 -0.2774853 0.96073 0 -0.2774854 0.96073 0 -0.4400862 0.8979556 0 -0.4400857 0.8979558 0 -0.6749038 0.7379057 0 -0.674903 0.7379065 0 -0.8799545 0.475058 0 -0.9103129 0.413921 0 -0.9103325 0.413878 0 -0.8799492 0.4750678 0 -0.7905845 0.6123531 2.04702e-6 -0.7905824 0.6123558 0 -0.5910507 0.8066346 0 -0.5910505 0.8066347 0 -0.2775491 0.9607115 -7.05295e-6 -0.2775475 0.960712 0 -0.4826843 0.8757944 0 -0.4826792 0.8757972 0 -0.7906622 0.6122528 0 -0.7906659 0.612248 0 -0.8196964 0.5727984 0 -0.8196942 0.5728014 0 -0.7906613 0.6122539 0 -0.7906613 0.6122539 0 0.5454568 -0.3795303 -0.7472842 0.520784 -0.412734 -0.7472849 0.5454509 -0.3795301 -0.7472887 0.5208158 -0.4128196 -0.7472154 0.5207385 -0.4127914 -0.7472849 0.520709 -0.4127979 -0.7473019 0.4154363 -0.5137484 -0.7506499 0.415422 -0.5137667 -0.7506453 0.05543696 -0.6621723 -0.7472982 0.05543947 -0.6621884 -0.7472837 -0.3280407 -0.5775188 -0.7475703 -0.3280347 -0.5775237 -0.7475692 -0.4626079 -0.4769498 -0.7473372 -0.462624 -0.4769358 -0.7473362 -0.5133172 -0.4218194 -0.747378 -0.513268 -0.4218559 -0.7473913 -0.5682438 -0.3120386 -0.7614006 -0.568271 -0.3120189 -0.7613884 -0.6364676 -0.2025437 -0.7442346 -0.6366845 -0.2026484 -0.7440205 0.7945591 0.6071868 0 0.9455995 0.3253331 -8.4425e-7 0.945599 0.3253347 0 0.7945601 0.6071856 -6.13035e-7 0.5029166 0.864335 1.24856e-6 0.5029168 0.8643349 5.78926e-7 0.4280493 0.9037554 4.87024e-7 0.4280489 0.9037556 0 0.3931203 0.9194871 0 0.3931198 0.9194873 0 0.2303113 0.9731171 0 0.08450764 0.9964229 0 0.08450776 0.9964229 0 0.04563945 0.6611984 -0.7488216 0.1522505 0.6447942 -0.7490395 0.04564505 0.6611942 -0.748825 0.1522889 0.6448517 -0.7489823 0.2727131 0.6059638 -0.7472854 0.2726772 0.6059812 -0.7472845 0.2726702 0.6059843 -0.7472844 0.2726812 0.6059234 -0.7473298 0.3534451 0.5627036 -0.7472892 0.3534229 0.562708 -0.7472965 0.5463001 0.3782844 -0.7473 0.5462898 0.3782657 -0.747317 0.6614215 -0.06287699 -0.7473741 0.66142 -0.06285601 -0.7473773 0.5695537 -0.3422611 -0.7473058 0.5695505 -0.3422682 -0.747305 0.5454916 -0.3796505 -0.7471978 0.5454195 -0.3795834 -0.7472845 -0.5528054 -0.3568031 0.753059 -0.6464813 -0.2045012 0.7350111 -0.6464972 -0.204521 0.7349916 -0.5528206 -0.3568184 0.7530405 -0.4194192 -0.5154235 0.7472792 -0.4194169 -0.5154171 0.747285 -0.3280206 -0.5775312 0.7475695 -0.3280002 -0.577535 0.7475756 -0.1682242 -0.6413282 0.7485979 -0.1682265 -0.6413086 0.7486142 0.05495113 -0.6621792 0.7473279 0.05501502 -0.6622481 0.7472622 0.2806454 -0.6009092 0.7484293 0.2805837 -0.600885 0.7484718 0.451574 -0.4853358 0.7486856 0.4515798 -0.4853679 0.7486612 0.5207811 -0.4127378 0.7472848 0.5207795 -0.4127399 0.7472848 -0.7398315 0.6727922 0 -0.6749029 0.7379065 0 -0.6749032 0.7379063 0 -0.7398314 0.6727924 0 -0.8197072 0.5727829 0 -0.8197084 0.5727812 0 -0.819705 0.5727861 0 -0.8197049 0.5727861 0 -0.8393021 0.5436654 0 -0.8393021 0.5436655 0 -0.8392995 0.5436694 0 -0.8392995 0.5436694 0 -0.8799474 0.4750711 0 -0.8799474 0.475071 0 0.3529161 0.562672 -0.7475631 0.2729067 0.605876 -0.747286 0.2728974 0.6058288 -0.7473276 0.3534723 0.5627259 -0.7472597 0.4315963 0.5051188 -0.7473819 0.4316448 0.5050764 -0.7473826 0.5153211 0.4256576 -0.7438144 0.5153241 0.4256516 -0.7438158 0.5871964 0.3208073 -0.7431576 0.5872004 0.3208009 -0.7431572 -0.524978 0.4073259 -0.7473177 -0.5780755 0.3272358 -0.7474929 -0.578065 0.3272111 -0.7475118 -0.5250074 0.407356 -0.7472807 -0.5248139 0.4075891 -0.7472895 -0.524756 0.407662 -0.7472903 -0.5249926 0.4072796 -0.7473328 -0.5250225 0.407337 -0.7472805 -0.4691384 0.4945871 -0.7316371 -0.4691246 0.4945848 -0.7316475 -0.3196935 0.5804096 -0.7489465 -0.3196931 0.5804164 -0.7489414 -0.1436549 0.6483729 -0.7476469 -0.1436821 0.648395 -0.7476225 0.04563099 0.6612035 -0.7488177 0.04561388 0.6612049 -0.7488174 0.1523512 0.6447752 -0.7490354 0.1523444 0.6447746 -0.7490374 -0.168362 -0.6412603 -0.748625 -0.2606888 -0.6099003 -0.7483736 -0.168392 -0.6412395 -0.7486361 -0.2606695 -0.6099269 -0.7483587 -0.4194354 -0.5154033 -0.7472841 -0.419446 -0.5153942 -0.7472844 -0.5132929 -0.4218479 -0.7473785 -0.5133172 -0.421819 -0.7473782 -0.5682488 -0.3120273 -0.7614016 -0.5682458 -0.3120275 -0.7614037 -0.6505614 -0.122033 -0.7495851 -0.6505756 -0.1220394 -0.7495718 -0.6569793 0.04801583 -0.7523781 -0.6569805 0.04802876 -0.7523763 -0.6313983 0.205953 -0.7476093 -0.6314604 0.2059273 -0.7475639 -0.5980979 0.2897455 -0.7472125 -0.5980087 0.2897441 -0.7472844 -0.319675 0.5804216 -0.7489451 -0.4691327 0.4945964 -0.7316345 -0.4691486 0.4945873 -0.7316305 -0.3197122 0.5804009 -0.7489452 -0.1975937 0.6344553 -0.7472772 -0.1976216 0.6344431 -0.7472801 -0.3547477 0.5592573 -0.7492566 -0.3547456 0.5592542 -0.7492598 -0.4766923 0.4624158 -0.7476204 -0.4766641 0.462326 -0.7476938 -0.525066 0.4072789 -0.7472814 -0.525044 0.4073099 -0.7472801 -0.5250291 0.4073272 -0.7472811 -0.5250069 0.4073586 -0.7472796 -0.5249125 0.4075367 -0.7472488 -0.5250212 0.40732 -0.7472906 -0.3197005 0.5803763 -0.7489693 -0.3196821 0.5804039 -0.7489557 -0.1975973 0.6344615 -0.747271 -0.1975699 0.6344672 -0.7472734 -0.3871685 0.5301585 -0.7543424 -0.3871841 0.5301737 -0.7543239 -0.524937 0.4073592 -0.7473284 -0.5249804 0.4073915 -0.7472802 -0.578074 0.3271946 -0.7475121 -0.5780484 0.32718 -0.7475381 -0.6569796 0.04801148 -0.7523782 -0.6569823 0.04802292 -0.752375 -0.671424 -0.1821109 -0.7183491 -0.6714517 -0.1821722 -0.7183077 -0.5132877 -0.4218482 0.7473821 -0.568248 -0.3120269 0.7614024 -0.5682451 -0.312027 0.7614044 -0.5132951 -0.42184 0.7473815 -0.4194338 -0.5154024 0.7472856 -0.419448 -0.5153915 0.7472851 -0.2606567 -0.6099374 0.7483546 -0.2606896 -0.609891 0.7483808 -0.1683619 -0.6412609 0.7486246 -0.1683914 -0.6412402 0.7486357 -0.5251208 0.4074162 0.7471681 -0.4691398 0.4945853 0.7316373 -0.4691654 0.4945906 0.7316174 -0.525038 0.4073163 0.7472807 -0.5247836 0.4076269 0.7472902 -0.5247871 0.4076253 0.7472885 -0.5249632 0.4073235 0.7473295 -0.5250123 0.4073513 0.7472798 -0.5780574 0.3272257 0.7475113 -0.5780957 0.3272835 0.7474563 -0.5980083 0.2897442 0.7472847 -0.5980973 0.2897453 0.747213 -0.6317274 0.2054677 0.7474648 -0.6316952 0.205592 0.7474579 -0.6569831 0.04802829 0.752374 -0.65698 0.04801601 0.7523775 -0.6519628 -0.1217542 0.748412 -0.6519272 -0.1218567 0.7484263 0.5871951 0.320806 0.7431591 0.5153217 0.4256594 0.743813 0.5872012 0.3208014 0.7431563 0.5153246 0.4256539 0.7438141 0.4316465 0.5050755 0.7473822 0.4315971 0.505118 0.7473819 0.3529223 0.56266 0.7475692 0.3534723 0.5627259 0.7472597 0.2729926 0.6058288 0.7472929 0.2728933 0.6058244 0.7473327 0.1535497 0.6590692 0.7362406 0.1535598 0.6590567 0.7362498 0.04563736 0.6611979 0.7488222 0.04560005 0.661203 0.74882 -0.1436733 0.6483965 0.7476229 -0.1437028 0.6483767 0.7476344 -0.3196935 0.5804095 0.7489465 -0.3196931 0.5804162 0.7489416 0.5454548 -0.3795289 0.7472864 0.5454297 -0.3795905 0.7472735 0.5454549 -0.3795328 0.7472844 0.545412 -0.3795943 0.7472844 0.5695477 -0.3422724 0.7473053 0.5695518 -0.342263 0.7473064 0.6614179 -0.06284862 0.7473797 0.6614213 -0.06284183 0.7473773 0.5462675 0.3783084 0.7473117 0.5462647 0.3783137 0.7473111 0.3534213 0.5627069 0.7472981 0.3534445 0.5627017 0.747291 0.2726683 0.6059802 0.7472885 0.2726566 0.605986 0.7472881 0.2726376 0.6058464 0.7474082 0.2726957 0.6059672 0.747289 0.1535272 0.6590641 0.7362499 0.1535605 0.6590756 0.7362328 0.0456373 0.6611945 0.7488253 0.04561001 0.6612115 0.7488118 0.4811424 -0.4573873 -0.7478629 0.3691003 -0.5500041 -0.7491732 0.3690955 -0.550038 -0.7491506 0.1575307 -0.6305404 -0.760002 0.1575453 -0.6305474 -0.7599931 -0.06513774 -0.660852 -0.7476842 -0.06512945 -0.6608532 -0.747684 -0.2606688 -0.6099065 -0.7483755 -0.2606839 -0.609921 -0.7483584 -0.4194263 -0.5154095 -0.7472848 -0.4194542 -0.5153875 -0.7472843 -0.5132932 -0.4218451 -0.74738 -0.5133059 -0.42183 -0.7473798 -0.5682425 -0.3120226 -0.7614082 -0.5682638 -0.3120335 -0.7613878 -0.650591 -0.1220394 -0.7495585 -0.6505372 -0.1220327 -0.7496063 -0.6569781 0.04800641 -0.7523797 -0.656979 0.04800444 -0.7523791 -0.6314457 0.2055928 -0.7476684 -0.6315652 0.2054415 -0.7476091 -0.5978452 0.2901659 -0.7472516 -0.5977603 0.2901614 -0.7473213 -0.5780633 0.3272147 -0.7475115 -0.5780836 0.32724 -0.7474847 -0.525004 0.4073148 -0.7473055 -0.5250232 0.4073378 -0.7472795 -0.5248036 0.4076368 -0.7472707 -0.5248375 0.4075992 -0.7472674 -0.5249884 0.407293 -0.7473283 -0.5250316 0.4073239 -0.7472811 -0.4691476 0.4945869 -0.7316313 -0.4691182 0.4945773 -0.7316566 -0.3197106 0.5804185 -0.7489323 -0.3196989 0.580409 -0.7489447 -0.1438911 0.648227 -0.7477281 -0.1440835 0.6482651 -0.7476579 0.04561042 0.6612052 -0.7488173 0.04564756 0.6612015 -0.7488183 0.1523268 0.6447761 -0.7490396 0.1523313 0.6447757 -0.7490391 0.2724036 0.60591 -0.747442 0.2723448 0.6061165 -0.747296 0.3533245 0.5627768 -0.7472912 0.353375 0.5627887 -0.7472583 0.4317811 0.504957 -0.7473846 0.4316908 0.5048455 -0.7475119 0.5871838 0.3208422 -0.7431524 0.5871881 0.320817 -0.7431599 0.6740686 0.1296951 -0.7271938 0.6740785 0.1297099 -0.7271819 0.6438779 -0.0979312 -0.7588351 0.6438558 -0.09792464 -0.7588549 0.5695759 -0.3422352 -0.7473007 0.5695668 -0.3422406 -0.7473052 0.545461 -0.3796131 -0.7472391 0.5454124 -0.3795939 -0.7472844 0.5453934 -0.3796497 -0.7472698 0.5454163 -0.3796967 -0.7472293 0.5454242 -0.3795731 -0.7472863 0.5454148 -0.379603 -0.7472779 0.6286511 -0.1881719 -0.7545788 0.6286756 -0.188185 -0.7545551 0.6413916 0.1584804 -0.750667 0.6414017 0.1584829 -0.7506577 0.4853137 0.4523433 -0.7482354 0.485232 0.4522353 -0.7483537 0.515306 0.425693 -0.7438045 0.5153332 0.4256436 -0.7438141 0.6625946 0.05047506 -0.7472756 0.6625851 0.05047303 -0.7472841 0.5986003 -0.2777753 -0.7513446 0.5985742 -0.2777906 -0.7513598 0.5207759 -0.4127439 -0.7472851 0.5207512 -0.4127745 -0.7472854 0.5207747 -0.4127441 -0.7472857 0.5207945 -0.4127212 -0.7472848 0.4811528 -0.4573777 -0.7478621 -0.5682489 -0.3120346 0.7613986 -0.6464676 -0.2045131 0.7350198 -0.6464757 -0.2045066 0.7350144 -0.5682693 -0.3120175 0.7613904 -0.5132681 -0.421854 0.7473922 -0.5132162 -0.4219264 0.7473869 -0.4626137 -0.4769422 0.7473385 -0.4626349 -0.4769239 0.7473371 -0.3280665 -0.5775087 0.7475668 -0.3280602 -0.5775002 0.7475762 0.05543386 -0.6621745 0.7472965 0.05544 -0.6621884 0.7472838 0.4154207 -0.5137664 0.7506462 0.4154354 -0.5137481 0.7506505 0.5207827 -0.4127386 0.7472833 0.5207981 -0.4127155 0.7472854 0.5207827 -0.4127342 0.7472857 0.5208445 -0.4127802 0.7472172 0.6615054 -0.06354141 -0.7472438 0.6625816 0.05023747 -0.7473031 0.6626349 0.0502758 -0.7472532 0.6614031 -0.06314003 -0.7473683 0.6286773 -0.1881506 -0.7545623 0.6286687 -0.1881615 -0.7545667 0.6214352 -0.2354587 -0.7472467 0.6213459 -0.235448 -0.7473242 0.5985527 -0.2778235 -0.7513647 0.5985602 -0.2777902 -0.751371 0.5695918 -0.3424174 -0.7472053 0.569486 -0.3424254 -0.7472822 0.5455513 -0.3796703 -0.7471442 0.5454183 -0.3795866 -0.7472838 0.5454462 -0.3796411 -0.7472357 0.5453999 -0.3796119 -0.7472844 0.5453802 -0.3796061 -0.7473016 0.5454233 -0.3795787 -0.7472841 0.5456268 -0.379235 -0.7473101 0.54568 -0.3792211 -0.7472783 0.5207794 -0.4127397 -0.747285 0.5207501 -0.412775 -0.747286 0.4515798 -0.485368 -0.7486613 0.451574 -0.4853359 -0.7486856 0.2806459 -0.6009088 -0.7484293 0.2806049 -0.6009164 -0.7484387 0.05501461 -0.6622471 -0.7472632 0.05495244 -0.6621788 -0.7473283 -0.1682268 -0.6413084 -0.7486143 -0.1682244 -0.6413284 -0.7485978 -0.3280465 -0.5775203 -0.7475666 -0.3280027 -0.577493 -0.747607 -0.4194192 -0.5154241 -0.7472788 -0.4194161 -0.5154173 -0.7472851 -0.565463 -0.3610089 -0.7415688 -0.5654798 -0.3609799 -0.7415701 -0.6714348 -0.1821847 -0.7183204 -0.6714465 -0.1821897 -0.7183082 0.04561573 0.6611999 -0.7488217 -0.20396 0.6007578 -0.772975 -0.2039704 0.6007689 -0.7729638 0.04561901 0.6612038 -0.7488181 0.2097708 0.6305051 -0.7473016 0.2097553 0.6304901 -0.7473185 0.3165143 0.5836695 -0.7477625 0.316369 0.5836923 -0.7478061 0.386879 0.540495 -0.747121 0.3865691 0.5405046 -0.7472745 0.4601945 0.4774473 -0.7485086 0.4601681 0.4774141 -0.748546 0.5459662 0.3786162 -0.747376 0.5460777 0.378571 -0.7473174 0.6041253 0.2768623 -0.7472482 0.6041218 0.2768695 -0.7472484 0.6413959 0.1584557 -0.7506685 0.6413968 0.15846 -0.7506669 -0.4626062 -0.4769199 -0.7473573 -0.6127645 -0.2486824 -0.7501179 -0.4626126 -0.4769468 -0.7473362 -0.6127492 -0.2486923 -0.7501271 -0.6454062 0.102932 -0.7568725 -0.645402 0.1029363 -0.7568754 -0.5780487 0.3272067 -0.7475264 -0.5781189 0.3272122 -0.7474696 -0.5547764 0.3655894 -0.7473738 -0.5546625 0.3658996 -0.7473066 -0.5252828 0.4075165 -0.7469995 -0.5250262 0.4073309 -0.7472812 -0.5251172 0.4074267 -0.747165 -0.5250188 0.4073432 -0.7472796 -0.5250102 0.4073537 -0.74728 -0.5250167 0.4073441 -0.7472805 -0.4762967 0.4625799 -0.7477709 -0.4764888 0.4623959 -0.7477623 0.1575481 -0.6305492 -0.7599911 -0.1248825 -0.6921867 -0.7108318 -0.1250789 -0.6921853 -0.7107987 0.1575385 -0.6305407 -0.7600001 0.4811222 -0.4573941 -0.7478718 0.4811542 -0.4573765 -0.747862 0.5205743 -0.4128709 -0.7473554 0.5206347 -0.4128699 -0.7473139 0.4811624 -0.4574334 -0.7478219 0.48115 -0.4573788 -0.7478633 0.3691449 -0.5500256 -0.7491354 0.3691418 -0.5500269 -0.749136 0.1575528 -0.6305534 -0.7599866 0.1575435 -0.6305443 -0.7599961 -0.06536638 -0.6610872 -0.7474564 -0.0652557 -0.6612997 -0.7472781 -0.2606523 -0.6099248 -0.7483663 -0.2606891 -0.6099106 -0.7483652 0.5454571 -0.3795298 -0.7472843 0.5207579 -0.4127659 -0.7472856 0.5454517 -0.3795284 -0.747289 0.5208187 -0.4128112 -0.7472181 0.520748 -0.4127793 -0.747285 0.5207564 -0.4127642 -0.7472876 0.4516408 -0.4853563 -0.7486321 0.4516236 -0.485355 -0.7486433 0.0574969 -0.6230698 -0.78005 0.05750864 -0.6230062 -0.7801 -0.3280471 -0.5775226 -0.7475645 -0.3280267 -0.577529 -0.7475686 -0.4626157 -0.4769406 -0.7473382 -0.4626014 -0.476958 -0.747336 -0.5132983 -0.4218412 -0.7473788 -0.5133028 -0.4217936 -0.7474024 -0.6010582 -0.306091 -0.7382665 -0.6010791 -0.3060781 -0.7382548 -0.6569766 0.0480076 -0.7523809 -0.656977 0.04802596 -0.7523795 -0.5780225 0.3272453 -0.7475296 -0.5779632 0.3273549 -0.7475274 -0.5547511 0.3657833 -0.7472977 -0.5547736 0.3657504 -0.7472971 -0.5547747 0.3657487 -0.7472971 -0.5547752 0.3657543 -0.747294 -0.5250083 0.4073557 -0.7472802 -0.5252553 0.4075347 -0.7470089 -0.5250095 0.4073543 -0.7472802 -0.5251722 0.4074357 -0.7471213 -0.4765018 0.4623765 -0.747766 -0.4764947 0.4623867 -0.7477642 -0.2039483 0.6007381 -0.7729934 -0.2039526 0.6007439 -0.7729879 0.152328 0.6448016 -0.7490175 0.1523569 0.6448701 -0.7489527 0.2726957 0.6059726 -0.7472846 0.2727119 0.6059663 -0.7472838 0.2726582 0.6059892 -0.7472848 0.2726498 0.6059606 -0.7473111 0.3164342 0.5836832 -0.7477857 0.3164173 0.5836916 -0.7477862 0.515331 0.4256674 -0.743802 0.5153323 0.4256418 -0.7438157 0.6614088 -0.06284064 -0.7473885 0.6614249 -0.0628125 -0.7473766 0.5695631 -0.3422634 -0.7472977 0.5695011 -0.342271 -0.7473414 0.5454179 -0.3796044 -0.7472749 0.5454007 -0.3796111 -0.7472842 0.8052862 -0.5928863 -7.45038e-6 0.6667935 -0.7452426 0 0.8052843 -0.592889 0 0.6667776 -0.7452567 0 0.4233659 -0.9059588 0 0.4233658 -0.9059588 0 0.08287787 -0.9965598 0 0.08287781 -0.9965598 0 -0.2595316 -0.9657347 0 -0.2595317 -0.9657346 0 -0.512487 -0.8586951 0 -0.5124645 -0.8587084 0 -0.6013202 -0.7990083 0 -0.6012977 -0.7990252 0 -0.8387215 -0.5445607 0 -0.8387218 -0.5445601 0 -0.9466001 -0.3224101 0 -0.9466006 -0.3224088 0 0.9954279 -0.09551727 0 0.9701454 -0.2425245 0 0.9954277 -0.09551781 0 0.9701453 -0.2425248 0 0.9351502 -0.3542516 0 0.9351501 -0.3542517 0 0.8845704 -0.4664068 0 0.884569 -0.4664095 0 0.8608871 -0.508796 0 0.8608878 -0.508795 0 0.8289643 -0.5593016 0 0.8289638 -0.5593023 0 0.8289477 -0.5593263 0 0.8289476 -0.5593264 0 0.8290228 -0.559215 0 0.8290226 -0.5592152 0 0.8289971 -0.559253 0 0.8289967 -0.5592537 0 0.08452898 0.9964211 2.16543e-6 0.3195791 0.9475597 -1.60611e-6 0.08452022 0.9964218 4.13202e-7 0.3195791 0.9475597 5.35408e-7 0.5029426 0.8643198 1.25203e-5 0.5029292 0.8643277 0 0.5818617 0.8132877 0 0.5818619 0.8132877 0 0.6939082 0.7200635 0 0.6939084 0.7200633 0 0.8228923 0.5681975 0 0.8228927 0.5681968 1.30126e-7 0.9090865 0.4166076 1.31291e-7 0.9090866 0.4166075 2.61411e-7 0.9695141 0.2450354 2.36544e-6 0.9695026 0.2450815 0 0.9957246 0.09237259 0 0.9957235 0.09238463 0 -0.9261385 -0.3771839 0 -0.9871187 0.1599894 0 -0.9261384 -0.377184 0 -0.8799545 0.4750581 0 -0.8799592 0.4750494 0 -0.8392943 0.5436775 0 -0.8392947 0.5436767 0 -0.8392888 0.5436859 0 -0.839289 0.5436856 0 -0.8196952 0.5728 0 -0.819695 0.5728004 0 -0.8197074 0.5727826 0 -0.8197042 0.5727872 0 -0.7053305 0.7088786 0 -0.7053305 0.7088786 3.94015e-7 -0.3432626 0.9392396 3.88526e-7 -0.3432629 0.9392395 1.63613e-6 0.6668161 -0.7452223 0 0.7609915 -0.648762 0 0.6668159 -0.7452225 0 0.7609643 -0.6487938 -1.12899e-5 0.8052729 -0.5929043 0 0.8052511 -0.5929341 -1.3422e-5 0.7005601 -0.7135934 5.06487e-6 0.700564 -0.7135897 0 0.5351688 -0.8447452 0 0.5351815 -0.8447372 0 0.2666347 -0.9637977 0 0.2666085 -0.963805 -6.99265e-6 -0.08141744 -0.9966802 0 -0.08142876 -0.9966792 0 -0.425774 -0.9048296 0 -0.425774 -0.9048296 0 -0.6850962 -0.7284527 0 -0.6851099 -0.7284397 0 -0.9466001 -0.3224101 0 -0.9466006 -0.3224088 0 -0.8387216 -0.5445607 0 -0.6012977 -0.7990252 0 -0.6013202 -0.7990083 0 -0.5124645 -0.8587084 0 -0.512487 -0.858695 0 -0.2595317 -0.9657346 0 -0.2595316 -0.9657347 0 0.08287787 -0.9965598 0 0.6667776 -0.7452567 0 0.6667935 -0.7452426 0 0.8052862 -0.5928863 0 0.8052843 -0.592889 -6.73216e-6 0.8289967 -0.5592536 0 0.8289971 -0.559253 0 0.8290227 -0.5592151 0 0.8290228 -0.559215 0 0.8289484 -0.5593251 0 0.8289485 -0.559325 0 0.8289638 -0.5593024 0 0.8289641 -0.5593017 0 0.8608625 -0.5088376 0 0.8608863 -0.5087974 0 0.8845688 -0.4664098 0 0.88457 -0.4664074 0 0.9351502 -0.3542517 0 0.9701455 -0.2425239 0 0.9701454 -0.2425242 0 0.9954278 -0.09551745 0 0.9954277 -0.09551864 0 0.9957235 0.09238463 0 0.9957246 0.09237259 6.38623e-7 0.9695026 0.2450815 0 0.9695141 0.2450354 0 0.9090861 0.4166085 0 0.9090863 0.4166079 0 0.8228927 0.5681968 0 0.8228927 0.5681969 0 0.6939076 0.7200641 0 0.6939073 0.7200644 0 0.581862 0.8132876 0 0.5818619 0.8132876 0 0.5029305 0.864327 1.09637e-5 0.502944 0.864319 0 0.3195793 0.9475597 0 0.3195791 0.9475596 0 0.08452922 0.996421 0 0.08452004 0.9964218 0 -0.3432624 0.9392396 7.97431e-7 -0.3432628 0.9392395 3.88526e-7 -0.7053306 0.7088786 3.94015e-7 -0.7053307 0.7088785 0 -0.8197042 0.5727872 0 -0.8197074 0.5727826 0 -0.8196949 0.5728004 0 -0.8196952 0.5728 0 -0.839289 0.5436856 0 -0.8392888 0.5436859 0 -0.8392947 0.5436767 0 -0.8392943 0.5436775 0 -0.8799592 0.4750494 0 -0.8799545 0.475058 0 -0.9871187 0.1599894 0 -0.9261384 -0.3771839 0 -0.6851109 -0.7284387 0 -0.6850973 -0.7284517 -7.49919e-6 -0.4257744 -0.9048294 0 -0.08142775 -0.9966793 0 -0.08146768 -0.996676 0 0.2666085 -0.963805 0 0.2666347 -0.9637977 0 0.5351819 -0.844737 0 0.535169 -0.8447452 0 0.7005643 -0.7135893 5.06309e-6 0.70056 -0.7135936 0 0.8052797 -0.5928952 0 0.8052729 -0.5929045 -1.56491e-5 0.7609642 -0.648794 7.68207e-7 0.760962 -0.6487967 1.48556e-6 0.6667801 -0.7452546 0 0.6668159 -0.7452225 0 0.2302805 0.9731244 0 0.3931115 0.9194909 0 0.3931145 0.9194896 0 0.5029038 0.8643425 0 0.5029287 0.864328 -1.64892e-5 0.649707 0.7601848 0 0.649707 0.7601849 0 0.8739721 0.4859762 0 0.8739721 0.4859762 0 0.9821401 0.1881511 0 0.9821401 0.1881511 0 0.988388 -0.1519513 0 0.988388 -0.1519512 0 0.8845705 -0.4664065 0 0.8845856 -0.4663778 1.00573e-6 0.8289481 -0.5593255 2.61191e-6 0.8289481 -0.5593256 0 0.8289932 -0.5592588 0 0.8289931 -0.5592589 0 0.8289544 -0.5593162 8.36352e-6 0.8289549 -0.5593156 0 0.9561091 -0.2930112 0 0.956109 -0.2930113 0 0.9695014 0.2450855 0 0.9695015 0.2450854 0 0.7276866 0.6859099 0 0.7276866 0.6859098 0 0.7665894 0.6421377 0 0.9957267 0.09234958 0 0.9957267 0.09234958 0 0.9067544 -0.4216592 0 0.9067544 -0.4216592 0 0.8052902 -0.5928811 0 0.8052911 -0.5928797 0 0.5352104 -0.8447189 1.0192e-5 0.5352184 -0.8447137 0 0.266626 -0.9638002 0 0.266626 -0.9638001 0 -0.08142191 -0.9966797 0 -0.371858 -0.9282897 0 -0.3718962 -0.9282743 -7.98497e-6 -0.6013212 -0.7990074 0 -0.6013211 -0.7990075 0 -0.7404622 -0.6720981 0 -0.7404621 -0.6720981 0 -0.8898553 -0.4562429 -4.2648e-7 -0.889846 -0.4562612 -2.6934e-7 -0.9828829 -0.1842313 0 -0.9828829 -0.1842316 0 -0.9935669 0.1132477 0 -0.9935668 0.1132477 3.00445e-7 -0.9508067 0.3097848 1.45137e-6 -0.9508067 0.309785 1.51414e-6 -0.9103284 0.413887 2.36288e-7 -0.9103295 0.4138842 0 -0.8393051 0.5436609 0 -0.8393049 0.5436611 0 -0.839303 0.543664 0 -0.8393025 0.5436648 0 -0.7906364 0.6122859 0 -0.7906365 0.6122859 0 -0.7398589 0.6727621 0 -0.7398318 0.672792 8.28408e-7 -0.6749675 0.7378476 -5.85576e-7 -0.6749337 0.7378784 2.39004e-6 -0.4826413 0.8758182 0 -0.4826415 0.875818 0 -0.2165129 0.9762798 0 0.03411751 0.9994179 0 0.03411757 0.9994179 0 0.2302725 0.9731262 0</float_array>
          <technique_common>
            <accessor source="#pickup_powerup_knockout-mesh-normals-array" count="1880" stride="3">
              <param name="X" type="float"/>
              <param name="Y" type="float"/>
              <param name="Z" type="float"/>
            </accessor>
          </technique_common>
        </source>
        <source id="pickup_powerup_knockout-mesh-map-0">
          <float_array id="pickup_powerup_knockout-mesh-map-0-array" count="11712">0.199713 0.536987 0.201517 0.542261 0.201517 0.542261 0.199713 0.536987 0.199713 0.536987 0.201517 0.542261 0.217702 0.35253 0.222679 0.36396 0.222679 0.36396 0.217702 0.35253 0.217702 0.35253 0.222679 0.36396 0.206005 0.33869 0.217702 0.35253 0.217702 0.35253 0.206005 0.33869 0.206005 0.33869 0.217702 0.35253 0.192957 0.32697 0.206005 0.33869 0.206005 0.33869 0.192957 0.32697 0.192957 0.32697 0.206005 0.33869 0.1823199 0.319492 0.192957 0.32697 0.192957 0.32697 0.1823199 0.319492 0.1823199 0.319492 0.192957 0.32697 0.1732169 0.31669 0.1823199 0.319492 0.1823199 0.319492 0.1732169 0.31669 0.1732169 0.31669 0.1823199 0.319492 0.208425 0.549036 0.255651 0.601928 0.266348 0.58385 0.208425 0.549036 0.245838 0.617908 0.255651 0.601928 0.251067 0.507145 0.245655 0.508026 0.2393 0.511659 0.262359 0.509369 0.251067 0.507145 0.2393 0.511659 0.262359 0.509369 0.2393 0.511659 0.231944 0.519241 0.262359 0.509369 0.231944 0.519241 0.224803 0.529332 0.262359 0.509369 0.224803 0.529332 0.218891 0.538798 0.262359 0.509369 0.218891 0.538798 0.208425 0.549036 0.208425 0.549036 0.276429 0.566063 0.262359 0.509369 0.208425 0.549036 0.266348 0.58385 0.276429 0.566063 0.276429 0.566063 0.284317 0.551129 0.262359 0.509369 0.284317 0.551129 0.277209 0.517901 0.262359 0.509369 0.284317 0.551129 0.285996 0.527809 0.277209 0.517901 0.284317 0.551129 0.288912 0.540338 0.285996 0.527809 0.228587 0.635055 0.232631 0.634749 0.238873 0.6288 0.219123 0.633494 0.228587 0.635055 0.238873 0.6288 0.219123 0.633494 0.238873 0.6288 0.245838 0.617908 0.208464 0.629879 0.219123 0.633494 0.245838 0.617908 0.208425 0.549036 0.208464 0.629879 0.245838 0.617908 0.208425 0.549036 0.194846 0.62233 0.208464 0.629879 0.208425 0.549036 0.196999 0.547935 0.194846 0.62233 0.196999 0.547935 0.176833 0.610766 0.194846 0.62233 0.196999 0.547935 0.167786 0.601492 0.176833 0.610766 0.196999 0.547935 0.16165 0.592507 0.167786 0.601492 0.196999 0.547935 0.157308 0.582919 0.16165 0.592507 0.196999 0.547935 0.15447 0.57167 0.157308 0.582919 0.196999 0.547935 0.153526 0.557968 0.15447 0.57167 0.196999 0.547935 0.1929849 0.536847 0.153526 0.557968 0.1929849 0.536847 0.155108 0.541552 0.153526 0.557968 0.1929849 0.536847 0.159224 0.523966 0.155108 0.541552 0.1929849 0.536847 0.197865 0.523222 0.159224 0.523966 0.197865 0.523222 0.164413 0.5088 0.159224 0.523966 0.197865 0.523222 0.171808 0.49313 0.164413 0.5088 0.197865 0.523222 0.207309 0.50679 0.171808 0.49313 0.207309 0.50679 0.216398 0.494407 0.171808 0.49313 0.216398 0.494407 0.182871 0.471725 0.171808 0.49313 0.216398 0.494407 0.196022 0.447418 0.182871 0.471725 0.196022 0.447418 0.216398 0.494407 0.231494 0.48637 0.209737 0.422882 0.196022 0.447418 0.231494 0.48637 0.209737 0.422882 0.231494 0.48637 0.244264 0.48301 0.222525 0.400729 0.209737 0.422882 0.244264 0.48301 0.222525 0.400729 0.244264 0.48301 0.252138 0.472498 0.222525 0.400729 0.252138 0.472498 0.260959 0.456714 0.222525 0.400729 0.260959 0.456714 0.27569 0.433522 0.222525 0.400729 0.27569 0.433522 0.291269 0.411093 0.23044 0.387196 0.222525 0.400729 0.291269 0.411093 0.240101 0.373142 0.23044 0.387196 0.291269 0.411093 0.25624 0.359516 0.240101 0.373142 0.291269 0.411093 0.25624 0.359516 0.291269 0.411093 0.309164 0.39259 0.276269 0.352431 0.25624 0.359516 0.309164 0.39259 0.276269 0.352431 0.309164 0.39259 0.327618 0.382659 0.294972 0.352613 0.276269 0.352431 0.327618 0.382659 0.294972 0.352613 0.327618 0.382659 0.341082 0.379698 0.294972 0.352613 0.341082 0.379698 0.329352 0.36996 0.341082 0.379698 0.340753 0.378213 0.329352 0.36996 0.341082 0.379698 0.341751 0.379505 0.340753 0.378213 0.329352 0.36996 0.308039 0.35747 0.294972 0.352613 0.165386 0.322609 0.1732169 0.31669 0.1732169 0.31669 0.165386 0.322609 0.165386 0.322609 0.1732169 0.31669 0.153414 0.340359 0.165386 0.322609 0.165386 0.322609 0.153414 0.340359 0.153414 0.340359 0.165386 0.322609 0.135595 0.368528 0.153414 0.340359 0.153414 0.340359 0.135595 0.368528 0.135595 0.368528 0.153414 0.340359 0.115835 0.401454 0.135595 0.368528 0.135595 0.368528 0.115835 0.401454 0.115835 0.401454 0.135595 0.368528 0.09696096 0.434241 0.115835 0.401454 0.115835 0.401454 0.09696096 0.434241 0.09696096 0.434241 0.115835 0.401454 0.08180296 0.461995 0.09696096 0.434241 0.09696096 0.434241 0.08180296 0.461995 0.08180296 0.461995 0.09696096 0.434241 0.07322198 0.482132 0.08180296 0.461995 0.08180296 0.461995 0.07322198 0.482132 0.07322198 0.482132 0.08180296 0.461995 0.238777 0.628963 0.232537 0.634912 0.228492 0.635217 0.238777 0.628963 0.228492 0.635217 0.219029 0.633657 0.245744 0.61807 0.238777 0.628963 0.219029 0.633657 0.245744 0.61807 0.219029 0.633657 0.208369 0.630042 0.245744 0.61807 0.208369 0.630042 0.194751 0.622492 0.255557 0.60209 0.245744 0.61807 0.194751 0.622492 0.255557 0.60209 0.194751 0.622492 0.176738 0.610929 0.266254 0.584013 0.255557 0.60209 0.176738 0.610929 0.250972 0.507307 0.266254 0.584013 0.176738 0.610929 0.250972 0.507307 0.276335 0.566225 0.266254 0.584013 0.250972 0.507307 0.262264 0.509531 0.276335 0.566225 0.262264 0.509531 0.284221 0.551292 0.276335 0.566225 0.262264 0.509531 0.277114 0.518063 0.284221 0.551292 0.277114 0.518063 0.285901 0.527971 0.284221 0.551292 0.285901 0.527971 0.288817 0.540501 0.284221 0.551292 0.250972 0.507307 0.176738 0.610929 0.167691 0.601654 0.239205 0.511821 0.24556 0.508189 0.250972 0.507307 0.231849 0.519404 0.239205 0.511821 0.250972 0.507307 0.224708 0.529495 0.231849 0.519404 0.250972 0.507307 0.218796 0.53896 0.224708 0.529495 0.250972 0.507307 0.218796 0.53896 0.250972 0.507307 0.167691 0.601654 0.20833 0.549199 0.218796 0.53896 0.167691 0.601654 0.167691 0.601654 0.196904 0.548098 0.20833 0.549199 0.167691 0.601654 0.161555 0.59267 0.196904 0.548098 0.161555 0.59267 0.157213 0.583082 0.196904 0.548098 0.157213 0.583082 0.154375 0.571832 0.196904 0.548098 0.154375 0.571832 0.1534309 0.558131 0.196904 0.548098 0.1534309 0.558131 0.19289 0.537009 0.196904 0.548098 0.1534309 0.558131 0.155014 0.541715 0.19289 0.537009 0.155014 0.541715 0.159129 0.524128 0.19289 0.537009 0.159129 0.524128 0.197771 0.523384 0.19289 0.537009 0.159129 0.524128 0.164319 0.508962 0.197771 0.523384 0.164319 0.508962 0.1717129 0.493293 0.197771 0.523384 0.1717129 0.493293 0.2072139 0.506953 0.197771 0.523384 0.1717129 0.493293 0.216304 0.494569 0.2072139 0.506953 0.1717129 0.493293 0.182776 0.471887 0.216304 0.494569 0.182776 0.471887 0.195927 0.44758 0.216304 0.494569 0.195927 0.44758 0.2096419 0.423045 0.216304 0.494569 0.2096419 0.423045 0.22243 0.400891 0.216304 0.494569 0.22243 0.400891 0.230345 0.387359 0.216304 0.494569 0.230345 0.387359 0.240006 0.373305 0.216304 0.494569 0.240006 0.373305 0.2313989 0.486532 0.216304 0.494569 0.240006 0.373305 0.2441689 0.483172 0.2313989 0.486532 0.2441689 0.483172 0.240006 0.373305 0.256145 0.359678 0.2441689 0.483172 0.256145 0.359678 0.276174 0.352594 0.2441689 0.483172 0.276174 0.352594 0.294877 0.352775 0.2441689 0.483172 0.294877 0.352775 0.260864 0.456876 0.294877 0.352775 0.275595 0.433684 0.260864 0.456876 0.294877 0.352775 0.291173 0.411257 0.275595 0.433684 0.294877 0.352775 0.30907 0.392753 0.291173 0.411257 0.294877 0.352775 0.307944 0.357633 0.30907 0.392753 0.307944 0.357633 0.327523 0.382822 0.30907 0.392753 0.260864 0.456876 0.252043 0.47266 0.2441689 0.483172 0.307944 0.357633 0.329257 0.370123 0.327523 0.382822 0.329257 0.370123 0.340657 0.378376 0.327523 0.382822 0.340657 0.378376 0.340987 0.379861 0.327523 0.382822 0.340657 0.378376 0.341656 0.379668 0.340987 0.379861 0.393047 0.641148 0.408533 0.618488 0.425633 0.59082 0.425633 0.59082 0.442192 0.560532 0.393047 0.641148 0.442192 0.560532 0.456071 0.530042 0.393047 0.641148 0.361466 0.670019 0.371516 0.665377 0.381578 0.656161 0.350952 0.671778 0.361466 0.670019 0.381578 0.656161 0.350952 0.671778 0.381578 0.656161 0.393047 0.641148 0.456071 0.530042 0.350952 0.671778 0.393047 0.641148 0.456071 0.530042 0.45945 0.456778 0.350952 0.671778 0.456071 0.530042 0.465197 0.501745 0.45945 0.456778 0.465197 0.501745 0.467561 0.486655 0.45945 0.456778 0.467561 0.486655 0.466163 0.470799 0.45945 0.456778 0.277564 0.610608 0.271864 0.624372 0.274268 0.633789 0.277564 0.610608 0.274268 0.633789 0.281921 0.644024 0.277564 0.610608 0.281921 0.644024 0.290789 0.651487 0.283669 0.599064 0.277564 0.610608 0.290789 0.651487 0.283669 0.599064 0.290789 0.651487 0.304634 0.659923 0.283669 0.599064 0.304634 0.659923 0.31978 0.666489 0.290451 0.587302 0.283669 0.599064 0.31978 0.666489 0.301035 0.56916 0.290451 0.587302 0.31978 0.666489 0.301035 0.56916 0.31978 0.666489 0.334473 0.670602 0.301035 0.56916 0.334473 0.670602 0.350952 0.671778 0.311297 0.548228 0.301035 0.56916 0.350952 0.671778 0.45945 0.456778 0.311297 0.548228 0.350952 0.671778 0.45945 0.456778 0.313686 0.52232 0.311297 0.548228 0.45945 0.456778 0.44693 0.442679 0.313686 0.52232 0.44693 0.442679 0.428262 0.428306 0.313686 0.52232 0.428262 0.428306 0.394664 0.411219 0.313686 0.52232 0.394664 0.411219 0.365171 0.405998 0.313686 0.52232 0.365171 0.405998 0.344192 0.409727 0.313686 0.52232 0.344192 0.409727 0.327098 0.419765 0.313686 0.52232 0.327098 0.419765 0.311447 0.435634 0.313686 0.52232 0.311447 0.435634 0.300746 0.506005 0.313686 0.52232 0.311447 0.435634 0.29489 0.458836 0.300746 0.506005 0.29489 0.458836 0.284645 0.474649 0.300746 0.506005 0.284645 0.474649 0.277336 0.488307 0.300746 0.506005 0.277336 0.488307 0.277986 0.492979 0.300746 0.506005 0.277336 0.488307 0.276103 0.492027 0.277986 0.492979 0.425538 0.590983 0.408438 0.618651 0.392952 0.641311 0.392952 0.641311 0.442097 0.560695 0.425538 0.590983 0.392952 0.641311 0.455976 0.530205 0.442097 0.560695 0.381483 0.656323 0.371421 0.665539 0.361372 0.670181 0.381483 0.656323 0.361372 0.670181 0.350858 0.67194 0.392952 0.641311 0.381483 0.656323 0.350858 0.67194 0.392952 0.641311 0.350858 0.67194 0.455976 0.530205 0.350858 0.67194 0.459355 0.45694 0.455976 0.530205 0.459355 0.45694 0.465102 0.501908 0.455976 0.530205 0.459355 0.45694 0.467466 0.486818 0.465102 0.501908 0.459355 0.45694 0.466068 0.470962 0.467466 0.486818 0.274174 0.633951 0.27177 0.624535 0.27747 0.61077 0.281826 0.644186 0.274174 0.633951 0.27747 0.61077 0.290694 0.65165 0.281826 0.644186 0.27747 0.61077 0.290694 0.65165 0.27747 0.61077 0.283574 0.599226 0.30454 0.660085 0.290694 0.65165 0.283574 0.599226 0.319685 0.666651 0.30454 0.660085 0.283574 0.599226 0.319685 0.666651 0.283574 0.599226 0.290356 0.587465 0.319685 0.666651 0.290356 0.587465 0.30094 0.569323 0.334378 0.670765 0.319685 0.666651 0.30094 0.569323 0.350858 0.67194 0.334378 0.670765 0.30094 0.569323 0.350858 0.67194 0.30094 0.569323 0.311202 0.548391 0.350858 0.67194 0.311202 0.548391 0.459355 0.45694 0.311202 0.548391 0.313591 0.522482 0.459355 0.45694 0.313591 0.522482 0.446835 0.442841 0.459355 0.45694 0.313591 0.522482 0.428167 0.428469 0.446835 0.442841 0.313591 0.522482 0.394569 0.411381 0.428167 0.428469 0.313591 0.522482 0.365076 0.406161 0.394569 0.411381 0.313591 0.522482 0.344097 0.40989 0.365076 0.406161 0.313591 0.522482 0.327004 0.419927 0.344097 0.40989 0.313591 0.522482 0.311352 0.435796 0.327004 0.419927 0.313591 0.522482 0.30065 0.506168 0.311352 0.435796 0.30065 0.506168 0.294794 0.458999 0.311352 0.435796 0.30065 0.506168 0.284551 0.474811 0.294794 0.458999 0.30065 0.506168 0.277241 0.48847 0.284551 0.474811 0.30065 0.506168 0.277891 0.493142 0.277241 0.48847 0.277891 0.493142 0.276007 0.49219 0.277241 0.48847 0.746906 0.229552 0.768619 0.233631 0.76646 0.2492049 0.746906 0.229552 0.759934 0.225013 0.768619 0.233631 0.759934 0.225013 0.76599 0.220017 0.768619 0.233631 0.76599 0.220017 0.778704 0.2230809 0.768619 0.233631 0.76599 0.220017 0.770752 0.211858 0.778704 0.2230809 0.770752 0.211858 0.786623 0.210503 0.778704 0.2230809 0.770752 0.211858 0.773685 0.200182 0.786623 0.210503 0.773685 0.200182 0.787877 0.197098 0.786623 0.210503 0.773685 0.200182 0.774846 0.187135 0.787877 0.197098 0.774846 0.187135 0.787765 0.17899 0.787877 0.197098 0.774846 0.187135 0.775138 0.1764259 0.787765 0.17899 0.775138 0.1764259 0.785936 0.167484 0.787765 0.17899 0.775138 0.1764259 0.777553 0.165722 0.785936 0.167484 0.777553 0.165722 0.781718 0.163838 0.785936 0.167484 0.699499 0.2326959 0.690436 0.212409 0.701156 0.212492 0.715449 0.238548 0.699499 0.2326959 0.701156 0.212492 0.715449 0.238548 0.701156 0.212492 0.712401 0.224569 0.715449 0.238548 0.712401 0.224569 0.727567 0.229685 0.741369 0.238276 0.715449 0.238548 0.727567 0.229685 0.741369 0.238276 0.727567 0.229685 0.746906 0.229552 0.747123 0.239811 0.741369 0.238276 0.746906 0.229552 0.746906 0.229552 0.750032 0.247277 0.747123 0.239811 0.746906 0.229552 0.76646 0.2492049 0.750032 0.247277 0.76646 0.2492049 0.75075 0.264153 0.750032 0.247277 0.76646 0.2492049 0.766789 0.267621 0.75075 0.264153 0.766789 0.267621 0.749861 0.283426 0.75075 0.264153 0.766789 0.267621 0.765772 0.294754 0.749861 0.283426 0.765772 0.294754 0.747177 0.312498 0.749861 0.283426 0.765772 0.294754 0.763699 0.321307 0.747177 0.312498 0.763699 0.321307 0.741274 0.335456 0.747177 0.312498 0.763699 0.321307 0.758006 0.344785 0.741274 0.335456 0.758006 0.344785 0.748053 0.361024 0.741274 0.335456 0.748053 0.361024 0.730521 0.354514 0.741274 0.335456 0.748053 0.361024 0.737265 0.371343 0.730521 0.354514 0.737265 0.371343 0.722207 0.38026 0.730521 0.354514 0.737265 0.371343 0.735991 0.377602 0.722207 0.38026 0.737029 0.394608 0.722207 0.38026 0.735991 0.377602 0.757127 0.397252 0.737029 0.394608 0.735991 0.377602 0.757127 0.397252 0.735991 0.377602 0.741669 0.38195 0.757127 0.397252 0.741669 0.38195 0.757808 0.383808 0.784641 0.397244 0.757127 0.397252 0.757808 0.383808 0.784641 0.397244 0.757808 0.383808 0.783494 0.383833 0.784641 0.397244 0.783494 0.383833 0.798931 0.381062 0.844102 0.359314 0.784641 0.397244 0.798931 0.381062 0.844102 0.359314 0.798931 0.381062 0.81718 0.370637 0.844102 0.359314 0.81718 0.370637 0.832433 0.352606 0.850452 0.342625 0.844102 0.359314 0.832433 0.352606 0.850452 0.342625 0.832433 0.352606 0.853344 0.328487 0.850452 0.342625 0.853344 0.328487 0.863405 0.335848 0.850452 0.342625 0.863405 0.335848 0.880484 0.341902 0.844102 0.359314 0.803491 0.393726 0.784641 0.397244 0.844102 0.359314 0.825785 0.380987 0.803491 0.393726 0.911255 0.359997 0.895693 0.35876 0.850452 0.342625 0.895693 0.35876 0.876893 0.354874 0.850452 0.342625 0.876893 0.354874 0.857294 0.347846 0.850452 0.342625 0.938504 0.314583 0.936859 0.33806 0.911255 0.359997 0.936859 0.33806 0.928583 0.354646 0.911255 0.359997 0.911255 0.359997 0.850452 0.342625 0.880484 0.341902 0.911255 0.359997 0.880484 0.341902 0.897661 0.345445 0.911255 0.359997 0.897661 0.345445 0.910617 0.346539 0.911255 0.359997 0.910617 0.346539 0.919892 0.344369 0.938504 0.314583 0.911255 0.359997 0.919892 0.344369 0.919892 0.344369 0.923671 0.335308 0.938504 0.314583 0.923671 0.335308 0.925059 0.313944 0.938504 0.314583 0.925059 0.313944 0.926244 0.280634 0.938504 0.314583 0.926244 0.280634 0.9397 0.280954 0.938504 0.314583 0.926244 0.280634 0.926708 0.242236 0.9397 0.280954 0.926708 0.242236 0.940168 0.242276 0.9397 0.280954 0.926708 0.242236 0.939933 0.204174 0.940168 0.242276 0.926708 0.242236 0.939009 0.171938 0.939933 0.204174 0.926708 0.242236 0.926476 0.204405 0.939009 0.171938 0.926476 0.204405 0.925573 0.1727949 0.939009 0.171938 0.925573 0.1727949 0.92283 0.151078 0.939009 0.171938 0.92283 0.151078 0.918546 0.132269 0.939009 0.171938 0.92283 0.151078 0.914714 0.145179 0.918546 0.132269 0.918546 0.132269 0.934463 0.144307 0.939009 0.171938 0.914714 0.145179 0.902919 0.145341 0.918546 0.132269 0.902919 0.145341 0.901613 0.131941 0.918546 0.132269 0.902919 0.145341 0.889397 0.147441 0.901613 0.131941 0.889397 0.147441 0.88713 0.134174 0.901613 0.131941 0.889397 0.147441 0.876922 0.1497499 0.88713 0.134174 0.876922 0.1497499 0.874204 0.1365669 0.88713 0.134174 0.876922 0.1497499 0.865305 0.152478 0.874204 0.1365669 0.865305 0.152478 0.860547 0.139881 0.874204 0.1365669 0.865305 0.152478 0.84603 0.149224 0.860547 0.139881 0.865305 0.152478 0.851907 0.160261 0.84603 0.149224 0.851907 0.160261 0.84909 0.172911 0.84603 0.149224 0.84909 0.172911 0.837292 0.173066 0.84603 0.149224 0.84909 0.172911 0.83886 0.190818 0.837292 0.173066 0.84909 0.172911 0.848307 0.195209 0.83886 0.190818 0.848307 0.195209 0.840109 0.2150689 0.83886 0.190818 0.848307 0.195209 0.848092 0.2248589 0.840109 0.2150689 0.848092 0.2248589 0.841012 0.2427999 0.840109 0.2150689 0.848092 0.2248589 0.848389 0.25728 0.841012 0.2427999 0.848389 0.25728 0.841541 0.270997 0.841012 0.2427999 0.848389 0.25728 0.849142 0.287891 0.841541 0.270997 0.849142 0.287891 0.841668 0.296643 0.841541 0.270997 0.849142 0.287891 0.850294 0.312111 0.841668 0.296643 0.850294 0.312111 0.841651 0.312595 0.841668 0.296643 0.841651 0.312595 0.850294 0.312111 0.853344 0.328487 0.840251 0.330745 0.841651 0.312595 0.853344 0.328487 0.832433 0.352606 0.840251 0.330745 0.853344 0.328487 0.837292 0.173066 0.83399 0.156657 0.84603 0.149224 0.83399 0.156657 0.828439 0.138643 0.84603 0.149224 0.828439 0.138643 0.84101 0.133834 0.84603 0.149224 0.828439 0.138643 0.8211 0.122761 0.84101 0.133834 0.8211 0.122761 0.832815 0.116135 0.84101 0.133834 0.8211 0.122761 0.823136 0.101924 0.832815 0.116135 0.8211 0.122761 0.812498 0.091075 0.823136 0.101924 0.812498 0.091075 0.8211 0.122761 0.812725 0.110454 0.812498 0.091075 0.812725 0.110454 0.803764 0.101316 0.801022 0.082928 0.812498 0.091075 0.803764 0.101316 0.801022 0.082928 0.803764 0.101316 0.794216 0.09453999 0.788022 0.07675695 0.801022 0.082928 0.794216 0.09453999 0.788022 0.07675695 0.794216 0.09453999 0.783327 0.08937197 0.771626 0.07228797 0.788022 0.07675695 0.783327 0.08937197 0.771626 0.07228797 0.783327 0.08937197 0.76954 0.08558499 0.74731 0.07113999 0.771626 0.07228797 0.76954 0.08558499 0.74731 0.07113999 0.76954 0.08558499 0.747177 0.08459895 0.729286 0.07161295 0.74731 0.07113999 0.747177 0.08459895 0.729286 0.07161295 0.747177 0.08459895 0.730786 0.08498799 0.729286 0.07161295 0.730786 0.08498799 0.718617 0.087471 0.729286 0.07161295 0.718617 0.087471 0.708238 0.09149599 0.729286 0.07161295 0.708238 0.09149599 0.702698 0.095802 0.702698 0.095802 0.714853 0.074548 0.729286 0.07161295 0.702698 0.095802 0.701756 0.07969599 0.714853 0.074548 0.702698 0.095802 0.691676 0.08807599 0.701756 0.07969599 0.702698 0.095802 0.6992 0.106754 0.691676 0.08807599 0.6992 0.106754 0.685592 0.105607 0.691676 0.08807599 0.6992 0.106754 0.698576 0.120632 0.685592 0.105607 0.632327 0.09405601 0.650199 0.107825 0.633005 0.107499 0.632327 0.09405601 0.651475 0.09442496 0.650199 0.107825 0.651475 0.09442496 0.662901 0.11005 0.650199 0.107825 0.651475 0.09442496 0.666699 0.09713697 0.662901 0.11005 0.666699 0.09713697 0.67659 0.115957 0.662901 0.11005 0.67659 0.115957 0.666699 0.09713697 0.685592 0.105607 0.685602 0.125421 0.67659 0.115957 0.685592 0.105607 0.698576 0.120632 0.685602 0.125421 0.685592 0.105607 0.698576 0.120632 0.698155 0.139511 0.685602 0.125421 0.698155 0.139511 0.688281 0.1424919 0.685602 0.125421 0.698155 0.139511 0.688862 0.156044 0.688281 0.1424919 0.698155 0.139511 0.698031 0.1606349 0.688862 0.156044 0.688936 0.169764 0.688862 0.156044 0.698031 0.1606349 0.688936 0.169764 0.698031 0.1606349 0.698297 0.181243 0.688939 0.190555 0.688936 0.169764 0.698297 0.181243 0.688939 0.190555 0.698297 0.181243 0.699044 0.198579 0.690436 0.212409 0.688939 0.190555 0.699044 0.198579 0.690436 0.212409 0.699044 0.198579 0.701156 0.212492 0.543502 0.234934 0.557787 0.202065 0.556962 0.234914 0.543502 0.234934 0.544343 0.201418 0.557787 0.202065 0.544343 0.201418 0.559759 0.174353 0.557787 0.202065 0.544343 0.201418 0.546363 0.173045 0.559759 0.174353 0.546363 0.173045 0.562217 0.154829 0.559759 0.174353 0.546363 0.173045 0.549059 0.151995 0.562217 0.154829 0.549059 0.151995 0.566794 0.140267 0.562217 0.154829 0.549059 0.151995 0.554703 0.134351 0.566794 0.140267 0.554703 0.134351 0.57421 0.12961 0.566794 0.140267 0.554703 0.134351 0.564297 0.120505 0.57421 0.12961 0.564297 0.120505 0.583696 0.121695 0.57421 0.12961 0.564297 0.120505 0.576367 0.110405 0.583696 0.121695 0.576367 0.110405 0.599835 0.113737 0.583696 0.121695 0.576367 0.110405 0.595141 0.101122 0.599835 0.113737 0.595141 0.101122 0.615695 0.109575 0.599835 0.113737 0.595141 0.101122 0.613188 0.09635096 0.615695 0.109575 0.613188 0.09635096 0.633005 0.107499 0.615695 0.109575 0.613188 0.09635096 0.632327 0.09405601 0.633005 0.107499 0.201421 0.542424 0.205969 0.542897 0.201421 0.542424 0.201421 0.542424 0.205969 0.542897 0.205969 0.542897 0.1996189 0.537149 0.201421 0.542424 0.1996189 0.537149 0.1996189 0.537149 0.201421 0.542424 0.201421 0.542424 0.201517 0.542261 0.206063 0.542735 0.206063 0.542735 0.201517 0.542261 0.201517 0.542261 0.206063 0.542735 0.901613 0.638566 0.88713 0.640799 0.874204 0.643192 0.874204 0.643192 0.860547 0.646506 0.901613 0.638566 0.860547 0.646506 0.918546 0.638894 0.901613 0.638566 0.84603 0.655849 0.84909 0.679536 0.851907 0.666886 0.84603 0.655849 0.851907 0.666886 0.865305 0.659103 0.860547 0.646506 0.84603 0.655849 0.865305 0.659103 0.860547 0.646506 0.865305 0.659103 0.876922 0.656375 0.860547 0.646506 0.876922 0.656375 0.889397 0.654066 0.860547 0.646506 0.889397 0.654066 0.902919 0.651966 0.902919 0.651966 0.918546 0.638894 0.860547 0.646506 0.902919 0.651966 0.914714 0.651804 0.918546 0.638894 0.914714 0.651804 0.92283 0.657703 0.918546 0.638894 0.92283 0.657703 0.934463 0.650932 0.918546 0.638894 0.92283 0.657703 0.939009 0.678563 0.934463 0.650932 0.939009 0.678563 0.92283 0.657703 0.925573 0.67942 0.939933 0.710799 0.939009 0.678563 0.925573 0.67942 0.939933 0.710799 0.925573 0.67942 0.926476 0.71103 0.940168 0.748901 0.939933 0.710799 0.926476 0.71103 0.940168 0.748901 0.926476 0.71103 0.926708 0.748861 0.926708 0.748861 0.9397 0.787579 0.940168 0.748901 0.9397 0.787579 0.926708 0.748861 0.926244 0.787259 0.853344 0.835112 0.850294 0.818736 0.841651 0.81922 0.841668 0.803268 0.841651 0.81922 0.850294 0.818736 0.841668 0.803268 0.850294 0.818736 0.849142 0.794516 0.841541 0.777622 0.841668 0.803268 0.849142 0.794516 0.841541 0.777622 0.849142 0.794516 0.848389 0.763905 0.841012 0.749425 0.841541 0.777622 0.848389 0.763905 0.841012 0.749425 0.848389 0.763905 0.848092 0.731484 0.840109 0.721694 0.841012 0.749425 0.848092 0.731484 0.840109 0.721694 0.848092 0.731484 0.848307 0.701834 0.83886 0.697443 0.840109 0.721694 0.848307 0.701834 0.83886 0.697443 0.848307 0.701834 0.84909 0.679536 0.837292 0.679691 0.83886 0.697443 0.84909 0.679536 0.84603 0.655849 0.837292 0.679691 0.84909 0.679536 0.84603 0.655849 0.83399 0.663282 0.837292 0.679691 0.84603 0.655849 0.828439 0.645268 0.83399 0.663282 0.84603 0.655849 0.84101 0.640459 0.828439 0.645268 0.84101 0.640459 0.8211 0.629386 0.828439 0.645268 0.84101 0.640459 0.832815 0.62276 0.8211 0.629386 0.832815 0.62276 0.812725 0.617079 0.8211 0.629386 0.832815 0.62276 0.823136 0.608549 0.812725 0.617079 0.823136 0.608549 0.803764 0.607941 0.812725 0.617079 0.823136 0.608549 0.812498 0.5977 0.803764 0.607941 0.812498 0.5977 0.794216 0.601165 0.803764 0.607941 0.812498 0.5977 0.801022 0.589553 0.794216 0.601165 0.801022 0.589553 0.783327 0.595996 0.794216 0.601165 0.801022 0.589553 0.788022 0.583382 0.783327 0.595996 0.788022 0.583382 0.76954 0.59221 0.783327 0.595996 0.788022 0.583382 0.771626 0.578913 0.76954 0.59221 0.771626 0.578913 0.747177 0.591224 0.76954 0.59221 0.771626 0.578913 0.74731 0.577765 0.747177 0.591224 0.74731 0.577765 0.730786 0.591613 0.747177 0.591224 0.74731 0.577765 0.729286 0.578238 0.730786 0.591613 0.729286 0.578238 0.718617 0.594096 0.730786 0.591613 0.729286 0.578238 0.714853 0.581173 0.718617 0.594096 0.714853 0.581173 0.708238 0.598121 0.718617 0.594096 0.708238 0.598121 0.714853 0.581173 0.701756 0.586321 0.708238 0.598121 0.701756 0.586321 0.691676 0.594701 0.708238 0.598121 0.691676 0.594701 0.685592 0.612232 0.702698 0.602427 0.708238 0.598121 0.685592 0.612232 0.685592 0.612232 0.6992 0.613379 0.702698 0.602427 0.685592 0.612232 0.698576 0.627257 0.6992 0.613379 0.685592 0.612232 0.685602 0.632046 0.698576 0.627257 0.685602 0.632046 0.698155 0.646136 0.698576 0.627257 0.685602 0.632046 0.688281 0.649117 0.698155 0.646136 0.688281 0.649117 0.688862 0.662669 0.698155 0.646136 0.688862 0.662669 0.698031 0.66726 0.698155 0.646136 0.698031 0.66726 0.688862 0.662669 0.688936 0.676389 0.698297 0.687868 0.698031 0.66726 0.688936 0.676389 0.698297 0.687868 0.688936 0.676389 0.688939 0.69718 0.699044 0.705204 0.698297 0.687868 0.688939 0.69718 0.699044 0.705204 0.688939 0.69718 0.690436 0.719034 0.701156 0.719117 0.699044 0.705204 0.690436 0.719034 0.701156 0.719117 0.690436 0.719034 0.699499 0.739322 0.712401 0.731194 0.701156 0.719117 0.699499 0.739322 0.685592 0.612232 0.67659 0.622582 0.685602 0.632046 0.685592 0.612232 0.662901 0.616675 0.67659 0.622582 0.685592 0.612232 0.666699 0.603762 0.662901 0.616675 0.666699 0.603762 0.650199 0.61445 0.662901 0.616675 0.666699 0.603762 0.651475 0.601051 0.650199 0.61445 0.651475 0.601051 0.633005 0.614124 0.650199 0.61445 0.651475 0.601051 0.632327 0.600681 0.633005 0.614124 0.632327 0.600681 0.615695 0.6162 0.633005 0.614124 0.632327 0.600681 0.613188 0.602976 0.615695 0.6162 0.613188 0.602976 0.599835 0.620362 0.615695 0.6162 0.613188 0.602976 0.595141 0.607747 0.599835 0.620362 0.595141 0.607747 0.583696 0.62832 0.599835 0.620362 0.595141 0.607747 0.576367 0.61703 0.583696 0.62832 0.576367 0.61703 0.57421 0.636235 0.583696 0.62832 0.576367 0.61703 0.564297 0.62713 0.57421 0.636235 0.564297 0.62713 0.566794 0.646892 0.57421 0.636235 0.564297 0.62713 0.554703 0.640976 0.566794 0.646892 0.554703 0.640976 0.562217 0.661454 0.566794 0.646892 0.562217 0.661454 0.554703 0.640976 0.549059 0.65862 0.562217 0.661454 0.549059 0.65862 0.546363 0.67967 0.559759 0.680978 0.562217 0.661454 0.546363 0.67967 0.559759 0.680978 0.546363 0.67967 0.544343 0.708043 0.557787 0.70869 0.559759 0.680978 0.544343 0.708043 0.557787 0.70869 0.544343 0.708043 0.543502 0.741559 0.556962 0.741539 0.557787 0.70869 0.543502 0.741559 0.556962 0.741539 0.543502 0.741559 0.544516 0.777339 0.557947 0.77647 0.556962 0.741539 0.544516 0.777339 0.544516 0.777339 0.561406 0.810429 0.557947 0.77647 0.561406 0.810429 0.544516 0.777339 0.548115 0.812557 0.561406 0.810429 0.548115 0.812557 0.555119 0.844271 0.567999 0.840363 0.561406 0.810429 0.555119 0.844271 0.567999 0.840363 0.555119 0.844271 0.562242 0.862225 0.574089 0.855836 0.567999 0.840363 0.562242 0.862225 0.574089 0.855836 0.562242 0.862225 0.575079 0.880037 0.584498 0.870422 0.574089 0.855836 0.575079 0.880037 0.584498 0.870422 0.575079 0.880037 0.59317 0.892457 0.599096 0.880372 0.584498 0.870422 0.59317 0.892457 0.599096 0.880372 0.59317 0.892457 0.615545 0.899893 0.618506 0.886763 0.599096 0.880372 0.615545 0.899893 0.618506 0.886763 0.615545 0.899893 0.64266 0.903376 0.643131 0.889924 0.618506 0.886763 0.64266 0.903376 0.682373 0.887602 0.643131 0.889924 0.64266 0.903376 0.682373 0.887602 0.64266 0.903376 0.685118 0.900779 0.682373 0.887602 0.685118 0.900779 0.722207 0.886885 0.712492 0.876461 0.682373 0.887602 0.722207 0.886885 0.730521 0.861139 0.712492 0.876461 0.722207 0.886885 0.730521 0.861139 0.722207 0.886885 0.737265 0.877968 0.730521 0.861139 0.737265 0.877968 0.748053 0.867649 0.741274 0.842081 0.730521 0.861139 0.748053 0.867649 0.741274 0.842081 0.748053 0.867649 0.758006 0.85141 0.741274 0.842081 0.758006 0.85141 0.763699 0.827932 0.747177 0.819123 0.741274 0.842081 0.763699 0.827932 0.747177 0.819123 0.763699 0.827932 0.765772 0.801379 0.749861 0.790051 0.747177 0.819123 0.765772 0.801379 0.749861 0.790051 0.765772 0.801379 0.766789 0.774246 0.75075 0.770778 0.749861 0.790051 0.766789 0.774246 0.750032 0.753902 0.75075 0.770778 0.766789 0.774246 0.766789 0.774246 0.747123 0.746436 0.750032 0.753902 0.766789 0.774246 0.76646 0.75583 0.747123 0.746436 0.76646 0.75583 0.768619 0.740256 0.747123 0.746436 0.712401 0.731194 0.699499 0.739322 0.715449 0.745173 0.727567 0.73631 0.712401 0.731194 0.715449 0.745173 0.727567 0.73631 0.715449 0.745173 0.741369 0.744901 0.746906 0.736177 0.727567 0.73631 0.741369 0.744901 0.746906 0.736177 0.741369 0.744901 0.747123 0.746436 0.759934 0.731638 0.746906 0.736177 0.747123 0.746436 0.768619 0.740256 0.759934 0.731638 0.747123 0.746436 0.768619 0.740256 0.76599 0.726642 0.759934 0.731638 0.768619 0.740256 0.778704 0.729706 0.76599 0.726642 0.778704 0.729706 0.770752 0.718482 0.76599 0.726642 0.778704 0.729706 0.786623 0.717128 0.770752 0.718482 0.786623 0.717128 0.773685 0.706807 0.770752 0.718482 0.786623 0.717128 0.787877 0.703723 0.773685 0.706807 0.787877 0.703723 0.774846 0.69376 0.773685 0.706807 0.787877 0.703723 0.787765 0.685615 0.774846 0.69376 0.787765 0.685615 0.775138 0.683051 0.774846 0.69376 0.787765 0.685615 0.785936 0.674109 0.775138 0.683051 0.785936 0.674109 0.777553 0.672347 0.775138 0.683051 0.785936 0.674109 0.781718 0.670462 0.777553 0.672347 0.722207 0.886885 0.735991 0.884227 0.737265 0.877968 0.735991 0.884227 0.722207 0.886885 0.737029 0.901233 0.735991 0.884227 0.737029 0.901233 0.757127 0.903877 0.741669 0.888575 0.735991 0.884227 0.757127 0.903877 0.757127 0.903877 0.757808 0.890433 0.741669 0.888575 0.757127 0.903877 0.783494 0.890458 0.757808 0.890433 0.757127 0.903877 0.784641 0.903869 0.783494 0.890458 0.784641 0.903869 0.798931 0.887687 0.783494 0.890458 0.784641 0.903869 0.803491 0.90035 0.798931 0.887687 0.803491 0.90035 0.81718 0.877262 0.798931 0.887687 0.803491 0.90035 0.825785 0.887611 0.81718 0.877262 0.825785 0.887611 0.832433 0.859231 0.81718 0.877262 0.825785 0.887611 0.844102 0.865939 0.832433 0.859231 0.844102 0.865939 0.850452 0.84925 0.832433 0.859231 0.850452 0.84925 0.840251 0.83737 0.832433 0.859231 0.938504 0.821208 0.9397 0.787579 0.926244 0.787259 0.938504 0.821208 0.926244 0.787259 0.925059 0.820569 0.938504 0.821208 0.925059 0.820569 0.923671 0.841934 0.936859 0.844685 0.938504 0.821208 0.923671 0.841934 0.928583 0.861271 0.936859 0.844685 0.923671 0.841934 0.928583 0.861271 0.923671 0.841934 0.919892 0.850994 0.911255 0.866622 0.928583 0.861271 0.919892 0.850994 0.911255 0.866622 0.919892 0.850994 0.910617 0.853164 0.895693 0.865385 0.911255 0.866622 0.910617 0.853164 0.895693 0.865385 0.910617 0.853164 0.897661 0.85207 0.876893 0.861499 0.895693 0.865385 0.897661 0.85207 0.876893 0.861499 0.897661 0.85207 0.880484 0.848527 0.857294 0.854471 0.876893 0.861499 0.880484 0.848527 0.857294 0.854471 0.880484 0.848527 0.863405 0.842473 0.850452 0.84925 0.857294 0.854471 0.863405 0.842473 0.850452 0.84925 0.863405 0.842473 0.853344 0.835112 0.850452 0.84925 0.853344 0.835112 0.840251 0.83737 0.853344 0.835112 0.841651 0.81922 0.840251 0.83737 0.959336 0.330345 0.989379 0.33643 0.9894 0.330449 0.959336 0.330345 0.959316 0.336329 0.989379 0.33643 0.989329 0.351694 0.989379 0.33643 0.959316 0.336329 0.989329 0.351694 0.959316 0.336329 0.959266 0.351601 0.959226 0.365261 0.989329 0.351694 0.959266 0.351601 0.959226 0.365261 0.989287 0.365347 0.989329 0.351694 0.959192 0.377464 0.989287 0.365347 0.959226 0.365261 0.959192 0.377464 0.989253 0.377544 0.989287 0.365347 0.989253 0.377544 0.959192 0.377464 0.959164 0.388825 0.989253 0.377544 0.959164 0.388825 0.989223 0.388898 0.989223 0.388898 0.959164 0.388825 0.959139 0.400423 0.989223 0.388898 0.959139 0.400423 0.989196 0.400488 0.959111 0.414063 0.989196 0.400488 0.959139 0.400423 0.959111 0.414063 0.989167 0.41412 0.989196 0.400488 0.95908 0.432919 0.989167 0.41412 0.959111 0.414063 0.95908 0.432919 0.989134 0.432964 0.989167 0.41412 0.959062 0.446969 0.989134 0.432964 0.95908 0.432919 0.959062 0.446969 0.989115 0.447003 0.989134 0.432964 0.95905 0.458815 0.989115 0.447003 0.959062 0.446969 0.95905 0.458815 0.989102 0.45884 0.989115 0.447003 0.959042 0.470549 0.989102 0.45884 0.95905 0.458815 0.959042 0.470549 0.989094 0.470565 0.989102 0.45884 0.98909 0.482418 0.989094 0.470565 0.959042 0.470549 0.98909 0.482418 0.959042 0.470549 0.959038 0.482411 0.959038 0.482411 0.989088 0.492132 0.98909 0.482418 0.959038 0.482411 0.959037 0.492134 0.989088 0.492132 0.222584 0.364122 0.21696 0.379802 0.222584 0.364122 0.222584 0.364122 0.21696 0.379802 0.21696 0.379802 0.21696 0.379802 0.205745 0.401298 0.21696 0.379802 0.21696 0.379802 0.205745 0.401298 0.205745 0.401298 0.205745 0.401298 0.19096 0.428113 0.205745 0.401298 0.205745 0.401298 0.19096 0.428113 0.19096 0.428113 0.19096 0.428113 0.174869 0.456261 0.19096 0.428113 0.19096 0.428113 0.174869 0.456261 0.174869 0.456261 0.174869 0.456261 0.159734 0.481758 0.174869 0.456261 0.174869 0.456261 0.159734 0.481758 0.159734 0.481758 0.159734 0.481758 0.147815 0.500619 0.159734 0.481758 0.159734 0.481758 0.147815 0.500619 0.147815 0.500619 0.147815 0.500619 0.139004 0.510124 0.147815 0.500619 0.147815 0.500619 0.139004 0.510124 0.139004 0.510124 0.173122 0.316853 0.182225 0.319655 0.173122 0.316853 0.173122 0.316853 0.182225 0.319655 0.182225 0.319655 0.182225 0.319655 0.192862 0.327133 0.182225 0.319655 0.182225 0.319655 0.192862 0.327133 0.192862 0.327133 0.192862 0.327133 0.20591 0.338853 0.192862 0.327133 0.192862 0.327133 0.20591 0.338853 0.20591 0.338853 0.20591 0.338853 0.217607 0.352692 0.20591 0.338853 0.20591 0.338853 0.217607 0.352692 0.217607 0.352692 0.217607 0.352692 0.222584 0.364122 0.217607 0.352692 0.217607 0.352692 0.222584 0.364122 0.222584 0.364122 0.07312697 0.482294 0.08170795 0.462157 0.07312697 0.482294 0.07312697 0.482294 0.08170795 0.462157 0.08170795 0.462157 0.08170795 0.462157 0.09686595 0.434404 0.08170795 0.462157 0.08170795 0.462157 0.09686595 0.434404 0.09686595 0.434404 0.09686595 0.434404 0.11574 0.401617 0.09686595 0.434404 0.09686595 0.434404 0.11574 0.401617 0.11574 0.401617 0.11574 0.401617 0.1355 0.368691 0.11574 0.401617 0.11574 0.401617 0.1355 0.368691 0.1355 0.368691 0.1355 0.368691 0.153319 0.340521 0.1355 0.368691 0.1355 0.368691 0.153319 0.340521 0.153319 0.340521 0.153319 0.340521 0.1652899 0.322772 0.153319 0.340521 0.153319 0.340521 0.1652899 0.322772 0.1652899 0.322772 0.1652899 0.322772 0.173122 0.316853 0.1652899 0.322772 0.1652899 0.322772 0.173122 0.316853 0.173122 0.316853 0.139004 0.510124 0.123511 0.51009 0.139004 0.510124 0.139004 0.510124 0.123511 0.51009 0.123511 0.51009 0.123511 0.51009 0.112102 0.506589 0.123511 0.51009 0.123511 0.51009 0.112102 0.506589 0.112102 0.506589 0.112102 0.506589 0.100165 0.502292 0.112102 0.506589 0.112102 0.506589 0.100165 0.502292 0.100165 0.502292 0.100165 0.502292 0.08742797 0.497287 0.100165 0.502292 0.100165 0.502292 0.08742797 0.497287 0.08742797 0.497287 0.08742797 0.497287 0.07716095 0.49148 0.08742797 0.497287 0.08742797 0.497287 0.07716095 0.49148 0.07716095 0.49148 0.07716095 0.49148 0.07312697 0.482294 0.07716095 0.49148 0.07716095 0.49148 0.07312697 0.482294 0.07312697 0.482294 0.451524 0.437761 0.451524 0.437761 0.465063 0.453066 0.431852 0.422615 0.451524 0.437761 0.451524 0.437761 0.431852 0.422615 0.431852 0.422615 0.451524 0.437761 0.396793 0.404834 0.431852 0.422615 0.431852 0.422615 0.396793 0.404834 0.396793 0.404834 0.431852 0.422615 0.365164 0.399269 0.396793 0.404834 0.396793 0.404834 0.398499 0.645094 0.398499 0.645094 0.386533 0.660715 0.414175 0.622157 0.398499 0.645094 0.398499 0.645094 0.414175 0.622157 0.414175 0.622157 0.398499 0.645094 0.43145 0.594205 0.414175 0.622157 0.414175 0.622157 0.43145 0.594205 0.43145 0.594205 0.414175 0.622157 0.448211 0.563542 0.43145 0.594205 0.43145 0.594205 0.448211 0.563542 0.448211 0.563542 0.43145 0.594205 0.462347 0.532472 0.448211 0.563542 0.448211 0.563542 0.462347 0.532472 0.462347 0.532472 0.448211 0.563542 0.471746 0.503297 0.462347 0.532472 0.462347 0.532472 0.471746 0.503297 0.471746 0.503297 0.462347 0.532472 0.474289 0.486864 0.471746 0.503297 0.471746 0.503297 0.474289 0.486864 0.474289 0.486864 0.471746 0.503297 0.472653 0.469019 0.474289 0.486864 0.474289 0.486864 0.472653 0.469019 0.472653 0.469019 0.474289 0.486864 0.465063 0.453066 0.472653 0.469019 0.472653 0.469019 0.465063 0.453066 0.465063 0.453066 0.472653 0.469019 0.451524 0.437761 0.465063 0.453066 0.465063 0.453066 0.277006 0.64862 0.277006 0.64862 0.268163 0.636617 0.286852 0.656946 0.277006 0.64862 0.277006 0.64862 0.286852 0.656946 0.286852 0.656946 0.277006 0.64862 0.301537 0.665897 0.286852 0.656946 0.286852 0.656946 0.301537 0.665897 0.301537 0.665897 0.286852 0.656946 0.317533 0.672832 0.301537 0.665897 0.301537 0.665897 0.317533 0.672832 0.317533 0.672832 0.301537 0.665897 0.333327 0.677234 0.317533 0.672832 0.317533 0.672832 0.333327 0.677234 0.333327 0.677234 0.317533 0.672832 0.351278 0.6785 0.333327 0.677234 0.333327 0.677234 0.351278 0.6785 0.351278 0.6785 0.333327 0.677234 0.36346 0.676447 0.351278 0.6785 0.351278 0.6785 0.36346 0.676447 0.36346 0.676447 0.351278 0.6785 0.375238 0.670983 0.36346 0.676447 0.36346 0.676447 0.375238 0.670983 0.375238 0.670983 0.36346 0.676447 0.386533 0.660715 0.375238 0.670983 0.375238 0.670983 0.386533 0.660715 0.386533 0.660715 0.375238 0.670983 0.398499 0.645094 0.386533 0.660715 0.386533 0.660715 0.296415 0.511157 0.296415 0.511157 0.273893 0.498322 0.30724 0.524252 0.296415 0.511157 0.296415 0.511157 0.30724 0.524252 0.30724 0.524252 0.296415 0.511157 0.304837 0.546342 0.30724 0.524252 0.30724 0.524252 0.304837 0.546342 0.304837 0.546342 0.30724 0.524252 0.295111 0.565969 0.304837 0.546342 0.304837 0.546342 0.295111 0.565969 0.295111 0.565969 0.304837 0.546342 0.28463 0.583925 0.295111 0.565969 0.295111 0.565969 0.28463 0.583925 0.28463 0.583925 0.295111 0.565969 0.277777 0.595811 0.28463 0.583925 0.28463 0.583925 0.277777 0.595811 0.277777 0.595811 0.28463 0.583925 0.271445 0.607807 0.277777 0.595811 0.277777 0.595811 0.271445 0.607807 0.271445 0.607807 0.277777 0.595811 0.265152 0.6239 0.271445 0.607807 0.271445 0.607807 0.265152 0.6239 0.265152 0.6239 0.271445 0.607807 0.268163 0.636617 0.265152 0.6239 0.265152 0.6239 0.268163 0.636617 0.268163 0.636617 0.265152 0.6239 0.277006 0.64862 0.268163 0.636617 0.268163 0.636617 0.365164 0.399269 0.365164 0.399269 0.396793 0.404834 0.34187 0.403411 0.365164 0.399269 0.365164 0.399269 0.34187 0.403411 0.34187 0.403411 0.365164 0.399269 0.322975 0.414446 0.34187 0.403411 0.34187 0.403411 0.322975 0.414446 0.322975 0.414446 0.34187 0.403411 0.306301 0.431297 0.322975 0.414446 0.322975 0.414446 0.306301 0.431297 0.306301 0.431297 0.322975 0.414446 0.289325 0.45505 0.306301 0.431297 0.306301 0.431297 0.289325 0.45505 0.289325 0.45505 0.306301 0.431297 0.27884 0.471244 0.289325 0.45505 0.289325 0.45505 0.27884 0.471244 0.27884 0.471244 0.289325 0.45505 0.27095 0.486181 0.27884 0.471244 0.27884 0.471244 0.27095 0.486181 0.27095 0.486181 0.27884 0.471244 0.269698 0.494095 0.27095 0.486181 0.27095 0.486181 0.269698 0.494095 0.269698 0.494095 0.27095 0.486181 0.273893 0.498322 0.269698 0.494095 0.269698 0.494095 0.273893 0.498322 0.273893 0.498322 0.269698 0.494095 0.296415 0.511157 0.273893 0.498322 0.273893 0.498322 0.192957 0.32697 0.188766 0.332236 0.201174 0.343377 0.192957 0.32697 0.179359 0.325536 0.188766 0.332236 0.192957 0.32697 0.1823199 0.319492 0.179359 0.325536 0.174383 0.323318 0.179359 0.325536 0.1823199 0.319492 0.174383 0.323318 0.1823199 0.319492 0.1732169 0.31669 0.165386 0.322609 0.174383 0.323318 0.1732169 0.31669 0.165386 0.322609 0.17027 0.327238 0.174383 0.323318 0.153414 0.340359 0.17027 0.327238 0.165386 0.322609 0.153414 0.340359 0.159049 0.344039 0.17027 0.327238 0.135595 0.368528 0.159049 0.344039 0.153414 0.340359 0.135595 0.368528 0.141324 0.372059 0.159049 0.344039 0.115835 0.401454 0.141324 0.372059 0.135595 0.368528 0.115835 0.401454 0.121637 0.404865 0.141324 0.372059 0.115835 0.401454 0.102831 0.437533 0.121637 0.404865 0.115835 0.401454 0.09696096 0.434241 0.102831 0.437533 0.09696096 0.434241 0.08785897 0.46493 0.102831 0.437533 0.09696096 0.434241 0.08180296 0.461995 0.08785897 0.46493 0.08180296 0.461995 0.07995098 0.482095 0.08785897 0.46493 0.08180296 0.461995 0.07322198 0.482132 0.07995098 0.482095 0.07725501 0.491318 0.07995098 0.482095 0.07322198 0.482132 0.07725501 0.491318 0.08224898 0.486805 0.07995098 0.482095 0.08752298 0.497125 0.08224898 0.486805 0.07725501 0.491318 0.08752298 0.497125 0.09041696 0.49105 0.08224898 0.486805 0.10026 0.50213 0.09041696 0.49105 0.08752298 0.497125 0.10026 0.50213 0.102631 0.495831 0.09041696 0.49105 0.10026 0.50213 0.114324 0.500041 0.102631 0.495831 0.10026 0.50213 0.112198 0.506426 0.114324 0.500041 0.112198 0.506426 0.124611 0.503273 0.114324 0.500041 0.112198 0.506426 0.123605 0.509927 0.124611 0.503273 0.136414 0.50379 0.124611 0.503273 0.123605 0.509927 0.136414 0.50379 0.123605 0.509927 0.139099 0.509961 0.1479099 0.500457 0.136414 0.50379 0.139099 0.509961 0.1479099 0.500457 0.142576 0.496355 0.136414 0.50379 0.159829 0.481596 0.142576 0.496355 0.1479099 0.500457 0.159829 0.481596 0.154091 0.47808 0.142576 0.496355 0.174964 0.456099 0.154091 0.47808 0.159829 0.481596 0.174964 0.456099 0.169149 0.452711 0.154091 0.47808 0.191054 0.427951 0.169149 0.452711 0.174964 0.456099 0.191054 0.427951 0.185186 0.424655 0.169149 0.452711 0.191054 0.427951 0.199909 0.397954 0.185186 0.424655 0.191054 0.427951 0.205839 0.401136 0.199909 0.397954 0.205839 0.401136 0.210891 0.376941 0.199909 0.397954 0.205839 0.401136 0.217055 0.379639 0.210891 0.376941 0.217055 0.379639 0.215953 0.364183 0.210891 0.376941 0.217055 0.379639 0.222679 0.36396 0.215953 0.364183 0.217702 0.35253 0.215953 0.364183 0.222679 0.36396 0.217702 0.35253 0.211987 0.356083 0.215953 0.364183 0.206005 0.33869 0.211987 0.356083 0.217702 0.35253 0.206005 0.33869 0.201174 0.343377 0.211987 0.356083 0.192957 0.32697 0.201174 0.343377 0.206005 0.33869 0.09041696 0.49105 0.102631 0.495831 0.154091 0.47808 0.142576 0.496355 0.154091 0.47808 0.102631 0.495831 0.102631 0.495831 0.114324 0.500041 0.142576 0.496355 0.136414 0.50379 0.142576 0.496355 0.114324 0.500041 0.114324 0.500041 0.124611 0.503273 0.136414 0.50379 0.174383 0.323318 0.17027 0.327238 0.179359 0.325536 0.188766 0.332236 0.179359 0.325536 0.17027 0.327238 0.17027 0.327238 0.159049 0.344039 0.188766 0.332236 0.201174 0.343377 0.188766 0.332236 0.159049 0.344039 0.159049 0.344039 0.141324 0.372059 0.201174 0.343377 0.211987 0.356083 0.201174 0.343377 0.141324 0.372059 0.141324 0.372059 0.121637 0.404865 0.211987 0.356083 0.215953 0.364183 0.211987 0.356083 0.121637 0.404865 0.121637 0.404865 0.102831 0.437533 0.215953 0.364183 0.210891 0.376941 0.215953 0.364183 0.102831 0.437533 0.102831 0.437533 0.08785897 0.46493 0.210891 0.376941 0.199909 0.397954 0.210891 0.376941 0.08785897 0.46493 0.08785897 0.46493 0.07995098 0.482095 0.199909 0.397954 0.185186 0.424655 0.199909 0.397954 0.07995098 0.482095 0.07995098 0.482095 0.08224898 0.486805 0.185186 0.424655 0.169149 0.452711 0.185186 0.424655 0.08224898 0.486805 0.08224898 0.486805 0.09041696 0.49105 0.169149 0.452711 0.154091 0.47808 0.169149 0.452711 0.09041696 0.49105 0.201517 0.542261 0.1929849 0.536847 0.196999 0.547935 0.201517 0.542261 0.199713 0.536987 0.1929849 0.536847 0.197865 0.523222 0.1929849 0.536847 0.199713 0.536987 0.197865 0.523222 0.199713 0.536987 0.203935 0.526128 0.207309 0.50679 0.197865 0.523222 0.203935 0.526128 0.207309 0.50679 0.203935 0.526128 0.212968 0.510434 0.207309 0.50679 0.212968 0.510434 0.220809 0.499489 0.207309 0.50679 0.220809 0.499489 0.216398 0.494407 0.231494 0.48637 0.216398 0.494407 0.220809 0.499489 0.231494 0.48637 0.220809 0.499489 0.23399 0.49262 0.23399 0.49262 0.244264 0.48301 0.231494 0.48637 0.23399 0.49262 0.2480199 0.488594 0.244264 0.48301 0.257736 0.476233 0.244264 0.48301 0.2480199 0.488594 0.257736 0.476233 0.252138 0.472498 0.244264 0.48301 0.266738 0.460164 0.252138 0.472498 0.257736 0.476233 0.266738 0.460164 0.260959 0.456714 0.252138 0.472498 0.27569 0.433522 0.260959 0.456714 0.266738 0.460164 0.27569 0.433522 0.266738 0.460164 0.281296 0.437245 0.27569 0.433522 0.281296 0.437245 0.296474 0.415359 0.27569 0.433522 0.296474 0.415359 0.291269 0.411093 0.291269 0.411093 0.296474 0.415359 0.313229 0.397953 0.291269 0.411093 0.313229 0.397953 0.309164 0.39259 0.327618 0.382659 0.309164 0.39259 0.313229 0.397953 0.327618 0.382659 0.313229 0.397953 0.330011 0.388949 0.330011 0.388949 0.341082 0.379698 0.327618 0.382659 0.330011 0.388949 0.34453 0.385477 0.341082 0.379698 0.34453 0.385477 0.341751 0.379505 0.341082 0.379698 0.34453 0.385477 0.348787 0.380714 0.341751 0.379505 0.169054 0.452874 0.153996 0.478243 0.102535 0.495994 0.114229 0.500204 0.102535 0.495994 0.153996 0.478243 0.153996 0.478243 0.142481 0.496517 0.114229 0.500204 0.124516 0.503435 0.114229 0.500204 0.142481 0.496517 0.142481 0.496517 0.136319 0.503953 0.124516 0.503435 0.174289 0.323481 0.179264 0.325699 0.170175 0.3274 0.158954 0.344202 0.170175 0.3274 0.179264 0.325699 0.179264 0.325699 0.1886709 0.332398 0.158954 0.344202 0.14123 0.372221 0.158954 0.344202 0.1886709 0.332398 0.1886709 0.332398 0.20108 0.343539 0.14123 0.372221 0.121542 0.405028 0.14123 0.372221 0.20108 0.343539 0.20108 0.343539 0.211892 0.356246 0.121542 0.405028 0.102736 0.437696 0.121542 0.405028 0.211892 0.356246 0.211892 0.356246 0.215858 0.364345 0.102736 0.437696 0.08776396 0.465093 0.102736 0.437696 0.215858 0.364345 0.215858 0.364345 0.2107959 0.377103 0.08776396 0.465093 0.07985699 0.482257 0.08776396 0.465093 0.2107959 0.377103 0.2107959 0.377103 0.199814 0.398117 0.07985699 0.482257 0.08215397 0.486968 0.07985699 0.482257 0.199814 0.398117 0.199814 0.398117 0.185091 0.424818 0.08215397 0.486968 0.09032195 0.491212 0.08215397 0.486968 0.185091 0.424818 0.185091 0.424818 0.169054 0.452874 0.09032195 0.491212 0.102535 0.495994 0.09032195 0.491212 0.169054 0.452874 0.216706 0.397347 0.209737 0.422882 0.222525 0.400729 0.216706 0.397347 0.203884 0.419558 0.209737 0.422882 0.196022 0.447418 0.209737 0.422882 0.203884 0.419558 0.196022 0.447418 0.203884 0.419558 0.190124 0.444175 0.190124 0.444175 0.182871 0.471725 0.196022 0.447418 0.190124 0.444175 0.176923 0.468579 0.182871 0.471725 0.176923 0.468579 0.171808 0.49313 0.182871 0.471725 0.176923 0.468579 0.165774 0.490151 0.171808 0.49313 0.165774 0.490151 0.164413 0.5088 0.171808 0.49313 0.165774 0.490151 0.158177 0.506272 0.164413 0.5088 0.152755 0.522108 0.164413 0.5088 0.158177 0.506272 0.152755 0.522108 0.159224 0.523966 0.164413 0.5088 0.152755 0.522108 0.155108 0.541552 0.159224 0.523966 0.152755 0.522108 0.148467 0.540462 0.155108 0.541552 0.148467 0.540462 0.153526 0.557968 0.155108 0.541552 0.148467 0.540462 0.146797 0.557879 0.153526 0.557968 0.15447 0.57167 0.153526 0.557968 0.146797 0.557879 0.15447 0.57167 0.146797 0.557879 0.147824 0.57273 0.150955 0.585139 0.15447 0.57167 0.147824 0.57273 0.150955 0.585139 0.157308 0.582919 0.15447 0.57167 0.1557829 0.595805 0.157308 0.582919 0.150955 0.585139 0.1557829 0.595805 0.16165 0.592507 0.157308 0.582919 0.1557829 0.595805 0.167786 0.601492 0.16165 0.592507 0.1557829 0.595805 0.162582 0.605758 0.167786 0.601492 0.162582 0.605758 0.176833 0.610766 0.167786 0.601492 0.162582 0.605758 0.172578 0.61598 0.176833 0.610766 0.191394 0.628107 0.176833 0.610766 0.172578 0.61598 0.191394 0.628107 0.194846 0.62233 0.176833 0.610766 0.191394 0.628107 0.208464 0.629879 0.194846 0.62233 0.191394 0.628107 0.2057459 0.636035 0.208464 0.629879 0.217505 0.640027 0.208464 0.629879 0.2057459 0.636035 0.217505 0.640027 0.219123 0.633494 0.208464 0.629879 0.217505 0.640027 0.228587 0.635055 0.219123 0.633494 0.217505 0.640027 0.2284989 0.641784 0.228587 0.635055 0.232631 0.634749 0.228587 0.635055 0.2284989 0.641784 0.232631 0.634749 0.2284989 0.641784 0.235454 0.640859 0.243996 0.633163 0.232631 0.634749 0.235454 0.640859 0.243996 0.633163 0.238873 0.6288 0.232631 0.634749 0.251533 0.621495 0.238873 0.6288 0.243996 0.633163 0.251533 0.621495 0.245838 0.617908 0.238873 0.6288 0.261415 0.605403 0.245838 0.617908 0.251533 0.621495 0.261415 0.605403 0.255651 0.601928 0.245838 0.617908 0.261415 0.605403 0.266348 0.58385 0.255651 0.601928 0.261415 0.605403 0.272172 0.587223 0.266348 0.58385 0.272172 0.587223 0.276429 0.566063 0.266348 0.58385 0.272172 0.587223 0.282334 0.569293 0.276429 0.566063 0.282334 0.569293 0.284317 0.551129 0.276429 0.566063 0.282334 0.569293 0.290429 0.553944 0.284317 0.551129 0.290429 0.553944 0.288912 0.540338 0.284317 0.551129 0.290429 0.553944 0.295621 0.540865 0.288912 0.540338 0.291999 0.524765 0.288912 0.540338 0.295621 0.540865 0.291999 0.524765 0.285996 0.527809 0.288912 0.540338 0.281481 0.5127 0.285996 0.527809 0.291999 0.524765 0.281481 0.5127 0.277209 0.517901 0.285996 0.527809 0.264714 0.503065 0.277209 0.517901 0.281481 0.5127 0.264714 0.503065 0.262359 0.509369 0.277209 0.517901 0.264714 0.503065 0.251067 0.507145 0.262359 0.509369 0.264714 0.503065 0.251174 0.500415 0.251067 0.507145 0.243426 0.501677 0.251067 0.507145 0.251174 0.500415 0.243426 0.501677 0.245655 0.508026 0.251067 0.507145 0.235199 0.506322 0.245655 0.508026 0.243426 0.501677 0.235199 0.506322 0.2393 0.511659 0.245655 0.508026 0.226779 0.514926 0.2393 0.511659 0.235199 0.506322 0.226779 0.514926 0.231944 0.519241 0.2393 0.511659 0.219198 0.525608 0.231944 0.519241 0.226779 0.514926 0.219198 0.525608 0.224803 0.529332 0.231944 0.519241 0.224803 0.529332 0.219198 0.525608 0.213546 0.534708 0.224803 0.529332 0.213546 0.534708 0.218891 0.538798 0.218891 0.538798 0.213546 0.534708 0.206063 0.542735 0.218891 0.538798 0.206063 0.542735 0.208425 0.549036 0.208425 0.549036 0.206063 0.542735 0.201517 0.542261 0.208425 0.549036 0.201517 0.542261 0.196999 0.547935 0.722207 0.38026 0.712492 0.369836 0.730521 0.354514 0.722207 0.38026 0.682373 0.380977 0.712492 0.369836 0.722207 0.38026 0.685118 0.394154 0.682373 0.380977 0.685118 0.394154 0.643131 0.383299 0.682373 0.380977 0.685118 0.394154 0.64266 0.396751 0.643131 0.383299 0.64266 0.396751 0.618506 0.380138 0.643131 0.383299 0.64266 0.396751 0.615545 0.393268 0.618506 0.380138 0.615545 0.393268 0.599096 0.373747 0.618506 0.380138 0.615545 0.393268 0.59317 0.385832 0.599096 0.373747 0.59317 0.385832 0.584498 0.363797 0.599096 0.373747 0.59317 0.385832 0.575079 0.373412 0.584498 0.363797 0.575079 0.373412 0.574089 0.349211 0.584498 0.363797 0.574089 0.349211 0.575079 0.373412 0.562242 0.3556 0.574089 0.349211 0.562242 0.3556 0.555119 0.337646 0.567999 0.333738 0.574089 0.349211 0.555119 0.337646 0.567999 0.333738 0.555119 0.337646 0.548115 0.305932 0.561406 0.303804 0.567999 0.333738 0.548115 0.305932 0.561406 0.303804 0.548115 0.305932 0.544516 0.270714 0.557947 0.269845 0.561406 0.303804 0.544516 0.270714 0.556962 0.234914 0.557947 0.269845 0.544516 0.270714 0.544516 0.270714 0.543502 0.234934 0.556962 0.234914 0.465063 0.453066 0.45945 0.456778 0.466163 0.470799 0.451524 0.437761 0.45945 0.456778 0.465063 0.453066 0.451524 0.437761 0.44693 0.442679 0.45945 0.456778 0.431852 0.422615 0.44693 0.442679 0.451524 0.437761 0.431852 0.422615 0.428262 0.428306 0.44693 0.442679 0.431852 0.422615 0.394664 0.411219 0.428262 0.428306 0.386533 0.660715 0.381578 0.656161 0.371516 0.665377 0.398499 0.645094 0.381578 0.656161 0.386533 0.660715 0.398499 0.645094 0.393047 0.641148 0.381578 0.656161 0.414175 0.622157 0.393047 0.641148 0.398499 0.645094 0.414175 0.622157 0.408533 0.618488 0.393047 0.641148 0.414175 0.622157 0.425633 0.59082 0.408533 0.618488 0.414175 0.622157 0.43145 0.594205 0.425633 0.59082 0.43145 0.594205 0.442192 0.560532 0.425633 0.59082 0.43145 0.594205 0.448211 0.563542 0.442192 0.560532 0.448211 0.563542 0.456071 0.530042 0.442192 0.560532 0.448211 0.563542 0.462347 0.532472 0.456071 0.530042 0.462347 0.532472 0.465197 0.501745 0.456071 0.530042 0.462347 0.532472 0.471746 0.503297 0.465197 0.501745 0.471746 0.503297 0.467561 0.486655 0.465197 0.501745 0.471746 0.503297 0.474289 0.486864 0.467561 0.486655 0.466163 0.470799 0.467561 0.486655 0.474289 0.486864 0.466163 0.470799 0.474289 0.486864 0.472653 0.469019 0.465063 0.453066 0.466163 0.470799 0.472653 0.469019 0.268163 0.636617 0.274268 0.633789 0.271864 0.624372 0.281921 0.644024 0.274268 0.633789 0.268163 0.636617 0.281921 0.644024 0.268163 0.636617 0.277006 0.64862 0.286852 0.656946 0.281921 0.644024 0.277006 0.64862 0.286852 0.656946 0.290789 0.651487 0.281921 0.644024 0.301537 0.665897 0.290789 0.651487 0.286852 0.656946 0.301537 0.665897 0.304634 0.659923 0.290789 0.651487 0.317533 0.672832 0.304634 0.659923 0.301537 0.665897 0.317533 0.672832 0.31978 0.666489 0.304634 0.659923 0.317533 0.672832 0.334473 0.670602 0.31978 0.666489 0.317533 0.672832 0.333327 0.677234 0.334473 0.670602 0.333327 0.677234 0.350952 0.671778 0.334473 0.670602 0.333327 0.677234 0.351278 0.6785 0.350952 0.671778 0.351278 0.6785 0.361466 0.670019 0.350952 0.671778 0.351278 0.6785 0.36346 0.676447 0.361466 0.670019 0.36346 0.676447 0.371516 0.665377 0.361466 0.670019 0.36346 0.676447 0.375238 0.670983 0.371516 0.665377 0.386533 0.660715 0.371516 0.665377 0.375238 0.670983 0.277986 0.492979 0.269698 0.494095 0.273893 0.498322 0.277986 0.492979 0.273893 0.498322 0.296415 0.511157 0.277986 0.492979 0.296415 0.511157 0.300746 0.506005 0.300746 0.506005 0.296415 0.511157 0.30724 0.524252 0.300746 0.506005 0.30724 0.524252 0.313686 0.52232 0.313686 0.52232 0.30724 0.524252 0.304837 0.546342 0.313686 0.52232 0.304837 0.546342 0.311297 0.548228 0.301035 0.56916 0.311297 0.548228 0.304837 0.546342 0.301035 0.56916 0.304837 0.546342 0.295111 0.565969 0.290451 0.587302 0.301035 0.56916 0.295111 0.565969 0.290451 0.587302 0.295111 0.565969 0.28463 0.583925 0.28463 0.583925 0.283669 0.599064 0.290451 0.587302 0.28463 0.583925 0.277777 0.595811 0.283669 0.599064 0.277777 0.595811 0.277564 0.610608 0.283669 0.599064 0.277777 0.595811 0.271445 0.607807 0.277564 0.610608 0.271445 0.607807 0.271864 0.624372 0.277564 0.610608 0.271445 0.607807 0.265152 0.6239 0.271864 0.624372 0.268163 0.636617 0.271864 0.624372 0.265152 0.6239 0.431852 0.422615 0.396793 0.404834 0.394664 0.411219 0.396793 0.404834 0.365171 0.405998 0.394664 0.411219 0.396793 0.404834 0.365164 0.399269 0.365171 0.405998 0.365164 0.399269 0.344192 0.409727 0.365171 0.405998 0.365164 0.399269 0.34187 0.403411 0.344192 0.409727 0.322975 0.414446 0.344192 0.409727 0.34187 0.403411 0.322975 0.414446 0.327098 0.419765 0.344192 0.409727 0.306301 0.431297 0.327098 0.419765 0.322975 0.414446 0.306301 0.431297 0.311447 0.435634 0.327098 0.419765 0.29489 0.458836 0.311447 0.435634 0.306301 0.431297 0.29489 0.458836 0.306301 0.431297 0.289325 0.45505 0.289325 0.45505 0.284645 0.474649 0.29489 0.458836 0.289325 0.45505 0.27884 0.471244 0.284645 0.474649 0.27884 0.471244 0.277336 0.488307 0.284645 0.474649 0.27884 0.471244 0.27095 0.486181 0.277336 0.488307 0.276103 0.492027 0.277336 0.488307 0.27095 0.486181 0.276103 0.492027 0.27095 0.486181 0.269698 0.494095 0.277986 0.492979 0.276103 0.492027 0.269698 0.494095 0.960805 0.02286195 0.990963 1.53e-4 0.960921 0 0.960805 0.02286195 0.990847 0.02301299 0.990963 1.53e-4 0.960766 0.03036695 0.990847 0.02301299 0.960805 0.02286195 0.960766 0.03036695 0.99081 0.03051698 0.990847 0.02301299 0.99081 0.03051698 0.960766 0.03036695 0.960763 0.03094595 0.99081 0.03051698 0.960763 0.03094595 0.990808 0.03109699 0.990808 0.03109699 0.960763 0.03094595 0.960678 0.04763799 0.990808 0.03109699 0.960678 0.04763799 0.990727 0.04778897 0.960678 0.04763799 0.990654 0.06276595 0.990727 0.04778897 0.960678 0.04763799 0.960603 0.06261599 0.990654 0.06276595 0.990591 0.07568895 0.990654 0.06276595 0.960603 0.06261599 0.990591 0.07568895 0.960603 0.06261599 0.960535 0.07553797 0.960452 0.09188997 0.990591 0.07568895 0.960535 0.07553797 0.960452 0.09188997 0.99051 0.09204 0.990591 0.07568895 0.844102 0.359314 0.850452 0.342625 0.853369 0.353206 0.844102 0.359314 0.853369 0.353206 0.849926 0.362687 0.830092 0.386158 0.844102 0.359314 0.849926 0.362687 0.830092 0.386158 0.825785 0.380987 0.844102 0.359314 0.805822 0.400039 0.825785 0.380987 0.830092 0.386158 0.805822 0.400039 0.803491 0.393726 0.825785 0.380987 0.785275 0.403944 0.803491 0.393726 0.805822 0.400039 0.785275 0.403944 0.784641 0.397244 0.803491 0.393726 0.756642 0.403964 0.784641 0.397244 0.785275 0.403944 0.756642 0.403964 0.757127 0.397252 0.784641 0.397244 0.756642 0.403964 0.737029 0.394608 0.757127 0.397252 0.756642 0.403964 0.734104 0.400669 0.737029 0.394608 0.737029 0.394608 0.734104 0.400669 0.720643 0.388024 0.737029 0.394608 0.720643 0.388024 0.722207 0.38026 0.960367 0.108577 0.99051 0.09204 0.960452 0.09188997 0.960367 0.108577 0.990428 0.108728 0.99051 0.09204 0.960272 0.127209 0.990428 0.108728 0.960367 0.108577 0.960272 0.127209 0.990336 0.12736 0.990428 0.108728 0.960144 0.152425 0.990336 0.12736 0.960272 0.127209 0.960144 0.152425 0.990211 0.152576 0.990336 0.12736 0.990067 0.181483 0.990211 0.152576 0.960144 0.152425 0.990067 0.181483 0.960144 0.152425 0.959997 0.181333 0.959856 0.209814 0.990067 0.181483 0.959997 0.181333 0.959856 0.209814 0.989927 0.20996 0.990067 0.181483 0.959737 0.234263 0.989927 0.20996 0.959856 0.209814 0.959737 0.234263 0.989809 0.2344059 0.989927 0.20996 0.959631 0.257301 0.989809 0.2344059 0.959737 0.234263 0.959631 0.257301 0.989701 0.257437 0.989809 0.2344059 0.720643 0.894649 0.737029 0.901233 0.722207 0.886885 0.720643 0.894649 0.734104 0.907294 0.737029 0.901233 0.756642 0.910589 0.737029 0.901233 0.734104 0.907294 0.756642 0.910589 0.757127 0.903877 0.737029 0.901233 0.756642 0.910589 0.784641 0.903869 0.757127 0.903877 0.756642 0.910589 0.785275 0.910569 0.784641 0.903869 0.785275 0.910569 0.803491 0.90035 0.784641 0.903869 0.785275 0.910569 0.805822 0.906664 0.803491 0.90035 0.825785 0.887611 0.803491 0.90035 0.805822 0.906664 0.825785 0.887611 0.805822 0.906664 0.830092 0.892783 0.830092 0.892783 0.844102 0.865939 0.825785 0.887611 0.830092 0.892783 0.849926 0.869312 0.844102 0.865939 0.844102 0.865939 0.849926 0.869312 0.853369 0.859831 0.844102 0.865939 0.853369 0.859831 0.850452 0.84925 0.990488 0.911391 0.960415 0.911546 0.960486 0.925302 0.990488 0.911391 0.960486 0.925302 0.990561 0.925145 0.960576 0.942269 0.990561 0.925145 0.960486 0.925302 0.960576 0.942269 0.99065 0.942108 0.990561 0.925145 0.960691 0.963597 0.99065 0.942108 0.960576 0.942269 0.960691 0.963597 0.990765 0.963434 0.99065 0.942108 0.960775 0.979175 0.990765 0.963434 0.960691 0.963597 0.960775 0.979175 0.99085 0.979012 0.990765 0.963434 0.960888 1 0.99085 0.979012 0.960775 0.979175 0.960888 1 0.990963 0.999836 0.99085 0.979012 0.959072 0.545331 0.989121 0.545296 0.989105 0.530258 0.959072 0.545331 0.989105 0.530258 0.959056 0.530284 0.959056 0.530284 0.989105 0.530258 0.989096 0.515266 0.959056 0.530284 0.989096 0.515266 0.959045 0.515283 0.959045 0.515283 0.989096 0.515266 0.98909 0.50276 0.959045 0.515283 0.98909 0.50276 0.959039 0.502769 0.989088 0.492132 0.959039 0.502769 0.98909 0.50276 0.989088 0.492132 0.959037 0.492134 0.959039 0.502769 0.959495 0.708651 0.989549 0.708538 0.989451 0.681584 0.959495 0.708651 0.989451 0.681584 0.9594 0.681687 0.9594 0.681687 0.989451 0.681584 0.989367 0.656391 0.9594 0.681687 0.989367 0.656391 0.959318 0.656484 0.959318 0.656484 0.989367 0.656391 0.989303 0.634969 0.959318 0.656484 0.989303 0.634969 0.959255 0.635053 0.959255 0.635053 0.989303 0.634969 0.989259 0.618579 0.959255 0.635053 0.989259 0.618579 0.959212 0.618655 0.959212 0.618655 0.989259 0.618579 0.989222 0.603608 0.959212 0.618655 0.989222 0.603608 0.959175 0.603676 0.959175 0.603676 0.989222 0.603608 0.989192 0.589677 0.959175 0.603676 0.989192 0.589677 0.959145 0.589738 0.989192 0.589677 0.95912 0.576761 0.959145 0.589738 0.989192 0.589677 0.989166 0.576708 0.95912 0.576761 0.95912 0.576761 0.989166 0.576708 0.98914 0.560032 0.95912 0.576761 0.98914 0.560032 0.959093 0.560077 0.98914 0.560032 0.959072 0.545331 0.959093 0.560077 0.98914 0.560032 0.989121 0.545296 0.959072 0.545331 0.990347 0.884272 0.960415 0.911546 0.990488 0.911391 0.990347 0.884272 0.960277 0.884423 0.960415 0.911546 0.990182 0.851387 0.960277 0.884423 0.990347 0.884272 0.990182 0.851387 0.960115 0.851535 0.960277 0.884423 0.960115 0.851535 0.990182 0.851387 0.990078 0.830071 0.960115 0.851535 0.990078 0.830071 0.960012 0.830216 0.989989 0.811331 0.960012 0.830216 0.990078 0.830071 0.989989 0.811331 0.959923 0.811471 0.960012 0.830216 0.959923 0.811471 0.989989 0.811331 0.989906 0.793443 0.959923 0.811471 0.989906 0.793443 0.959842 0.793579 0.989906 0.793443 0.959763 0.775761 0.959842 0.793579 0.989906 0.793443 0.989826 0.77563 0.959763 0.775761 0.959763 0.775761 0.989826 0.77563 0.989759 0.760229 0.959763 0.775761 0.989759 0.760229 0.959697 0.760355 0.989759 0.760229 0.959596 0.735479 0.959697 0.760355 0.989759 0.760229 0.989655 0.73536 0.959596 0.735479 0.989549 0.708538 0.959596 0.735479 0.989655 0.73536 0.989549 0.708538 0.959495 0.708651 0.959596 0.735479 0.84101 0.133834 0.849665 0.139097 0.84603 0.149224 0.84101 0.133834 0.847292 0.13142 0.849665 0.139097 0.847292 0.13142 0.84101 0.133834 0.832815 0.116135 0.847292 0.13142 0.832815 0.116135 0.838669 0.112814 0.838669 0.112814 0.832815 0.116135 0.823136 0.101924 0.838669 0.112814 0.823136 0.101924 0.82834 0.09765595 0.82834 0.09765595 0.823136 0.101924 0.812498 0.091075 0.82834 0.09765595 0.812498 0.091075 0.816866 0.08595496 0.804426 0.07712197 0.816866 0.08595496 0.812498 0.091075 0.804426 0.07712197 0.812498 0.091075 0.801022 0.082928 0.804426 0.07712197 0.801022 0.082928 0.788022 0.07675695 0.804426 0.07712197 0.788022 0.07675695 0.790356 0.070445 0.790356 0.070445 0.788022 0.07675695 0.771626 0.07228797 0.790356 0.070445 0.771626 0.07228797 0.772678 0.06564098 0.747382 0.06441098 0.772678 0.06564098 0.771626 0.07228797 0.747382 0.06441098 0.771626 0.07228797 0.74731 0.07113999 0.747382 0.06441098 0.74731 0.07113999 0.729286 0.07161295 0.747382 0.06441098 0.729286 0.07161295 0.72852 0.06492596 0.72852 0.06492596 0.729286 0.07161295 0.714853 0.074548 0.72852 0.06492596 0.714853 0.074548 0.712929 0.06809896 0.712929 0.06809896 0.714853 0.074548 0.701756 0.07969599 0.712929 0.06809896 0.701756 0.07969599 0.698287 0.07392895 0.698287 0.07392895 0.701756 0.07969599 0.691676 0.08807599 0.698287 0.07392895 0.691676 0.08807599 0.686145 0.08424299 0.681725 0.09653097 0.686145 0.08424299 0.691676 0.08807599 0.681725 0.09653097 0.691676 0.08807599 0.685592 0.105607 0.233895 0.492782 0.220714 0.499652 0.233895 0.492782 0.233895 0.492782 0.220714 0.499652 0.220714 0.499652 0.220714 0.499652 0.2128739 0.510596 0.220714 0.499652 0.220714 0.499652 0.2128739 0.510596 0.2128739 0.510596 0.2128739 0.510596 0.20384 0.526291 0.2128739 0.510596 0.2128739 0.510596 0.20384 0.526291 0.20384 0.526291 0.20384 0.526291 0.1996189 0.537149 0.20384 0.526291 0.20384 0.526291 0.1996189 0.537149 0.1996189 0.537149 0.348692 0.380877 0.344436 0.385639 0.348692 0.380877 0.348692 0.380877 0.344436 0.385639 0.344436 0.385639 0.344436 0.385639 0.329916 0.389112 0.344436 0.385639 0.344436 0.385639 0.329916 0.389112 0.329916 0.389112 0.329916 0.389112 0.313134 0.398116 0.329916 0.389112 0.329916 0.389112 0.313134 0.398116 0.313134 0.398116 0.313134 0.398116 0.296379 0.415521 0.313134 0.398116 0.313134 0.398116 0.296379 0.415521 0.296379 0.415521 0.296379 0.415521 0.281201 0.437407 0.296379 0.415521 0.296379 0.415521 0.281201 0.437407 0.281201 0.437407 0.281201 0.437407 0.266643 0.460326 0.281201 0.437407 0.281201 0.437407 0.266643 0.460326 0.266643 0.460326 0.266643 0.460326 0.257641 0.476397 0.266643 0.460326 0.266643 0.460326 0.257641 0.476397 0.257641 0.476397 0.257641 0.476397 0.247925 0.488757 0.257641 0.476397 0.257641 0.476397 0.247925 0.488757 0.247925 0.488757 0.247925 0.488757 0.233895 0.492782 0.247925 0.488757 0.247925 0.488757 0.233895 0.492782 0.233895 0.492782 0.72852 0.571552 0.714853 0.581173 0.729286 0.578238 0.72852 0.571552 0.712929 0.574724 0.714853 0.581173 0.712929 0.574724 0.701756 0.586321 0.714853 0.581173 0.712929 0.574724 0.698287 0.580554 0.701756 0.586321 0.698287 0.580554 0.691676 0.594701 0.701756 0.586321 0.698287 0.580554 0.686145 0.590868 0.691676 0.594701 0.691676 0.594701 0.686145 0.590868 0.681725 0.603156 0.691676 0.594701 0.681725 0.603156 0.685592 0.612232 0.84101 0.640459 0.84603 0.655849 0.849665 0.645722 0.84101 0.640459 0.849665 0.645722 0.847292 0.638045 0.847292 0.638045 0.832815 0.62276 0.84101 0.640459 0.847292 0.638045 0.838669 0.619439 0.832815 0.62276 0.823136 0.608549 0.832815 0.62276 0.838669 0.619439 0.823136 0.608549 0.838669 0.619439 0.82834 0.604281 0.82834 0.604281 0.812498 0.5977 0.823136 0.608549 0.82834 0.604281 0.816866 0.59258 0.812498 0.5977 0.804426 0.583747 0.812498 0.5977 0.816866 0.59258 0.804426 0.583747 0.801022 0.589553 0.812498 0.5977 0.804426 0.583747 0.788022 0.583382 0.801022 0.589553 0.804426 0.583747 0.790356 0.57707 0.788022 0.583382 0.790356 0.57707 0.771626 0.578913 0.788022 0.583382 0.790356 0.57707 0.772678 0.572266 0.771626 0.578913 0.747382 0.571036 0.771626 0.578913 0.772678 0.572266 0.747382 0.571036 0.74731 0.577765 0.771626 0.578913 0.747382 0.571036 0.729286 0.578238 0.74731 0.577765 0.747382 0.571036 0.72852 0.571552 0.729286 0.578238 0.95955 0.275498 0.989701 0.257437 0.959631 0.257301 0.95955 0.275498 0.98962 0.275628 0.989701 0.257437 0.959488 0.290103 0.98962 0.275628 0.95955 0.275498 0.959488 0.290103 0.989556 0.290227 0.98962 0.275628 0.989556 0.290227 0.959488 0.290103 0.959442 0.301568 0.989556 0.290227 0.959442 0.301568 0.989509 0.301687 0.959404 0.311593 0.989509 0.301687 0.959442 0.301568 0.959404 0.311593 0.989469 0.311707 0.989509 0.301687 0.959361 0.323053 0.989469 0.311707 0.959404 0.311593 0.959361 0.323053 0.989426 0.323162 0.989469 0.311707 0.989426 0.323162 0.959361 0.323053 0.959336 0.330345 0.989426 0.323162 0.959336 0.330345 0.9894 0.330449 0.313229 0.397953 0.296474 0.415359 0.296474 0.415359 0.313229 0.397953 0.313229 0.397953 0.296474 0.415359 0.330011 0.388949 0.313229 0.397953 0.313229 0.397953 0.330011 0.388949 0.330011 0.388949 0.313229 0.397953 0.34453 0.385477 0.330011 0.388949 0.330011 0.388949 0.34453 0.385477 0.34453 0.385477 0.330011 0.388949 0.348787 0.380714 0.34453 0.385477 0.34453 0.385477 0.348787 0.380714 0.348787 0.380714 0.34453 0.385477 0.203935 0.526128 0.199713 0.536987 0.199713 0.536987 0.203935 0.526128 0.203935 0.526128 0.199713 0.536987 0.212968 0.510434 0.203935 0.526128 0.203935 0.526128 0.212968 0.510434 0.212968 0.510434 0.203935 0.526128 0.220809 0.499489 0.212968 0.510434 0.212968 0.510434 0.220809 0.499489 0.220809 0.499489 0.212968 0.510434 0.23399 0.49262 0.220809 0.499489 0.220809 0.499489 0.23399 0.49262 0.23399 0.49262 0.220809 0.499489 0.2480199 0.488594 0.23399 0.49262 0.23399 0.49262 0.2480199 0.488594 0.2480199 0.488594 0.23399 0.49262 0.257736 0.476233 0.2480199 0.488594 0.2480199 0.488594 0.257736 0.476233 0.257736 0.476233 0.2480199 0.488594 0.266738 0.460164 0.257736 0.476233 0.257736 0.476233 0.266738 0.460164 0.266738 0.460164 0.257736 0.476233 0.281296 0.437245 0.266738 0.460164 0.266738 0.460164 0.281296 0.437245 0.281296 0.437245 0.266738 0.460164 0.296474 0.415359 0.281296 0.437245 0.281296 0.437245 0.296474 0.415359 0.296474 0.415359 0.281296 0.437245 0.946897 0.242296 0.9397 0.280954 0.940168 0.242276 0.946897 0.242296 0.946428 0.281114 0.9397 0.280954 0.946428 0.281114 0.938504 0.314583 0.9397 0.280954 0.946428 0.281114 0.945224 0.314958 0.938504 0.314583 0.945224 0.314958 0.936859 0.33806 0.938504 0.314583 0.945224 0.314958 0.943329 0.339912 0.936859 0.33806 0.943329 0.339912 0.928583 0.354646 0.936859 0.33806 0.943329 0.339912 0.93294 0.359775 0.928583 0.354646 0.912086 0.366675 0.928583 0.354646 0.93294 0.359775 0.912086 0.366675 0.911255 0.359997 0.928583 0.354646 0.894767 0.365426 0.911255 0.359997 0.912086 0.366675 0.894767 0.365426 0.895693 0.35876 0.911255 0.359997 0.894767 0.365426 0.876893 0.354874 0.895693 0.35876 0.894767 0.365426 0.87506 0.361349 0.876893 0.354874 0.87506 0.361349 0.857294 0.347846 0.876893 0.354874 0.87506 0.361349 0.853972 0.353699 0.857294 0.347846 0.857294 0.347846 0.853972 0.353699 0.853369 0.353206 0.857294 0.347846 0.853369 0.353206 0.850452 0.342625 0.07725501 0.491318 0.07322198 0.482132 0.07322198 0.482132 0.07725501 0.491318 0.07725501 0.491318 0.07322198 0.482132 0.08752298 0.497125 0.07725501 0.491318 0.07725501 0.491318 0.08752298 0.497125 0.08752298 0.497125 0.07725501 0.491318 0.10026 0.50213 0.08752298 0.497125 0.08752298 0.497125 0.10026 0.50213 0.10026 0.50213 0.08752298 0.497125 0.112198 0.506426 0.10026 0.50213 0.10026 0.50213 0.112198 0.506426 0.112198 0.506426 0.10026 0.50213 0.123605 0.509927 0.112198 0.506426 0.112198 0.506426 0.123605 0.509927 0.123605 0.509927 0.112198 0.506426 0.139099 0.509961 0.123605 0.509927 0.123605 0.509927 0.139099 0.509961 0.139099 0.509961 0.123605 0.509927 0.849665 0.139097 0.860547 0.139881 0.84603 0.149224 0.849665 0.139097 0.857845 0.133718 0.860547 0.139881 0.872775 0.12999 0.860547 0.139881 0.857845 0.133718 0.872775 0.12999 0.874204 0.1365669 0.860547 0.139881 0.88601 0.127537 0.874204 0.1365669 0.872775 0.12999 0.88601 0.127537 0.88713 0.134174 0.874204 0.1365669 0.88601 0.127537 0.901613 0.131941 0.88713 0.134174 0.88601 0.127537 0.901228 0.125222 0.901613 0.131941 0.901228 0.125222 0.918546 0.132269 0.901613 0.131941 0.901228 0.125222 0.920824 0.125936 0.918546 0.132269 0.934463 0.144307 0.918546 0.132269 0.920824 0.125936 0.934463 0.144307 0.920824 0.125936 0.940209 0.140803 0.945702 0.17124 0.934463 0.144307 0.940209 0.140803 0.945702 0.17124 0.939009 0.171938 0.934463 0.144307 0.946662 0.204055 0.939009 0.171938 0.945702 0.17124 0.946662 0.204055 0.939933 0.204174 0.939009 0.171938 0.946897 0.242296 0.939933 0.204174 0.946662 0.204055 0.946897 0.242296 0.940168 0.242276 0.939933 0.204174 0.346075 0.374096 0.341751 0.379505 0.348787 0.380714 0.346075 0.374096 0.340753 0.378213 0.341751 0.379505 0.333076 0.364355 0.340753 0.378213 0.346075 0.374096 0.333076 0.364355 0.329352 0.36996 0.340753 0.378213 0.333076 0.364355 0.308039 0.35747 0.329352 0.36996 0.333076 0.364355 0.310906 0.351382 0.308039 0.35747 0.310906 0.351382 0.294972 0.352613 0.308039 0.35747 0.310906 0.351382 0.296178 0.345992 0.294972 0.352613 0.276269 0.352431 0.294972 0.352613 0.296178 0.345992 0.276269 0.352431 0.296178 0.345992 0.275161 0.345793 0.275161 0.345793 0.25624 0.359516 0.276269 0.352431 0.275161 0.345793 0.252898 0.353674 0.25624 0.359516 0.235125 0.368611 0.25624 0.359516 0.252898 0.353674 0.235125 0.368611 0.240101 0.373142 0.25624 0.359516 0.224764 0.383579 0.240101 0.373142 0.235125 0.368611 0.224764 0.383579 0.23044 0.387196 0.240101 0.373142 0.216706 0.397347 0.23044 0.387196 0.224764 0.383579 0.216706 0.397347 0.222525 0.400729 0.23044 0.387196 0.1479099 0.500457 0.139099 0.509961 0.139099 0.509961 0.1479099 0.500457 0.1479099 0.500457 0.139099 0.509961 0.159829 0.481596 0.1479099 0.500457 0.1479099 0.500457 0.159829 0.481596 0.159829 0.481596 0.1479099 0.500457 0.174964 0.456099 0.159829 0.481596 0.159829 0.481596 0.174964 0.456099 0.174964 0.456099 0.159829 0.481596 0.191054 0.427951 0.174964 0.456099 0.174964 0.456099 0.191054 0.427951 0.191054 0.427951 0.174964 0.456099 0.205839 0.401136 0.191054 0.427951 0.191054 0.427951 0.205839 0.401136 0.205839 0.401136 0.191054 0.427951 0.217055 0.379639 0.205839 0.401136 0.205839 0.401136 0.217055 0.379639 0.217055 0.379639 0.205839 0.401136 0.222679 0.36396 0.217055 0.379639 0.217055 0.379639 0.222679 0.36396 0.222679 0.36396 0.217055 0.379639 0.631991 0.08733499 0.613188 0.09635096 0.611921 0.08974099 0.631991 0.08733499 0.632327 0.09405601 0.613188 0.09635096 0.631991 0.08733499 0.651475 0.09442496 0.632327 0.09405601 0.631991 0.08733499 0.652139 0.08772897 0.651475 0.09442496 0.652139 0.08772897 0.666699 0.09713697 0.651475 0.09442496 0.652139 0.08772897 0.668682 0.09070599 0.666699 0.09713697 0.666699 0.09713697 0.668682 0.09070599 0.681725 0.09653097 0.666699 0.09713697 0.681725 0.09653097 0.685592 0.105607 0.536772 0.2349449 0.544516 0.270714 0.5378 0.271153 0.536772 0.2349449 0.543502 0.234934 0.544516 0.270714 0.53762 0.201095 0.543502 0.234934 0.536772 0.2349449 0.53762 0.201095 0.544343 0.201418 0.543502 0.234934 0.53762 0.201095 0.546363 0.173045 0.544343 0.201418 0.53762 0.201095 0.539667 0.172374 0.546363 0.173045 0.539667 0.172374 0.549059 0.151995 0.546363 0.173045 0.539667 0.172374 0.542491 0.150524 0.549059 0.151995 0.542491 0.150524 0.554703 0.134351 0.549059 0.151995 0.542491 0.150524 0.548669 0.131372 0.554703 0.134351 0.559324 0.115971 0.554703 0.134351 0.548669 0.131372 0.559324 0.115971 0.564297 0.120505 0.554703 0.134351 0.572686 0.104771 0.564297 0.120505 0.559324 0.115971 0.572686 0.104771 0.576367 0.110405 0.564297 0.120505 0.592773 0.094823 0.576367 0.110405 0.572686 0.104771 0.592773 0.094823 0.595141 0.101122 0.576367 0.110405 0.611921 0.08974099 0.595141 0.101122 0.592773 0.094823 0.611921 0.08974099 0.613188 0.09635096 0.595141 0.101122 0.720643 0.388024 0.685118 0.394154 0.722207 0.38026 0.720643 0.388024 0.686516 0.400737 0.685118 0.394154 0.642438 0.403477 0.685118 0.394154 0.686516 0.400737 0.642438 0.403477 0.64266 0.396751 0.685118 0.394154 0.642438 0.403477 0.615545 0.393268 0.64266 0.396751 0.642438 0.403477 0.614043 0.399828 0.615545 0.393268 0.614043 0.399828 0.59317 0.385832 0.615545 0.393268 0.614043 0.399828 0.590166 0.391854 0.59317 0.385832 0.590166 0.391854 0.575079 0.373412 0.59317 0.385832 0.590166 0.391854 0.570377 0.378227 0.575079 0.373412 0.556346 0.358844 0.575079 0.373412 0.570377 0.378227 0.556346 0.358844 0.562242 0.3556 0.575079 0.373412 0.548687 0.339625 0.562242 0.3556 0.556346 0.358844 0.548687 0.339625 0.555119 0.337646 0.562242 0.3556 0.541471 0.307004 0.555119 0.337646 0.548687 0.339625 0.541471 0.307004 0.548115 0.305932 0.555119 0.337646 0.5378 0.271153 0.548115 0.305932 0.541471 0.307004 0.5378 0.271153 0.544516 0.270714 0.548115 0.305932 0.344436 0.385639 0.341656 0.379668 0.348692 0.380877 0.344436 0.385639 0.340987 0.379861 0.341656 0.379668 0.329916 0.389112 0.340987 0.379861 0.344436 0.385639 0.329916 0.389112 0.327523 0.382822 0.340987 0.379861 0.327523 0.382822 0.329916 0.389112 0.313134 0.398116 0.327523 0.382822 0.313134 0.398116 0.30907 0.392753 0.291173 0.411257 0.30907 0.392753 0.313134 0.398116 0.291173 0.411257 0.313134 0.398116 0.296379 0.415521 0.275595 0.433684 0.291173 0.411257 0.296379 0.415521 0.275595 0.433684 0.296379 0.415521 0.281201 0.437407 0.275595 0.433684 0.281201 0.437407 0.266643 0.460326 0.275595 0.433684 0.266643 0.460326 0.260864 0.456876 0.266643 0.460326 0.252043 0.47266 0.260864 0.456876 0.266643 0.460326 0.257641 0.476397 0.252043 0.47266 0.257641 0.476397 0.2441689 0.483172 0.252043 0.47266 0.257641 0.476397 0.247925 0.488757 0.2441689 0.483172 0.233895 0.492782 0.2441689 0.483172 0.247925 0.488757 0.233895 0.492782 0.2313989 0.486532 0.2441689 0.483172 0.2313989 0.486532 0.233895 0.492782 0.220714 0.499652 0.2313989 0.486532 0.220714 0.499652 0.216304 0.494569 0.2072139 0.506953 0.216304 0.494569 0.220714 0.499652 0.2072139 0.506953 0.220714 0.499652 0.2128739 0.510596 0.2072139 0.506953 0.2128739 0.510596 0.20384 0.526291 0.2072139 0.506953 0.20384 0.526291 0.197771 0.523384 0.197771 0.523384 0.20384 0.526291 0.1996189 0.537149 0.197771 0.523384 0.1996189 0.537149 0.19289 0.537009 0.19289 0.537009 0.1996189 0.537149 0.201421 0.542424 0.19289 0.537009 0.201421 0.542424 0.196904 0.548098 0.614043 0.906453 0.59317 0.892457 0.590166 0.898479 0.614043 0.906453 0.615545 0.899893 0.59317 0.892457 0.642438 0.910102 0.615545 0.899893 0.614043 0.906453 0.642438 0.910102 0.64266 0.903376 0.615545 0.899893 0.642438 0.910102 0.685118 0.900779 0.64266 0.903376 0.642438 0.910102 0.686516 0.907362 0.685118 0.900779 0.685118 0.900779 0.686516 0.907362 0.720643 0.894649 0.685118 0.900779 0.720643 0.894649 0.722207 0.886885 0.539667 0.678999 0.549059 0.65862 0.542491 0.657149 0.539667 0.678999 0.546363 0.67967 0.549059 0.65862 0.53762 0.70772 0.546363 0.67967 0.539667 0.678999 0.53762 0.70772 0.544343 0.708043 0.546363 0.67967 0.53762 0.70772 0.543502 0.741559 0.544343 0.708043 0.53762 0.70772 0.536772 0.74157 0.543502 0.741559 0.536772 0.74157 0.544516 0.777339 0.543502 0.741559 0.536772 0.74157 0.5378 0.777778 0.544516 0.777339 0.5378 0.777778 0.548115 0.812557 0.544516 0.777339 0.5378 0.777778 0.541471 0.813628 0.548115 0.812557 0.541471 0.813628 0.555119 0.844271 0.548115 0.812557 0.541471 0.813628 0.548687 0.84625 0.555119 0.844271 0.548687 0.84625 0.562242 0.862225 0.555119 0.844271 0.548687 0.84625 0.556346 0.865469 0.562242 0.862225 0.575079 0.880037 0.562242 0.862225 0.556346 0.865469 0.575079 0.880037 0.556346 0.865469 0.570377 0.884852 0.590166 0.898479 0.575079 0.880037 0.570377 0.884852 0.590166 0.898479 0.59317 0.892457 0.575079 0.880037 0.681725 0.603156 0.666699 0.603762 0.685592 0.612232 0.681725 0.603156 0.668682 0.597331 0.666699 0.603762 0.652139 0.594353 0.666699 0.603762 0.668682 0.597331 0.652139 0.594353 0.651475 0.601051 0.666699 0.603762 0.631991 0.59396 0.651475 0.601051 0.652139 0.594353 0.631991 0.59396 0.632327 0.600681 0.651475 0.601051 0.631991 0.59396 0.613188 0.602976 0.632327 0.600681 0.631991 0.59396 0.611921 0.596366 0.613188 0.602976 0.611921 0.596366 0.595141 0.607747 0.613188 0.602976 0.611921 0.596366 0.592773 0.601448 0.595141 0.607747 0.592773 0.601448 0.576367 0.61703 0.595141 0.607747 0.592773 0.601448 0.572686 0.611396 0.576367 0.61703 0.572686 0.611396 0.564297 0.62713 0.576367 0.61703 0.572686 0.611396 0.559324 0.622596 0.564297 0.62713 0.559324 0.622596 0.554703 0.640976 0.564297 0.62713 0.559324 0.622596 0.548669 0.637997 0.554703 0.640976 0.542491 0.657149 0.554703 0.640976 0.548669 0.637997 0.542491 0.657149 0.549059 0.65862 0.554703 0.640976 0.946897 0.74892 0.939933 0.710799 0.940168 0.748901 0.946897 0.74892 0.946662 0.71068 0.939933 0.710799 0.946662 0.71068 0.939009 0.678563 0.939933 0.710799 0.946662 0.71068 0.945702 0.677865 0.939009 0.678563 0.945702 0.677865 0.934463 0.650932 0.939009 0.678563 0.945702 0.677865 0.940209 0.647428 0.934463 0.650932 0.920824 0.632561 0.934463 0.650932 0.940209 0.647428 0.920824 0.632561 0.918546 0.638894 0.934463 0.650932 0.901228 0.631847 0.918546 0.638894 0.920824 0.632561 0.901228 0.631847 0.901613 0.638566 0.918546 0.638894 0.88601 0.634162 0.901613 0.638566 0.901228 0.631847 0.88601 0.634162 0.88713 0.640799 0.901613 0.638566 0.88601 0.634162 0.874204 0.643192 0.88713 0.640799 0.88601 0.634162 0.872775 0.636615 0.874204 0.643192 0.872775 0.636615 0.860547 0.646506 0.874204 0.643192 0.872775 0.636615 0.857845 0.640343 0.860547 0.646506 0.860547 0.646506 0.857845 0.640343 0.849665 0.645722 0.860547 0.646506 0.849665 0.645722 0.84603 0.655849 0.306206 0.431459 0.322879 0.414609 0.327004 0.419927 0.322879 0.414609 0.344097 0.40989 0.327004 0.419927 0.322879 0.414609 0.341775 0.403574 0.344097 0.40989 0.36507 0.399431 0.344097 0.40989 0.341775 0.403574 0.36507 0.399431 0.365076 0.406161 0.344097 0.40989 0.396698 0.404997 0.365076 0.406161 0.36507 0.399431 0.396698 0.404997 0.394569 0.411381 0.365076 0.406161 0.431758 0.422777 0.394569 0.411381 0.396698 0.404997 0.431758 0.422777 0.428167 0.428469 0.394569 0.411381 0.431758 0.422777 0.446835 0.442841 0.428167 0.428469 0.431758 0.422777 0.451429 0.437924 0.446835 0.442841 0.451429 0.437924 0.459355 0.45694 0.446835 0.442841 0.451429 0.437924 0.464968 0.453229 0.459355 0.45694 0.464968 0.453229 0.466068 0.470962 0.459355 0.45694 0.464968 0.453229 0.472558 0.469181 0.466068 0.470962 0.474194 0.487026 0.466068 0.470962 0.472558 0.469181 0.474194 0.487026 0.467466 0.486818 0.466068 0.470962 0.471651 0.503459 0.467466 0.486818 0.474194 0.487026 0.471651 0.503459 0.465102 0.501908 0.467466 0.486818 0.462252 0.532634 0.465102 0.501908 0.471651 0.503459 0.462252 0.532634 0.455976 0.530205 0.465102 0.501908 0.448116 0.563705 0.455976 0.530205 0.462252 0.532634 0.448116 0.563705 0.442097 0.560695 0.455976 0.530205 0.431355 0.594368 0.442097 0.560695 0.448116 0.563705 0.431355 0.594368 0.425538 0.590983 0.442097 0.560695 0.41408 0.622319 0.425538 0.590983 0.431355 0.594368 0.41408 0.622319 0.408438 0.618651 0.425538 0.590983 0.41408 0.622319 0.392952 0.641311 0.408438 0.618651 0.41408 0.622319 0.398404 0.645257 0.392952 0.641311 0.398404 0.645257 0.381483 0.656323 0.392952 0.641311 0.398404 0.645257 0.386438 0.660877 0.381483 0.656323 0.386438 0.660877 0.371421 0.665539 0.381483 0.656323 0.386438 0.660877 0.375143 0.671145 0.371421 0.665539 0.363366 0.676609 0.371421 0.665539 0.375143 0.671145 0.363366 0.676609 0.361372 0.670181 0.371421 0.665539 0.351182 0.678663 0.361372 0.670181 0.363366 0.676609 0.351182 0.678663 0.350858 0.67194 0.361372 0.670181 0.333232 0.677396 0.350858 0.67194 0.351182 0.678663 0.333232 0.677396 0.334378 0.670765 0.350858 0.67194 0.317438 0.672994 0.334378 0.670765 0.333232 0.677396 0.317438 0.672994 0.319685 0.666651 0.334378 0.670765 0.317438 0.672994 0.30454 0.660085 0.319685 0.666651 0.317438 0.672994 0.301442 0.66606 0.30454 0.660085 0.301442 0.66606 0.290694 0.65165 0.30454 0.660085 0.301442 0.66606 0.286757 0.657109 0.290694 0.65165 0.286757 0.657109 0.281826 0.644186 0.290694 0.65165 0.286757 0.657109 0.276911 0.648783 0.281826 0.644186 0.268067 0.63678 0.281826 0.644186 0.276911 0.648783 0.268067 0.63678 0.274174 0.633951 0.281826 0.644186 0.268067 0.63678 0.27177 0.624535 0.274174 0.633951 0.268067 0.63678 0.265057 0.624063 0.27177 0.624535 0.27135 0.607969 0.27177 0.624535 0.265057 0.624063 0.27135 0.607969 0.27747 0.61077 0.27177 0.624535 0.277681 0.595974 0.27747 0.61077 0.27135 0.607969 0.277681 0.595974 0.283574 0.599226 0.27747 0.61077 0.284535 0.584087 0.283574 0.599226 0.277681 0.595974 0.284535 0.584087 0.290356 0.587465 0.283574 0.599226 0.290356 0.587465 0.284535 0.584087 0.295016 0.566131 0.290356 0.587465 0.295016 0.566131 0.30094 0.569323 0.30094 0.569323 0.295016 0.566131 0.304742 0.546504 0.30094 0.569323 0.304742 0.546504 0.311202 0.548391 0.313591 0.522482 0.311202 0.548391 0.304742 0.546504 0.313591 0.522482 0.304742 0.546504 0.307144 0.524415 0.30065 0.506168 0.313591 0.522482 0.307144 0.524415 0.30065 0.506168 0.307144 0.524415 0.29632 0.51132 0.277891 0.493142 0.30065 0.506168 0.29632 0.51132 0.277891 0.493142 0.29632 0.51132 0.273799 0.498484 0.269603 0.494258 0.277891 0.493142 0.273799 0.498484 0.269603 0.494258 0.276007 0.49219 0.277891 0.493142 0.270856 0.486343 0.276007 0.49219 0.269603 0.494258 0.270856 0.486343 0.277241 0.48847 0.276007 0.49219 0.278745 0.471407 0.277241 0.48847 0.270856 0.486343 0.278745 0.471407 0.284551 0.474811 0.277241 0.48847 0.289231 0.455212 0.284551 0.474811 0.278745 0.471407 0.289231 0.455212 0.294794 0.458999 0.284551 0.474811 0.306206 0.431459 0.294794 0.458999 0.289231 0.455212 0.306206 0.431459 0.311352 0.435796 0.294794 0.458999 0.306206 0.431459 0.327004 0.419927 0.311352 0.435796 0.857294 0.854471 0.850452 0.84925 0.853369 0.859831 0.857294 0.854471 0.853369 0.859831 0.853972 0.860324 0.87506 0.867974 0.857294 0.854471 0.853972 0.860324 0.87506 0.867974 0.876893 0.861499 0.857294 0.854471 0.894767 0.872051 0.876893 0.861499 0.87506 0.867974 0.894767 0.872051 0.895693 0.865385 0.876893 0.861499 0.894767 0.872051 0.911255 0.866622 0.895693 0.865385 0.894767 0.872051 0.912086 0.8733 0.911255 0.866622 0.928583 0.861271 0.911255 0.866622 0.912086 0.8733 0.928583 0.861271 0.912086 0.8733 0.93294 0.8664 0.943329 0.846537 0.928583 0.861271 0.93294 0.8664 0.943329 0.846537 0.936859 0.844685 0.928583 0.861271 0.945224 0.821583 0.936859 0.844685 0.943329 0.846537 0.945224 0.821583 0.938504 0.821208 0.936859 0.844685 0.946428 0.787739 0.938504 0.821208 0.945224 0.821583 0.946428 0.787739 0.9397 0.787579 0.938504 0.821208 0.946897 0.74892 0.9397 0.787579 0.946428 0.787739 0.946897 0.74892 0.940168 0.748901 0.9397 0.787579 0.146702 0.558041 0.154375 0.571832 0.147729 0.572892 0.146702 0.558041 0.1534309 0.558131 0.154375 0.571832 0.1483719 0.540625 0.1534309 0.558131 0.146702 0.558041 0.1483719 0.540625 0.155014 0.541715 0.1534309 0.558131 0.152661 0.52227 0.155014 0.541715 0.1483719 0.540625 0.152661 0.52227 0.159129 0.524128 0.155014 0.541715 0.152661 0.52227 0.164319 0.508962 0.159129 0.524128 0.152661 0.52227 0.1580809 0.506435 0.164319 0.508962 0.165679 0.490313 0.164319 0.508962 0.1580809 0.506435 0.165679 0.490313 0.1717129 0.493293 0.164319 0.508962 0.176828 0.468742 0.1717129 0.493293 0.165679 0.490313 0.176828 0.468742 0.182776 0.471887 0.1717129 0.493293 0.19003 0.444337 0.182776 0.471887 0.176828 0.468742 0.19003 0.444337 0.195927 0.44758 0.182776 0.471887 0.20379 0.41972 0.195927 0.44758 0.19003 0.444337 0.20379 0.41972 0.2096419 0.423045 0.195927 0.44758 0.216612 0.397509 0.2096419 0.423045 0.20379 0.41972 0.216612 0.397509 0.22243 0.400891 0.2096419 0.423045 0.216612 0.397509 0.230345 0.387359 0.22243 0.400891 0.216612 0.397509 0.2246699 0.383741 0.230345 0.387359 0.2246699 0.383741 0.240006 0.373305 0.230345 0.387359 0.2246699 0.383741 0.235029 0.368774 0.240006 0.373305 0.235029 0.368774 0.256145 0.359678 0.240006 0.373305 0.235029 0.368774 0.252804 0.353836 0.256145 0.359678 0.275066 0.345956 0.256145 0.359678 0.252804 0.353836 0.275066 0.345956 0.276174 0.352594 0.256145 0.359678 0.296083 0.346155 0.276174 0.352594 0.275066 0.345956 0.296083 0.346155 0.294877 0.352775 0.276174 0.352594 0.310812 0.351544 0.294877 0.352775 0.296083 0.346155 0.310812 0.351544 0.307944 0.357633 0.294877 0.352775 0.332981 0.364517 0.307944 0.357633 0.310812 0.351544 0.332981 0.364517 0.329257 0.370123 0.307944 0.357633 0.332981 0.364517 0.340657 0.378376 0.329257 0.370123 0.332981 0.364517 0.345981 0.374258 0.340657 0.378376 0.341656 0.379668 0.340657 0.378376 0.345981 0.374258 0.341656 0.379668 0.345981 0.374258 0.348692 0.380877 0.228404 0.641947 0.232537 0.634912 0.235359 0.641021 0.228404 0.641947 0.228492 0.635217 0.232537 0.634912 0.21741 0.64019 0.228492 0.635217 0.228404 0.641947 0.21741 0.64019 0.219029 0.633657 0.228492 0.635217 0.21741 0.64019 0.208369 0.630042 0.219029 0.633657 0.21741 0.64019 0.20565 0.636198 0.208369 0.630042 0.191299 0.628269 0.208369 0.630042 0.20565 0.636198 0.191299 0.628269 0.194751 0.622492 0.208369 0.630042 0.191299 0.628269 0.176738 0.610929 0.194751 0.622492 0.191299 0.628269 0.172483 0.616143 0.176738 0.610929 0.162487 0.605921 0.176738 0.610929 0.172483 0.616143 0.162487 0.605921 0.167691 0.601654 0.176738 0.610929 0.155688 0.595968 0.167691 0.601654 0.162487 0.605921 0.155688 0.595968 0.161555 0.59267 0.167691 0.601654 0.155688 0.595968 0.157213 0.583082 0.161555 0.59267 0.155688 0.595968 0.15086 0.585301 0.157213 0.583082 0.15086 0.585301 0.154375 0.571832 0.157213 0.583082 0.15086 0.585301 0.147729 0.572892 0.154375 0.571832 0.281386 0.512863 0.285901 0.527971 0.277114 0.518063 0.281386 0.512863 0.291903 0.524928 0.285901 0.527971 0.291903 0.524928 0.288817 0.540501 0.285901 0.527971 0.291903 0.524928 0.295526 0.541027 0.288817 0.540501 0.290334 0.554107 0.288817 0.540501 0.295526 0.541027 0.290334 0.554107 0.284221 0.551292 0.288817 0.540501 0.28224 0.569455 0.284221 0.551292 0.290334 0.554107 0.28224 0.569455 0.276335 0.566225 0.284221 0.551292 0.272077 0.587386 0.276335 0.566225 0.28224 0.569455 0.272077 0.587386 0.266254 0.584013 0.276335 0.566225 0.26132 0.605565 0.266254 0.584013 0.272077 0.587386 0.26132 0.605565 0.255557 0.60209 0.266254 0.584013 0.26132 0.605565 0.245744 0.61807 0.255557 0.60209 0.26132 0.605565 0.251438 0.621658 0.245744 0.61807 0.251438 0.621658 0.238777 0.628963 0.245744 0.61807 0.251438 0.621658 0.243901 0.633326 0.238777 0.628963 0.243901 0.633326 0.232537 0.634912 0.238777 0.628963 0.243901 0.633326 0.235359 0.641021 0.232537 0.634912 0.20833 0.549199 0.196904 0.548098 0.201421 0.542424 0.20833 0.549199 0.201421 0.542424 0.205969 0.542897 0.218796 0.53896 0.20833 0.549199 0.205969 0.542897 0.218796 0.53896 0.205969 0.542897 0.213451 0.534871 0.224708 0.529495 0.218796 0.53896 0.213451 0.534871 0.224708 0.529495 0.213451 0.534871 0.219103 0.525771 0.219103 0.525771 0.231849 0.519404 0.224708 0.529495 0.219103 0.525771 0.226684 0.515089 0.231849 0.519404 0.226684 0.515089 0.239205 0.511821 0.231849 0.519404 0.226684 0.515089 0.235104 0.506485 0.239205 0.511821 0.235104 0.506485 0.24556 0.508189 0.239205 0.511821 0.235104 0.506485 0.243331 0.501839 0.24556 0.508189 0.243331 0.501839 0.250972 0.507307 0.24556 0.508189 0.243331 0.501839 0.251079 0.500577 0.250972 0.507307 0.264619 0.503228 0.250972 0.507307 0.251079 0.500577 0.264619 0.503228 0.262264 0.509531 0.250972 0.507307 0.264619 0.503228 0.277114 0.518063 0.262264 0.509531 0.264619 0.503228 0.281386 0.512863 0.277114 0.518063 0.11574 0.401617 0.14123 0.372221 0.121542 0.405028 0.11574 0.401617 0.1355 0.368691 0.14123 0.372221 0.1355 0.368691 0.158954 0.344202 0.14123 0.372221 0.1355 0.368691 0.153319 0.340521 0.158954 0.344202 0.153319 0.340521 0.170175 0.3274 0.158954 0.344202 0.153319 0.340521 0.1652899 0.322772 0.170175 0.3274 0.1652899 0.322772 0.174289 0.323481 0.170175 0.3274 0.1652899 0.322772 0.173122 0.316853 0.174289 0.323481 0.182225 0.319655 0.174289 0.323481 0.173122 0.316853 0.182225 0.319655 0.179264 0.325699 0.174289 0.323481 0.192862 0.327133 0.179264 0.325699 0.182225 0.319655 0.192862 0.327133 0.1886709 0.332398 0.179264 0.325699 0.192862 0.327133 0.20108 0.343539 0.1886709 0.332398 0.192862 0.327133 0.20591 0.338853 0.20108 0.343539 0.20591 0.338853 0.211892 0.356246 0.20108 0.343539 0.20591 0.338853 0.217607 0.352692 0.211892 0.356246 0.215858 0.364345 0.211892 0.356246 0.217607 0.352692 0.215858 0.364345 0.217607 0.352692 0.222584 0.364122 0.21696 0.379802 0.215858 0.364345 0.222584 0.364122 0.21696 0.379802 0.2107959 0.377103 0.215858 0.364345 0.205745 0.401298 0.2107959 0.377103 0.21696 0.379802 0.205745 0.401298 0.199814 0.398117 0.2107959 0.377103 0.19096 0.428113 0.199814 0.398117 0.205745 0.401298 0.19096 0.428113 0.185091 0.424818 0.199814 0.398117 0.19096 0.428113 0.169054 0.452874 0.185091 0.424818 0.19096 0.428113 0.174869 0.456261 0.169054 0.452874 0.174869 0.456261 0.153996 0.478243 0.169054 0.452874 0.174869 0.456261 0.159734 0.481758 0.153996 0.478243 0.159734 0.481758 0.142481 0.496517 0.153996 0.478243 0.159734 0.481758 0.147815 0.500619 0.142481 0.496517 0.147815 0.500619 0.136319 0.503953 0.142481 0.496517 0.147815 0.500619 0.139004 0.510124 0.136319 0.503953 0.123511 0.51009 0.136319 0.503953 0.139004 0.510124 0.123511 0.51009 0.124516 0.503435 0.136319 0.503953 0.112102 0.506589 0.124516 0.503435 0.123511 0.51009 0.112102 0.506589 0.114229 0.500204 0.124516 0.503435 0.100165 0.502292 0.114229 0.500204 0.112102 0.506589 0.100165 0.502292 0.102535 0.495994 0.114229 0.500204 0.100165 0.502292 0.09032195 0.491212 0.102535 0.495994 0.100165 0.502292 0.08742797 0.497287 0.09032195 0.491212 0.08742797 0.497287 0.08215397 0.486968 0.09032195 0.491212 0.08742797 0.497287 0.07716095 0.49148 0.08215397 0.486968 0.07985699 0.482257 0.08215397 0.486968 0.07716095 0.49148 0.07985699 0.482257 0.07716095 0.49148 0.07312697 0.482294 0.08170795 0.462157 0.07985699 0.482257 0.07312697 0.482294 0.08170795 0.462157 0.08776396 0.465093 0.07985699 0.482257 0.09686595 0.434404 0.08776396 0.465093 0.08170795 0.462157 0.09686595 0.434404 0.102736 0.437696 0.08776396 0.465093 0.11574 0.401617 0.102736 0.437696 0.09686595 0.434404 0.11574 0.401617 0.121542 0.405028 0.102736 0.437696 0.2246699 0.383741 0.235029 0.368774 0.2246699 0.383741 0.2246699 0.383741 0.235029 0.368774 0.235029 0.368774 0.235029 0.368774 0.252804 0.353836 0.235029 0.368774 0.235029 0.368774 0.252804 0.353836 0.252804 0.353836 0.252804 0.353836 0.275066 0.345956 0.252804 0.353836 0.252804 0.353836 0.275066 0.345956 0.275066 0.345956 0.275066 0.345956 0.296083 0.346155 0.275066 0.345956 0.275066 0.345956 0.296083 0.346155 0.296083 0.346155 0.296083 0.346155 0.310812 0.351544 0.296083 0.346155 0.296083 0.346155 0.310812 0.351544 0.310812 0.351544 0.310812 0.351544 0.332981 0.364517 0.310812 0.351544 0.310812 0.351544 0.332981 0.364517 0.332981 0.364517 0.332981 0.364517 0.345981 0.374258 0.332981 0.364517 0.332981 0.364517 0.345981 0.374258 0.345981 0.374258 0.345981 0.374258 0.348692 0.380877 0.345981 0.374258 0.345981 0.374258 0.348692 0.380877 0.348692 0.380877 0.146702 0.558041 0.1483719 0.540625 0.146702 0.558041 0.146702 0.558041 0.1483719 0.540625 0.1483719 0.540625 0.1483719 0.540625 0.152661 0.52227 0.1483719 0.540625 0.1483719 0.540625 0.152661 0.52227 0.152661 0.52227 0.152661 0.52227 0.1580809 0.506435 0.152661 0.52227 0.152661 0.52227 0.1580809 0.506435 0.1580809 0.506435 0.1580809 0.506435 0.165679 0.490313 0.1580809 0.506435 0.1580809 0.506435 0.165679 0.490313 0.165679 0.490313 0.165679 0.490313 0.176828 0.468742 0.165679 0.490313 0.165679 0.490313 0.176828 0.468742 0.176828 0.468742 0.176828 0.468742 0.19003 0.444337 0.176828 0.468742 0.176828 0.468742 0.19003 0.444337 0.19003 0.444337 0.19003 0.444337 0.20379 0.41972 0.19003 0.444337 0.19003 0.444337 0.20379 0.41972 0.20379 0.41972 0.20379 0.41972 0.216612 0.397509 0.20379 0.41972 0.20379 0.41972 0.216612 0.397509 0.216612 0.397509 0.216612 0.397509 0.2246699 0.383741 0.216612 0.397509 0.216612 0.397509 0.2246699 0.383741 0.2246699 0.383741 0.228404 0.641947 0.21741 0.64019 0.228404 0.641947 0.228404 0.641947 0.21741 0.64019 0.21741 0.64019 0.21741 0.64019 0.20565 0.636198 0.21741 0.64019 0.21741 0.64019 0.20565 0.636198 0.20565 0.636198 0.20565 0.636198 0.191299 0.628269 0.20565 0.636198 0.20565 0.636198 0.191299 0.628269 0.191299 0.628269 0.191299 0.628269 0.172483 0.616143 0.191299 0.628269 0.191299 0.628269 0.172483 0.616143 0.172483 0.616143 0.172483 0.616143 0.162487 0.605921 0.172483 0.616143 0.172483 0.616143 0.162487 0.605921 0.162487 0.605921 0.162487 0.605921 0.155688 0.595968 0.162487 0.605921 0.162487 0.605921 0.155688 0.595968 0.155688 0.595968 0.155688 0.595968 0.15086 0.585301 0.155688 0.595968 0.155688 0.595968 0.15086 0.585301 0.15086 0.585301 0.15086 0.585301 0.147729 0.572892 0.15086 0.585301 0.15086 0.585301 0.147729 0.572892 0.147729 0.572892 0.147729 0.572892 0.146702 0.558041 0.147729 0.572892 0.147729 0.572892 0.146702 0.558041 0.146702 0.558041 0.291903 0.524928 0.295526 0.541027 0.291903 0.524928 0.291903 0.524928 0.295526 0.541027 0.295526 0.541027 0.295526 0.541027 0.290334 0.554107 0.295526 0.541027 0.295526 0.541027 0.290334 0.554107 0.290334 0.554107 0.290334 0.554107 0.28224 0.569455 0.290334 0.554107 0.290334 0.554107 0.28224 0.569455 0.28224 0.569455 0.28224 0.569455 0.272077 0.587386 0.28224 0.569455 0.28224 0.569455 0.272077 0.587386 0.272077 0.587386 0.272077 0.587386 0.26132 0.605565 0.272077 0.587386 0.272077 0.587386 0.26132 0.605565 0.26132 0.605565 0.26132 0.605565 0.251438 0.621658 0.26132 0.605565 0.26132 0.605565 0.251438 0.621658 0.251438 0.621658 0.251438 0.621658 0.243901 0.633326 0.251438 0.621658 0.251438 0.621658 0.243901 0.633326 0.243901 0.633326 0.243901 0.633326 0.235359 0.641021 0.243901 0.633326 0.243901 0.633326 0.235359 0.641021 0.235359 0.641021 0.235359 0.641021 0.228404 0.641947 0.235359 0.641021 0.235359 0.641021 0.228404 0.641947 0.228404 0.641947 0.205969 0.542897 0.213451 0.534871 0.205969 0.542897 0.205969 0.542897 0.213451 0.534871 0.213451 0.534871 0.213451 0.534871 0.219103 0.525771 0.213451 0.534871 0.213451 0.534871 0.219103 0.525771 0.219103 0.525771 0.219103 0.525771 0.226684 0.515089 0.219103 0.525771 0.219103 0.525771 0.226684 0.515089 0.226684 0.515089 0.226684 0.515089 0.235104 0.506485 0.226684 0.515089 0.226684 0.515089 0.235104 0.506485 0.235104 0.506485 0.235104 0.506485 0.243331 0.501839 0.235104 0.506485 0.235104 0.506485 0.243331 0.501839 0.243331 0.501839 0.243331 0.501839 0.251079 0.500577 0.243331 0.501839 0.243331 0.501839 0.251079 0.500577 0.251079 0.500577 0.251079 0.500577 0.264619 0.503228 0.251079 0.500577 0.251079 0.500577 0.264619 0.503228 0.264619 0.503228 0.264619 0.503228 0.281386 0.512863 0.264619 0.503228 0.264619 0.503228 0.281386 0.512863 0.281386 0.512863 0.281386 0.512863 0.291903 0.524928 0.281386 0.512863 0.281386 0.512863 0.291903 0.524928 0.291903 0.524928 0.346075 0.374096 0.348787 0.380714 0.348787 0.380714 0.346075 0.374096 0.346075 0.374096 0.348787 0.380714 0.333076 0.364355 0.346075 0.374096 0.346075 0.374096 0.333076 0.364355 0.333076 0.364355 0.346075 0.374096 0.310906 0.351382 0.333076 0.364355 0.333076 0.364355 0.310906 0.351382 0.310906 0.351382 0.333076 0.364355 0.296178 0.345992 0.310906 0.351382 0.310906 0.351382 0.296178 0.345992 0.296178 0.345992 0.310906 0.351382 0.275161 0.345793 0.296178 0.345992 0.296178 0.345992 0.275161 0.345793 0.275161 0.345793 0.296178 0.345992 0.252898 0.353674 0.275161 0.345793 0.275161 0.345793 0.252898 0.353674 0.252898 0.353674 0.275161 0.345793 0.235125 0.368611 0.252898 0.353674 0.252898 0.353674 0.235125 0.368611 0.235125 0.368611 0.252898 0.353674 0.224764 0.383579 0.235125 0.368611 0.235125 0.368611 0.224764 0.383579 0.224764 0.383579 0.235125 0.368611 0.216706 0.397347 0.224764 0.383579 0.224764 0.383579 0.216706 0.397347 0.216706 0.397347 0.224764 0.383579 0.203884 0.419558 0.216706 0.397347 0.216706 0.397347 0.203884 0.419558 0.203884 0.419558 0.216706 0.397347 0.190124 0.444175 0.203884 0.419558 0.203884 0.419558 0.190124 0.444175 0.190124 0.444175 0.203884 0.419558 0.176923 0.468579 0.190124 0.444175 0.190124 0.444175 0.176923 0.468579 0.176923 0.468579 0.190124 0.444175 0.165774 0.490151 0.176923 0.468579 0.176923 0.468579 0.165774 0.490151 0.165774 0.490151 0.176923 0.468579 0.158177 0.506272 0.165774 0.490151 0.165774 0.490151 0.158177 0.506272 0.158177 0.506272 0.165774 0.490151 0.152755 0.522108 0.158177 0.506272 0.158177 0.506272 0.152755 0.522108 0.152755 0.522108 0.158177 0.506272 0.148467 0.540462 0.152755 0.522108 0.152755 0.522108 0.148467 0.540462 0.148467 0.540462 0.152755 0.522108 0.146797 0.557879 0.148467 0.540462 0.148467 0.540462 0.146797 0.557879 0.146797 0.557879 0.148467 0.540462 0.147824 0.57273 0.146797 0.557879 0.146797 0.557879 0.147824 0.57273 0.147824 0.57273 0.146797 0.557879 0.150955 0.585139 0.147824 0.57273 0.147824 0.57273 0.150955 0.585139 0.150955 0.585139 0.147824 0.57273 0.1557829 0.595805 0.150955 0.585139 0.150955 0.585139 0.1557829 0.595805 0.1557829 0.595805 0.150955 0.585139 0.162582 0.605758 0.1557829 0.595805 0.1557829 0.595805 0.162582 0.605758 0.162582 0.605758 0.1557829 0.595805 0.172578 0.61598 0.162582 0.605758 0.162582 0.605758 0.172578 0.61598 0.172578 0.61598 0.162582 0.605758 0.191394 0.628107 0.172578 0.61598 0.172578 0.61598 0.191394 0.628107 0.191394 0.628107 0.172578 0.61598 0.2057459 0.636035 0.191394 0.628107 0.191394 0.628107 0.2057459 0.636035 0.2057459 0.636035 0.191394 0.628107 0.217505 0.640027 0.2057459 0.636035 0.2057459 0.636035 0.217505 0.640027 0.217505 0.640027 0.2057459 0.636035 0.2284989 0.641784 0.217505 0.640027 0.217505 0.640027 0.2284989 0.641784 0.2284989 0.641784 0.217505 0.640027 0.235454 0.640859 0.2284989 0.641784 0.2284989 0.641784 0.235454 0.640859 0.235454 0.640859 0.2284989 0.641784 0.243996 0.633163 0.235454 0.640859 0.235454 0.640859 0.243996 0.633163 0.243996 0.633163 0.235454 0.640859 0.251533 0.621495 0.243996 0.633163 0.243996 0.633163 0.251533 0.621495 0.251533 0.621495 0.243996 0.633163 0.261415 0.605403 0.251533 0.621495 0.251533 0.621495 0.261415 0.605403 0.261415 0.605403 0.251533 0.621495 0.272172 0.587223 0.261415 0.605403 0.261415 0.605403 0.272172 0.587223 0.272172 0.587223 0.261415 0.605403 0.282334 0.569293 0.272172 0.587223 0.272172 0.587223 0.282334 0.569293 0.282334 0.569293 0.272172 0.587223 0.290429 0.553944 0.282334 0.569293 0.282334 0.569293 0.290429 0.553944 0.290429 0.553944 0.282334 0.569293 0.295621 0.540865 0.290429 0.553944 0.290429 0.553944 0.295621 0.540865 0.295621 0.540865 0.290429 0.553944 0.291999 0.524765 0.295621 0.540865 0.295621 0.540865 0.291999 0.524765 0.291999 0.524765 0.295621 0.540865 0.281481 0.5127 0.291999 0.524765 0.291999 0.524765 0.281481 0.5127 0.281481 0.5127 0.291999 0.524765 0.264714 0.503065 0.281481 0.5127 0.281481 0.5127 0.264714 0.503065 0.264714 0.503065 0.281481 0.5127 0.251174 0.500415 0.264714 0.503065 0.264714 0.503065 0.251174 0.500415 0.251174 0.500415 0.264714 0.503065 0.243426 0.501677 0.251174 0.500415 0.251174 0.500415 0.243426 0.501677 0.243426 0.501677 0.251174 0.500415 0.235199 0.506322 0.243426 0.501677 0.243426 0.501677 0.235199 0.506322 0.235199 0.506322 0.243426 0.501677 0.226779 0.514926 0.235199 0.506322 0.235199 0.506322 0.226779 0.514926 0.226779 0.514926 0.235199 0.506322 0.219198 0.525608 0.226779 0.514926 0.226779 0.514926 0.219198 0.525608 0.219198 0.525608 0.226779 0.514926 0.213546 0.534708 0.219198 0.525608 0.219198 0.525608 0.213546 0.534708 0.213546 0.534708 0.219198 0.525608 0.206063 0.542735 0.213546 0.534708 0.213546 0.534708 0.206063 0.542735 0.206063 0.542735 0.213546 0.534708 0.333232 0.677396 0.317438 0.672994 0.317438 0.672994 0.317438 0.672994 0.301442 0.66606 0.317438 0.672994 0.317438 0.672994 0.301442 0.66606 0.301442 0.66606 0.301442 0.66606 0.286757 0.657109 0.301442 0.66606 0.301442 0.66606 0.286757 0.657109 0.286757 0.657109 0.286757 0.657109 0.276911 0.648783 0.286757 0.657109 0.286757 0.657109 0.276911 0.648783 0.276911 0.648783 0.276911 0.648783 0.268067 0.63678 0.276911 0.648783 0.276911 0.648783 0.268067 0.63678 0.268067 0.63678 0.268067 0.63678 0.265057 0.624063 0.268067 0.63678 0.268067 0.63678 0.265057 0.624063 0.265057 0.624063 0.265057 0.624063 0.27135 0.607969 0.265057 0.624063 0.265057 0.624063 0.27135 0.607969 0.27135 0.607969 0.27135 0.607969 0.277681 0.595974 0.27135 0.607969 0.27135 0.607969 0.277681 0.595974 0.277681 0.595974 0.277681 0.595974 0.284535 0.584087 0.277681 0.595974 0.277681 0.595974 0.284535 0.584087 0.284535 0.584087 0.284535 0.584087 0.295016 0.566131 0.284535 0.584087 0.284535 0.584087 0.295016 0.566131 0.295016 0.566131 0.295016 0.566131 0.304742 0.546504 0.295016 0.566131 0.295016 0.566131 0.304742 0.546504 0.304742 0.546504 0.304742 0.546504 0.307144 0.524415 0.304742 0.546504 0.304742 0.546504 0.307144 0.524415 0.307144 0.524415 0.307144 0.524415 0.29632 0.51132 0.307144 0.524415 0.307144 0.524415 0.29632 0.51132 0.29632 0.51132 0.29632 0.51132 0.273799 0.498484 0.29632 0.51132 0.29632 0.51132 0.273799 0.498484 0.273799 0.498484 0.273799 0.498484 0.269603 0.494258 0.273799 0.498484 0.273799 0.498484 0.269603 0.494258 0.269603 0.494258 0.269603 0.494258 0.270856 0.486343 0.269603 0.494258 0.269603 0.494258 0.270856 0.486343 0.270856 0.486343 0.270856 0.486343 0.278745 0.471407 0.270856 0.486343 0.270856 0.486343 0.278745 0.471407 0.278745 0.471407 0.278745 0.471407 0.289231 0.455212 0.278745 0.471407 0.278745 0.471407 0.289231 0.455212 0.289231 0.455212 0.289231 0.455212 0.306206 0.431459 0.289231 0.455212 0.289231 0.455212 0.306206 0.431459 0.306206 0.431459 0.306206 0.431459 0.322879 0.414609 0.306206 0.431459 0.306206 0.431459 0.322879 0.414609 0.322879 0.414609 0.322879 0.414609 0.341775 0.403574 0.322879 0.414609 0.322879 0.414609 0.341775 0.403574 0.341775 0.403574 0.341775 0.403574 0.36507 0.399431 0.341775 0.403574 0.341775 0.403574 0.36507 0.399431 0.36507 0.399431 0.36507 0.399431 0.396698 0.404997 0.36507 0.399431 0.36507 0.399431 0.396698 0.404997 0.396698 0.404997 0.396698 0.404997 0.431758 0.422777 0.396698 0.404997 0.396698 0.404997 0.431758 0.422777 0.431758 0.422777 0.431758 0.422777 0.451429 0.437924 0.431758 0.422777 0.431758 0.422777 0.451429 0.437924 0.451429 0.437924 0.451429 0.437924 0.464968 0.453229 0.451429 0.437924 0.451429 0.437924 0.464968 0.453229 0.464968 0.453229 0.464968 0.453229 0.472558 0.469181 0.464968 0.453229 0.464968 0.453229 0.472558 0.469181 0.472558 0.469181 0.472558 0.469181 0.474194 0.487026 0.472558 0.469181 0.472558 0.469181 0.474194 0.487026 0.474194 0.487026 0.474194 0.487026 0.471651 0.503459 0.474194 0.487026 0.474194 0.487026 0.471651 0.503459 0.471651 0.503459 0.471651 0.503459 0.462252 0.532634 0.471651 0.503459 0.471651 0.503459 0.462252 0.532634 0.462252 0.532634 0.462252 0.532634 0.448116 0.563705 0.462252 0.532634 0.462252 0.532634 0.448116 0.563705 0.448116 0.563705 0.448116 0.563705 0.431355 0.594368 0.448116 0.563705 0.448116 0.563705 0.431355 0.594368 0.431355 0.594368 0.431355 0.594368 0.41408 0.622319 0.431355 0.594368 0.431355 0.594368 0.41408 0.622319 0.41408 0.622319 0.41408 0.622319 0.398404 0.645257 0.41408 0.622319 0.41408 0.622319 0.398404 0.645257 0.398404 0.645257 0.398404 0.645257 0.386438 0.660877 0.398404 0.645257 0.398404 0.645257 0.386438 0.660877 0.386438 0.660877 0.386438 0.660877 0.375143 0.671145 0.386438 0.660877 0.386438 0.660877 0.375143 0.671145 0.375143 0.671145 0.375143 0.671145 0.363366 0.676609 0.375143 0.671145 0.375143 0.671145 0.363366 0.676609 0.363366 0.676609 0.363366 0.676609 0.351182 0.678663 0.363366 0.676609 0.363366 0.676609 0.351182 0.678663 0.351182 0.678663 0.351182 0.678663 0.333232 0.677396 0.351182 0.678663 0.351182 0.678663 0.333232 0.677396 0.333232 0.677396 0.333232 0.677396 0.317438 0.672994 0.333232 0.677396</float_array>
          <technique_common>
            <accessor source="#pickup_powerup_knockout-mesh-map-0-array" count="5856" stride="2">
              <param name="S" type="float"/>
              <param name="T" type="float"/>
            </accessor>
          </technique_common>
        </source>
        <vertices id="pickup_powerup_knockout-mesh-vertices">
          <input semantic="POSITION" source="#pickup_powerup_knockout-mesh-positions"/>
        </vertices>
        <triangles material="pickup_powerup_set_new-material" count="1952">
          <input semantic="VERTEX" source="#pickup_powerup_knockout-mesh-vertices" offset="0"/>
          <input semantic="NORMAL" source="#pickup_powerup_knockout-mesh-normals" offset="1"/>
          <input semantic="TEXCOORD" source="#pickup_powerup_knockout-mesh-map-0" offset="2" set="0"/>
          <p>0 0 0 1 1 1 2 2 2 0 0 3 3 3 4 1 1 5 4 4 6 5 5 7 6 6 8 4 4 9 7 7 10 5 5 11 8 8 12 7 7 13 4 4 14 8 8 15 9 9 16 7 7 17 10 10 18 9 9 19 8 8 20 10 10 21 11 11 22 9 9 23 12 12 24 11 11 25 10 10 26 12 12 27 13 13 28 11 11 29 14 14 30 13 13 31 12 12 32 14 14 33 15 15 34 13 13 35 16 16 36 17 17 37 18 18 38 16 16 39 19 19 40 17 17 41 20 20 42 21 21 43 22 22 44 23 23 45 20 20 46 22 22 47 23 23 48 22 22 49 24 24 50 23 23 51 24 24 52 25 25 53 23 23 54 25 25 55 26 26 56 23 23 57 26 26 58 16 16 59 16 16 60 27 27 61 23 23 62 16 16 63 18 18 64 27 27 65 27 27 66 28 28 67 23 23 68 28 28 69 29 29 70 23 23 71 28 28 72 30 30 73 29 29 74 28 28 75 31 21 76 30 30 77 32 31 78 33 32 79 34 33 80 35 34 81 32 31 82 34 33 83 35 34 84 34 33 85 19 19 86 36 35 87 35 34 88 19 19 89 16 16 90 36 35 91 19 19 92 16 16 93 37 36 94 36 35 95 16 16 96 38 37 97 37 36 98 38 37 99 39 38 100 37 36 101 38 37 102 40 39 103 39 38 104 38 37 105 41 40 106 40 39 107 38 37 108 42 41 109 41 40 110 38 37 111 43 42 112 42 41 113 38 37 114 44 43 115 43 42 116 38 37 117 45 44 118 44 43 119 45 44 120 46 21 121 44 43 122 45 44 123 47 21 124 46 21 125 45 44 126 48 45 127 47 21 128 48 45 129 49 21 130 47 21 131 48 45 132 50 46 133 49 21 134 48 45 135 51 47 136 50 46 137 51 47 138 52 48 139 50 46 140 52 48 141 53 49 142 50 46 143 52 48 144 54 50 145 53 49 146 54 50 147 52 48 148 55 51 149 56 52 150 54 50 151 55 51 152 56 52 153 55 51 154 57 53 155 58 54 156 56 52 157 57 53 158 58 54 159 57 53 160 59 55 161 58 54 162 59 55 163 60 56 164 58 54 165 60 56 166 61 57 167 58 54 168 61 57 169 62 58 170 63 59 171 58 54 172 62 58 173 64 60 174 63 59 175 62 58 176 65 61 177 64 60 178 62 58 179 65 61 180 62 58 181 66 62 182 67 63 183 65 61 184 66 62 185 67 63 186 66 62 187 68 64 188 69 65 189 67 63 190 68 64 191 69 65 192 68 64 193 70 66 194 69 65 195 70 66 196 71 67 197 70 66 198 72 21 199 71 67 200 70 66 201 73 21 202 72 21 203 71 67 204 74 68 205 69 65 206 75 69 207 15 70 208 14 71 209 75 69 210 76 72 211 15 70 212 77 73 213 76 72 214 75 69 215 77 73 216 78 74 217 76 72 218 79 75 219 78 74 220 77 73 221 79 75 222 80 76 223 78 74 224 81 77 225 80 76 226 79 75 227 81 77 228 82 78 229 80 76 230 83 79 231 82 78 232 81 77 233 83 79 234 84 80 235 82 78 236 85 81 237 84 80 238 83 79 239 85 81 240 86 82 241 84 80 242 87 83 243 86 82 244 85 81 245 87 83 246 88 84 247 86 82 248 89 85 249 90 86 250 91 87 251 89 85 252 91 87 253 92 88 254 93 89 255 89 85 256 92 88 257 93 89 258 92 88 259 94 90 260 93 89 261 94 90 262 95 91 263 96 92 264 93 89 265 95 91 266 96 92 267 95 91 268 97 93 269 98 94 270 96 92 271 97 93 272 99 95 273 98 94 274 97 93 275 99 95 276 100 96 277 98 94 278 99 95 279 101 97 280 100 96 281 101 97 282 102 98 283 100 96 284 101 97 285 103 99 286 102 98 287 103 99 288 104 99 289 102 98 290 104 99 291 105 99 292 102 98 293 99 95 294 97 93 295 106 100 296 107 101 297 108 102 298 99 95 299 109 99 300 107 101 301 99 95 302 110 99 303 109 99 304 99 95 305 111 99 306 110 99 307 99 95 308 111 99 309 99 95 310 106 100 311 112 103 312 111 99 313 106 100 314 106 100 315 113 104 316 112 103 317 106 100 318 114 99 319 113 104 320 114 99 321 115 99 322 113 104 323 115 99 324 116 105 325 113 104 326 116 105 327 117 106 328 113 104 329 117 106 330 118 107 331 113 104 332 117 106 333 119 108 334 118 107 335 119 108 336 120 99 337 118 107 338 120 99 339 121 109 340 118 107 341 120 99 342 122 99 343 121 109 344 122 99 345 123 110 346 121 109 347 123 110 348 124 111 349 121 109 350 123 110 351 125 112 352 124 111 353 123 110 354 126 99 355 125 112 356 126 99 357 127 99 358 125 112 359 127 99 360 128 99 361 125 112 362 128 99 363 129 99 364 125 112 365 129 99 366 130 99 367 125 112 368 130 99 369 131 113 370 125 112 371 131 113 372 132 114 373 125 112 374 131 113 375 133 115 376 132 114 377 133 115 378 131 113 379 134 116 380 133 115 381 134 116 382 135 117 383 133 115 384 135 117 385 136 118 386 133 115 387 136 118 388 137 99 389 136 118 390 138 99 391 137 99 392 136 118 393 139 119 394 138 99 395 136 118 396 140 120 397 139 119 398 136 118 399 141 121 400 140 120 401 141 121 402 142 122 403 140 120 404 137 99 405 143 99 406 133 115 407 141 121 408 144 123 409 142 122 410 144 123 411 145 124 412 142 122 413 145 124 414 146 125 415 142 122 416 145 124 417 147 126 418 146 125 419 148 127 420 149 128 421 150 129 422 150 129 423 151 21 424 148 127 425 151 21 426 152 130 427 148 127 428 153 131 429 154 132 430 155 133 431 156 134 432 153 131 433 155 133 434 156 134 435 155 133 436 148 127 437 152 130 438 156 134 439 148 127 440 152 130 441 157 135 442 156 134 443 152 130 444 158 136 445 157 135 446 158 136 447 159 137 448 157 135 449 159 137 450 160 21 451 157 135 452 161 138 453 162 139 454 163 140 455 161 138 456 163 140 457 164 141 458 161 138 459 164 141 460 165 142 461 166 143 462 161 138 463 165 142 464 166 143 465 165 142 466 167 144 467 166 143 468 167 144 469 168 145 470 169 146 471 166 143 472 168 145 473 170 147 474 169 146 475 168 145 476 170 147 477 168 145 478 171 148 479 170 147 480 171 148 481 156 134 482 172 149 483 170 147 484 156 134 485 157 135 486 172 149 487 156 134 488 157 135 489 173 150 490 172 149 491 157 135 492 174 21 493 173 150 494 174 21 495 175 21 496 173 150 497 175 21 498 176 151 499 173 150 500 176 151 501 177 152 502 173 150 503 177 152 504 178 21 505 173 150 506 178 21 507 179 21 508 173 150 509 179 21 510 180 153 511 173 150 512 180 153 513 181 154 514 173 150 515 180 153 516 182 155 517 181 154 518 182 155 519 183 156 520 181 154 521 183 156 522 184 157 523 181 154 524 184 157 525 185 158 526 181 154 527 184 157 528 186 159 529 185 158 530 187 160 531 188 161 532 189 162 533 189 162 534 190 163 535 187 160 536 189 162 537 191 164 538 190 163 539 192 165 540 193 166 541 194 167 542 192 165 543 194 167 544 195 168 545 189 162 546 192 165 547 195 168 548 189 162 549 195 168 550 191 164 551 195 168 552 196 169 553 191 164 554 196 169 555 197 170 556 191 164 557 196 169 558 198 171 559 197 170 560 196 169 561 199 99 562 198 171 563 200 172 564 201 173 565 202 174 566 203 175 567 200 172 568 202 174 569 204 99 570 203 175 571 202 174 572 204 99 573 202 174 574 205 176 575 206 99 576 204 99 577 205 176 578 207 177 579 206 99 580 205 176 581 207 177 582 205 176 583 208 178 584 207 177 585 208 178 586 209 179 587 210 99 588 207 177 589 209 179 590 195 168 591 210 99 592 209 179 593 195 168 594 209 179 595 211 180 596 195 168 597 211 180 598 196 169 599 211 180 600 212 181 601 196 169 602 212 181 603 213 182 604 196 169 605 212 181 606 214 183 607 213 182 608 212 181 609 215 184 610 214 183 611 212 181 612 216 185 613 215 184 614 212 181 615 217 186 616 216 185 617 212 181 618 218 187 619 217 186 620 212 181 621 219 188 622 218 187 623 212 181 624 220 189 625 219 188 626 220 189 627 221 190 628 219 188 629 220 189 630 222 191 631 221 190 632 220 189 633 223 192 634 222 191 635 220 189 636 224 193 637 223 192 638 224 193 639 225 99 640 223 192 641 226 194 642 227 195 643 228 196 644 226 194 645 229 99 646 227 195 647 229 99 648 230 197 649 227 195 650 230 197 651 231 198 652 227 195 653 230 197 654 232 199 655 231 198 656 232 199 657 233 200 658 231 198 659 232 199 660 234 201 661 233 200 662 234 201 663 235 202 664 233 200 665 234 201 666 236 99 667 235 202 668 236 99 669 237 99 670 235 202 671 236 99 672 238 99 673 237 99 674 238 99 675 239 99 676 237 99 677 238 99 678 240 99 679 239 99 680 240 99 681 241 99 682 239 99 683 242 203 684 243 204 685 244 205 686 245 206 687 242 203 688 244 205 689 245 206 690 244 205 691 246 207 692 245 206 693 246 207 694 247 208 695 248 209 696 245 206 697 247 208 698 248 209 699 247 208 700 226 194 701 249 210 702 248 209 703 226 194 704 226 194 705 250 211 706 249 210 707 226 194 708 228 196 709 250 211 710 228 196 711 251 212 712 250 211 713 228 196 714 252 213 715 251 212 716 252 213 717 253 214 718 251 212 719 252 213 720 254 215 721 253 214 722 254 215 723 255 216 724 253 214 725 254 215 726 256 217 727 255 216 728 256 217 729 257 218 730 255 216 731 256 217 732 258 219 733 257 218 734 258 219 735 259 220 736 257 218 737 259 220 738 260 221 739 257 218 740 259 220 741 261 99 742 260 221 743 261 99 744 262 222 745 260 221 746 261 99 747 263 223 748 262 222 749 264 224 750 262 222 751 263 223 752 265 225 753 264 224 754 263 223 755 265 225 756 263 223 757 266 226 758 265 225 759 266 226 760 267 227 761 268 228 762 265 225 763 267 227 764 268 228 765 267 227 766 269 229 767 268 228 768 269 229 769 270 230 770 271 231 771 268 228 772 270 230 773 271 231 774 270 230 775 272 232 776 271 231 777 272 232 778 273 233 779 274 234 780 271 231 781 273 233 782 274 234 783 273 233 784 275 235 785 274 234 786 275 235 787 276 236 788 274 234 789 276 236 790 277 237 791 271 231 792 278 238 793 268 228 794 271 231 795 279 99 796 278 238 797 280 239 798 281 99 799 274 234 800 281 99 801 282 99 802 274 234 803 282 99 804 283 99 805 274 234 806 284 240 807 285 241 808 280 239 809 285 241 810 286 242 811 280 239 812 280 239 813 274 234 814 277 237 815 280 239 816 277 237 817 287 243 818 280 239 819 287 243 820 288 244 821 280 239 822 288 244 823 289 245 824 284 240 825 280 239 826 289 245 827 289 245 828 290 246 829 284 240 830 290 246 831 291 247 832 284 240 833 291 247 834 292 248 835 284 240 836 292 248 837 293 249 838 284 240 839 292 248 840 294 250 841 293 249 842 294 250 843 295 99 844 293 249 845 294 250 846 296 99 847 295 99 848 294 250 849 297 251 850 296 99 851 294 250 852 298 252 853 297 251 854 298 252 855 299 253 856 297 251 857 299 253 858 300 99 859 297 251 860 300 99 861 301 254 862 297 251 863 300 99 864 302 255 865 301 254 866 301 254 867 303 256 868 297 251 869 302 255 870 304 257 871 301 254 872 304 257 873 305 258 874 301 254 875 304 257 876 306 259 877 305 258 878 306 259 879 307 260 880 305 258 881 306 259 882 308 261 883 307 260 884 308 261 885 309 262 886 307 260 887 308 261 888 310 263 889 309 262 890 310 263 891 311 264 892 309 262 893 310 263 894 312 265 895 311 264 896 310 263 897 313 266 898 312 265 899 313 266 900 314 267 901 312 265 902 314 267 903 315 268 904 312 265 905 314 267 906 316 269 907 315 268 908 314 267 909 317 270 910 316 269 911 317 270 912 318 271 913 316 269 914 317 270 915 319 99 916 318 271 917 319 99 918 320 272 919 318 271 920 319 99 921 321 273 922 320 272 923 321 273 924 322 274 925 320 272 926 321 273 927 323 275 928 322 274 929 323 275 930 324 99 931 322 274 932 323 275 933 325 99 934 324 99 935 325 99 936 326 99 937 324 99 938 326 99 939 325 99 940 275 235 941 327 99 942 326 99 943 275 235 944 273 233 945 327 99 946 275 235 947 315 268 948 328 276 949 312 265 950 328 276 951 329 277 952 312 265 953 329 277 954 330 278 955 312 265 956 329 277 957 331 279 958 330 278 959 331 279 960 332 99 961 330 278 962 331 279 963 333 280 964 332 99 965 331 279 966 334 281 967 333 280 968 334 281 969 331 279 970 335 282 971 334 281 972 335 282 973 336 283 974 337 284 975 334 281 976 336 283 977 337 284 978 336 283 979 338 285 980 339 286 981 337 284 982 338 285 983 339 286 984 338 285 985 340 287 986 341 288 987 339 286 988 340 287 989 341 288 990 340 287 991 342 289 992 343 290 993 341 288 994 342 289 995 343 290 996 342 289 997 344 291 998 345 292 999 343 290 1000 344 291 1001 345 292 1002 344 291 1003 346 293 1004 345 292 1005 346 293 1006 347 294 1007 345 292 1008 347 294 1009 348 295 1010 345 292 1011 348 295 1012 349 296 1013 349 296 1014 350 297 1015 345 292 1016 349 296 1017 351 298 1018 350 297 1019 349 296 1020 352 299 1021 351 298 1022 349 296 1023 353 300 1024 352 299 1025 353 300 1026 354 301 1027 352 299 1028 353 300 1029 355 302 1030 354 301 1031 356 303 1032 357 304 1033 358 305 1034 356 303 1035 359 306 1036 357 304 1037 359 306 1038 360 307 1039 357 304 1040 359 306 1041 361 308 1042 360 307 1043 361 308 1044 362 309 1045 360 307 1046 362 309 1047 361 308 1048 354 301 1049 363 310 1050 362 309 1051 354 301 1052 355 302 1053 363 310 1054 354 301 1055 355 302 1056 364 311 1057 363 310 1058 364 311 1059 365 312 1060 363 310 1061 364 311 1062 366 313 1063 365 312 1064 364 311 1065 367 314 1066 366 313 1067 368 315 1068 366 313 1069 367 314 1070 368 315 1071 367 314 1072 369 316 1073 370 317 1074 368 315 1075 369 316 1076 370 317 1077 369 316 1078 371 318 1079 243 204 1080 370 317 1081 371 318 1082 243 204 1083 371 318 1084 244 205 1085 372 319 1086 373 99 1087 374 320 1088 372 319 1089 375 321 1090 373 99 1091 375 321 1092 376 322 1093 373 99 1094 375 321 1095 377 323 1096 376 322 1097 377 323 1098 378 99 1099 376 322 1100 377 323 1101 379 99 1102 378 99 1103 379 99 1104 380 324 1105 378 99 1106 379 99 1107 381 325 1108 380 324 1109 381 325 1110 382 326 1111 380 324 1112 381 325 1113 383 327 1114 382 326 1115 383 327 1116 384 328 1117 382 326 1118 383 327 1119 385 329 1120 384 328 1121 385 329 1122 386 330 1123 384 328 1124 385 329 1125 387 331 1126 386 330 1127 387 331 1128 388 332 1129 386 330 1130 387 331 1131 389 333 1132 388 332 1133 389 333 1134 358 305 1135 388 332 1136 389 333 1137 356 303 1138 358 305 1139 241 334 1140 390 335 1141 391 336 1142 241 334 1143 240 337 1144 390 335 1145 239 338 1146 391 339 1147 392 3 1148 239 338 1149 241 340 1150 391 339 1151 2 341 1152 393 342 1153 394 336 1154 2 341 1155 1 337 1156 393 342 1157 395 21 1158 396 21 1159 397 21 1160 397 21 1161 398 343 1162 395 21 1163 398 343 1164 399 344 1165 395 21 1166 400 345 1167 401 346 1168 402 347 1169 400 345 1170 402 347 1171 403 348 1172 398 343 1173 400 345 1174 403 348 1175 398 343 1176 403 348 1177 404 349 1178 398 343 1179 404 349 1180 405 350 1181 398 343 1182 405 350 1183 406 351 1184 406 351 1185 399 344 1186 398 343 1187 406 351 1188 407 21 1189 399 344 1190 407 21 1191 87 21 1192 399 344 1193 87 21 1194 408 21 1195 399 344 1196 87 21 1197 409 352 1198 408 21 1199 409 352 1200 87 21 1201 85 353 1202 410 354 1203 409 352 1204 85 353 1205 410 354 1206 85 353 1207 83 355 1208 411 356 1209 410 354 1210 83 355 1211 411 356 1212 83 355 1213 81 357 1214 81 357 1215 412 358 1216 411 356 1217 412 358 1218 81 357 1219 79 359 1220 6 360 1221 413 361 1222 414 362 1223 415 363 1224 414 362 1225 413 361 1226 415 363 1227 413 361 1228 416 364 1229 417 365 1230 415 363 1231 416 364 1232 417 365 1233 416 364 1234 418 366 1235 419 367 1236 417 365 1237 418 366 1238 419 367 1239 418 366 1240 420 368 1241 421 369 1242 419 367 1243 420 368 1244 421 369 1245 420 368 1246 422 370 1247 423 371 1248 421 369 1249 422 370 1250 423 371 1251 422 370 1252 401 346 1253 424 372 1254 423 371 1255 401 346 1256 400 345 1257 424 372 1258 401 346 1259 400 345 1260 425 373 1261 424 372 1262 400 345 1263 426 374 1264 425 373 1265 400 345 1266 427 375 1267 426 374 1268 427 375 1269 428 376 1270 426 374 1271 427 375 1272 429 377 1273 428 376 1274 429 377 1275 430 378 1276 428 376 1277 429 377 1278 431 379 1279 430 378 1280 431 379 1281 432 380 1282 430 378 1283 431 379 1284 433 381 1285 432 380 1286 433 381 1287 434 382 1288 432 380 1289 433 381 1290 435 383 1291 434 382 1292 435 383 1293 436 384 1294 434 382 1295 435 383 1296 437 385 1297 436 384 1298 437 385 1299 438 386 1300 436 384 1301 437 385 1302 439 21 1303 438 386 1304 439 21 1305 440 387 1306 438 386 1307 439 21 1308 441 388 1309 440 387 1310 441 388 1311 442 389 1312 440 387 1313 441 388 1314 443 390 1315 442 389 1316 443 390 1317 444 391 1318 442 389 1319 443 390 1320 445 392 1321 444 391 1322 445 392 1323 446 393 1324 444 391 1325 446 393 1326 445 392 1327 447 394 1328 446 393 1329 447 394 1330 448 395 1331 446 393 1332 448 395 1333 449 396 1334 450 397 1335 446 393 1336 449 396 1337 449 396 1338 451 398 1339 450 397 1340 449 396 1341 452 399 1342 451 398 1343 449 396 1344 453 400 1345 452 399 1346 453 400 1347 454 401 1348 452 399 1349 453 400 1350 455 402 1351 454 401 1352 455 402 1353 456 21 1354 454 401 1355 456 21 1356 457 403 1357 454 401 1358 457 403 1359 456 21 1360 458 404 1361 459 405 1362 457 403 1363 458 404 1364 459 405 1365 458 404 1366 460 406 1367 461 407 1368 459 405 1369 460 406 1370 461 407 1371 460 406 1372 462 408 1373 463 409 1374 461 407 1375 462 408 1376 463 409 1377 462 408 1378 464 410 1379 465 411 1380 463 409 1381 464 410 1382 449 396 1383 466 21 1384 453 400 1385 449 396 1386 467 412 1387 466 21 1388 449 396 1389 468 413 1390 467 412 1391 468 413 1392 469 21 1393 467 412 1394 468 413 1395 470 21 1396 469 21 1397 470 21 1398 471 21 1399 469 21 1400 470 21 1401 472 21 1402 471 21 1403 472 21 1404 473 414 1405 471 21 1406 472 21 1407 474 415 1408 473 414 1409 474 415 1410 475 416 1411 473 414 1412 474 415 1413 476 417 1414 475 416 1415 476 417 1416 477 418 1417 475 416 1418 476 417 1419 478 419 1420 477 418 1421 478 419 1422 479 420 1423 477 418 1424 478 419 1425 480 421 1426 479 420 1427 480 421 1428 481 422 1429 479 420 1430 480 421 1431 482 21 1432 481 422 1433 482 21 1434 483 21 1435 481 422 1436 483 21 1437 482 21 1438 484 21 1439 483 21 1440 484 21 1441 485 21 1442 486 21 1443 483 21 1444 485 21 1445 486 21 1446 485 21 1447 487 21 1448 488 21 1449 486 21 1450 487 21 1451 488 21 1452 487 21 1453 489 21 1454 490 21 1455 488 21 1456 489 21 1457 490 21 1458 489 21 1459 491 21 1460 492 21 1461 490 21 1462 491 21 1463 491 21 1464 493 21 1465 492 21 1466 493 21 1467 491 21 1468 494 21 1469 493 21 1470 494 21 1471 495 21 1472 496 423 1473 493 21 1474 495 21 1475 496 423 1476 495 21 1477 497 424 1478 498 425 1479 496 423 1480 497 424 1481 498 425 1482 497 424 1483 499 426 1484 500 427 1485 498 425 1486 499 426 1487 500 427 1488 499 426 1489 501 428 1490 502 21 1491 500 427 1492 501 428 1493 502 21 1494 501 428 1495 503 21 1496 504 429 1497 502 21 1498 503 21 1499 504 429 1500 503 21 1501 505 430 1502 506 431 1503 504 429 1504 505 430 1505 507 432 1506 506 431 1507 505 430 1508 507 432 1509 505 430 1510 508 433 1511 507 432 1512 508 433 1513 509 434 1514 510 21 1515 507 432 1516 509 434 1517 511 435 1518 510 21 1519 509 434 1520 511 435 1521 509 434 1522 512 436 1523 511 435 1524 512 436 1525 513 437 1526 514 438 1527 511 435 1528 513 437 1529 514 438 1530 513 437 1531 515 439 1532 514 438 1533 515 439 1534 516 440 1535 517 441 1536 514 438 1537 516 440 1538 517 441 1539 516 440 1540 518 442 1541 519 443 1542 517 441 1543 518 442 1544 519 443 1545 518 442 1546 520 444 1547 521 445 1548 519 443 1549 520 444 1550 522 446 1551 521 445 1552 520 444 1553 520 444 1554 523 447 1555 522 446 1556 520 444 1557 524 448 1558 523 447 1559 524 448 1560 525 449 1561 523 447 1562 465 411 1563 464 410 1564 526 450 1565 527 451 1566 465 411 1567 526 450 1568 527 451 1569 526 450 1570 528 452 1571 529 453 1572 527 451 1573 528 452 1574 529 453 1575 528 452 1576 523 447 1577 530 454 1578 529 453 1579 523 447 1580 525 449 1581 530 454 1582 523 447 1583 525 449 1584 531 455 1585 530 454 1586 525 449 1587 532 456 1588 531 455 1589 532 456 1590 533 457 1591 531 455 1592 532 456 1593 534 458 1594 533 457 1595 534 458 1596 535 459 1597 533 457 1598 534 458 1599 536 460 1600 535 459 1601 536 460 1602 537 461 1603 535 459 1604 536 460 1605 538 462 1606 537 461 1607 538 462 1608 539 463 1609 537 461 1610 538 462 1611 0 464 1612 539 463 1613 0 464 1614 394 21 1615 539 463 1616 0 464 1617 2 21 1618 394 21 1619 509 434 1620 540 465 1621 512 436 1622 540 465 1623 509 434 1624 541 466 1625 540 465 1626 541 466 1627 542 467 1628 543 21 1629 540 465 1630 542 467 1631 542 467 1632 544 21 1633 543 21 1634 542 467 1635 545 468 1636 544 21 1637 542 467 1638 546 469 1639 545 468 1640 546 469 1641 547 470 1642 545 468 1643 546 469 1644 548 471 1645 547 470 1646 548 471 1647 549 472 1648 547 470 1649 548 471 1650 550 473 1651 549 472 1652 550 473 1653 551 474 1654 549 472 1655 550 473 1656 552 475 1657 551 474 1658 552 475 1659 553 476 1660 551 474 1661 553 476 1662 554 477 1663 551 474 1664 555 478 1665 412 358 1666 79 359 1667 555 478 1668 79 359 1669 77 479 1670 555 478 1671 77 479 1672 75 480 1673 556 21 1674 555 478 1675 75 480 1676 557 481 1677 556 21 1678 75 480 1679 557 481 1680 75 480 1681 14 482 1682 558 483 1683 557 481 1684 14 482 1685 558 483 1686 14 482 1687 12 484 1688 559 21 1689 558 483 1690 12 484 1691 559 21 1692 12 484 1693 10 21 1694 560 21 1695 559 21 1696 10 21 1697 560 21 1698 10 21 1699 8 21 1700 561 21 1701 560 21 1702 8 21 1703 561 21 1704 8 21 1705 4 21 1706 553 476 1707 561 21 1708 4 21 1709 553 476 1710 4 21 1711 6 360 1712 553 476 1713 6 360 1714 554 477 1715 6 360 1716 414 362 1717 554 477 1718 562 485 1719 563 486 1720 564 487 1721 562 485 1722 565 488 1723 563 486 1724 566 489 1725 563 486 1726 565 488 1727 566 489 1728 565 488 1729 567 490 1730 568 491 1731 566 489 1732 567 490 1733 568 491 1734 569 492 1735 566 489 1736 570 493 1737 569 492 1738 568 491 1739 570 493 1740 571 494 1741 569 492 1742 571 494 1743 570 493 1744 572 495 1745 571 494 1746 572 495 1747 573 496 1748 573 496 1749 572 495 1750 574 497 1751 573 496 1752 574 497 1753 575 498 1754 576 499 1755 575 498 1756 574 497 1757 576 499 1758 577 500 1759 575 498 1760 578 501 1761 577 500 1762 576 499 1763 578 501 1764 579 502 1765 577 500 1766 580 503 1767 579 502 1768 578 501 1769 580 503 1770 581 504 1771 579 502 1772 582 505 1773 581 504 1774 580 503 1775 582 505 1776 583 506 1777 581 504 1778 584 507 1779 583 506 1780 582 505 1781 584 507 1782 585 508 1783 583 506 1784 586 509 1785 585 508 1786 584 507 1787 586 509 1788 584 507 1789 587 510 1790 587 510 1791 588 511 1792 586 509 1793 587 510 1794 589 512 1795 588 511 1796 275 513 1797 590 514 1798 591 515 1799 275 513 1800 325 516 1801 590 514 1802 325 516 1803 592 517 1804 590 514 1805 325 516 1806 323 518 1807 592 517 1808 323 518 1809 593 519 1810 592 517 1811 323 518 1812 321 520 1813 593 519 1814 321 520 1815 594 521 1816 593 519 1817 321 520 1818 319 522 1819 594 521 1820 319 522 1821 595 523 1822 594 521 1823 319 522 1824 317 524 1825 595 523 1826 317 524 1827 596 525 1828 595 523 1829 317 524 1830 314 526 1831 596 525 1832 314 526 1833 597 527 1834 596 525 1835 314 526 1836 313 528 1837 597 527 1838 289 529 1839 598 530 1840 599 531 1841 289 529 1842 288 532 1843 598 530 1844 288 532 1845 600 533 1846 598 530 1847 288 532 1848 287 534 1849 600 533 1850 287 534 1851 601 535 1852 600 533 1853 287 534 1854 277 536 1855 601 535 1856 277 536 1857 602 537 1858 601 535 1859 277 536 1860 276 538 1861 602 537 1862 276 538 1863 591 5 1864 602 537 1865 276 538 1866 275 6 1867 591 5 1868 300 539 1869 603 540 1870 604 541 1871 300 539 1872 299 542 1873 603 540 1874 299 542 1875 605 543 1876 603 540 1877 299 542 1878 298 544 1879 605 543 1880 298 544 1881 606 545 1882 605 543 1883 298 544 1884 294 546 1885 606 545 1886 294 546 1887 607 547 1888 606 545 1889 294 546 1890 292 547 1891 607 547 1892 292 547 1893 608 548 1894 607 547 1895 292 547 1896 291 549 1897 608 548 1898 291 549 1899 609 550 1900 608 548 1901 291 549 1902 290 551 1903 609 550 1904 290 551 1905 599 552 1906 609 550 1907 290 551 1908 289 553 1909 599 552 1910 313 554 1911 610 555 1912 597 556 1913 313 554 1914 310 557 1915 610 555 1916 310 557 1917 611 558 1918 610 555 1919 310 557 1920 308 559 1921 611 558 1922 308 559 1923 612 560 1924 611 558 1925 308 559 1926 306 561 1927 612 560 1928 306 561 1929 613 562 1930 612 560 1931 306 561 1932 304 563 1933 613 562 1934 304 563 1935 614 564 1936 613 562 1937 304 563 1938 302 565 1939 614 564 1940 302 565 1941 604 566 1942 614 564 1943 302 565 1944 300 567 1945 604 566 1946 504 568 1947 615 569 1948 616 570 1949 506 571 1950 615 569 1951 504 568 1952 506 571 1953 617 572 1954 615 569 1955 507 573 1956 617 572 1957 506 571 1958 507 573 1959 618 574 1960 617 572 1961 510 575 1962 618 574 1963 507 573 1964 486 576 1965 619 577 1966 620 578 1967 488 579 1968 619 577 1969 486 576 1970 488 579 1971 621 580 1972 619 577 1973 490 581 1974 621 580 1975 488 579 1976 490 581 1977 622 582 1978 621 580 1979 492 583 1980 622 582 1981 490 581 1982 492 583 1983 623 584 1984 622 582 1985 493 585 1986 623 584 1987 492 583 1988 493 585 1989 624 586 1990 623 584 1991 496 587 1992 624 586 1993 493 585 1994 496 587 1995 625 588 1996 624 586 1997 498 589 1998 625 588 1999 496 587 2000 498 589 2001 626 590 2002 625 588 2003 500 591 2004 626 590 2005 498 589 2006 500 591 2007 627 592 2008 626 590 2009 502 593 2010 627 592 2011 500 591 2012 502 593 2013 616 570 2014 627 592 2015 504 568 2016 616 570 2017 502 593 2018 467 594 2019 628 595 2020 629 596 2021 469 597 2022 628 595 2023 467 594 2024 469 597 2025 630 598 2026 628 595 2027 471 599 2028 630 598 2029 469 597 2030 471 599 2031 631 600 2032 630 598 2033 473 601 2034 631 600 2035 471 599 2036 473 601 2037 632 602 2038 631 600 2039 475 603 2040 632 602 2041 473 601 2042 475 603 2043 633 604 2044 632 602 2045 477 605 2046 633 604 2047 475 603 2048 477 605 2049 634 606 2050 633 604 2051 479 607 2052 634 606 2053 477 605 2054 479 607 2055 635 608 2056 634 606 2057 481 609 2058 635 608 2059 479 607 2060 481 609 2061 636 610 2062 635 608 2063 483 611 2064 636 610 2065 481 609 2066 483 611 2067 620 578 2068 636 610 2069 486 576 2070 620 578 2071 483 611 2072 526 612 2073 637 613 2074 638 614 2075 464 615 2076 637 613 2077 526 612 2078 464 615 2079 639 616 2080 637 613 2081 462 617 2082 639 616 2083 464 615 2084 462 617 2085 640 618 2086 639 616 2087 460 619 2088 640 618 2089 462 617 2090 460 619 2091 641 620 2092 640 618 2093 458 621 2094 641 620 2095 460 619 2096 458 621 2097 642 622 2098 641 620 2099 456 623 2100 642 622 2101 458 621 2102 456 623 2103 643 624 2104 642 622 2105 455 625 2106 643 624 2107 456 623 2108 455 625 2109 644 626 2110 643 624 2111 453 627 2112 644 626 2113 455 625 2114 453 627 2115 645 628 2116 644 626 2117 466 629 2118 645 628 2119 453 627 2120 466 629 2121 629 596 2122 645 628 2123 467 594 2124 629 596 2125 466 629 2126 510 575 2127 646 630 2128 618 574 2129 511 631 2130 646 630 2131 510 575 2132 511 631 2133 647 632 2134 646 630 2135 514 633 2136 647 632 2137 511 631 2138 514 633 2139 648 634 2140 647 632 2141 517 635 2142 648 634 2143 514 633 2144 517 635 2145 649 636 2146 648 634 2147 519 637 2148 649 636 2149 517 635 2150 519 637 2151 650 638 2152 649 636 2153 521 639 2154 650 638 2155 519 637 2156 521 639 2157 651 640 2158 650 638 2159 522 641 2160 651 640 2161 521 639 2162 522 641 2163 652 642 2164 651 640 2165 523 643 2166 652 642 2167 522 641 2168 523 643 2169 653 644 2170 652 642 2171 528 645 2172 653 644 2173 523 643 2174 528 645 2175 638 614 2176 653 644 2177 526 612 2178 638 614 2179 528 645 2180 11 646 2181 654 647 2182 655 648 2183 11 646 2184 656 649 2185 654 647 2186 11 646 2187 13 650 2188 656 649 2189 657 651 2190 656 649 2191 13 650 2192 657 651 2193 13 650 2194 15 652 2195 76 653 2196 657 651 2197 15 652 2198 76 653 2199 658 654 2200 657 651 2201 78 655 2202 658 654 2203 76 653 2204 78 655 2205 659 656 2206 658 654 2207 80 657 2208 659 656 2209 78 655 2210 80 657 2211 660 658 2212 659 656 2213 82 659 2214 660 658 2215 80 657 2216 82 659 2217 661 660 2218 660 658 2219 82 659 2220 662 661 2221 661 660 2222 82 659 2223 84 662 2224 662 661 2225 84 662 2226 663 663 2227 662 661 2228 84 662 2229 86 664 2230 663 663 2231 86 664 2232 664 665 2233 663 663 2234 86 664 2235 88 666 2236 664 665 2237 665 667 2238 664 665 2239 88 666 2240 665 667 2241 666 668 2242 664 665 2243 667 669 2244 666 668 2245 665 667 2246 667 669 2247 668 670 2248 666 668 2249 669 671 2250 668 670 2251 667 669 2252 669 671 2253 670 672 2254 668 670 2255 669 671 2256 671 673 2257 670 672 2258 669 671 2259 672 674 2260 671 673 2261 672 674 2262 673 675 2263 671 673 2264 672 674 2265 674 676 2266 673 675 2267 675 677 2268 673 675 2269 674 676 2270 675 677 2271 674 676 2272 676 678 2273 677 679 2274 675 677 2275 676 678 2276 677 679 2277 678 680 2278 675 677 2279 679 681 2280 678 680 2281 677 679 2282 679 681 2283 680 682 2284 678 680 2285 681 683 2286 680 682 2287 679 681 2288 681 683 2289 682 684 2290 680 682 2291 683 685 2292 682 684 2293 681 683 2294 683 685 2295 684 686 2296 682 684 2297 683 685 2298 685 687 2299 684 686 2300 683 685 2301 686 688 2302 685 687 2303 686 688 2304 687 689 2305 685 687 2306 686 688 2307 688 690 2308 687 689 2309 688 690 2310 689 691 2311 687 689 2312 688 690 2313 5 692 2314 689 691 2315 7 693 2316 689 691 2317 5 692 2318 7 693 2319 690 694 2320 689 691 2321 9 695 2322 690 694 2323 7 693 2324 9 695 2325 655 648 2326 690 694 2327 11 646 2328 655 648 2329 9 695 2330 668 21 2331 670 696 2332 680 697 2333 678 698 2334 680 697 2335 670 696 2336 670 696 2337 671 699 2338 678 698 2339 675 700 2340 678 698 2341 671 699 2342 671 699 2343 673 701 2344 675 700 2345 657 702 2346 658 703 2347 656 704 2348 654 705 2349 656 704 2350 658 703 2351 658 703 2352 659 21 2353 654 705 2354 655 21 2355 654 705 2356 659 21 2357 659 21 2358 660 21 2359 655 21 2360 690 21 2361 655 21 2362 660 21 2363 660 21 2364 661 21 2365 690 21 2366 689 21 2367 690 21 2368 661 21 2369 661 21 2370 662 706 2371 689 21 2372 687 707 2373 689 21 2374 662 706 2375 662 706 2376 663 708 2377 687 707 2378 685 709 2379 687 707 2380 663 708 2381 663 708 2382 664 710 2383 685 709 2384 684 711 2385 685 709 2386 664 710 2387 664 710 2388 666 21 2389 684 711 2390 682 21 2391 684 711 2392 666 21 2393 666 21 2394 668 21 2395 682 21 2396 680 697 2397 682 21 2398 668 21 2399 1 712 2400 45 713 2401 38 714 2402 1 712 2403 3 715 2404 45 713 2405 48 716 2406 45 713 2407 3 715 2408 48 716 2409 3 715 2410 691 717 2411 51 718 2412 48 716 2413 691 717 2414 51 718 2415 691 717 2416 692 719 2417 51 718 2418 692 719 2419 693 720 2420 51 718 2421 693 720 2422 52 721 2423 55 722 2424 52 721 2425 693 720 2426 55 722 2427 693 720 2428 694 723 2429 694 723 2430 57 724 2431 55 722 2432 694 723 2433 695 725 2434 57 724 2435 696 726 2436 57 724 2437 695 725 2438 696 726 2439 59 727 2440 57 724 2441 697 728 2442 59 727 2443 696 726 2444 697 728 2445 60 729 2446 59 727 2447 61 730 2448 60 729 2449 697 728 2450 61 730 2451 697 728 2452 698 731 2453 61 730 2454 698 731 2455 699 732 2456 61 730 2457 699 732 2458 62 733 2459 62 733 2460 699 732 2461 700 734 2462 62 733 2463 700 734 2464 66 735 2465 68 736 2466 66 735 2467 700 734 2468 68 736 2469 700 734 2470 701 737 2471 701 737 2472 70 738 2473 68 736 2474 701 737 2475 702 739 2476 70 738 2477 702 739 2478 73 740 2479 70 738 2480 702 739 2481 703 741 2482 73 740 2483 704 742 2484 705 743 2485 706 744 2486 707 745 2487 706 744 2488 705 743 2489 705 743 2490 708 746 2491 707 745 2492 709 747 2493 707 745 2494 708 746 2495 708 746 2496 710 99 2497 709 747 2498 711 748 2499 712 749 2500 713 750 2501 714 751 2502 713 750 2503 712 749 2504 712 749 2505 715 99 2506 714 751 2507 716 99 2508 714 751 2509 715 99 2510 715 99 2511 717 99 2512 716 99 2513 718 752 2514 716 99 2515 717 99 2516 717 99 2517 719 753 2518 718 752 2519 720 754 2520 718 752 2521 719 753 2522 719 753 2523 721 99 2524 720 754 2525 722 99 2526 720 754 2527 721 99 2528 721 99 2529 723 99 2530 722 99 2531 724 99 2532 722 99 2533 723 99 2534 723 99 2535 725 99 2536 724 99 2537 726 755 2538 724 99 2539 725 99 2540 725 99 2541 727 756 2542 726 755 2543 728 757 2544 726 755 2545 727 756 2546 727 756 2547 704 742 2548 728 757 2549 706 744 2550 728 757 2551 704 742 2552 729 758 2553 56 759 2554 58 760 2555 729 758 2556 730 761 2557 56 759 2558 54 762 2559 56 759 2560 730 761 2561 54 762 2562 730 761 2563 731 763 2564 731 763 2565 53 764 2566 54 762 2567 731 763 2568 732 765 2569 53 764 2570 732 765 2571 50 766 2572 53 764 2573 732 765 2574 733 767 2575 50 766 2576 733 767 2577 49 768 2578 50 766 2579 733 767 2580 734 769 2581 49 768 2582 735 770 2583 49 768 2584 734 769 2585 735 770 2586 47 771 2587 49 768 2588 735 770 2589 46 772 2590 47 771 2591 735 770 2592 736 773 2593 46 772 2594 736 773 2595 44 774 2596 46 772 2597 736 773 2598 737 775 2599 44 774 2600 43 776 2601 44 774 2602 737 775 2603 43 776 2604 737 775 2605 738 777 2606 739 778 2607 43 776 2608 738 777 2609 739 778 2610 42 779 2611 43 776 2612 740 780 2613 42 779 2614 739 778 2615 740 780 2616 41 781 2617 42 779 2618 740 780 2619 40 782 2620 41 781 2621 740 780 2622 741 783 2623 40 782 2624 741 783 2625 39 784 2626 40 782 2627 741 783 2628 742 785 2629 39 784 2630 743 786 2631 39 784 2632 742 785 2633 743 786 2634 37 787 2635 39 784 2636 743 786 2637 36 788 2638 37 787 2639 743 786 2640 744 789 2641 36 788 2642 745 790 2643 36 788 2644 744 789 2645 745 790 2646 35 791 2647 36 788 2648 745 790 2649 32 792 2650 35 791 2651 745 790 2652 746 793 2653 32 792 2654 33 794 2655 32 792 2656 746 793 2657 33 794 2658 746 793 2659 747 795 2660 748 796 2661 33 794 2662 747 795 2663 748 796 2664 34 797 2665 33 794 2666 749 798 2667 34 797 2668 748 796 2669 749 798 2670 19 799 2671 34 797 2672 750 800 2673 19 799 2674 749 798 2675 750 800 2676 17 801 2677 19 799 2678 750 800 2679 18 802 2680 17 801 2681 750 800 2682 751 803 2683 18 802 2684 751 803 2685 27 804 2686 18 802 2687 751 803 2688 752 805 2689 27 804 2690 752 805 2691 28 806 2692 27 804 2693 752 805 2694 753 807 2695 28 806 2696 753 807 2697 31 808 2698 28 806 2699 753 807 2700 754 809 2701 31 808 2702 755 810 2703 31 808 2704 754 809 2705 755 810 2706 30 811 2707 31 808 2708 756 812 2709 30 811 2710 755 810 2711 756 812 2712 29 813 2713 30 811 2714 757 814 2715 29 813 2716 756 812 2717 757 814 2718 23 815 2719 29 813 2720 757 814 2721 20 816 2722 23 815 2723 757 814 2724 758 817 2725 20 816 2726 759 818 2727 20 816 2728 758 817 2729 759 818 2730 21 819 2731 20 816 2732 760 820 2733 21 819 2734 759 818 2735 760 820 2736 22 821 2737 21 819 2738 761 822 2739 22 821 2740 760 820 2741 761 822 2742 24 823 2743 22 821 2744 762 824 2745 24 823 2746 761 822 2747 762 824 2748 25 825 2749 24 823 2750 25 825 2751 762 824 2752 763 826 2753 25 825 2754 763 826 2755 26 827 2756 26 827 2757 763 826 2758 393 828 2759 26 827 2760 393 828 2761 16 829 2762 16 829 2763 393 828 2764 1 830 2765 16 829 2766 1 830 2767 38 831 2768 262 222 2769 764 832 2770 260 221 2771 262 222 2772 765 833 2773 764 832 2774 262 222 2775 766 834 2776 765 833 2777 766 834 2778 767 835 2779 765 833 2780 766 834 2781 768 836 2782 767 835 2783 768 836 2784 769 837 2785 767 835 2786 768 836 2787 770 838 2788 769 837 2789 770 838 2790 771 839 2791 769 837 2792 770 838 2793 772 840 2794 771 839 2795 772 840 2796 773 841 2797 771 839 2798 772 840 2799 774 842 2800 773 841 2801 774 842 2802 775 843 2803 773 841 2804 775 843 2805 774 842 2806 776 844 2807 775 843 2808 776 844 2809 777 845 2810 778 846 2811 775 843 2812 777 845 2813 778 846 2814 777 845 2815 779 847 2816 780 99 2817 778 846 2818 779 847 2819 780 99 2820 779 847 2821 781 848 2822 782 99 2823 780 99 2824 781 848 2825 374 320 2826 782 99 2827 781 848 2828 781 848 2829 372 319 2830 374 320 2831 616 849 2832 157 850 2833 160 851 2834 615 852 2835 157 850 2836 616 849 2837 615 852 2838 174 853 2839 157 850 2840 617 854 2841 174 853 2842 615 852 2843 617 854 2844 175 855 2845 174 853 2846 617 854 2847 176 856 2848 175 855 2849 620 857 2850 155 858 2851 154 859 2852 619 860 2853 155 858 2854 620 857 2855 619 860 2856 148 861 2857 155 858 2858 621 862 2859 148 861 2860 619 860 2861 621 862 2862 149 863 2863 148 861 2864 621 862 2865 150 864 2866 149 863 2867 621 862 2868 622 865 2869 150 864 2870 622 865 2871 151 866 2872 150 864 2873 622 865 2874 623 867 2875 151 866 2876 623 867 2877 152 868 2878 151 866 2879 623 867 2880 624 869 2881 152 868 2882 624 869 2883 158 870 2884 152 868 2885 624 869 2886 625 871 2887 158 870 2888 625 871 2889 159 872 2890 158 870 2891 625 871 2892 626 873 2893 159 872 2894 160 851 2895 159 872 2896 626 873 2897 160 851 2898 626 873 2899 627 874 2900 616 849 2901 160 851 2902 627 874 2903 629 875 2904 163 876 2905 162 877 2906 164 878 2907 163 876 2908 629 875 2909 164 878 2910 629 875 2911 628 879 2912 630 880 2913 164 878 2914 628 879 2915 630 880 2916 165 881 2917 164 878 2918 631 882 2919 165 881 2920 630 880 2921 631 882 2922 167 883 2923 165 881 2924 632 884 2925 167 883 2926 631 882 2927 632 884 2928 168 885 2929 167 883 2930 632 884 2931 171 886 2932 168 885 2933 632 884 2934 633 887 2935 171 886 2936 633 887 2937 156 888 2938 171 886 2939 633 887 2940 634 889 2941 156 888 2942 634 889 2943 153 890 2944 156 888 2945 634 889 2946 635 891 2947 153 890 2948 635 891 2949 154 859 2950 153 890 2951 635 891 2952 636 892 2953 154 859 2954 620 857 2955 154 859 2956 636 892 2957 185 893 2958 653 894 2959 638 895 2960 185 893 2961 638 895 2962 637 896 2963 185 893 2964 637 896 2965 181 897 2966 181 897 2967 637 896 2968 639 898 2969 181 897 2970 639 898 2971 173 899 2972 173 899 2973 639 898 2974 640 900 2975 173 899 2976 640 900 2977 172 901 2978 170 902 2979 172 901 2980 640 900 2981 170 902 2982 640 900 2983 641 903 2984 169 904 2985 170 902 2986 641 903 2987 169 904 2988 641 903 2989 642 905 2990 642 905 2991 166 906 2992 169 904 2993 642 905 2994 643 907 2995 166 906 2996 643 907 2997 161 908 2998 166 906 2999 643 907 3000 644 909 3001 161 908 3002 644 909 3003 162 877 3004 161 908 3005 644 909 3006 645 910 3007 162 877 3008 629 875 3009 162 877 3010 645 910 3011 617 854 3012 618 911 3013 176 856 3014 618 911 3015 177 912 3016 176 856 3017 618 911 3018 646 913 3019 177 912 3020 646 913 3021 178 914 3022 177 912 3023 646 913 3024 647 915 3025 178 914 3026 648 916 3027 178 914 3028 647 915 3029 648 916 3030 179 917 3031 178 914 3032 649 918 3033 179 917 3034 648 916 3035 649 918 3036 180 919 3037 179 917 3038 182 920 3039 180 919 3040 649 918 3041 182 920 3042 649 918 3043 650 921 3044 650 921 3045 183 922 3046 182 920 3047 650 921 3048 651 923 3049 183 922 3050 651 923 3051 184 924 3052 183 922 3053 651 923 3054 652 925 3055 184 924 3056 186 926 3057 184 924 3058 652 925 3059 186 926 3060 652 925 3061 653 894 3062 185 893 3063 186 926 3064 653 894 3065 783 927 3066 784 928 3067 785 929 3068 783 927 3069 786 930 3070 784 928 3071 787 931 3072 786 930 3073 783 927 3074 787 931 3075 788 932 3076 786 930 3077 788 933 3078 787 934 3079 789 935 3080 788 933 3081 789 935 3082 790 936 3083 790 936 3084 789 935 3085 791 937 3086 790 936 3087 791 937 3088 792 938 3089 791 937 3090 793 939 3091 792 938 3092 791 937 3093 794 940 3094 793 939 3095 795 941 3096 793 939 3097 794 940 3098 795 941 3099 794 940 3100 796 942 3101 797 943 3102 795 941 3103 796 942 3104 797 943 3105 798 944 3106 795 941 3107 271 945 3108 274 946 3109 787 947 3110 271 945 3111 787 947 3112 783 948 3113 785 949 3114 271 945 3115 783 948 3116 785 949 3117 279 950 3118 271 945 3119 799 951 3120 279 950 3121 785 949 3122 799 951 3123 278 952 3124 279 950 3125 800 953 3126 278 952 3127 799 951 3128 800 953 3129 268 954 3130 278 952 3131 801 955 3132 268 954 3133 800 953 3134 801 955 3135 265 956 3136 268 954 3137 801 955 3138 264 957 3139 265 956 3140 801 955 3141 802 958 3142 264 957 3143 264 957 3144 802 958 3145 803 959 3146 264 957 3147 803 959 3148 262 960 3149 804 961 3150 798 962 3151 797 963 3152 804 961 3153 805 964 3154 798 962 3155 806 965 3156 805 964 3157 804 961 3158 806 965 3159 807 966 3160 805 964 3161 808 967 3162 807 966 3163 806 965 3164 808 967 3165 809 968 3166 807 966 3167 810 969 3168 809 968 3169 808 967 3170 810 969 3171 808 967 3172 811 970 3173 812 971 3174 810 969 3175 811 970 3176 812 971 3177 813 972 3178 810 969 3179 814 973 3180 813 972 3181 812 971 3182 814 973 3183 815 974 3184 813 972 3185 816 975 3186 815 974 3187 814 973 3188 816 975 3189 817 976 3190 815 974 3191 818 977 3192 541 978 3193 509 979 3194 818 977 3195 819 980 3196 541 978 3197 820 981 3198 541 978 3199 819 980 3200 820 981 3201 542 982 3202 541 978 3203 820 981 3204 546 983 3205 542 982 3206 820 981 3207 821 984 3208 546 983 3209 821 984 3210 548 985 3211 546 983 3212 821 984 3213 822 986 3214 548 985 3215 550 987 3216 548 985 3217 822 986 3218 550 987 3219 822 986 3220 784 988 3221 784 988 3222 552 989 3223 550 987 3224 784 988 3225 786 990 3226 552 989 3227 552 989 3228 786 990 3229 788 991 3230 552 989 3231 788 991 3232 553 992 3233 818 993 3234 803 994 3235 802 995 3236 818 993 3237 802 995 3238 819 996 3239 801 997 3240 819 996 3241 802 995 3242 801 997 3243 820 998 3244 819 996 3245 800 999 3246 820 998 3247 801 997 3248 800 999 3249 821 1000 3250 820 998 3251 799 1001 3252 821 1000 3253 800 999 3254 799 1001 3255 822 1002 3256 821 1000 3257 785 929 3258 822 1002 3259 799 1001 3260 785 929 3261 784 928 3262 822 1002 3263 823 1003 3264 824 1004 3265 825 1005 3266 823 1003 3267 825 1005 3268 826 1006 3269 826 1006 3270 825 1005 3271 827 1007 3272 826 1006 3273 827 1007 3274 828 1008 3275 828 1008 3276 827 1007 3277 829 1009 3278 828 1008 3279 829 1009 3280 830 1010 3281 588 1011 3282 830 1010 3283 829 1009 3284 588 1011 3285 589 1012 3286 830 1010 3287 831 1013 3288 832 1014 3289 833 1015 3290 831 1013 3291 833 1015 3292 834 1016 3293 834 1016 3294 833 1015 3295 835 1017 3296 834 1016 3297 835 1017 3298 836 1018 3299 836 1018 3300 835 1017 3301 837 1019 3302 836 1018 3303 837 1019 3304 838 1020 3305 838 1020 3306 837 1019 3307 839 1021 3308 838 1020 3309 839 1021 3310 840 1022 3311 840 1022 3312 839 1021 3313 841 1023 3314 840 1022 3315 841 1023 3316 842 1024 3317 842 1024 3318 841 1023 3319 843 1025 3320 842 1024 3321 843 1025 3322 844 1026 3323 843 1025 3324 845 1027 3325 844 1026 3326 843 1025 3327 846 1028 3328 845 1027 3329 845 1027 3330 846 1028 3331 847 1029 3332 845 1027 3333 847 1029 3334 848 1030 3335 847 1029 3336 823 1003 3337 848 1030 3338 847 1029 3339 824 1004 3340 823 1003 3341 849 1031 3342 803 1032 3343 818 1033 3344 849 1031 3345 850 1034 3346 803 1032 3347 851 1035 3348 850 1034 3349 849 1031 3350 851 1035 3351 852 1036 3352 850 1034 3353 852 1036 3354 851 1035 3355 853 1037 3356 852 1036 3357 853 1037 3358 854 1038 3359 855 1039 3360 854 1038 3361 853 1037 3362 855 1039 3363 856 1040 3364 854 1038 3365 856 1040 3366 855 1039 3367 857 1041 3368 856 1040 3369 857 1041 3370 858 1042 3371 857 1041 3372 859 1043 3373 858 1042 3374 857 1041 3375 860 1044 3376 859 1043 3377 859 1043 3378 860 1044 3379 861 1045 3380 859 1043 3381 861 1045 3382 862 1046 3383 861 1045 3384 863 1047 3385 862 1046 3386 861 1045 3387 864 1048 3388 863 1047 3389 832 1014 3390 863 1047 3391 864 1048 3392 832 1014 3393 831 1013 3394 863 1047 3395 330 1049 3396 562 1050 3397 312 1051 3398 330 1049 3399 565 1052 3400 562 1050 3401 565 1052 3402 330 1049 3403 332 1053 3404 565 1052 3405 332 1053 3406 567 1054 3407 567 1054 3408 332 1053 3409 333 1055 3410 567 1054 3411 333 1055 3412 568 1056 3413 568 1056 3414 333 1055 3415 334 1057 3416 568 1056 3417 334 1057 3418 570 1058 3419 572 1059 3420 570 1058 3421 334 1057 3422 572 1059 3423 334 1057 3424 337 1060 3425 572 1059 3426 337 1060 3427 339 1061 3428 572 1059 3429 339 1061 3430 574 1062 3431 574 1062 3432 339 1061 3433 341 1063 3434 574 1062 3435 341 1063 3436 576 1064 3437 578 1065 3438 576 1064 3439 341 1063 3440 578 1065 3441 341 1063 3442 343 1066 3443 578 1065 3444 343 1066 3445 345 1067 3446 578 1065 3447 345 1067 3448 580 1068 3449 580 1068 3450 345 1067 3451 350 1069 3452 580 1068 3453 350 1069 3454 582 1070 3455 582 1070 3456 350 1069 3457 351 1071 3458 582 1070 3459 351 1071 3460 584 1072 3461 584 1072 3462 351 1071 3463 352 1073 3464 584 1072 3465 352 1073 3466 587 1074 3467 589 1075 3468 587 1074 3469 352 1073 3470 589 1075 3471 352 1073 3472 354 1076 3473 231 1077 3474 865 1078 3475 866 1079 3476 231 1077 3477 233 1080 3478 865 1078 3479 233 1080 3480 867 1081 3481 865 1078 3482 233 1080 3483 235 1082 3484 867 1081 3485 235 1082 3486 868 1083 3487 867 1081 3488 235 1082 3489 237 1084 3490 868 1083 3491 237 1084 3492 392 1085 3493 868 1083 3494 237 1084 3495 239 1086 3496 392 1085 3497 263 1087 3498 869 1088 3499 870 1089 3500 263 1087 3501 261 1090 3502 869 1088 3503 261 1090 3504 871 1091 3505 869 1088 3506 261 1090 3507 259 1092 3508 871 1091 3509 259 1092 3510 872 1093 3511 871 1091 3512 259 1092 3513 258 1094 3514 872 1093 3515 258 1094 3516 873 1095 3517 872 1093 3518 258 1094 3519 256 1096 3520 873 1095 3521 256 1096 3522 874 1097 3523 873 1095 3524 256 1096 3525 254 1098 3526 874 1097 3527 254 1098 3528 875 1099 3529 874 1097 3530 254 1098 3531 252 1100 3532 875 1099 3533 252 1100 3534 876 1101 3535 875 1099 3536 252 1100 3537 228 1102 3538 876 1101 3539 228 1102 3540 877 1103 3541 876 1101 3542 228 1102 3543 227 1104 3544 877 1103 3545 227 1104 3546 866 1079 3547 877 1103 3548 227 1104 3549 231 1077 3550 866 1079 3551 581 1105 3552 445 1106 3553 443 1107 3554 581 1105 3555 583 1108 3556 445 1106 3557 583 1108 3558 447 1109 3559 445 1106 3560 583 1108 3561 585 1110 3562 447 1109 3563 585 1110 3564 448 1111 3565 447 1109 3566 585 1110 3567 586 1112 3568 448 1111 3569 448 1111 3570 586 1112 3571 588 1113 3572 448 1111 3573 588 1113 3574 449 1114 3575 427 1115 3576 400 1116 3577 564 1117 3578 427 1115 3579 564 1117 3580 563 1118 3581 563 1118 3582 429 1119 3583 427 1115 3584 563 1118 3585 566 1120 3586 429 1119 3587 431 1121 3588 429 1119 3589 566 1120 3590 431 1121 3591 566 1120 3592 569 1122 3593 569 1122 3594 433 1123 3595 431 1121 3596 569 1122 3597 571 1124 3598 433 1123 3599 573 1125 3600 433 1123 3601 571 1124 3602 573 1125 3603 435 1126 3604 433 1123 3605 573 1125 3606 437 1127 3607 435 1126 3608 573 1125 3609 575 1128 3610 437 1127 3611 575 1128 3612 439 1129 3613 437 1127 3614 575 1128 3615 577 1130 3616 439 1129 3617 579 1131 3618 439 1129 3619 577 1130 3620 579 1131 3621 441 1132 3622 439 1129 3623 579 1131 3624 443 1107 3625 441 1132 3626 579 1131 3627 581 1105 3628 443 1107 3629 878 1133 3630 817 1134 3631 816 1135 3632 878 1133 3633 879 1136 3634 817 1134 3635 880 1137 3636 879 1136 3637 878 1133 3638 880 1137 3639 881 1138 3640 879 1136 3641 881 1138 3642 880 1137 3643 882 1139 3644 881 1138 3645 882 1139 3646 883 1140 3647 884 1141 3648 883 1140 3649 882 1139 3650 884 1141 3651 885 1142 3652 883 1140 3653 886 1143 3654 885 1142 3655 884 1141 3656 886 1143 3657 887 1144 3658 885 1142 3659 887 1144 3660 886 1143 3661 562 1145 3662 887 1144 3663 562 1145 3664 564 1146 3665 515 1147 3666 699 1148 3667 516 1149 3668 515 1147 3669 700 1150 3670 699 1148 3671 513 1151 3672 700 1150 3673 515 1147 3674 513 1151 3675 701 1152 3676 700 1150 3677 512 1153 3678 701 1152 3679 513 1151 3680 512 1153 3681 702 1154 3682 701 1152 3683 540 1155 3684 702 1154 3685 512 1153 3686 540 1155 3687 703 1156 3688 702 1154 3689 538 1157 3690 3 1158 3691 0 1159 3692 538 1157 3693 691 1160 3694 3 1158 3695 536 1161 3696 691 1160 3697 538 1157 3698 536 1161 3699 692 1162 3700 691 1160 3701 534 1163 3702 692 1162 3703 536 1161 3704 534 1163 3705 693 1164 3706 692 1162 3707 532 1165 3708 693 1164 3709 534 1163 3710 532 1165 3711 694 1166 3712 693 1164 3713 525 1167 3714 694 1166 3715 532 1165 3716 525 1167 3717 695 1168 3718 694 1166 3719 524 1169 3720 695 1168 3721 525 1167 3722 524 1169 3723 696 1170 3724 695 1168 3725 520 1171 3726 696 1170 3727 524 1169 3728 520 1171 3729 697 1172 3730 696 1170 3731 518 1173 3732 697 1172 3733 520 1171 3734 518 1173 3735 698 1174 3736 697 1172 3737 516 1149 3738 698 1174 3739 518 1173 3740 516 1149 3741 699 1148 3742 698 1174 3743 811 1175 3744 293 1176 3745 295 1177 3746 811 1175 3747 808 1178 3748 293 1176 3749 808 1178 3750 284 1179 3751 293 1176 3752 808 1178 3753 806 1180 3754 284 1179 3755 806 1180 3756 285 1181 3757 284 1179 3758 806 1180 3759 804 1182 3760 285 1181 3761 804 1182 3762 286 1183 3763 285 1181 3764 804 1182 3765 797 1184 3766 286 1183 3767 796 1185 3768 286 1183 3769 797 1184 3770 796 1185 3771 280 1186 3772 286 1183 3773 794 1187 3774 280 1186 3775 796 1185 3776 794 1187 3777 281 1188 3778 280 1186 3779 794 1187 3780 282 1189 3781 281 1188 3782 794 1187 3783 791 1190 3784 282 1189 3785 791 1190 3786 283 1191 3787 282 1189 3788 791 1190 3789 789 1192 3790 283 1191 3791 283 1191 3792 789 1192 3793 787 1193 3794 283 1191 3795 787 1193 3796 274 1194 3797 407 1195 3798 88 1196 3799 87 1197 3800 407 1195 3801 665 1198 3802 88 1196 3803 406 1199 3804 665 1198 3805 407 1195 3806 406 1199 3807 667 1200 3808 665 1198 3809 405 1201 3810 667 1200 3811 406 1199 3812 405 1201 3813 669 1202 3814 667 1200 3815 404 1203 3816 669 1202 3817 405 1201 3818 404 1203 3819 672 1204 3820 669 1202 3821 403 1205 3822 672 1204 3823 404 1203 3824 403 1205 3825 674 555 3826 672 1204 3827 402 1206 3828 674 555 3829 403 1205 3830 402 1206 3831 676 1207 3832 674 555 3833 562 1208 3834 311 1209 3835 312 1210 3836 562 1208 3837 886 1211 3838 311 1209 3839 884 1212 3840 311 1209 3841 886 1211 3842 884 1212 3843 309 1213 3844 311 1209 3845 882 1214 3846 309 1213 3847 884 1212 3848 882 1214 3849 307 1215 3850 309 1213 3851 882 1214 3852 305 1216 3853 307 1215 3854 882 1214 3855 880 1217 3856 305 1216 3857 880 1217 3858 301 1218 3859 305 1216 3860 880 1217 3861 878 1219 3862 301 1218 3863 303 1220 3864 301 1218 3865 878 1219 3866 303 1220 3867 878 1219 3868 816 1221 3869 814 1222 3870 303 1220 3871 816 1221 3872 814 1222 3873 297 1223 3874 303 1220 3875 812 1224 3876 297 1223 3877 814 1222 3878 812 1224 3879 296 1225 3880 297 1223 3881 811 1175 3882 296 1225 3883 812 1224 3884 811 1175 3885 295 1177 3886 296 1225 3887 888 1226 3888 73 1227 3889 703 1228 3890 888 1226 3891 72 1229 3892 73 1227 3893 889 1230 3894 72 1229 3895 888 1226 3896 889 1230 3897 71 1231 3898 72 1229 3899 889 1230 3900 74 1232 3901 71 1231 3902 889 1230 3903 890 1233 3904 74 1232 3905 890 1233 3906 69 1234 3907 74 1232 3908 890 1233 3909 891 1235 3910 69 1234 3911 67 1236 3912 69 1234 3913 891 1235 3914 67 1236 3915 891 1235 3916 892 1237 3917 892 1237 3918 65 1238 3919 67 1236 3920 892 1237 3921 893 1239 3922 65 1238 3923 894 1240 3924 65 1238 3925 893 1239 3926 894 1240 3927 64 1241 3928 65 1238 3929 895 1242 3930 64 1241 3931 894 1240 3932 895 1242 3933 63 1243 3934 64 1241 3935 729 758 3936 63 1243 3937 895 1242 3938 729 758 3939 58 760 3940 63 1243 3941 401 1244 3942 676 1245 3943 402 1246 3944 401 1244 3945 677 1247 3946 676 1245 3947 422 1248 3948 677 1247 3949 401 1244 3950 422 1248 3951 679 1249 3952 677 1247 3953 420 1250 3954 679 1249 3955 422 1248 3956 420 1250 3957 681 1251 3958 679 1249 3959 418 1252 3960 681 1251 3961 420 1250 3962 418 1252 3963 683 1253 3964 681 1251 3965 416 1254 3966 683 1253 3967 418 1252 3968 416 1254 3969 686 1255 3970 683 1253 3971 413 1256 3972 686 1255 3973 416 1254 3974 413 1256 3975 688 1257 3976 686 1255 3977 6 513 3978 688 1257 3979 413 1256 3980 6 513 3981 5 515 3982 688 1257 3983 826 1258 3984 389 1259 3985 823 1260 3986 826 1258 3987 356 1261 3988 389 1259 3989 826 1258 3990 359 1262 3991 356 1261 3992 826 1258 3993 828 1263 3994 359 1262 3995 828 1263 3996 361 1264 3997 359 1262 3998 828 1263 3999 830 1265 4000 361 1264 4001 361 1264 4002 830 1265 4003 589 1266 4004 361 1264 4005 589 1266 4006 354 1267 4007 834 1268 4008 781 1269 4009 831 1270 4010 834 1268 4011 372 1271 4012 781 1269 4013 836 1272 4014 372 1271 4015 834 1268 4016 836 1272 4017 375 1273 4018 372 1271 4019 836 1272 4020 377 1274 4021 375 1273 4022 836 1272 4023 838 1275 4024 377 1274 4025 838 1275 4026 379 1276 4027 377 1274 4028 838 1275 4029 840 1277 4030 379 1276 4031 840 1277 4032 381 1278 4033 379 1276 4034 840 1277 4035 842 1279 4036 381 1278 4037 844 1280 4038 381 1278 4039 842 1279 4040 844 1280 4041 383 1281 4042 381 1278 4043 845 1282 4044 383 1281 4045 844 1280 4046 845 1282 4047 385 1283 4048 383 1281 4049 848 1284 4050 385 1283 4051 845 1282 4052 848 1284 4053 387 1285 4054 385 1283 4055 823 1260 4056 387 1285 4057 848 1284 4058 823 1260 4059 389 1259 4060 387 1285 4061 803 1286 4062 766 1287 4063 262 1288 4064 803 1286 4065 850 1289 4066 766 1287 4067 852 1290 4068 766 1287 4069 850 1289 4070 852 1290 4071 768 1291 4072 766 1287 4073 852 1290 4074 770 1292 4075 768 1291 4076 852 1290 4077 854 1293 4078 770 1292 4079 854 1293 4080 772 1294 4081 770 1292 4082 854 1293 4083 856 1295 4084 772 1294 4085 856 1295 4086 774 1296 4087 772 1294 4088 856 1295 4089 858 1297 4090 774 1296 4091 859 1298 4092 774 1296 4093 858 1297 4094 859 1298 4095 776 1299 4096 774 1296 4097 862 1300 4098 776 1299 4099 859 1298 4100 862 1300 4101 777 1301 4102 776 1299 4103 863 1302 4104 777 1301 4105 862 1300 4106 863 1302 4107 779 1303 4108 777 1301 4109 831 1270 4110 779 1303 4111 863 1302 4112 831 1270 4113 781 1269 4114 779 1303 4115 869 1304 4116 147 1305 4117 870 1306 4118 869 1304 4119 146 1307 4120 147 1305 4121 871 1308 4122 146 1307 4123 869 1304 4124 871 1308 4125 142 1309 4126 146 1307 4127 142 1309 4128 871 1308 4129 872 1310 4130 142 1309 4131 872 1310 4132 140 1311 4133 139 1312 4134 140 1311 4135 872 1310 4136 139 1312 4137 872 1310 4138 873 1313 4139 138 1314 4140 139 1312 4141 873 1313 4142 138 1314 4143 873 1313 4144 874 1315 4145 138 1314 4146 874 1315 4147 875 1316 4148 138 1314 4149 875 1316 4150 137 1317 4151 875 1316 4152 143 1318 4153 137 1317 4154 875 1316 4155 876 1319 4156 143 1318 4157 876 1319 4158 133 1320 4159 143 1318 4160 876 1319 4161 877 1321 4162 133 1320 4163 866 1322 4164 133 1320 4165 877 1321 4166 866 1322 4167 132 1323 4168 133 1320 4169 132 1323 4170 866 1322 4171 865 1324 4172 132 1323 4173 865 1324 4174 125 1325 4175 124 1326 4176 125 1325 4177 865 1324 4178 124 1326 4179 865 1324 4180 867 1327 4181 124 1326 4182 867 1327 4183 868 1328 4184 124 1326 4185 868 1328 4186 121 1329 4187 121 1329 4188 868 1328 4189 392 1330 4190 121 1329 4191 392 1330 4192 118 1331 4193 118 1331 4194 392 1330 4195 391 1332 4196 118 1331 4197 391 1332 4198 113 1333 4199 853 1334 4200 501 1335 4201 855 1336 4202 853 1334 4203 503 1337 4204 501 1335 4205 851 1338 4206 503 1337 4207 853 1334 4208 851 1338 4209 505 1339 4210 503 1337 4211 851 1338 4212 508 1340 4213 505 1339 4214 851 1338 4215 849 1341 4216 508 1340 4217 508 1340 4218 849 1341 4219 818 1342 4220 508 1340 4221 818 1342 4222 509 1343 4223 837 1344 4224 484 1345 4225 839 1346 4226 837 1344 4227 485 1347 4228 484 1345 4229 835 1348 4230 485 1347 4231 837 1344 4232 835 1348 4233 487 1349 4234 485 1347 4235 835 1348 4236 489 1350 4237 487 1349 4238 835 1348 4239 833 1351 4240 489 1350 4241 833 1351 4242 491 1352 4243 489 1350 4244 833 1351 4245 832 1353 4246 491 1352 4247 832 1353 4248 494 1354 4249 491 1352 4250 832 1353 4251 864 1355 4252 494 1354 4253 864 1355 4254 495 1356 4255 494 1354 4256 864 1355 4257 861 1357 4258 495 1356 4259 861 1357 4260 497 1358 4261 495 1356 4262 861 1357 4263 860 1359 4264 497 1358 4265 499 1360 4266 497 1358 4267 860 1359 4268 499 1360 4269 860 1359 4270 857 1361 4271 855 1336 4272 499 1360 4273 857 1361 4274 855 1336 4275 501 1335 4276 499 1360 4277 588 1362 4278 468 1363 4279 449 1364 4280 588 1362 4281 829 1365 4282 468 1363 4283 827 1366 4284 468 1363 4285 829 1365 4286 827 1366 4287 470 1367 4288 468 1363 4289 825 1368 4290 470 1367 4291 827 1366 4292 825 1368 4293 472 1369 4294 470 1367 4295 825 1368 4296 474 1370 4297 472 1369 4298 825 1368 4299 824 1371 4300 474 1370 4301 824 1371 4302 476 1372 4303 474 1370 4304 824 1371 4305 847 1373 4306 476 1372 4307 847 1373 4308 478 1374 4309 476 1372 4310 847 1373 4311 846 1375 4312 478 1374 4313 846 1375 4314 480 1376 4315 478 1374 4316 846 1375 4317 843 1377 4318 480 1376 4319 843 1377 4320 482 1378 4321 480 1376 4322 843 1377 4323 841 1379 4324 482 1378 4325 839 1346 4326 482 1378 4327 841 1379 4328 839 1346 4329 484 1345 4330 482 1378 4331 810 1380 4332 410 1381 4333 411 1382 4334 810 1380 4335 813 1383 4336 410 1381 4337 813 1383 4338 409 1384 4339 410 1381 4340 813 1383 4341 815 1385 4342 409 1384 4343 815 1385 4344 408 1386 4345 409 1384 4346 815 1385 4347 817 1387 4348 408 1386 4349 879 1388 4350 408 1386 4351 817 1387 4352 879 1388 4353 399 1389 4354 408 1386 4355 881 1390 4356 399 1389 4357 879 1388 4358 881 1390 4359 395 1391 4360 399 1389 4361 883 1392 4362 395 1391 4363 881 1390 4364 883 1392 4365 396 1393 4366 395 1391 4367 883 1392 4368 397 1394 4369 396 1393 4370 883 1392 4371 885 1395 4372 397 1394 4373 885 1395 4374 398 1396 4375 397 1394 4376 885 1395 4377 887 1397 4378 398 1396 4379 398 1396 4380 887 1397 4381 564 1398 4382 398 1396 4383 564 1398 4384 400 1399 4385 896 1400 4386 897 1401 4387 218 1402 4388 897 1401 4389 217 1403 4390 218 1402 4391 897 1401 4392 898 1404 4393 217 1403 4394 899 1405 4395 217 1403 4396 898 1404 4397 899 1405 4398 216 1406 4399 217 1403 4400 900 1407 4401 216 1406 4402 899 1405 4403 900 1407 4404 215 1408 4405 216 1406 4406 901 1409 4407 215 1408 4408 900 1407 4409 901 1409 4410 214 1410 4411 215 1408 4412 901 1409 4413 213 1411 4414 214 1410 4415 901 1409 4416 902 1412 4417 213 1411 4418 902 1412 4419 196 1413 4420 213 1411 4421 902 1412 4422 903 1414 4423 196 1413 4424 903 1414 4425 199 1415 4426 196 1413 4427 903 1414 4428 904 1416 4429 199 1415 4430 905 1417 4431 199 1415 4432 904 1416 4433 905 1417 4434 198 1418 4435 199 1415 4436 906 1419 4437 198 1418 4438 905 1417 4439 906 1419 4440 197 1420 4441 198 1418 4442 907 1421 4443 197 1420 4444 906 1419 4445 907 1421 4446 191 1422 4447 197 1420 4448 908 1423 4449 191 1422 4450 907 1421 4451 908 1423 4452 190 1424 4453 191 1422 4454 909 1425 4455 190 1424 4456 908 1423 4457 909 1425 4458 187 1426 4459 190 1424 4460 910 1427 4461 187 1426 4462 909 1425 4463 910 1427 4464 188 1428 4465 187 1426 4466 910 1427 4467 189 1429 4468 188 1428 4469 910 1427 4470 911 1430 4471 189 1429 4472 911 1430 4473 192 1431 4474 189 1429 4475 911 1430 4476 912 1432 4477 192 1431 4478 912 1432 4479 193 1433 4480 192 1431 4481 912 1432 4482 913 1434 4483 193 1433 4484 914 1435 4485 193 1433 4486 913 1434 4487 914 1435 4488 194 1436 4489 193 1433 4490 915 1437 4491 194 1436 4492 914 1435 4493 915 1437 4494 195 1438 4495 194 1436 4496 916 1439 4497 195 1438 4498 915 1437 4499 916 1439 4500 210 1440 4501 195 1438 4502 917 1441 4503 210 1440 4504 916 1439 4505 917 1441 4506 207 1442 4507 210 1440 4508 917 1441 4509 206 1443 4510 207 1442 4511 917 1441 4512 918 1444 4513 206 1443 4514 918 1444 4515 204 1445 4516 206 1443 4517 918 1444 4518 919 1446 4519 204 1445 4520 919 1446 4521 203 1447 4522 204 1445 4523 919 1446 4524 920 1448 4525 203 1447 4526 921 1449 4527 203 1447 4528 920 1448 4529 921 1449 4530 200 1450 4531 203 1447 4532 921 1449 4533 201 1451 4534 200 1450 4535 921 1449 4536 922 1452 4537 201 1451 4538 923 1453 4539 201 1451 4540 922 1452 4541 923 1453 4542 202 1454 4543 201 1451 4544 924 1455 4545 202 1454 4546 923 1453 4547 924 1455 4548 205 1456 4549 202 1454 4550 925 1457 4551 205 1456 4552 924 1455 4553 925 1457 4554 208 1458 4555 205 1456 4556 208 1458 4557 925 1457 4558 926 1459 4559 208 1458 4560 926 1459 4561 209 1460 4562 209 1460 4563 926 1459 4564 927 1461 4565 209 1460 4566 927 1461 4567 211 1462 4568 212 1463 4569 211 1462 4570 927 1461 4571 212 1463 4572 927 1461 4573 928 1464 4574 220 1465 4575 212 1463 4576 928 1464 4577 220 1465 4578 928 1464 4579 929 1466 4580 224 1467 4581 220 1465 4582 929 1466 4583 224 1467 4584 929 1466 4585 930 1468 4586 931 1469 4587 224 1467 4588 930 1468 4589 931 1469 4590 225 1470 4591 224 1467 4592 932 1471 4593 225 1470 4594 931 1469 4595 932 1471 4596 223 1472 4597 225 1470 4598 933 1473 4599 223 1472 4600 932 1471 4601 933 1473 4602 222 1474 4603 223 1472 4604 934 1475 4605 222 1474 4606 933 1473 4607 934 1475 4608 221 1476 4609 222 1474 4610 896 1400 4611 221 1476 4612 934 1475 4613 896 1400 4614 219 1477 4615 221 1476 4616 896 1400 4617 218 1402 4618 219 1477 4619 561 1478 4620 553 1479 4621 788 1480 4622 561 1478 4623 788 1480 4624 790 1481 4625 792 1482 4626 561 1478 4627 790 1481 4628 792 1482 4629 560 1483 4630 561 1478 4631 793 1484 4632 560 1483 4633 792 1482 4634 793 1484 4635 559 1485 4636 560 1483 4637 793 1484 4638 558 1486 4639 559 1485 4640 793 1484 4641 795 1487 4642 558 1486 4643 557 1488 4644 558 1486 4645 795 1487 4646 557 1488 4647 795 1487 4648 798 1489 4649 805 1490 4650 557 1488 4651 798 1489 4652 805 1490 4653 556 1491 4654 557 1488 4655 807 1492 4656 556 1491 4657 805 1490 4658 807 1492 4659 555 1493 4660 556 1491 4661 809 1494 4662 555 1493 4663 807 1492 4664 809 1494 4665 412 1495 4666 555 1493 4667 810 1380 4668 412 1495 4669 809 1494 4670 810 1380 4671 411 1382 4672 412 1495 4673 935 1496 4674 116 1497 4675 936 1498 4676 935 1496 4677 117 1499 4678 116 1497 4679 937 1500 4680 117 1499 4681 935 1496 4682 937 1500 4683 119 1501 4684 117 1499 4685 938 1502 4686 119 1501 4687 937 1500 4688 938 1502 4689 120 1503 4690 119 1501 4691 938 1502 4692 122 1504 4693 120 1503 4694 938 1502 4695 939 1505 4696 122 1504 4697 940 1506 4698 122 1504 4699 939 1505 4700 940 1506 4701 123 1507 4702 122 1504 4703 941 1508 4704 123 1507 4705 940 1506 4706 941 1508 4707 126 1509 4708 123 1507 4709 942 1510 4710 126 1509 4711 941 1508 4712 942 1510 4713 127 1511 4714 126 1509 4715 943 1512 4716 127 1511 4717 942 1510 4718 943 1512 4719 128 1513 4720 127 1511 4721 944 1514 4722 128 1513 4723 943 1512 4724 944 1514 4725 129 1515 4726 128 1513 4727 944 1514 4728 130 1516 4729 129 1515 4730 944 1514 4731 945 1517 4732 130 1516 4733 945 1517 4734 131 1518 4735 130 1516 4736 945 1517 4737 946 1519 4738 131 1518 4739 946 1519 4740 134 1520 4741 131 1518 4742 946 1519 4743 947 1521 4744 134 1520 4745 948 1522 4746 134 1520 4747 947 1521 4748 948 1522 4749 135 1523 4750 134 1520 4751 949 1524 4752 135 1523 4753 948 1522 4754 949 1524 4755 136 1525 4756 135 1523 4757 950 1526 4758 136 1525 4759 949 1524 4760 950 1526 4761 141 1527 4762 136 1525 4763 951 1528 4764 141 1527 4765 950 1526 4766 951 1528 4767 144 1529 4768 141 1527 4769 951 1528 4770 145 1530 4771 144 1529 4772 951 1528 4773 952 1531 4774 145 1530 4775 147 1532 4776 145 1530 4777 952 1531 4778 147 1532 4779 952 1531 4780 870 1533 4781 953 1534 4782 90 1535 4783 954 1536 4784 953 1534 4785 91 1537 4786 90 1535 4787 955 1538 4788 91 1537 4789 953 1534 4790 955 1538 4791 92 1539 4792 91 1537 4793 955 1538 4794 94 1540 4795 92 1539 4796 955 1538 4797 956 1541 4798 94 1540 4799 957 1542 4800 94 1540 4801 956 1541 4802 957 1542 4803 95 1543 4804 94 1540 4805 957 1542 4806 97 1544 4807 95 1543 4808 957 1542 4809 958 1545 4810 97 1544 4811 959 1546 4812 97 1544 4813 958 1545 4814 959 1546 4815 106 1547 4816 97 1544 4817 960 1548 4818 106 1547 4819 959 1546 4820 960 1548 4821 114 1549 4822 106 1547 4823 960 1548 4824 115 1550 4825 114 1549 4826 960 1548 4827 961 1551 4828 115 1550 4829 961 1551 4830 116 1497 4831 115 1550 4832 961 1551 4833 936 1498 4834 116 1497 4835 962 1552 4836 104 1553 4837 103 1554 4838 962 1552 4839 963 1555 4840 104 1553 4841 963 1555 4842 105 1556 4843 104 1553 4844 963 1555 4845 964 1557 4846 105 1556 4847 965 1558 4848 105 1556 4849 964 1557 4850 965 1558 4851 102 1559 4852 105 1556 4853 966 1560 4854 102 1559 4855 965 1558 4856 966 1560 4857 100 1561 4858 102 1559 4859 967 1562 4860 100 1561 4861 966 1560 4862 967 1562 4863 98 1563 4864 100 1561 4865 968 1564 4866 98 1563 4867 967 1562 4868 968 1564 4869 96 1565 4870 98 1563 4871 968 1564 4872 93 1566 4873 96 1565 4874 968 1564 4875 969 1567 4876 93 1566 4877 969 1567 4878 89 1568 4879 93 1566 4880 969 1567 4881 970 1569 4882 89 1568 4883 970 1569 4884 90 1535 4885 89 1568 4886 970 1569 4887 954 1536 4888 90 1535 4889 112 1570 4890 113 1571 4891 391 1572 4892 112 1570 4893 391 1572 4894 390 1573 4895 111 1574 4896 112 1570 4897 390 1573 4898 111 1574 4899 390 1573 4900 971 1575 4901 110 1576 4902 111 1574 4903 971 1575 4904 110 1576 4905 971 1575 4906 972 1577 4907 972 1577 4908 109 1578 4909 110 1576 4910 972 1577 4911 973 1579 4912 109 1578 4913 973 1579 4914 107 1580 4915 109 1578 4916 973 1579 4917 974 1581 4918 107 1580 4919 974 1581 4920 108 1582 4921 107 1580 4922 974 1581 4923 975 1583 4924 108 1582 4925 975 1583 4926 99 1584 4927 108 1582 4928 975 1583 4929 976 1585 4930 99 1584 4931 977 1586 4932 99 1584 4933 976 1585 4934 977 1586 4935 101 1587 4936 99 1584 4937 977 1586 4938 103 1554 4939 101 1587 4940 977 1586 4941 962 1552 4942 103 1554 4943 606 1588 4944 716 1589 4945 718 1590 4946 606 1588 4947 607 1591 4948 716 1589 4949 607 1591 4950 714 1592 4951 716 1589 4952 607 1591 4953 608 1593 4954 714 1592 4955 608 1593 4956 713 1594 4957 714 1592 4958 608 1593 4959 609 1595 4960 713 1594 4961 609 1595 4962 711 1596 4963 713 1594 4964 609 1595 4965 599 1597 4966 711 1596 4967 598 1598 4968 711 1596 4969 599 1597 4970 598 1598 4971 712 1599 4972 711 1596 4973 600 1600 4974 712 1599 4975 598 1598 4976 600 1600 4977 715 1601 4978 712 1599 4979 600 1600 4980 717 1602 4981 715 1601 4982 600 1600 4983 601 1603 4984 717 1602 4985 601 1603 4986 719 1604 4987 717 1602 4988 601 1603 4989 602 1605 4990 719 1604 4991 721 1606 4992 719 1604 4993 602 1605 4994 721 1606 4995 602 1605 4996 591 1607 4997 590 1608 4998 721 1606 4999 591 1607 5000 590 1608 5001 723 1609 5002 721 1606 5003 592 1610 5004 723 1609 5005 590 1608 5006 592 1610 5007 725 1611 5008 723 1609 5009 593 1612 5010 725 1611 5011 592 1610 5012 593 1612 5013 727 1613 5014 725 1611 5015 593 1612 5016 704 1614 5017 727 1613 5018 593 1612 5019 594 1615 5020 704 1614 5021 594 1615 5022 705 1616 5023 704 1614 5024 594 1615 5025 595 1617 5026 705 1616 5027 595 1617 5028 708 1618 5029 705 1616 5030 595 1617 5031 596 1619 5032 708 1618 5033 596 1619 5034 710 1620 5035 708 1618 5036 596 1619 5037 597 1621 5038 710 1620 5039 610 1622 5040 710 1620 5041 597 1621 5042 610 1622 5043 709 1623 5044 710 1620 5045 611 1624 5046 709 1623 5047 610 1622 5048 611 1624 5049 707 1625 5050 709 1623 5051 612 1626 5052 707 1625 5053 611 1624 5054 612 1626 5055 706 1627 5056 707 1625 5057 612 1626 5058 728 1628 5059 706 1627 5060 612 1626 5061 613 1629 5062 728 1628 5063 613 1629 5064 726 1630 5065 728 1628 5066 613 1629 5067 614 1631 5068 726 1630 5069 724 1632 5070 726 1630 5071 614 1631 5072 724 1632 5073 614 1631 5074 604 1633 5075 603 1634 5076 724 1632 5077 604 1633 5078 603 1634 5079 722 1635 5080 724 1632 5081 605 1636 5082 722 1635 5083 603 1634 5084 605 1636 5085 720 1637 5086 722 1635 5087 606 1588 5088 720 1637 5089 605 1636 5090 606 1588 5091 718 1590 5092 720 1637 5093 326 1638 5094 946 1639 5095 945 1640 5096 326 1638 5097 327 1641 5098 946 1639 5099 327 1641 5100 947 1642 5101 946 1639 5102 327 1641 5103 273 1643 5104 947 1642 5105 273 1643 5106 948 1644 5107 947 1642 5108 273 1643 5109 272 1645 5110 948 1644 5111 272 1645 5112 949 1646 5113 948 1644 5114 272 1645 5115 270 1647 5116 949 1646 5117 270 1647 5118 950 1648 5119 949 1646 5120 270 1647 5121 269 1649 5122 950 1648 5123 269 1649 5124 951 1650 5125 950 1648 5126 269 1649 5127 267 1651 5128 951 1650 5129 267 1651 5130 952 1652 5131 951 1650 5132 267 1651 5133 266 1653 5134 952 1652 5135 266 1653 5136 870 1654 5137 952 1652 5138 266 1653 5139 263 1655 5140 870 1654 5141 331 1656 5142 937 1657 5143 935 1658 5144 331 1656 5145 329 1659 5146 937 1657 5147 329 1659 5148 938 1660 5149 937 1657 5150 329 1659 5151 328 1661 5152 938 1660 5153 328 1661 5154 939 1662 5155 938 1660 5156 328 1661 5157 315 1663 5158 939 1662 5159 315 1663 5160 940 1664 5161 939 1662 5162 315 1663 5163 316 1665 5164 940 1664 5165 316 1665 5166 941 1666 5167 940 1664 5168 316 1665 5169 318 1667 5170 941 1666 5171 318 1667 5172 942 1668 5173 941 1666 5174 318 1667 5175 320 1669 5176 942 1668 5177 320 1669 5178 943 1670 5179 942 1668 5180 320 1669 5181 322 1671 5182 943 1670 5183 322 1671 5184 944 1672 5185 943 1670 5186 322 1671 5187 324 1673 5188 944 1672 5189 324 1673 5190 945 1640 5191 944 1672 5192 324 1673 5193 326 1638 5194 945 1640 5195 348 1674 5196 955 1675 5197 953 1676 5198 348 1674 5199 347 1677 5200 955 1675 5201 347 1677 5202 956 1678 5203 955 1675 5204 347 1677 5205 346 1679 5206 956 1678 5207 346 1679 5208 957 1680 5209 956 1678 5210 346 1679 5211 344 1681 5212 957 1680 5213 344 1681 5214 958 1682 5215 957 1680 5216 344 1681 5217 342 1683 5218 958 1682 5219 342 1683 5220 959 1684 5221 958 1682 5222 342 1683 5223 340 1685 5224 959 1684 5225 340 1685 5226 960 1686 5227 959 1684 5228 340 1685 5229 338 1687 5230 960 1686 5231 338 1687 5232 961 1688 5233 960 1686 5234 338 1687 5235 336 1689 5236 961 1688 5237 336 1689 5238 936 1690 5239 961 1688 5240 336 1689 5241 335 1691 5242 936 1690 5243 335 1691 5244 935 1658 5245 936 1690 5246 335 1691 5247 331 1656 5248 935 1658 5249 246 1692 5250 964 1693 5251 963 1694 5252 246 1692 5253 244 1693 5254 964 1693 5255 244 1693 5256 965 1695 5257 964 1693 5258 244 1693 5259 371 1696 5260 965 1695 5261 371 1696 5262 966 1697 5263 965 1695 5264 371 1696 5265 369 1698 5266 966 1697 5267 369 1698 5268 967 1699 5269 966 1697 5270 369 1698 5271 367 1700 5272 967 1699 5273 367 1700 5274 968 1701 5275 967 1699 5276 367 1700 5277 364 1702 5278 968 1701 5279 364 1702 5280 969 1703 5281 968 1701 5282 364 1702 5283 355 1704 5284 969 1703 5285 355 1704 5286 970 1705 5287 969 1703 5288 355 1704 5289 353 1706 5290 970 1705 5291 353 1706 5292 954 1707 5293 970 1705 5294 353 1706 5295 349 1708 5296 954 1707 5297 349 1708 5298 953 1676 5299 954 1707 5300 349 1708 5301 348 1674 5302 953 1676 5303 240 1709 5304 971 1710 5305 390 1711 5306 240 1709 5307 238 1712 5308 971 1710 5309 238 1712 5310 972 1713 5311 971 1710 5312 238 1712 5313 236 1714 5314 972 1713 5315 236 1714 5316 973 1715 5317 972 1713 5318 236 1714 5319 234 1716 5320 973 1715 5321 234 1716 5322 974 1717 5323 973 1715 5324 234 1716 5325 232 1718 5326 974 1717 5327 232 1718 5328 975 1719 5329 974 1717 5330 232 1718 5331 230 1720 5332 975 1719 5333 230 1720 5334 976 1721 5335 975 1719 5336 230 1720 5337 229 1722 5338 976 1721 5339 229 1722 5340 977 1723 5341 976 1721 5342 229 1722 5343 226 1724 5344 977 1723 5345 226 1724 5346 962 1725 5347 977 1723 5348 226 1724 5349 247 1726 5350 962 1725 5351 247 1726 5352 963 1694 5353 962 1725 5354 247 1726 5355 246 1692 5356 963 1694 5357 543 1653 5358 703 1727 5359 540 1728 5360 543 1653 5361 888 1729 5362 703 1727 5363 544 1730 5364 888 1729 5365 543 1653 5366 544 1730 5367 889 1731 5368 888 1729 5369 545 1732 5370 889 1731 5371 544 1730 5372 545 1732 5373 890 1733 5374 889 1731 5375 547 1734 5376 890 1733 5377 545 1732 5378 547 1734 5379 891 1735 5380 890 1733 5381 549 1645 5382 891 1735 5383 547 1734 5384 549 1645 5385 892 1736 5386 891 1735 5387 551 1642 5388 892 1736 5389 549 1645 5390 551 1642 5391 893 1642 5392 892 1736 5393 554 1737 5394 893 1642 5395 551 1642 5396 554 1737 5397 894 1738 5398 893 1642 5399 414 1739 5400 894 1738 5401 554 1737 5402 414 1739 5403 895 1740 5404 894 1738 5405 415 1741 5406 895 1740 5407 414 1739 5408 415 1741 5409 729 1742 5410 895 1740 5411 417 1743 5412 729 1742 5413 415 1741 5414 417 1743 5415 730 1744 5416 729 1742 5417 419 1745 5418 730 1744 5419 417 1743 5420 419 1745 5421 731 1746 5422 730 1744 5423 421 1747 5424 731 1746 5425 419 1745 5426 421 1747 5427 732 1748 5428 731 1746 5429 423 1749 5430 732 1748 5431 421 1747 5432 423 1749 5433 733 1750 5434 732 1748 5435 424 1751 5436 733 1750 5437 423 1749 5438 424 1751 5439 734 1752 5440 733 1750 5441 425 1753 5442 734 1752 5443 424 1751 5444 425 1753 5445 735 1660 5446 734 1752 5447 426 1754 5448 735 1660 5449 425 1753 5450 426 1754 5451 736 1755 5452 735 1660 5453 428 1756 5454 736 1755 5455 426 1754 5456 428 1756 5457 737 1757 5458 736 1755 5459 430 1758 5460 737 1757 5461 428 1756 5462 430 1758 5463 738 1759 5464 737 1757 5465 432 1760 5466 738 1759 5467 430 1758 5468 432 1760 5469 739 1761 5470 738 1759 5471 434 1762 5472 739 1761 5473 432 1760 5474 434 1762 5475 740 1763 5476 739 1761 5477 436 1764 5478 740 1763 5479 434 1762 5480 436 1764 5481 741 1765 5482 740 1763 5483 438 1766 5484 741 1765 5485 436 1764 5486 438 1766 5487 742 1767 5488 741 1765 5489 440 1768 5490 742 1767 5491 438 1766 5492 440 1768 5493 743 1769 5494 742 1767 5495 442 1770 5496 743 1769 5497 440 1768 5498 442 1770 5499 744 1771 5500 743 1769 5501 444 1772 5502 744 1771 5503 442 1770 5504 444 1772 5505 745 1773 5506 744 1771 5507 446 1774 5508 745 1773 5509 444 1772 5510 446 1774 5511 746 1775 5512 745 1773 5513 450 1776 5514 746 1775 5515 446 1774 5516 450 1776 5517 747 1777 5518 746 1775 5519 451 1778 5520 747 1777 5521 450 1776 5522 451 1778 5523 748 1779 5524 747 1777 5525 452 1780 5526 748 1779 5527 451 1778 5528 452 1780 5529 749 1781 5530 748 1779 5531 454 1782 5532 749 1781 5533 452 1780 5534 454 1782 5535 750 1783 5536 749 1781 5537 457 1784 5538 750 1783 5539 454 1782 5540 457 1784 5541 751 1785 5542 750 1783 5543 459 1786 5544 751 1785 5545 457 1784 5546 459 1786 5547 752 1787 5548 751 1785 5549 461 1788 5550 752 1787 5551 459 1786 5552 461 1788 5553 753 1789 5554 752 1787 5555 463 1693 5556 753 1789 5557 461 1788 5558 463 1693 5559 754 1790 5560 753 1789 5561 465 1692 5562 754 1790 5563 463 1693 5564 465 1692 5565 755 1791 5566 754 1790 5567 527 1792 5568 755 1791 5569 465 1692 5570 527 1792 5571 756 1793 5572 755 1791 5573 529 1794 5574 756 1793 5575 527 1792 5576 529 1794 5577 757 1794 5578 756 1793 5579 530 1795 5580 757 1794 5581 529 1794 5582 530 1795 5583 758 1796 5584 757 1794 5585 531 1797 5586 758 1796 5587 530 1795 5588 531 1797 5589 759 1798 5590 758 1796 5591 533 1799 5592 759 1798 5593 531 1797 5594 533 1799 5595 760 1800 5596 759 1798 5597 535 1801 5598 760 1800 5599 533 1799 5600 535 1801 5601 761 1802 5602 760 1800 5603 537 1803 5604 761 1802 5605 535 1801 5606 537 1803 5607 762 1804 5608 761 1802 5609 539 1805 5610 762 1804 5611 537 1803 5612 539 1805 5613 763 1806 5614 762 1804 5615 394 1807 5616 763 1806 5617 539 1805 5618 394 1807 5619 393 1808 5620 763 1806 5621 386 1809 5622 388 1810 5623 917 1811 5624 388 1810 5625 918 1812 5626 917 1811 5627 388 1810 5628 358 1813 5629 918 1812 5630 358 1813 5631 919 1814 5632 918 1812 5633 358 1813 5634 357 1815 5635 919 1814 5636 357 1815 5637 920 1816 5638 919 1814 5639 357 1815 5640 360 1817 5641 920 1816 5642 360 1817 5643 921 1818 5644 920 1816 5645 360 1817 5646 362 1819 5647 921 1818 5648 362 1819 5649 922 1820 5650 921 1818 5651 362 1819 5652 363 1821 5653 922 1820 5654 363 1821 5655 923 1822 5656 922 1820 5657 363 1821 5658 365 1823 5659 923 1822 5660 365 1823 5661 924 1824 5662 923 1822 5663 365 1823 5664 366 1825 5665 924 1824 5666 366 1825 5667 925 1826 5668 924 1824 5669 366 1825 5670 368 1827 5671 925 1826 5672 368 1827 5673 926 1828 5674 925 1826 5675 368 1827 5676 370 1829 5677 926 1828 5678 370 1829 5679 927 1830 5680 926 1828 5681 370 1829 5682 243 1831 5683 927 1830 5684 243 1831 5685 928 1832 5686 927 1830 5687 243 1831 5688 242 1833 5689 928 1832 5690 242 1833 5691 929 1834 5692 928 1832 5693 242 1833 5694 245 1835 5695 929 1834 5696 245 1835 5697 930 1836 5698 929 1834 5699 245 1835 5700 248 1836 5701 930 1836 5702 248 1836 5703 931 1837 5704 930 1836 5705 248 1836 5706 249 1838 5707 931 1837 5708 249 1838 5709 932 1839 5710 931 1837 5711 249 1838 5712 250 1840 5713 932 1839 5714 250 1840 5715 933 1841 5716 932 1839 5717 250 1840 5718 251 1842 5719 933 1841 5720 251 1842 5721 934 638 5722 933 1841 5723 251 1842 5724 253 637 5725 934 638 5726 253 637 5727 896 636 5728 934 638 5729 253 637 5730 255 636 5731 896 636 5732 255 636 5733 897 1843 5734 896 636 5735 255 636 5736 257 1844 5737 897 1843 5738 257 1844 5739 898 1845 5740 897 1843 5741 257 1844 5742 260 1846 5743 898 1845 5744 260 1846 5745 899 1847 5746 898 1845 5747 260 1846 5748 764 575 5749 899 1847 5750 764 575 5751 900 1848 5752 899 1847 5753 764 575 5754 765 1849 5755 900 1848 5756 765 1849 5757 901 1850 5758 900 1848 5759 765 1849 5760 767 1851 5761 901 1850 5762 767 1851 5763 902 1852 5764 901 1850 5765 767 1851 5766 769 1853 5767 902 1852 5768 769 1853 5769 903 1854 5770 902 1852 5771 769 1853 5772 771 1855 5773 903 1854 5774 771 1855 5775 904 1856 5776 903 1854 5777 771 1855 5778 773 1857 5779 904 1856 5780 773 1857 5781 905 1858 5782 904 1856 5783 773 1857 5784 775 1859 5785 905 1858 5786 775 1859 5787 906 1860 5788 905 1858 5789 775 1859 5790 778 1861 5791 906 1860 5792 778 1861 5793 907 1862 5794 906 1860 5795 778 1861 5796 780 1863 5797 907 1862 5798 780 1863 5799 908 1864 5800 907 1862 5801 780 1863 5802 782 1865 5803 908 1864 5804 782 1865 5805 909 1866 5806 908 1864 5807 782 1865 5808 374 1867 5809 909 1866 5810 374 1867 5811 910 1868 5812 909 1866 5813 374 1867 5814 373 1869 5815 910 1868 5816 373 1869 5817 911 1870 5818 910 1868 5819 373 1869 5820 376 1871 5821 911 1870 5822 376 1871 5823 912 1872 5824 911 1870 5825 376 1871 5826 378 1873 5827 912 1872 5828 378 1873 5829 913 1874 5830 912 1872 5831 378 1873 5832 380 1875 5833 913 1874 5834 380 1875 5835 914 608 5836 913 1874 5837 380 1875 5838 382 1876 5839 914 608 5840 382 1876 5841 915 1877 5842 914 608 5843 382 1876 5844 384 1878 5845 915 1877 5846 384 1878 5847 916 1879 5848 915 1877 5849 384 1878 5850 386 1809 5851 916 1879 5852 386 1809 5853 917 1811 5854 916 1879 5855</p>
        </triangles>
      </mesh>
    </geometry>
  </library_geometries>
  <library_controllers>
    <controller id="pickup_powerup_knockout_qc_skeleton_pickup_powerup_knockout-skin" name="pickup_powerup_knockout.qc_skeleton">
      <skin source="#pickup_powerup_knockout-mesh">
        <bind_shape_matrix>1 0 0 0 0 1 0 0 0 0 1 0 0 0 0 1</bind_shape_matrix>
        <source id="pickup_powerup_knockout_qc_skeleton_pickup_powerup_knockout-skin-joints">
          <Name_array id="pickup_powerup_knockout_qc_skeleton_pickup_powerup_knockout-skin-joints-array" count="1">jnt_spin</Name_array>
          <technique_common>
            <accessor source="#pickup_powerup_knockout_qc_skeleton_pickup_powerup_knockout-skin-joints-array" count="1" stride="1">
              <param name="JOINT" type="name"/>
            </accessor>
          </technique_common>
        </source>
        <source id="pickup_powerup_knockout_qc_skeleton_pickup_powerup_knockout-skin-bind_poses">
          <float_array id="pickup_powerup_knockout_qc_skeleton_pickup_powerup_knockout-skin-bind_poses-array" count="16">0.9985334 0 -0.05413848 0 0 1 0 0 0.05413848 0 0.9985334 0 0 0 0 1</float_array>
          <technique_common>
            <accessor source="#pickup_powerup_knockout_qc_skeleton_pickup_powerup_knockout-skin-bind_poses-array" count="1" stride="16">
              <param name="TRANSFORM" type="float4x4"/>
            </accessor>
          </technique_common>
        </source>
        <source id="pickup_powerup_knockout_qc_skeleton_pickup_powerup_knockout-skin-weights">
          <float_array id="pickup_powerup_knockout_qc_skeleton_pickup_powerup_knockout-skin-weights-array" count="978">1 1 1 1 1 1 1 1 1 1 1 1 1 1 1 1 1 1 1 1 1 1 1 1 1 1 1 1 1 1 1 1 1 1 1 1 1 1 1 1 1 1 1 1 1 1 1 1 1 1 1 1 1 1 1 1 1 1 1 1 1 1 1 1 1 1 1 1 1 1 1 1 1 1 1 1 1 1 1 1 1 1 1 1 1 1 1 1 1 1 1 1 1 1 1 1 1 1 1 1 1 1 1 1 1 1 1 1 1 1 1 1 1 1 1 1 1 1 1 1 1 1 1 1 1 1 1 1 1 1 1 1 1 1 1 1 1 1 1 1 1 1 1 1 1 1 1 1 1 1 1 1 1 1 1 1 1 1 1 1 1 1 1 1 1 1 1 1 1 1 1 1 1 1 1 1 1 1 1 1 1 1 1 1 1 1 1 1 1 1 1 1 1 1 1 1 1 1 1 1 1 1 1 1 1 1 1 1 1 1 1 1 1 1 1 1 1 1 1 1 1 1 1 1 1 1 1 1 1 1 1 1 1 1 1 1 1 1 1 1 1 1 1 1 1 1 1 1 1 1 1 1 1 1 1 1 1 1 1 1 1 1 1 1 1 1 1 1 1 1 1 1 1 1 1 1 1 1 1 1 1 1 1 1 1 1 1 1 1 1 1 1 1 1 1 1 1 1 1 1 1 1 1 1 1 1 1 1 1 1 1 1 1 1 1 1 1 1 1 1 1 1 1 1 1 1 1 1 1 1 1 1 1 1 1 1 1 1 1 1 1 1 1 1 1 1 1 1 1 1 1 1 1 1 1 1 1 1 1 1 1 1 1 1 1 1 1 1 1 1 1 1 1 1 1 1 1 1 1 1 1 1 1 1 1 1 1 1 1 1 1 1 1 1 1 1 1 1 1 1 1 1 1 1 1 1 1 1 1 1 1 1 1 1 1 1 1 1 1 1 1 1 1 1 1 1 1 1 1 1 1 1 1 1 1 1 1 1 1 1 1 1 1 1 1 1 1 1 1 1 1 1 1 1 1 1 1 1 1 1 1 1 1 1 1 1 1 1 1 1 1 1 1 1 1 1 1 1 1 1 1 1 1 1 1 1 1 1 1 1 1 1 1 1 1 1 1 1 1 1 1 1 1 1 1 1 1 1 1 1 1 1 1 1 1 1 1 1 1 1 1 1 1 1 1 1 1 1 1 1 1 1 1 1 1 1 1 1 1 1 1 1 1 1 1 1 1 1 1 1 1 1 1 1 1 1 1 1 1 1 1 1 1 1 1 1 1 1 1 1 1 1 1 1 1 1 1 1 1 1 1 1 1 1 1 1 1 1 1 1 1 1 1 1 1 1 1 1 1 1 1 1 1 1 1 1 1 1 1 1 1 1 1 1 1 1 1 1 1 1 1 1 1 1 1 1 1 1 1 1 1 1 1 1 1 1 1 1 1 1 1 1 1 1 1 1 1 1 1 1 1 1 1 1 1 1 1 1 1 1 1 1 1 1 1 1 1 1 1 1 1 1 1 1 1 1 1 1 1 1 1 1 1 1 1 1 1 1 1 1 1 1 1 1 1 1 1 1 1 1 1 1 1 1 1 1 1 1 1 1 1 1 1 1 1 1 1 1 1 1 1 1 1 1 1 1 1 1 1 1 1 1 1 1 1 1 1 1 1 1 1 1 1 1 1 1 1 1 1 1 1 1 1 1 1 1 1 1 1 1 1 1 1 1 1 1 1 1 1 1 1 1 1 1 1 1 1 1 1 1 1 1 1 1 1 1 1 1 1 1 1 1 1 1 1 1 1 1 1 1 1 1 1 1 1 1 1 1 1 1 1 1 1 1 1 1 1 1 1 1 1 1 1 1 1 1 1 1 1 1 1 1 1 1 1 1 1 1 1 1 1 1 1 1 1 1 1 1 1 1 1 1 1 1 1 1 1 1 1 1 1 1 1 1 1 1 1 1 1 1 1 1 1 1 1 1 1 1 1 1 1 1 1 1 1 1 1 1 1 1 1 1 1 1 1 1 1 1 1 1 1 1 1 1 1 1 1 1 1 1 1 1 1 1 1 1 1 1 1 1 1 1 1 1 1 1 1 1 1 1 1 1 1 1 1 1 1 1 1 1 1 1 1 1 1 1 1 1 1 1 1 1 1 1 1 1 1 1 1 1 1 1 1 1 1 1 1 1 1 1 1 1 1 1 1 1 1 1</float_array>
          <technique_common>
            <accessor source="#pickup_powerup_knockout_qc_skeleton_pickup_powerup_knockout-skin-weights-array" count="978" stride="1">
              <param name="WEIGHT" type="float"/>
            </accessor>
          </technique_common>
        </source>
        <joints>
          <input semantic="JOINT" source="#pickup_powerup_knockout_qc_skeleton_pickup_powerup_knockout-skin-joints"/>
          <input semantic="INV_BIND_MATRIX" source="#pickup_powerup_knockout_qc_skeleton_pickup_powerup_knockout-skin-bind_poses"/>
        </joints>
        <vertex_weights count="978">
          <input semantic="JOINT" source="#pickup_powerup_knockout_qc_skeleton_pickup_powerup_knockout-skin-joints" offset="0"/>
          <input semantic="WEIGHT" source="#pickup_powerup_knockout_qc_skeleton_pickup_powerup_knockout-skin-weights" offset="1"/>
          <vcount>1 1 1 1 1 1 1 1 1 1 1 1 1 1 1 1 1 1 1 1 1 1 1 1 1 1 1 1 1 1 1 1 1 1 1 1 1 1 1 1 1 1 1 1 1 1 1 1 1 1 1 1 1 1 1 1 1 1 1 1 1 1 1 1 1 1 1 1 1 1 1 1 1 1 1 1 1 1 1 1 1 1 1 1 1 1 1 1 1 1 1 1 1 1 1 1 1 1 1 1 1 1 1 1 1 1 1 1 1 1 1 1 1 1 1 1 1 1 1 1 1 1 1 1 1 1 1 1 1 1 1 1 1 1 1 1 1 1 1 1 1 1 1 1 1 1 1 1 1 1 1 1 1 1 1 1 1 1 1 1 1 1 1 1 1 1 1 1 1 1 1 1 1 1 1 1 1 1 1 1 1 1 1 1 1 1 1 1 1 1 1 1 1 1 1 1 1 1 1 1 1 1 1 1 1 1 1 1 1 1 1 1 1 1 1 1 1 1 1 1 1 1 1 1 1 1 1 1 1 1 1 1 1 1 1 1 1 1 1 1 1 1 1 1 1 1 1 1 1 1 1 1 1 1 1 1 1 1 1 1 1 1 1 1 1 1 1 1 1 1 1 1 1 1 1 1 1 1 1 1 1 1 1 1 1 1 1 1 1 1 1 1 1 1 1 1 1 1 1 1 1 1 1 1 1 1 1 1 1 1 1 1 1 1 1 1 1 1 1 1 1 1 1 1 1 1 1 1 1 1 1 1 1 1 1 1 1 1 1 1 1 1 1 1 1 1 1 1 1 1 1 1 1 1 1 1 1 1 1 1 1 1 1 1 1 1 1 1 1 1 1 1 1 1 1 1 1 1 1 1 1 1 1 1 1 1 1 1 1 1 1 1 1 1 1 1 1 1 1 1 1 1 1 1 1 1 1 1 1 1 1 1 1 1 1 1 1 1 1 1 1 1 1 1 1 1 1 1 1 1 1 1 1 1 1 1 1 1 1 1 1 1 1 1 1 1 1 1 1 1 1 1 1 1 1 1 1 1 1 1 1 1 1 1 1 1 1 1 1 1 1 1 1 1 1 1 1 1 1 1 1 1 1 1 1 1 1 1 1 1 1 1 1 1 1 1 1 1 1 1 1 1 1 1 1 1 1 1 1 1 1 1 1 1 1 1 1 1 1 1 1 1 1 1 1 1 1 1 1 1 1 1 1 1 1 1 1 1 1 1 1 1 1 1 1 1 1 1 1 1 1 1 1 1 1 1 1 1 1 1 1 1 1 1 1 1 1 1 1 1 1 1 1 1 1 1 1 1 1 1 1 1 1 1 1 1 1 1 1 1 1 1 1 1 1 1 1 1 1 1 1 1 1 1 1 1 1 1 1 1 1 1 1 1 1 1 1 1 1 1 1 1 1 1 1 1 1 1 1 1 1 1 1 1 1 1 1 1 1 1 1 1 1 1 1 1 1 1 1 1 1 1 1 1 1 1 1 1 1 1 1 1 1 1 1 1 1 1 1 1 1 1 1 1 1 1 1 1 1 1 1 1 1 1 1 1 1 1 1 1 1 1 1 1 1 1 1 1 1 1 1 1 1 1 1 1 1 1 1 1 1 1 1 1 1 1 1 1 1 1 1 1 1 1 1 1 1 1 1 1 1 1 1 1 1 1 1 1 1 1 1 1 1 1 1 1 1 1 1 1 1 1 1 1 1 1 1 1 1 1 1 1 1 1 1 1 1 1 1 1 1 1 1 1 1 1 1 1 1 1 1 1 1 1 1 1 1 1 1 1 1 1 1 1 1 1 1 1 1 1 1 1 1 1 1 1 1 1 1 1 1 1 1 1 1 1 1 1 1 1 1 1 1 1 1 1 1 1 1 1 1 1 1 1 1 1 1 1 1 1 1 1 1 1 1 1 1 1 1 1 1 1 1 1 1 1 1 1 1 1 1 1 1 1 1 1 1 1 1 1 1 1 1 1 1 1 1 1 1 1 1 1 1 1 1 1 1 1 1 1 1 1 1 1 1 1 1 1 1 1 1 1 1 1 1 1 1 1 1 1 1 1 1 1 1 1 1 1 1 1 1 1 1 1 1 1 1 1 1 1 1 1 1 1 1 1 1 1 1 1 1 1 1 1 1 1 1 1 1 1 1 1 1 1 1 1 1 1 1 1 1 1 1 1 1 1 1 1 1 1 1 1 1 1 1 1 1 1 </vcount>
          <v>0 0 0 1 0 2 0 3 0 4 0 5 0 6 0 7 0 8 0 9 0 10 0 11 0 12 0 13 0 14 0 15 0 16 0 17 0 18 0 19 0 20 0 21 0 22 0 23 0 24 0 25 0 26 0 27 0 28 0 29 0 30 0 31 0 32 0 33 0 34 0 35 0 36 0 37 0 38 0 39 0 40 0 41 0 42 0 43 0 44 0 45 0 46 0 47 0 48 0 49 0 50 0 51 0 52 0 53 0 54 0 55 0 56 0 57 0 58 0 59 0 60 0 61 0 62 0 63 0 64 0 65 0 66 0 67 0 68 0 69 0 70 0 71 0 72 0 73 0 74 0 75 0 76 0 77 0 78 0 79 0 80 0 81 0 82 0 83 0 84 0 85 0 86 0 87 0 88 0 89 0 90 0 91 0 92 0 93 0 94 0 95 0 96 0 97 0 98 0 99 0 100 0 101 0 102 0 103 0 104 0 105 0 106 0 107 0 108 0 109 0 110 0 111 0 112 0 113 0 114 0 115 0 116 0 117 0 118 0 119 0 120 0 121 0 122 0 123 0 124 0 125 0 126 0 127 0 128 0 129 0 130 0 131 0 132 0 133 0 134 0 135 0 136 0 137 0 138 0 139 0 140 0 141 0 142 0 143 0 144 0 145 0 146 0 147 0 148 0 149 0 150 0 151 0 152 0 153 0 154 0 155 0 156 0 157 0 158 0 159 0 160 0 161 0 162 0 163 0 164 0 165 0 166 0 167 0 168 0 169 0 170 0 171 0 172 0 173 0 174 0 175 0 176 0 177 0 178 0 179 0 180 0 181 0 182 0 183 0 184 0 185 0 186 0 187 0 188 0 189 0 190 0 191 0 192 0 193 0 194 0 195 0 196 0 197 0 198 0 199 0 200 0 201 0 202 0 203 0 204 0 205 0 206 0 207 0 208 0 209 0 210 0 211 0 212 0 213 0 214 0 215 0 216 0 217 0 218 0 219 0 220 0 221 0 222 0 223 0 224 0 225 0 226 0 227 0 228 0 229 0 230 0 231 0 232 0 233 0 234 0 235 0 236 0 237 0 238 0 239 0 240 0 241 0 242 0 243 0 244 0 245 0 246 0 247 0 248 0 249 0 250 0 251 0 252 0 253 0 254 0 255 0 256 0 257 0 258 0 259 0 260 0 261 0 262 0 263 0 264 0 265 0 266 0 267 0 268 0 269 0 270 0 271 0 272 0 273 0 274 0 275 0 276 0 277 0 278 0 279 0 280 0 281 0 282 0 283 0 284 0 285 0 286 0 287 0 288 0 289 0 290 0 291 0 292 0 293 0 294 0 295 0 296 0 297 0 298 0 299 0 300 0 301 0 302 0 303 0 304 0 305 0 306 0 307 0 308 0 309 0 310 0 311 0 312 0 313 0 314 0 315 0 316 0 317 0 318 0 319 0 320 0 321 0 322 0 323 0 324 0 325 0 326 0 327 0 328 0 329 0 330 0 331 0 332 0 333 0 334 0 335 0 336 0 337 0 338 0 339 0 340 0 341 0 342 0 343 0 344 0 345 0 346 0 347 0 348 0 349 0 350 0 351 0 352 0 353 0 354 0 355 0 356 0 357 0 358 0 359 0 360 0 361 0 362 0 363 0 364 0 365 0 366 0 367 0 368 0 369 0 370 0 371 0 372 0 373 0 374 0 375 0 376 0 377 0 378 0 379 0 380 0 381 0 382 0 383 0 384 0 385 0 386 0 387 0 388 0 389 0 390 0 391 0 392 0 393 0 394 0 395 0 396 0 397 0 398 0 399 0 400 0 401 0 402 0 403 0 404 0 405 0 406 0 407 0 408 0 409 0 410 0 411 0 412 0 413 0 414 0 415 0 416 0 417 0 418 0 419 0 420 0 421 0 422 0 423 0 424 0 425 0 426 0 427 0 428 0 429 0 430 0 431 0 432 0 433 0 434 0 435 0 436 0 437 0 438 0 439 0 440 0 441 0 442 0 443 0 444 0 445 0 446 0 447 0 448 0 449 0 450 0 451 0 452 0 453 0 454 0 455 0 456 0 457 0 458 0 459 0 460 0 461 0 462 0 463 0 464 0 465 0 466 0 467 0 468 0 469 0 470 0 471 0 472 0 473 0 474 0 475 0 476 0 477 0 478 0 479 0 480 0 481 0 482 0 483 0 484 0 485 0 486 0 487 0 488 0 489 0 490 0 491 0 492 0 493 0 494 0 495 0 496 0 497 0 498 0 499 0 500 0 501 0 502 0 503 0 504 0 505 0 506 0 507 0 508 0 509 0 510 0 511 0 512 0 513 0 514 0 515 0 516 0 517 0 518 0 519 0 520 0 521 0 522 0 523 0 524 0 525 0 526 0 527 0 528 0 529 0 530 0 531 0 532 0 533 0 534 0 535 0 536 0 537 0 538 0 539 0 540 0 541 0 542 0 543 0 544 0 545 0 546 0 547 0 548 0 549 0 550 0 551 0 552 0 553 0 554 0 555 0 556 0 557 0 558 0 559 0 560 0 561 0 562 0 563 0 564 0 565 0 566 0 567 0 568 0 569 0 570 0 571 0 572 0 573 0 574 0 575 0 576 0 577 0 578 0 579 0 580 0 581 0 582 0 583 0 584 0 585 0 586 0 587 0 588 0 589 0 590 0 591 0 592 0 593 0 594 0 595 0 596 0 597 0 598 0 599 0 600 0 601 0 602 0 603 0 604 0 605 0 606 0 607 0 608 0 609 0 610 0 611 0 612 0 613 0 614 0 615 0 616 0 617 0 618 0 619 0 620 0 621 0 622 0 623 0 624 0 625 0 626 0 627 0 628 0 629 0 630 0 631 0 632 0 633 0 634 0 635 0 636 0 637 0 638 0 639 0 640 0 641 0 642 0 643 0 644 0 645 0 646 0 647 0 648 0 649 0 650 0 651 0 652 0 653 0 654 0 655 0 656 0 657 0 658 0 659 0 660 0 661 0 662 0 663 0 664 0 665 0 666 0 667 0 668 0 669 0 670 0 671 0 672 0 673 0 674 0 675 0 676 0 677 0 678 0 679 0 680 0 681 0 682 0 683 0 684 0 685 0 686 0 687 0 688 0 689 0 690 0 691 0 692 0 693 0 694 0 695 0 696 0 697 0 698 0 699 0 700 0 701 0 702 0 703 0 704 0 705 0 706 0 707 0 708 0 709 0 710 0 711 0 712 0 713 0 714 0 715 0 716 0 717 0 718 0 719 0 720 0 721 0 722 0 723 0 724 0 725 0 726 0 727 0 728 0 729 0 730 0 731 0 732 0 733 0 734 0 735 0 736 0 737 0 738 0 739 0 740 0 741 0 742 0 743 0 744 0 745 0 746 0 747 0 748 0 749 0 750 0 751 0 752 0 753 0 754 0 755 0 756 0 757 0 758 0 759 0 760 0 761 0 762 0 763 0 764 0 765 0 766 0 767 0 768 0 769 0 770 0 771 0 772 0 773 0 774 0 775 0 776 0 777 0 778 0 779 0 780 0 781 0 782 0 783 0 784 0 785 0 786 0 787 0 788 0 789 0 790 0 791 0 792 0 793 0 794 0 795 0 796 0 797 0 798 0 799 0 800 0 801 0 802 0 803 0 804 0 805 0 806 0 807 0 808 0 809 0 810 0 811 0 812 0 813 0 814 0 815 0 816 0 817 0 818 0 819 0 820 0 821 0 822 0 823 0 824 0 825 0 826 0 827 0 828 0 829 0 830 0 831 0 832 0 833 0 834 0 835 0 836 0 837 0 838 0 839 0 840 0 841 0 842 0 843 0 844 0 845 0 846 0 847 0 848 0 849 0 850 0 851 0 852 0 853 0 854 0 855 0 856 0 857 0 858 0 859 0 860 0 861 0 862 0 863 0 864 0 865 0 866 0 867 0 868 0 869 0 870 0 871 0 872 0 873 0 874 0 875 0 876 0 877 0 878 0 879 0 880 0 881 0 882 0 883 0 884 0 885 0 886 0 887 0 888 0 889 0 890 0 891 0 892 0 893 0 894 0 895 0 896 0 897 0 898 0 899 0 900 0 901 0 902 0 903 0 904 0 905 0 906 0 907 0 908 0 909 0 910 0 911 0 912 0 913 0 914 0 915 0 916 0 917 0 918 0 919 0 920 0 921 0 922 0 923 0 924 0 925 0 926 0 927 0 928 0 929 0 930 0 931 0 932 0 933 0 934 0 935 0 936 0 937 0 938 0 939 0 940 0 941 0 942 0 943 0 944 0 945 0 946 0 947 0 948 0 949 0 950 0 951 0 952 0 953 0 954 0 955 0 956 0 957 0 958 0 959 0 960 0 961 0 962 0 963 0 964 0 965 0 966 0 967 0 968 0 969 0 970 0 971 0 972 0 973 0 974 0 975 0 976 0 977</v>
        </vertex_weights>
      </skin>
    </controller>
  </library_controllers>
  <library_animations>
    <animation id="action_container-pickup_powerup_knockout_qc_skeleton" name="pickup_powerup_knockout.qc_skeleton"/>
  </library_animations>
  <library_visual_scenes>
    <visual_scene id="emitter_qc" name="emitter.qc">
      <node id="pickup_powerup_knockout_qc_skeleton" name="pickup_powerup_knockout.qc_skeleton" type="NODE">
        <matrix sid="transform">1 0 0 0 0 1 0 0 0 0 1 0 0 0 0 1</matrix>
        <node id="pickup_powerup_knockout_qc_skeleton_jnt_spin" name="jnt_spin" sid="jnt_spin" type="JOINT">
          <matrix sid="transform">0.9985334 0 0.05413851 0 0 1 0 0 -0.05413851 0 0.9985334 0 0 0 0 1</matrix>
          <extra>
            <technique profile="blender">
              <layer sid="layer" type="string">0</layer>
              <roll sid="roll" type="float">0.05416494</roll>
              <tip_x sid="tip_x" type="float">0</tip_x>
              <tip_y sid="tip_y" type="float">0.000999987</tip_y>
              <tip_z sid="tip_z" type="float">0</tip_z>
            </technique>
          </extra>
        </node>
        <node id="pickup_powerup_knockout" name="pickup_powerup_knockout" type="NODE">
          <matrix sid="transform">1 0 0 0 0 1 0 0 0 0 1 0 0 0 0 1</matrix>
          <instance_controller url="#pickup_powerup_knockout_qc_skeleton_pickup_powerup_knockout-skin">
            <skeleton>#pickup_powerup_knockout_qc_skeleton_jnt_spin</skeleton>
            <bind_material>
              <technique_common>
                <instance_material symbol="pickup_powerup_set_new-material" target="#pickup_powerup_set_new-material">
                  <bind_vertex_input semantic="UVMap" input_semantic="TEXCOORD" input_set="0"/>
                </instance_material>
              </technique_common>
            </bind_material>
          </instance_controller>
        </node>
      </node>
    </visual_scene>
  </library_visual_scenes>
  <scene>
    <instance_visual_scene url="#emitter_qc"/>
  </scene>
</COLLADA>