<?xml version="1.0" encoding="utf-8"?>
<COLLADA xmlns="http://www.collada.org/2005/11/COLLADASchema" version="1.4.1" xmlns:xsi="http://www.w3.org/2001/XMLSchema-instance">
  <asset>
    <contributor>
      <author>Blender User</author>
      <authoring_tool>Blender 2.90.1 commit date:2020-09-23, commit time:06:43, hash:3e85bb34d0d7</authoring_tool>
    </contributor>
    <created>2023-10-29T01:43:14</created>
    <modified>2023-10-29T01:43:14</modified>
    <unit name="meter" meter="1"/>
    <up_axis>Z_UP</up_axis>
  </asset>
  <library_effects>
    <effect id="pickup_powerup_set_new-effect">
      <profile_COMMON>
        <newparam sid="pickup_powerup_set_new_png-surface">
          <surface type="2D">
            <init_from>pickup_powerup_set_new_png</init_from>
          </surface>
        </newparam>
        <newparam sid="pickup_powerup_set_new_png-sampler">
          <sampler2D>
            <source>pickup_powerup_set_new_png-surface</source>
          </sampler2D>
        </newparam>
        <technique sid="common">
          <lambert>
            <emission>
              <color sid="emission">0 0 0 1</color>
            </emission>
            <diffuse>
              <texture texture="pickup_powerup_set_new_png-sampler" texcoord="UVMap"/>
            </diffuse>
            <index_of_refraction>
              <float sid="ior">1.45</float>
            </index_of_refraction>
          </lambert>
        </technique>
      </profile_COMMON>
    </effect>
  </library_effects>
  <library_images>
    <image id="pickup_powerup_set_new_png" name="pickup_powerup_set_new_png">
      <init_from>pickup_powerup_set_new.png</init_from>
    </image>
  </library_images>
  <library_materials>
    <material id="pickup_powerup_set_new-material" name="pickup_powerup_set_new">
      <instance_effect url="#pickup_powerup_set_new-effect"/>
    </material>
  </library_materials>
  <library_geometries>
    <geometry id="pickup_powerup_regen-mesh" name="pickup_powerup_regen">
      <mesh>
        <source id="pickup_powerup_regen-mesh-positions">
          <float_array id="pickup_powerup_regen-mesh-positions-array" count="1674">5.961811 16.9228 2.72878 5.851521 16.75 2.72878 6.1827 16.6602 2.26178 5.82254 14.156 2.72878 6.02347 13.8779 2.26178 21.0161 33.1925 2.26178 20.7439 38.9999 2.26178 20.5059 38.7528 2.72878 20.6772 33.2459 2.72878 19.3971 28.6709 2.728781 19.7145 28.5406 2.26178 17.0936 24.516 2.72878 17.3723 24.3158 2.26178 13.8916 21.0065 2.72878 14.1164 20.7473 2.26178 10.1235 18.0286 2.26178 9.964712 18.3327 2.72878 -13.5338 40.3654 4.28192 -11.9627 39.861 4.281919 -12.9619 46.7012 4.28192 -18.9013 42.0887 4.28192 -14.4736 39.9597 4.281919 -18.4518 41.0813 4.28192 -15.0392 36.4372 4.28192 -19.1693 36.6128 4.28192 -14.7836 32.9988 4.28192 -18.8424 32.2144 4.281919 -13.7397 29.7126 4.28192 -17.5071 28.0109 4.28192 -11.9642 26.7571 4.28192 -15.2357 24.2301 4.28192 -9.553151 24.2923 4.28192 -12.1515 21.0772 4.28192 -6.873551 22.601 4.28192 -8.657961 18.8721 4.28192 -20.3119 42.5416 4.28192 -13.4654 38.9405 2.72878 -13.2331 38.6879 2.26178 -13.3028 39.0239 2.72878 -10.6456 38.6257 2.72878 -10.4238 38.3638 2.26178 -13.5194 40.0695 3.92554 -11.6241 39.461 3.92554 -14.2239 39.7654 3.92554 -13.5194 40.0695 2.72878 -11.6241 39.461 2.72878 -14.2239 39.7654 2.72878 -19.1041 41.8625 3.92554 -20.9995 42.4711 3.92554 -18.7387 41.0437 3.92554 -20.9995 42.4711 2.72878 -19.1041 41.8625 2.72878 -19.4483 36.6247 3.92554 -19.1166 32.1615 3.92554 -17.7615 27.896 3.92554 -15.4567 24.0595 3.92554 -12.3271 20.86 3.92554 -8.542322 18.4712 3.92554 -12.3271 20.86 2.72878 -8.542322 18.4712 2.72878 -15.4567 24.0595 2.72878 -17.7615 27.896 2.72878 -19.1166 32.1615 2.72878 -19.4483 36.6247 2.72878 -18.7387 41.0437 2.72878 2.87255 24.2446 4.281919 3.47034 22.7923 3.92554 3.04966 24.7379 3.92554 3.22127 22.6319 4.281919 3.47034 22.7923 2.728781 3.04966 24.7379 2.72878 4.08591 22.3342 3.92554 4.042511 22.0209 4.28192 4.08591 22.3342 2.72878 4.70984 17.0593 3.92554 5.06027 18.0148 4.28192 4.41254 17.1218 4.28192 5.23629 17.7851 3.92554 4.72567 15.6738 4.28192 5.13049 15.1135 3.92554 5.13049 15.1135 2.72878 4.70984 17.0593 2.72878 9.288831 19.6277 4.28192 9.418022 19.3801 3.92554 13.1175 21.899 3.92554 12.9345 22.11 4.28192 16.134 25.2052 3.92554 15.9072 25.3681 4.28192 18.3041 29.1195 3.92554 18.0458 29.2256 4.28192 19.5101 33.4296 3.92554 19.2342 33.473 4.281919 19.3971 37.6011 4.28192 19.6865 37.9017 3.92554 19.5101 33.4296 2.72878 19.6865 37.9017 2.72878 18.3041 29.1195 2.72878 16.134 25.2052 2.72878 13.1175 21.899 2.72878 9.418022 19.3801 2.72878 5.23629 17.7851 2.72878 -19.8483 40.8466 2.72878 -19.9428 41.0285 2.72878 -20.1861 40.7865 2.26178 -22.1748 42.3506 2.72878 -22.5161 42.3156 2.26178 -20.6287 36.675 2.72878 -20.9715 36.6895 2.26178 -20.2765 31.9373 2.72878 -20.6135 31.8722 2.26178 -18.8383 27.4096 2.72878 -19.151 27.2683 2.26178 -16.3918 23.3372 2.72878 -16.6633 23.1275 2.26178 -13.0697 19.9412 2.72878 -13.2854 19.6743 2.26178 -8.21501 17.336 2.72878 -8.11996 17.0063 2.26178 8.979071 44.9006 4.28192 9.93798 46.1445 3.92554 8.463311 44.8073 3.92554 10.2014 46.0089 4.28192 10.0269 46.9066 3.92554 10.32 47.0257 4.281919 9.937981 46.1445 2.72878 8.463311 44.8073 2.72878 10.0269 46.9066 2.72878 14.2831 50.0844 3.92554 15.4751 50.7908 4.28192 15.7579 51.4216 3.92554 14.3776 49.7956 4.28192 13.2804 49.9101 4.28192 13.3913 50.1774 3.92554 15.7579 51.4216 2.72878 14.2831 50.0844 2.72878 9.769361 52.7657 4.28192 9.919131 53.0014 3.92554 5.88799 54.9457 3.92554 5.79678 54.6818 4.28192 1.48879 55.6272 4.28192 13.3913 50.1774 2.72878 9.919132 53.0014 2.72878 5.88799 54.9457 2.72878 1.51645 55.905 3.92554 -2.95847 55.8272 3.92554 -2.92117 55.5505 4.28192 -7.29405 54.7166 3.92554 -7.19374 54.456 4.28192 -10.8502 52.533 4.28192 -11.2553 52.6333 3.92554 -7.29405 54.7166 2.72878 -11.2553 52.6333 2.72878 -2.95847 55.8272 2.72878 1.51645 55.905 2.72878 4.41254 17.1218 -4.281919 4.72567 15.6738 -4.28192 -2.55167 19.9592 -4.28192 19.2342 33.473 -4.28192 15.2756 37.282 -4.28192 19.3971 37.6011 -4.281919 15.1506 34.1157 -4.28192 18.0458 29.2256 -4.28192 14.2216 30.7954 -4.28192 12.5498 27.7799 -4.28192 15.9072 25.3681 -4.28192 10.2259 25.2328 -4.28192 12.9345 22.11 -4.28192 9.28883 19.6277 -4.28192 7.375891 23.2923 -4.28192 5.06027 18.0148 -4.28192 4.042511 22.0209 -4.28192 3.22127 22.6319 -4.28192 2.87255 24.2446 -4.28192 4.70984 17.0593 -3.92554 5.13049 15.1135 -3.92554 5.23629 17.7851 -3.92554 5.13049 15.1135 -2.72878 4.70984 17.0593 -2.72878 19.5101 33.4296 -3.92554 19.6865 37.9017 -3.92554 18.3041 29.1195 -3.92554 16.134 25.2052 -3.92554 13.1175 21.899 -3.92554 9.418021 19.3801 -3.92554 5.23629 17.7851 -2.72878 9.418021 19.3801 -2.72878 13.1175 21.899 -2.72878 16.134 25.2052 -2.72878 18.3041 29.1195 -2.72878 19.5101 33.4296 -2.72878 19.6865 37.9017 -2.72878 -19.1041 41.8625 -3.925539 -20.3119 42.5416 -4.28192 -18.9013 42.0887 -4.281919 -20.9995 42.4711 -3.92554 -18.4518 41.0813 -4.28192 -18.7387 41.0437 -3.92554 -20.9995 42.4711 -2.72878 -19.1041 41.8625 -2.72878 -8.542322 18.4712 -3.92554 -8.542322 18.4712 -2.72878 -12.3271 20.86 -2.72878 -12.3271 20.86 -3.92554 -8.657961 18.8721 -4.281919 -12.1515 21.0772 -4.281919 -15.2357 24.2301 -4.28192 -15.4567 24.0595 -3.92554 -17.5071 28.0109 -4.28192 -17.7615 27.896 -3.92554 -18.8424 32.2144 -4.281919 -19.1166 32.1615 -3.92554 -19.1693 36.6128 -4.28192 -19.4483 36.6247 -3.92554 -18.7387 41.0437 -2.72878 -19.4483 36.6247 -2.72878 -19.1166 32.1615 -2.72878 -17.7615 27.896 -2.72878 -15.4567 24.0595 -2.72878 -12.9619 46.7012 -4.281919 -6.87355 22.601 -4.28192 -9.553151 24.2923 -4.28192 -11.9642 26.7571 -4.28192 -13.7397 29.7126 -4.281919 -14.7836 32.9988 -4.281919 -15.0392 36.4372 -4.28192 -14.4736 39.9597 -4.28192 -13.5338 40.3654 -4.281919 -11.9627 39.861 -4.28192 6.768761 48.0439 -2.72878 8.93325 46.6621 -2.72878 8.59836 46.5873 -2.26178 6.584701 47.7543 -2.26178 3.96956 49.394 -2.72878 3.85751 49.0698 -2.26178 0.900031 49.7188 -2.26178 0.934021 50.0602 -2.72878 -2.17323 50.0062 -2.72878 -2.12743 49.6661 -2.26178 -5.18388 49.2349 -2.72878 -5.06059 48.9148 -2.26178 -8.88651 47.6161 -2.72878 -8.969061 47.2831 -2.26178 -2.33124 51.1771 -3.92554 -5.608301 50.3376 -2.72878 -5.608301 50.3376 -3.92554 -2.33124 51.1771 -2.72878 1.05114 51.2359 -3.92554 1.05114 51.2359 -2.72878 4.35547 50.5108 -3.92554 4.35547 50.5108 -2.72878 -8.602381 48.7629 -2.72878 -8.60238 48.7629 -3.92554 -8.51312 49.1232 -4.28192 -5.70859 50.5981 -4.281919 -2.36854 51.4538 -4.281919 1.0788 51.5137 -4.28192 4.446651 50.7746 -4.281919 7.402431 49.0411 -3.92554 7.402431 49.0411 -2.72878 10.0269 46.9066 -3.92554 10.0269 46.9066 -2.72878 7.55219 49.2768 -4.28192 10.32 47.0257 -4.28192 -12.402 52.9174 -2.72878 -12.7351 53 -2.26178 -11.2553 52.6333 -2.72878 -11.2553 52.6333 -3.92554 -10.8502 52.533 -4.28192 4.08591 22.3342 -3.92554 3.47034 22.7923 -3.92554 3.04966 24.7379 -3.92554 3.47034 22.7923 -2.72878 3.04966 24.7379 -2.72878 4.08591 22.3342 -2.72878 -4.79121 19.9555 -2.26178 5.82254 14.156 -2.72878 6.02347 13.8779 -2.26178 -4.44889 19.9789 -2.72878 -3.04139 19.9258 -2.72878 -3.04139 19.9258 -3.92554 3.28375 26.003 -2.72878 3.39972 26.326 -2.26178 4.523671 23.731 -2.26178 4.26749 23.5027 -2.72878 4.421031 23.4035 -2.72878 14.3776 49.7956 -4.28192 15.4751 50.7908 -4.28192 15.4025 42.3458 -4.28192 8.97907 44.9006 -4.28192 10.2014 46.0089 -4.28192 13.2804 49.9101 -4.281919 9.76936 52.7657 -4.28192 5.79678 54.6818 -4.28192 1.48879 55.6272 -4.28192 -2.92117 55.5505 -4.281919 -7.19374 54.456 -4.281919 6.182701 16.6602 -2.26178 5.851521 16.75 -2.72878 5.96181 16.9228 -2.72878 21.0161 33.1925 -2.26178 20.5059 38.7528 -2.72878 20.7439 38.9999 -2.26178 20.6772 33.2459 -2.72878 19.3971 28.6709 -2.72878 19.7145 28.5406 -2.26178 17.0936 24.516 -2.72878 17.3723 24.3158 -2.26178 13.8916 21.0065 -2.72878 14.1164 20.7473 -2.26178 10.1235 18.0286 -2.26178 9.96471 18.3327 -2.72878 5.88799 54.9457 -3.92554 9.919131 53.0014 -3.92554 13.3913 50.1774 -3.92554 -7.29405 54.7166 -3.92554 -2.95847 55.8272 -3.92554 1.51645 55.905 -3.92554 5.88799 54.9457 -2.72878 9.91913 53.0014 -2.72878 13.3913 50.1774 -2.72878 1.51645 55.905 -2.72878 -2.95847 55.8272 -2.72878 -7.294051 54.7166 -2.72878 14.2831 50.0844 -3.92554 14.2831 50.0844 -2.72878 15.7579 51.4216 -3.92554 15.7579 51.4216 -2.72878 8.92416 46.4796 -2.72878 7.2507 44.3775 -2.72878 6.913001 44.3164 -2.26178 6.69994 24.5871 -2.72878 6.541191 24.8913 -2.26178 9.268779 26.3363 -2.72878 9.043991 26.5954 -2.26178 11.0848 28.8322 -2.26178 11.3635 28.632 -2.72878 12.8703 31.35 -2.72878 12.5529 31.4804 -2.26178 13.7077 34.3429 -2.72878 13.3688 34.3962 -2.26178 14.1571 38.3589 -2.72878 13.9099 38.5969 -2.26178 7.2467 23.5398 -2.72878 10.0429 25.4437 -2.72878 12.323 27.9428 -2.72878 13.9633 30.9014 -2.72878 14.8748 34.1592 -2.72878 15.0082 37.5395 -2.72878 13.7754 51.2369 -2.72878 13.8923 51.5594 -2.26178 13.9802 51.2278 -2.72878 16.2411 52.4997 -2.72878 16.3815 52.8127 -2.26178 -7.841761 56.1394 -2.26178 -7.718511 55.8192 -2.72878 -3.11644 56.9981 -2.72878 -3.16228 57.3381 -2.26178 1.66759 57.4221 -2.26178 1.6336 57.0807 -2.72878 6.27386 56.0624 -2.72878 6.38596 56.3867 -2.26178 10.7369 54.2881 -2.26178 10.5529 53.9985 -2.72878 15.4025 42.3458 4.28192 7.552189 49.2768 4.28192 4.44665 50.7746 4.28192 1.0788 51.5137 4.281919 -2.36854 51.4538 4.28192 -5.708591 50.5981 4.28192 -8.513119 49.1232 4.28192 13.9099 38.5969 2.26178 14.1571 38.3589 2.72878 -11.8454 48.6426 -2.26178 -11.8454 48.6426 2.26178 -10.4238 38.3638 -2.26178 -22.5161 42.3156 -2.26178 -20.1861 40.7865 -2.26178 -13.2331 38.6879 -2.26178 -5.05198 23.1262 2.26178 -8.11996 17.0063 -2.26178 -5.05198 23.1262 -2.26178 3.39972 26.326 2.26178 4.52367 23.731 2.26178 -4.79121 19.9555 2.26178 6.541191 24.8913 2.26178 9.043992 26.5954 2.26178 11.0848 28.8322 2.26178 12.5529 31.4804 2.26178 13.3688 34.3962 2.26178 6.913 44.3164 2.26178 16.5255 40.4081 -2.26178 16.5255 40.4081 2.26178 13.8923 51.5594 2.26178 16.3815 52.8127 2.26178 8.598361 46.5873 2.26178 -8.969059 47.2831 2.26178 -12.7351 53 2.26178 6.5847 47.7543 2.26178 3.85751 49.0698 2.26178 0.900031 49.7188 2.26178 -2.12743 49.6661 2.26178 -5.06059 48.9148 2.26178 9.93798 46.1445 -3.92554 8.463311 44.8073 -3.92554 9.937979 46.1445 -2.72878 8.463311 44.8073 -2.72878 16.334 40.6929 -2.72878 15.6763 41.9384 -2.72878 15.6763 41.9384 -3.92554 13.9633 30.9014 -3.92554 14.8748 34.1592 -3.92554 12.323 27.9428 -3.92554 10.0429 25.4437 -3.92554 7.2467 23.5398 -3.92554 15.0082 37.5395 -3.92554 -13.4654 38.9405 -2.72878 -13.3028 39.0239 -2.72878 -10.6456 38.6257 -2.72878 -14.2239 39.7654 -3.92554 -13.5194 40.0695 -3.92554 -11.6241 39.461 -3.92554 -13.5194 40.0695 -2.72878 -11.6241 39.461 -2.72878 -14.2239 39.7654 -2.72878 -22.1748 42.3506 -2.72878 -11.9963 48.3344 -2.72878 -12.746 47.142 -2.72878 -12.746 47.142 -3.92554 -19.9428 41.0285 -2.72878 -19.8483 40.8466 -2.72878 -13.2854 19.6743 -2.26178 -8.215011 17.336 -2.72878 -13.0697 19.9412 -2.72878 -16.6633 23.1275 -2.26178 -16.3918 23.3372 -2.72878 -19.151 27.2683 -2.26178 -18.8383 27.4096 -2.72878 -20.6135 31.8722 -2.26178 -20.2765 31.9373 -2.728781 -20.9715 36.6895 -2.26178 -20.6287 36.675 -2.72878 8.924161 46.4796 2.72878 7.2507 44.3775 2.72878 15.6763 41.9384 2.72878 16.334 40.6929 2.72878 16.2411 52.4997 2.72878 13.9802 51.2278 2.72878 13.7754 51.2369 2.72878 10.5529 53.9985 2.72878 6.27386 56.0624 2.72878 1.6336 57.0807 2.72878 -3.11644 56.9981 2.72878 -7.718511 55.8192 2.72878 -12.402 52.9174 2.72878 -8.88651 47.6161 2.72878 -8.602379 48.7629 2.72878 -5.18388 49.2349 2.72878 -5.608301 50.3376 2.72878 -2.17323 50.0062 2.72878 -2.33124 51.1771 2.728781 1.05114 51.2359 2.72878 0.934021 50.0602 2.72878 4.35547 50.5108 2.72878 3.96956 49.394 2.72878 7.402431 49.0411 2.72878 6.768761 48.0439 2.72878 8.933252 46.6621 2.72878 -13.5798 36.3751 -2.72878 -13.237 36.3605 -2.26178 -13.3495 33.2759 -2.72878 -13.0126 33.341 -2.26178 -12.0959 30.4552 -2.26178 -12.4086 30.3139 -2.72878 -10.8082 27.65 -2.72878 -10.5366 27.8597 -2.26178 -8.419342 25.6952 -2.26178 -8.634951 25.4283 -2.72878 -5.381711 23.0312 -2.72878 -11.7432 26.9277 -3.92554 -9.377652 24.5095 -2.72878 -9.377651 24.5095 -3.92554 -11.7432 26.9277 -2.72878 -13.4853 29.8276 -3.92554 -13.4853 29.8276 -2.72878 -14.5095 33.0517 -3.92554 -14.5095 33.0517 -2.72878 -6.51688 22.7039 -2.72878 -6.516881 22.7039 -3.92554 -14.7602 36.4253 -3.92554 -14.7602 36.4253 -2.72878 10.7369 54.2881 2.26178 6.385961 56.3867 2.26178 1.66759 57.4221 2.26178 -3.16228 57.3381 2.26178 -7.84176 56.1394 2.26178 7.2467 23.5398 2.72878 7.37589 23.2923 4.28192 7.2467 23.5398 3.92554 10.0429 25.4437 2.72878 10.0429 25.4437 3.92554 12.323 27.9428 2.72878 12.323 27.9428 3.92554 13.9633 30.9014 2.72878 13.9633 30.9014 3.92554 14.8748 34.1592 2.72878 14.8748 34.1592 3.92554 15.0082 37.5395 2.72878 15.0082 37.5395 3.92554 15.2756 37.282 4.28192 15.1506 34.1157 4.28192 14.2216 30.7954 4.28192 12.5498 27.7799 4.281919 10.2259 25.2328 4.281919 4.35547 50.5108 3.92554 1.05114 51.2359 3.92554 -2.33124 51.1771 3.92554 -5.608301 50.3376 3.92554 -8.60238 48.7629 3.92554 7.402431 49.0411 3.92554 -4.448891 19.9789 2.72878 3.28375 26.003 2.72878 4.26749 23.5027 2.72878 4.421031 23.4035 2.72878 -11.9963 48.3344 2.72878 -5.381711 23.0312 2.72878 -13.237 36.3605 2.26178 -13.0126 33.341 2.26178 -12.0959 30.4552 2.26178 -10.5366 27.8597 2.26178 -8.419341 25.6952 2.26178 -3.04139 19.9258 2.72878 13.7077 34.3429 2.72878 12.8703 31.35 2.72878 11.3635 28.632 2.72878 9.26878 26.3363 2.72878 6.69994 24.5871 2.72878 -2.55167 19.9592 4.28192 -12.746 47.142 2.72878 -6.516881 22.7039 2.72878 -8.634949 25.4283 2.72878 -9.377651 24.5095 2.72878 -10.8082 27.65 2.72878 -11.7432 26.9277 2.72878 -13.4853 29.8276 2.72878 -12.4086 30.3139 2.72878 -13.3495 33.2759 2.72878 -14.5095 33.0517 2.72878 -14.7602 36.4253 2.72878 -13.5798 36.3751 2.72878 -13.4853 29.8276 3.92554 -14.5095 33.0517 3.92554 -14.7602 36.4253 3.92554 -11.7432 26.9277 3.92554 -9.377651 24.5095 3.92554 -6.51688 22.7039 3.92554 15.6763 41.9384 3.92554 -12.746 47.142 3.92554 -3.04139 19.9258 3.92554</float_array>
          <technique_common>
            <accessor source="#pickup_powerup_regen-mesh-positions-array" count="558" stride="3">
              <param name="X" type="float"/>
              <param name="Y" type="float"/>
              <param name="Z" type="float"/>
            </accessor>
          </technique_common>
        </source>
        <source id="pickup_powerup_regen-mesh-normals">
          <float_array id="pickup_powerup_regen-mesh-normals-array" count="3651">0.4972622 -0.6240206 0.6027675 0.766876 -0.2487639 0.5916231 0.6359654 -0.4491387 0.6275528 0.8901514 -0.1937757 0.4124096 0.810603 -0.04637974 0.5837566 0.9442961 -0.04017537 0.3266356 0.7668663 -0.2487878 0.5916256 0.9440369 -0.1069678 0.3120133 0.9500232 0.02538621 0.3111456 0.8062415 0.01199448 0.591465 0.8010407 -0.09057444 0.5917181 0.7281721 -0.298918 0.6167767 0.8743351 -0.3589155 0.3266769 0.6544907 -0.4701291 0.5921322 0.7716676 -0.5543027 0.3118939 0.5157382 -0.5946099 0.6168089 0.619283 -0.7139921 0.3266556 0.437358 -0.8378654 0.326649 0.3723924 -0.7261607 0.5779399 0.4661849 -0.7780817 0.4210232 0.497277 -0.6240245 0.6027513 3.3403e-7 -2.75552e-7 1 7.44865e-7 0 1 1.45811e-7 0 1 0 0 1 1.24288e-7 -6.4782e-7 1 0 0 1 0 0 1 -1.58121e-7 0 1 -2.3187e-7 0 1 -1.59576e-7 0 1 0 0 1 0 0 1 0 0 1 0 0 1 0 0 1 0 0 1 0 0 1 0 0 1 0 0 1 0.3724257 -0.7260934 0.5780031 0.1432678 -0.7931084 0.5919911 0.1432672 -0.7931095 0.5919897 0.05872231 -0.9090382 0.4125547 -0.09400069 -0.8147212 0.572183 0.1433007 -0.7931078 0.591984 -0.1093481 -0.947685 0.2998937 -0.2631928 -0.7616565 0.5921226 -0.08574271 -0.8890276 0.4497534 -0.2891359 -0.9005445 0.3246846 0.03722548 -0.7680952 0.6392527 0.03725665 -0.7680856 0.6392624 0.3748454 -0.8683698 0.3246919 0.1712962 -0.8765705 0.4497578 0.2828346 -0.7346041 0.6167346 -0.2891423 -0.9005407 0.3246896 -0.3056895 -0.9521313 2.20728e-6 -0.3056895 -0.9521313 6.40519e-6 -0.2891131 -0.9005517 0.3246852 0.3748655 -0.8683637 0.3246854 0.3963084 -0.9181175 1.76861e-7 0.3963089 -0.9181172 0 0.3748506 -0.8683699 0.3246857 -0.4718858 -0.7538021 0.4572813 -0.263206 -0.7616643 0.5921065 -0.2891605 -0.9005265 0.3247123 -0.5080049 -0.5666119 0.6487542 -0.6980118 -0.5510573 0.4572916 -0.7697485 -0.1007779 0.6303422 -0.5080038 -0.5666026 0.6487632 -0.8698207 -0.2176656 0.4427571 -0.2891719 -0.9005328 0.3246852 -0.30572 -0.9521216 0 -0.3057208 -0.9521213 0 -0.2891417 -0.9005424 0.3246851 -0.9069337 -0.01468747 0.4210174 -0.7864233 0.0334537 0.6167815 -0.7697304 -0.1007877 0.6303625 -0.9443096 0.04017335 0.326597 -0.9279785 -0.1793185 0.3266508 -0.7728326 -0.1493607 0.6167829 -0.8658739 -0.3911323 0.3118941 -0.7069684 -0.3261948 0.627529 -0.7480055 -0.5777442 0.3266488 -0.6229962 -0.4812041 0.6166996 -0.5941021 -0.7350807 0.3266485 -0.494736 -0.6121487 0.6168552 -0.42098 -0.6669422 0.6147876 -0.5048224 -0.7998167 0.3247272 -0.6285825 -0.777743 0 -0.5337393 -0.845649 0 -0.7914218 -0.6112706 0 -0.9113314 -0.4116736 1.28379e-6 -0.9818351 -0.1897364 1.19279e-7 -0.9990962 0.0425055 -1.35216e-6 -0.9915319 -0.1298639 9.35859e-7 -0.9737454 -0.04498255 0.2231516 -0.9524855 -0.2072619 0.2231906 -0.9113473 -0.4116383 1.04987e-6 -0.9915299 -0.1298792 1.75622e-6 -0.8658604 -0.391133 0.3119311 0.7912458 0.1528718 0.5920813 0.8127818 0.3702618 0.4497689 0.932847 0.1802805 0.3119221 0.6465645 0.4162895 0.6392633 0.9328438 0.1802644 0.311941 0.9818355 0.1897342 1.05865e-6 0.9818356 0.1897342 0 0.932847 0.1802498 0.31194 0.6465468 0.4162997 0.6392745 0.564619 0.7588124 0.3246678 0.6734813 0.5866285 0.4497667 0.4947696 0.6122412 0.6167364 0.5646045 0.7588158 0.3246851 0.5970118 0.8022326 0 0.5970118 0.8022325 0 0.5646544 0.7587787 0.3246852 0.8262506 -0.3289486 0.4572777 0.47214 -0.6162217 0.6303609 0.7447143 -0.1566258 0.6487443 0.6234247 -0.6444448 0.4427557 0.8887546 -0.03173452 0.4572837 0.7912232 0.1528876 0.5921075 0.9328441 0.1802808 0.3119308 0.7446891 -0.1566556 0.648766 0.9328503 0.1802309 0.311941 0.9818333 0.1897459 1.05106e-6 0.9818332 0.1897464 0 0.932844 0.1802597 0.3119431 0.46619 -0.7780816 0.4210177 0.3642295 -0.6977579 0.6168232 0.4721671 -0.6162054 0.6303564 0.4373597 -0.8378752 0.3266218 0.6192875 -0.7139966 0.3266374 0.5157189 -0.5945847 0.6168493 0.7716483 -0.554289 0.3119659 0.6359761 -0.4491611 0.6275259 0.8743453 -0.3589209 0.3266436 0.7281771 -0.2989053 0.616777 0.9338629 -0.1499687 0.3246685 0.7792211 -0.1250933 0.6141387 0.7865466 -0.03337496 0.6166284 0.9443098 -0.04016524 0.3265975 0.9873363 -0.1586409 2.88675e-7 0.9990913 -0.04262244 0 0.92509 -0.3797481 -2.4144e-6 0.8121817 -0.5834046 -2.38554e-7 0.6552259 -0.7554332 3.13999e-7 0.4627394 -0.8864944 0 0.6082388 -0.7937542 0 0.5258368 -0.8207921 0.2231501 0.6557503 -0.7212265 0.2232129 0.8121746 -0.5834146 0 0.6082578 -0.7937396 0 0.7716478 -0.5543099 0.3119302 -0.7890532 -0.1186463 0.6027588 -0.5988568 -0.5397515 0.5916408 -0.7069572 -0.3261985 0.6275397 -0.6128829 -0.6740236 0.4123916 -0.4454696 -0.6788073 0.5837616 -0.5048232 -0.7998266 0.3247015 -0.5988977 -0.539728 0.591621 -0.7864536 0.03346365 0.6167423 -0.7890476 -0.1186658 0.6027624 -0.9069253 -0.01467013 0.4210359 -0.9443001 0.0401839 0.3266234 -0.7728315 -0.1493389 0.6167896 -0.927973 -0.179312 0.3266702 -0.7344 -0.3317326 0.5921234 -0.8658445 -0.3911221 0.3119884 -0.6229646 -0.481163 0.6167636 -0.7479966 -0.5777575 0.3266458 -0.4789111 -0.6484746 0.5917136 -0.5646575 -0.764077 0.3120069 -0.3724933 -0.7211621 0.5841011 -0.4367694 -0.8456207 0.306852 -0.5280158 0.6087811 0.5921022 -0.727062 0.5187595 0.4497438 -0.6225146 0.7177545 0.311936 -0.6837918 0.3518075 0.6392655 -0.6837954 0.3517962 0.6392679 -0.939456 0.1095494 0.3246865 -0.8447856 0.2899298 0.4497534 -0.7775871 0.1224256 0.6167419 -0.6225396 0.7177305 0.3119415 -0.6552368 0.7554236 2.04251e-6 -0.6552369 0.7554235 0 -0.6225283 0.7177402 0.3119417 -0.9394528 0.1095825 0.3246849 -0.9932618 0.1158922 -6.61642e-7 -0.9932618 0.1158922 -1.03859e-6 -0.9394509 0.109598 0.324685 -0.4168655 0.7855805 0.45726 -0.5280151 0.6087757 0.5921083 -0.6225416 0.7177234 0.311954 -0.2366895 0.7232536 0.6487545 -0.1282207 0.8800274 0.457287 0.2976065 0.7170004 0.6303498 -0.2367107 0.7232449 0.6487565 0.2464022 0.8621336 0.4427321 -0.6225426 0.7177286 0.3119398 -0.6552399 0.7554209 -1.15533e-6 -0.6552402 0.7554207 0 -0.6225302 0.717738 0.3119431 0.4407611 0.7927454 0.4210518 0.4212226 0.6673588 0.6141691 0.2975726 0.71701 0.6303549 0.5048227 0.79984 0.3246692 0.3086844 0.8932844 0.3267369 0.2571004 0.7440025 0.616733 0.0709809 0.7753242 0.627562 0.4479115 0.8657825 0.2231502 0.3832951 0.923626 0 0.533788 0.8456183 -7.4773e-7 0.3266064 0.9451606 0 0.09420341 0.9454102 0.3119703 -0.1263359 0.936641 0.3267154 -0.1052325 0.7801157 0.6167218 -0.3370444 0.8837323 0.3246821 -0.2812699 0.737389 0.6141211 -0.3886717 0.6868239 0.614172 -0.4658437 0.8231458 0.3246856 -0.356514 0.9342899 0 -0.4925278 0.8702968 1.47926e-6 -0.1336744 0.9910253 0 0.09915381 0.9950721 0 0.2967352 0.9285139 0.223182 0.09904557 0.995083 -1.51662e-6 0.3832921 0.9236273 0 0.09420037 0.945425 0.3119264 -1.32223e-7 3.17017e-7 -1 4.14834e-7 7.54723e-7 -1 0 0 -1 0 0 -1 1.99784e-7 0 -1 2.53009e-7 2.22569e-7 -1 0 0 -1 0 0 -1 0 0 -1 0 0 -1 0 0 -1 0 0 -1 0 0 -1 0 0 -1 0 0 -1 -1.30394e-6 -1.6867e-7 -1 3.24357e-7 -1.25312e-7 -1 0 0 -1 -1.86228e-7 0 -1 0.8887542 -0.03173464 -0.4572843 0.7912231 0.1528876 -0.5921077 0.7446885 -0.1566555 -0.6487666 0.9328441 0.180281 -0.3119308 0.4721402 -0.6162218 -0.6303605 0.8262502 -0.3289485 -0.4572784 0.7447133 -0.1566255 -0.6487455 0.6234253 -0.644445 -0.4427546 0.9328503 0.1802309 -0.311941 0.9818333 0.1897459 -1.05604e-6 0.9328441 0.1802597 -0.3119431 0.9818332 0.1897464 0 0.9338439 -0.14999 -0.3247131 0.7865705 -0.03334856 -0.6165993 0.9443092 -0.04016572 -0.3265991 0.7792426 -0.1251274 -0.6141045 0.7281833 -0.2989076 -0.6167685 0.8743301 -0.358914 -0.3266921 0.6359772 -0.4491618 -0.6275243 0.771647 -0.5542913 -0.3119652 0.5157181 -0.5945842 -0.6168504 0.6192873 -0.7139967 -0.3266376 0.3642306 -0.6977601 -0.6168201 0.43736 -0.8378757 -0.3266199 0.4661905 -0.7780824 -0.4210159 0.4721675 -0.6162067 -0.630355 0.6082388 -0.7937541 0 0.5258369 -0.8207921 -0.2231501 0.4627394 -0.8864944 0 0.6552259 -0.755433 3.13999e-7 0.8121817 -0.5834047 -4.76119e-7 0.92509 -0.379748 -2.29512e-6 0.9873364 -0.158641 0 0.9990912 -0.04262316 0 0.6557503 -0.7212265 -0.223213 0.8121746 -0.5834146 0 0.7716477 -0.5543099 -0.3119302 0.6082578 -0.7937396 0 -0.4718859 -0.7538019 -0.4572814 -0.2412691 -0.7514084 -0.6141455 -0.5080049 -0.5666122 -0.6487539 -0.289164 -0.9005405 -0.3246707 -0.7697453 -0.1007753 -0.6303464 -0.6980118 -0.5510565 -0.4572924 -0.5080056 -0.5666018 -0.6487625 -0.869817 -0.2176635 -0.4427652 -0.2891715 -0.9005329 -0.3246852 -0.3057199 -0.9521216 0 -0.2891417 -0.9005425 -0.3246852 -0.3057199 -0.9521215 0 -0.5048142 -0.7998217 -0.3247278 -0.6285823 -0.7777431 0 -0.5940904 -0.7350672 -0.3266999 -0.4209832 -0.6669391 -0.614789 -0.4947362 -0.6121477 -0.616856 -0.6229962 -0.481204 -0.6166996 -0.7480096 -0.5777388 -0.326649 -0.7069661 -0.3261953 -0.6275314 -0.865875 -0.3911296 -0.3118945 -0.7728303 -0.1493598 -0.616786 -0.9279766 -0.1793252 -0.3266525 -0.7864229 0.03345346 -0.6167819 -0.9443092 0.04017329 -0.3265978 -0.9069326 -0.01468825 -0.4210197 -0.7697288 -0.1007884 -0.6303645 -0.9915319 -0.1298642 0 -0.9737457 -0.0449832 -0.2231502 -0.9990963 0.04250586 0 -0.9818352 -0.1897361 1.19279e-7 -0.9113312 -0.4116739 1.16452e-6 -0.7914219 -0.6112703 -7.25972e-7 -0.9524863 -0.2072598 -0.2231889 -0.9113489 -0.4116349 0 -0.8658608 -0.3911331 -0.3119298 -0.9915307 -0.1298734 0 2.76548e-7 0 -1 4.14806e-7 -6.15924e-7 -1 0 0 -1 0 -2.47847e-7 -1 -1.29536e-7 -1.96425e-7 -1 0 -1.96423e-7 -1 0 -1.76258e-7 -1 0 0 -1 0 0 -1 0 2.17408e-7 -1 0 2.5679e-7 -1 0 0 -1 0 -1.22304e-7 -1 0 -1.21218e-7 -1 0 -1.39119e-7 -1 0 6.59341e-7 -1 4.33801e-7 7.88606e-7 -1 0 2.7555e-7 -1 -3.72433e-7 0 -1 -0.3724884 -0.7211655 -0.5841 -0.4212056 -0.6673378 -0.6142036 -0.5048251 -0.7998326 -0.3246834 -0.4367622 -0.8456261 -0.3068477 -0.2412271 -0.7513792 -0.6141979 -0.2891432 -0.9005379 -0.3246967 -0.1093582 -0.9476911 -0.299871 -0.09399944 -0.8147248 -0.572178 0.10523 -0.7801322 -0.6167013 0.1263601 -0.9366786 -0.3265982 0.255934 -0.7644636 -0.591687 0.301701 -0.9010972 -0.3114486 0.3105427 -0.743818 -0.5918598 0.3748479 -0.8683619 -0.3247104 0.1263419 -0.936649 -0.32669 0.3592664 -0.9332351 0 0.3395638 -0.8820618 -0.3265938 0.1336807 -0.9910245 0 -0.1093512 -0.9476897 -0.299878 -0.09915357 -0.9950722 0 -0.2891318 -0.9005463 -0.3246834 -0.3056792 -0.9521346 -9.73706e-6 0.4627666 -0.8864801 0 0.4373543 -0.8378702 -0.3266417 0.3643075 -0.6978257 -0.6167004 0.282827 -0.7347023 -0.616621 0.1052318 -0.7801174 -0.6167196 -0.07805883 -0.7833375 -0.616676 -0.241208 -0.7514029 -0.6141763 -0.5048244 -0.7998332 -0.3246833 -0.5336388 -0.8457125 0 -0.5940913 -0.7350673 -0.3266981 -0.6285115 -0.7778005 -1.51144e-7 -0.4211719 -0.6674202 -0.6141373 -0.494759 -0.6121619 -0.6168236 -0.8096309 -0.533345 -0.2450324 -0.734813 -0.484056 -0.4751207 -0.7348528 -0.4840086 -0.4751075 -0.8096299 -0.5333431 -0.2450401 -0.7801629 -0.5347192 -0.3246867 -0.8248352 -0.5653734 -5.43444e-6 -0.8248352 -0.5653733 -8.63957e-7 -0.7801445 -0.5347343 -0.3247056 -0.6508743 -0.4461323 -0.6142709 -0.6509684 -0.4461746 -0.6141404 0.6465476 0.4162998 -0.6392736 0.5646192 0.7588123 -0.3246675 0.4947697 0.6122412 -0.6167364 0.6734822 0.5866285 -0.4497653 0.812782 0.3702622 -0.4497683 0.7912467 0.1528694 -0.5920808 0.9328477 0.18028 -0.3119202 0.6465646 0.4162899 -0.6392628 0.9328438 0.1802644 -0.311941 0.9818355 0.1897342 -1.05834e-6 0.932847 0.1802498 -0.31194 0.9818356 0.1897342 0 0.5646793 0.7587601 -0.3246852 0.5970117 0.8022326 0 0.5646168 0.7588065 -0.3246851 0.5970117 0.8022326 0 -0.4809622 -0.8558391 -0.1903021 -0.454436 -0.808631 -0.3736364 -0.4809858 -0.855825 -0.1903062 -0.4544724 -0.8086026 -0.3736531 -0.5048169 -0.7998335 -0.3246943 -0.533752 -0.8456411 0 -0.5337522 -0.845641 -1.47926e-6 -0.5048316 -0.7998161 -0.3247141 -0.4212297 -0.6673144 -0.6142126 -0.4212192 -0.667322 -0.6142114 -0.6023185 0.7744382 -0.1935405 -0.5679317 0.7302256 -0.3797687 -0.5677405 0.7304738 -0.3795772 -0.6023206 0.7744448 -0.1935079 0.7578719 0.5053989 -0.4125559 0.7525672 0.3259478 -0.5721894 0.8613476 0.3890957 -0.3266266 0.6152135 0.5206101 -0.5920113 0.4424729 0.6857181 -0.5779348 0.6152104 0.5206257 -0.592001 0.6152055 0.5206232 -0.5920083 0 1.94967e-7 -1 0 1.19503e-7 -1 -2.64518e-7 6.80277e-7 -1 0 0 -1 1.55315e-7 0 -1 0 0 -1 0 -2.18043e-7 -1 0 0 -1 -1.99135e-7 0 -1 0 0 -1 0 0 -1 0 0 -1 0 0 -1 2.41936e-7 1.20128e-7 -1 3.37346e-7 1.31401e-7 -1 0.8901509 -0.1937752 -0.4124107 0.810603 -0.04638028 -0.5837566 0.7668654 -0.2487873 -0.591627 0.9442963 -0.04017609 -0.3266353 0.4972628 -0.6240206 -0.6027669 0.6359653 -0.4491387 -0.6275528 0.7668756 -0.2487636 -0.5916235 0.9440355 -0.1069647 -0.3120185 0.8062401 0.01199382 -0.591467 0.9500201 0.02538448 -0.3111551 0.8010408 -0.09057402 -0.5917177 0.7281738 -0.2989186 -0.6167743 0.8743424 -0.3589106 -0.3266629 0.6544923 -0.4701307 -0.5921292 0.7716675 -0.5543036 -0.3118924 0.5157582 -0.5946334 -0.6167697 0.6192784 -0.7139958 -0.3266562 0.4373499 -0.8378783 -0.3266268 0.3723646 -0.7261463 -0.577976 0.4661844 -0.7780802 -0.4210266 0.4972763 -0.6240218 -0.6027546 0.3086906 0.8933016 -0.3266837 0.257102 0.7440059 -0.6167284 0.0709809 0.7753242 -0.627562 0.4212357 0.6673186 -0.614204 0.5048203 0.7998403 -0.324672 0.4407482 0.7927713 -0.4210163 0.2975726 0.7170085 -0.6303566 -0.3370426 0.8837318 -0.3246853 -0.2812539 0.7374186 -0.614093 -0.3886716 0.6868242 -0.6141717 -0.1052323 0.780115 -0.6167228 -0.1263391 0.9366404 -0.3267158 0.09420567 0.94541 -0.3119703 0.3266064 0.9451605 0 0.5337879 0.8456184 7.07576e-7 0.3832951 0.923626 0 0.4479115 0.8657825 -0.2231502 -0.4658442 0.8231465 -0.3246834 0.09915381 0.9950721 0 -0.1336744 0.9910254 0 -0.3565141 0.93429 -1.00412e-6 -0.4925278 0.8702968 -1.03412e-5 0.2976059 0.717 -0.6303505 -0.1282212 0.880024 -0.4572932 -0.2366675 0.7232528 -0.6487634 0.2464275 0.8621194 -0.4427456 0.2967352 0.9285139 -0.2231823 0.09904563 0.995083 0 0.09420019 0.9454249 -0.3119266 0.3832924 0.9236271 0 -0.4168905 0.7855545 -0.4572818 -0.5280151 0.6087828 -0.592101 -0.2366942 0.7232578 -0.6487481 -0.6225438 0.7177268 -0.3119416 -0.6225075 0.7177566 -0.3119454 -0.6552405 0.7554205 0 -0.6225309 0.7177373 -0.311943 -0.6552402 0.7554206 -6.40307e-6 -0.8150287 0.04060143 -0.5779964 -0.7584742 0.2724652 -0.5920132 -0.7584863 0.2724631 -0.5919987 -0.8166049 0.4036659 -0.4125658 -0.6585597 0.48876 -0.5721999 -0.767628 0.5514137 -0.3266349 -0.7584941 0.2724491 -0.5919951 -0.3886996 0.6868172 -0.6141619 -0.3714281 0.7151712 -0.5920907 -0.4658451 0.8231566 -0.3246562 -0.4970179 0.8100402 -0.31114 -0.5280726 0.6088289 -0.5920023 -0.6225247 0.7177389 -0.3119515 -0.7676282 0.5514023 -0.3266534 -0.639325 0.4592441 -0.616732 -0.7282175 0.298928 -0.6167183 -0.8743556 0.358904 -0.326635 -0.790017 0.1605393 -0.5916929 -0.9312216 0.1892499 -0.311466 -0.7994195 0.1029728 -0.5918828 -0.9336641 0.1469571 -0.3266113 0 0 -1 1.72996e-7 0 -1 -3.09737e-7 0 -1 2.52633e-7 0 -1 0 0 -1 3.39336e-7 0 -1 0 0 -1 0 0 -1 0 0 -1 0 0 -1 0 0 -1 0 0 -1 -3.09212e-7 0 -1 -2.30516e-7 0 -1 0 0 -1 1.20121e-7 0 -1 0 0 -1 0 0 -1 0 0 -1 0 0 -1 0 0 -1 0 0 -1 0 0 -1 0 0 -1 1.31964e-7 0 -1 0 0 -1 0 0 -1 0 0 -1 0 0 -1 0 0 -1 -2.29854e-7 0 -1 0 0 -1 -3.0801e-7 0 -1 -2.16656e-7 0 -1 0 0 -1 1.33999e-7 0 -1 1.60955e-7 0 -1 0.291808 0.7426579 -0.6027498 0.07097887 0.7753379 -0.6275453 -0.1679723 0.7885176 -0.5916295 -0.277266 0.8677806 -0.412408 -0.3714215 0.7151458 -0.5921254 -0.1679906 0.7884958 -0.5916534 -0.4280378 0.8501361 -0.3066795 -0.3793832 0.8710364 -0.3120319 -0.4383032 0.6831557 -0.5841137 -0.4969935 0.8100502 -0.3111528 -0.3220284 0.73903 -0.5917199 -0.1052143 0.7800669 -0.6167867 -0.1263444 0.9366602 -0.3266574 0.09420615 0.9454265 -0.3119198 0.07991123 0.8019215 -0.5920609 0.2570838 0.7439583 -0.6167933 0.3086921 0.8933058 -0.3266712 0.5048155 0.7998409 -0.3246783 0.4212159 0.6673729 -0.6141585 0.4407693 0.7927475 -0.421039 0.2917677 0.7426734 -0.6027503 -1.40188e-7 1.95151e-7 1 0 0 1 2.0009e-7 0 1 -4.15441e-7 4.14121e-7 1 0 -2.48225e-7 1 0 0 1 0 0 1 -1.19851e-7 0 1 -2.69467e-7 0 1 0 0 1 0 -2.2956e-7 1 0 0 1 2.22799e-7 0 1 0 0 1 0 0 1 0 0 1 4.14816e-7 0 1 -0.5863654 0.7421435 -0.3246517 -0.489261 0.6192946 -0.6140829 -0.4892035 0.6192086 -0.6142155 -0.5863389 0.7421653 -0.3246495 -0.6199123 0.7846712 0 -0.6199121 0.7846713 0 -0.05707305 0.9678301 0.245046 -0.05180066 0.8784019 0.4751073 -0.05707502 0.9678384 0.2450132 -0.05188792 0.8783663 0.4751636 0.971851 0.1344109 0.193493 0.9718506 0.1344065 -0.1934977 0.9718432 0.134405 0.1935359 0.9718493 0.1344055 -0.1935048 -0.5048403 -0.7998139 0.3247062 -0.5048143 -0.7998311 -0.3247045 -0.5048401 -0.799814 -0.3247062 -0.5048143 -0.7998309 0.3247047 -0.1093454 -0.9476796 0.2999118 -0.1093597 -0.9476779 -0.299912 -0.1093454 -0.9476795 -0.2999119 -0.1093168 -0.9476828 0.2999117 -0.5006983 0.8444511 -0.190273 -0.500694 0.8444447 0.1903123 -0.5006969 0.844447 0.1902939 -0.5006752 0.8444638 -0.1902769 0.8667035 -0.434488 0.2450411 0.866702 -0.4344862 -0.2450498 0.8667072 -0.4344895 -0.2450255 0.8667 -0.4344852 0.2450585 0.8613537 0.3890871 0.3266208 0.8613598 0.3890728 -0.3266215 0.8613535 0.3890874 -0.3266208 0.86136 0.3890726 0.3266215 0.9443043 -0.04017031 0.3266125 0.9443035 -0.04018604 -0.326613 0.9443045 -0.04017055 -0.3266122 0.9443034 -0.04018586 0.3266131 -0.4809649 -0.85584 0.1902911 -0.4809658 -0.8558435 0.1902736 -0.6023201 0.7744358 0.1935452 -0.60232 0.7744399 0.1935292 -0.0570746 0.9678288 -0.2450513 -0.05707371 0.9678341 -0.2450303 -0.4658457 0.8231515 0.3246682 -0.4970304 0.8100318 0.3111422 -0.6225095 0.7177243 0.3120155 -0.7676288 0.5514013 0.3266538 -0.8743475 0.3589155 0.3266437 -0.9312202 0.1892226 0.3114864 -0.9336481 0.1469666 0.326653 -0.3695377 -0.9088423 0.1935142 -0.3695231 -0.9088423 -0.193542 -0.3695237 -0.9088444 0.1935306 -0.3695226 -0.9088453 -0.1935284 -0.4280266 0.8501438 0.3066738 -0.4280532 0.8501315 -0.3066708 -0.4279482 0.8501847 -0.3066701 -0.4280532 0.8501307 0.3066731 -0.7676398 0.5514056 0.3266211 -0.7676308 0.5514181 -0.3266208 -0.7676405 0.5514053 -0.3266195 -0.7676303 0.5514185 0.3266213 -0.809628 -0.5333425 0.2450479 -0.8096243 -0.5333471 0.2450497 -0.504828 -0.79982 0.3247102 -0.4367673 -0.8456221 0.3068512 -0.2891684 -0.9005333 0.3246868 -0.1093571 -0.9476919 0.2998688 0.1263473 -0.936694 0.3265591 0.3017233 -0.9010828 0.3114688 0.3748478 -0.8683651 0.3247019 0.9816601 0.0113939 -0.1902992 0.9816663 0.0113908 0.1902673 0.9816657 0.01139289 0.1902703 0.981664 0.01139932 -0.1902785 -0.6837963 0.3517964 -0.6392667 -0.9394565 0.1095499 -0.324685 -0.7775875 0.1224265 -0.6167411 -0.8447867 0.2899297 -0.4497515 -0.727062 0.5187596 -0.4497438 -0.5280179 0.6087536 -0.5921286 -0.6225176 0.7177581 -0.311922 -0.6837908 0.3518061 -0.6392674 -0.6225404 0.7177302 -0.3119406 -0.6552376 0.755423 0 -0.6225297 0.7177404 -0.3119384 -0.6552374 0.7554232 0 -0.9394471 0.1096302 -0.3246853 -0.9932615 0.1158949 -6.61642e-7 -0.9394563 0.1095516 -0.3246852 -0.9932614 0.1158964 -1.03859e-6 0.9275159 0.01076656 -0.3736286 0.9275221 0.01077812 -0.3736128 0.944303 -0.04017657 -0.3266156 0.9990952 -0.04253202 0 0.9990952 -0.04253202 -1.62874e-6 0.9442978 -0.04017227 -0.3266313 0.8062384 0.01200038 -0.5914691 0.8062415 0.01200377 -0.5914648 -0.3484429 -0.8569911 -0.3796762 -0.3476777 -0.8570981 -0.380136 -0.8743624 0.3589209 -0.3265984 -0.9878367 0.1554949 0 -0.9336475 0.1469575 -0.3266586 -0.9250909 0.3797457 -4.75554e-7 -0.7676588 0.5514252 -0.3265429 -0.8121799 0.5834073 -1.14343e-6 -0.6225201 0.7177358 -0.3119681 -0.6552296 0.7554298 -1.21698e-6 -0.4658392 0.8231525 -0.3246752 -0.4925221 0.8703 -1.29904e-5 -0.9990925 0.04259455 -1.51861e-7 -0.9442963 0.04017406 -0.3266354 -0.7865021 0.03339999 -0.6166838 -0.7776017 0.1224178 -0.6167247 -0.7282244 0.2989253 -0.6167114 -0.6393076 0.4592281 -0.616762 -0.5280044 0.6087646 -0.5921293 -0.3887009 0.6868081 -0.6141712 -0.3370789 0.8837489 -0.3246009 -0.3563799 0.9343413 0 -0.2812726 0.7374474 -0.6140497 0.3724277 -0.7260972 -0.577997 0.1432695 -0.7931132 -0.5919843 0.1432687 -0.7931125 -0.5919854 0.05872243 -0.9090383 -0.4125546 -0.09400045 -0.81472 -0.5721846 -0.109348 -0.9476842 -0.299896 0.1433008 -0.793108 -0.5919837 -0.05179935 0.8783823 -0.4751437 -0.05188804 0.8783663 -0.4751636 0.03720974 -0.7680869 -0.6392637 0.3748468 -0.8683698 -0.3246904 0.2828356 -0.7346025 -0.616736 0.1712971 -0.8765687 -0.4497607 -0.08574342 -0.8890268 -0.4497551 -0.2412443 -0.7514066 -0.6141574 -0.2891351 -0.9005415 -0.3246936 0.03722435 -0.7680947 -0.6392534 -0.2891429 -0.9005436 -0.3246808 -0.3056892 -0.9521314 2.20727e-6 -0.2891573 -0.9005374 -0.3246852 -0.3056893 -0.9521314 6.40518e-6 0.3748236 -0.8683819 -0.3246848 0.396309 -0.9181172 1.76862e-7 0.3748522 -0.8683695 -0.3246847 -0.4730797 0.797874 -0.3736209 -0.4730436 0.7978844 -0.3736449 -0.4658917 0.8231241 -0.3246717 -0.4925268 0.8702973 0 -0.4925269 0.8702973 0 -0.4658474 0.8231413 -0.3246918 -0.3887104 0.686853 -0.614115 -0.3887234 0.6868743 -0.614083 0.9163743 0.1267313 -0.3797333 0.9162564 0.1270529 -0.3799105 -0.6128828 -0.6740233 -0.4123923 -0.4454671 -0.6788043 -0.5837668 -0.5988975 -0.5397282 -0.591621 -0.504822 -0.7998245 -0.3247084 -0.7890531 -0.1186468 -0.6027588 -0.706957 -0.3261986 -0.62754 -0.5988569 -0.5397513 -0.5916409 -0.564655 -0.7640758 -0.3120145 -0.3724944 -0.7211639 -0.5840981 -0.4368029 -0.8456102 -0.3068334 -0.478951 -0.6484435 -0.5917155 -0.7479962 -0.5777353 -0.3266859 -0.6229622 -0.4811611 -0.6167675 -0.8658456 -0.3911191 -0.3119892 -0.734399 -0.3317329 -0.5921246 -0.9279718 -0.1793159 -0.3266716 -0.7728289 -0.1493384 -0.6167928 -0.9442917 0.04016858 -0.3266493 -0.7864508 0.03346037 -0.6167459 -0.9069231 -0.01467061 -0.4210407 -0.7890444 -0.1186663 -0.6027664 0 0 1 0 0 1 0 0 1 0 0 1 0 0 1 0 0 1 0 0 1 0 0 1 0 0 1 0 0 1 0 0 1 -1.38367e-7 0 1 0 0 1 1.36192e-7 0 1 0 0 1 0 0 1 0 0 1 0 0 1 0 0 1 0 0 1 0 0 1 0 0 1 0 0 1 0 0 1 0 0 1 0 0 1 0 -6.35441e-7 1 0 -7.99916e-7 1 0 0 1 0 0 1 0 0 1 0 0 1 0 0 1 0 0 1 -0.8150287 0.04060143 0.5779964 -0.7584862 0.2724632 0.5919988 -0.7584742 0.272465 0.5920133 -0.8166019 0.4036648 0.4125723 -0.6585592 0.4887602 0.5722004 -0.7584906 0.2724463 0.5920011 -0.7676277 0.5514142 0.3266347 0.8062364 0.01199549 -0.591472 0.7864844 -0.03344565 -0.616704 0.9442955 -0.04017698 -0.3266373 0.9500202 0.0254544 -0.3111491 0.7912231 0.1528888 -0.5921073 0.93285 0.180253 -0.3119294 0.8613575 0.3890911 -0.3266059 0.717383 0.3240544 -0.6167256 0.6229945 0.4811955 -0.6167081 0.7480096 0.5777591 -0.3266131 0.6294981 0.7118411 -0.3114714 0.5340479 0.6038995 -0.5916911 0.4889 0.6408438 -0.5918582 0.5941006 0.7350968 -0.326615 0.7480069 0.5777508 -0.3266339 0.6285673 0.7777552 0 0.5940872 0.7350757 -0.3266866 0.7914127 0.6112823 1.14799e-6 0.8613474 0.3890866 -0.3266381 0.9113364 0.4116625 4.03707e-7 0.9328463 0.180253 -0.3119406 0.9818373 0.1897249 0 0.5337393 0.8456492 -4.78439e-7 0.5048284 0.7998467 -0.3246438 0.4211937 0.6673319 -0.6142182 0.4947758 0.612206 -0.6167663 0.6230124 0.4811901 -0.6166943 0.7174046 0.3240681 -0.6166933 0.7912184 0.1528855 -0.5921146 0.9442932 -0.04016894 -0.3266451 0.9990964 -0.04250204 0 0.9338793 -0.1499491 -0.3246301 0.9873536 -0.1585336 9.4225e-7 0.7864234 -0.03344929 -0.6167815 0.7791989 -0.1251143 -0.6141624 0.7866134 -0.3943371 -0.4751188 0.7866271 -0.3942637 -0.4751567 0.9275119 0.01076626 0.3736386 0.9275133 0.01073729 0.3736361 -0.3484371 -0.8569765 0.3797144 -0.3476777 -0.8570981 0.380136 -0.2772665 0.867781 0.4124071 -0.3714252 0.7151531 0.5921144 -0.428039 0.8501408 0.3066648 -0.1679909 0.7884953 0.591654 0.2917977 0.7426404 0.6027764 -0.167967 0.788504 0.591649 0.07097911 0.775342 0.6275404 0.4212163 0.6673738 0.6141573 0.2917639 0.7426701 0.6027563 0.4407675 0.7927449 0.4210459 0.5048345 0.799838 0.3246557 0.257084 0.7439591 0.6167923 0.3086922 0.8933062 0.32667 0.09420514 0.9454264 0.3119205 0.07991093 0.8019202 0.5920627 -0.1052143 0.7800668 0.6167866 -0.126344 0.936657 0.3266661 -0.3793836 0.8710385 0.3120258 -0.322075 0.7390105 0.5917189 -0.4383032 0.6831556 0.5841136 -0.4969962 0.8100515 0.3111453 -0.3370733 0.8837339 0.3246476 -0.4925221 0.8703 0 -0.3887007 0.686808 0.6141715 -0.2812744 0.7374514 0.6140441 -0.4658392 0.8231526 0.3246749 -0.6552298 0.7554297 -2.68292e-7 -0.6225333 0.7177435 0.311924 -0.8121799 0.5834072 -1.6814e-6 -0.7676573 0.5514272 0.3265432 -0.925091 0.3797456 -4.75555e-7 -0.8743616 0.3589221 0.326599 -0.933647 0.1469618 0.326658 -0.9990925 0.04259455 1.06163e-6 -0.944296 0.04017376 0.3266362 -0.7865015 0.03340059 0.6166846 -0.7776021 0.1224182 0.6167243 -0.7282233 0.2989253 0.6167126 -0.6393067 0.4592269 0.6167639 -0.5280008 0.608761 0.5921363 -0.2891319 -0.9005457 0.324685 -0.09915357 -0.9950721 0 -0.3056792 -0.9521346 0 -0.1093498 -0.9476908 0.2998747 0.1336806 -0.9910245 0 0.1263502 -0.9366502 0.3266833 0.3592665 -0.9332351 0 0.339559 -0.8820613 0.3266003 0.4627246 -0.8865022 7.62446e-7 0.4373562 -0.8378725 0.3266333 0.3642824 -0.6978203 0.6167213 0.2828235 -0.7346944 0.6166321 0.1052337 -0.7801265 0.6167079 -0.07805949 -0.7833411 0.6166713 -0.263211 -0.7616691 0.5920981 -0.5048248 -0.7998332 0.324683 -0.5336387 -0.8457126 0 -0.5940912 -0.7350673 0.3266983 -0.6285115 -0.7778005 1.51861e-7 -0.4211714 -0.6674208 0.6141369 -0.4947586 -0.6121623 0.6168236 -0.7348129 -0.4840561 0.4751206 -0.7348528 -0.4840086 0.4751075 -0.454436 -0.808631 0.3736364 -0.4544724 -0.8086026 0.3736531 -0.5679317 0.7302256 0.3797687 -0.5677404 0.7304738 0.3795772 0.7578719 0.5053989 0.4125558 0.7525673 0.3259477 0.5721895 0.6152135 0.5206104 0.5920112 0.8613477 0.3890954 0.3266267 0.4424707 0.6857144 0.5779408 0.6152095 0.5206237 0.5920037 0.6152134 0.5206269 0.5919967 -0.07301676 0.9429918 0.3247076 -0.0771898 0.9970164 3.37172e-6 -0.0771898 0.9970165 0 -0.07301253 0.943007 0.3246644 -0.06091535 0.7868064 0.6141867 -0.06091618 0.7867971 0.6141983 -0.47308 0.7978741 0.3736204 -0.4730436 0.7978842 0.3736451 0.9163735 0.1267312 0.3797352 0.9162858 0.126973 0.3798661 0.786614 -0.3943372 0.4751177 0.7866161 -0.3943068 0.4751393 -0.0730313 0.9429909 -0.324707 -0.0771898 0.9970164 0 -0.07302075 0.9429903 -0.3247112 -0.06091547 0.7868089 -0.6141833 -0.06091606 0.7867978 -0.6141975 0.8531661 -0.4082595 -0.3247029 0.9020423 -0.4316475 0 0.9020425 -0.4316473 0 0.8531619 -0.4082559 -0.3247181 0.7118604 -0.3406424 -0.6141805 0.7119043 -0.3406711 -0.6141137 0.944307 -0.0401653 0.3266057 0.9500241 0.02541881 0.3111402 0.9328457 0.1802523 0.3119425 0.861357 0.3890924 0.3266056 0.7480023 0.5777491 0.3266477 0.6295133 0.7118332 0.3114586 0.5941007 0.7350998 0.326608 -1.22565e-7 0 -1 -1.22916e-7 0 -1 0 0 -1 0 0 -1 0 0 -1 0 0 -1 -1.35585e-7 0 -1 0 0 -1 0 0 -1 0 0 -1 0 0 -1 0 0 -1 0 0 -1 1.20108e-7 0 -1 0 0 -1 0 0 -1 0 0 -1 0 0 -1 0 0 -1 0 0 -1 0 0 -1 0 0 -1 0 0 -1 0 0 -1 0 0 -1 0 0 -1 1.36192e-7 0 -1 -1.33612e-7 0 -1 -1.81514e-7 0 -1 1.292e-7 0 -1 0 0 -1 0 0 -1 0 0 -1 0 0 -1 0 0 -1 8.27724e-7 6.34074e-7 1 0 0 1 0 0 1 0 0 1 1.63892e-7 0 1 0 0 1 -1.46561e-7 0 1 -2.16656e-7 0 1 0 0 1 0 0 1 0 0 1 0 0 1 0 0 1 0 0 1 1.84527e-7 0 1 1.50082e-7 0 1 -6.48111e-7 1.97754e-7 1 -6.57759e-7 2.11382e-7 1 -1.26518e-7 0 1 0 0 1 0 0 1 0 0 1 0 0 1 0 0 1 1.6429e-7 0 1 2.40242e-7 0 1 0 0 1 -1.8268e-7 0 1 0 0 1 0 0 1 0 0 1 0 0 1 0 0 1 5.408e-7 1.47145e-7 1 6.78671e-7 -2.27437e-7 1 8.93582e-7 1.27048e-7 1 -2.07417e-7 0 1 -1.38807e-7 0 1 0 1.36035e-7 1 -1.91235e-7 0 1 0 0 1 -6.23156e-7 0 1 0 0 1 0 0 1 0 0 1 0 1.59177e-7 1 0 1.7428e-7 1 0 1.34591e-7 1 -1.27065e-7 0 1 0 0 1 0 -1.28814e-7 1 2.54371e-7 0 1 2.18568e-7 0 1 1.6774e-7 -1.20399e-7 1 0 -2.31728e-7 1 0 0 -1 0 0 -1 -3.28635e-7 0 -1 -1.29526e-7 0 -1 0 0 -1 0 0 -1 0 0 -1 0 0 -1 0 0 -1 0 0 -1 0 0 -1 0 0 -1 -1.20134e-7 0 -1 0 0 -1 1.4146e-7 0 -1 0 0 -1 0 0 -1 0 0 -1 0 0 -1 0 0 -1 0 0 -1 8.95656e-7 1.28448e-7 -1 1.08964e-6 1.53164e-7 -1 0 0 -1 0 0 -1 1.87463e-7 0 -1 0 0 -1 0 0 -1 0 0 -1 0 0 -1 0 0 -1 -2.98011e-7 0 -1 0.3395676 -0.8820509 -0.3266194 0.3395675 -0.882051 0.3266188 -1.59557e-7 0 1 -1.2651e-7 0 1 0 0 1 0 0 1 1.248e-7 0 1 0 0 1 0 0 1 3.20601e-7 0 1 0 0 1 0 0 1 1.38098e-7 0 1 1.589e-7 0 1 0 0 1 0 0 1 0 0 1 0 0 1 0 0 1 0 0 1 0 0 1 1.4146e-7 0 1 0 0 1 0 0 1 0 0 1 0 0 1 0 0 1 0 0 1 0 0 1 0 0 1 0 0 1 0 0 1 0 0 1 0 0 1 0 0 1 0.5941123 0.7350853 -0.3266193 0.5941125 0.7350857 0.326618 0.8613476 0.3890865 0.3266378 0.7912458 0.1528905 0.5920765 0.7174056 0.3240683 0.6166919 0.9328473 0.1802484 0.31194 0.944293 -0.04016906 0.3266453 0.7864232 -0.03344905 0.6167819 0.9338781 -0.149956 0.3246305 0.7791993 -0.1251147 0.614162 0.9990964 -0.04250156 0 0.9818373 0.1897254 0 0.9113366 0.4116621 4.03707e-7 0.7914125 0.6112825 1.14799e-6 0.7480031 0.5777559 0.3266338 0.6285675 0.777755 2.05371e-7 0.5940835 0.7350787 0.3266866 0.5337392 0.8456492 -4.78439e-7 0.504819 0.7998325 0.3246937 0.421194 0.6673326 0.6142173 0.4947758 0.612206 0.6167665 0.6230131 0.4811914 0.6166926 -0.3495551 -0.8788552 -0.3246919 -0.2916756 -0.73333 -0.6141274 -0.2916485 -0.7332822 -0.6141974 -0.3495686 -0.8788565 -0.3246738 -0.3695803 -0.9291988 0 -0.3695803 -0.9291989 0 -0.3887023 0.6868146 0.614163 -0.371428 0.7151707 0.5920913 -0.528073 0.6088294 0.5920016 -0.6393249 0.4592438 0.6167324 -0.7282174 0.2989279 0.6167184 -0.7900169 0.1605395 0.5916929 -0.7994195 0.1029728 0.5918829 -0.9336599 0.1469684 -0.3266186 -0.9336595 0.1469684 0.3266195 0.935894 0.1367019 -0.3246768 0.7805998 0.1140198 -0.6145433 0.7808886 0.1140704 -0.614167 0.9358954 0.1367024 -0.3246726 0.9895008 0.1445284 8.41173e-7 0.9895007 0.1445282 0 0.8531655 -0.4082596 0.3247042 0.8531627 -0.4082559 0.3247164 0.7118635 -0.3406429 0.6141765 0.7119014 -0.3406705 0.6141173 -0.3495551 -0.8788553 0.324692 -0.3695803 -0.9291989 0 -0.3695801 -0.9291989 0 -0.3495562 -0.8788625 0.324671 -0.2916775 -0.7333348 0.6141207 -0.2916485 -0.7332822 0.6141974 -0.7801548 -0.5347321 0.3246846 -0.8248351 -0.5653734 0 -0.8248347 -0.5653741 0 -0.7801548 -0.5347187 0.3247067 -0.6508727 -0.4461314 0.6142733 -0.6509675 -0.4461745 0.6141414 0.9443032 -0.04017645 0.326615 0.9990952 -0.04253202 1.62106e-6 0.9990952 -0.04253202 0 0.9442978 -0.04017227 0.3266311 0.8062395 0.01200056 0.5914676 0.8062414 0.01200377 0.5914651 0.4889001 0.6408438 0.591858 0.5340837 0.6038694 0.5916895 0.6229945 0.4811955 0.616708 0.7173842 0.324052 0.6167254 0.7912228 0.1528885 0.5921078 0.8062362 0.01199585 0.5914722 0.7864844 -0.03344625 0.616704 -0.465843 0.8231519 0.3246713 -0.492527 0.8702973 0 -0.4925267 0.8702974 0 -0.4658477 0.8231415 0.3246908 -0.388711 0.6868541 0.6141133 -0.3887253 0.6868765 0.6140794 0.3105313 -0.7438221 0.5918607 0.2559337 -0.7644634 0.5916873 0.1052305 -0.7801341 0.6166989 -0.09400194 -0.8147253 0.5721769 -0.2632405 -0.7617394 0.5919947 -0.3724873 -0.7211661 0.5841 -0.4212047 -0.6673378 0.6142042 -0.5863364 0.7421663 0.3246517 -0.5863386 0.7421654 0.3246499 -0.4892598 0.6192944 0.6140843 -0.4892043 0.6192083 0.6142151 0.9358942 0.136702 0.3246764 0.9895008 0.144528 8.41174e-7 0.9895007 0.1445285 0 0.9358951 0.1367023 0.3246735 0.7810081 0.1140759 0.614014 0.7808905 0.1140703 0.6141647 -0.5048334 -0.7998246 0.3246908 -0.5337522 -0.845641 1.47228e-6 -0.533752 -0.8456411 0 -0.5048314 -0.799816 0.3247147 -0.4213011 -0.6674333 0.6140344 -0.4212183 -0.6673214 0.6142128</float_array>
          <technique_common>
            <accessor source="#pickup_powerup_regen-mesh-normals-array" count="1217" stride="3">
              <param name="X" type="float"/>
              <param name="Y" type="float"/>
              <param name="Z" type="float"/>
            </accessor>
          </technique_common>
        </source>
        <source id="pickup_powerup_regen-mesh-map-0">
          <float_array id="pickup_powerup_regen-mesh-map-0-array" count="6624">0.808572 0.08657199 0.80761 0.08506399 0.8105 0.08428096 0.8105 0.08428096 0.807357 0.06242698 0.80911 0.06 0.8105 0.08428096 0.80761 0.08506399 0.807357 0.06242698 0.939947 0.228554 0.937572 0.279234 0.935495 0.277077 0.939947 0.228554 0.935495 0.277077 0.93699 0.2290199 0.939947 0.228554 0.93699 0.2290199 0.925819 0.189095 0.939947 0.228554 0.925819 0.189095 0.928589 0.187958 0.928589 0.187958 0.925819 0.189095 0.905717 0.152836 0.928589 0.187958 0.905717 0.152836 0.908149 0.151089 0.908149 0.151089 0.905717 0.152836 0.877774 0.12221 0.908149 0.151089 0.877774 0.12221 0.879735 0.119947 0.877774 0.12221 0.844891 0.09622198 0.879735 0.119947 0.877774 0.12221 0.843505 0.09887599 0.844891 0.09622198 0.843505 0.09887599 0.8105 0.08428096 0.844891 0.09622198 0.843505 0.09887599 0.808572 0.08657199 0.8105 0.08428096 0.127135 0.540189 0.140539 0.536307 0.135027 0.593673 0.08525598 0.554047 0.127135 0.540189 0.135027 0.593673 0.08525598 0.554047 0.120073 0.536553 0.127135 0.540189 0.08525598 0.554047 0.08977097 0.545386 0.120073 0.536553 0.08977097 0.545386 0.112978 0.502975 0.120073 0.536553 0.08977097 0.545386 0.08514195 0.504284 0.112978 0.502975 0.08514195 0.504284 0.115207 0.46988 0.112978 0.502975 0.08514195 0.504284 0.08821099 0.464684 0.115207 0.46988 0.125209 0.43823 0.115207 0.46988 0.08821099 0.464684 0.125209 0.43823 0.08821099 0.464684 0.100202 0.426921 0.100202 0.426921 0.142184 0.409838 0.125209 0.43823 0.100202 0.426921 0.120523 0.392982 0.142184 0.409838 0.120523 0.392982 0.164674 0.386636 0.142184 0.409838 0.120523 0.392982 0.147629 0.364764 0.164674 0.386636 0.147629 0.364764 0.187046 0.373178 0.164674 0.386636 0.147629 0.364764 0.1748639 0.344992 0.187046 0.373178 0.07306498 0.556603 0.08525598 0.554047 0.135027 0.593673 0.639036 0.278716 0.641063 0.276511 0.640455 0.279443 0.641063 0.276511 0.663644 0.275968 0.640455 0.279443 0.641063 0.276511 0.665579 0.273683 0.663644 0.275968 0.140539 0.536307 0.129176 0.537034 0.143655 0.532767 0.140539 0.536307 0.127135 0.540189 0.129176 0.537034 0.127135 0.540189 0.122106 0.534712 0.129176 0.537034 0.127135 0.540189 0.120073 0.536553 0.122106 0.534712 0.143655 0.532767 0.13196 0.534251 0.148288 0.527942 0.143655 0.532767 0.129176 0.537034 0.13196 0.534251 0.129176 0.537034 0.125651 0.532581 0.13196 0.534251 0.129176 0.537034 0.122106 0.534712 0.125651 0.532581 0.08291 0.552961 0.07306498 0.556603 0.06671196 0.555942 0.08291 0.552961 0.08525598 0.554047 0.07306498 0.556603 0.08291 0.552961 0.08977097 0.545386 0.08525598 0.554047 0.08291 0.552961 0.08730399 0.545121 0.08977097 0.545386 0.08291 0.552961 0.05903995 0.554847 0.07907897 0.550579 0.08291 0.552961 0.06671196 0.555942 0.05903995 0.554847 0.08730399 0.545121 0.08514195 0.504284 0.08977097 0.545386 0.08730399 0.545121 0.08252799 0.504372 0.08514195 0.504284 0.08561098 0.464179 0.08514195 0.504284 0.08252799 0.504372 0.08561098 0.464179 0.08821099 0.464684 0.08514195 0.504284 0.09779 0.425827 0.08821099 0.464684 0.08561098 0.464179 0.09779 0.425827 0.100202 0.426921 0.08821099 0.464684 0.118453 0.391353 0.100202 0.426921 0.09779 0.425827 0.118453 0.391353 0.120523 0.392982 0.100202 0.426921 0.146144 0.362662 0.120523 0.392982 0.118453 0.391353 0.146144 0.362662 0.147629 0.364764 0.120523 0.392982 0.146144 0.362662 0.1748639 0.344992 0.147629 0.364764 0.146144 0.362662 0.1760759 0.341154 0.1748639 0.344992 0.1760759 0.341154 0.142732 0.357706 0.17799 0.335452 0.1760759 0.341154 0.146144 0.362662 0.142732 0.357706 0.146144 0.362662 0.113578 0.387511 0.142732 0.357706 0.146144 0.362662 0.118453 0.391353 0.113578 0.387511 0.118453 0.391353 0.09210699 0.42325 0.113578 0.387511 0.118453 0.391353 0.09779 0.425827 0.09210699 0.42325 0.09779 0.425827 0.07948398 0.462986 0.09210699 0.42325 0.09779 0.425827 0.08561098 0.464179 0.07948398 0.462986 0.08561098 0.464179 0.07639396 0.504564 0.07948398 0.462986 0.08561098 0.464179 0.08252799 0.504372 0.07639396 0.504564 0.08252799 0.504372 0.08300399 0.54573 0.07639396 0.504564 0.08252799 0.504372 0.08730399 0.545121 0.08300399 0.54573 0.08730399 0.545121 0.07907897 0.550579 0.08300399 0.54573 0.08730399 0.545121 0.08291 0.552961 0.07907897 0.550579 0.285741 0.383599 0.290417 0.373382 0.287248 0.388067 0.285741 0.383599 0.288561 0.37097 0.290417 0.373382 0.287248 0.388067 0.29153 0.376536 0.289118 0.394905 0.287248 0.388067 0.290417 0.373382 0.29153 0.376536 0.288561 0.37097 0.296338 0.368433 0.290417 0.373382 0.288561 0.37097 0.29576 0.365752 0.296338 0.368433 0.290417 0.373382 0.295631 0.371438 0.29153 0.376536 0.290417 0.373382 0.296338 0.368433 0.295631 0.371438 0.300132 0.325364 0.303261 0.335093 0.298019 0.326852 0.300132 0.325364 0.304724 0.333089 0.303261 0.335093 0.300132 0.325364 0.3019 0.315018 0.30565 0.309846 0.300132 0.325364 0.298019 0.326852 0.3019 0.315018 0.300132 0.325364 0.310641 0.303245 0.304518 0.321985 0.300132 0.325364 0.30565 0.309846 0.310641 0.303245 0.304724 0.333089 0.341172 0.351635 0.303261 0.335093 0.304724 0.333089 0.342402 0.349328 0.341172 0.351635 0.375669 0.372094 0.341172 0.351635 0.342402 0.349328 0.375669 0.372094 0.373931 0.374094 0.341172 0.351635 0.402793 0.401818 0.373931 0.374094 0.375669 0.372094 0.402793 0.401818 0.40064 0.403359 0.373931 0.374094 0.422318 0.436949 0.40064 0.403359 0.402793 0.401818 0.422318 0.436949 0.419871 0.437927 0.40064 0.403359 0.433319 0.475276 0.419871 0.437927 0.422318 0.436949 0.433319 0.475276 0.430756 0.47551 0.419871 0.437927 0.433319 0.475276 0.434261 0.508982 0.430756 0.47551 0.433319 0.475276 0.436979 0.511951 0.434261 0.508982 0.436979 0.511951 0.433319 0.475276 0.439317 0.474799 0.436979 0.511951 0.439317 0.474799 0.44096 0.51646 0.433319 0.475276 0.428082 0.434648 0.439317 0.474799 0.433319 0.475276 0.422318 0.436949 0.428082 0.434648 0.422318 0.436949 0.407867 0.398184 0.428082 0.434648 0.422318 0.436949 0.402793 0.401818 0.407867 0.398184 0.402793 0.401818 0.379766 0.367384 0.407867 0.398184 0.402793 0.401818 0.375669 0.372094 0.379766 0.367384 0.375669 0.372094 0.345303 0.343919 0.379766 0.367384 0.375669 0.372094 0.342402 0.349328 0.345303 0.343919 0.342402 0.349328 0.306347 0.329061 0.345303 0.343919 0.342402 0.349328 0.304724 0.333089 0.306347 0.329061 0.304724 0.333089 0.304518 0.321985 0.306347 0.329061 0.304724 0.333089 0.300132 0.325364 0.304518 0.321985 0.583334 0.295349 0.582509 0.296937 0.580386 0.294825 0.580386 0.294825 0.563031 0.308474 0.560053 0.308169 0.580386 0.294825 0.582509 0.296937 0.563031 0.308474 0.576524 0.258945 0.583334 0.295349 0.580386 0.294825 0.576524 0.258945 0.580386 0.294825 0.573532 0.259071 0.579597 0.2176 0.576524 0.258945 0.573532 0.259071 0.579597 0.2176 0.573532 0.259071 0.576656 0.217032 0.576656 0.217032 0.592148 0.178088 0.579597 0.2176 0.576656 0.217032 0.589419 0.176855 0.592148 0.178088 0.589419 0.176855 0.613498 0.142549 0.592148 0.178088 0.589419 0.176855 0.611128 0.1407189 0.613498 0.142549 0.642489 0.112913 0.613498 0.142549 0.611128 0.1407189 0.642489 0.112913 0.611128 0.1407189 0.640606 0.110584 0.640606 0.110584 0.684855 0.09017795 0.642489 0.112913 0.640606 0.110584 0.685684 0.08730095 0.684855 0.09017795 0.345388 0.585702 0.352855 0.594429 0.340765 0.584773 0.345388 0.585702 0.35526 0.594075 0.352855 0.594429 0.35526 0.594075 0.353224 0.602462 0.352855 0.594429 0.35526 0.594075 0.355835 0.603302 0.353224 0.602462 0.340765 0.584773 0.348586 0.59409 0.332072 0.584441 0.340765 0.584773 0.352855 0.594429 0.348586 0.59409 0.352855 0.594429 0.349977 0.600584 0.348586 0.59409 0.352855 0.594429 0.353224 0.602462 0.349977 0.600584 0.388626 0.627282 0.396702 0.633987 0.399306 0.639819 0.388626 0.627282 0.388393 0.624708 0.396702 0.633987 0.388626 0.627282 0.378635 0.625127 0.388393 0.624708 0.388626 0.627282 0.37964 0.627397 0.378635 0.625127 0.388626 0.627282 0.402116 0.646507 0.389313 0.632405 0.388626 0.627282 0.399306 0.639819 0.402116 0.646507 0.37964 0.627397 0.345354 0.649688 0.378635 0.625127 0.37964 0.627397 0.346738 0.651907 0.345354 0.649688 0.310388 0.669334 0.345354 0.649688 0.346738 0.651907 0.310388 0.669334 0.309525 0.666829 0.345354 0.649688 0.310388 0.669334 0.270826 0.675328 0.309525 0.666829 0.346738 0.651907 0.37964 0.627397 0.382317 0.630816 0.346738 0.651907 0.382317 0.630816 0.349971 0.657124 0.310388 0.669334 0.346738 0.651907 0.349971 0.657124 0.310388 0.669334 0.349971 0.657124 0.312418 0.675237 0.271085 0.677962 0.310388 0.669334 0.312418 0.675237 0.310388 0.669334 0.271085 0.677962 0.270826 0.675328 0.230898 0.677305 0.270826 0.675328 0.271085 0.677962 0.230898 0.677305 0.231274 0.674697 0.270826 0.675328 0.192205 0.66767 0.231274 0.674697 0.230898 0.677305 0.192205 0.66767 0.193283 0.665333 0.231274 0.674697 0.192205 0.66767 0.1625429 0.651632 0.193283 0.665333 0.192205 0.66767 0.158613 0.652502 0.1625429 0.651632 0.158613 0.652502 0.189619 0.673102 0.1527169 0.653695 0.158613 0.652502 0.192205 0.66767 0.189619 0.673102 0.192205 0.66767 0.230008 0.683448 0.189619 0.673102 0.192205 0.66767 0.230898 0.677305 0.230008 0.683448 0.230898 0.677305 0.271694 0.684173 0.230008 0.683448 0.230898 0.677305 0.271085 0.677962 0.271694 0.684173 0.271085 0.677962 0.312418 0.675237 0.271694 0.684173 0.37964 0.627397 0.389313 0.632405 0.382317 0.630816 0.37964 0.627397 0.388626 0.627282 0.389313 0.632405 0.298529 0.324951 0.30241 0.313117 0.239326 0.348241 0.431266 0.473609 0.404271 0.503538 0.434771 0.507081 0.431266 0.473609 0.403801 0.477434 0.404271 0.503538 0.420381 0.436025 0.403801 0.477434 0.431266 0.473609 0.420381 0.436025 0.394953 0.446357 0.403801 0.477434 0.378853 0.417461 0.394953 0.446357 0.420381 0.436025 0.378853 0.417461 0.420381 0.436025 0.40115 0.401459 0.40115 0.401459 0.356444 0.392973 0.378853 0.417461 0.40115 0.401459 0.374441 0.372193 0.356444 0.392973 0.341682 0.349735 0.356444 0.392973 0.374441 0.372193 0.341682 0.349735 0.328897 0.374495 0.356444 0.392973 0.303772 0.333192 0.328897 0.374495 0.341682 0.349735 0.303772 0.333192 0.29627 0.363851 0.328897 0.374495 0.298529 0.324951 0.29627 0.363851 0.303772 0.333192 0.298529 0.324951 0.288567 0.368962 0.29627 0.363851 0.288567 0.368962 0.298529 0.324951 0.239326 0.348241 0.286251 0.381698 0.288567 0.368962 0.239326 0.348241 0.300642 0.323463 0.30241 0.313117 0.298529 0.324951 0.300642 0.323463 0.306159 0.307945 0.30241 0.313117 0.303772 0.333192 0.300642 0.323463 0.298529 0.324951 0.303772 0.333192 0.305235 0.331188 0.300642 0.323463 0.300642 0.323463 0.312552 0.29986 0.306159 0.307945 0.300642 0.323463 0.304657 0.319714 0.312552 0.29986 0.433829 0.473375 0.434771 0.507081 0.43749 0.51005 0.433829 0.473375 0.431266 0.473609 0.434771 0.507081 0.433829 0.473375 0.420381 0.436025 0.431266 0.473609 0.433829 0.473375 0.422828 0.435047 0.420381 0.436025 0.422828 0.435047 0.40115 0.401459 0.420381 0.436025 0.422828 0.435047 0.403303 0.399917 0.40115 0.401459 0.374441 0.372193 0.40115 0.401459 0.403303 0.399917 0.374441 0.372193 0.403303 0.399917 0.376179 0.370193 0.376179 0.370193 0.341682 0.349735 0.374441 0.372193 0.376179 0.370193 0.342912 0.347427 0.341682 0.349735 0.341682 0.349735 0.342912 0.347427 0.305235 0.331188 0.341682 0.349735 0.305235 0.331188 0.303772 0.333192 0.342912 0.347427 0.306857 0.32716 0.305235 0.331188 0.342912 0.347427 0.345813 0.342019 0.306857 0.32716 0.376179 0.370193 0.345813 0.342019 0.342912 0.347427 0.376179 0.370193 0.380276 0.365484 0.345813 0.342019 0.403303 0.399917 0.380276 0.365484 0.376179 0.370193 0.403303 0.399917 0.408377 0.396283 0.380276 0.365484 0.422828 0.435047 0.408377 0.396283 0.403303 0.399917 0.422828 0.435047 0.428593 0.432748 0.408377 0.396283 0.433829 0.473375 0.428593 0.432748 0.422828 0.435047 0.433829 0.473375 0.439827 0.472898 0.428593 0.432748 0.43749 0.51005 0.439827 0.472898 0.433829 0.473375 0.43749 0.51005 0.441471 0.514559 0.439827 0.472898 0.305235 0.331188 0.304657 0.319714 0.300642 0.323463 0.305235 0.331188 0.306857 0.32716 0.304657 0.319714 0.08341997 0.55106 0.07357597 0.554702 0.08576595 0.552146 0.08341997 0.55106 0.06722295 0.554041 0.07357597 0.554702 0.09028196 0.543485 0.08341997 0.55106 0.08576595 0.552146 0.09028196 0.543485 0.08781397 0.543221 0.08341997 0.55106 0.08341997 0.55106 0.05852895 0.552575 0.06722295 0.554041 0.08341997 0.55106 0.07866096 0.549421 0.05852895 0.552575 0.176586 0.339253 0.178501 0.333551 0.143243 0.355805 0.176586 0.339253 0.143243 0.355805 0.146654 0.360761 0.146654 0.360761 0.175374 0.343092 0.176586 0.339253 0.146654 0.360761 0.1481389 0.362863 0.175374 0.343092 0.146654 0.360761 0.121033 0.391082 0.1481389 0.362863 0.146654 0.360761 0.118963 0.389452 0.121033 0.391082 0.118963 0.389452 0.100712 0.425019 0.121033 0.391082 0.118963 0.389452 0.09830099 0.423926 0.100712 0.425019 0.08872199 0.462783 0.100712 0.425019 0.09830099 0.423926 0.08872199 0.462783 0.09830099 0.423926 0.08612096 0.462278 0.08612096 0.462278 0.08565199 0.502383 0.08872199 0.462783 0.08612096 0.462278 0.08303898 0.502471 0.08565199 0.502383 0.08565199 0.502383 0.08303898 0.502471 0.08781397 0.543221 0.08565199 0.502383 0.08781397 0.543221 0.09028196 0.543485 0.08303898 0.502471 0.08351397 0.543829 0.08781397 0.543221 0.08303898 0.502471 0.07690399 0.502663 0.08351397 0.543829 0.08612096 0.462278 0.07690399 0.502663 0.08303898 0.502471 0.08612096 0.462278 0.07999396 0.461085 0.07690399 0.502663 0.09830099 0.423926 0.07999396 0.461085 0.08612096 0.462278 0.09830099 0.423926 0.09261697 0.421349 0.07999396 0.461085 0.118963 0.389452 0.09261697 0.421349 0.09830099 0.423926 0.118963 0.389452 0.1140879 0.38561 0.09261697 0.421349 0.146654 0.360761 0.1140879 0.38561 0.118963 0.389452 0.146654 0.360761 0.143243 0.355805 0.1140879 0.38561 0.08781397 0.543221 0.07866096 0.549421 0.08341997 0.55106 0.08781397 0.543221 0.08351397 0.543829 0.07866096 0.549421 0.08576595 0.552146 0.07357597 0.554702 0.135537 0.591772 0.1481389 0.362863 0.187556 0.371277 0.175374 0.343092 0.1481389 0.362863 0.165184 0.384735 0.187556 0.371277 0.121033 0.391082 0.165184 0.384735 0.1481389 0.362863 0.121033 0.391082 0.1426939 0.407937 0.165184 0.384735 0.100712 0.425019 0.1426939 0.407937 0.121033 0.391082 0.100712 0.425019 0.12572 0.436329 0.1426939 0.407937 0.08872199 0.462783 0.12572 0.436329 0.100712 0.425019 0.08872199 0.462783 0.115717 0.467979 0.12572 0.436329 0.08565199 0.502383 0.115717 0.467979 0.08872199 0.462783 0.08565199 0.502383 0.113489 0.501074 0.115717 0.467979 0.09028196 0.543485 0.113489 0.501074 0.08565199 0.502383 0.09028196 0.543485 0.120584 0.534652 0.113489 0.501074 0.08576595 0.552146 0.120584 0.534652 0.09028196 0.543485 0.08576595 0.552146 0.128861 0.538768 0.120584 0.534652 0.128861 0.538768 0.08576595 0.552146 0.135537 0.591772 0.141049 0.534406 0.128861 0.538768 0.135537 0.591772 0.815614 0.858159 0.834503 0.8461 0.831581 0.845447 0.815614 0.858159 0.831581 0.845447 0.814008 0.855632 0.814008 0.855632 0.791186 0.869941 0.815614 0.858159 0.814008 0.855632 0.790209 0.867111 0.791186 0.869941 0.791186 0.869941 0.790209 0.867111 0.764399 0.872775 0.791186 0.869941 0.764399 0.872775 0.764696 0.875755 0.73758 0.875283 0.764696 0.875755 0.764399 0.872775 0.73758 0.875283 0.764399 0.872775 0.73798 0.872315 0.73798 0.872315 0.711307 0.868552 0.73758 0.875283 0.73798 0.872315 0.712382 0.865759 0.711307 0.868552 0.712382 0.865759 0.678995 0.854426 0.711307 0.868552 0.712382 0.865759 0.678274 0.851519 0.678995 0.854426 0.235822 0.643261 0.205833 0.630408 0.204819 0.635433 0.235822 0.643261 0.236361 0.638228 0.205833 0.630408 0.268387 0.643774 0.236361 0.638228 0.235822 0.643261 0.268387 0.643774 0.26787 0.638776 0.236361 0.638228 0.300274 0.636739 0.26787 0.638776 0.268387 0.643774 0.300274 0.636739 0.298652 0.632021 0.26787 0.638776 0.204819 0.635433 0.205833 0.630408 0.177941 0.615738 0.204819 0.635433 0.177941 0.615738 0.18035 0.621679 0.181372 0.625089 0.204819 0.635433 0.18035 0.621679 0.181372 0.625089 0.204213 0.637734 0.204819 0.635433 0.235822 0.643261 0.204819 0.635433 0.204213 0.637734 0.235822 0.643261 0.204213 0.637734 0.2355509 0.64561 0.268626 0.646115 0.235822 0.643261 0.2355509 0.64561 0.268626 0.646115 0.268387 0.643774 0.235822 0.643261 0.301037 0.638952 0.268387 0.643774 0.268626 0.646115 0.301037 0.638952 0.300274 0.636739 0.268387 0.643774 0.329585 0.622396 0.300274 0.636739 0.301037 0.638952 0.329585 0.622396 0.298652 0.632021 0.300274 0.636739 0.329585 0.622396 0.327036 0.61833 0.298652 0.632021 0.353734 0.600561 0.327036 0.61833 0.329585 0.622396 0.353734 0.600561 0.350395 0.599147 0.327036 0.61833 0.329585 0.622396 0.301037 0.638952 0.330813 0.624334 0.330813 0.624334 0.353734 0.600561 0.329585 0.622396 0.330813 0.624334 0.356345 0.601401 0.353734 0.600561 0.678274 0.851519 0.648316 0.900688 0.678995 0.854426 0.678274 0.851519 0.645409 0.901409 0.648316 0.900688 0.18035 0.621679 0.177941 0.615738 0.153228 0.651794 0.18035 0.621679 0.153228 0.651794 0.159123 0.650601 0.163053 0.649731 0.18035 0.621679 0.159123 0.650601 0.163053 0.649731 0.181372 0.625089 0.18035 0.621679 0.288567 0.368962 0.296848 0.366532 0.29627 0.363851 0.288567 0.368962 0.290075 0.370868 0.296848 0.366532 0.290075 0.370868 0.286251 0.381698 0.287758 0.386167 0.290075 0.370868 0.288567 0.368962 0.286251 0.381698 0.287758 0.386167 0.292411 0.374821 0.290075 0.370868 0.287758 0.386167 0.289999 0.392448 0.292411 0.374821 0.290075 0.370868 0.296141 0.369538 0.296848 0.366532 0.290075 0.370868 0.292411 0.374821 0.296141 0.369538 0.714733 0.613038 0.807357 0.562427 0.80911 0.56 0.714733 0.613038 0.717721 0.613242 0.807357 0.562427 0.306159 0.307945 0.312552 0.29986 0.229745 0.347102 0.306159 0.307945 0.229745 0.347102 0.2345989 0.347939 0.2345989 0.347939 0.30241 0.313117 0.306159 0.307945 0.2345989 0.347939 0.239326 0.348241 0.30241 0.313117 0.714733 0.613038 0.785202 0.665813 0.717721 0.613242 0.714733 0.613038 0.786214 0.668632 0.785202 0.665813 0.796022 0.645986 0.785202 0.665813 0.786214 0.668632 0.796022 0.645986 0.793786 0.643993 0.785202 0.665813 0.795126 0.643128 0.793786 0.643993 0.796022 0.645986 0.388903 0.622807 0.397212 0.632086 0.398335 0.559891 0.345899 0.583801 0.35577 0.592174 0.398335 0.559891 0.35577 0.592174 0.388903 0.622807 0.398335 0.559891 0.388903 0.622807 0.35577 0.592174 0.356345 0.601401 0.388903 0.622807 0.356345 0.601401 0.379145 0.623226 0.379145 0.623226 0.356345 0.601401 0.330813 0.624334 0.379145 0.623226 0.330813 0.624334 0.345864 0.647787 0.330813 0.624334 0.310035 0.664929 0.345864 0.647787 0.330813 0.624334 0.301037 0.638952 0.310035 0.664929 0.310035 0.664929 0.301037 0.638952 0.268626 0.646115 0.310035 0.664929 0.268626 0.646115 0.271336 0.673427 0.268626 0.646115 0.231784 0.672797 0.271336 0.673427 0.268626 0.646115 0.2355509 0.64561 0.231784 0.672797 0.2355509 0.64561 0.1937929 0.663432 0.231784 0.672797 0.2355509 0.64561 0.204213 0.637734 0.1937929 0.663432 0.1937929 0.663432 0.204213 0.637734 0.181372 0.625089 0.1937929 0.663432 0.181372 0.625089 0.163053 0.649731 0.8105 0.584281 0.807357 0.562427 0.80761 0.585064 0.8105 0.584281 0.80911 0.56 0.807357 0.562427 0.808572 0.586572 0.8105 0.584281 0.80761 0.585064 0.939947 0.728554 0.935495 0.777077 0.937572 0.779234 0.939947 0.728554 0.936989 0.72902 0.935495 0.777077 0.939947 0.728554 0.925819 0.689095 0.936989 0.72902 0.939947 0.728554 0.928588 0.687958 0.925819 0.689095 0.905717 0.652836 0.925819 0.689095 0.928588 0.687958 0.905717 0.652836 0.928588 0.687958 0.908149 0.651089 0.877773 0.62221 0.905717 0.652836 0.908149 0.651089 0.877773 0.62221 0.908149 0.651089 0.879735 0.619947 0.844891 0.596222 0.877773 0.62221 0.879735 0.619947 0.844891 0.596222 0.843505 0.598876 0.877773 0.62221 0.843505 0.598876 0.844891 0.596222 0.8105 0.584281 0.843505 0.598876 0.8105 0.584281 0.808572 0.586572 0.310898 0.667433 0.310035 0.664929 0.271336 0.673427 0.310898 0.667433 0.345864 0.647787 0.310035 0.664929 0.310898 0.667433 0.347248 0.650006 0.345864 0.647787 0.345864 0.647787 0.347248 0.650006 0.38015 0.625496 0.345864 0.647787 0.38015 0.625496 0.379145 0.623226 0.192715 0.665769 0.1937929 0.663432 0.163053 0.649731 0.192715 0.665769 0.231784 0.672797 0.1937929 0.663432 0.192715 0.665769 0.2314079 0.675405 0.231784 0.672797 0.2314079 0.675405 0.271336 0.673427 0.231784 0.672797 0.2314079 0.675405 0.271595 0.676062 0.271336 0.673427 0.310898 0.667433 0.271336 0.673427 0.271595 0.676062 0.271595 0.676062 0.312928 0.673336 0.310898 0.667433 0.310898 0.667433 0.312928 0.673336 0.350481 0.655223 0.310898 0.667433 0.350481 0.655223 0.347248 0.650006 0.347248 0.650006 0.350481 0.655223 0.382827 0.628915 0.347248 0.650006 0.382827 0.628915 0.38015 0.625496 0.192715 0.665769 0.163053 0.649731 0.159123 0.650601 0.271595 0.676062 0.272205 0.682272 0.312928 0.673336 0.2314079 0.675405 0.272205 0.682272 0.271595 0.676062 0.2314079 0.675405 0.230518 0.681547 0.272205 0.682272 0.192715 0.665769 0.230518 0.681547 0.2314079 0.675405 0.192715 0.665769 0.190129 0.671201 0.230518 0.681547 0.159123 0.650601 0.190129 0.671201 0.192715 0.665769 0.159123 0.650601 0.153228 0.651794 0.190129 0.671201 0.379145 0.623226 0.389136 0.625381 0.388903 0.622807 0.379145 0.623226 0.38015 0.625496 0.389136 0.625381 0.38015 0.625496 0.389929 0.631296 0.389136 0.625381 0.38015 0.625496 0.382827 0.628915 0.389929 0.631296 0.389136 0.625381 0.397212 0.632086 0.388903 0.622807 0.389136 0.625381 0.399816 0.637919 0.397212 0.632086 0.389136 0.625381 0.404038 0.646722 0.399816 0.637919 0.389136 0.625381 0.389929 0.631296 0.404038 0.646722 0.834503 0.8461 0.834424 0.844507 0.831581 0.845447 0.831581 0.845447 0.81982 0.826163 0.816873 0.82563 0.831581 0.845447 0.834424 0.844507 0.81982 0.826163 0.815014 0.653457 0.795126 0.643128 0.796022 0.645986 0.815014 0.653457 0.796022 0.645986 0.813628 0.656112 0.813628 0.656112 0.837431 0.668721 0.815014 0.653457 0.813628 0.656112 0.83547 0.670983 0.837431 0.668721 0.837431 0.668721 0.83547 0.670983 0.853279 0.690503 0.837431 0.668721 0.853279 0.690503 0.855711 0.688756 0.868861 0.712475 0.855711 0.688756 0.853279 0.690503 0.868861 0.712475 0.853279 0.690503 0.866091 0.713613 0.866091 0.713613 0.876169 0.738593 0.868861 0.712475 0.866091 0.713613 0.873212 0.739059 0.876169 0.738593 0.873212 0.739059 0.880091 0.77364 0.876169 0.738593 0.873212 0.739059 0.877934 0.775717 0.880091 0.77364 0.785202 0.665813 0.783159 0.654773 0.730004 0.612779 0.793786 0.643993 0.783159 0.654773 0.785202 0.665813 0.793786 0.643993 0.78683 0.637794 0.783159 0.654773 0.78683 0.637794 0.793786 0.643993 0.795126 0.643128 0.78683 0.637794 0.795126 0.643128 0.792202 0.633796 0.819785 0.644317 0.792202 0.633796 0.795126 0.643128 0.819785 0.644317 0.795126 0.643128 0.815014 0.653457 0.844187 0.660932 0.819785 0.644317 0.815014 0.653457 0.844187 0.660932 0.815014 0.653457 0.837431 0.668721 0.837431 0.668721 0.864085 0.682741 0.844187 0.660932 0.837431 0.668721 0.855711 0.688756 0.864085 0.682741 0.864085 0.682741 0.855711 0.688756 0.868861 0.712475 0.864085 0.682741 0.868861 0.712475 0.878399 0.70856 0.878399 0.70856 0.868861 0.712475 0.876169 0.738593 0.878399 0.70856 0.876169 0.738593 0.886354 0.73699 0.876169 0.738593 0.887517 0.766489 0.886354 0.73699 0.876169 0.738593 0.880091 0.77364 0.887517 0.766489 0.880091 0.77364 0.928344 0.76965 0.887517 0.766489 0.880091 0.77364 0.935495 0.777077 0.928344 0.76965 0.936989 0.72902 0.928344 0.76965 0.935495 0.777077 0.936989 0.72902 0.926805 0.730623 0.928344 0.76965 0.925819 0.689095 0.926805 0.730623 0.936989 0.72902 0.925819 0.689095 0.91628 0.69301 0.926805 0.730623 0.905717 0.652836 0.91628 0.69301 0.925819 0.689095 0.905717 0.652836 0.897342 0.658851 0.91628 0.69301 0.877773 0.62221 0.897342 0.658851 0.905717 0.652836 0.877773 0.62221 0.871018 0.629999 0.897342 0.658851 0.838734 0.608017 0.871018 0.629999 0.877773 0.62221 0.838734 0.608017 0.877773 0.62221 0.843505 0.598876 0.838734 0.608017 0.843505 0.598876 0.808572 0.586572 0.838734 0.608017 0.808572 0.586572 0.802241 0.594098 0.802241 0.594098 0.808572 0.586572 0.80761 0.585064 0.802241 0.594098 0.80761 0.585064 0.797647 0.587763 0.80761 0.585064 0.801318 0.570783 0.797647 0.587763 0.80761 0.585064 0.807357 0.562427 0.801318 0.570783 0.730004 0.612779 0.801318 0.570783 0.807357 0.562427 0.730004 0.612779 0.807357 0.562427 0.717721 0.613242 0.785202 0.665813 0.730004 0.612779 0.717721 0.613242 0.876759 0.886023 0.87778 0.888838 0.878547 0.885943 0.87778 0.888838 0.898277 0.897043 0.878547 0.885943 0.87778 0.888838 0.899502 0.899775 0.898277 0.897043 0.688112 0.928806 0.648316 0.900688 0.645409 0.901409 0.688112 0.928806 0.689187 0.926012 0.648316 0.900688 0.688112 0.928806 0.729349 0.9363 0.689187 0.926012 0.688112 0.928806 0.728949 0.939267 0.729349 0.9363 0.771098 0.94 0.729349 0.9363 0.728949 0.939267 0.771098 0.94 0.770801 0.93702 0.729349 0.9363 0.811295 0.928134 0.770801 0.93702 0.771098 0.94 0.811295 0.928134 0.771098 0.94 0.812274 0.930964 0.850243 0.91265 0.811295 0.928134 0.812274 0.930964 0.850243 0.91265 0.848637 0.910123 0.811295 0.928134 0.848637 0.910123 0.850243 0.91265 0.87778 0.888838 0.848637 0.910123 0.87778 0.888838 0.876759 0.886023 0.35526 0.594075 0.345388 0.585702 0.397825 0.561792 0.388393 0.624708 0.35526 0.594075 0.397825 0.561792 0.388393 0.624708 0.355835 0.603302 0.35526 0.594075 0.388393 0.624708 0.378635 0.625127 0.355835 0.603302 0.378635 0.625127 0.330303 0.626235 0.355835 0.603302 0.378635 0.625127 0.345354 0.649688 0.330303 0.626235 0.309525 0.666829 0.330303 0.626235 0.345354 0.649688 0.309525 0.666829 0.300527 0.640853 0.330303 0.626235 0.268116 0.648015 0.300527 0.640853 0.309525 0.666829 0.268116 0.648015 0.309525 0.666829 0.270826 0.675328 0.231274 0.674697 0.268116 0.648015 0.270826 0.675328 0.231274 0.674697 0.235041 0.647511 0.268116 0.648015 0.193283 0.665333 0.235041 0.647511 0.231274 0.674697 0.193283 0.665333 0.203703 0.639635 0.235041 0.647511 0.193283 0.665333 0.180862 0.626989 0.203703 0.639635 0.193283 0.665333 0.1625429 0.651632 0.180862 0.626989 0.396702 0.633987 0.388393 0.624708 0.397825 0.561792 0.2345989 0.347939 0.286251 0.381698 0.239326 0.348241 0.2345989 0.347939 0.287758 0.386167 0.286251 0.381698 0.2345989 0.347939 0.289999 0.392448 0.287758 0.386167 0.2345989 0.347939 0.229745 0.347102 0.289999 0.392448 0.877934 0.275717 0.935495 0.277077 0.937572 0.279234 0.877934 0.275717 0.880091 0.27364 0.935495 0.277077 0.949105 0.007556974 0.988422 0.130358 0.94909 0.130353 0.949105 0.007556974 0.988437 0.007561981 0.988422 0.130358 0.949068 0.310141 0.988403 0.277164 0.9884 0.310144 0.949068 0.310141 0.949071 0.277159 0.988403 0.277164 0.9491 0.9925 0.988432 0.959026 0.988436 0.992495 0.9491 0.9925 0.949096 0.959031 0.988432 0.959026 0.988422 0.130358 0.949071 0.277159 0.94909 0.130353 0.988422 0.130358 0.988403 0.277164 0.949071 0.277159 0.949074 0.738014 0.988404 0.656987 0.98841 0.738011 0.949074 0.738014 0.949068 0.65699 0.988404 0.656987 0.949099 0.992495 0.988446 0.959007 0.988451 0.992489 0.949099 0.992495 0.949095 0.959012 0.988446 0.959007 0.949064 0.310144 0.988384 0.27717 0.988386 0.310142 0.949064 0.310144 0.949062 0.277172 0.988384 0.27717 0.988377 0.130402 0.949062 0.277172 0.949055 0.1304039 0.988377 0.130402 0.988384 0.27717 0.949062 0.277172 0.949049 0.007639944 0.988377 0.130402 0.949055 0.1304039 0.949049 0.007639944 0.98837 0.007637977 0.988377 0.130402 0.94908 0.73794 0.988411 0.656912 0.988418 0.737937 0.94908 0.73794 0.949076 0.656915 0.988411 0.656912 0.949095 0.959012 0.988442 0.931451 0.988446 0.959007 0.949095 0.959012 0.949092 0.931456 0.988442 0.931451 0.949089 0.895607 0.988442 0.931451 0.949092 0.931456 0.949089 0.895607 0.988437 0.895602 0.988442 0.931451 0.949089 0.895607 0.988433 0.859757 0.988437 0.895602 0.949089 0.895607 0.949086 0.859761 0.988433 0.859757 0.949086 0.859761 0.988428 0.823911 0.988433 0.859757 0.949086 0.859761 0.949084 0.823915 0.988428 0.823911 0.949082 0.788072 0.988428 0.823911 0.949084 0.823915 0.949082 0.788072 0.988423 0.788069 0.988428 0.823911 0.949082 0.788072 0.988418 0.737937 0.988423 0.788069 0.949082 0.788072 0.94908 0.73794 0.988418 0.737937 0.949059 0.007499992 0.9884 0.130321 0.94906 0.130322 0.949059 0.007499992 0.988399 0.007499992 0.9884 0.130321 0.949066 0.310146 0.988405 0.277157 0.988406 0.310144 0.949066 0.310146 0.949065 0.277159 0.988405 0.277157 0.949114 0.992498 0.988439 0.959033 0.988441 0.992495 0.949114 0.992498 0.949112 0.959037 0.988439 0.959033 0.949091 0.738046 0.98842 0.657022 0.988425 0.738043 0.949091 0.738046 0.949085 0.657024 0.98842 0.657022 0.949112 0.959037 0.988437 0.931494 0.988439 0.959033 0.949112 0.959037 0.949109 0.931498 0.988437 0.931494 0.949104 0.895669 0.988437 0.931494 0.949109 0.931498 0.949104 0.895669 0.988434 0.895666 0.988437 0.931494 0.949104 0.895669 0.988432 0.859835 0.988434 0.895666 0.949104 0.895669 0.9491 0.859838 0.988432 0.859835 0.9491 0.859838 0.98843 0.824002 0.988432 0.859835 0.9491 0.859838 0.949097 0.824005 0.98843 0.824002 0.949094 0.788171 0.98843 0.824002 0.949097 0.824005 0.949094 0.788171 0.988428 0.788169 0.98843 0.824002 0.949094 0.788171 0.988425 0.738043 0.988428 0.788169 0.949094 0.788171 0.949091 0.738046 0.988425 0.738043 0.9884 0.130321 0.949065 0.277159 0.94906 0.130322 0.9884 0.130321 0.988405 0.277157 0.949065 0.277159 0.35577 0.592174 0.353734 0.600561 0.356345 0.601401 0.35577 0.592174 0.353365 0.592528 0.353734 0.600561 0.353365 0.592528 0.345899 0.583801 0.341275 0.582872 0.353365 0.592528 0.35577 0.592174 0.345899 0.583801 0.341275 0.582872 0.349281 0.592004 0.353365 0.592528 0.341275 0.582872 0.333324 0.581149 0.349281 0.592004 0.353365 0.592528 0.350395 0.599147 0.353734 0.600561 0.353365 0.592528 0.349281 0.592004 0.350395 0.599147 0.900759 0.791523 0.898277 0.897043 0.899502 0.899775 0.900759 0.791523 0.899088 0.794008 0.898277 0.897043 0.399816 0.637919 0.404038 0.646722 0.404113 0.552164 0.399816 0.637919 0.404113 0.552164 0.400961 0.555949 0.400961 0.555949 0.397212 0.632086 0.399816 0.637919 0.400961 0.555949 0.398335 0.559891 0.397212 0.632086 0.900759 0.791523 0.81982 0.826163 0.899088 0.794008 0.900759 0.791523 0.816873 0.82563 0.81982 0.826163 0.392783 0.447297 0.396647 0.479695 0.401506 0.47806 0.392783 0.447297 0.388156 0.449347 0.396647 0.479695 0.376945 0.418838 0.388156 0.449347 0.392783 0.447297 0.376945 0.418838 0.372875 0.421785 0.388156 0.449347 0.354908 0.394741 0.372875 0.421785 0.376945 0.418838 0.354908 0.394741 0.351635 0.398505 0.372875 0.421785 0.327832 0.376528 0.351635 0.398505 0.354908 0.394741 0.327832 0.376528 0.325586 0.380768 0.351635 0.398505 0.401506 0.47806 0.396647 0.479695 0.397889 0.511185 0.401506 0.47806 0.397889 0.511185 0.401829 0.506128 0.404271 0.503538 0.401506 0.47806 0.401829 0.506128 0.404271 0.503538 0.403801 0.477434 0.401506 0.47806 0.392783 0.447297 0.401506 0.47806 0.403801 0.477434 0.392783 0.447297 0.403801 0.477434 0.394953 0.446357 0.378853 0.417461 0.392783 0.447297 0.394953 0.446357 0.378853 0.417461 0.376945 0.418838 0.392783 0.447297 0.356444 0.392973 0.376945 0.418838 0.378853 0.417461 0.356444 0.392973 0.354908 0.394741 0.376945 0.418838 0.328897 0.374495 0.354908 0.394741 0.356444 0.392973 0.328897 0.374495 0.327832 0.376528 0.354908 0.394741 0.328897 0.374495 0.296848 0.366532 0.327832 0.376528 0.296848 0.366532 0.325586 0.380768 0.327832 0.376528 0.296848 0.366532 0.296141 0.369538 0.325586 0.380768 0.328897 0.374495 0.29627 0.363851 0.296848 0.366532 0.639036 0.778716 0.640455 0.779443 0.641063 0.776511 0.641063 0.776511 0.663644 0.775968 0.665579 0.773683 0.641063 0.776511 0.640455 0.779443 0.663644 0.775968 0.877934 0.775717 0.935495 0.777077 0.880091 0.77364 0.877934 0.775717 0.937572 0.779234 0.935495 0.777077 0.128861 0.538768 0.122616 0.532811 0.120584 0.534652 0.128861 0.538768 0.129965 0.53569 0.122616 0.532811 0.129965 0.53569 0.141049 0.534406 0.143324 0.530773 0.129965 0.53569 0.128861 0.538768 0.141049 0.534406 0.143324 0.530773 0.131542 0.533092 0.129965 0.53569 0.143324 0.530773 0.147221 0.526413 0.131542 0.533092 0.129965 0.53569 0.125573 0.531921 0.122616 0.532811 0.129965 0.53569 0.131542 0.533092 0.125573 0.531921 0.653174 0.863383 0.563031 0.808474 0.560053 0.808169 0.653174 0.863383 0.651857 0.860694 0.563031 0.808474 0.06722295 0.554041 0.05852895 0.552575 0.13934 0.600639 0.06722295 0.554041 0.13934 0.600639 0.137638 0.596017 0.137638 0.596017 0.07357597 0.554702 0.06722295 0.554041 0.137638 0.596017 0.135537 0.591772 0.07357597 0.554702 0.653174 0.863383 0.663644 0.775968 0.651857 0.860694 0.653174 0.863383 0.665579 0.773683 0.663644 0.775968 0.580386 0.794825 0.563031 0.808474 0.582509 0.796937 0.580386 0.794825 0.560053 0.808169 0.563031 0.808474 0.583334 0.795349 0.580386 0.794825 0.582509 0.796937 0.640606 0.610584 0.684855 0.590178 0.685684 0.587301 0.640606 0.610584 0.642489 0.612913 0.684855 0.590178 0.611128 0.640719 0.642489 0.612913 0.640606 0.610584 0.611128 0.640719 0.613498 0.642549 0.642489 0.612913 0.589419 0.676855 0.613498 0.642549 0.611128 0.640719 0.589419 0.676855 0.592148 0.678088 0.613498 0.642549 0.576656 0.717032 0.592148 0.678088 0.589419 0.676855 0.576656 0.717032 0.579597 0.7176 0.592148 0.678088 0.573532 0.759071 0.579597 0.7176 0.576656 0.717032 0.573532 0.759071 0.576524 0.758945 0.579597 0.7176 0.576524 0.758945 0.573532 0.759071 0.580386 0.794825 0.576524 0.758945 0.580386 0.794825 0.583334 0.795349 0.834424 0.344507 0.81982 0.326163 0.830402 0.329913 0.893348 0.304877 0.830402 0.329913 0.81982 0.326163 0.893348 0.304877 0.81982 0.326163 0.899088 0.294008 0.898277 0.397043 0.893348 0.304877 0.899088 0.294008 0.898277 0.397043 0.89406 0.387634 0.893348 0.304877 0.878547 0.385943 0.89406 0.387634 0.898277 0.397043 0.878547 0.385943 0.88119 0.375965 0.89406 0.387634 0.878547 0.385943 0.873408 0.376777 0.88119 0.375965 0.878547 0.385943 0.876759 0.386023 0.873408 0.376777 0.843107 0.401421 0.873408 0.376777 0.876759 0.386023 0.843107 0.401421 0.876759 0.386023 0.848637 0.410123 0.811296 0.428134 0.843107 0.401421 0.848637 0.410123 0.811296 0.428134 0.807928 0.418389 0.843107 0.401421 0.769779 0.42676 0.807928 0.418389 0.811296 0.428134 0.769779 0.42676 0.811296 0.428134 0.770801 0.43702 0.730727 0.426081 0.769779 0.42676 0.770801 0.43702 0.730727 0.426081 0.770801 0.43702 0.729349 0.4363 0.729349 0.4363 0.692892 0.41639 0.730727 0.426081 0.729349 0.4363 0.689188 0.426012 0.692892 0.41639 0.689188 0.426012 0.658323 0.398209 0.692892 0.41639 0.689188 0.426012 0.648316 0.400688 0.658323 0.398209 0.678995 0.354426 0.658323 0.398209 0.648316 0.400688 0.678995 0.354426 0.681474 0.364433 0.658323 0.398209 0.711307 0.368552 0.681474 0.364433 0.678995 0.354426 0.711307 0.368552 0.707603 0.378175 0.681474 0.364433 0.707603 0.378175 0.711307 0.368552 0.73758 0.375283 0.707603 0.378175 0.73758 0.375283 0.736201 0.385501 0.73758 0.375283 0.765718 0.386014 0.736201 0.385501 0.73758 0.375283 0.764696 0.375755 0.765718 0.386014 0.794554 0.379686 0.765718 0.386014 0.764696 0.375755 0.794554 0.379686 0.764696 0.375755 0.791187 0.369941 0.791187 0.369941 0.821144 0.366861 0.794554 0.379686 0.791187 0.369941 0.815614 0.358159 0.821144 0.366861 0.821144 0.366861 0.815614 0.358159 0.834503 0.3461 0.821144 0.366861 0.834503 0.3461 0.844047 0.348233 0.834503 0.3461 0.843271 0.341582 0.844047 0.348233 0.834503 0.3461 0.834424 0.344507 0.843271 0.341582 0.834424 0.344507 0.830402 0.329913 0.843271 0.341582 0.834503 0.3461 0.831581 0.345447 0.834424 0.344507 0.831581 0.345447 0.81982 0.326163 0.834424 0.344507 0.831581 0.345447 0.816873 0.32563 0.81982 0.326163 0.638037 0.756328 0.639036 0.778716 0.641063 0.776511 0.638037 0.756328 0.641063 0.776511 0.641029 0.7562 0.641029 0.7562 0.640048 0.729282 0.638037 0.756328 0.641029 0.7562 0.642987 0.72985 0.640048 0.729282 0.640048 0.729282 0.642987 0.72985 0.650987 0.704667 0.640048 0.729282 0.650987 0.704667 0.648258 0.703433 0.662225 0.680186 0.648258 0.703433 0.650987 0.704667 0.662225 0.680186 0.650987 0.704667 0.664595 0.682016 0.662225 0.680186 0.664595 0.682016 0.683072 0.663127 0.662225 0.680186 0.683072 0.663127 0.68119 0.660798 0.683072 0.663127 0.70958 0.639878 0.68119 0.660798 0.683072 0.663127 0.712458 0.640708 0.70958 0.639878 0.144593 0.409347 0.170719 0.389802 0.166874 0.386411 0.144593 0.409347 0.1486819 0.41233 0.170719 0.389802 0.127866 0.437292 0.1486819 0.41233 0.144593 0.409347 0.127866 0.437292 0.132453 0.439343 0.1486819 0.41233 0.118016 0.468425 0.132453 0.439343 0.127866 0.437292 0.118016 0.468425 0.122912 0.469379 0.132453 0.439343 0.166874 0.386411 0.170719 0.389802 0.197369 0.372981 0.166874 0.386411 0.197369 0.372981 0.1910189 0.372097 0.187556 0.371277 0.166874 0.386411 0.1910189 0.372097 0.187556 0.371277 0.165184 0.384735 0.166874 0.386411 0.144593 0.409347 0.166874 0.386411 0.165184 0.384735 0.144593 0.409347 0.165184 0.384735 0.1426939 0.407937 0.12572 0.436329 0.144593 0.409347 0.1426939 0.407937 0.12572 0.436329 0.127866 0.437292 0.144593 0.409347 0.115717 0.467979 0.127866 0.437292 0.12572 0.436329 0.115717 0.467979 0.118016 0.468425 0.127866 0.437292 0.115781 0.50098 0.118016 0.468425 0.115717 0.467979 0.115781 0.50098 0.122912 0.469379 0.118016 0.468425 0.115781 0.50098 0.120576 0.500806 0.122912 0.469379 0.122616 0.532811 0.120576 0.500806 0.115781 0.50098 0.122616 0.532811 0.125573 0.531921 0.120576 0.500806 0.115781 0.50098 0.115717 0.467979 0.113489 0.501074 0.113489 0.501074 0.122616 0.532811 0.115781 0.50098 0.113489 0.501074 0.120584 0.534652 0.122616 0.532811 0.712458 0.640708 0.684855 0.590178 0.70958 0.639878 0.712458 0.640708 0.685684 0.587301 0.684855 0.590178 0.900759 0.291523 0.898277 0.397043 0.899088 0.294008 0.900759 0.291523 0.899502 0.399775 0.898277 0.397043 0.900759 0.291523 0.81982 0.326163 0.816873 0.32563 0.900759 0.291523 0.899088 0.294008 0.81982 0.326163 0.87778 0.388838 0.898277 0.397043 0.899502 0.399775 0.87778 0.388838 0.878547 0.385943 0.898277 0.397043 0.876759 0.386023 0.878547 0.385943 0.87778 0.388838 0.848637 0.410123 0.876759 0.386023 0.87778 0.388838 0.848637 0.410123 0.87778 0.388838 0.850243 0.41265 0.811296 0.428134 0.848637 0.410123 0.850243 0.41265 0.811296 0.428134 0.850243 0.41265 0.812274 0.430964 0.771098 0.44 0.811296 0.428134 0.812274 0.430964 0.771098 0.44 0.770801 0.43702 0.811296 0.428134 0.771098 0.44 0.729349 0.4363 0.770801 0.43702 0.771098 0.44 0.728949 0.439267 0.729349 0.4363 0.688112 0.428806 0.729349 0.4363 0.728949 0.439267 0.688112 0.428806 0.689188 0.426012 0.729349 0.4363 0.688112 0.428806 0.648316 0.400688 0.689188 0.426012 0.688112 0.428806 0.645409 0.401409 0.648316 0.400688 0.296338 0.368433 0.325076 0.382669 0.295631 0.371438 0.328387 0.376397 0.296338 0.368433 0.29576 0.365752 0.328387 0.376397 0.327322 0.378429 0.296338 0.368433 0.296338 0.368433 0.327322 0.378429 0.325076 0.382669 0.327322 0.378429 0.351124 0.400405 0.325076 0.382669 0.327322 0.378429 0.354398 0.396642 0.351124 0.400405 0.354398 0.396642 0.372365 0.423686 0.351124 0.400405 0.354398 0.396642 0.376435 0.42074 0.372365 0.423686 0.376435 0.42074 0.387645 0.451248 0.372365 0.423686 0.376435 0.42074 0.392273 0.449198 0.387645 0.451248 0.392273 0.449198 0.396137 0.481596 0.387645 0.451248 0.392273 0.449198 0.400996 0.479961 0.396137 0.481596 0.400996 0.479961 0.397379 0.513086 0.396137 0.481596 0.400996 0.479961 0.401319 0.508029 0.397379 0.513086 0.400996 0.479961 0.403761 0.505439 0.401319 0.508029 0.400996 0.479961 0.403291 0.479336 0.403761 0.505439 0.403291 0.479336 0.400996 0.479961 0.392273 0.449198 0.403291 0.479336 0.392273 0.449198 0.394443 0.448258 0.392273 0.449198 0.378343 0.419362 0.394443 0.448258 0.392273 0.449198 0.376435 0.42074 0.378343 0.419362 0.376435 0.42074 0.355934 0.394875 0.378343 0.419362 0.376435 0.42074 0.354398 0.396642 0.355934 0.394875 0.328387 0.376397 0.355934 0.394875 0.354398 0.396642 0.328387 0.376397 0.354398 0.396642 0.327322 0.378429 0.299764 0.638639 0.26736 0.640677 0.298142 0.633922 0.299764 0.638639 0.267877 0.645675 0.26736 0.640677 0.267877 0.645675 0.235851 0.640129 0.26736 0.640677 0.267877 0.645675 0.235312 0.645162 0.235851 0.640129 0.235312 0.645162 0.205323 0.632309 0.235851 0.640129 0.235312 0.645162 0.204309 0.637334 0.205323 0.632309 0.204309 0.637334 0.177431 0.617639 0.205323 0.632309 0.204309 0.637334 0.17984 0.62358 0.177431 0.617639 0.204309 0.637334 0.180862 0.626989 0.17984 0.62358 0.204309 0.637334 0.203703 0.639635 0.180862 0.626989 0.203703 0.639635 0.204309 0.637334 0.235312 0.645162 0.203703 0.639635 0.235312 0.645162 0.235041 0.647511 0.235312 0.645162 0.268116 0.648015 0.235041 0.647511 0.235312 0.645162 0.267877 0.645675 0.268116 0.648015 0.267877 0.645675 0.300527 0.640853 0.268116 0.648015 0.267877 0.645675 0.299764 0.638639 0.300527 0.640853 0.300527 0.640853 0.299764 0.638639 0.329075 0.624297 0.329075 0.624297 0.299764 0.638639 0.298142 0.633922 0.329075 0.624297 0.298142 0.633922 0.326526 0.620231 0.353224 0.602462 0.329075 0.624297 0.326526 0.620231 0.353224 0.602462 0.326526 0.620231 0.349977 0.600584 0.300527 0.640853 0.329075 0.624297 0.330303 0.626235 0.330303 0.626235 0.329075 0.624297 0.353224 0.602462 0.330303 0.626235 0.353224 0.602462 0.355835 0.603302 0.678274 0.351519 0.648316 0.400688 0.645409 0.401409 0.678274 0.351519 0.678995 0.354426 0.648316 0.400688 0.714733 0.113038 0.807357 0.06242698 0.717721 0.113242 0.714733 0.113038 0.80911 0.06 0.807357 0.06242698 0.714733 0.113038 0.785202 0.165813 0.786214 0.168632 0.714733 0.113038 0.717721 0.113242 0.785202 0.165813 0.796022 0.145986 0.785202 0.165813 0.793786 0.143993 0.796022 0.145986 0.786214 0.168632 0.785202 0.165813 0.795126 0.143128 0.796022 0.145986 0.793786 0.143993 0.401319 0.508029 0.44096 0.51646 0.397379 0.513086 0.401319 0.508029 0.436979 0.511951 0.44096 0.51646 0.401319 0.508029 0.434261 0.508982 0.436979 0.511951 0.401319 0.508029 0.403761 0.505439 0.434261 0.508982 0.653174 0.363383 0.563031 0.308474 0.651857 0.360694 0.653174 0.363383 0.560053 0.308169 0.563031 0.308474 0.653174 0.363383 0.663644 0.275968 0.665579 0.273683 0.653174 0.363383 0.651857 0.360694 0.663644 0.275968 0.712458 0.140708 0.684855 0.09017795 0.685684 0.08730095 0.712458 0.140708 0.70958 0.139878 0.684855 0.09017795 0.401829 0.506128 0.397889 0.511185 0.441471 0.514559 0.401829 0.506128 0.441471 0.514559 0.43749 0.51005 0.434771 0.507081 0.401829 0.506128 0.43749 0.51005 0.434771 0.507081 0.404271 0.503538 0.401829 0.506128 0.1910189 0.372097 0.197369 0.372981 0.178501 0.333551 0.1910189 0.372097 0.178501 0.333551 0.176586 0.339253 0.175374 0.343092 0.1910189 0.372097 0.176586 0.339253 0.175374 0.343092 0.187556 0.371277 0.1910189 0.372097 0.949096 0.959031 0.988428 0.931481 0.988432 0.959026 0.949096 0.959031 0.949093 0.931486 0.988428 0.931481 0.949089 0.89565 0.988428 0.931481 0.949093 0.931486 0.949089 0.89565 0.988424 0.895646 0.988428 0.931481 0.949089 0.89565 0.98842 0.85981 0.988424 0.895646 0.949089 0.89565 0.949085 0.859814 0.98842 0.85981 0.949085 0.859814 0.988417 0.823974 0.98842 0.85981 0.949085 0.859814 0.949081 0.823978 0.988417 0.823974 0.949078 0.788142 0.988417 0.823974 0.949081 0.823978 0.949078 0.788142 0.988414 0.788139 0.988417 0.823974 0.949078 0.788142 0.98841 0.738011 0.988414 0.788139 0.949078 0.788142 0.949074 0.738014 0.98841 0.738011 0.81982 0.826163 0.830402 0.829913 0.893348 0.804877 0.834424 0.844507 0.830402 0.829913 0.81982 0.826163 0.834424 0.844507 0.843271 0.841582 0.830402 0.829913 0.843271 0.841582 0.834424 0.844507 0.834503 0.8461 0.843271 0.841582 0.834503 0.8461 0.844047 0.848233 0.821144 0.866861 0.844047 0.848233 0.834503 0.8461 0.821144 0.866861 0.834503 0.8461 0.815614 0.858159 0.821144 0.866861 0.815614 0.858159 0.791186 0.869941 0.821144 0.866861 0.791186 0.869941 0.794554 0.879686 0.794554 0.879686 0.791186 0.869941 0.764696 0.875755 0.794554 0.879686 0.764696 0.875755 0.765718 0.886014 0.765718 0.886014 0.764696 0.875755 0.73758 0.875283 0.765718 0.886014 0.73758 0.875283 0.736201 0.885501 0.707603 0.878175 0.736201 0.885501 0.73758 0.875283 0.707603 0.878175 0.73758 0.875283 0.711307 0.868552 0.711307 0.868552 0.681474 0.864433 0.707603 0.878175 0.711307 0.868552 0.678995 0.854426 0.681474 0.864433 0.678995 0.854426 0.658323 0.898209 0.681474 0.864433 0.678995 0.854426 0.648316 0.900688 0.658323 0.898209 0.689187 0.926012 0.658323 0.898209 0.648316 0.900688 0.689187 0.926012 0.692892 0.91639 0.658323 0.898209 0.729349 0.9363 0.692892 0.91639 0.689187 0.926012 0.729349 0.9363 0.730727 0.926081 0.692892 0.91639 0.770801 0.93702 0.730727 0.926081 0.729349 0.9363 0.770801 0.93702 0.769779 0.92676 0.730727 0.926081 0.811295 0.928134 0.769779 0.92676 0.770801 0.93702 0.811295 0.928134 0.807928 0.918389 0.769779 0.92676 0.843107 0.901421 0.807928 0.918389 0.811295 0.928134 0.843107 0.901421 0.811295 0.928134 0.848637 0.910123 0.843107 0.901421 0.848637 0.910123 0.876759 0.886023 0.843107 0.901421 0.876759 0.886023 0.873408 0.876777 0.873408 0.876777 0.876759 0.886023 0.878547 0.885943 0.873408 0.876777 0.878547 0.885943 0.88119 0.875965 0.878547 0.885943 0.89406 0.887634 0.88119 0.875965 0.878547 0.885943 0.898277 0.897043 0.89406 0.887634 0.893348 0.804877 0.89406 0.887634 0.898277 0.897043 0.893348 0.804877 0.898277 0.897043 0.899088 0.794008 0.81982 0.826163 0.893348 0.804877 0.899088 0.794008 0.793786 0.143993 0.785202 0.165813 0.783159 0.1547729 0.730004 0.112779 0.783159 0.1547729 0.785202 0.165813 0.730004 0.112779 0.785202 0.165813 0.717721 0.113242 0.807357 0.06242698 0.730004 0.112779 0.717721 0.113242 0.807357 0.06242698 0.801318 0.07078295 0.730004 0.112779 0.80761 0.08506399 0.801318 0.07078295 0.807357 0.06242698 0.80761 0.08506399 0.797647 0.08776295 0.801318 0.07078295 0.80761 0.08506399 0.802241 0.09409797 0.797647 0.08776295 0.80761 0.08506399 0.808572 0.08657199 0.802241 0.09409797 0.838734 0.108017 0.802241 0.09409797 0.808572 0.08657199 0.838734 0.108017 0.808572 0.08657199 0.843505 0.09887599 0.877774 0.12221 0.838734 0.108017 0.843505 0.09887599 0.877774 0.12221 0.871018 0.129999 0.838734 0.108017 0.897342 0.158851 0.871018 0.129999 0.877774 0.12221 0.897342 0.158851 0.877774 0.12221 0.905717 0.152836 0.91628 0.19301 0.897342 0.158851 0.905717 0.152836 0.91628 0.19301 0.905717 0.152836 0.925819 0.189095 0.925819 0.189095 0.926805 0.230623 0.91628 0.19301 0.925819 0.189095 0.93699 0.2290199 0.926805 0.230623 0.93699 0.2290199 0.928344 0.26965 0.926805 0.230623 0.93699 0.2290199 0.935495 0.277077 0.928344 0.26965 0.880091 0.27364 0.928344 0.26965 0.935495 0.277077 0.880091 0.27364 0.887518 0.266489 0.928344 0.26965 0.876169 0.238593 0.887518 0.266489 0.880091 0.27364 0.876169 0.238593 0.886354 0.23699 0.887518 0.266489 0.876169 0.238593 0.878399 0.20856 0.886354 0.23699 0.876169 0.238593 0.868861 0.212475 0.878399 0.20856 0.868861 0.212475 0.864085 0.182741 0.878399 0.20856 0.868861 0.212475 0.855711 0.188756 0.864085 0.182741 0.864085 0.182741 0.855711 0.188756 0.837431 0.168721 0.864085 0.182741 0.837431 0.168721 0.844187 0.160932 0.844187 0.160932 0.837431 0.168721 0.815014 0.153457 0.844187 0.160932 0.815014 0.153457 0.819785 0.144317 0.819785 0.144317 0.815014 0.153457 0.795126 0.143128 0.819785 0.144317 0.795126 0.143128 0.792202 0.133796 0.795126 0.143128 0.78683 0.137794 0.792202 0.133796 0.795126 0.143128 0.793786 0.143993 0.78683 0.137794 0.793786 0.143993 0.783159 0.1547729 0.78683 0.137794 0.3019 0.315018 0.298019 0.326852 0.238816 0.350143 0.288561 0.37097 0.285741 0.383599 0.238816 0.350143 0.298019 0.326852 0.288561 0.37097 0.238816 0.350143 0.298019 0.326852 0.29576 0.365752 0.288561 0.37097 0.298019 0.326852 0.303261 0.335093 0.29576 0.365752 0.303261 0.335093 0.328387 0.376397 0.29576 0.365752 0.303261 0.335093 0.341172 0.351635 0.328387 0.376397 0.341172 0.351635 0.355934 0.394875 0.328387 0.376397 0.341172 0.351635 0.373931 0.374094 0.355934 0.394875 0.40064 0.403359 0.355934 0.394875 0.373931 0.374094 0.40064 0.403359 0.378343 0.419362 0.355934 0.394875 0.419871 0.437927 0.378343 0.419362 0.40064 0.403359 0.419871 0.437927 0.394443 0.448258 0.378343 0.419362 0.419871 0.437927 0.403291 0.479336 0.394443 0.448258 0.419871 0.437927 0.430756 0.47551 0.403291 0.479336 0.430756 0.47551 0.403761 0.505439 0.403291 0.479336 0.430756 0.47551 0.434261 0.508982 0.403761 0.505439 0.663644 0.775968 0.655105 0.783257 0.645314 0.850288 0.640455 0.779443 0.655105 0.783257 0.663644 0.775968 0.640455 0.779443 0.638564 0.788568 0.655105 0.783257 0.638564 0.788568 0.640455 0.779443 0.639036 0.778716 0.638564 0.788568 0.639036 0.778716 0.632416 0.785914 0.627736 0.756766 0.632416 0.785914 0.639036 0.778716 0.627736 0.756766 0.639036 0.778716 0.638037 0.756328 0.627736 0.756766 0.638037 0.756328 0.640048 0.729282 0.627736 0.756766 0.640048 0.729282 0.629924 0.727325 0.640048 0.729282 0.638862 0.699189 0.629924 0.727325 0.640048 0.729282 0.648258 0.703433 0.638862 0.699189 0.638862 0.699189 0.648258 0.703433 0.662225 0.680186 0.638862 0.699189 0.662225 0.680186 0.654065 0.673883 0.674709 0.652779 0.654065 0.673883 0.662225 0.680186 0.674709 0.652779 0.662225 0.680186 0.68119 0.660798 0.68119 0.660798 0.699674 0.637022 0.674709 0.652779 0.68119 0.660798 0.70958 0.639878 0.699674 0.637022 0.70958 0.639878 0.681998 0.600085 0.699674 0.637022 0.70958 0.639878 0.684855 0.590178 0.681998 0.600085 0.642489 0.612913 0.681998 0.600085 0.684855 0.590178 0.642489 0.612913 0.648969 0.620932 0.681998 0.600085 0.621658 0.648852 0.648969 0.620932 0.642489 0.612913 0.621658 0.648852 0.642489 0.612913 0.613498 0.642549 0.592148 0.678088 0.621658 0.648852 0.613498 0.642549 0.592148 0.678088 0.601544 0.682332 0.621658 0.648852 0.579597 0.7176 0.601544 0.682332 0.592148 0.678088 0.579597 0.7176 0.58972 0.719556 0.601544 0.682332 0.586825 0.758506 0.58972 0.719556 0.579597 0.7176 0.586825 0.758506 0.579597 0.7176 0.576524 0.758945 0.586825 0.758506 0.576524 0.758945 0.583334 0.795349 0.586825 0.758506 0.583334 0.795349 0.593017 0.797069 0.593017 0.797069 0.583334 0.795349 0.582509 0.796937 0.593017 0.797069 0.582509 0.796937 0.589829 0.804215 0.582509 0.796937 0.573288 0.809526 0.589829 0.804215 0.582509 0.796937 0.563031 0.808474 0.573288 0.809526 0.645314 0.850288 0.573288 0.809526 0.563031 0.808474 0.645314 0.850288 0.563031 0.808474 0.651857 0.860694 0.663644 0.775968 0.645314 0.850288 0.651857 0.860694 0.949075 0.588112 0.988411 0.656912 0.949076 0.656915 0.949075 0.588112 0.988405 0.58811 0.988411 0.656912 0.949074 0.530953 0.988405 0.58811 0.949075 0.588112 0.949074 0.530953 0.9884 0.530951 0.988405 0.58811 0.988395 0.473797 0.9884 0.530951 0.949074 0.530953 0.988395 0.473797 0.949074 0.530953 0.949072 0.473799 0.949072 0.473799 0.988391 0.416646 0.988395 0.473797 0.949072 0.473799 0.94907 0.416648 0.988391 0.416646 0.988388 0.359496 0.988391 0.416646 0.94907 0.416648 0.988388 0.359496 0.94907 0.416648 0.949067 0.359498 0.949067 0.359498 0.988386 0.310142 0.988388 0.359496 0.949067 0.359498 0.949064 0.310144 0.988386 0.310142 0.645314 0.350288 0.663644 0.275968 0.651857 0.360694 0.563031 0.308474 0.645314 0.350288 0.651857 0.360694 0.563031 0.308474 0.573288 0.309526 0.645314 0.350288 0.582509 0.296937 0.573288 0.309526 0.563031 0.308474 0.582509 0.296937 0.589829 0.304215 0.573288 0.309526 0.582509 0.296937 0.593017 0.297069 0.589829 0.304215 0.582509 0.296937 0.583334 0.295349 0.593017 0.297069 0.586825 0.258506 0.593017 0.297069 0.583334 0.295349 0.586825 0.258506 0.583334 0.295349 0.576524 0.258945 0.579597 0.2176 0.586825 0.258506 0.576524 0.258945 0.579597 0.2176 0.58972 0.219556 0.586825 0.258506 0.601544 0.182332 0.58972 0.219556 0.579597 0.2176 0.601544 0.182332 0.579597 0.2176 0.592148 0.178088 0.621658 0.148852 0.601544 0.182332 0.592148 0.178088 0.621658 0.148852 0.592148 0.178088 0.613498 0.142549 0.642489 0.112913 0.621658 0.148852 0.613498 0.142549 0.642489 0.112913 0.648969 0.120932 0.621658 0.148852 0.642489 0.112913 0.681998 0.100085 0.648969 0.120932 0.642489 0.112913 0.684855 0.09017795 0.681998 0.100085 0.70958 0.139878 0.681998 0.100085 0.684855 0.09017795 0.70958 0.139878 0.699674 0.137022 0.681998 0.100085 0.68119 0.160798 0.699674 0.137022 0.70958 0.139878 0.68119 0.160798 0.674709 0.152779 0.699674 0.137022 0.674709 0.152779 0.68119 0.160798 0.662225 0.180186 0.674709 0.152779 0.662225 0.180186 0.654065 0.173883 0.662225 0.180186 0.638862 0.199189 0.654065 0.173883 0.662225 0.180186 0.648258 0.203433 0.638862 0.199189 0.638862 0.199189 0.648258 0.203433 0.640048 0.229282 0.638862 0.199189 0.640048 0.229282 0.629924 0.227325 0.640048 0.229282 0.627736 0.256766 0.629924 0.227325 0.640048 0.229282 0.638037 0.256328 0.627736 0.256766 0.627736 0.256766 0.638037 0.256328 0.639036 0.278716 0.627736 0.256766 0.639036 0.278716 0.632417 0.285914 0.639036 0.278716 0.638564 0.288568 0.632417 0.285914 0.639036 0.278716 0.640455 0.279443 0.638564 0.288568 0.640455 0.279443 0.655105 0.283257 0.638564 0.288568 0.640455 0.279443 0.663644 0.275968 0.655105 0.283257 0.645314 0.350288 0.655105 0.283257 0.663644 0.275968 0.949081 0.588216 0.98842 0.657022 0.949085 0.657024 0.949081 0.588216 0.988417 0.588214 0.98842 0.657022 0.949078 0.531044 0.988417 0.588214 0.949081 0.588216 0.949078 0.531044 0.988415 0.531042 0.988417 0.588214 0.988412 0.473869 0.988415 0.531042 0.949078 0.531044 0.988412 0.473869 0.949078 0.531044 0.949075 0.473871 0.949075 0.473871 0.98841 0.416695 0.988412 0.473869 0.949075 0.473871 0.949072 0.416697 0.98841 0.416695 0.988408 0.35952 0.98841 0.416695 0.949072 0.416697 0.988408 0.35952 0.949072 0.416697 0.949069 0.359522 0.949069 0.359522 0.988406 0.310144 0.988408 0.35952 0.949069 0.359522 0.949066 0.310146 0.988406 0.310144 0.1273559 0.439193 0.115207 0.46988 0.125209 0.43823 0.1273559 0.439193 0.117505 0.470326 0.115207 0.46988 0.115207 0.46988 0.117505 0.470326 0.115271 0.502881 0.115207 0.46988 0.115271 0.502881 0.112978 0.502975 0.112978 0.502975 0.115271 0.502881 0.122106 0.534712 0.112978 0.502975 0.122106 0.534712 0.120073 0.536553 0.122106 0.534712 0.120066 0.502706 0.125651 0.532581 0.122106 0.534712 0.115271 0.502881 0.120066 0.502706 0.115271 0.502881 0.122402 0.471279 0.120066 0.502706 0.115271 0.502881 0.117505 0.470326 0.122402 0.471279 0.117505 0.470326 0.131943 0.441244 0.122402 0.471279 0.117505 0.470326 0.1273559 0.439193 0.131943 0.441244 0.1273559 0.439193 0.148172 0.41423 0.131943 0.441244 0.1273559 0.439193 0.144083 0.411247 0.148172 0.41423 0.144083 0.411247 0.170209 0.391702 0.148172 0.41423 0.144083 0.411247 0.166363 0.388312 0.170209 0.391702 0.166363 0.388312 0.196859 0.374882 0.170209 0.391702 0.166363 0.388312 0.190509 0.373998 0.196859 0.374882 0.166363 0.388312 0.187046 0.373178 0.190509 0.373998 0.166363 0.388312 0.164674 0.386636 0.187046 0.373178 0.164674 0.386636 0.166363 0.388312 0.144083 0.411247 0.164674 0.386636 0.144083 0.411247 0.142184 0.409838 0.144083 0.411247 0.125209 0.43823 0.142184 0.409838 0.144083 0.411247 0.1273559 0.439193 0.125209 0.43823 0.400961 0.555949 0.345899 0.583801 0.398335 0.559891 0.400961 0.555949 0.341275 0.582872 0.345899 0.583801 0.400961 0.555949 0.333324 0.581149 0.341275 0.582872 0.400961 0.555949 0.404113 0.552164 0.333324 0.581149 0.815014 0.153457 0.796022 0.145986 0.795126 0.143128 0.815014 0.153457 0.813628 0.156112 0.796022 0.145986 0.837431 0.168721 0.813628 0.156112 0.815014 0.153457 0.837431 0.168721 0.83547 0.170983 0.813628 0.156112 0.853279 0.190503 0.83547 0.170983 0.837431 0.168721 0.853279 0.190503 0.837431 0.168721 0.855711 0.188756 0.868861 0.212475 0.853279 0.190503 0.855711 0.188756 0.868861 0.212475 0.866091 0.213613 0.853279 0.190503 0.876169 0.238593 0.866091 0.213613 0.868861 0.212475 0.876169 0.238593 0.873212 0.239059 0.866091 0.213613 0.873212 0.239059 0.876169 0.238593 0.880091 0.27364 0.873212 0.239059 0.880091 0.27364 0.877934 0.275717 0.949065 0.588183 0.988404 0.656987 0.949068 0.65699 0.949065 0.588183 0.9884 0.588181 0.988404 0.656987 0.949063 0.531014 0.9884 0.588181 0.949065 0.588183 0.949063 0.531014 0.988397 0.531013 0.9884 0.588181 0.988396 0.473847 0.988397 0.531013 0.949063 0.531014 0.988396 0.473847 0.949063 0.531014 0.949063 0.473847 0.949063 0.473847 0.988397 0.416679 0.988396 0.473847 0.949063 0.473847 0.949063 0.416678 0.988397 0.416679 0.988398 0.359512 0.988397 0.416679 0.949063 0.416678 0.988398 0.359512 0.949063 0.416678 0.949065 0.359511 0.949065 0.359511 0.9884 0.310144 0.988398 0.359512 0.949065 0.359511 0.949068 0.310141 0.9884 0.310144 0.137638 0.596017 0.141049 0.534406 0.135537 0.591772 0.137638 0.596017 0.143324 0.530773 0.141049 0.534406 0.137638 0.596017 0.147221 0.526413 0.143324 0.530773 0.137638 0.596017 0.13934 0.600639 0.147221 0.526413 0.190509 0.373998 0.17799 0.335452 0.196859 0.374882 0.190509 0.373998 0.1760759 0.341154 0.17799 0.335452 0.190509 0.373998 0.1748639 0.344992 0.1760759 0.341154 0.190509 0.373998 0.187046 0.373178 0.1748639 0.344992 0.40045 0.55785 0.332072 0.584441 0.403603 0.554064 0.40045 0.55785 0.340765 0.584773 0.332072 0.584441 0.40045 0.55785 0.345388 0.585702 0.340765 0.584773 0.40045 0.55785 0.397825 0.561792 0.345388 0.585702 0.17984 0.62358 0.1527169 0.653695 0.177431 0.617639 0.17984 0.62358 0.158613 0.652502 0.1527169 0.653695 0.17984 0.62358 0.1625429 0.651632 0.158613 0.652502 0.17984 0.62358 0.180862 0.626989 0.1625429 0.651632 0.399306 0.639819 0.403603 0.554064 0.402116 0.646507 0.399306 0.639819 0.40045 0.55785 0.403603 0.554064 0.396702 0.633987 0.40045 0.55785 0.399306 0.639819 0.396702 0.633987 0.397825 0.561792 0.40045 0.55785 0.683072 0.163127 0.70958 0.139878 0.712458 0.140708 0.683072 0.163127 0.68119 0.160798 0.70958 0.139878 0.662225 0.180186 0.68119 0.160798 0.683072 0.163127 0.662225 0.180186 0.683072 0.163127 0.664595 0.182016 0.662225 0.180186 0.664595 0.182016 0.650987 0.204667 0.662225 0.180186 0.650987 0.204667 0.648258 0.203433 0.650987 0.204667 0.640048 0.229282 0.648258 0.203433 0.650987 0.204667 0.642987 0.2298499 0.640048 0.229282 0.640048 0.229282 0.642987 0.2298499 0.641029 0.2562 0.640048 0.229282 0.641029 0.2562 0.638037 0.256328 0.638037 0.256328 0.641029 0.2562 0.641063 0.276511 0.638037 0.256328 0.641063 0.276511 0.639036 0.278716 0.06671196 0.555942 0.13883 0.60254 0.05903995 0.554847 0.06671196 0.555942 0.1371279 0.597918 0.13883 0.60254 0.07306498 0.556603 0.1371279 0.597918 0.06671196 0.555942 0.07306498 0.556603 0.135027 0.593673 0.1371279 0.597918 0.712383 0.365759 0.678995 0.354426 0.678274 0.351519 0.712383 0.365759 0.711307 0.368552 0.678995 0.354426 0.711307 0.368552 0.712383 0.365759 0.73798 0.372315 0.711307 0.368552 0.73798 0.372315 0.73758 0.375283 0.73758 0.375283 0.73798 0.372315 0.764399 0.372775 0.73758 0.375283 0.764399 0.372775 0.764696 0.375755 0.764399 0.372775 0.791187 0.369941 0.764696 0.375755 0.764399 0.372775 0.790209 0.367111 0.791187 0.369941 0.791187 0.369941 0.790209 0.367111 0.814008 0.355632 0.791187 0.369941 0.814008 0.355632 0.815614 0.358159 0.815614 0.358159 0.814008 0.355632 0.831581 0.345447 0.815614 0.358159 0.831581 0.345447 0.834503 0.3461 0.234089 0.34984 0.289118 0.394905 0.2292349 0.349003 0.234089 0.34984 0.287248 0.388067 0.289118 0.394905 0.234089 0.34984 0.285741 0.383599 0.287248 0.388067 0.234089 0.34984 0.238816 0.350143 0.285741 0.383599 0.1371279 0.597918 0.148288 0.527942 0.13883 0.60254 0.1371279 0.597918 0.143655 0.532767 0.148288 0.527942 0.1371279 0.597918 0.140539 0.536307 0.143655 0.532767 0.1371279 0.597918 0.135027 0.593673 0.140539 0.536307 0.30565 0.309846 0.2292349 0.349003 0.310641 0.303245 0.30565 0.309846 0.234089 0.34984 0.2292349 0.349003 0.3019 0.315018 0.234089 0.34984 0.30565 0.309846 0.3019 0.315018 0.238816 0.350143 0.234089 0.34984</float_array>
          <technique_common>
            <accessor source="#pickup_powerup_regen-mesh-map-0-array" count="3312" stride="2">
              <param name="S" type="float"/>
              <param name="T" type="float"/>
            </accessor>
          </technique_common>
        </source>
        <vertices id="pickup_powerup_regen-mesh-vertices">
          <input semantic="POSITION" source="#pickup_powerup_regen-mesh-positions"/>
        </vertices>
        <triangles material="pickup_powerup_set_new-material" count="1104">
          <input semantic="VERTEX" source="#pickup_powerup_regen-mesh-vertices" offset="0"/>
          <input semantic="NORMAL" source="#pickup_powerup_regen-mesh-normals" offset="1"/>
          <input semantic="TEXCOORD" source="#pickup_powerup_regen-mesh-map-0" offset="2" set="0"/>
          <p>0 0 0 1 1 1 2 2 2 2 3 3 3 4 4 4 5 5 2 3 6 1 6 7 3 4 8 5 7 9 6 8 10 7 9 11 5 7 12 7 9 13 8 10 14 5 7 15 8 10 16 9 11 17 5 7 18 9 11 19 10 12 20 10 12 21 9 11 22 11 13 23 10 12 24 11 13 25 12 14 26 12 14 27 11 13 28 13 15 29 12 14 30 13 15 31 14 16 32 13 15 33 15 17 34 14 16 35 13 15 36 16 18 37 15 17 38 16 18 39 2 19 40 15 17 41 16 18 42 0 20 43 2 19 44 17 21 45 18 22 46 19 23 47 20 24 48 17 21 49 19 23 50 20 24 51 21 25 52 17 21 53 20 24 54 22 26 55 21 25 56 22 26 57 23 27 58 21 25 59 22 26 60 24 28 61 23 27 62 24 28 63 25 29 64 23 27 65 24 28 66 26 30 67 25 29 68 27 31 69 25 29 70 26 30 71 27 31 72 26 30 73 28 32 74 28 32 75 29 33 76 27 31 77 28 32 78 30 34 79 29 33 80 30 34 81 31 35 82 29 33 83 30 34 84 32 36 85 31 35 86 32 36 87 33 37 88 31 35 89 32 36 90 34 38 91 33 37 92 35 39 93 20 24 94 19 23 95 36 40 96 37 41 97 38 42 98 37 43 99 39 44 100 38 45 101 37 43 102 40 46 103 39 44 104 18 47 105 41 48 106 42 49 107 18 47 108 17 50 109 41 48 110 17 51 111 43 52 112 41 53 113 17 51 114 21 54 115 43 52 116 42 55 117 44 56 118 45 57 119 42 55 120 41 58 121 44 56 122 41 59 123 46 60 124 44 61 125 41 59 126 43 62 127 46 60 128 47 63 129 35 64 130 48 65 131 47 63 132 20 66 133 35 64 134 47 67 135 22 68 136 20 69 137 47 67 138 49 70 139 22 68 140 47 71 141 50 72 142 51 73 143 47 71 144 48 74 145 50 72 146 49 75 147 24 76 148 22 77 149 49 75 150 52 78 151 24 76 152 53 79 153 24 76 154 52 78 155 53 79 156 26 80 157 24 76 158 54 81 159 26 80 160 53 79 161 54 81 162 28 82 163 26 80 164 55 83 165 28 82 166 54 81 167 55 83 168 30 84 169 28 82 170 56 85 171 30 84 172 55 83 173 56 85 174 32 86 175 30 84 176 56 85 177 34 87 178 32 86 179 56 85 180 57 88 181 34 87 182 57 88 183 58 89 184 59 90 185 57 88 186 56 85 187 58 89 188 56 85 189 60 91 190 58 89 191 56 85 192 55 83 193 60 91 194 55 83 195 61 92 196 60 91 197 55 83 198 54 81 199 61 92 200 54 81 201 62 93 202 61 92 203 54 81 204 53 79 205 62 93 206 53 79 207 63 94 208 62 93 209 53 79 210 52 78 211 63 94 212 52 78 213 64 95 214 63 94 215 52 78 216 49 96 217 64 95 218 49 97 219 51 98 220 64 99 221 49 97 222 47 100 223 51 98 224 65 101 225 66 102 226 67 103 227 65 101 228 68 104 229 66 102 230 67 105 231 69 106 232 70 107 233 67 105 234 66 108 235 69 106 236 68 109 237 71 110 238 66 111 239 68 109 240 72 112 241 71 110 242 66 113 243 73 114 244 69 115 245 66 113 246 71 116 247 73 114 248 74 117 249 75 118 250 76 119 251 74 117 252 77 120 253 75 118 254 74 121 255 78 122 256 79 123 257 74 121 258 76 124 259 78 122 260 74 125 261 80 126 262 81 127 263 74 125 264 79 128 265 80 126 266 77 129 267 82 130 268 75 131 269 77 129 270 83 132 271 82 130 272 84 133 273 82 130 274 83 132 275 84 133 276 85 134 277 82 130 278 86 135 279 85 134 280 84 133 281 86 135 282 87 136 283 85 134 284 88 137 285 87 136 286 86 135 287 88 137 288 89 138 289 87 136 290 90 139 291 89 138 292 88 137 293 90 139 294 91 140 295 89 138 296 90 139 297 92 141 298 91 140 299 90 139 300 93 142 301 92 141 302 93 142 303 90 139 304 94 143 305 93 142 306 94 143 307 95 144 308 90 139 309 96 145 310 94 143 311 90 139 312 88 137 313 96 145 314 88 137 315 97 146 316 96 145 317 88 137 318 86 135 319 97 146 320 86 135 321 98 147 322 97 146 323 86 135 324 84 133 325 98 147 326 84 133 327 99 148 328 98 147 329 84 133 330 83 132 331 99 148 332 83 132 333 100 149 334 99 148 335 83 132 336 77 150 337 100 149 338 77 151 339 81 152 340 100 153 341 77 151 342 74 154 343 81 152 344 101 155 345 102 156 346 103 157 347 103 158 348 104 159 349 105 160 350 103 158 351 102 161 352 104 159 353 106 162 354 101 163 355 103 164 356 106 162 357 103 164 358 107 165 359 108 166 360 106 162 361 107 165 362 108 166 363 107 165 364 109 167 365 109 167 366 110 168 367 108 166 368 109 167 369 111 169 370 110 168 371 111 169 372 112 170 373 110 168 374 111 169 375 113 171 376 112 170 377 114 172 378 112 170 379 113 171 380 114 172 381 113 171 382 115 173 383 115 173 384 116 174 385 114 172 386 115 173 387 117 175 388 116 174 389 118 176 390 119 177 391 120 178 392 118 176 393 121 179 394 119 177 395 121 180 396 122 181 397 119 182 398 121 180 399 123 183 400 122 181 401 120 184 402 124 185 403 125 186 404 120 184 405 119 187 406 124 185 407 119 188 408 126 189 409 124 190 410 119 188 411 122 191 412 126 189 413 127 192 414 128 193 415 129 194 416 127 192 417 130 195 418 128 193 419 127 196 420 131 197 421 130 198 422 127 196 423 132 199 424 131 197 425 127 200 426 133 201 427 134 202 428 127 200 429 129 203 430 133 201 431 132 204 432 135 205 433 131 206 434 132 204 435 136 207 436 135 205 437 137 208 438 135 205 439 136 207 440 137 208 441 138 209 442 135 205 443 137 208 444 139 210 445 138 209 446 136 207 447 132 211 448 140 212 449 136 207 450 140 212 451 141 213 452 137 208 453 136 207 454 141 213 455 137 208 456 141 213 457 142 214 458 143 215 459 137 208 460 142 214 461 137 208 462 143 215 463 139 210 464 144 216 465 139 210 466 143 215 467 144 216 468 145 217 469 139 210 470 146 218 471 145 217 472 144 216 473 146 218 474 147 219 475 145 217 476 146 218 477 148 220 478 147 219 479 146 218 480 149 221 481 148 220 482 149 221 483 150 222 484 151 223 485 149 221 486 146 218 487 150 222 488 146 218 489 152 224 490 150 222 491 146 218 492 144 216 493 152 224 494 144 216 495 153 225 496 152 224 497 144 216 498 143 215 499 153 225 500 143 215 501 142 214 502 153 225 503 132 226 504 134 227 505 140 228 506 132 226 507 127 229 508 134 227 509 154 230 510 155 231 511 156 232 512 157 233 513 158 234 514 159 235 515 157 233 516 160 236 517 158 234 518 161 237 519 160 236 520 157 233 521 161 237 522 162 238 523 160 236 524 163 239 525 162 238 526 161 237 527 163 239 528 161 237 529 164 240 530 164 240 531 165 241 532 163 239 533 164 240 534 166 242 535 165 241 536 167 243 537 165 241 538 166 242 539 167 243 540 168 244 541 165 241 542 169 245 543 168 244 544 167 243 545 169 245 546 170 246 547 168 244 548 154 230 549 170 246 550 169 245 551 154 230 552 171 247 553 170 246 554 171 247 555 154 230 556 156 232 557 172 248 558 171 247 559 156 232 560 173 249 561 155 250 562 154 251 563 173 249 564 174 252 565 155 250 566 169 253 567 173 254 568 154 255 569 169 253 570 175 256 571 173 254 572 173 257 573 176 258 574 174 259 575 173 257 576 177 260 577 176 258 578 178 261 579 159 262 580 179 263 581 178 261 582 157 264 583 159 262 584 178 261 585 161 265 586 157 264 587 178 261 588 180 266 589 161 265 590 180 266 591 164 267 592 161 265 593 180 266 594 181 268 595 164 267 596 166 269 597 164 267 598 181 268 599 166 269 600 181 268 601 182 270 602 182 270 603 167 271 604 166 269 605 182 270 606 183 272 607 167 271 608 167 271 609 183 272 610 175 273 611 167 271 612 175 273 613 169 274 614 183 272 615 184 275 616 175 276 617 183 272 618 185 277 619 184 275 620 182 270 621 185 277 622 183 272 623 182 270 624 186 278 625 185 277 626 181 268 627 186 278 628 182 270 629 181 268 630 187 279 631 186 278 632 180 266 633 187 279 634 181 268 635 180 266 636 188 280 637 187 279 638 178 261 639 188 280 640 180 266 641 178 261 642 189 281 643 188 280 644 179 263 645 189 281 646 178 261 647 179 263 648 190 282 649 189 281 650 175 283 651 177 284 652 173 285 653 175 283 654 184 286 655 177 284 656 191 287 657 192 288 658 193 289 659 191 287 660 194 290 661 192 288 662 195 291 663 191 292 664 193 293 665 195 291 666 196 294 667 191 292 668 191 295 669 197 296 670 194 297 671 191 295 672 198 298 673 197 296 674 199 299 675 200 90 676 201 300 677 199 299 678 201 300 679 202 301 680 202 301 681 203 302 682 199 299 683 202 301 684 204 303 685 203 302 686 202 301 687 205 304 688 204 303 689 202 301 690 206 305 691 205 304 692 206 305 693 207 306 694 205 304 695 206 305 696 208 307 697 207 306 698 209 308 699 207 306 700 208 307 701 209 308 702 208 307 703 210 309 704 210 309 705 211 310 706 209 308 707 210 309 708 212 311 709 211 310 710 211 310 711 212 311 712 196 312 713 211 310 714 196 312 715 195 313 716 212 311 717 213 314 718 196 315 719 212 311 720 214 316 721 213 314 722 210 309 723 214 316 724 212 311 725 210 309 726 215 317 727 214 316 728 208 307 729 215 317 730 210 309 731 208 307 732 216 318 733 215 317 734 206 305 735 216 318 736 208 307 737 206 305 738 217 319 739 216 318 740 202 301 741 217 319 742 206 305 743 202 301 744 201 300 745 217 319 746 196 320 747 198 321 748 191 322 749 196 320 750 213 323 751 198 321 752 193 324 753 192 325 754 218 326 755 204 327 756 219 328 757 203 329 758 204 327 759 220 330 760 219 328 761 205 331 762 220 330 763 204 327 764 205 331 765 221 332 766 220 330 767 207 333 768 221 332 769 205 331 770 207 333 771 222 334 772 221 332 773 209 335 774 222 334 775 207 333 776 209 335 777 223 336 778 222 334 779 211 337 780 223 336 781 209 335 782 211 337 783 224 338 784 223 336 785 195 339 786 224 338 787 211 337 788 195 339 789 225 340 790 224 338 791 193 324 792 225 340 793 195 339 794 193 324 795 226 341 796 225 340 797 226 341 798 193 324 799 218 326 800 227 342 801 226 341 802 218 326 803 228 343 804 229 344 805 230 345 806 228 343 807 230 345 808 231 346 809 231 346 810 232 347 811 228 343 812 231 346 813 233 348 814 232 347 815 232 347 816 233 348 817 234 349 818 232 347 819 234 349 820 235 350 821 236 351 822 235 350 823 234 349 824 236 351 825 234 349 826 237 352 827 237 352 828 238 353 829 236 351 830 237 352 831 239 354 832 238 353 833 239 354 834 240 355 835 238 353 836 239 354 837 241 356 838 240 355 839 242 357 840 243 358 841 244 359 842 242 357 843 245 360 844 243 358 845 246 361 846 245 360 847 242 357 848 246 361 849 247 362 850 245 360 851 248 363 852 247 362 853 246 361 854 248 363 855 249 364 856 247 362 857 244 359 858 243 358 859 250 365 860 244 359 861 250 365 862 251 366 863 252 367 864 244 359 865 251 366 866 252 367 867 253 368 868 244 359 869 242 357 870 244 359 871 253 368 872 242 357 873 253 368 874 254 369 875 255 370 876 242 357 877 254 369 878 255 370 879 246 361 880 242 357 881 256 371 882 246 361 883 255 370 884 256 371 885 248 363 886 246 361 887 257 372 888 248 363 889 256 371 890 257 372 891 249 364 892 248 363 893 257 372 894 258 373 895 249 364 896 259 374 897 258 373 898 257 372 899 259 374 900 260 375 901 258 373 902 257 372 903 256 371 904 261 376 905 261 376 906 259 374 907 257 372 908 261 376 909 262 377 910 259 374 911 241 378 912 263 379 913 240 380 914 241 378 915 264 381 916 263 379 917 251 382 918 250 383 919 265 384 920 251 382 921 265 384 922 266 385 923 267 386 924 251 382 925 266 385 926 267 386 927 252 387 928 251 382 929 171 388 930 268 389 931 170 390 932 171 388 933 269 391 934 268 389 935 269 392 936 172 393 937 270 394 938 269 392 939 171 395 940 172 393 941 270 396 942 271 397 943 269 398 944 270 396 945 272 399 946 271 397 947 269 400 948 273 401 949 268 402 950 269 400 951 271 403 952 273 401 953 274 404 954 275 405 955 276 406 956 274 404 957 277 407 958 275 405 959 174 408 960 176 409 961 278 410 962 174 408 963 278 410 964 279 411 965 279 411 966 155 412 967 174 408 968 279 411 969 156 413 970 155 412 971 274 414 972 280 415 973 277 416 974 274 414 975 281 417 976 280 415 977 282 418 978 280 419 979 281 420 980 282 418 981 283 421 982 280 419 983 284 422 984 283 423 985 282 424 986 285 425 987 286 239 988 287 239 989 288 239 990 289 239 991 287 239 992 289 239 993 285 425 994 287 239 995 285 425 996 289 239 997 262 426 998 285 425 999 262 426 1000 290 427 1001 290 427 1002 262 426 1003 261 428 1004 290 427 1005 261 428 1006 291 429 1007 261 428 1008 292 430 1009 291 429 1010 261 428 1011 256 431 1012 292 430 1013 292 430 1014 256 431 1015 255 432 1016 292 430 1017 255 432 1018 293 433 1019 255 432 1020 294 434 1021 293 433 1022 255 432 1023 254 435 1024 294 434 1025 254 435 1026 295 436 1027 294 434 1028 254 435 1029 253 437 1030 295 436 1031 295 436 1032 253 437 1033 252 438 1034 295 436 1035 252 438 1036 267 439 1037 296 440 1038 275 441 1039 297 442 1040 296 440 1041 276 443 1042 275 441 1043 298 444 1044 296 445 1045 297 446 1046 299 447 1047 300 448 1048 301 449 1049 299 447 1050 302 450 1051 300 448 1052 299 447 1053 303 451 1054 302 450 1055 299 447 1056 304 452 1057 303 451 1058 305 453 1059 303 451 1060 304 452 1061 305 453 1062 304 452 1063 306 454 1064 307 455 1065 305 453 1066 306 454 1067 307 455 1068 306 454 1069 308 456 1070 309 457 1071 307 455 1072 308 456 1073 309 457 1074 310 458 1075 307 455 1076 310 458 1077 309 457 1078 296 459 1079 310 458 1080 296 459 1081 298 460 1082 311 461 1083 292 462 1084 293 463 1085 311 461 1086 291 464 1087 292 462 1088 311 461 1089 312 465 1090 291 464 1091 291 464 1092 312 465 1093 313 466 1094 291 464 1095 313 466 1096 290 467 1097 314 468 1098 295 469 1099 267 470 1100 314 468 1101 294 471 1102 295 469 1103 314 468 1104 315 472 1105 294 471 1106 315 472 1107 293 463 1108 294 471 1109 315 472 1110 316 473 1111 293 463 1112 311 461 1113 293 463 1114 316 473 1115 316 473 1116 317 474 1117 311 461 1118 311 461 1119 317 474 1120 318 475 1121 311 461 1122 318 475 1123 312 465 1124 312 465 1125 318 475 1126 319 476 1127 312 465 1128 319 476 1129 313 477 1130 314 468 1131 267 470 1132 266 478 1133 316 473 1134 320 479 1135 317 474 1136 315 472 1137 320 479 1138 316 473 1139 315 472 1140 321 480 1141 320 479 1142 314 468 1143 321 480 1144 315 472 1145 314 468 1146 322 481 1147 321 480 1148 266 478 1149 322 481 1150 314 468 1151 266 478 1152 265 482 1153 322 481 1154 290 483 1155 323 484 1156 285 485 1157 290 483 1158 313 486 1159 323 484 1160 313 487 1161 324 488 1162 323 489 1163 313 487 1164 319 490 1165 324 488 1166 323 491 1167 286 492 1168 285 493 1169 323 491 1170 325 494 1171 286 492 1172 323 495 1173 326 496 1174 325 497 1175 323 495 1176 324 498 1177 326 496 1178 229 499 1179 327 500 1180 230 501 1181 230 502 1182 328 503 1183 329 504 1184 230 502 1185 327 505 1186 328 503 1187 330 506 1188 284 507 1189 282 508 1190 330 506 1191 282 508 1192 331 509 1193 331 509 1194 332 510 1195 330 506 1196 331 509 1197 333 511 1198 332 510 1199 332 510 1200 333 511 1201 334 512 1202 332 510 1203 334 512 1204 335 513 1205 336 514 1206 335 513 1207 334 512 1208 336 514 1209 334 512 1210 337 515 1211 337 515 1212 338 516 1213 336 514 1214 337 515 1215 339 517 1216 338 516 1217 339 517 1218 340 518 1219 338 516 1220 339 517 1221 341 519 1222 340 518 1223 280 520 1224 272 239 1225 278 521 1226 283 522 1227 272 239 1228 280 520 1229 283 522 1230 271 523 1231 272 239 1232 271 523 1233 283 522 1234 284 524 1235 271 523 1236 284 524 1237 273 525 1238 342 526 1239 273 525 1240 284 524 1241 342 526 1242 284 524 1243 330 527 1244 343 528 1245 342 526 1246 330 527 1247 343 528 1248 330 527 1249 332 529 1250 332 529 1251 344 530 1252 343 528 1253 332 529 1254 335 531 1255 344 530 1256 344 530 1257 335 531 1258 336 532 1259 344 530 1260 336 532 1261 345 533 1262 345 533 1263 336 532 1264 338 534 1265 345 533 1266 338 534 1267 346 535 1268 338 534 1269 347 536 1270 346 535 1271 338 534 1272 340 537 1273 347 536 1274 340 537 1275 190 538 1276 347 536 1277 340 537 1278 300 539 1279 190 538 1280 302 540 1281 190 538 1282 300 539 1283 302 540 1284 189 541 1285 190 538 1286 303 542 1287 189 541 1288 302 540 1289 303 542 1290 188 543 1291 189 541 1292 305 544 1293 188 543 1294 303 542 1295 305 544 1296 187 545 1297 188 543 1298 307 546 1299 187 545 1300 305 544 1301 307 546 1302 186 547 1303 187 545 1304 185 548 1305 186 547 1306 307 546 1307 185 548 1308 307 546 1309 310 549 1310 185 548 1311 310 549 1312 298 550 1313 185 548 1314 298 550 1315 184 551 1316 184 551 1317 298 550 1318 297 552 1319 184 551 1320 297 552 1321 177 553 1322 297 552 1323 176 554 1324 177 553 1325 297 552 1326 275 555 1327 176 554 1328 278 521 1329 176 554 1330 275 555 1331 278 521 1332 275 555 1333 277 556 1334 280 520 1335 278 521 1336 277 556 1337 348 557 1338 349 558 1339 350 559 1340 349 560 1341 351 561 1342 350 562 1343 349 560 1344 352 563 1345 351 561 1346 353 564 1347 263 565 1348 264 566 1349 353 564 1350 354 567 1351 263 565 1352 353 564 1353 355 568 1354 354 567 1355 353 564 1356 356 569 1357 355 568 1358 357 570 1359 355 568 1360 356 569 1361 357 570 1362 358 571 1363 355 568 1364 359 572 1365 358 571 1366 357 570 1367 359 572 1368 357 570 1369 360 573 1370 361 574 1371 359 572 1372 360 573 1373 361 574 1374 362 575 1375 359 572 1376 362 575 1377 361 574 1378 349 576 1379 362 575 1380 349 576 1381 348 577 1382 121 578 1383 118 39 1384 363 579 1385 130 580 1386 121 578 1387 363 579 1388 130 580 1389 123 581 1390 121 578 1391 130 580 1392 131 582 1393 123 581 1394 131 582 1395 364 583 1396 123 581 1397 131 582 1398 135 584 1399 364 583 1400 138 585 1401 364 583 1402 135 584 1403 138 585 1404 365 586 1405 364 583 1406 366 587 1407 365 586 1408 138 585 1409 366 587 1410 138 585 1411 139 588 1412 145 589 1413 366 587 1414 139 588 1415 145 589 1416 367 590 1417 366 587 1418 147 591 1419 367 590 1420 145 589 1421 147 591 1422 368 592 1423 367 590 1424 147 591 1425 369 593 1426 368 592 1427 147 591 1428 148 39 1429 369 593 1430 128 594 1431 130 580 1432 363 579 1433 279 595 1434 172 596 1435 156 597 1436 279 595 1437 270 598 1438 172 596 1439 279 595 1440 272 599 1441 270 598 1442 279 595 1443 278 600 1444 272 599 1445 370 601 1446 7 602 1447 6 603 1448 370 601 1449 371 604 1450 7 602 1451 40 605 1452 372 606 1453 373 607 1454 40 605 1455 374 608 1456 372 606 1457 103 609 1458 375 610 1459 376 611 1460 103 609 1461 105 612 1462 375 610 1463 40 613 1464 377 614 1465 374 615 1466 40 613 1467 37 616 1468 377 614 1469 372 617 1470 105 618 1471 373 619 1472 372 617 1473 375 620 1474 105 618 1475 378 621 1476 379 622 1477 380 623 1478 378 621 1479 117 624 1480 379 622 1481 381 625 1482 282 626 1483 281 627 1484 381 625 1485 382 628 1486 282 626 1487 2 629 1488 276 630 1489 296 631 1490 2 629 1491 4 632 1492 276 630 1493 274 404 1494 4 633 1495 383 634 1496 274 404 1497 276 406 1498 4 633 1499 381 635 1500 274 414 1501 383 636 1502 381 635 1503 281 417 1504 274 414 1505 370 601 1506 301 637 1507 341 638 1508 370 601 1509 6 603 1510 301 637 1511 382 639 1512 331 509 1513 282 508 1514 382 639 1515 384 640 1516 331 509 1517 385 641 1518 331 509 1519 384 640 1520 385 641 1521 333 511 1522 331 509 1523 385 641 1524 334 512 1525 333 511 1526 385 641 1527 386 642 1528 334 512 1529 386 642 1530 337 515 1531 334 512 1532 386 642 1533 387 643 1534 337 515 1535 388 644 1536 337 515 1537 387 643 1538 388 644 1539 339 517 1540 337 515 1541 388 644 1542 341 519 1543 339 517 1544 388 644 1545 370 645 1546 341 519 1547 389 646 1548 390 647 1549 391 648 1550 389 646 1551 329 649 1552 390 647 1553 392 650 1554 352 651 1555 349 652 1556 392 650 1557 393 653 1558 352 651 1559 389 654 1560 230 655 1561 329 656 1562 389 654 1563 394 657 1564 230 655 1565 395 658 1566 264 381 1567 241 378 1568 395 658 1569 396 659 1570 264 381 1571 394 660 1572 231 346 1573 230 345 1574 394 660 1575 397 661 1576 231 346 1577 398 662 1578 231 346 1579 397 661 1580 398 662 1581 233 348 1582 231 346 1583 398 662 1584 234 349 1585 233 348 1586 398 662 1587 399 663 1588 234 349 1589 399 663 1590 237 352 1591 234 349 1592 399 663 1593 400 664 1594 237 352 1595 401 665 1596 237 352 1597 400 664 1598 401 665 1599 239 354 1600 237 352 1601 401 665 1602 241 356 1603 239 354 1604 401 665 1605 395 666 1606 241 356 1607 390 667 1608 393 668 1609 391 669 1610 390 667 1611 352 670 1612 393 668 1613 289 671 1614 259 672 1615 262 673 1616 289 671 1617 402 674 1618 259 672 1619 402 675 1620 288 676 1621 403 677 1622 402 675 1623 289 678 1624 288 676 1625 403 679 1626 404 680 1627 402 681 1628 403 679 1629 405 682 1630 404 680 1631 402 683 1632 260 684 1633 259 685 1634 402 683 1635 404 686 1636 260 684 1637 390 667 1638 351 687 1639 352 670 1640 390 667 1641 406 688 1642 351 687 1643 325 689 1644 326 690 1645 407 691 1646 325 689 1647 407 691 1648 408 692 1649 408 692 1650 286 693 1651 325 689 1652 408 692 1653 287 694 1654 286 693 1655 390 647 1656 328 695 1657 406 696 1658 390 647 1659 329 649 1660 328 695 1661 409 697 1662 346 698 1663 410 699 1664 409 697 1665 345 700 1666 346 698 1667 411 701 1668 345 700 1669 409 697 1670 411 701 1671 344 702 1672 345 700 1673 412 703 1674 344 702 1675 411 701 1676 412 703 1677 343 704 1678 344 702 1679 413 705 1680 343 704 1681 412 703 1682 413 705 1683 342 706 1684 343 704 1685 410 699 1686 346 698 1687 347 707 1688 410 699 1689 347 707 1690 414 708 1691 158 709 1692 410 699 1693 414 708 1694 158 709 1695 160 710 1696 410 699 1697 409 697 1698 410 699 1699 160 710 1700 409 697 1701 160 710 1702 162 711 1703 163 712 1704 409 697 1705 162 711 1706 163 712 1707 411 701 1708 409 697 1709 165 713 1710 411 701 1711 163 712 1712 165 713 1713 412 703 1714 411 701 1715 168 714 1716 412 703 1717 165 713 1718 168 714 1719 413 705 1720 412 703 1721 168 714 1722 268 715 1723 413 705 1724 268 715 1725 342 706 1726 413 705 1727 268 715 1728 273 716 1729 342 706 1730 168 714 1731 170 717 1732 268 715 1733 415 718 1734 416 719 1735 377 720 1736 377 721 1737 417 722 1738 374 723 1739 377 721 1740 416 724 1741 417 722 1742 341 638 1743 300 725 1744 340 726 1745 341 638 1746 301 637 1747 300 725 1748 226 727 1749 418 728 1750 225 729 1751 226 727 1752 419 730 1753 418 728 1754 419 731 1755 227 732 1756 420 733 1757 419 731 1758 226 734 1759 227 732 1760 420 735 1761 421 736 1762 419 737 1763 420 735 1764 422 738 1765 421 736 1766 419 739 1767 423 740 1768 418 741 1769 419 739 1770 421 61 1771 423 740 1772 372 617 1773 424 742 1774 375 620 1775 372 617 1776 425 743 1777 424 742 1778 194 744 1779 197 745 1780 426 746 1781 194 744 1782 426 746 1783 427 747 1784 427 747 1785 192 748 1786 194 744 1787 427 747 1788 218 749 1789 192 748 1790 372 606 1791 417 750 1792 425 751 1793 372 606 1794 374 608 1795 417 750 1796 376 752 1797 424 753 1798 428 754 1799 376 752 1800 375 755 1801 424 753 1802 429 756 1803 376 757 1804 428 758 1805 430 759 1806 431 760 1807 379 761 1808 430 759 1809 432 762 1810 431 760 1811 433 763 1812 432 762 1813 430 759 1814 433 763 1815 434 764 1816 432 762 1817 435 765 1818 434 764 1819 433 763 1820 435 765 1821 436 766 1822 434 764 1823 437 767 1824 436 766 1825 435 765 1826 437 767 1827 438 768 1828 436 766 1829 439 769 1830 438 768 1831 437 767 1832 439 769 1833 440 770 1834 438 768 1835 440 770 1836 439 769 1837 376 771 1838 440 770 1839 376 771 1840 429 772 1841 441 773 1842 442 774 1843 125 775 1844 443 776 1845 125 775 1846 442 774 1847 443 776 1848 442 774 1849 444 777 1850 445 778 1851 443 776 1852 444 777 1853 445 778 1854 133 39 1855 443 776 1856 446 779 1857 133 39 1858 445 778 1859 446 779 1860 134 780 1861 133 39 1862 446 779 1863 140 781 1864 134 780 1865 446 779 1866 447 782 1867 140 781 1868 141 783 1869 140 781 1870 447 782 1871 141 783 1872 447 782 1873 448 784 1874 449 785 1875 141 783 1876 448 784 1877 449 785 1878 142 786 1879 141 783 1880 153 787 1881 142 786 1882 449 785 1883 153 787 1884 449 785 1885 450 788 1886 152 789 1887 153 787 1888 450 788 1889 152 789 1890 450 788 1891 451 790 1892 451 790 1893 150 791 1894 152 789 1895 451 790 1896 452 792 1897 150 791 1898 452 792 1899 151 793 1900 150 791 1901 452 792 1902 453 794 1903 151 793 1904 454 795 1905 151 793 1906 453 794 1907 454 795 1908 455 796 1909 151 793 1910 456 797 1911 455 796 1912 454 795 1913 456 797 1914 457 798 1915 455 796 1916 457 798 1917 456 797 1918 458 799 1919 457 798 1920 458 799 1921 459 800 1922 458 799 1923 460 801 1924 459 800 1925 458 799 1926 461 802 1927 460 801 1928 462 803 1929 460 801 1930 461 802 1931 462 803 1932 461 802 1933 463 39 1934 463 39 1935 464 804 1936 462 803 1937 463 39 1938 465 39 1939 464 804 1940 464 804 1941 465 39 1942 466 805 1943 464 804 1944 466 805 1945 126 806 1946 466 805 1947 124 39 1948 126 806 1949 466 805 1950 441 773 1951 124 39 1952 441 773 1953 125 775 1954 124 39 1955 466 807 1956 394 808 1957 441 809 1958 394 810 1959 442 811 1960 441 812 1961 394 810 1962 389 813 1963 442 811 1964 467 814 1965 415 815 1966 377 816 1967 467 814 1968 377 816 1969 468 817 1970 468 817 1971 469 818 1972 467 814 1973 468 817 1974 470 819 1975 469 818 1976 469 818 1977 470 819 1978 471 820 1979 469 818 1980 471 820 1981 472 821 1982 473 822 1983 472 821 1984 471 820 1985 473 822 1986 471 820 1987 474 823 1988 473 822 1989 474 823 1990 475 824 1991 473 822 1992 475 824 1993 476 825 1994 475 824 1995 477 826 1996 476 825 1997 475 824 1998 380 827 1999 477 826 2000 478 828 2001 479 829 2002 480 830 2003 478 828 2004 481 831 2005 479 829 2006 482 832 2007 481 831 2008 478 828 2009 482 832 2010 483 833 2011 481 831 2012 484 834 2013 483 833 2014 482 832 2015 484 834 2016 485 835 2017 483 833 2018 480 830 2019 479 829 2020 486 836 2021 480 830 2022 486 836 2023 487 837 2024 219 838 2025 480 830 2026 487 837 2027 219 838 2028 220 839 2029 480 830 2030 478 828 2031 480 830 2032 220 839 2033 478 828 2034 220 839 2035 221 840 2036 222 841 2037 478 828 2038 221 840 2039 222 841 2040 482 832 2041 478 828 2042 223 842 2043 482 832 2044 222 841 2045 223 842 2046 484 834 2047 482 832 2048 488 843 2049 484 834 2050 223 842 2051 488 843 2052 485 835 2053 484 834 2054 488 843 2055 489 844 2056 485 835 2057 418 845 2058 489 844 2059 488 843 2060 418 845 2061 423 846 2062 489 844 2063 488 843 2064 223 842 2065 224 847 2066 224 847 2067 418 845 2068 488 843 2069 224 847 2070 225 848 2071 418 845 2072 380 623 2073 431 849 2074 477 850 2075 380 623 2076 379 622 2077 431 849 2078 391 669 2079 445 851 2080 444 852 2081 391 669 2082 393 668 2083 445 851 2084 391 648 2085 442 853 2086 389 646 2087 391 648 2088 444 854 2089 442 853 2090 392 855 2091 445 856 2092 393 857 2093 392 855 2094 446 858 2095 445 856 2096 447 859 2097 446 860 2098 392 861 2099 448 862 2100 447 863 2101 392 864 2102 448 862 2103 392 864 2104 490 865 2105 449 866 2106 448 862 2107 490 865 2108 449 866 2109 490 865 2110 491 867 2111 492 868 2112 449 866 2113 491 867 2114 492 868 2115 450 869 2116 449 866 2117 492 868 2118 451 870 2119 450 869 2120 492 868 2121 493 871 2122 451 870 2123 494 872 2124 451 870 2125 493 871 2126 494 872 2127 452 873 2128 451 870 2129 494 872 2130 453 874 2131 452 873 2132 494 872 2133 396 875 2134 453 874 2135 71 876 2136 495 877 2137 73 716 2138 496 878 2139 71 876 2140 72 879 2141 496 878 2142 497 880 2143 71 876 2144 71 876 2145 497 880 2146 495 877 2147 497 880 2148 498 881 2149 495 877 2150 497 880 2151 499 882 2152 498 881 2153 499 882 2154 500 883 2155 498 881 2156 499 882 2157 501 884 2158 500 883 2159 501 884 2160 502 885 2161 500 883 2162 501 884 2163 503 886 2164 502 885 2165 503 886 2166 504 698 2167 502 885 2168 503 886 2169 505 887 2170 504 698 2171 505 887 2172 506 888 2173 504 698 2174 505 887 2175 507 889 2176 506 888 2177 505 887 2178 508 890 2179 507 889 2180 505 887 2181 509 891 2182 508 890 2183 509 891 2184 505 887 2185 503 886 2186 509 891 2187 503 886 2188 510 892 2189 503 886 2190 511 893 2191 510 892 2192 503 886 2193 501 884 2194 511 893 2195 501 884 2196 512 894 2197 511 893 2198 501 884 2199 499 882 2200 512 894 2201 496 878 2202 512 894 2203 499 882 2204 496 878 2205 499 882 2206 497 880 2207 513 895 2208 460 896 2209 462 897 2210 513 895 2211 514 898 2212 460 896 2213 514 898 2214 459 899 2215 460 896 2216 514 898 2217 515 900 2218 459 899 2219 515 900 2220 457 901 2221 459 899 2222 515 900 2223 516 902 2224 457 901 2225 516 902 2226 455 903 2227 457 901 2228 516 902 2229 517 904 2230 455 903 2231 516 902 2232 369 905 2233 517 904 2234 516 902 2235 368 906 2236 369 905 2237 368 906 2238 516 902 2239 515 900 2240 368 906 2241 515 900 2242 367 907 2243 515 900 2244 366 908 2245 367 907 2246 515 900 2247 514 898 2248 366 908 2249 514 898 2250 365 909 2251 366 908 2252 514 898 2253 513 895 2254 365 909 2255 365 909 2256 513 895 2257 518 910 2258 518 910 2259 513 895 2260 462 897 2261 518 910 2262 462 897 2263 464 911 2264 122 912 2265 518 910 2266 464 911 2267 122 912 2268 464 911 2269 126 913 2270 365 909 2271 518 910 2272 364 914 2273 364 914 2274 518 910 2275 122 912 2276 364 914 2277 122 912 2278 123 915 2279 395 658 2280 453 916 2281 396 659 2282 395 658 2283 454 917 2284 453 916 2285 383 634 2286 3 918 2287 519 919 2288 383 634 2289 4 633 2290 3 918 2291 383 636 2292 520 920 2293 381 635 2294 383 636 2295 519 921 2296 520 920 2297 382 922 2298 520 923 2299 521 924 2300 382 922 2301 381 925 2302 520 923 2303 522 926 2304 382 927 2305 521 928 2306 507 929 2307 95 930 2308 506 931 2309 507 929 2310 93 932 2311 95 930 2312 507 929 2313 92 933 2314 93 932 2315 507 929 2316 508 934 2317 92 933 2318 373 619 2319 104 935 2320 523 936 2321 373 619 2322 105 618 2323 104 935 2324 373 607 2325 39 937 2326 40 605 2327 373 607 2328 523 938 2329 39 937 2330 378 621 2331 116 939 2332 117 624 2333 378 621 2334 524 940 2335 116 939 2336 414 941 2337 347 931 2338 190 942 2339 414 941 2340 190 942 2341 179 943 2342 159 944 2343 414 941 2344 179 943 2345 159 944 2346 158 945 2347 414 941 2348 487 946 2349 486 947 2350 200 948 2351 487 946 2352 200 948 2353 199 949 2354 203 950 2355 487 946 2356 199 949 2357 203 950 2358 219 951 2359 487 946 2360 37 952 2361 468 817 2362 377 816 2363 37 952 2364 525 953 2365 468 817 2366 526 954 2367 468 817 2368 525 953 2369 526 954 2370 470 819 2371 468 817 2372 526 954 2373 471 820 2374 470 819 2375 526 954 2376 527 955 2377 471 820 2378 527 955 2379 474 823 2380 471 820 2381 527 955 2382 528 956 2383 474 823 2384 529 957 2385 474 823 2386 528 956 2387 529 957 2388 475 824 2389 474 823 2390 529 957 2391 380 827 2392 475 824 2393 529 957 2394 378 958 2395 380 827 2396 328 959 2397 405 960 2398 407 961 2399 327 962 2400 405 960 2401 328 959 2402 327 962 2403 404 963 2404 405 960 2405 404 963 2406 327 962 2407 229 964 2408 404 963 2409 229 964 2410 260 965 2411 258 966 2412 260 965 2413 229 964 2414 258 966 2415 229 964 2416 228 239 2417 258 966 2418 228 239 2419 232 967 2420 258 966 2421 232 967 2422 249 968 2423 249 968 2424 232 967 2425 235 969 2426 249 968 2427 235 969 2428 247 970 2429 247 970 2430 235 969 2431 236 971 2432 247 970 2433 236 971 2434 245 239 2435 243 972 2436 245 239 2437 236 971 2438 243 972 2439 236 971 2440 238 973 2441 238 973 2442 250 974 2443 243 972 2444 238 973 2445 240 975 2446 250 974 2447 240 975 2448 265 976 2449 250 974 2450 240 975 2451 263 977 2452 265 976 2453 354 978 2454 265 976 2455 263 977 2456 354 978 2457 322 979 2458 265 976 2459 355 980 2460 322 979 2461 354 978 2462 355 980 2463 321 981 2464 322 979 2465 358 982 2466 321 981 2467 355 980 2468 358 982 2469 320 983 2470 321 981 2471 359 984 2472 320 983 2473 358 982 2474 359 984 2475 317 985 2476 320 983 2477 318 986 2478 317 985 2479 359 984 2480 318 986 2481 359 984 2482 362 987 2483 318 986 2484 362 987 2485 348 988 2486 318 986 2487 348 988 2488 319 989 2489 319 989 2490 348 988 2491 350 990 2492 319 989 2493 350 990 2494 324 239 2495 350 990 2496 326 991 2497 324 239 2498 350 990 2499 351 992 2500 326 991 2501 407 961 2502 326 991 2503 351 992 2504 407 961 2505 351 992 2506 406 993 2507 328 959 2508 407 961 2509 406 993 2510 521 994 2511 520 39 2512 70 995 2513 530 996 2514 70 995 2515 520 39 2516 530 996 2517 520 39 2518 519 997 2519 3 998 2520 530 996 2521 519 997 2522 3 998 2523 80 999 2524 530 996 2525 1 1000 2526 80 999 2527 3 998 2528 1 1000 2529 81 1001 2530 80 999 2531 1 1000 2532 100 1002 2533 81 1001 2534 1 1000 2535 0 1003 2536 100 1002 2537 99 1004 2538 100 1002 2539 0 1003 2540 99 1004 2541 0 1003 2542 16 1005 2543 13 1006 2544 99 1004 2545 16 1005 2546 13 1006 2547 98 1007 2548 99 1004 2549 97 1008 2550 98 1007 2551 13 1006 2552 97 1008 2553 13 1006 2554 11 1009 2555 96 1010 2556 97 1008 2557 11 1009 2558 96 1010 2559 11 1009 2560 9 1011 2561 9 1011 2562 94 1012 2563 96 1010 2564 9 1011 2565 8 1013 2566 94 1012 2567 8 1013 2568 95 1014 2569 94 1012 2570 8 1013 2571 7 1015 2572 95 1014 2573 371 1016 2574 95 1014 2575 7 1015 2576 371 1016 2577 506 1017 2578 95 1014 2579 531 1018 2580 506 1017 2581 371 1016 2582 531 1018 2583 504 1019 2584 506 1017 2585 531 1018 2586 502 1020 2587 504 1019 2588 531 1018 2589 532 1021 2590 502 1020 2591 532 1021 2592 500 1022 2593 502 1020 2594 532 1021 2595 533 1023 2596 500 1022 2597 500 1022 2598 533 1023 2599 534 39 2600 500 1022 2601 534 39 2602 498 1024 2603 498 1024 2604 534 39 2605 535 1025 2606 498 1024 2607 535 1025 2608 495 1026 2609 495 1026 2610 535 1025 2611 522 1027 2612 495 1026 2613 522 1027 2614 73 1028 2615 522 1027 2616 69 1029 2617 73 1028 2618 522 1027 2619 521 994 2620 69 1029 2621 521 994 2622 70 995 2623 69 1029 2624 78 1030 2625 76 1031 2626 536 1032 2627 68 1033 2628 65 1034 2629 536 1032 2630 76 1031 2631 68 1033 2632 536 1032 2633 76 1031 2634 72 1035 2635 68 1033 2636 76 1031 2637 75 1036 2638 72 1035 2639 75 1036 2640 496 1037 2641 72 1035 2642 75 1036 2643 82 1038 2644 496 1037 2645 82 1038 2646 512 1039 2647 496 1037 2648 82 1038 2649 85 1040 2650 512 1039 2651 87 1041 2652 512 1039 2653 85 1040 2654 87 1041 2655 511 1042 2656 512 1039 2657 89 1043 2658 511 1042 2659 87 1041 2660 89 1043 2661 510 1044 2662 511 1042 2663 89 1043 2664 509 1045 2665 510 1044 2666 89 1043 2667 91 1046 2668 509 1045 2669 91 1046 2670 508 1047 2671 509 1045 2672 91 1046 2673 92 1048 2674 508 1047 2675 417 1049 2676 422 1050 2677 426 1051 2678 416 1052 2679 422 1050 2680 417 1049 2681 416 1052 2682 421 1053 2683 422 1050 2684 421 1053 2685 416 1052 2686 415 1054 2687 421 1053 2688 415 1054 2689 423 1055 2690 489 1056 2691 423 1055 2692 415 1054 2693 489 1056 2694 415 1054 2695 467 239 2696 489 1056 2697 467 239 2698 469 1057 2699 489 1056 2700 469 1057 2701 485 1058 2702 469 1057 2703 483 1059 2704 485 1058 2705 469 1057 2706 472 239 2707 483 1059 2708 483 1059 2709 472 239 2710 473 1060 2711 483 1059 2712 473 1060 2713 481 1061 2714 479 1062 2715 481 1061 2716 473 1060 2717 479 1062 2718 473 1060 2719 476 1063 2720 476 1063 2721 486 1064 2722 479 1062 2723 476 1063 2724 477 1065 2725 486 1064 2726 477 1065 2727 200 239 2728 486 1064 2729 477 1065 2730 431 239 2731 200 239 2732 432 239 2733 200 239 2734 431 239 2735 432 239 2736 201 239 2737 200 239 2738 217 1066 2739 201 239 2740 432 239 2741 217 1066 2742 432 239 2743 434 1067 2744 436 1068 2745 217 1066 2746 434 1067 2747 436 1068 2748 216 1069 2749 217 1066 2750 438 1070 2751 216 1069 2752 436 1068 2753 438 1070 2754 215 1071 2755 216 1069 2756 214 1072 2757 215 1071 2758 438 1070 2759 214 1072 2760 438 1070 2761 440 1073 2762 214 1072 2763 440 1073 2764 429 1074 2765 214 1072 2766 429 1074 2767 213 1075 2768 213 1075 2769 429 1074 2770 428 1076 2771 213 1075 2772 428 1076 2773 198 1077 2774 428 1076 2775 197 1078 2776 198 1077 2777 428 1076 2778 424 1079 2779 197 1078 2780 426 1051 2781 197 1078 2782 424 1079 2783 426 1051 2784 424 1079 2785 425 1080 2786 417 1049 2787 426 1051 2788 425 1080 2789 5 7 2790 301 449 2791 6 8 2792 5 7 2793 299 447 2794 301 449 2795 10 12 2796 299 447 2797 5 7 2798 10 12 2799 304 452 2800 299 447 2801 306 454 2802 304 452 2803 10 12 2804 306 454 2805 10 12 2806 12 14 2807 12 14 2808 308 456 2809 306 454 2810 12 14 2811 14 16 2812 308 456 2813 309 457 2814 308 456 2815 14 16 2816 309 457 2817 14 16 2818 15 17 2819 15 17 2820 296 1081 2821 309 457 2822 15 17 2823 2 1082 2824 296 1081 2825 537 1083 2826 39 39 2827 523 1084 2828 104 1085 2829 537 1083 2830 523 1084 2831 104 1085 2832 50 1086 2833 537 1083 2834 102 1087 2835 50 1086 2836 104 1085 2837 102 1087 2838 51 1088 2839 50 1086 2840 102 1087 2841 64 1089 2842 51 1088 2843 102 1087 2844 101 1090 2845 64 1089 2846 63 1091 2847 64 1089 2848 101 1090 2849 63 1091 2850 101 1090 2851 106 1092 2852 108 1093 2853 63 1091 2854 106 1092 2855 108 1093 2856 62 1094 2857 63 1091 2858 61 1095 2859 62 1094 2860 108 1093 2861 61 1095 2862 108 1093 2863 110 1096 2864 60 1097 2865 61 1095 2866 110 1096 2867 60 1097 2868 110 1096 2869 112 1098 2870 114 1099 2871 60 1097 2872 112 1098 2873 114 1099 2874 58 39 2875 60 1097 2876 114 1099 2877 59 39 2878 58 39 2879 114 1099 2880 116 39 2881 59 39 2882 524 1100 2883 59 39 2884 116 39 2885 524 1100 2886 538 1101 2887 59 39 2888 539 1102 2889 538 1101 2890 524 1100 2891 539 1102 2892 540 1103 2893 538 1101 2894 540 1103 2895 539 1102 2896 541 1104 2897 540 1103 2898 541 1104 2899 542 1105 2900 541 1104 2901 543 1106 2902 542 1105 2903 541 1104 2904 544 39 2905 543 1106 2906 543 1106 2907 544 39 2908 545 1107 2909 543 1106 2910 545 1107 2911 546 1108 2912 545 1107 2913 547 1109 2914 546 1108 2915 545 1107 2916 548 1110 2917 547 1109 2918 547 1109 2919 548 1110 2920 36 1111 2921 547 1109 2922 36 1111 2923 46 1112 2924 36 1111 2925 44 1113 2926 46 1112 2927 36 1111 2928 38 1114 2929 44 1113 2930 38 1114 2931 45 1115 2932 44 1113 2933 38 1114 2934 39 39 2935 45 1115 2936 537 1083 2937 45 1115 2938 39 39 2939 494 872 2940 264 566 2941 396 875 2942 494 872 2943 353 564 2944 264 566 2945 493 871 2946 353 564 2947 494 872 2948 493 871 2949 356 569 2950 353 564 2951 357 570 2952 356 569 2953 493 871 2954 357 570 2955 493 871 2956 492 868 2957 492 868 2958 360 573 2959 357 570 2960 492 868 2961 491 867 2962 360 573 2963 361 574 2964 360 573 2965 491 867 2966 361 574 2967 491 867 2968 490 865 2969 490 865 2970 349 1116 2971 361 574 2972 490 865 2973 392 1117 2974 349 1116 2975 549 1118 2976 25 1119 2977 27 1120 2978 549 1118 2979 550 1121 2980 25 1119 2981 25 1119 2982 550 1121 2983 551 1122 2984 25 1119 2985 551 1122 2986 23 1123 2987 23 1123 2988 551 1122 2989 43 1124 2990 23 1123 2991 43 1124 2992 21 1125 2993 43 1124 2994 547 1126 2995 46 846 2996 43 1124 2997 551 1122 2998 547 1126 2999 551 1122 3000 546 1127 3001 547 1126 3002 551 1122 3003 550 1121 3004 546 1127 3005 550 1121 3006 543 1128 3007 546 1127 3008 550 1121 3009 549 1118 3010 543 1128 3011 549 1118 3012 542 1129 3013 543 1128 3014 549 1118 3015 552 1130 3016 542 1129 3017 552 1130 3018 540 1131 3019 542 1129 3020 552 1130 3021 553 1132 3022 540 1131 3023 553 1132 3024 538 1133 3025 540 1131 3026 553 1132 3027 554 1134 3028 538 1133 3029 553 1132 3030 33 1135 3031 554 1134 3032 553 1132 3033 31 1136 3034 33 1135 3035 31 1136 3036 553 1132 3037 552 1130 3038 31 1136 3039 552 1130 3040 29 1137 3041 552 1130 3042 27 1120 3043 29 1137 3044 552 1130 3045 549 1118 3046 27 1120 3047 408 1138 3048 288 1139 3049 287 1140 3050 408 1138 3051 403 1141 3052 288 1139 3053 408 1138 3054 405 1142 3055 403 1141 3056 408 1138 3057 407 1143 3058 405 1142 3059 535 1144 3060 382 639 3061 522 1145 3062 535 1144 3063 384 640 3064 382 639 3065 534 1146 3066 384 640 3067 535 1144 3068 534 1146 3069 385 641 3070 384 640 3071 386 642 3072 385 641 3073 534 1146 3074 386 642 3075 534 1146 3076 533 1147 3077 532 1148 3078 386 642 3079 533 1147 3080 532 1148 3081 387 643 3082 386 642 3083 531 1149 3084 387 643 3085 532 1148 3086 531 1149 3087 388 644 3088 387 643 3089 388 644 3090 531 1149 3091 371 1150 3092 388 644 3093 371 1150 3094 370 645 3095 115 173 3096 379 761 3097 117 175 3098 115 173 3099 430 759 3100 379 761 3101 113 171 3102 430 759 3103 115 173 3104 113 171 3105 433 763 3106 430 759 3107 435 765 3108 433 763 3109 113 171 3110 435 765 3111 113 171 3112 111 169 3113 111 169 3114 437 767 3115 435 765 3116 111 169 3117 109 167 3118 437 767 3119 439 769 3120 437 767 3121 109 167 3122 439 769 3123 109 167 3124 107 165 3125 107 165 3126 376 1151 3127 439 769 3128 107 165 3129 103 1152 3130 376 1151 3131 427 1153 3132 227 1154 3133 218 1155 3134 427 1153 3135 420 1156 3136 227 1154 3137 427 1153 3138 422 1157 3139 420 1156 3140 427 1153 3141 426 1158 3142 422 1157 3143 554 1159 3144 59 948 3145 538 947 3146 554 1159 3147 57 1160 3148 59 948 3149 554 1159 3150 34 1161 3151 57 1160 3152 554 1159 3153 33 1162 3154 34 1161 3155 555 1163 3156 125 1164 3157 443 1165 3158 555 1163 3159 120 1166 3160 125 1164 3161 555 1163 3162 118 1167 3163 120 1166 3164 555 1163 3165 363 1168 3166 118 1167 3167 517 1169 3168 151 1170 3169 455 1171 3170 517 1169 3171 149 1172 3172 151 1170 3173 517 1169 3174 148 1173 3175 149 1172 3176 517 1169 3177 369 1174 3178 148 1173 3179 129 1175 3180 443 1176 3181 133 1177 3182 129 1175 3183 555 1178 3184 443 1176 3185 128 1179 3186 555 1178 3187 129 1175 3188 128 1179 3189 363 1180 3190 555 1178 3191 529 957 3192 524 1181 3193 378 958 3194 529 957 3195 539 1182 3196 524 1181 3197 541 1183 3198 539 1182 3199 529 957 3200 541 1183 3201 529 957 3202 528 956 3203 541 1183 3204 528 956 3205 527 955 3206 541 1183 3207 527 955 3208 544 1184 3209 527 955 3210 545 1185 3211 544 1184 3212 527 955 3213 526 954 3214 545 1185 3215 545 1185 3216 526 954 3217 525 953 3218 545 1185 3219 525 953 3220 548 1186 3221 548 1186 3222 525 953 3223 37 952 3224 548 1186 3225 37 952 3226 36 1187 3227 48 1188 3228 537 1189 3229 50 1190 3230 48 1188 3231 556 1191 3232 537 1189 3233 35 1192 3234 556 1191 3235 48 1188 3236 35 1192 3237 19 1193 3238 556 1191 3239 401 665 3240 454 1194 3241 395 666 3242 401 665 3243 456 1195 3244 454 1194 3245 456 1195 3246 401 665 3247 400 664 3248 456 1195 3249 400 664 3250 458 1196 3251 458 1196 3252 400 664 3253 399 663 3254 458 1196 3255 399 663 3256 461 1197 3257 399 663 3258 463 1198 3259 461 1197 3260 399 663 3261 398 662 3262 463 1198 3263 463 1198 3264 398 662 3265 397 661 3266 463 1198 3267 397 661 3268 465 1199 3269 465 1199 3270 397 661 3271 394 660 3272 465 1199 3273 394 660 3274 466 1200 3275 557 1201 3276 70 599 3277 530 600 3278 557 1201 3279 67 1202 3280 70 599 3281 557 1201 3282 65 1203 3283 67 1202 3284 557 1201 3285 536 1204 3286 65 1203 3287 556 1205 3288 45 1206 3289 537 1207 3290 556 1205 3291 42 1208 3292 45 1206 3293 556 1205 3294 18 1209 3295 42 1208 3296 556 1205 3297 19 1210 3298 18 1209 3299 79 1211 3300 530 1212 3301 80 1213 3302 79 1211 3303 557 1214 3304 530 1212 3305 78 1215 3306 557 1214 3307 79 1211 3308 78 1215 3309 536 1216 3310 557 1214 3311</p>
        </triangles>
      </mesh>
    </geometry>
  </library_geometries>
  <library_controllers>
    <controller id="pickup_powerup_regen_qc_skeleton_pickup_powerup_regen-skin" name="pickup_powerup_regen.qc_skeleton">
      <skin source="#pickup_powerup_regen-mesh">
        <bind_shape_matrix>1 0 0 0 0 1 0 0 0 0 1 0 0 0 0 1</bind_shape_matrix>
        <source id="pickup_powerup_regen_qc_skeleton_pickup_powerup_regen-skin-joints">
          <Name_array id="pickup_powerup_regen_qc_skeleton_pickup_powerup_regen-skin-joints-array" count="1">jnt_spin</Name_array>
          <technique_common>
            <accessor source="#pickup_powerup_regen_qc_skeleton_pickup_powerup_regen-skin-joints-array" count="1" stride="1">
              <param name="JOINT" type="name"/>
            </accessor>
          </technique_common>
        </source>
        <source id="pickup_powerup_regen_qc_skeleton_pickup_powerup_regen-skin-bind_poses">
          <float_array id="pickup_powerup_regen_qc_skeleton_pickup_powerup_regen-skin-bind_poses-array" count="16">0.9985334 0 -0.05413848 0 0 1 0 0 0.05413848 0 0.9985334 0 0 0 0 1</float_array>
          <technique_common>
            <accessor source="#pickup_powerup_regen_qc_skeleton_pickup_powerup_regen-skin-bind_poses-array" count="1" stride="16">
              <param name="TRANSFORM" type="float4x4"/>
            </accessor>
          </technique_common>
        </source>
        <source id="pickup_powerup_regen_qc_skeleton_pickup_powerup_regen-skin-weights">
          <float_array id="pickup_powerup_regen_qc_skeleton_pickup_powerup_regen-skin-weights-array" count="558">1 1 1 1 1 1 1 1 1 1 1 1 1 1 1 1 1 1 1 1 1 1 1 1 1 1 1 1 1 1 1 1 1 1 1 1 1 1 1 1 1 1 1 1 1 1 1 1 1 1 1 1 1 1 1 1 1 1 1 1 1 1 1 1 1 1 1 1 1 1 1 1 1 1 1 1 1 1 1 1 1 1 1 1 1 1 1 1 1 1 1 1 1 1 1 1 1 1 1 1 1 1 1 1 1 1 1 1 1 1 1 1 1 1 1 1 1 1 1 1 1 1 1 1 1 1 1 1 1 1 1 1 1 1 1 1 1 1 1 1 1 1 1 1 1 1 1 1 1 1 1 1 1 1 1 1 1 1 1 1 1 1 1 1 1 1 1 1 1 1 1 1 1 1 1 1 1 1 1 1 1 1 1 1 1 1 1 1 1 1 1 1 1 1 1 1 1 1 1 1 1 1 1 1 1 1 1 1 1 1 1 1 1 1 1 1 1 1 1 1 1 1 1 1 1 1 1 1 1 1 1 1 1 1 1 1 1 1 1 1 1 1 1 1 1 1 1 1 1 1 1 1 1 1 1 1 1 1 1 1 1 1 1 1 1 1 1 1 1 1 1 1 1 1 1 1 1 1 1 1 1 1 1 1 1 1 1 1 1 1 1 1 1 1 1 1 1 1 1 1 1 1 1 1 1 1 1 1 1 1 1 1 1 1 1 1 1 1 1 1 1 1 1 1 1 1 1 1 1 1 1 1 1 1 1 1 1 1 1 1 1 1 1 1 1 1 1 1 1 1 1 1 1 1 1 1 1 1 1 1 1 1 1 1 1 1 1 1 1 1 1 1 1 1 1 1 1 1 1 1 1 1 1 1 1 1 1 1 1 1 1 1 1 1 1 1 1 1 1 1 1 1 1 1 1 1 1 1 1 1 1 1 1 1 1 1 1 1 1 1 1 1 1 1 1 1 1 1 1 1 1 1 1 1 1 1 1 1 1 1 1 1 1 1 1 1 1 1 1 1 1 1 1 1 1 1 1 1 1 1 1 1 1 1 1 1 1 1 1 1 1 1 1 1 1 1 1 1 1 1 1 1 1 1 1 1 1 1 1 1 1 1 1 1 1 1 1 1 1 1 1 1 1 1 1 1 1 1 1 1 1 1 1 1 1 1 1 1 1 1 1 1 1 1 1 1 1 1 1 1 1 1 1 1 1 1 1 1 1 1 1 1 1 1 1 1 1 1 1 1 1 1 1 1 1 1 1 1</float_array>
          <technique_common>
            <accessor source="#pickup_powerup_regen_qc_skeleton_pickup_powerup_regen-skin-weights-array" count="558" stride="1">
              <param name="WEIGHT" type="float"/>
            </accessor>
          </technique_common>
        </source>
        <joints>
          <input semantic="JOINT" source="#pickup_powerup_regen_qc_skeleton_pickup_powerup_regen-skin-joints"/>
          <input semantic="INV_BIND_MATRIX" source="#pickup_powerup_regen_qc_skeleton_pickup_powerup_regen-skin-bind_poses"/>
        </joints>
        <vertex_weights count="558">
          <input semantic="JOINT" source="#pickup_powerup_regen_qc_skeleton_pickup_powerup_regen-skin-joints" offset="0"/>
          <input semantic="WEIGHT" source="#pickup_powerup_regen_qc_skeleton_pickup_powerup_regen-skin-weights" offset="1"/>
          <vcount>1 1 1 1 1 1 1 1 1 1 1 1 1 1 1 1 1 1 1 1 1 1 1 1 1 1 1 1 1 1 1 1 1 1 1 1 1 1 1 1 1 1 1 1 1 1 1 1 1 1 1 1 1 1 1 1 1 1 1 1 1 1 1 1 1 1 1 1 1 1 1 1 1 1 1 1 1 1 1 1 1 1 1 1 1 1 1 1 1 1 1 1 1 1 1 1 1 1 1 1 1 1 1 1 1 1 1 1 1 1 1 1 1 1 1 1 1 1 1 1 1 1 1 1 1 1 1 1 1 1 1 1 1 1 1 1 1 1 1 1 1 1 1 1 1 1 1 1 1 1 1 1 1 1 1 1 1 1 1 1 1 1 1 1 1 1 1 1 1 1 1 1 1 1 1 1 1 1 1 1 1 1 1 1 1 1 1 1 1 1 1 1 1 1 1 1 1 1 1 1 1 1 1 1 1 1 1 1 1 1 1 1 1 1 1 1 1 1 1 1 1 1 1 1 1 1 1 1 1 1 1 1 1 1 1 1 1 1 1 1 1 1 1 1 1 1 1 1 1 1 1 1 1 1 1 1 1 1 1 1 1 1 1 1 1 1 1 1 1 1 1 1 1 1 1 1 1 1 1 1 1 1 1 1 1 1 1 1 1 1 1 1 1 1 1 1 1 1 1 1 1 1 1 1 1 1 1 1 1 1 1 1 1 1 1 1 1 1 1 1 1 1 1 1 1 1 1 1 1 1 1 1 1 1 1 1 1 1 1 1 1 1 1 1 1 1 1 1 1 1 1 1 1 1 1 1 1 1 1 1 1 1 1 1 1 1 1 1 1 1 1 1 1 1 1 1 1 1 1 1 1 1 1 1 1 1 1 1 1 1 1 1 1 1 1 1 1 1 1 1 1 1 1 1 1 1 1 1 1 1 1 1 1 1 1 1 1 1 1 1 1 1 1 1 1 1 1 1 1 1 1 1 1 1 1 1 1 1 1 1 1 1 1 1 1 1 1 1 1 1 1 1 1 1 1 1 1 1 1 1 1 1 1 1 1 1 1 1 1 1 1 1 1 1 1 1 1 1 1 1 1 1 1 1 1 1 1 1 1 1 1 1 1 1 1 1 1 1 1 1 1 1 1 1 1 1 1 1 1 1 1 1 1 1 1 1 1 1 1 1 1 1 1 1 1 1 1 1 1 1 1 1 1 1 1 1 1 1 1 1 1 1 1 1 1 1 1 1 1 1 1 1 1 1 1 1 1 1 </vcount>
          <v>0 0 0 1 0 2 0 3 0 4 0 5 0 6 0 7 0 8 0 9 0 10 0 11 0 12 0 13 0 14 0 15 0 16 0 17 0 18 0 19 0 20 0 21 0 22 0 23 0 24 0 25 0 26 0 27 0 28 0 29 0 30 0 31 0 32 0 33 0 34 0 35 0 36 0 37 0 38 0 39 0 40 0 41 0 42 0 43 0 44 0 45 0 46 0 47 0 48 0 49 0 50 0 51 0 52 0 53 0 54 0 55 0 56 0 57 0 58 0 59 0 60 0 61 0 62 0 63 0 64 0 65 0 66 0 67 0 68 0 69 0 70 0 71 0 72 0 73 0 74 0 75 0 76 0 77 0 78 0 79 0 80 0 81 0 82 0 83 0 84 0 85 0 86 0 87 0 88 0 89 0 90 0 91 0 92 0 93 0 94 0 95 0 96 0 97 0 98 0 99 0 100 0 101 0 102 0 103 0 104 0 105 0 106 0 107 0 108 0 109 0 110 0 111 0 112 0 113 0 114 0 115 0 116 0 117 0 118 0 119 0 120 0 121 0 122 0 123 0 124 0 125 0 126 0 127 0 128 0 129 0 130 0 131 0 132 0 133 0 134 0 135 0 136 0 137 0 138 0 139 0 140 0 141 0 142 0 143 0 144 0 145 0 146 0 147 0 148 0 149 0 150 0 151 0 152 0 153 0 154 0 155 0 156 0 157 0 158 0 159 0 160 0 161 0 162 0 163 0 164 0 165 0 166 0 167 0 168 0 169 0 170 0 171 0 172 0 173 0 174 0 175 0 176 0 177 0 178 0 179 0 180 0 181 0 182 0 183 0 184 0 185 0 186 0 187 0 188 0 189 0 190 0 191 0 192 0 193 0 194 0 195 0 196 0 197 0 198 0 199 0 200 0 201 0 202 0 203 0 204 0 205 0 206 0 207 0 208 0 209 0 210 0 211 0 212 0 213 0 214 0 215 0 216 0 217 0 218 0 219 0 220 0 221 0 222 0 223 0 224 0 225 0 226 0 227 0 228 0 229 0 230 0 231 0 232 0 233 0 234 0 235 0 236 0 237 0 238 0 239 0 240 0 241 0 242 0 243 0 244 0 245 0 246 0 247 0 248 0 249 0 250 0 251 0 252 0 253 0 254 0 255 0 256 0 257 0 258 0 259 0 260 0 261 0 262 0 263 0 264 0 265 0 266 0 267 0 268 0 269 0 270 0 271 0 272 0 273 0 274 0 275 0 276 0 277 0 278 0 279 0 280 0 281 0 282 0 283 0 284 0 285 0 286 0 287 0 288 0 289 0 290 0 291 0 292 0 293 0 294 0 295 0 296 0 297 0 298 0 299 0 300 0 301 0 302 0 303 0 304 0 305 0 306 0 307 0 308 0 309 0 310 0 311 0 312 0 313 0 314 0 315 0 316 0 317 0 318 0 319 0 320 0 321 0 322 0 323 0 324 0 325 0 326 0 327 0 328 0 329 0 330 0 331 0 332 0 333 0 334 0 335 0 336 0 337 0 338 0 339 0 340 0 341 0 342 0 343 0 344 0 345 0 346 0 347 0 348 0 349 0 350 0 351 0 352 0 353 0 354 0 355 0 356 0 357 0 358 0 359 0 360 0 361 0 362 0 363 0 364 0 365 0 366 0 367 0 368 0 369 0 370 0 371 0 372 0 373 0 374 0 375 0 376 0 377 0 378 0 379 0 380 0 381 0 382 0 383 0 384 0 385 0 386 0 387 0 388 0 389 0 390 0 391 0 392 0 393 0 394 0 395 0 396 0 397 0 398 0 399 0 400 0 401 0 402 0 403 0 404 0 405 0 406 0 407 0 408 0 409 0 410 0 411 0 412 0 413 0 414 0 415 0 416 0 417 0 418 0 419 0 420 0 421 0 422 0 423 0 424 0 425 0 426 0 427 0 428 0 429 0 430 0 431 0 432 0 433 0 434 0 435 0 436 0 437 0 438 0 439 0 440 0 441 0 442 0 443 0 444 0 445 0 446 0 447 0 448 0 449 0 450 0 451 0 452 0 453 0 454 0 455 0 456 0 457 0 458 0 459 0 460 0 461 0 462 0 463 0 464 0 465 0 466 0 467 0 468 0 469 0 470 0 471 0 472 0 473 0 474 0 475 0 476 0 477 0 478 0 479 0 480 0 481 0 482 0 483 0 484 0 485 0 486 0 487 0 488 0 489 0 490 0 491 0 492 0 493 0 494 0 495 0 496 0 497 0 498 0 499 0 500 0 501 0 502 0 503 0 504 0 505 0 506 0 507 0 508 0 509 0 510 0 511 0 512 0 513 0 514 0 515 0 516 0 517 0 518 0 519 0 520 0 521 0 522 0 523 0 524 0 525 0 526 0 527 0 528 0 529 0 530 0 531 0 532 0 533 0 534 0 535 0 536 0 537 0 538 0 539 0 540 0 541 0 542 0 543 0 544 0 545 0 546 0 547 0 548 0 549 0 550 0 551 0 552 0 553 0 554 0 555 0 556 0 557</v>
        </vertex_weights>
      </skin>
    </controller>
  </library_controllers>
  <library_animations>
    <animation id="action_container-pickup_powerup_regen_qc_skeleton" name="pickup_powerup_regen.qc_skeleton"/>
  </library_animations>
  <library_visual_scenes>
    <visual_scene id="emitter_qc" name="emitter.qc">
      <node id="pickup_powerup_regen_qc_skeleton" name="pickup_powerup_regen.qc_skeleton" type="NODE">
        <matrix sid="transform">1 0 0 0 0 1 0 0 0 0 1 0 0 0 0 1</matrix>
        <node id="pickup_powerup_regen_qc_skeleton_jnt_spin" name="jnt_spin" sid="jnt_spin" type="JOINT">
          <matrix sid="transform">0.9985334 0 0.05413851 0 0 1 0 0 -0.05413851 0 0.9985334 0 0 0 0 1</matrix>
          <extra>
            <technique profile="blender">
              <layer sid="layer" type="string">0</layer>
              <roll sid="roll" type="float">0.05416494</roll>
              <tip_x sid="tip_x" type="float">0</tip_x>
              <tip_y sid="tip_y" type="float">0.000999987</tip_y>
              <tip_z sid="tip_z" type="float">0</tip_z>
            </technique>
          </extra>
        </node>
        <node id="pickup_powerup_regen" name="pickup_powerup_regen" type="NODE">
          <matrix sid="transform">1 0 0 0 0 1 0 0 0 0 1 0 0 0 0 1</matrix>
          <instance_controller url="#pickup_powerup_regen_qc_skeleton_pickup_powerup_regen-skin">
            <skeleton>#pickup_powerup_regen_qc_skeleton_jnt_spin</skeleton>
            <bind_material>
              <technique_common>
                <instance_material symbol="pickup_powerup_set_new-material" target="#pickup_powerup_set_new-material">
                  <bind_vertex_input semantic="UVMap" input_semantic="TEXCOORD" input_set="0"/>
                </instance_material>
              </technique_common>
            </bind_material>
          </instance_controller>
        </node>
      </node>
    </visual_scene>
  </library_visual_scenes>
  <scene>
    <instance_visual_scene url="#emitter_qc"/>
  </scene>
</COLLADA>